x,t,u_true,u_pinn,abs_error
0,0,0,0.14313800633,0.14313800633
0.0317332595587,0,0.0317279323936,0.154394164681,0.122666232288
0.0634665191174,0,0.0634239241481,0.166148692369,0.102724768221
0.095199778676,0,0.0950560420752,0.178421616554,0.0833655744791
0.126933038235,0,0.126592457294,0.19123159349,0.0646391361952
0.158666297793,0,0.15800139308,0.204594612122,0.0465932190418
0.190399557352,0,0.189251244068,0.218523517251,0.0292722731829
0.222132816911,0,0.220310539007,0.233027875423,0.0127173364162
0.253866076469,0,0.251147985458,0.248113662004,0.0030343234539
0.285599350929,0,0.281732589006,0.263786882162,0.0179457068443
0.317332595587,0,0.312033444643,0.280057072639,0.0319763720036
0.349065840244,0,0.342020124197,0.296948581934,0.045071542263
0.380799114704,0,0.371662467718,0.31451228261,0.0571501851082
0.412532389164,0,0.400930553675,0.332831889391,0.0680986642838
0.444265633821,0,0.42979490757,0.352004408836,0.0777904987335
0.475998878479,0,0.458226531744,0.372082978487,0.086143553257
0.507732152939,0,0.486196756363,0.393013745546,0.0931830108166
0.539465427399,0,0.513677418232,0.414635002613,0.0990424156189
0.571198701859,0,0.540640830994,0.436764627695,0.103876203299
0.602931916714,0,0.567059874535,0.459300041199,0.107759833336
0.634665191174,0,0.592907965183,0.482244372368,0.110663592815
0.666398465633,0,0.618158996105,0.505670845509,0.112488150597
0.698131680489,0,0.642787575722,0.52967518568,0.113112390041
0.729864954948,0,0.666768968105,0.554344296455,0.11242467165
0.761598229408,0,0.690079033375,0.579730451107,0.110348582268
0.793331503868,0,0.712694168091,0.605831623077,0.106862545013
0.825064778328,0,0.734591722488,0.632583618164,0.102008104324
0.856797993183,0,0.755749583244,0.659871101379,0.0958784818649
0.888531267643,0,0.7761464715,0.687559783459,0.0885866880417
0.920264542103,0,0.795761823654,0.715533494949,0.0802283287048
0.951997756958,0,0.814575910568,0.743711531162,0.070864379406
0.983731031418,0,0.83256983757,0.772034227848,0.0605356097221
1.01546430588,0,0.849725425243,0.800422430038,0.0493029952049
1.04719758034,0,0.866025388241,0.828728735447,0.0372966527939
1.0789308548,0,0.88145339489,0.856701135635,0.0247522592545
1.11066412926,0,0.895993828773,0.883970499039,0.0120233297348
1.14239740372,0,0.909632027149,0.910059809685,0.000427782535553
1.17413055897,0,0.922354280949,0.934420228004,0.0120659470558
1.20586383343,0,0.934147834778,0.9564909935,0.0223431587219
1.23759710789,0,0.945000827312,0.975787520409,0.0307866930962
1.26933038235,0,0.954902231693,0.991991043091,0.0370888113976
1.30106365681,0,0.963842153549,1.0049943924,0.0411522388458
1.33279693127,0,0.971811592579,1.01489019394,0.0430786013603
1.36453020573,0,0.978802442551,1.02191913128,0.0431166887283
1.39626336098,0,0.984807729721,1.02641487122,0.0416071414948
1.42799663544,0,0.989821434021,1.02875220776,0.038930773735
1.4597299099,0,0.993838429451,1.02930033207,0.0354619026184
1.49146318436,0,0.996854782104,1.02838003635,0.0315252542496
1.52319645882,0,0.998867332935,1.0262311697,0.0273638367653
1.55492973328,0,0.99987411499,1.022990942,0.0231168270111
1.58666300774,0,0.99987411499,1.01870214939,0.0188280344009
1.6183962822,0,0.998867332935,1.01336157322,0.014494240284
1.65012955666,0,0.996854782104,1.00695478916,0.0101000070572
1.68186283112,0,0.993838429451,0.999287724495,0.00544929504395
1.71359610558,0,0.989821434021,0.9896889925,0.000132441520691
1.74532938004,0,0.984807729721,0.977527737617,0.00727999210358
1.77706253529,0,0.978802442551,0.963575422764,0.0152270197868
1.80879580975,0,0.971811592579,0.949663758278,0.022147834301
1.84052908421,0,0.963842153549,0.936624109745,0.0272180438042
1.87226235867,0,0.954902231693,0.923731088638,0.031171143055
1.90399563313,0,0.945000767708,0.909899771214,0.0351009964943
1.93572890759,0,0.934147834778,0.894626438618,0.0395213961601
1.96746218204,0,0.922354280949,0.877997040749,0.0443572402
1.9991953373,0,0.909631967545,0.860305249691,0.0493267178535
2.03092861176,0,0.895993769169,0.841776013374,0.0542177557945
2.06266188622,0,0.881453335285,0.822492361069,0.0589609742165
2.09439516068,0,0.866025388241,0.802440702915,0.0635846853256
2.12612843513,0,0.849725365639,0.78158134222,0.0681440234184
2.15786170959,0,0.832569777966,0.759902179241,0.0726675987244
2.18959498405,0,0.814575910568,0.737444460392,0.0771314501762
2.22132825851,0,0.79576176405,0.714301407337,0.0814603567123
2.25306153297,0,0.776146352291,0.690604269505,0.0855420827866
2.28479480743,0,0.755749464035,0.666498661041,0.0892508029938
2.31652784348,0,0.734591782093,0.642123401165,0.092468380928
2.34826135635,0,0.712694048882,0.617595911026,0.0950981378555
2.3799943924,0,0.690079033375,0.593006491661,0.0970725417137
2.41172790527,0,0.666768848896,0.568416178226,0.0983526706696
2.44346094131,0,0.642787635326,0.543864548206,0.0989230871201
2.47519421577,0,0.618158996105,0.519374966621,0.0987840294838
2.50692749023,0,0.592907905579,0.494965970516,0.0979419350624
2.53866076469,0,0.56705981493,0.4706569314,0.0964028835297
2.57039403915,0,0.540640771389,0.446476310492,0.0941644608974
2.60212731361,0,0.513677358627,0.422465503216,0.0912118554115
2.63386058807,0,0.486196666956,0.39868029952,0.0875163674355
2.66559386253,0,0.458226442337,0.375193476677,0.0830329656601
2.69732713699,0,0.429794818163,0.352090090513,0.0777047276497
2.72906041145,0,0.400930434465,0.329465478659,0.0714649558067
2.76079368591,0,0.371662318707,0.307419478893,0.0642428398132
2.79252696037,0,0.342020004988,0.286051541567,0.0559684634209
2.82426023483,0,0.312033295631,0.265455275774,0.0465780198574
2.85599327087,0,0.281732618809,0.245712578297,0.0360200405121
2.88772678375,0,0.251147776842,0.2268897295,0.0242580473423
2.91945981979,0,0.220310553908,0.209036767483,0.0112737864256
2.95119309425,0,0.189251244068,0.192183867097,0.00293262302876
2.98292636871,0,0.158001378179,0.176343530416,0.0183421522379
3.01465964317,0,0.126592427492,0.161510929465,0.0349185019732
3.04639291763,0,0.0950560048223,0.147666722536,0.0526107177138
3.07812619209,0,0.0634238645434,0.134779006243,0.0713551416993
3.10985946655,0,0.031727861613,0.122807212174,0.0910793542862
3.14159274101,0,-8.74227765735e-08,0.111704282463,0.11170437187
0,0.0101010100916,0,0.137702047825,0.137702047825
0.0317332595587,0.0101010100916,0.0320484153926,0.148732498288,0.11668407917
0.0634665191174,0.0101010100916,0.0640645697713,0.160252824426,0.0961882546544
0.095199778676,0.0101010100916,0.0960161983967,0.172284409404,0.0762682110071
0.126933038235,0.0101010100916,0.127871155739,0.184847429395,0.0569762736559
0.158666297793,0.0101010100916,0.159597352147,0.197959810495,0.0383624583483
0.190399557352,0.0101010100916,0.191162869334,0.211636275053,0.0204734057188
0.222132816911,0.0101010100916,0.222535893321,0.225888982415,0.00335308909416
0.253866076469,0.0101010100916,0.253684818745,0.240725442767,0.0129593759775
0.285599350929,0.0101010100916,0.284578353167,0.256151735783,0.028426617384
0.317332595587,0.0101010100916,0.315185278654,0.272174298763,0.0430109798908
0.349065840244,0.0101010100916,0.345474869013,0.28880879283,0.0566660761833
0.380799114704,0.0101010100916,0.375416606665,0.306091666222,0.069324940443
0.412532389164,0.0101010100916,0.404980331659,0.32409209013,0.0808882415295
0.444265633821,0.0101010100916,0.434136241674,0.342907488346,0.0912287533283
0.475998878479,0.0101010100916,0.462855070829,0.36262345314,0.100231617689
0.507732152939,0.0101010100916,0.491107821465,0.383244663477,0.107863157988
0.539465427399,0.0101010100916,0.518866062164,0.404654741287,0.114211320877
0.571198701859,0.0101010100916,0.546101808548,0.426666885614,0.119434922934
0.602931916714,0.0101010100916,0.572787702084,0.449133127928,0.123654574156
0.634665191174,0.0101010100916,0.598896920681,0.472010701895,0.126886218786
0.666398465633,0.0101010100916,0.624402999878,0.49534702301,0.129055976868
0.698131680489,0.0101010100916,0.649280369282,0.519232034683,0.130048334599
0.729864954948,0.0101010100916,0.673503994942,0.543757736683,0.129746258259
0.761598229408,0.0101010100916,0.697049498558,0.568992257118,0.12805724144
0.793331503868,0.0101010100916,0.719893038273,0.594957888126,0.124935150146
0.825064778328,0.0101010100916,0.742011785507,0.621616303921,0.120395481586
0.856797993183,0.0101010100916,0.763383388519,0.648871600628,0.114511787891
0.888531267643,0.0101010100916,0.783986270428,0.67659419775,0.107392072678
0.920264542103,0.0101010100916,0.803799808025,0.704659163952,0.0991406440735
0.951997756958,0.0101010100916,0.822803914547,0.732971906662,0.089832007885
0.983731031418,0.0101010100916,0.840979576111,0.761464416981,0.0795151591301
1.01546430588,0.0101010100916,0.858308494091,0.79006177187,0.0682467222214
1.04719758034,0.0101010100916,0.874773085117,0.818632662296,0.056140422821
1.0789308548,0.0101010100916,0.890356898308,0.846945524216,0.0434113740921
1.11066412926,0.0101010100916,0.905044198036,0.874648749828,0.0303954482079
1.14239740372,0.0101010100916,0.918820202351,0.901275634766,0.017544567585
1.17413055897,0.0101010100916,0.931670963764,0.926274180412,0.0053967833519
1.20586383343,0.0101010100916,0.943583607674,0.949063718319,0.00548011064529
1.23759710789,0.0101010100916,0.954546272755,0.969120562077,0.0145742893219
1.26933038235,0.0101010100916,0.964547634125,0.98607647419,0.021528840065
1.30106365681,0.0101010100916,0.973577857018,0.999781727791,0.0262038707733
1.33279693127,0.0101010100916,0.981627821922,1.01030182838,0.0286740064621
1.36453020573,0.0101010100916,0.988689303398,1.01786673069,0.0291774272919
1.39626336098,0.0101010100916,0.994755208492,1.02280938625,0.0280541777611
1.42799663544,0.0101010100916,0.99981957674,1.02550840378,0.0256888270378
1.4597299099,0.0101010100916,1.00387716293,1.02633869648,0.0224615335464
1.49146318436,0.0101010100916,1.00692391396,1.02562463284,0.0187007188797
1.52319645882,0.0101010100916,1.00895690918,1.02360522747,0.0146483182907
1.55492973328,0.0101010100916,1.00997376442,1.02041387558,0.0104401111603
1.58666300774,0.0101010100916,1.00997376442,1.01609575748,0.00612199306488
1.6183962822,0.0101010100916,1.00895690918,1.01065909863,0.0017021894455
1.65012955666,0.0101010100916,1.00692391396,1.00408554077,0.0028383731842
1.68186283112,0.0101010100916,1.00387716293,0.996108174324,0.00776898860931
1.71359610558,0.0101010100916,0.99981957674,0.985984861851,0.0138347148895
1.74532938004,0.0101010100916,0.994755208492,0.973291277885,0.0214639306068
1.77706253529,0.0101010100916,0.988689303398,0.959158957005,0.0295303463936
1.80879580975,0.0101010100916,0.981627821922,0.945390403271,0.0362374186516
1.84052908421,0.0101010100916,0.973577857018,0.932454586029,0.0411232709885
1.87226235867,0.0101010100916,0.964547634125,0.9194226861,0.0451249480247
1.90399563313,0.0101010100916,0.95454621315,0.905278146267,0.0492680668831
1.93572890759,0.0101010100916,0.943583607674,0.889662265778,0.0539213418961
1.96746218204,0.0101010100916,0.931670963764,0.87274068594,0.0589302778244
1.9991953373,0.0101010100916,0.918820142746,0.854809999466,0.06401014328
2.03092861176,0.0101010100916,0.905044138432,0.836066544056,0.0689775943756
2.06266188622,0.0101010100916,0.890356838703,0.816566824913,0.0737900137901
2.09439516068,0.0101010100916,0.874773085117,0.796287178993,0.0784859061241
2.12612843513,0.0101010100916,0.858308434486,0.775192260742,0.0831161737442
2.15786170959,0.0101010100916,0.840979516506,0.753283500671,0.0876960158348
2.18959498405,0.0101010100916,0.822803914547,0.7306163311,0.0921875834465
2.22132825851,0.0101010100916,0.803799748421,0.707295358181,0.0965043902397
2.25306153297,0.0101010100916,0.783986151218,0.68345618248,0.100529968739
2.28479480743,0.0101010100916,0.76338326931,0.659241855145,0.104141414165
2.31652784348,0.0101010100916,0.742011845112,0.634784698486,0.107227146626
2.34826135635,0.0101010100916,0.719892919064,0.610192060471,0.109700858593
2.3799943924,0.0101010100916,0.697049498558,0.585545063019,0.111504435539
2.41172790527,0.0101010100916,0.673503875732,0.560896635056,0.112607240677
2.44346094131,0.0101010100916,0.649280428886,0.536281764507,0.112998664379
2.47519421577,0.0101010100916,0.624402999878,0.511722564697,0.112680435181
2.50692749023,0.0101010100916,0.598896861076,0.487238794565,0.111658066511
2.53866076469,0.0101010100916,0.572787642479,0.46285533905,0.109932303429
2.57039403915,0.0101010100916,0.546101748943,0.438607215881,0.107494533062
2.60212731361,0.0101010100916,0.51886600256,0.414543926716,0.104322075844
2.63386058807,0.0101010100916,0.491107732058,0.390730202198,0.10037752986
2.66559386253,0.0101010100916,0.462854981422,0.367246508598,0.0956084728241
2.69732713699,0.0101010100916,0.434136152267,0.344185054302,0.0899510979652
2.72906041145,0.0101010100916,0.40498021245,0.321645855904,0.0833343565464
2.76079368591,0.0101010100916,0.375416457653,0.299731552601,0.0756849050522
2.79252696037,0.0101010100916,0.345474749804,0.278541177511,0.0669335722923
2.82426023483,0.0101010100916,0.315185129642,0.258165597916,0.0570195317268
2.85599327087,0.0101010100916,0.284578382969,0.238681733608,0.0458966493607
2.88772678375,0.0101010100916,0.253684610128,0.220149546862,0.0335350632668
2.91945981979,0.0101010100916,0.222535908222,0.202611595392,0.01992431283
2.95119309425,0.0101010100916,0.191162869334,0.186090424657,0.00507244467735
2.98292636871,0.0101010100916,0.159597337246,0.170590028167,0.0109926909208
3.01465964317,0.0101010100916,0.127871125937,0.156099423766,0.0282282978296
3.04639291763,0.0101010100916,0.0960161611438,0.142592847347,0.0465766862035
3.07812619209,0.0101010100916,0.0640645101666,0.130033716559,0.0659692063928
3.10985946655,0.0101010100916,0.0320483446121,0.11837760359,0.0863292589784
3.14159274101,0.0101010100916,-8.83058319801e-08,0.107574291527,0.107574380934
0,0.0202020201832,0,0.132367819548,0.132367819548
0.0317332595587,0.0202020201832,0.032368902117,0.143176168203,0.110807269812
0.0634665191174,0.0202020201832,0.0647052153945,0.154465019703,0.0897598043084
0.095199778676,0.0202020201832,0.0969763696194,0.166256919503,0.0692805498838
0.126933038235,0.0202020201832,0.129149883986,0.178573533893,0.0494236499071
0.158666297793,0.0202020201832,0.161193341017,0.191434457898,0.0302411168814
0.190399557352,0.0202020201832,0.193074509501,0.204856872559,0.0117823630571
0.222132816911,0.0202020201832,0.224761262536,0.218854516745,0.00590674579144
0.253866076469,0.0202020201832,0.256221681833,0.233437776566,0.0227839052677
0.285599350929,0.0202020201832,0.287424176931,0.248613327742,0.0388108491898
0.317332595587,0.0202020201832,0.318337142467,0.264386892319,0.0539502501488
0.349065840244,0.0202020201832,0.348929613829,0.280768454075,0.0681611597538
0.380799114704,0.0202020201832,0.379170805216,0.29778188467,0.0813889205456
0.412532389164,0.0202020201832,0.409030169249,0.315480321646,0.0935498476028
0.444265633821,0.0202020201832,0.438477635384,0.333951145411,0.104526489973
0.475998878479,0.0202020201832,0.467483639717,0.353295952082,0.114187687635
0.507732152939,0.0202020201832,0.496018916368,0.373569101095,0.122449815273
0.539465427399,0.0202020201832,0.524054765701,0.394713133574,0.129341632128
0.571198701859,0.0202020201832,0.551562905312,0.41656216979,0.135000735521
0.602931916714,0.0202020201832,0.578515648842,0.438937038183,0.139578610659
0.634665191174,0.0202020201832,0.604885935783,0.461744517088,0.143141418695
0.666398465633,0.0202020201832,0.630647063255,0.484996855259,0.145650207996
0.698131680489,0.0202020201832,0.655773222446,0.5087698102,0.147003412247
0.729864954948,0.0202020201832,0.680239081383,0.533156394958,0.147082686424
0.761598229408,0.0202020201832,0.704020023346,0.558236539364,0.145783483982
0.793331503868,0.0202020201832,0.727092027664,0.584053039551,0.143038988113
0.825064778328,0.0202020201832,0.749431967735,0.610593736172,0.138838231564
0.856797993183,0.0202020201832,0.771017253399,0.637785375118,0.133231878281
0.888531267643,0.0202020201832,0.791826188564,0.665510416031,0.126315772533
0.920264542103,0.0202020201832,0.811837852001,0.693639099598,0.118198752403
0.951997756958,0.0202020201832,0.83103197813,0.722064852715,0.108967125416
0.983731031418,0.0202020201832,0.849389433861,0.750709235668,0.0986801981926
1.01546430588,0.0202020201832,0.866891622543,0.779498338699,0.087393283844
1.04719758034,0.0202020201832,0.883520841599,0.808313548565,0.0752072930336
1.0789308548,0.0202020201832,0.89926058054,0.836943924427,0.0623166561127
1.11066412926,0.0202020201832,0.914094746113,0.865058720112,0.049036026001
1.14239740372,0.0202020201832,0.928008437157,0.892203450203,0.0358049869537
1.17413055897,0.0202020201832,0.940987706184,0.917826771736,0.0231609344482
1.20586383343,0.0202020201832,0.953019499779,0.941330850124,0.0116886496544
1.23759710789,0.0202020201832,0.964091777802,0.962155640125,0.00193613767624
1.26933038235,0.0202020201832,0.97419321537,0.979882478714,0.00568926334381
1.30106365681,0.0202020201832,0.9833137393,0.994312524796,0.0109987854958
1.33279693127,0.0202020201832,0.991444170475,1.00547993183,0.0140357613564
1.36453020573,0.0202020201832,0.99857622385,1.01360154152,0.0150253176689
1.39626336098,0.0202020201832,1.00470280647,1.01900804043,0.0143052339554
1.42799663544,0.0202020201832,1.00981783867,1.02208185196,0.0122640132904
1.4597299099,0.0202020201832,1.01391601562,1.02320206165,0.00928604602814
1.49146318436,0.0202020201832,1.01699328423,1.02269637585,0.0057030916214
1.52319645882,0.0202020201832,1.01904654503,1.0208029747,0.00175642967224
1.55492973328,0.0202020201832,1.02007365227,1.01765358448,0.00242006778717
1.58666300774,0.0202020201832,1.02007365227,1.01329755783,0.00677609443665
1.6183962822,0.0202020201832,1.01904654503,1.00775527954,0.0112912654877
1.65012955666,0.0202020201832,1.01699328423,1.00099551678,0.0159977674484
1.68186283112,0.0202020201832,1.01391601562,0.992663919926,0.0212520956993
1.71359610558,0.0202020201832,1.00981783867,0.981986343861,0.0278314948082
1.74532938004,0.0202020201832,1.00470280647,0.968814074993,0.0358887314796
1.77706253529,0.0202020201832,0.99857622385,0.954598844051,0.0439773797989
1.80879580975,0.0202020201832,0.991444170475,0.941005468369,0.0504387021065
1.84052908421,0.0202020201832,0.9833137393,0.928134322166,0.0551794171333
1.87226235867,0.0202020201832,0.97419321537,0.91491574049,0.0592774748802
1.90399563313,0.0202020201832,0.964091718197,0.900438785553,0.0636529326439
1.93572890759,0.0202020201832,0.953019499779,0.884485661983,0.0685338377953
1.96746218204,0.0202020201832,0.940987706184,0.86728322506,0.0737044811249
1.9991953373,0.0202020201832,0.928008377552,0.849120736122,0.0788876414299
2.03092861176,0.0202020201832,0.914094686508,0.830163240433,0.0839314460754
2.06266188622,0.0202020201832,0.899260520935,0.810444414616,0.0888161063194
2.09439516068,0.0202020201832,0.883520841599,0.789934158325,0.0935866832733
2.12612843513,0.0202020201832,0.866891562939,0.768605291843,0.0982862710953
2.15786170959,0.0202020201832,0.849389374256,0.746472597122,0.102916777134
2.18959498405,0.0202020201832,0.83103197813,0.723606169224,0.107425808907
2.22132825851,0.0202020201832,0.811837792397,0.700119972229,0.111717820168
2.25306153297,0.0202020201832,0.791826069355,0.676151633263,0.115674436092
2.28479480743,0.0202020201832,0.77101713419,0.651839852333,0.119177281857
2.31652784348,0.0202020201832,0.74943202734,0.627308487892,0.122123539448
2.34826135635,0.0202020201832,0.727091908455,0.602655410767,0.124436497688
2.3799943924,0.0202020201832,0.704020023346,0.57795214653,0.126067876816
2.41172790527,0.0202020201832,0.680238962173,0.553244888783,0.126994073391
2.44346094131,0.0202020201832,0.655773282051,0.528565108776,0.127208173275
2.47519421577,0.0202020201832,0.630647063255,0.503934621811,0.126712441444
2.50692749023,0.0202020201832,0.604885876179,0.479376554489,0.12550932169
2.53866076469,0.0202020201832,0.578515589237,0.454921543598,0.123594045639
2.57039403915,0.0202020201832,0.551562845707,0.430612027645,0.120950818062
2.60212731361,0.0202020201832,0.524054706097,0.406506121159,0.117548584938
2.63386058807,0.0202020201832,0.496018826962,0.382677912712,0.113340914249
2.66559386253,0.0202020201832,0.46748355031,0.35921511054,0.10826843977
2.69732713699,0.0202020201832,0.438477545977,0.336216121912,0.102261424065
2.72906041145,0.0202020201832,0.409030050039,0.313785254955,0.095244795084
2.76079368591,0.0202020201832,0.379170656204,0.292025953531,0.087144702673
2.79252696037,0.0202020201832,0.348929494619,0.271036475897,0.0778930187225
2.82426023483,0.0202020201832,0.318336993456,0.250903189182,0.0674338042736
2.85599327087,0.0202020201832,0.287424206734,0.231698006392,0.0557262003422
2.88772678375,0.0202020201832,0.256221473217,0.213473111391,0.0427483618259
2.91945981979,0.0202020201832,0.224761277437,0.196263462305,0.0284978151321
2.95119309425,0.0202020201832,0.193074509501,0.180083423853,0.0129910856485
2.98292636871,0.0202020201832,0.161193326116,0.164929673076,0.00373634696007
3.01465964317,0.0202020201832,0.129149854183,0.150784507394,0.0216346532106
3.04639291763,0.0202020201832,0.0969763323665,0.137616410851,0.040640078485
3.07812619209,0.0202020201832,0.0647051557899,0.125384494662,0.0606793388724
3.10985946655,0.0202020201832,0.0323688276112,0.114041045308,0.0816722214222
3.14159274101,0.0202020201832,-8.91888944921e-08,0.103533551097,0.103533640504
0,0.0303030312061,0,0.127134114504,0.127134114504
0.0317332595587,0.0303030312061,0.0326893851161,0.137724399567,0.105035014451
0.0634665191174,0.0303030312061,0.0653458610177,0.148785173893,0.0834393128753
0.095199778676,0.0303030312061,0.0979365259409,0.160339847207,0.0624033212662
0.126933038235,0.0303030312061,0.13042858243,0.172411128879,0.0419825464487
0.158666297793,0.0303030312061,0.162789314985,0.185020744801,0.0222314298153
0.190399557352,0.0303030312061,0.194986119866,0.198187574744,0.00320145487785
0.222132816911,0.0303030312061,0.22698661685,0.211927756667,0.0150588601828
0.253866076469,0.0303030312061,0.25875851512,0.226253926754,0.0325045883656
0.285599350929,0.0303030312061,0.290269941092,0.241174936295,0.049095004797
0.317332595587,0.0303030312061,0.321489006281,0.256696671247,0.0647923350334
0.349065840244,0.0303030312061,0.352384358644,0.272825479507,0.079558879137
0.380799114704,0.0303030312061,0.382924944162,0.289577066898,0.093347877264
0.412532389164,0.0303030312061,0.413079947233,0.306989014149,0.106090933084
0.444265633821,0.0303030312061,0.442818969488,0.325132966042,0.117686003447
0.475998878479,0.0303030312061,0.472112178802,0.344110876322,0.128001302481
0.507732152939,0.0303030312061,0.500929951668,0.364011794329,0.136918157339
0.539465427399,0.0303030312061,0.529243409634,0.384839266539,0.144404143095
0.571198701859,0.0303030312061,0.557023882866,0.406471848488,0.150552034378
0.602931916714,0.0303030312061,0.584243476391,0.428722023964,0.155521452427
0.634665191174,0.0303030312061,0.610874831676,0.451448559761,0.159426271915
0.666398465633,0.0303030312061,0.636891067028,0.474619299173,0.162271767855
0.698131680489,0.0303030312061,0.662265956402,0.498287260532,0.163978695869
0.729864954948,0.0303030312061,0.686974048615,0.522541165352,0.164432883263
0.761598229408,0.0303030312061,0.710990488529,0.54746723175,0.163523256779
0.793331503868,0.0303030312061,0.734290957451,0.573125183582,0.161165773869
0.825064778328,0.0303030312061,0.756852030754,0.599527835846,0.157324194908
0.856797993183,0.0303030312061,0.778651058674,0.626626849174,0.152024209499
0.888531267643,0.0303030312061,0.799666047096,0.654321491718,0.145344555378
0.920264542103,0.0303030312061,0.819875776768,0.682484745979,0.137391030788
0.951997756958,0.0303030312061,0.839259982109,0.710999071598,0.128260910511
0.983731031418,0.0303030312061,0.857799232006,0.739775419235,0.118023812771
1.01546430588,0.0303030312061,0.875474631786,0.768736600876,0.10673803091
1.04719758034,0.0303030312061,0.892268538475,0.797775030136,0.0944935083389
1.0789308548,0.0303030312061,0.908164083958,0.826699972153,0.081464111805
1.11066412926,0.0303030312061,0.923145115376,0.855201601982,0.0679435133934
1.14239740372,0.0303030312061,0.937196612358,0.882842183113,0.054354429245
1.17413055897,0.0303030312061,0.950304389,0.909073412418,0.0412309765816
1.20586383343,0.0303030312061,0.962455332279,0.933285236359,0.0291700959206
1.23759710789,0.0303030312061,0.973637163639,0.95488345623,0.0187537074089
1.26933038235,0.0303030312061,0.983838617802,0.973397612572,0.0104410052299
1.30106365681,0.0303030312061,0.993049442768,0.988576471806,0.00447297096252
1.33279693127,0.0303030312061,1.00126039982,1.00041532516,0.000845074653625
1.36453020573,0.0303030312061,1.0084631443,1.00911462307,0.000651478767395
1.39626336098,0.0303030312061,1.01465034485,1.01500165462,0.000351309776306
1.42799663544,0.0303030312061,1.01981604099,1.01846194267,0.00135409832001
1.4597299099,0.0303030312061,1.02395474911,1.01987862587,0.00407612323761
1.49146318436,0.0303030312061,1.02706241608,1.01958203316,0.00748038291931
1.52319645882,0.0303030312061,1.02913606167,1.01780939102,0.0113266706467
1.55492973328,0.0303030312061,1.0301733017,1.0146933794,0.0154799222946
1.58666300774,0.0303030312061,1.0301733017,1.01028978825,0.0198835134506
1.6183962822,0.0303030312061,1.02913606167,1.00463187695,0.0245041847229
1.65012955666,0.0303030312061,1.02706241608,0.997661828995,0.0294005870819
1.68186283112,0.0303030312061,1.02395474911,0.988931238651,0.0350235104561
1.71359610558,0.0303030312061,1.01981604099,0.977685391903,0.0421306490898
1.74532938004,0.0303030312061,1.01465034485,0.964109480381,0.0505408644676
1.77706253529,0.0303030312061,1.0084631443,0.949903488159,0.0585596561432
1.80879580975,0.0303030312061,1.00126039982,0.93649995327,0.0647604465485
1.84052908421,0.0303030312061,0.993049442768,0.923645913601,0.0694035291672
1.87226235867,0.0303030312061,0.983838617802,0.910196483135,0.0736421346664
1.90399563313,0.0303030312061,0.973637104034,0.895374715328,0.0782623887062
1.93572890759,0.0303030312061,0.962455332279,0.879092693329,0.0833626389503
1.96746218204,0.0303030312061,0.950304389,0.861621081829,0.0886833071709
1.9991953373,0.0303030312061,0.937196552753,0.843232393265,0.0939641594887
2.03092861176,0.0303030312061,0.923145055771,0.824060320854,0.0990847349167
2.06266188622,0.0303030312061,0.908164024353,0.804119467735,0.104044556618
2.09439516068,0.0303030312061,0.892268538475,0.783377170563,0.108891367912
2.12612843513,0.0303030312061,0.875474572182,0.761816740036,0.113657832146
2.15786170959,0.0303030312061,0.857799112797,0.739468455315,0.118330657482
2.18959498405,0.0303030312061,0.839259982109,0.716414809227,0.122845172882
2.22132825851,0.0303030312061,0.819875717163,0.692776679993,0.12709903717
2.25306153297,0.0303030312061,0.799665927887,0.668691575527,0.13097435236
2.28479480743,0.0303030312061,0.778650939465,0.644292473793,0.134358465672
2.31652784348,0.0303030312061,0.756852090359,0.619694054127,0.137158036232
2.34826135635,0.0303030312061,0.734290838242,0.594983994961,0.139306843281
2.3799943924,0.0303030312061,0.710990488529,0.570225119591,0.140765368938
2.41172790527,0.0303030312061,0.686973929405,0.54545789957,0.141516029835
2.44346094131,0.0303030312061,0.662266016006,0.52071160078,0.141554415226
2.47519421577,0.0303030312061,0.636891067028,0.4960090518,0.140882015228
2.50692749023,0.0303030312061,0.610874772072,0.471377789974,0.139496982098
2.53866076469,0.0303030312061,0.584243416786,0.446855455637,0.137387961149
2.57039403915,0.0303030312061,0.557023823261,0.422492474318,0.134531348944
2.60212731361,0.0303030312061,0.529243350029,0.398356467485,0.130886882544
2.63386058807,0.0303030312061,0.500929892063,0.374529510736,0.126400381327
2.66559386253,0.0303030312061,0.472112089396,0.351107001305,0.121005088091
2.69732713699,0.0303030312061,0.442818880081,0.328192800283,0.114626079798
2.72906041145,0.0303030312061,0.413079828024,0.305893570185,0.107186257839
2.76079368591,0.0303030312061,0.382924795151,0.284313619137,0.0986111760139
2.79252696037,0.0303030312061,0.352384239435,0.263548076153,0.0888361632824
2.82426023483,0.0303030312061,0.321488827467,0.243678808212,0.0778100192547
2.85599327087,0.0303030312061,0.290269970894,0.22477042675,0.0654995441437
2.88772678375,0.0303030312061,0.258758306503,0.206868261099,0.0518900454044
2.91945981979,0.0303030312061,0.226986631751,0.189998745918,0.0369878858328
2.95119309425,0.0303030312061,0.194986119866,0.174168154597,0.0208179652691
2.98292636871,0.0303030312061,0.162789300084,0.159366339445,0.003422960639
3.01465964317,0.0303030312061,0.130428552628,0.145568743348,0.0151401907206
3.04639291763,0.0303030312061,0.097936488688,0.132738873363,0.0348023846745
3.07812619209,0.0303030312061,0.0653458014131,0.120831884444,0.0554860830307
3.10985946655,0.0303030312061,0.0326893106103,0.109797433019,0.0771081224084
3.14159274101,0.0303030312061,-9.00719498986e-08,0.0995810925961,0.099581182003
0,0.0404040403664,0,0.121999539435,0.121999539435
0.0317332595587,0.0404040403664,0.0330098718405,0.132376119494,0.099366247654
0.0634665191174,0.0404040403664,0.0659865066409,0.143212482333,0.0772259756923
0.095199778676,0.0404040403664,0.0988966971636,0.154532924294,0.0556362271309
0.126933038235,0.0404040403664,0.131707310677,0.166361182928,0.0346538722515
0.158666297793,0.0404040403664,0.164385288954,0.178720191121,0.0143349021673
0.190399557352,0.0404040403664,0.196897760034,0.191631093621,0.00526666641235
0.222132816911,0.0404040403664,0.229211986065,0.205111786723,0.0241001993418
0.253866076469,0.0404040403664,0.261295378208,0.219177782536,0.0421175956726
0.285599350929,0.0404040403664,0.293115735054,0.233840227127,0.0592755079269
0.317332595587,0.0404040403664,0.324640870094,0.249105960131,0.0755349099636
0.349065840244,0.0404040403664,0.355839133263,0.264980912209,0.0908582210541
0.380799114704,0.0404040403664,0.386679142714,0.281474649906,0.105204492807
0.412532389164,0.0404040403664,0.417129784822,0.298611730337,0.118518054485
0.444265633821,0.0404040403664,0.447160363197,0.316447019577,0.13071334362
0.475998878479,0.0404040403664,0.47674074769,0.335071533918,0.141669213772
0.507732152939,0.0404040403664,0.505841076374,0.35459125042,0.151249825954
0.539465427399,0.0404040403664,0.534432053566,0.375062137842,0.159369915724
0.571198701859,0.0404040403664,0.562484920025,0.39642265439,0.166062265635
0.602931916714,0.0404040403664,0.589971423149,0.418503403664,0.171468019485
0.634665191174,0.0404040403664,0.616863846779,0.441128909588,0.175734937191
0.666398465633,0.0404040403664,0.643135130405,0.464215666056,0.17891946435
0.698131680489,0.0404040403664,0.668758809566,0.48778411746,0.180974692106
0.729864954948,0.0404040403664,0.693709135056,0.511911332607,0.181797802448
0.761598229408,0.0404040403664,0.717961013317,0.53668653965,0.181274473667
0.793331503868,0.0404040403664,0.741489946842,0.562181472778,0.179308474064
0.825064778328,0.0404040403664,0.764272212982,0.58843010664,0.175842106342
0.856797993183,0.0404040403664,0.786284923553,0.615410447121,0.170874476433
0.888531267643,0.0404040403664,0.807505965233,0.643042564392,0.164463400841
0.920264542103,0.0404040403664,0.827913820744,0.67120808363,0.156705737114
0.951997756958,0.0404040403664,0.847488105297,0.699783980846,0.147704124451
0.983731031418,0.0404040403664,0.866209030151,0.728669822216,0.137539207935
1.01546430588,0.0404040403664,0.884057819843,0.75778311491,0.126274704933
1.04719758034,0.0404040403664,0.901016354561,0.78702300787,0.113993346691
1.0789308548,0.0404040403664,0.917067706585,0.816217899323,0.100849807262
1.11066412926,0.0404040403664,0.932195663452,0.845080912113,0.087114751339
1.14239740372,0.0404040403664,0.946384847164,0.873192191124,0.0731926560402
1.17413055897,0.0404040403664,0.95962113142,0.900011897087,0.059609234333
1.20586383343,0.0404040403664,0.971891224384,0.924920916557,0.046970307827
1.23759710789,0.0404040403664,0.983182728291,0.947294473648,0.0358882546425
1.26933038235,0.0404040403664,0.993484199047,0.966611504555,0.0268726944923
1.30106365681,0.0404040403664,1.00278532505,0.982562184334,0.0202231407166
1.33279693127,0.0404040403664,1.01107668877,0.995097994804,0.0159786939621
1.36453020573,0.0404040403664,1.01835000515,1.00439667702,0.0139533281326
1.39626336098,0.0404040403664,1.02459800243,1.01078081131,0.013817191124
1.42799663544,0.0404040403664,1.02981424332,1.01463830471,0.0151759386063
1.4597299099,0.0404040403664,1.0339936018,1.0163564682,0.0176371335983
1.49146318436,0.0404040403664,1.03713178635,1.01626741886,0.020864367485
1.52319645882,0.0404040403664,1.03922569752,1.01460850239,0.0246171951294
1.55492973328,0.0404040403664,1.04027307034,1.01151490211,0.0287581682205
1.58666300774,0.0404040403664,1.04027307034,1.00705373287,0.0332193374634
1.6183962822,0.0404040403664,1.03922569752,1.00126826763,0.0379574298859
1.65012955666,0.0404040403664,1.03713178635,0.994059920311,0.0430718660355
1.68186283112,0.0404040403664,1.0339936018,0.984887361526,0.0491062402725
1.71359610558,0.0404040403664,1.02981424332,0.973079442978,0.0567348003387
1.74532938004,0.0404040403664,1.02459800243,0.959191799164,0.06540620327
1.77706253529,0.0404040403664,1.01835000515,0.945078670979,0.0732713341713
1.80879580975,0.0404040403664,1.01107668877,0.931860566139,0.0792161226273
1.84052908421,0.0404040403664,1.00278532505,0.918970763683,0.083814561367
1.87226235867,0.0404040403664,0.993484199047,0.905252575874,0.0882316231728
1.90399563313,0.0404040403664,0.983182668686,0.890079438686,0.0931032299995
1.93572890759,0.0404040403664,0.971891224384,0.873479425907,0.0984117984772
1.96746218204,0.0404040403664,0.95962113142,0.855749964714,0.103871166706
1.9991953373,0.0404040403664,0.94638478756,0.83713966608,0.109245121479
2.03092861176,0.0404040403664,0.932195603848,0.81775188446,0.114443719387
2.06266188622,0.0404040403664,0.91706764698,0.797586143017,0.119481503963
2.09439516068,0.0404040403664,0.901016354561,0.776612222195,0.124404132366
2.12612843513,0.0404040403664,0.884057760239,0.754825115204,0.129232645035
2.15786170959,0.0404040403664,0.866208970547,0.732270658016,0.133938312531
2.18959498405,0.0404040403664,0.847488105297,0.709042489529,0.138445615768
2.22132825851,0.0404040403664,0.827913761139,0.685266137123,0.142647624016
2.25306153297,0.0404040403664,0.807505846024,0.661076724529,0.146429121494
2.28479480743,0.0404040403664,0.786284804344,0.636600077152,0.149684727192
2.31652784348,0.0404040403664,0.764272272587,0.611940443516,0.152331829071
2.34826135635,0.0404040403664,0.741489768028,0.587175965309,0.154313802719
2.3799943924,0.0404040403664,0.717961013317,0.562361359596,0.155599653721
2.41172790527,0.0404040403664,0.693709015846,0.537532806396,0.15617620945
2.44346094131,0.0404040403664,0.668758869171,0.512718200684,0.156040668488
2.47519421577,0.0404040403664,0.643135130405,0.487943649292,0.155191481113
2.50692749023,0.0404040403664,0.616863787174,0.463242173195,0.153621613979
2.53866076469,0.0404040403664,0.589971363544,0.43865814805,0.151313215494
2.57039403915,0.0404040403664,0.56248486042,0.414252251387,0.148232609034
2.60212731361,0.0404040403664,0.534431993961,0.390100002289,0.144331991673
2.63386058807,0.0404040403664,0.505841016769,0.366292417049,0.13954859972
2.66559386253,0.0404040403664,0.476740658283,0.342931479216,0.133809179068
2.69732713699,0.0404040403664,0.44716027379,0.320125341415,0.127034932375
2.72906041145,0.0404040403664,0.417129665613,0.297982573509,0.119147092104
2.76079368591,0.0404040403664,0.386678993702,0.276605993509,0.110073000193
2.79252696037,0.0404040403664,0.355839014053,0.256087183952,0.099751830101
2.82426023483,0.0404040403664,0.324640721083,0.236502110958,0.0881386101246
2.85599327087,0.0404040403664,0.293115764856,0.217908412218,0.0752073526382
2.88772678375,0.0404040403664,0.261295169592,0.200342833996,0.0609523355961
2.91945981979,0.0404040403664,0.229212000966,0.183823853731,0.0453881472349
2.95119309425,0.0404040403664,0.196897760034,0.168349519372,0.0285482406616
2.98292636871,0.0404040403664,0.164385274053,0.153903067112,0.0104822069407
3.01465964317,0.0404040403664,0.131707280874,0.140453979373,0.00874669849873
3.04639291763,0.0404040403664,0.0988966524601,0.12796112895,0.02906447649
3.07812619209,0.0404040403664,0.0659864470363,0.116376258433,0.0503898113966
3.10985946655,0.0404040403664,0.0330097973347,0.105646505952,0.0726367086172
3.14159274101,0.0404040403664,-9.09550124106e-08,0.0957160666585,0.0957161560655
0,0.0505050495267,0,0.11696215719,0.11696215719
0.0317332595587,0.0505050495267,0.0333303511143,0.127129897475,0.093799546361
0.0634665191174,0.0505050495267,0.0666271522641,0.137746214867,0.0711190626025
0.095199778676,0.0505050495267,0.0998568534851,0.14883595705,0.0489791035652
0.126933038235,0.0505050495267,0.132986009121,0.160423725843,0.0274377167225
0.158666297793,0.0505050495267,0.165981262922,0.172533884645,0.00655262172222
0.190399557352,0.0505050495267,0.1988093853,0.18518897891,0.0136204063892
0.222132816911,0.0505050495267,0.231437325478,0.198409453034,0.0330278724432
0.253866076469,0.0505050495267,0.263832211494,0.212212726474,0.0516194850206
0.285599350929,0.0505050495267,0.295961499214,0.226612389088,0.0693491101265
0.317332595587,0.0505050495267,0.327792704105,0.241618201137,0.0861745029688
0.349065840244,0.0505050495267,0.359293878078,0.257235884666,0.102057993412
0.380799114704,0.0505050495267,0.39043328166,0.27347239852,0.116960883141
0.412532389164,0.0505050495267,0.421179562807,0.290342867374,0.130836695433
0.444265633821,0.0505050495267,0.451501727104,0.307885617018,0.143616110086
0.475998878479,0.0505050495267,0.481369286776,0.326175302267,0.155193984509
0.507732152939,0.0505050495267,0.510752141476,0.345318257809,0.165433883667
0.539465427399,0.0505050495267,0.539620697498,0.365407168865,0.174213528633
0.571198701859,0.0505050495267,0.567945897579,0.386443942785,0.181501954794
0.602931916714,0.0505050495267,0.595699250698,0.408302903175,0.187396347523
0.634665191174,0.0505050495267,0.622852802277,0.430794894695,0.192057907581
0.666398465633,0.0505050495267,0.649379134178,0.453788250685,0.195590883493
0.698131680489,0.0505050495267,0.675251603127,0.477259725332,0.197991877794
0.729864954948,0.0505050495267,0.700444161892,0.501267015934,0.199177145958
0.761598229408,0.0505050495267,0.7249314785,0.525895655155,0.199035823345
0.793331503868,0.0505050495267,0.748688817024,0.551226437092,0.197462379932
0.825064778328,0.0505050495267,0.771692335606,0.577310025692,0.194382309914
0.856797993183,0.0505050495267,0.793918728828,0.604149341583,0.189769387245
0.888531267643,0.0505050495267,0.81534576416,0.631688416004,0.183657348156
0.920264542103,0.0505050495267,0.835951805115,0.659823358059,0.176128447056
0.951997756958,0.0505050495267,0.855716109276,0.688430845737,0.167285263538
0.983731031418,0.0505050495267,0.874618828297,0.717401444912,0.157217383385
1.01546430588,0.0505050495267,0.892640829086,0.746644437313,0.145996391773
1.04719758034,0.0505050495267,0.909764051437,0.776063263416,0.133700788021
1.0789308548,0.0505050495267,0.925971210003,0.805502533913,0.12046867609
1.11066412926,0.0505050495267,0.941246032715,0.8346991539,0.106546878815
1.14239740372,0.0505050495267,0.955573022366,0.863254308701,0.092318713665
1.17413055897,0.0505050495267,0.968937814236,0.890639722347,0.0782980918884
1.20586383343,0.0505050495267,0.98132699728,0.916231870651,0.0650951266289
1.23759710789,0.0505050495267,0.992728114128,0.939379870892,0.0533482432365
1.26933038235,0.0505050495267,1.00312960148,0.959512233734,0.0436173677444
1.30106365681,0.0505050495267,1.01252102852,0.976258277893,0.0362627506256
1.33279693127,0.0505050495267,1.02089297771,0.989516973495,0.0313760042191
1.36453020573,0.0505050495267,1.028236866,0.999437689781,0.0287991762161
1.39626336098,0.0505050495267,1.03454554081,1.00633537769,0.0282101631165
1.42799663544,0.0505050495267,1.03981244564,1.01060032845,0.0292121171951
1.4597299099,0.0505050495267,1.04403233528,1.01262271404,0.0314096212387
1.49146318436,0.0505050495267,1.0472009182,1.01273703575,0.0344638824463
1.52319645882,0.0505050495267,1.04931521416,1.0111823082,0.0381329059601
1.55492973328,0.0505050495267,1.05037283897,1.00809943676,0.0422734022141
1.58666300774,0.0505050495267,1.05037283897,1.00356984138,0.0468029975891
1.6183962822,0.0505050495267,1.04931521416,0.997642636299,0.051672577858
1.65012955666,0.0505050495267,1.0472009182,0.990164756775,0.0570361614227
1.68186283112,0.0505050495267,1.04403233528,0.980512201786,0.0635201334953
1.71359610558,0.0505050495267,1.03981244564,0.968171596527,0.0716408491135
1.74532938004,0.0505050495267,1.03454554081,0.954076349735,0.0804691910744
1.77706253529,0.0505050495267,1.028236866,0.940124452114,0.0881124138832
1.80879580975,0.0505050495267,1.02089297771,0.92707157135,0.0938214063644
1.84052908421,0.0505050495267,1.01252102852,0.914091408253,0.098429620266
1.87226235867,0.0505050495267,1.00312960148,0.900072574615,0.103057026863
1.90399563313,0.0505050495267,0.992728054523,0.884547531605,0.108180522919
1.93572890759,0.0505050495267,0.98132699728,0.867642521858,0.113684475422
1.96746218204,0.0505050495267,0.968937814236,0.849665462971,0.119272351265
1.9991953373,0.0505050495267,0.955572962761,0.8308365345,0.124736428261
2.03092861176,0.0505050495267,0.94124597311,0.811231315136,0.130014657974
2.06266188622,0.0505050495267,0.925971150398,0.790839374065,0.135131776333
2.09439516068,0.0505050495267,0.909764051437,0.769635438919,0.140128612518
2.12612843513,0.0505050495267,0.892640769482,0.74762904644,0.145011723042
2.15786170959,0.0505050495267,0.874618768692,0.724879622459,0.149739146233
2.18959498405,0.0505050495267,0.855716109276,0.70149064064,0.154225468636
2.22132825851,0.0505050495267,0.83595174551,0.677589654922,0.158362090588
2.25306153297,0.0505050495267,0.815345644951,0.653307914734,0.162037730217
2.28479480743,0.0505050495267,0.793918609619,0.628761947155,0.165156662464
2.31652784348,0.0505050495267,0.77169239521,0.604045927525,0.167646467686
2.34826135635,0.0505050495267,0.748688697815,0.579228460789,0.169460237026
2.3799943924,0.0505050495267,0.7249314785,0.554357647896,0.170573830605
2.41172790527,0.0505050495267,0.700444042683,0.529466152191,0.170977890491
2.44346094131,0.0505050495267,0.675251662731,0.504582762718,0.170668900013
2.47519421577,0.0505050495267,0.649379134178,0.479737341404,0.169641792774
2.50692749023,0.0505050495267,0.622852742672,0.454969614744,0.167883127928
2.53866076469,0.0505050495267,0.595699191093,0.430332124233,0.16536706686
2.57039403915,0.0505050495267,0.567945837975,0.405894935131,0.162050902843
2.60212731361,0.0505050495267,0.539620637894,0.381743133068,0.157877504826
2.63386058807,0.0505050495267,0.510752022266,0.357974857092,0.152777165174
2.66559386253,0.0505050495267,0.481369197369,0.334698319435,0.146670877934
2.69732713699,0.0505050495267,0.451501637697,0.312024772167,0.13947686553
2.72906041145,0.0505050495267,0.421179443598,0.290063381195,0.131116062403
2.76079368591,0.0505050495267,0.390433132648,0.268914222717,0.121518909931
2.79252696037,0.0505050495267,0.359293729067,0.248664587736,0.110629141331
2.82426023483,0.0505050495267,0.327792555094,0.229383334517,0.0984092205763
2.85599327087,0.0505050495267,0.295961529016,0.211120396852,0.084841132164
2.88772678375,0.0505050495267,0.263832002878,0.193903923035,0.0699280798435
2.91945981979,0.0505050495267,0.231437340379,0.177744030952,0.0536933094263
2.95119309425,0.0505050495267,0.1988093853,0.162631541491,0.0361778438091
2.98292636871,0.0505050495267,0.165981248021,0.148542717099,0.0174385309219
3.01465964317,0.0505050495267,0.132985979319,0.135442063212,0.00245608389378
3.04639291763,0.0505050495267,0.0998568087816,0.123283736408,0.0234269276261
3.07812619209,0.0505050495267,0.0666270926595,0.112017259002,0.0453901663423
3.10985946655,0.0505050495267,0.0333302803338,0.101587340236,0.0682570636272
3.14159274101,0.0505050495267,-9.18380678172e-08,0.0919374451041,0.0919375345111
0,0.0606060624123,0,0.112020142376,0.112020142376
0.0317332595587,0.0606060624123,0.0336508341134,0.121983833611,0.0883329957724
0.0634665191174,0.0606060624123,0.0672677978873,0.132385015488,0.0651172176003
0.095199778676,0.0606060624123,0.100817009807,0.143248513341,0.0424315035343
0.126933038235,0.0606060624123,0.134264722466,0.154599025846,0.0203343033791
0.158666297793,0.0606060624123,0.16757722199,0.166462630033,0.00111459195614
0.190399557352,0.0606060624123,0.200721010566,0.178863033652,0.0218579769135
0.222132816911,0.0606060624123,0.233662679791,0.191822782159,0.0418398976326
0.253866076469,0.0606060624123,0.266369074583,0.205361649394,0.061007425189
0.285599350929,0.0606060624123,0.298807263374,0.219495728612,0.0793115347624
0.317332595587,0.0606060624123,0.330944538116,0.234237119555,0.096707418561
0.349065840244,0.0606060624123,0.362748593092,0.249593764544,0.113154828548
0.380799114704,0.0606060624123,0.394187450409,0.265571117401,0.128616333008
0.412532389164,0.0606060624123,0.425229340792,0.282178759575,0.143050581217
0.444265633821,0.0606060624123,0.455843061209,0.299441635609,0.1564014256
0.475998878479,0.0606060624123,0.485997796059,0.317415684462,0.168582111597
0.507732152939,0.0606060624123,0.515663206577,0.336196482182,0.179466724396
0.539465427399,0.0606060624123,0.544809341431,0.355893909931,0.188915431499
0.571198701859,0.0606060624123,0.573406934738,0.376565396786,0.196841537952
0.602931916714,0.0606060624123,0.601427078247,0.398146063089,0.203281015158
0.634665191174,0.0606060624123,0.628841757774,0.420462012291,0.208379745483
0.666398465633,0.0606060624123,0.655623137951,0.443342894316,0.212280243635
0.698131680489,0.0606060624123,0.681744337082,0.466715842485,0.215028494596
0.729864954948,0.0606060624123,0.707179188728,0.490607768297,0.216571420431
0.761598229408,0.0606060624123,0.731901943684,0.515095770359,0.216806173325
0.793331503868,0.0606060624123,0.755887687206,0.540263652802,0.215624034405
0.825064778328,0.0606060624123,0.779112398624,0.566175639629,0.212936758995
0.856797993183,0.0606060624123,0.801552534103,0.592855870724,0.20869666338
0.888531267643,0.0606060624123,0.823185622692,0.620274186134,0.202911436558
0.920264542103,0.0606060624123,0.843989789486,0.648345530033,0.195644259453
0.951997756958,0.0606060624123,0.863944113255,0.676953017712,0.186991095543
0.983731031418,0.0606060624123,0.883028566837,0.705980241299,0.177048325539
1.01546430588,0.0606060624123,0.901223897934,0.735329091549,0.165894806385
1.04719758034,0.0606060624123,0.918511748314,0.764902889729,0.153608858585
1.0789308548,0.0606060624123,0.934874773026,0.794560313225,0.140314459801
1.11066412926,0.0606060624123,0.950296461582,0.824061334133,0.126235127449
1.14239740372,0.0606060624123,0.964761197567,0.853031396866,0.111729800701
1.17413055897,0.0606060624123,0.978254497051,0.88095664978,0.097297847271
1.20586383343,0.0606060624123,0.990762829781,0.907213807106,0.0835490226746
1.23759710789,0.0606060624123,1.00227355957,0.931130707264,0.0711428523064
1.26933038235,0.0606060624123,1.01277506351,0.952088475227,0.0606865882874
1.30106365681,0.0606060624123,1.02225673199,0.969651699066,0.0526050329208
1.33279693127,0.0606060624123,1.03070926666,0.983659803867,0.0470494627953
1.36453020573,0.0606060624123,1.03812372684,0.99422621727,0.0438975095749
1.39626336098,0.0606060624123,1.04449295998,1.00165462494,0.0428383350372
1.42799663544,0.0606060624123,1.04981052876,1.00633573532,0.0434747934341
1.4597299099,0.0606060624123,1.05407094955,1.00866353512,0.0454074144363
1.49146318436,0.0606060624123,1.05727016926,1.00897467136,0.0482954978943
1.52319645882,0.0606060624123,1.0594047308,1.00751256943,0.0518921613693
1.55492973328,0.0606060624123,1.0604724884,1.00442636013,0.056046128273
1.58666300774,0.0606060624123,1.0604724884,0.999816417694,0.0606560707092
1.6183962822,0.0606060624123,1.0594047308,0.993731975555,0.0656727552414
1.65012955666,0.0606060624123,1.05727016926,0.98594969511,0.0713204741478
1.68186283112,0.0606060624123,1.05407094955,0.975790202618,0.0782807469368
1.71359610558,0.0606060624123,1.04981052876,0.962970197201,0.0868403315544
1.74532938004,0.0606060624123,1.04449295998,0.948777914047,0.095715045929
1.77706253529,0.0606060624123,1.03812372684,0.935037612915,0.10308611393
1.80879580975,0.0606060624123,1.03070926666,0.922114431858,0.108594834805
1.84052908421,0.0606060624123,1.02225673199,0.908989429474,0.113267302513
1.87226235867,0.0606060624123,1.01277506351,0.894645869732,0.118129193783
1.90399563313,0.0606060624123,1.00227344036,0.878774106503,0.123499333858
1.93572890759,0.0606060624123,0.990762829781,0.861577749252,0.129185080528
1.96746218204,0.0606060624123,0.978254497051,0.843362927437,0.134891569614
1.9991953373,0.0606060624123,0.964761137962,0.824317395687,0.140443742275
2.03092861176,0.0606060624123,0.950296342373,0.804493606091,0.145802736282
2.06266188622,0.0606060624123,0.934874713421,0.783874928951,0.15099978447
2.09439516068,0.0606060624123,0.918511748314,0.762444734573,0.156067013741
2.12612843513,0.0606060624123,0.901223838329,0.740227520466,0.160996317863
2.15786170959,0.0606060624123,0.883028507233,0.717295825481,0.165732681751
2.18959498405,0.0606060624123,0.863944113255,0.693760335445,0.170183777809
2.22132825851,0.0606060624123,0.843989729881,0.669748783112,0.17424094677
2.25306153297,0.0606060624123,0.823185503483,0.64538538456,0.177800118923
2.28479480743,0.0606060624123,0.801552414894,0.620777666569,0.180774748325
2.31652784348,0.0606060624123,0.779112458229,0.596008896828,0.183103561401
2.34826135635,0.0606060624123,0.755887567997,0.571139156818,0.184748411179
2.3799943924,0.0606060624123,0.731901943684,0.546210885048,0.185691058636
2.41172790527,0.0606060624123,0.707179069519,0.52125531435,0.185923755169
2.44346094131,0.0606060624123,0.681744396687,0.496303260326,0.18544113636
2.47519421577,0.0606060624123,0.655623137951,0.47138941288,0.184233725071
2.50692749023,0.0606060624123,0.62884169817,0.446560978889,0.18228071928
2.53866076469,0.0606060624123,0.601427018642,0.42188051343,0.179546505213
2.57039403915,0.0606060624123,0.573406875134,0.397426813841,0.175980061293
2.60212731361,0.0606060624123,0.544809281826,0.373293220997,0.171516060829
2.63386058807,0.0606060624123,0.515663087368,0.349586308002,0.166076779366
2.66559386253,0.0606060624123,0.485997706652,0.326418310404,0.159579396248
2.69732713699,0.0606060624123,0.455842971802,0.303902745247,0.151940226555
2.72906041145,0.0606060624123,0.425229221582,0.282147854567,0.143081367016
2.76079368591,0.0606060624123,0.394187271595,0.261250346899,0.132936924696
2.79252696037,0.0606060624123,0.362748473883,0.241291195154,0.121457278728
2.82426023483,0.0606060624123,0.330944389105,0.222332194448,0.108612194657
2.85599327087,0.0606060624123,0.298807293177,0.204414531589,0.0943927615881
2.88772678375,0.0606060624123,0.266368836164,0.187558010221,0.0788108259439
2.91945981979,0.0606060624123,0.233662694693,0.171764433384,0.0618982613087
2.95119309425,0.0606060624123,0.200721010566,0.157017499208,0.0437035113573
2.98292636871,0.0606060624123,0.167577207088,0.143287613988,0.0242895931005
3.01465964317,0.0606060624123,0.134264692664,0.130533635616,0.00373105704784
3.04639291763,0.0606060624123,0.100816972554,0.118707083166,0.0178901106119
3.07812619209,0.0606060624123,0.0672677308321,0.107754558325,0.0404868274927
3.10985946655,0.0606060624123,0.0336507596076,0.0976190641522,0.0639683008194
3.14159274101,0.0606060624123,-9.27211232238e-08,0.0882438272238,0.0882439166307
0,0.0707070678473,0,0.107171088457,0.107171088457
0.0317332595587,0.0707070678473,0.0339713208377,0.116936326027,0.0829650014639
0.0634665191174,0.0707070678473,0.0679084435105,0.127127125859,0.0592186823487
0.095199778676,0.0707070678473,0.101777181029,0.137768745422,0.035991564393
0.126933038235,0.0707070678473,0.135543435812,0.148886427283,0.0133429914713
0.158666297793,0.0707070678473,0.169173210859,0.160506516695,0.00866669416428
0.190399557352,0.0707070678473,0.202632650733,0.172654286027,0.029978364706
0.222132816911,0.0707070678473,0.235888049006,0.185354083776,0.05053396523
0.253866076469,0.0707070678473,0.268905937672,0.198627352715,0.0702785849571
0.285599350929,0.0707070678473,0.301653087139,0.212493360043,0.0891597270966
0.317332595587,0.0707070678473,0.334096431732,0.226966649294,0.107129782438
0.349065840244,0.0707070678473,0.36620336771,0.242057561874,0.124145805836
0.380799114704,0.0707070678473,0.39794164896,0.257772535086,0.140169113874
0.412532389164,0.0707070678473,0.429279178381,0.274118006229,0.155161172152
0.444265633821,0.0707070678473,0.460184454918,0.291109263897,0.169075191021
0.475998878479,0.0707070678473,0.490626394749,0.308785140514,0.181841254234
0.507732152939,0.0707070678473,0.520574331284,0.327222943306,0.193351387978
0.539465427399,0.0707070678473,0.549998044968,0.346533864737,0.203464180231
0.571198701859,0.0707070678473,0.578867971897,0.366813540459,0.212054431438
0.602931916714,0.0707070678473,0.607155025005,0.388063102961,0.219091922045
0.634665191174,0.0707070678473,0.634830772877,0.41015073657,0.224680036306
0.666398465633,0.0707070678473,0.661867201328,0.432889521122,0.228977680206
0.698131680489,0.0707070678473,0.688237190247,0.456155151129,0.232082039118
0.729864954948,0.0707070678473,0.713914275169,0.479934334755,0.233979940414
0.761598229408,0.0707070678473,0.738872528076,0.504286885262,0.234585642815
0.793331503868,0.0707070678473,0.763086676598,0.529295325279,0.233791351318
0.825064778328,0.0707070678473,0.786532580853,0.555032670498,0.231499910355
0.856797993183,0.0707070678473,0.809186458588,0.581541001797,0.227645456791
0.888531267643,0.0707070678473,0.831025540829,0.608814537525,0.222211003304
0.920264542103,0.0707070678473,0.852027833462,0.636790692806,0.215237140656
0.951997756958,0.0707070678473,0.872172176838,0.665364325047,0.206807851791
0.983731031418,0.0707070678473,0.891438424587,0.694418549538,0.19701987505
1.01546430588,0.0707070678473,0.909807026386,0.723846495152,0.185960531235
1.04719758034,0.0707070678473,0.927259504795,0.753549933434,0.173709571362
1.0789308548,0.0707070678473,0.943778395653,0.783398270607,0.160380125046
1.11066412926,0.0707070678473,0.959346950054,0.813173592091,0.146173357964
1.14239740372,0.0707070678473,0.973949432373,0.84252679348,0.131422638893
1.17413055897,0.0707070678473,0.987571239471,0.8709628582,0.116608381271
1.20586383343,0.0707070678473,1.00019872189,0.897863447666,0.10233527422
1.23759710789,0.0707070678473,1.01181912422,0.922539293766,0.0892798304558
1.26933038235,0.0707070678473,1.02242052555,0.944328546524,0.0780919790268
1.30106365681,0.0707070678473,1.03199267387,0.962729036808,0.0692636370659
1.33279693127,0.0707070678473,1.04052555561,0.977513730526,0.0630118250847
1.36453020573,0.0707070678473,1.0480107069,0.988750874996,0.0592598319054
1.39626336098,0.0707070678473,1.05444061756,0.996727108955,0.057713508606
1.42799663544,0.0707070678473,1.05980885029,1.00183212757,0.0579767227173
1.4597299099,0.0707070678473,1.06410980225,1.00446438789,0.0596454143524
1.49146318436,0.0707070678473,1.06733942032,1.00496339798,0.0623760223389
1.52319645882,0.0707070678473,1.06949436665,1.00357890129,0.0659154653549
1.55492973328,0.0707070678473,1.07057225704,1.00047421455,0.0700980424881
1.58666300774,0.0707070678473,1.07057225704,0.995771288872,0.0748009681702
1.6183962822,0.0707070678473,1.06949436665,0.989511191845,0.0799831748009
1.65012955666,0.0707070678473,1.06733942032,0.981388747692,0.0859506726265
1.68186283112,0.0707070678473,1.06410980225,0.970710933208,0.0933988690376
1.71359610558,0.0707070678473,1.05980885029,0.957488775253,0.102320075035
1.74532938004,0.0707070678473,1.05444061756,0.943308293819,0.111132323742
1.77706253529,0.0707070678473,1.0480107069,0.929809331894,0.118201375008
1.80879580975,0.0707070678473,1.04052555561,0.916968345642,0.123557209969
1.84052908421,0.0707070678473,1.03199267387,0.90364831686,0.128344357014
1.87226235867,0.0707070678473,1.02242052555,0.888963758945,0.133456766605
1.90399563313,0.0707070678473,1.01181900501,0.872754454613,0.1390645504
1.93572890759,0.0707070678473,1.00019872189,0.855281233788,0.144917488098
1.96746218204,0.0707070678473,0.987571239471,0.836836278439,0.150734961033
1.9991953373,0.0707070678473,0.973949372768,0.817575991154,0.156373381615
2.03092861176,0.0707070678473,0.95934689045,0.797532558441,0.161814332008
2.06266188622,0.0707070678473,0.943778336048,0.776688098907,0.167090237141
2.09439516068,0.0707070678473,0.927259504795,0.755037724972,0.172221779823
2.12612843513,0.0707070678473,0.909806966782,0.732620239258,0.177186727524
2.15786170959,0.0707070678473,0.891438364983,0.709520280361,0.181918084621
2.18959498405,0.0707070678473,0.872172176838,0.685853302479,0.186318874359
2.22132825851,0.0707070678473,0.852027773857,0.661743998528,0.19028377533
2.25306153297,0.0707070678473,0.831025421619,0.637309193611,0.193716228008
2.28479480743,0.0707070678473,0.809186279774,0.612645626068,0.196540653706
2.31652784348,0.0707070678473,0.786532640457,0.587826907635,0.198705732822
2.34826135635,0.0707070678473,0.763086557388,0.562904894352,0.200181663036
2.3799943924,0.0707070678473,0.738872528076,0.537918388844,0.200954139233
2.41172790527,0.0707070678473,0.71391415596,0.512898087502,0.201016068459
2.44346094131,0.0707070678473,0.688237249851,0.487877905369,0.200359344482
2.47519421577,0.0707070678473,0.661867201328,0.462899774313,0.198967427015
2.50692749023,0.0707070678473,0.634830713272,0.438018888235,0.196811825037
2.53866076469,0.0707070678473,0.607154965401,0.413307338953,0.193847626448
2.57039403915,0.0707070678473,0.578867912292,0.388853251934,0.190014660358
2.60212731361,0.0707070678473,0.549997985363,0.364759117365,0.185238867998
2.63386058807,0.0707070678473,0.520574212074,0.341136991978,0.179437220097
2.66559386253,0.0707070678473,0.490626305342,0.318103045225,0.172523260117
2.69732713699,0.0707070678473,0.460184365511,0.295771569014,0.164412796497
2.72906041145,0.0707070678473,0.429279059172,0.274248331785,0.155030727386
2.76079368591,0.0707070678473,0.397941470146,0.253625750542,0.144315719604
2.79252696037,0.0707070678473,0.366203248501,0.233977511525,0.132225736976
2.82426023483,0.0707070678473,0.334096252918,0.215357467532,0.118738785386
2.85599327087,0.0707070678473,0.301653116941,0.1977981776,0.103854939342
2.88772678375,0.0707070678473,0.268905699253,0.181310847402,0.0875948518515
2.91945981979,0.0707070678473,0.235888063908,0.165889322758,0.0699987411499
2.95119309425,0.0707070678473,0.202632650733,0.151510477066,0.051122173667
2.98292636871,0.0707070678473,0.169173195958,0.138139083982,0.0310341119766
3.01465964317,0.0707070678473,0.13554340601,0.125729724765,0.00981368124485
3.04639291763,0.0707070678473,0.101777136326,0.114231079817,0.012453943491
3.07812619209,0.0707070678473,0.0679083839059,0.103587031364,0.0356786474586
3.10985946655,0.0707070678473,0.0339712463319,0.0937402546406,0.0597690083086
3.14159274101,0.0707070678473,-9.36041857358e-08,0.084633640945,0.0846337378025
0,0.0808080807328,0,0.102412909269,0.102412909269
0.0317332595587,0.0808080807328,0.0342918038368,0.111984916031,0.0776931121945
0.0634665191174,0.0808080807328,0.0685490891337,0.121971033514,0.0534219443798
0.095199778676,0.0808080807328,0.102737337351,0.132395893335,0.0296585559845
0.126933038235,0.0808080807328,0.136822149158,0.143285065889,0.00646291673183
0.158666297793,0.0808080807328,0.170769169927,0.154665455222,0.0161037147045
0.190399557352,0.0808080807328,0.204544261098,0.166563227773,0.0379810333252
0.222132816911,0.0808080807328,0.23811340332,0.179004237056,0.0591091662645
0.253866076469,0.0808080807328,0.271442770958,0.192012190819,0.0794305801392
0.285599350929,0.0808080807328,0.304498851299,0.20560836792,0.0988904833794
0.317332595587,0.0808080807328,0.337248265743,0.219810560346,0.117437705398
0.349065840244,0.0808080807328,0.369658112526,0.234631419182,0.135026693344
0.380799114704,0.0808080807328,0.401695787907,0.250079661608,0.151616126299
0.412532389164,0.0808080807328,0.433328956366,0.266161113977,0.167167842388
0.444265633821,0.0808080807328,0.464525789022,0.282884627581,0.181641161442
0.475998878479,0.0808080807328,0.495254933834,0.300275325775,0.194979608059
0.507732152939,0.0808080807328,0.525485336781,0.318390905857,0.207094430923
0.539465427399,0.0808080807328,0.5551866889,0.337330460548,0.217856228352
0.571198701859,0.0808080807328,0.584328949451,0.35720872879,0.227120220661
0.602931916714,0.0808080807328,0.612882852554,0.378084093332,0.234798759222
0.634665191174,0.0808080807328,0.64081966877,0.399887144566,0.240932524204
0.666398465633,0.0808080807328,0.668111205101,0.42244207859,0.245669126511
0.698131680489,0.0808080807328,0.694729983807,0.445583462715,0.249146521091
0.729864954948,0.0808080807328,0.720649242401,0.469248533249,0.251400709152
0.761598229408,0.0808080807328,0.745842993259,0.493469983339,0.25237300992
0.793331503868,0.0808080807328,0.770285606384,0.518323123455,0.251962482929
0.825064778328,0.0808080807328,0.793952643871,0.543885886669,0.250066757202
0.856797993183,0.0808080807328,0.816820204258,0.570213913918,0.24660629034
0.888531267643,0.0808080807328,0.838865339756,0.597322642803,0.241542696953
0.920264542103,0.0808080807328,0.860065758228,0.625174462795,0.234891295433
0.951997756958,0.0808080807328,0.880400180817,0.653681457043,0.226718723774
0.983731031418,0.0808080807328,0.899848163128,0.682729780674,0.217118382454
1.01546430588,0.0808080807328,0.918390095234,0.712208151817,0.206181943417
1.04719758034,0.0808080807328,0.936007201672,0.742014288902,0.193992912769
1.0789308548,0.0808080807328,0.952681899071,0.772024989128,0.180656909943
1.11066412926,0.0808080807328,0.968397319317,0.802043318748,0.166354000568
1.14239740372,0.0808080807328,0.983137607574,0.831745922565,0.151391685009
1.17413055897,0.0808080807328,0.996887922287,0.860660552979,0.136227369308
1.20586383343,0.0808080807328,1.00963449478,0.888178110123,0.121456384659
1.23759710789,0.0808080807328,1.02136445045,0.913598656654,0.1077657938
1.26933038235,0.0808080807328,1.03206598759,0.936220765114,0.0958452224731
1.30106365681,0.0808080807328,1.04172837734,0.955476343632,0.0862520337105
1.33279693127,0.0808080807328,1.05034184456,0.971064448357,0.0792773962021
1.36453020573,0.0808080807328,1.05789756775,0.982998251915,0.074899315834
1.39626336098,0.0808080807328,1.06438815594,0.99153983593,0.0728483200073
1.42799663544,0.0808080807328,1.0698069334,0.997076392174,0.0727305412292
1.4597299099,0.0808080807328,1.07414853573,1.00000929832,0.0741392374039
1.49146318436,0.0808080807328,1.07740867138,1.00068473816,0.0767239332199
1.52319645882,0.0808080807328,1.07958388329,0.99936068058,0.0802232027054
1.55492973328,0.0808080807328,1.08067202568,0.996221065521,0.0844509601593
1.58666300774,0.0808080807328,1.08067202568,0.99141150713,0.0892605185509
1.6183962822,0.0808080807328,1.07958388329,0.984954297543,0.094629585743
1.65012955666,0.0808080807328,1.07740867138,0.976458251476,0.100950419903
1.68186283112,0.0808080807328,1.07414853573,0.965270042419,0.108878493309
1.71359610558,0.0808080807328,1.0698069334,0.951743483543,0.11806344986
1.74532938004,0.0808080807328,1.06438815594,0.937675833702,0.126712322235
1.77706253529,0.0808080807328,1.05789756775,0.924425721169,0.133471846581
1.80879580975,0.0808080807328,1.05034184456,0.911612331867,0.138729512691
1.84052908421,0.0808080807328,1.04172837734,0.898052453995,0.143675923347
1.87226235867,0.0808080807328,1.03206598759,0.883018374443,0.149047613144
1.90399563313,0.0808080807328,1.02136445045,0.86648452282,0.154879927635
1.93572890759,0.0808080807328,1.00963449478,0.848748505116,0.160885989666
1.96746218204,0.0808080807328,0.996887922287,0.83008056879,0.166807353497
1.9991953373,0.0808080807328,0.98313754797,0.81060642004,0.17253112793
2.03092861176,0.0808080807328,0.968397259712,0.790343284607,0.178053975105
2.06266188622,0.0808080807328,0.952681839466,0.769276022911,0.183405816555
2.09439516068,0.0808080807328,0.936007201672,0.747413158417,0.188594043255
2.12612843513,0.0808080807328,0.918390035629,0.724808037281,0.193581998348
2.15786170959,0.0808080807328,0.899848103523,0.701554536819,0.198293566704
2.18959498405,0.0808080807328,0.880400180817,0.677770733833,0.202629446983
2.22132825851,0.0808080807328,0.860065698624,0.653576493263,0.20648920536
2.25306153297,0.0808080807328,0.838865220547,0.629079043865,0.209786176682
2.28479480743,0.0808080807328,0.816820085049,0.604364752769,0.212455332279
2.31652784348,0.0808080807328,0.793952703476,0.579497456551,0.214455246925
2.34826135635,0.0808080807328,0.770285487175,0.554522871971,0.215762615204
2.3799943924,0.0808080807328,0.745842993259,0.529476940632,0.216366052628
2.41172790527,0.0808080807328,0.720649123192,0.504391789436,0.216257333755
2.44346094131,0.0808080807328,0.694730043411,0.479306280613,0.215423762798
2.47519421577,0.0808080807328,0.668111205101,0.454269498587,0.213841706514
2.50692749023,0.0808080807328,0.640819609165,0.429346442223,0.211473166943
2.53866076469,0.0808080807328,0.61288279295,0.404618322849,0.2082644701
2.57039403915,0.0808080807328,0.584328889847,0.380183130503,0.204145759344
2.60212731361,0.0808080807328,0.555186629295,0.356150567532,0.199036061764
2.63386058807,0.0808080807328,0.525485277176,0.332638263702,0.192847013474
2.66559386253,0.0808080807328,0.495254814625,0.30976459384,0.185490220785
2.69732713699,0.0808080807328,0.464525699615,0.287643522024,0.176882177591
2.72906041145,0.0808080807328,0.433328837156,0.266377091408,0.166951745749
2.76079368591,0.0808080807328,0.401695609093,0.246051758528,0.155643850565
2.79252696037,0.0808080807328,0.369657963514,0.226733669639,0.142924293876
2.82426023483,0.0808080807328,0.337248086929,0.208467975259,0.12878011167
2.85599327087,0.0808080807328,0.304498881102,0.19127830863,0.113220572472
2.88772678375,0.0808080807328,0.271442532539,0.175167649984,0.096274882555
2.91945981979,0.0808080807328,0.238113418221,0.160122364759,0.077991053462
2.95119309425,0.0808080807328,0.204544261098,0.146112784743,0.0584314763546
2.98292636871,0.0808080807328,0.170769155025,0.133098274469,0.0376708805561
3.01465964317,0.0808080807328,0.136822119355,0.121030516922,0.0157916024327
3.04639291763,0.0808080807328,0.102737292647,0.109854608774,0.00711731612682
3.07812619209,0.0808080807328,0.0685490220785,0.0995137840509,0.0309647619724
3.10985946655,0.0808080807328,0.034291729331,0.0899498984218,0.0556581690907
3.14159274101,0.0808080807328,-9.44872411424e-08,0.0811054557562,0.0811055526137
0,0.0909090936184,0,0.0977424755692,0.0977424755692
0.0317332595587,0.0909090936184,0.0346122905612,0.107127167284,0.0725148767233
0.0634665191174,0.0909090936184,0.0691897347569,0.116914369166,0.047724634409
0.095199778676,0.0909090936184,0.103697501123,0.127127841115,0.023430339992
0.126933038235,0.0909090936184,0.138100862503,0.137793526053,0.000307336449623
0.158666297793,0.0909090936184,0.172365158796,0.148938566446,0.02342659235
0.190399557352,0.0909090936184,0.206455916166,0.160589843988,0.0458660721779
0.222132816911,0.0909090936184,0.240338772535,0.172774493694,0.067564278841
0.253866076469,0.0909090936184,0.273979634047,0.185518011451,0.0884616225958
0.285599350929,0.0909090936184,0.307344645262,0.198843821883,0.108500823379
0.317332595587,0.0909090936184,0.340400129557,0.212772235274,0.127627894282
0.349065840244,0.0909090936184,0.373112887144,0.227319538593,0.145793348551
0.380799114704,0.0909090936184,0.405449986458,0.242496475577,0.16295351088
0.412532389164,0.0909090936184,0.437378793955,0.258309960365,0.17906883359
0.444265633821,0.0909090936184,0.468867182732,0.274766385555,0.194100797176
0.475998878479,0.0909090936184,0.499883502722,0.291880488396,0.208003014326
0.507732152939,0.0909090936184,0.530396461487,0.309692174196,0.220704287291
0.539465427399,0.0909090936184,0.560375392437,0.328280985355,0.232094407082
0.571198701859,0.0909090936184,0.58978998661,0.34776237607,0.24202761054
0.602931916714,0.0909090936184,0.618610799313,0.368236213923,0.25037458539
0.634665191174,0.0909090936184,0.646808683872,0.389700978994,0.257107704878
0.666398465633,0.0909090936184,0.674355268478,0.412021100521,0.262334167957
0.698131680489,0.0909090936184,0.701222836971,0.43500995636,0.266212880611
0.729864954948,0.0909090936184,0.727384328842,0.458553463221,0.268830865622
0.761598229408,0.0909090936184,0.752813518047,0.48264580965,0.270167708397
0.793331503868,0.0909090936184,0.777484595776,0.507348299026,0.270136296749
0.825064778328,0.0909090936184,0.801372826099,0.532738626003,0.268634200096
0.856797993183,0.0909090936184,0.824454128742,0.55888158083,0.265572547913
0.888531267643,0.0909090936184,0.846705257893,0.585810899734,0.260894358158
0.920264542103,0.0909090936184,0.868103861809,0.613512575626,0.254591286182
0.951997756958,0.0909090936184,0.888628304005,0.641919851303,0.246708452702
0.983731031418,0.0909090936184,0.908258020878,0.670929014683,0.237329006195
1.01546430588,0.0909090936184,0.926973223686,0.700426876545,0.226546347141
1.04719758034,0.0909090936184,0.944755017757,0.730306684971,0.214448332787
1.0789308548,0.0909090936184,0.961585521698,0.760450303555,0.201135218143
1.11066412926,0.0909090936184,0.977447867393,0.790678441525,0.186769425869
1.14239740372,0.0909090936184,0.992325901985,0.82069504261,0.171630859375
1.17413055897,0.0909090936184,1.00620472431,0.850053012371,0.156151711941
1.20586383343,0.0909090936184,1.01907038689,0.878157198429,0.140913188457
1.23759710789,0.0909090936184,1.03091001511,0.90430277586,0.126607239246
1.26933038235,0.0909090936184,1.04171156883,0.927754461765,0.113957107067
1.30106365681,0.0909090936184,1.05146420002,0.947879374027,0.103584825993
1.33279693127,0.0909090936184,1.06015813351,0.964296519756,0.0958616137505
1.36453020573,0.0909090936184,1.06778454781,0.976953744888,0.0908308029175
1.39626336098,0.0909090936184,1.07433569431,0.986079633236,0.0882560610771
1.42799663544,0.0909090936184,1.07980525494,0.992053508759,0.0877517461777
1.4597299099,0.0909090936184,1.08418738842,0.995282292366,0.0889050960541
1.49146318436,0.0909090936184,1.08747792244,0.996119022369,0.0913589000702
1.52319645882,0.0909090936184,1.08967351913,0.994836091995,0.0948374271393
1.55492973328,0.0909090936184,1.09077179432,0.991644024849,0.0991277694702
1.58666300774,0.0909090936184,1.09077179432,0.986713349819,0.1040584445
1.6183962822,0.0909090936184,1.08967351913,0.980035722256,0.109637796879
1.65012955666,0.0909090936184,1.08747792244,0.971137821674,0.116340100765
1.68186283112,0.0909090936184,1.08418738842,0.959470570087,0.124716818333
1.71359610558,0.0909090936184,1.07980525494,0.945752561092,0.134052693844
1.74532938004,0.0909090936184,1.07433569431,0.931884169579,0.142451524734
1.77706253529,0.0909090936184,1.06778454781,0.918869674206,0.1489148736
1.80879580975,0.0909090936184,1.06015813351,0.906024456024,0.154133677483
1.84052908421,0.0909090936184,1.05146420002,0.892187893391,0.159276306629
1.87226235867,0.0909090936184,1.04171156883,0.876803100109,0.164908468723
1.90399563313,0.0909090936184,1.03091001511,0.85995978117,0.170950233936
1.93572890759,0.0909090936184,1.01907038689,0.841974675655,0.177095711231
1.96746218204,0.0909090936184,1.00620472431,0.823089718819,0.183115005493
1.9991953373,0.0909090936184,0.992325782776,0.803402721882,0.188923060894
2.03092861176,0.0909090936184,0.977447748184,0.782920897007,0.194526851177
2.06266188622,0.0909090936184,0.961585462093,0.76163572073,0.199949741364
2.09439516068,0.0909090936184,0.944755017757,0.739570319653,0.205184698105
2.12612843513,0.0909090936184,0.926973164082,0.716791272163,0.210181891918
2.15786170959,0.0909090936184,0.908257961273,0.693400144577,0.214857816696
2.18959498405,0.0909090936184,0.888628304005,0.669513761997,0.219114542007
2.22132825851,0.0909090936184,0.868103742599,0.645246088505,0.222857654095
2.25306153297,0.0909090936184,0.846705138683,0.620693802834,0.22601133585
2.28479480743,0.0909090936184,0.824454009533,0.595932543278,0.228521466255
2.31652784348,0.0909090936184,0.801372885704,0.571017801762,0.230355083942
2.34826135635,0.0909090936184,0.777484416962,0.545989751816,0.231494665146
2.3799943924,0.0909090936184,0.752813518047,0.520883858204,0.231929659843
2.41172790527,0.0909090936184,0.727384209633,0.495734989643,0.23164921999
2.44346094131,0.0909090936184,0.701222896576,0.470588177443,0.230634719133
2.47519421577,0.0909090936184,0.674355268478,0.445500791073,0.228854477406
2.50692749023,0.0909090936184,0.646808624268,0.420547604561,0.226261019707
2.53866076469,0.0909090936184,0.618610739708,0.395820468664,0.222790271044
2.57039403915,0.0909090936184,0.589789927006,0.371425032616,0.21836489439
2.60212731361,0.0909090936184,0.560375332832,0.34747838974,0.212896943092
2.63386058807,0.0909090936184,0.530396401882,0.32410210371,0.206294298172
2.66559386253,0.0909090936184,0.499883413315,0.301415830851,0.198467582464
2.69732713699,0.0909090936184,0.468867093325,0.279531478882,0.189335614443
2.72906041145,0.0909090936184,0.437378674746,0.258546084166,0.17883259058
2.76079368591,0.0909090936184,0.405449807644,0.23853944242,0.166910365224
2.79252696037,0.0909090936184,0.373112738132,0.21956898272,0.153543755412
2.82426023483,0.0909090936184,0.340399980545,0.201671332121,0.138728648424
2.85599327087,0.0909090936184,0.307344675064,0.184861123562,0.122483551502
2.88772678375,0.0909090936184,0.273979395628,0.169133067131,0.104846328497
2.91945981979,0.0909090936184,0.240338787436,0.154466375709,0.0858724117279
2.95119309425,0.0909090936184,0.206455916166,0.140825614333,0.0656303018332
2.98292636871,0.0909090936184,0.172365143895,0.12816593051,0.0441992133856
3.01465964317,0.0909090936184,0.138100832701,0.116435237229,0.0216655954719
3.04639291763,0.0909090936184,0.10369746387,0.105577260256,0.00187979638577
3.07812619209,0.0909090936184,0.0691896751523,0.0955336019397,0.0263439267874
3.10985946655,0.0909090936184,0.0346122123301,0.0862459689379,0.0516337566078
3.14159274101,0.0909090936184,-9.53703036544e-08,0.0776575580239,0.0776576548815
0,0.101010099053,0,0.0931579992175,0.0931579992175
0.0317332595587,0.101010099053,0.0349327735603,0.102360621095,0.0674278438091
0.0634665191174,0.101010099053,0.0698303803802,0.111954517663,0.0421241372824
0.095199778676,0.101010099053,0.104657657444,0.121962614357,0.017304956913
0.126933038235,0.101010099053,0.139379575849,0.132410317659,0.0069692581892
0.158666297793,0.101010099053,0.173961132765,0.143324926496,0.0306362062693
0.190399557352,0.101010099053,0.208367526531,0.154733747244,0.0536337792873
0.222132816911,0.101010099053,0.242564126849,0.166665166616,0.0758989602327
0.253866076469,0.101010099053,0.276516467333,0.179145962,0.0973705053329
0.285599350929,0.101010099053,0.310190409422,0.192201822996,0.117988586426
0.317332595587,0.101010099053,0.343551963568,0.205855116248,0.13769684732
0.349065840244,0.101010099053,0.376567602158,0.220125451684,0.156442150474
0.380799114704,0.101010099053,0.409204125404,0.235026791692,0.174177333713
0.412532389164,0.101010099053,0.441428571939,0.250567853451,0.190860718489
0.444265633821,0.101010099053,0.473208516836,0.266754806042,0.206453710794
0.475998878479,0.101010099053,0.504512012005,0.28359657526,0.220915436745
0.507732152939,0.101010099053,0.535307526588,0.301117956638,0.23418956995
0.539465427399,0.101010099053,0.565564036369,0.319377928972,0.246186107397
0.571198701859,0.101010099053,0.595251023769,0.338479071856,0.256771951914
0.602931916714,0.101010099053,0.624338626862,0.358540982008,0.265797644854
0.634665191174,0.101010099053,0.65279763937,0.379623234272,0.273174405098
0.666398465633,0.101010099053,0.680599272251,0.401651799679,0.278947472572
0.698131680489,0.101010099053,0.707715630531,0.424448698759,0.283266931772
0.729864954948,0.101010099053,0.734119355679,0.447854757309,0.28626459837
0.761598229408,0.101010099053,0.759783983231,0.471816956997,0.287967026234
0.793331503868,0.101010099053,0.784683465958,0.496372282505,0.288311183453
0.825064778328,0.101010099053,0.808792889118,0.521593391895,0.287199497223
0.856797993183,0.101010099053,0.832087934017,0.547549962997,0.28453797102
0.888531267643,0.101010099053,0.854545116425,0.574289798737,0.280255317688
0.920264542103,0.101010099053,0.876141786575,0.601820111275,0.274321675301
0.951997756958,0.101010099053,0.896856307983,0.630097210407,0.266759097576
0.983731031418,0.101010099053,0.916667759418,0.659032940865,0.257634818554
1.01546430588,0.101010099053,0.935556232929,0.688516974449,0.24703925848
1.04719758034,0.101010099053,0.953502714634,0.718439757824,0.23506295681
1.0789308548,0.101010099053,0.970489084721,0.748685061932,0.221804022789
1.11066412926,0.101010099053,0.986498236656,0.779089152813,0.207409083843
1.14239740372,0.101010099053,1.00151407719,0.809382498264,0.192131578922
1.17413055897,0.101010099053,1.01552140713,0.839145362377,0.17637604475
1.20586383343,0.101010099053,1.02850615978,0.867801964283,0.160704195499
1.23759710789,0.101010099053,1.04045546055,0.894647300243,0.145808160305
1.26933038235,0.101010099053,1.05135703087,0.91891926527,0.132437765598
1.30106365681,0.101010099053,1.06119990349,0.939923107624,0.121276795864
1.33279693127,0.101010099053,1.06997442245,0.957193315029,0.112781107426
1.36453020573,0.101010099053,1.07767140865,0.970601201057,0.107070207596
1.39626336098,0.101010099053,1.08428323269,0.980330348015,0.103952884674
1.42799663544,0.101010099053,1.08980333805,0.986748456955,0.103054881096
1.4597299099,0.101010099053,1.0942261219,0.990265488625,0.103960633278
1.49146318436,0.101010099053,1.0975471735,0.99124610424,0.10630106926
1.52319645882,0.101010099053,1.09976303577,0.989982783794,0.10978025198
1.55492973328,0.101010099053,1.10087144375,0.986720025539,0.114151418209
1.58666300774,0.101010099053,1.10087144375,0.981653094292,0.119218349457
1.6183962822,0.101010099053,1.09976303577,0.974730670452,0.125032365322
1.65012955666,0.101010099053,1.0975471735,0.965413033962,0.132134139538
1.68186283112,0.101010099053,1.0942261219,0.953322708607,0.140903413296
1.71359610558,0.101010099053,1.08980333805,0.939534664154,0.150268673897
1.74532938004,0.101010099053,1.08428323269,0.925930917263,0.158352315426
1.77706253529,0.101010099053,1.07767140865,0.913120806217,0.164550602436
1.80879580975,0.101010099053,1.06997442245,0.900184035301,0.169790387154
1.84052908421,0.101010099053,1.06119990349,0.886041939259,0.17515796423
1.87226235867,0.101010099053,1.05135703087,0.87031185627,0.181045174599
1.90399563313,0.101010099053,1.04045534134,0.853176236153,0.187279105186
1.93572890759,0.101010099053,1.02850615978,0.834954857826,0.193551301956
1.96746218204,0.101010099053,1.01552140713,0.815858244896,0.199663162231
1.9991953373,0.101010099053,1.00151395798,0.79595965147,0.205554306507
2.03092861176,0.101010099053,0.986498177052,0.775261461735,0.211236715317
2.06266188622,0.101010099053,0.970489025116,0.753765583038,0.216723442078
2.09439516068,0.101010099053,0.953502714634,0.731509327888,0.221993386745
2.12612843513,0.101010099053,0.935556173325,0.708571612835,0.22698456049
2.15786170959,0.101010099053,0.916667699814,0.685058414936,0.231609284878
2.18959498405,0.101010099053,0.896856307983,0.661083996296,0.235772311687
2.22132825851,0.101010099053,0.876141726971,0.636753261089,0.239388465881
2.25306153297,0.101010099053,0.854544937611,0.612152397633,0.242392539978
2.28479480743,0.101010099053,0.832087755203,0.587346732616,0.244741022587
2.31652784348,0.101010099053,0.808792948723,0.562384605408,0.246408343315
2.34826135635,0.101010099053,0.784683346748,0.537302911282,0.247380435467
2.3799943924,0.101010099053,0.759783983231,0.512137234211,0.24764674902
2.41172790527,0.101010099053,0.734119236469,0.486926943064,0.247192293406
2.44346094131,0.101010099053,0.707715690136,0.461724638939,0.245991051197
2.47519421577,0.101010099053,0.680599272251,0.436596900225,0.244002372026
2.50692749023,0.101010099053,0.652797579765,0.411628901958,0.241168677807
2.53866076469,0.101010099053,0.624338567257,0.386921435595,0.237417131662
2.57039403915,0.101010099053,0.595250964165,0.362589210272,0.232661753893
2.60212731361,0.101010099053,0.565563976765,0.338754475117,0.226809501648
2.63386058807,0.101010099053,0.535307407379,0.315541595221,0.219765812159
2.66559386253,0.101010099053,0.5045119524,0.293070226908,0.211441725492
2.69732713699,0.101010099053,0.473208427429,0.271448284388,0.201760143042
2.72906041145,0.101010099053,0.44142845273,0.250767409801,0.190661042929
2.76079368591,0.101010099053,0.40920394659,0.231099203229,0.178104743361
2.79252696037,0.101010099053,0.376567482948,0.212492763996,0.164074718952
2.82426023483,0.101010099053,0.343551814556,0.194974973798,0.148576840758
2.85599327087,0.101010099053,0.310190469027,0.178551957011,0.131638512015
2.88772678375,0.101010099053,0.276516228914,0.163210868835,0.113305360079
2.91945981979,0.101010099053,0.24256414175,0.148923859,0.0936402827501
2.95119309425,0.101010099053,0.208367526531,0.135650470853,0.0727170556784
2.98292636871,0.101010099053,0.173961117864,0.123342014849,0.0506191030145
3.01465964317,0.101010099053,0.139379546046,0.111943766475,0.0274357795715
3.04639291763,0.101010099053,0.104657620192,0.101397708058,0.00325991213322
3.07812619209,0.101010099053,0.0698303133249,0.0916449129581,0.0218145996332
3.10985946655,0.101010099053,0.0349326953292,0.0826272964478,0.0476946011186
3.14159274101,0.101010099053,-9.62533590609e-08,0.074288032949,0.0742881298065
0,0.111111111939,0,0.0886565372348,0.0886565372348
0.0317332595587,0.111111111939,0.0352532602847,0.0976828038692,0.0624295435846
0.0634665191174,0.111111111939,0.0704710334539,0.107088975608,0.0366179421544
0.095199778676,0.111111111939,0.105617828667,0.116897635162,0.0112798064947
0.126933038235,0.111111111939,0.140658289194,0.127133265138,0.0135250240564
0.158666297793,0.111111111939,0.175557106733,0.137822851539,0.0377342551947
0.190399557352,0.111111111939,0.210279166698,0.148994281888,0.0612848848104
0.222132816911,0.111111111939,0.244789496064,0.160676255822,0.084113240242
0.253866076469,0.111111111939,0.279053330421,0.172896787524,0.106156542897
0.285599350929,0.111111111939,0.313036233187,0.185683757067,0.12735247612
0.317332595587,0.111111111939,0.346703857183,0.199061751366,0.147642105818
0.349065840244,0.111111111939,0.380022376776,0.213053077459,0.166969299316
0.380799114704,0.111111111939,0.412958323956,0.227674618363,0.185283705592
0.412532389164,0.111111111939,0.445478409529,0.242938622832,0.202539786696
0.444265633821,0.111111111939,0.477549910545,0.25885233283,0.218697577715
0.475998878479,0.111111111939,0.509140610695,0.27542206645,0.233718544245
0.507732152939,0.111111111939,0.540218651295,0.292661935091,0.247556716204
0.539465427399,0.111111111939,0.570752739906,0.310612231493,0.260140508413
0.571198701859,0.111111111939,0.600712060928,0.329355061054,0.271356999874
0.602931916714,0.111111111939,0.63006657362,0.34901073575,0.28105583787
0.634665191174,0.111111111939,0.658786654472,0.369681596756,0.289105057716
0.666398465633,0.111111111939,0.686843335629,0.391364395618,0.29547894001
0.698131680489,0.111111111939,0.714208424091,0.413918942213,0.300289481878
0.729864954948,0.111111111939,0.74085444212,0.437161803246,0.303692638874
0.761598229408,0.111111111939,0.766754508018,0.460986912251,0.305767595768
0.793331503868,0.111111111939,0.791882455349,0.485396742821,0.306485712528
0.825064778328,0.111111111939,0.816213071346,0.51045191288,0.305761158466
0.856797993183,0.111111111939,0.839721798897,0.536222934723,0.303498864174
0.888531267643,0.111111111939,0.862385034561,0.562767267227,0.299617767334
0.920264542103,0.111111111939,0.884179830551,0.590109944344,0.294069886208
0.951997756958,0.111111111939,0.905084371567,0.618230044842,0.286854326725
0.983731031418,0.111111111939,0.925077617168,0.647058665752,0.278018951416
1.01546430588,0.111111111939,0.944139420986,0.676494538784,0.267644882202
1.04719758034,0.111111111939,0.962250471115,0.706427335739,0.255823135376
1.0789308548,0.111111111939,0.979392707348,0.736741840839,0.242650866508
1.11066412926,0.111111111939,0.995548725128,0.76728695631,0.228261768818
1.14239740372,0.111111111939,1.01070225239,0.797817707062,0.212884545326
1.17413055897,0.111111111939,1.02483808994,0.827944397926,0.196893692017
1.20586383343,0.111111111939,1.03794205189,0.857114076614,0.180827975273
1.23759710789,0.111111111939,1.0500010252,0.884628653526,0.165372371674
1.26933038235,0.111111111939,1.0610024929,0.909705579281,0.151296913624
1.30106365681,0.111111111939,1.07093572617,0.93159276247,0.139342963696
1.33279693127,0.111111111939,1.0797907114,0.949737429619,0.130053281784
1.36453020573,0.111111111939,1.0875582695,0.963922679424,0.123635590076
1.39626336098,0.111111111939,1.09423089027,0.974275767803,0.119955122471
1.42799663544,0.111111111939,1.09980165958,0.981143534184,0.118658125401
1.4597299099,0.111111111939,1.10426497459,0.984940230846,0.119324743748
1.49146318436,0.111111111939,1.10761642456,0.986045002937,0.121571421623
1.52319645882,0.111111111939,1.10985267162,0.98477858305,0.125074088573
1.55492973328,0.111111111939,1.1109713316,0.981426596642,0.129544734955
1.58666300774,0.111111111939,1.1109713316,0.976207494736,0.134763836861
1.6183962822,0.111111111939,1.10985267162,0.969016313553,0.14083635807
1.65012955666,0.111111111939,1.10761642456,0.959274888039,0.148341536522
1.68186283112,0.111111111939,1.10426497459,0.946842074394,0.1574229002
1.71359610558,0.111111111939,1.09980165958,0.93310546875,0.166696190834
1.74532938004,0.111111111939,1.09423089027,0.919808745384,0.17442214489
1.77706253529,0.111111111939,1.0875582695,0.907155752182,0.180402517319
1.80879580975,0.111111111939,1.0797907114,0.894070565701,0.185720145702
1.84052908421,0.111111111939,1.07093572617,0.879603862762,0.191331863403
1.87226235867,0.111111111939,1.0610024929,0.863539755344,0.19746273756
1.90399563313,0.111111111939,1.05000090599,0.846129953861,0.203870952129
1.93572890759,0.111111111939,1.03794205189,0.827683925629,0.210258126259
1.96746218204,0.111111111939,1.02483808994,0.80837982893,0.216458261013
1.9991953373,0.111111111939,1.01070225239,0.788271546364,0.222430706024
2.03092861176,0.111111111939,0.995548665524,0.767361760139,0.228186905384
2.06266188622,0.111111111939,0.979392647743,0.745664000511,0.233728647232
2.09439516068,0.111111111939,0.962250471115,0.72323089838,0.239019572735
2.12612843513,0.111111111939,0.944139361382,0.700150609016,0.243988752365
2.15786170959,0.111111111939,0.925077557564,0.676531374454,0.248546183109
2.18959498405,0.111111111939,0.905084371567,0.652481615543,0.252602756023
2.22132825851,0.111111111939,0.884179770947,0.628097116947,0.256082653999
2.25306153297,0.111111111939,0.862384855747,0.6034527421,0.258932113647
2.28479480743,0.111111111939,0.839721679688,0.5786049366,0.261116743088
2.31652784348,0.111111111939,0.816213130951,0.553595364094,0.262617766857
2.34826135635,0.111111111939,0.79188233614,0.528459489346,0.263422846794
2.3799943924,0.111111111939,0.766754508018,0.5032351017,0.263519406319
2.41172790527,0.111111111939,0.74085432291,0.477967500687,0.262886822224
2.44346094131,0.111111111939,0.714208543301,0.452717930079,0.261490613222
2.47519421577,0.111111111939,0.686843335629,0.427562475204,0.259280860424
2.50692749023,0.111111111939,0.658786594868,0.402596771717,0.256189823151
2.53866076469,0.111111111939,0.630066514015,0.377931088209,0.252135425806
2.57039403915,0.111111111939,0.600712001324,0.353686720133,0.247025281191
2.60212731361,0.111111111939,0.570752620697,0.329991191626,0.240761429071
2.63386058807,0.111111111939,0.540218532085,0.306970059872,0.233248472214
2.66559386253,0.111111111939,0.509140491486,0.284740746021,0.224399745464
2.69732713699,0.111111111939,0.477549821138,0.263406693935,0.214143127203
2.72906041145,0.111111111939,0.445478290319,0.243052646518,0.202425643802
2.76079368591,0.111111111939,0.412958145142,0.223741561174,0.189216583967
2.79252696037,0.111111111939,0.380022257566,0.205512911081,0.174509346485
2.82426023483,0.111111111939,0.34670367837,0.188385084271,0.158318594098
2.85599327087,0.111111111939,0.313036262989,0.172355487943,0.140680775046
2.88772678375,0.111111111939,0.279053092003,0.157403692603,0.1216493994
2.91945981979,0.111111111939,0.244789510965,0.14349630475,0.101293206215
2.95119309425,0.111111111939,0.210279166698,0.130587816238,0.0796913504601
2.98292636871,0.111111111939,0.175557091832,0.118626497686,0.0569305941463
3.01465964317,0.111111111939,0.140658259392,0.10755481571,0.0331034436822
3.04639291763,0.111111111939,0.105617791414,0.0973144993186,0.00830329209566
3.07812619209,0.111111111939,0.0704709663987,0.0878460779786,0.0173751115799
3.10985946655,0.111111111939,0.0352531820536,0.079091258347,0.0438380762935
3.14159274101,0.111111111939,-9.71364215729e-08,0.0709949880838,0.0709950849414
0,0.121212124825,0,0.0842356160283,0.0842356160283
0.0317332595587,0.121212124825,0.0355737432837,0.0930908992887,0.0575171560049
0.0634665191174,0.121212124825,0.0711116716266,0.102315425873,0.0312037542462
0.095199778676,0.121212124825,0.106577984989,0.111930407584,0.00535242259502
0.126933038235,0.121212124825,0.14193700254,0.121960096061,0.0199769064784
0.158666297793,0.121212124825,0.177153080702,0.132430464029,0.0447226166725
0.190399557352,0.121212124825,0.212190791965,0.143369749188,0.0688210427761
0.222132816911,0.121212124825,0.247014850378,0.154806897044,0.0922079533339
0.253866076469,0.121212124825,0.281590163708,0.166771233082,0.114818930626
0.285599350929,0.121212124825,0.315881997347,0.179291173816,0.136590823531
0.317332595587,0.121212124825,0.349855691195,0.192394539714,0.157461151481
0.349065840244,0.121212124825,0.383477121592,0.206105440855,0.177371680737
0.380799114704,0.121212124825,0.416712462902,0.220444247127,0.196268215775
0.412532389164,0.121212124825,0.449528187513,0.235426694155,0.214101493359
0.444265633821,0.121212124825,0.481891274452,0.251062393188,0.230828881264
0.475998878479,0.121212124825,0.51376914978,0.267357438803,0.246411710978
0.507732152939,0.121212124825,0.545129716396,0.284320533276,0.260809183121
0.539465427399,0.121212124825,0.575941324234,0.301975399256,0.273965924978
0.571198701859,0.121212124825,0.606173038483,0.320382863283,0.2857901752
0.602931916714,0.121212124825,0.635794401169,0.339649200439,0.296145200729
0.634665191174,0.121212124825,0.66477560997,0.35989806056,0.30487754941
0.666398465633,0.121212124825,0.693087339401,0.381189823151,0.311897516251
0.698131680489,0.121212124825,0.720701217651,0.403446227312,0.317254990339
0.729864954948,0.121212124825,0.747589468956,0.426487863064,0.321101605892
0.761598229408,0.121212124825,0.773724973202,0.450161933899,0.323563039303
0.793331503868,0.121212124825,0.799081325531,0.474424898624,0.324656426907
0.825064778328,0.121212124825,0.823633134365,0.499316751957,0.324316382408
0.856797993183,0.121212124825,0.847355604172,0.524904608727,0.322450995445
0.888531267643,0.121212124825,0.870224833488,0.551250755787,0.318974077702
0.920264542103,0.121212124825,0.892217814922,0.578393936157,0.313823878765
0.951997756958,0.121212124825,0.913312375546,0.606334328651,0.306978046894
0.983731031418,0.121212124825,0.933487415314,0.635024785995,0.298462629318
1.01546430588,0.121212124825,0.952722430229,0.66437703371,0.288345396519
1.04719758034,0.121212124825,0.970998167992,0.694285273552,0.27671289444
1.0789308548,0.121212124825,0.988296210766,0.724634885788,0.263661324978
1.11066412926,0.121212124825,1.00459909439,0.755284488201,0.24931460619
1.14239740372,0.121212124825,1.01989042759,0.78601205349,0.2338783741
1.17413055897,0.121212124825,1.03415477276,0.816459000111,0.217695772648
1.20586383343,0.121212124825,1.04737782478,0.846099019051,0.201278805733
1.23759710789,0.121212124825,1.05954635143,0.874246418476,0.185299932957
1.26933038235,0.121212124825,1.07064795494,0.900105535984,0.170542418957
1.30106365681,0.121212124825,1.08067154884,0.922873675823,0.15779787302
1.33279693127,0.121212124825,1.08960688114,0.94190967083,0.147697210312
1.36453020573,0.121212124825,1.09744513035,0.956898927689,0.14054620266
1.39626336098,0.121212124825,1.10417830944,0.967896699905,0.136281609535
1.42799663544,0.121212124825,1.1097997427,0.975220799446,0.134578943253
1.4597299099,0.121212124825,1.11430370808,0.979286849499,0.135016858578
1.49146318436,0.121212124825,1.11768567562,0.980494320393,0.137191355228
1.52319645882,0.121212124825,1.11994218826,0.979200720787,0.140741467476
1.55492973328,0.121212124825,1.12107098103,0.975741922855,0.14532905817
1.58666300774,0.121212124825,1.12107098103,0.970354914665,0.15071606636
1.6183962822,0.121212124825,1.11994218826,0.962874054909,0.157068133354
1.65012955666,0.121212124825,1.11768567562,0.952723443508,0.164962232113
1.68186283112,0.121212124825,1.11430370808,0.940049827099,0.174253880978
1.71359610558,0.121212124825,1.1097997427,0.926477432251,0.183322310448
1.74532938004,0.121212124825,1.10417830944,0.913504183292,0.190674126148
1.77706253529,0.121212124825,1.09744513035,0.90095025301,0.196494877338
1.80879580975,0.121212124825,1.08960688114,0.887665688992,0.20194119215
1.84052908421,0.121212124825,1.08067154884,0.872864544392,0.207807004452
1.87226235867,0.121212124825,1.07064795494,0.856482028961,0.21416592598
1.90399563313,0.121212124825,1.05954635143,0.838816404343,0.22072994709
1.93572890759,0.121212124825,1.04737782478,0.820156395435,0.227221429348
1.96746218204,0.121212124825,1.03415477276,0.800649106503,0.233505666256
1.9991953373,0.121212124825,1.01989042759,0.780334234238,0.239556193352
2.03092861176,0.121212124825,1.00459909439,0.759219169617,0.245379924774
2.06266188622,0.121212124825,0.988296151161,0.737331211567,0.250964939594
2.09439516068,0.121212124825,0.970998167992,0.714736282825,0.256261885166
2.12612843513,0.121212124825,0.952722370625,0.691530108452,0.261192262173
2.15786170959,0.121212124825,0.933487355709,0.667820036411,0.265667319298
2.18959498405,0.121212124825,0.913312375546,0.643707334995,0.26960504055
2.22132825851,0.121212124825,0.892217755318,0.619276821613,0.272940933704
2.25306153297,0.121212124825,0.870224714279,0.594592988491,0.275631725788
2.28479480743,0.121212124825,0.847355484962,0.569703876972,0.27765160799
2.31652784348,0.121212124825,0.82363319397,0.544646978378,0.278986215591
2.34826135635,0.121212124825,0.799081206322,0.51945734024,0.279623866081
2.3799943924,0.121212124825,0.773724973202,0.494176745415,0.279548227787
2.41172790527,0.121212124825,0.747589290142,0.468857973814,0.278731316328
2.44346094131,0.121212124825,0.720701277256,0.443571299314,0.277129977942
2.47519421577,0.121212124825,0.693087339401,0.4184037745,0.274683564901
2.50692749023,0.121212124825,0.664775550365,0.393460065126,0.271315485239
2.53866076469,0.121212124825,0.635794341564,0.368859857321,0.266934484243
2.57039403915,0.121212124825,0.606172978878,0.344730705023,0.261442273855
2.60212731361,0.121212124825,0.575941264629,0.321202516556,0.254738748074
2.63386058807,0.121212124825,0.545129597187,0.298401325941,0.246728271246
2.66559386253,0.121212124825,0.513769030571,0.276441216469,0.237327814102
2.69732713699,0.121212124825,0.481891155243,0.255419582129,0.226471573114
2.72906041145,0.121212124825,0.449528068304,0.235413089395,0.214114978909
2.76079368591,0.121212124825,0.416712284088,0.216475397348,0.20023688674
2.79252696037,0.121212124825,0.38347697258,0.198637485504,0.184839487076
2.82426023483,0.121212124825,0.349855512381,0.181907713413,0.167947798967
2.85599327087,0.121212124825,0.315882027149,0.166275754571,0.149606272578
2.88772678375,0.121212124825,0.281589925289,0.151714593172,0.129875332117
2.91945981979,0.121212124825,0.247014865279,0.138185173273,0.108829692006
2.95119309425,0.121212124825,0.212190791965,0.125637829304,0.0865529626608
2.98292636871,0.121212124825,0.177153065801,0.114018313587,0.063134752214
3.01465964317,0.121212124825,0.141936957836,0.103267595172,0.0386693626642
3.04639291763,0.121212124825,0.106577947736,0.0933262109756,0.0132517367601
3.07812619209,0.121212124825,0.0711116045713,0.0841352641582,0.0130236595869
3.10985946655,0.121212124825,0.0355736613274,0.0756366699934,0.040063008666
3.14159274101,0.121212124825,-9.80194769795e-08,0.0677764937282,0.0677765905857
0,0.13131313026,0,0.0798928812146,0.0798928812146
0.0317332595587,0.13131313026,0.0358942262828,0.0885821506381,0.0526879243553
0.0634665191174,0.13131313026,0.0717523172498,0.0976307243109,0.0258784070611
0.095199778676,0.13131313026,0.10753814131,0.10705833137,0.000479809939861
0.126933038235,0.13131313026,0.143215700984,0.116888180375,0.0263275206089
0.158666297793,0.13131313026,0.178749039769,0.127145722508,0.0516033172607
0.190399557352,0.13131313026,0.214102402329,0.137858629227,0.0762437731028
0.222132816911,0.13131313026,0.249240189791,0.149056270719,0.100183919072
0.253866076469,0.13131313026,0.284126996994,0.160768136382,0.123358860612
0.285599350929,0.13131313026,0.318727761507,0.173024743795,0.145703017712
0.317332595587,0.13131313026,0.353007525206,0.185854673386,0.16715285182
0.349065840244,0.13131313026,0.386931836605,0.199285075068,0.187646761537
0.380799114704,0.13131313026,0.420466601849,0.213339298964,0.207127302885
0.412532389164,0.13131313026,0.4535779953,0.228036358953,0.225541636348
0.444265633821,0.13131313026,0.486232608557,0.243388921022,0.242843687534
0.475998878479,0.13131313026,0.518397688866,0.259405314922,0.258992373943
0.507732152939,0.13131313026,0.550040781498,0.27609115839,0.273949623108
0.539465427399,0.13131313026,0.581129968166,0.293460249901,0.287669718266
0.571198701859,0.13131313026,0.611634075642,0.311552673578,0.300081402063
0.602931916714,0.13131313026,0.641522228718,0.330453187227,0.311069041491
0.634665191174,0.13131313026,0.670764565468,0.350286155939,0.320478409529
0.666398465633,0.13131313026,0.699331343174,0.371157109737,0.328174233437
0.698131680489,0.13131313026,0.727194011211,0.393060207367,0.334133803844
0.729864954948,0.13131313026,0.754324436188,0.415851861238,0.338472574949
0.761598229408,0.13131313026,0.780695438385,0.439350664616,0.341344773769
0.793331503868,0.13131313026,0.806280255318,0.463460862637,0.342819392681
0.825064778328,0.13131313026,0.831053256989,0.488190382719,0.342862874269
0.856797993183,0.13131313026,0.854989409447,0.513597249985,0.341392159462
0.888531267643,0.13131313026,0.878064632416,0.539744973183,0.338319659233
0.920264542103,0.13131313026,0.900255739689,0.566681444645,0.333574295044
0.951997756958,0.13131313026,0.921540379524,0.594424664974,0.32711571455
0.983731031418,0.13131313026,0.941897153854,0.622948467731,0.318948686123
1.01546430588,0.13131313026,0.961305499077,0.652183413506,0.309122085571
1.04719758034,0.13131313026,0.979745864868,0.682030916214,0.297714948654
1.0789308548,0.13131313026,0.997199773788,0.712379693985,0.284820079803
1.11066412926,0.13131313026,1.01364958286,0.7430960536,0.270553529263
1.14239740372,0.13131313026,1.02907860279,0.773978769779,0.255099833012
1.17413055897,0.13131313026,1.04347145557,0.804699659348,0.238771796227
1.20586383343,0.13131313026,1.05681371689,0.834763050079,0.222050666809
1.23759710789,0.13131313026,1.06909179688,0.86350107193,0.205590724945
1.26933038235,0.13131313026,1.08029341698,0.890112519264,0.190180897713
1.30106365681,0.13131313026,1.09040725231,0.913751840591,0.17665541172
1.33279693127,0.13131313026,1.09942317009,0.933690965176,0.165732204914
1.36453020573,0.13131313026,1.1073319912,0.94950824976,0.157823741436
1.39626336098,0.13131313026,1.11412584782,0.961172223091,0.152953624725
1.42799663544,0.13131313026,1.11979794502,0.96895980835,0.150838136673
1.4597299099,0.13131313026,1.12434244156,0.973284363747,0.151058077812
1.49146318436,0.13131313026,1.12775480747,0.974571943283,0.153182864189
1.52319645882,0.13131313026,1.1300317049,0.973227679729,0.156804025173
1.55492973328,0.13131313026,1.13117063046,0.969645917416,0.161524713039
1.58666300774,0.13131313026,1.13117063046,0.964076161385,0.16709446907
1.6183962822,0.13131313026,1.1300317049,0.956290662289,0.173741042614
1.65012955666,0.13131313026,1.12775480747,0.94576716423,0.181987643242
1.68186283112,0.13131313026,1.12434244156,0.932969987392,0.191372454166
1.71359610558,0.13131313026,1.11979794502,0.919658482075,0.200139462948
1.74532938004,0.13131313026,1.11412584782,0.906999528408,0.207126319408
1.77706253529,0.13131313026,1.1073319912,0.894478976727,0.212853014469
1.80879580975,0.13131313026,1.09942317009,0.880953073502,0.218470096588
1.84052908421,0.13131313026,1.09040725231,0.865816354752,0.22459089756
1.87226235867,0.13131313026,1.08029341698,0.849134624004,0.231158792973
1.90399563313,0.13131313026,1.06909167767,0.831231176853,0.237860500813
1.93572890759,0.13131313026,1.05681371689,0.812366604805,0.244447112083
1.96746218204,0.13131313026,1.04347145557,0.792660713196,0.250810742378
1.9991953373,0.13131313026,1.02907860279,0.772143900394,0.256934702396
2.03092861176,0.13131313026,1.01364946365,0.750831961632,0.262817502022
2.06266188622,0.13131313026,0.997199714184,0.728767156601,0.268432557583
2.09439516068,0.13131313026,0.979745864868,0.706027209759,0.273718655109
2.12612843513,0.13131313026,0.961305439472,0.682712197304,0.278593242168
2.15786170959,0.13131313026,0.94189709425,0.658925831318,0.282971262932
2.18959498405,0.13131313026,0.921540379524,0.634760856628,0.286779522896
2.22132825851,0.13131313026,0.900255680084,0.610290825367,0.289964854717
2.25306153297,0.13131313026,0.878064513206,0.585570633411,0.292493879795
2.28479480743,0.13131313026,0.854989230633,0.560640633106,0.294348597527
2.31652784348,0.13131313026,0.831053316593,0.535536587238,0.295516729355
2.34826135635,0.13131313026,0.806280076504,0.510294735432,0.295985341072
2.3799943924,0.13131313026,0.780695438385,0.484962314367,0.295733124018
2.41172790527,0.13131313026,0.754324316978,0.459600538015,0.294723778963
2.44346094131,0.13131313026,0.727194070816,0.434289723635,0.292904347181
2.47519421577,0.13131313026,0.699331343174,0.409127533436,0.290203809738
2.50692749023,0.13131313026,0.670764446259,0.384228646755,0.286535799503
2.53866076469,0.13131313026,0.641522169113,0.359719872475,0.281802296638
2.57039403915,0.13131313026,0.611633956432,0.335733652115,0.275900304317
2.60212731361,0.13131313026,0.581129908562,0.31240233779,0.268727570772
2.63386058807,0.13131313026,0.550040662289,0.28984951973,0.260191142559
2.66559386253,0.13131313026,0.518397569656,0.268184870481,0.250212699175
2.69732713699,0.13131313026,0.486232489347,0.247498720884,0.238733768463
2.72906041145,0.13131313026,0.453577846289,0.227858677506,0.225719168782
2.76079368591,0.13131313026,0.420466452837,0.209309622645,0.211156830192
2.79252696037,0.13131313026,0.386931717396,0.191872358322,0.195059359074
2.82426023483,0.13131313026,0.353007346392,0.175547257066,0.177460089326
2.85599327087,0.13131313026,0.318727791309,0.160315930843,0.158411860466
2.88772678375,0.13131313026,0.284126758575,0.146144986153,0.137981772423
2.91945981979,0.13131313026,0.249240219593,0.132990628481,0.116249591112
2.95119309425,0.13131313026,0.214102402329,0.120800070465,0.0933023318648
2.98292636871,0.13131313026,0.178749024868,0.109516561031,0.0692324638367
3.01465964317,0.13131313026,0.143215671182,0.0990801006556,0.0441355705261
3.04639291763,0.13131313026,0.107538104057,0.0894308760762,0.0181072279811
3.07812619209,0.13131313026,0.0717522501945,0.0805100947618,0.0087578445673
3.10985946655,0.13131313026,0.0358941443264,0.0722612142563,0.0363670699298
3.14159274101,0.13131313026,-9.89025323861e-08,0.0646303519607,0.0646304488182
0,0.141414135695,0,0.075625859201,0.075625859201
0.0317332595587,0.141414135695,0.0362147130072,0.0841543003917,0.0479395873845
0.0634665191174,0.141414135695,0.072392962873,0.0930322408676,0.0206392779946
0.095199778676,0.141414135695,0.108498312533,0.102278485894,0.0062198266387
0.126933038235,0.141414135695,0.144494429231,0.111914873123,0.0325795561075
0.158666297793,0.141414135695,0.180345028639,0.121966056526,0.0583789721131
0.190399557352,0.141414135695,0.216014057398,0.132458895445,0.083555161953
0.222132816911,0.141414135695,0.251465559006,0.143422603607,0.108042955399
0.253866076469,0.141414135695,0.286663860083,0.15488743782,0.131776422262
0.285599350929,0.141414135695,0.32157355547,0.166884303093,0.154689252377
0.317332595587,0.141414135695,0.356159389019,0.179443702102,0.176715686917
0.349065840244,0.141414135695,0.390386611223,0.192594543099,0.197792068124
0.380799114704,0.141414135695,0.4242208004,0.206363126636,0.217857673764
0.412532389164,0.141414135695,0.457627803087,0.220771789551,0.236856013536
0.444265633821,0.141414135695,0.490574002266,0.23583689332,0.254737108946
0.475998878479,0.141414135695,0.523026227951,0.251569479704,0.271456748247
0.507732152939,0.141414135695,0.5549518466,0.267975479364,0.286976367235
0.539465427399,0.141414135695,0.586318671703,0.285062730312,0.301255941391
0.571198701859,0.141414135695,0.617095112801,0.302855491638,0.314239621162
0.602931916714,0.141414135695,0.647250175476,0.321414530277,0.325835645199
0.634665191174,0.141414135695,0.676753520966,0.340849608183,0.335903912783
0.666398465633,0.141414135695,0.705575406551,0.361288934946,0.344286471605
0.698131680489,0.141414135695,0.733686864376,0.382792651653,0.350894212723
0.729864954948,0.141414135695,0.761059522629,0.40527895093,0.355780571699
0.761598229408,0.141414135695,0.787665963173,0.428566485643,0.35909947753
0.793331503868,0.141414135695,0.813479244709,0.452511012554,0.360968232155
0.825064778328,0.141414135695,0.838473379612,0.477076679468,0.361396700144
0.856797993183,0.141414135695,0.862623274326,0.502304315567,0.360318958759
0.888531267643,0.141414135695,0.885904550552,0.528254687786,0.357649862766
0.920264542103,0.141414135695,0.908293843269,0.554980993271,0.353312849998
0.951997756958,0.141414135695,0.929768502712,0.582513749599,0.347254753113
0.983731031418,0.141414135695,0.950307011604,0.610847473145,0.33945953846
1.01546430588,0.141414135695,0.969888627529,0.639932453632,0.329956173897
1.04719758034,0.141414135695,0.988493621349,0.66968357563,0.318810045719
1.0789308548,0.141414135695,1.00610339642,0.699994444847,0.306108951569
1.11066412926,0.141414135695,1.02270007133,0.730738341808,0.291961729527
1.14239740372,0.141414135695,1.0382668972,0.761732578278,0.276534318924
1.17413055897,0.141414135695,1.0527882576,0.792679131031,0.260109126568
1.20586383343,0.141414135695,1.06624960899,0.823114991188,0.243134617805
1.23759710789,0.141414135695,1.07863736153,0.852395892143,0.226241469383
1.26933038235,0.141414135695,1.08993887901,0.879722297192,0.210216581821
1.30106365681,0.141414135695,1.10014307499,0.904214024544,0.195929050446
1.33279693127,0.141414135695,1.10923945904,0.9250613451,0.184178113937
1.36453020573,0.141414135695,1.11721897125,0.941727399826,0.175491571426
1.39626336098,0.141414135695,1.1240735054,0.954079389572,0.169994115829
1.42799663544,0.141414135695,1.12979614735,0.962337493896,0.16745865345
1.4597299099,0.141414135695,1.13438129425,0.966910481453,0.167470812798
1.49146318436,0.141414135695,1.13782417774,0.968255996704,0.169568181038
1.52319645882,0.141414135695,1.14012134075,0.966839492321,0.173281848431
1.55492973328,0.141414135695,1.1412705183,0.963121235371,0.178149282932
1.58666300774,0.141414135695,1.1412705183,0.957356214523,0.18391430378
1.6183962822,0.141414135695,1.14012134075,0.949260890484,0.190860450268
1.65012955666,0.141414135695,1.13782417774,0.938423991203,0.199400186539
1.68186283112,0.141414135695,1.13438129425,0.925627589226,0.208753705025
1.71359610558,0.141414135695,1.12979614735,0.912649810314,0.217146337032
1.74532938004,0.141414135695,1.1240735054,0.900272130966,0.223801374435
1.77706253529,0.141414135695,1.11721897125,0.887718677521,0.229500293732
1.80879580975,0.141414135695,1.10923945904,0.873918235302,0.235321223736
1.84052908421,0.141414135695,1.10014307499,0.858453452587,0.241689622402
1.87226235867,0.141414135695,1.08993887901,0.841494083405,0.248444795609
1.90399563313,0.141414135695,1.07863724232,0.823369443417,0.255267798901
1.93572890759,0.141414135695,1.06624960899,0.804309785366,0.261939823627
1.96746218204,0.141414135695,1.0527882576,0.78440964222,0.268378615379
1.9991953373,0.141414135695,1.03826677799,0.763697564602,0.27456921339
2.03092861176,0.141414135695,1.02269995213,0.742199778557,0.280500173569
2.06266188622,0.141414135695,1.00610327721,0.719973325729,0.286129951477
2.09439516068,0.141414135695,0.988493621349,0.697105467319,0.29138815403
2.12612843513,0.141414135695,0.969888567924,0.67369812727,0.296190440655
2.15786170959,0.141414135695,0.950306952,0.649849355221,0.300457596779
2.18959498405,0.141414135695,0.929768502712,0.625641405582,0.30412709713
2.22132825851,0.141414135695,0.90829372406,0.601137459278,0.307156264782
2.25306153297,0.141414135695,0.885904431343,0.576382577419,0.309521853924
2.28479480743,0.141414135695,0.862623155117,0.551412880421,0.311210274696
2.31652784348,0.141414135695,0.838473439217,0.526261925697,0.312211513519
2.34826135635,0.141414135695,0.813479065895,0.500970602036,0.31250846386
2.3799943924,0.141414135695,0.787665963173,0.475592702627,0.312073260546
2.41172790527,0.141414135695,0.761059403419,0.45019865036,0.310860753059
2.44346094131,0.141414135695,0.733686923981,0.424879521132,0.308807402849
2.47519421577,0.141414135695,0.705575406551,0.399743288755,0.305832117796
2.50692749023,0.141414135695,0.676753461361,0.374913692474,0.301839768887
2.53866076469,0.141414135695,0.647250115871,0.350524038076,0.296726077795
2.57039403915,0.141414135695,0.617095053196,0.326710551977,0.290384501219
2.60212731361,0.141414135695,0.586318612099,0.303605318069,0.282713294029
2.63386058807,0.141414135695,0.554951786995,0.281329005957,0.273622781038
2.66559386253,0.141414135695,0.523026168346,0.259985148907,0.26304101944
2.69732713699,0.141414135695,0.490573883057,0.239655986428,0.25091791153
2.72906041145,0.141414135695,0.457627683878,0.220399990678,0.2372276932
2.76079368591,0.141414135695,0.424220621586,0.20225225389,0.221968367696
2.79252696037,0.141414135695,0.390386492014,0.18522426486,0.205162227154
2.82426023483,0.141414135695,0.356159210205,0.169308125973,0.186851084232
2.85599327087,0.141414135695,0.321573615074,0.154478371143,0.167095243931
2.88772678375,0.141414135695,0.286663621664,0.140695884824,0.14596773684
2.91945981979,0.141414135695,0.251465588808,0.127913013101,0.123552575707
2.95119309425,0.141414135695,0.216014057398,0.11607375741,0.0999402999878
2.98292636871,0.141414135695,0.180345013738,0.105119906366,0.0752251073718
3.01465964317,0.141414135695,0.144494384527,0.094990581274,0.0495038032532
3.04639291763,0.141414135695,0.108498267829,0.0856264159083,0.0228718519211
3.07812619209,0.141414135695,0.0723928958178,0.0769689008594,0.0045760050416
3.10985946655,0.141414135695,0.0362146310508,0.0689624100924,0.0327477790415
3.14159274101,0.141414135695,-9.97855948981e-08,0.0615546703339,0.0615547709167
0,0.151515156031,0,0.071432299912,0.071432299912
0.0317332595587,0.151515156031,0.036535192281,0.079804174602,0.043268982321
0.0634665191174,0.151515156031,0.0730336084962,0.0885170847178,0.0154834762216
0.095199778676,0.151515156031,0.109458468854,0.0975879654288,0.0118705034256
0.126933038235,0.151515156031,0.145773127675,0.107037313282,0.0387358143926
0.158666297793,0.151515156031,0.181940987706,0.116888582706,0.0650524049997
0.190399557352,0.151515156031,0.217925667763,0.127167850733,0.09075781703
0.222132816911,0.151515156031,0.253690928221,0.137904047966,0.115786880255
0.253866076469,0.151515156031,0.289200693369,0.149127498269,0.1400731951
0.285599350929,0.151515156031,0.324419349432,0.160869449377,0.163549900055
0.317332595587,0.151515156031,0.35931122303,0.173161745071,0.186149477959
0.349065840244,0.151515156031,0.393841356039,0.186035230756,0.207806125283
0.380799114704,0.151515156031,0.427974939346,0.19951839745,0.228456541896
0.412532389164,0.151515156031,0.461677610874,0.21363671124,0.248040899634
0.444265633821,0.151515156031,0.49491533637,0.228410318494,0.266505002975
0.475998878479,0.151515156031,0.527654767036,0.243854045868,0.283800721169
0.507732152939,0.151515156031,0.559862911701,0.259975850582,0.299887061119
0.539465427399,0.151515156031,0.591507315636,0.27678129077,0.314726024866
0.571198701859,0.151515156031,0.622556090355,0.294283568859,0.328272521496
0.602931916714,0.151515156031,0.652978003025,0.31252259016,0.340455412865
0.634665191174,0.151515156031,0.682742476463,0.331584841013,0.35115763545
0.666398465633,0.151515156031,0.711819410324,0.351598531008,0.360220879316
0.698131680489,0.151515156031,0.740179598331,0.372672408819,0.367507189512
0.729864954948,0.151515156031,0.767794549465,0.394798219204,0.372996330261
0.761598229408,0.151515156031,0.794636428356,0.417827904224,0.376808524132
0.793331503868,0.151515156031,0.820678114891,0.441584378481,0.37909373641
0.825064778328,0.151515156031,0.845893502235,0.465980440378,0.379913061857
0.856797993183,0.151515156031,0.870257079601,0.491029024124,0.379228055477
0.888531267643,0.151515156031,0.893744409084,0.516783475876,0.376960933208
0.920264542103,0.151515156031,0.916331768036,0.543298363686,0.37303340435
0.951997756958,0.151515156031,0.937996506691,0.570612609386,0.367383897305
0.983731031418,0.151515156031,0.958716750145,0.598737299442,0.359979450703
1.01546430588,0.151515156031,0.978471696377,0.6276435256,0.350828170776
1.04719758034,0.151515156031,0.997241318226,0.657262325287,0.339978992939
1.0789308548,0.151515156031,1.01500689983,0.687497258186,0.327509641647
1.11066412926,0.151515156031,1.0317504406,0.718228816986,0.313521623611
1.14239740372,0.151515156031,1.0474550724,0.749290168285,0.298164904118
1.17413055897,0.151515156031,1.06210494041,0.780411958694,0.28169298172
1.20586383343,0.151515156031,1.07568538189,0.811166107655,0.264519274235
1.23759710789,0.151515156031,1.08818268776,0.840936541557,0.247246146202
1.26933038235,0.151515156031,1.09958434105,0.868932366371,0.230651974678
1.30106365681,0.151515156031,1.10987877846,0.894248664379,0.215630114079
1.33279693127,0.151515156031,1.11905574799,0.916000127792,0.203055620193
1.36453020573,0.151515156031,1.1271058321,0.933531582355,0.193574249744
1.39626336098,0.151515156031,1.13402104378,0.946592032909,0.187429010868
1.42799663544,0.151515156031,1.13979434967,0.955329954624,0.184464395046
1.4597299099,0.151515156031,1.14442002773,0.960142433643,0.18427759409
1.49146318436,0.151515156031,1.14789330959,0.961525142193,0.1863681674
1.52319645882,0.151515156031,1.15021085739,0.96001791954,0.190192937851
1.55492973328,0.151515156031,1.15137016773,0.956153094769,0.195217072964
1.58666300774,0.151515156031,1.15137016773,0.950184106827,0.201186060905
1.6183962822,0.151515156031,1.15021085739,0.941787004471,0.208423852921
1.65012955666,0.151515156031,1.14789330959,0.930717945099,0.217175364494
1.68186283112,0.151515156031,1.14442002773,0.918045520782,0.22637450695
1.71359610558,0.151515156031,1.13979434967,0.905446171761,0.23434817791
1.74532938004,0.151515156031,1.13402104378,0.893297433853,0.240723609924
1.77706253529,0.151515156031,1.1271058321,0.880646288395,0.246459543705
1.80879580975,0.151515156031,1.11905574799,0.86654984951,0.252505898476
1.84052908421,0.151515156031,1.10987877846,0.850770652294,0.259108126163
1.87226235867,0.151515156031,1.09958434105,0.833556175232,0.266028165817
1.90399563313,0.151515156031,1.08818268776,0.815227270126,0.272955417633
1.93572890759,0.151515156031,1.07568538189,0.795979976654,0.279705405235
1.96746218204,0.151515156031,1.06210494041,0.775892138481,0.286212801933
1.9991953373,0.151515156031,1.04745495319,0.754992961884,0.29246199131
2.03092861176,0.151515156031,1.03175032139,0.733322322369,0.29842799902
2.06266188622,0.151515156031,1.01500689983,0.710950911045,0.304055988789
2.09439516068,0.151515156031,0.997241318226,0.68797326088,0.309268057346
2.12612843513,0.151515156031,0.978471636772,0.664489507675,0.313982129097
2.15786170959,0.151515156031,0.95871669054,0.64059060812,0.31812608242
2.18959498405,0.151515156031,0.937996506691,0.616348206997,0.321648299694
2.22132825851,0.151515156031,0.916331708431,0.591814041138,0.324517667294
2.25306153297,0.151515156031,0.893744289875,0.567026555538,0.326717734337
2.28479480743,0.151515156031,0.870256960392,0.542017281055,0.328239679337
2.31652784348,0.151515156031,0.84589356184,0.516821861267,0.329071700573
2.34826135635,0.151515156031,0.820677995682,0.491485327482,0.3291926682
2.3799943924,0.151515156031,0.794636428356,0.466070383787,0.328566044569
2.41172790527,0.151515156031,0.767794430256,0.440657496452,0.327136933804
2.44346094131,0.151515156031,0.740179657936,0.415348410606,0.32483124733
2.47519421577,0.151515156031,0.711819410324,0.390260994434,0.32155841589
2.50692749023,0.151515156031,0.682742416859,0.365527451038,0.31721496582
2.53866076469,0.151515156031,0.65297794342,0.341286301613,0.311691641808
2.57039403915,0.151515156031,0.62255603075,0.317675709724,0.304880321026
2.60212731361,0.151515156031,0.591507256031,0.294826239347,0.296681016684
2.63386058807,0.151515156031,0.559862792492,0.272853583097,0.287009209394
2.66559386253,0.151515156031,0.527654707432,0.251854538918,0.275800168514
2.69732713699,0.151515156031,0.494915246964,0.231902331114,0.26301291585
2.72906041145,0.151515156031,0.461677461863,0.213045686483,0.248631775379
2.76079368591,0.151515156031,0.427974790335,0.195309937,0.232664853334
2.79252696037,0.151515156031,0.393841207027,0.178698003292,0.215143203735
2.82426023483,0.151515156031,0.359311074018,0.163193315268,0.196117758751
2.85599327087,0.151515156031,0.324419379234,0.148764759302,0.175654619932
2.88772678375,0.151515156031,0.28920045495,0.135367974639,0.153832480311
2.91945981979,0.151515156031,0.253690928221,0.122951440513,0.130739480257
2.95119309425,0.151515156031,0.217925667763,0.111457549036,0.106468118727
2.98292636871,0.151515156031,0.181940972805,0.100826539099,0.0811144337058
3.01465964317,0.151515156031,0.145773097873,0.0909974128008,0.0547756850719
3.04639291763,0.151515156031,0.109458424151,0.0819108486176,0.0275475755334
3.07812619209,0.151515156031,0.073033541441,0.0735092386603,0.000475697219372
3.10985946655,0.151515156031,0.0365351140499,0.0657384172082,0.0292033031583
3.14159274101,0.151515156031,-1.00668650305e-07,0.0585468187928,0.0585469193757
0,0.161616161466,0,0.0673106908798,0.0673106908798
0.0317332595587,0.161616161466,0.0368556790054,0.0755298882723,0.0386742092669
0.0634665191174,0.161616161466,0.07367426157,0.0840825736523,0.0104083120823
0.095199778676,0.161616161466,0.110418640077,0.0929837301373,0.0174349099398
0.126933038235,0.161616161466,0.147051855922,0.102252140641,0.0447997152805
0.158666297793,0.161616161466,0.183536976576,0.11191034317,0.0716266334057
0.190399557352,0.161616161466,0.21983730793,0.12198292464,0.0978543832898
0.222132816911,0.161616161466,0.255916297436,0.132498264313,0.123418033123
0.253866076469,0.161616161466,0.291737556458,0.143486440182,0.148251116276
0.285599350929,0.161616161466,0.327265143394,0.154979169369,0.172285974026
0.317332595587,0.161616161466,0.362463116646,0.167008817196,0.19545429945
0.349065840244,0.161616161466,0.397296130657,0.179607987404,0.217688143253
0.380799114704,0.161616161466,0.431729137897,0.192806899548,0.23892223835
0.412532389164,0.161616161466,0.465727418661,0.206634283066,0.259093135595
0.444265633821,0.161616161466,0.49925673008,0.221113815904,0.278142929077
0.475998878479,0.161616161466,0.532283365726,0.236263930798,0.296019434929
0.507732152939,0.161616161466,0.564774036407,0.252096116543,0.312677919865
0.539465427399,0.161616161466,0.596696019173,0.268616765738,0.328079253435
0.571198701859,0.161616161466,0.628017127514,0.285832732916,0.342184394598
0.602931916714,0.161616161466,0.658705949783,0.30376753211,0.354938417673
0.634665191174,0.161616161466,0.688731491566,0.322482645512,0.366248846054
0.666398465633,0.161616161466,0.718063533306,0.342090576887,0.375972956419
0.698131680489,0.161616161466,0.746672451496,0.36272341013,0.383949041367
0.729864954948,0.161616161466,0.774529635906,0.384441912174,0.390087723732
0.761598229408,0.161616161466,0.801607012749,0.407159000635,0.394448012114
0.793331503868,0.161616161466,0.827877104282,0.430693626404,0.397183477879
0.825064778328,0.161616161466,0.853313624859,0.454908668995,0.398404955864
0.856797993183,0.161616161466,0.877890944481,0.47977617383,0.398114770651
0.888531267643,0.161616161466,0.901584327221,0.505335390568,0.396248936653
0.920264542103,0.161616161466,0.924369812012,0.531638979912,0.3927308321
0.951997756958,0.161616161466,0.946224570274,0.558730125427,0.387494444847
0.983731031418,0.161616161466,0.967126607895,0.586632370949,0.380494236946
1.01546430588,0.161616161466,0.987054824829,0.615334928036,0.371719896793
1.04719758034,0.161616161466,1.00598907471,0.644788384438,0.361200690269
1.0789308548,0.161616161466,1.02391052246,0.674909055233,0.349001467228
1.11066412926,0.161616161466,1.04080092907,0.705587029457,0.335213899612
1.14239740372,0.161616161466,1.0566432476,0.736670017242,0.319973230362
1.17413055897,0.161616161466,1.07142162323,0.767915248871,0.303506374359
1.20586383343,0.161616161466,1.08512127399,0.798930346966,0.286190927029
1.23759710789,0.161616161466,1.09772825241,0.829130887985,0.268597364426
1.26933038235,0.161616161466,1.10922992229,0.857743144035,0.251486778259
1.30106365681,0.161616161466,1.11961472034,0.883846342564,0.235768377781
1.33279693127,0.161616161466,1.12887203693,0.90648829937,0.222383737564
1.36453020573,0.161616161466,1.13699281216,0.924894928932,0.212097883224
1.39626336098,0.161616161466,1.14396858215,0.938682317734,0.20528626442
1.42799663544,0.161616161466,1.1497926712,0.947910130024,0.20188254118
1.4597299099,0.161616161466,1.15445888042,0.9529556036,0.201503276825
1.49146318436,0.161616161466,1.15796267986,0.954358696938,0.203603982925
1.52319645882,0.161616161466,1.16030049324,0.952748000622,0.207552492619
1.55492973328,0.161616161466,1.16146993637,0.948732495308,0.212737441063
1.58666300774,0.161616161466,1.16146993637,0.942556858063,0.218913078308
1.6183962822,0.161616161466,1.16030049324,0.933882951736,0.226417541504
1.65012955666,0.161616161466,1.15796267986,0.922680735588,0.235281944275
1.68186283112,0.161616161466,1.15445888042,0.910244107246,0.244214773178
1.71359610558,0.161616161466,1.1497926712,0.898036599159,0.251756072044
1.74532938004,0.161616161466,1.14396858215,0.886049568653,0.2579190135
1.77706253529,0.161616161466,1.13699281216,0.873241841793,0.263750970364
1.80879580975,0.161616161466,1.12887203693,0.858838260174,0.27003377676
1.84052908421,0.161616161466,1.11961472034,0.842764139175,0.276850581169
1.87226235867,0.161616161466,1.10922992229,0.825317978859,0.283911943436
1.90399563313,0.161616161466,1.09772825241,0.806799292564,0.290928959846
1.93572890759,0.161616161466,1.08512127399,0.787373423576,0.297747850418
1.96746218204,0.161616161466,1.07142162323,0.767104566097,0.304317057133
1.9991953373,0.161616161466,1.0566432476,0.746028959751,0.310614287853
2.03092861176,0.161616161466,1.04080092907,0.724200725555,0.316600203514
2.06266188622,0.161616161466,1.02391052246,0.701702296734,0.322208225727
2.09439516068,0.161616161466,1.00598907471,0.678632318974,0.327356755733
2.12612843513,0.161616161466,0.987054765224,0.655087649822,0.331967115402
2.15786170959,0.161616161466,0.96712654829,0.631149828434,0.335976719856
2.18959498405,0.161616161466,0.946224570274,0.606879353523,0.339345216751
2.22132825851,0.161616161466,0.924369752407,0.582318425179,0.342051327229
2.25306153297,0.161616161466,0.901584208012,0.557499229908,0.344084978104
2.28479480743,0.161616161466,0.877890825272,0.532451927662,0.34543889761
2.31652784348,0.161616161466,0.853313744068,0.507215023041,0.346098721027
2.34826135635,0.161616161466,0.827876985073,0.481839954853,0.34603703022
2.3799943924,0.161616161466,0.801607012749,0.456399142742,0.345207870007
2.41172790527,0.161616161466,0.774529516697,0.430983573198,0.343545943499
2.44346094131,0.161616161466,0.746672511101,0.405705630779,0.340966880322
2.47519421577,0.161616161466,0.718063533306,0.380692899227,0.337370634079
2.50692749023,0.161616161466,0.688731431961,0.35608407855,0.332647353411
2.53866076469,0.161616161466,0.658705890179,0.332021713257,0.326684176922
2.57039403915,0.161616161466,0.628017067909,0.308644652367,0.319372415543
2.60212731361,0.161616161466,0.596695959568,0.28607994318,0.310616016388
2.63386058807,0.161616161466,0.564773917198,0.264437317848,0.30033659935
2.66559386253,0.161616161466,0.532283246517,0.243805587292,0.288477659225
2.69732713699,0.161616161466,0.499256640673,0.224248066545,0.275008559227
2.72906041145,0.161616161466,0.465727299452,0.205804035068,0.259923279285
2.76079368591,0.161616161466,0.431728959084,0.188489198685,0.243239760399
2.79252696037,0.161616161466,0.397295981646,0.17229744792,0.224998533726
2.82426023483,0.161616161466,0.362462937832,0.157205581665,0.205257356167
2.85599327087,0.161616161466,0.327265173197,0.14317625761,0.184088915586
2.88772678375,0.161616161466,0.291737318039,0.130160912871,0.161576405168
2.91945981979,0.161616161466,0.255916297436,0.118105404079,0.137810885906
2.95119309425,0.161616161466,0.21983730793,0.106950215995,0.112887091935
2.98292636871,0.161616161466,0.183536961675,0.096634529531,0.0869024321437
3.01465964317,0.161616161466,0.147051811218,0.0870978087187,0.0599540024996
3.04639291763,0.161616161466,0.110418595374,0.0782814994454,0.0321370959282
3.07812619209,0.161616161466,0.0736741870642,0.0701287984848,0.00354538857937
3.10985946655,0.161616161466,0.036855597049,0.0625864714384,0.0257308743894
3.14159274101,0.161616161466,-1.01551712817e-07,0.0556049160659,0.0556050166488
0,0.171717166901,0,0.0632584840059,0.0632584840059
0.0317332595587,0.171717166901,0.0371761620045,0.0713292062283,0.0341530442238
0.0634665191174,0.171717166901,0.0743148997426,0.0797261372209,0.00541123747826
0.095199778676,0.171717166901,0.111378796399,0.0884629264474,0.0229158699512
0.126933038235,0.171717166901,0.148330554366,0.0975567623973,0.0507737919688
0.158666297793,0.171717166901,0.185132950544,0.107028223574,0.0781047269702
0.190399557352,0.171717166901,0.221748933196,0.116901047528,0.104847885668
0.222132816911,0.171717166901,0.258141636848,0.127202510834,0.130939126015
0.253866076469,0.171717166901,0.294274419546,0.137962177396,0.15631224215
0.285599350929,0.171717166901,0.330110907555,0.149211794138,0.180899113417
0.317332595587,0.171717166901,0.365614950657,0.160984098911,0.204630851746
0.349065840244,0.171717166901,0.400750845671,0.173312783241,0.227438062429
0.380799114704,0.171717166901,0.435483306646,0.186230167747,0.2492531389
0.412532389164,0.171717166901,0.469777226448,0.199767068028,0.270010173321
0.444265633821,0.171717166901,0.503598093987,0.21395085752,0.289647221565
0.475998878479,0.171717166901,0.536911904812,0.228803545237,0.308108359575
0.507732152939,0.171717166901,0.569685101509,0.244341045618,0.325344055891
0.539465427399,0.171717166901,0.601884663105,0.26057189703,0.341312766075
0.571198701859,0.171717166901,0.633478164673,0.277501404285,0.355976760387
0.602931916714,0.171717166901,0.664433777332,0.295141667128,0.369292110205
0.634665191174,0.171717166901,0.694720447063,0.313532203436,0.381188243628
0.666398465633,0.171717166901,0.724307537079,0.332760840654,0.391546696424
0.698131680489,0.171717166901,0.753165245056,0.352959662676,0.40020558238
0.729864954948,0.171717166901,0.781264662743,0.37423941493,0.407025247812
0.761598229408,0.171717166901,0.808577477932,0.396588921547,0.411988556385
0.793331503868,0.171717166901,0.835075974464,0.419856905937,0.415219068527
0.825064778328,0.171717166901,0.860733747482,0.443870395422,0.41686335206
0.856797993183,0.171717166901,0.885524749756,0.46855160594,0.416973143816
0.888531267643,0.171717166901,0.909424126148,0.493914663792,0.415509462357
0.920264542103,0.171717166901,0.932407796383,0.520007252693,0.41240054369
0.951997756958,0.171717166901,0.954452574253,0.546873688698,0.407578885555
0.983731031418,0.171717166901,0.975536346436,0.574544012547,0.400992333889
1.01546430588,0.171717166901,0.995637893677,0.603023588657,0.392614305019
1.04719758034,0.171717166901,1.01473677158,0.632281959057,0.382454812527
1.0789308548,0.171717166901,1.03281402588,0.662251591682,0.370562434196
1.11066412926,0.171717166901,1.04985129833,0.69283425808,0.357017040253
1.14239740372,0.171717166901,1.06583142281,0.723892331123,0.341939091682
1.17413055897,0.171717166901,1.08073830605,0.755207836628,0.325530469418
1.20586383343,0.171717166901,1.09455704689,0.786423206329,0.308133840561
1.23759710789,0.171717166901,1.10727369785,0.816990554333,0.29028314352
1.26933038235,0.171717166901,1.11887538433,0.84615790844,0.272717475891
1.30106365681,0.171717166901,1.12935042381,0.87299913168,0.256351292133
1.33279693127,0.171717166901,1.13868832588,0.896506369114,0.242181956768
1.36453020573,0.171717166901,1.146879673,0.915789186954,0.23109048605
1.39626336098,0.171717166901,1.15391612053,0.930319547653,0.223596572876
1.42799663544,0.171717166901,1.15979075432,0.940049171448,0.21974158287
1.4597299099,0.171717166901,1.1644974947,0.945324718952,0.219172775745
1.49146318436,0.171717166901,1.16803181171,0.946738123894,0.22129368782
1.52319645882,0.171717166901,1.17039000988,0.945018589497,0.225371420383
1.55492973328,0.171717166901,1.17156970501,0.940855443478,0.230714261532
1.58666300774,0.171717166901,1.17156970501,0.93447893858,0.23709076643
1.6183962822,0.171717166901,1.17039000988,0.925571262836,0.244818747044
1.65012955666,0.171717166901,1.16803181171,0.914347410202,0.253684401512
1.68186283112,0.171717166901,1.1644974947,0.902237594128,0.26225990057
1.71359610558,0.171717166901,1.15979075432,0.89040440321,0.269386351109
1.74532938004,0.171717166901,1.15391612053,0.878502190113,0.275413930416
1.77706253529,0.171717166901,1.146879673,0.865488111973,0.281391561031
1.80879580975,0.171717166901,1.13868832588,0.850776791573,0.287911534309
1.84052908421,0.171717166901,1.12935042381,0.834431111813,0.294919312
1.87226235867,0.171717166901,1.11887538433,0.816775977612,0.302099406719
1.90399563313,0.171717166901,1.10727357864,0.798081636429,0.309191942215
1.93572890759,0.171717166901,1.09455704689,0.77848559618,0.31607145071
1.96746218204,0.171717166901,1.08073830605,0.758044958115,0.322693347931
1.9991953373,0.171717166901,1.06583142281,0.736805677414,0.329025745392
2.03092861176,0.171717166901,1.04985129833,0.714836418629,0.335014879704
2.06266188622,0.171717166901,1.03281402588,0.692229151726,0.340584874153
2.09439516068,0.171717166901,1.01473677158,0.669084310532,0.345652461052
2.12612843513,0.171717166901,0.995637774467,0.64549279213,0.350144982338
2.15786170959,0.171717166901,0.975536286831,0.621525764465,0.354010522366
2.18959498405,0.171717166901,0.954452574253,0.59723263979,0.357219934464
2.22132825851,0.171717166901,0.932407736778,0.572647631168,0.35976010561
2.25306153297,0.171717166901,0.909424006939,0.547798216343,0.361625790596
2.28479480743,0.171717166901,0.885524630547,0.522715330124,0.362809300423
2.31652784348,0.171717166901,0.860733807087,0.497441828251,0.363291978836
2.34826135635,0.171717166901,0.835075855255,0.472037374973,0.363038480282
2.3799943924,0.171717166901,0.808577477932,0.446584522724,0.361992955208
2.41172790527,0.171717166901,0.781264483929,0.421185076237,0.360079407692
2.44346094131,0.171717166901,0.753165304661,0.395962119102,0.357203185558
2.47519421577,0.171717166901,0.724307537079,0.371051579714,0.353255957365
2.50692749023,0.171717166901,0.694720387459,0.346597880125,0.348122507334
2.53866076469,0.171717166901,0.664433717728,0.322745829821,0.341687887907
2.57039403915,0.171717166901,0.633478045464,0.299632608891,0.333845436573
2.60212731361,0.171717166901,0.6018846035,0.277381002903,0.324503600597
2.63386058807,0.171717166901,0.5696849823,0.256093382835,0.313591599464
2.66559386253,0.171717166901,0.536911785603,0.235849201679,0.301062583923
2.69732713699,0.171717166901,0.503597974777,0.216702565551,0.286895394325
2.72906041145,0.171717166901,0.469777077436,0.19868221879,0.271094858646
2.76079368591,0.171717166901,0.435483127832,0.181794539094,0.253688573837
2.79252696037,0.171717166901,0.400750696659,0.166026026011,0.234724670649
2.82426023483,0.171717166901,0.365614771843,0.151346340775,0.214268431067
2.85599327087,0.171717166901,0.330110937357,0.137712925673,0.192398011684
2.88772678375,0.171717166901,0.294274151325,0.125074282289,0.169199869037
2.91945981979,0.171717166901,0.258141666651,0.113373324275,0.144768342376
2.95119309425,0.171717166901,0.221748933196,0.10254919529,0.119199737906
2.98292636871,0.171717166901,0.185132920742,0.0925415828824,0.0925913378596
3.01465964317,0.171717166901,0.148330524564,0.0832900479436,0.0650404766202
3.04639291763,0.171717166901,0.111378751695,0.0747360289097,0.0366427227855
3.07812619209,0.171717166901,0.0743148326874,0.0668249428272,0.00748988986015
3.10985946655,0.171717166901,0.0371760800481,0.0595044791698,0.0223283991218
3.14159274101,0.171717166901,-1.02434768223e-07,0.0527261570096,0.0527262575924
0,0.181818187237,0,0.0592747554183,0.0592747554183
0.0317332595587,0.181818187237,0.0374966487288,0.0671998485923,0.0297031998634
0.0634665191174,0.181818187237,0.0749555528164,0.0754452347755,0.000489681959152
0.095199778676,0.181818187237,0.112338967621,0.0840229690075,0.0283159986138
0.126933038235,0.181818187237,0.149609282613,0.0929478034377,0.0566614791751
0.158666297793,0.181818187237,0.186728924513,0.102239094675,0.0844898298383
0.190399557352,0.181818187237,0.223660573363,0.11191920191,0.111741371453
0.222132816911,0.181818187237,0.260367006063,0.122014008462,0.13835299015
0.253866076469,0.181818187237,0.296811282635,0.132552281022,0.164259001613
0.285599350929,0.181818187237,0.332956701517,0.143565312028,0.189391389489
0.317332595587,0.181818187237,0.36876681447,0.155086398125,0.213680416346
0.349065840244,0.181818187237,0.404205620289,0.16714964807,0.237055972219
0.380799114704,0.181818187237,0.439237475395,0.179788932204,0.25944852829
0.412532389164,0.181818187237,0.473827034235,0.193037211895,0.28078982234
0.444265633821,0.181818187237,0.507939457893,0.206924721599,0.301014721394
0.475998878479,0.181818187237,0.541540503502,0.221477538347,0.320062965155
0.507732152939,0.181818187237,0.574596226215,0.236715510488,0.337880730629
0.539465427399,0.181818187237,0.607073366642,0.2526512146,0.354422152042
0.571198701859,0.181818187237,0.638939201832,0.269290685654,0.369648516178
0.602931916714,0.181818187237,0.670161724091,0.286640793085,0.383520931005
0.634665191174,0.181818187237,0.700709462166,0.304723113775,0.395986348391
0.666398465633,0.181818187237,0.730551600456,0.323599606752,0.406951993704
0.698131680489,0.181818187237,0.759658098221,0.343384981155,0.416273117065
0.729864954948,0.181818187237,0.787999749184,0.364215046167,0.423784703016
0.761598229408,0.181818187237,0.81554800272,0.386149704456,0.429398298264
0.793331503868,0.181818187237,0.842274963856,0.409097760916,0.43317720294
0.825064778328,0.181818187237,0.86815392971,0.432878434658,0.435275495052
0.856797993183,0.181818187237,0.89315867424,0.45736220479,0.43579646945
0.888531267643,0.181818187237,0.917264044285,0.482526898384,0.434737145901
0.920264542103,0.181818187237,0.940445840359,0.508408367634,0.432037472725
0.951997756958,0.181818187237,0.962680697441,0.535049140453,0.427631556988
0.983731031418,0.181818187237,0.983946204185,0.562482714653,0.421463489532
1.01546430588,0.181818187237,1.00422096252,0.590724945068,0.413496017456
1.04719758034,0.181818187237,1.02348458767,0.619762480259,0.40372210741
1.0789308548,0.181818187237,1.04171764851,0.649546504021,0.392171144485
1.11066412926,0.181818187237,1.05890190601,0.679993450642,0.378908455372
1.14239740372,0.181818187237,1.07501971722,0.71097946167,0.364040255547
1.17413055897,0.181818187237,1.09005510807,0.742310881615,0.347744226456
1.20586383343,0.181818187237,1.103992939,0.773663938046,0.33032900095
1.23759710789,0.181818187237,1.1168192625,0.804529190063,0.312290072441
1.26933038235,0.181818187237,1.12852084637,0.834183096886,0.294337749481
1.30106365681,0.181818187237,1.13908624649,0.861703038216,0.277383208275
1.33279693127,0.181818187237,1.14850461483,0.886037766933,0.262466847897
1.36453020573,0.181818187237,1.15676653385,0.906187474728,0.250579059124
1.39626336098,0.181818187237,1.16386377811,0.921471595764,0.24239218235
1.42799663544,0.181818187237,1.16978907585,0.931715726852,0.238073348999
1.4597299099,0.181818187237,1.17453634739,0.937224984169,0.23731136322
1.49146318436,0.181818187237,1.17810118198,0.938646733761,0.239454448223
1.52319645882,0.181818187237,1.18047964573,0.936824321747,0.243655323982
1.55492973328,0.181818187237,1.18166947365,0.932524979115,0.249144494534
1.58666300774,0.181818187237,1.18166947365,0.925963938236,0.255705535412
1.6183962822,0.181818187237,1.18047964573,0.916885256767,0.263594388962
1.65012955666,0.181818187237,1.17810118198,0.905754804611,0.272346377373
1.68186283112,0.181818187237,1.17453634739,0.894033849239,0.28050249815
1.71359610558,0.181818187237,1.16978907585,0.882528185844,0.287260890007
1.74532938004,0.181818187237,1.16386377811,0.870630502701,0.293233275414
1.77706253529,0.181818187237,1.15676653385,0.857371389866,0.299395143986
1.80879580975,0.181818187237,1.14850461483,0.842360794544,0.306143820286
1.84052908421,0.181818187237,1.13908624649,0.825769245625,0.313317000866
1.87226235867,0.181818187237,1.12852084637,0.807926893234,0.320593953133
1.90399563313,0.181818187237,1.1168191433,0.789070010185,0.32774913311
1.93572890759,0.181818187237,1.103992939,0.769312798977,0.334680140018
1.96746218204,0.181818187237,1.09005510807,0.748711228371,0.3413438797
1.9991953373,0.181818187237,1.07501959801,0.727323412895,0.347696185112
2.03092861176,0.181818187237,1.0589017868,0.705231130123,0.353670656681
2.06266188622,0.181818187237,1.04171764851,0.682533919811,0.359183728695
2.09439516068,0.181818187237,1.02348458767,0.659331083298,0.364153504372
2.12612843513,0.181818187237,1.00422096252,0.63570535183,0.368515610695
2.15786170959,0.181818187237,0.983946144581,0.611717224121,0.37222892046
2.18959498405,0.181818187237,0.962680697441,0.587405800819,0.375274896622
2.22132825851,0.181818187237,0.940445780754,0.562798917294,0.377646863461
2.25306153297,0.181818187237,0.917263925076,0.537921607494,0.379342317581
2.28479480743,0.181818187237,0.893158495426,0.51280683279,0.380351662636
2.31652784348,0.181818187237,0.868153989315,0.4875035882,0.380650401115
2.34826135635,0.181818187237,0.842274844646,0.462081313133,0.380193531513
2.3799943924,0.181818187237,0.81554800272,0.436633020639,0.37891498208
2.41172790527,0.181818187237,0.78799957037,0.411271929741,0.376727640629
2.44346094131,0.181818187237,0.759658157825,0.386130303144,0.373527854681
2.47519421577,0.181818187237,0.730551600456,0.361351817846,0.36919978261
2.50692749023,0.181818187237,0.700709402561,0.337084889412,0.363624513149
2.53866076469,0.181818187237,0.670161664486,0.313474446535,0.356687217951
2.57039403915,0.181818187237,0.638939142227,0.290655314922,0.348283827305
2.60212731361,0.181818187237,0.607073247433,0.268743932247,0.338329315186
2.63386058807,0.181818187237,0.574596107006,0.247834414244,0.326761692762
2.66559386253,0.181818187237,0.541540384293,0.227996498346,0.313543885946
2.69732713699,0.181818187237,0.507939338684,0.209274083376,0.298665255308
2.72906041145,0.181818187237,0.473826915026,0.191686466336,0.282140433788
2.76079368591,0.181818187237,0.439237296581,0.175230845809,0.264006435871
2.79252696037,0.181818187237,0.404205471277,0.159886151552,0.244319319725
2.82426023483,0.181818187237,0.368766635656,0.145616546273,0.223150089383
2.85599327087,0.181818187237,0.332956761122,0.132374927402,0.20058183372
2.88772678375,0.181818187237,0.296811014414,0.120106734335,0.176704287529
2.91945981979,0.181818187237,0.260367035866,0.108753211796,0.15161383152
2.95119309425,0.181818187237,0.223660573363,0.098253056407,0.125407516956
2.98292636871,0.181818187237,0.186728909612,0.0885452628136,0.0981836467981
3.01465964317,0.181818187237,0.149609237909,0.0795708149672,0.0700384229422
3.04639291763,0.181818187237,0.112338922918,0.0712720304728,0.0410668924451
3.07812619209,0.181818187237,0.0749554783106,0.063595071435,0.0113604068756
3.10985946655,0.181818187237,0.0374965667725,0.0564893782139,0.0189928114414
3.14159274101,0.181818187237,-1.03317830735e-07,0.0499080680311,0.0499081723392
0,0.191919192672,0,0.0553579963744,0.0553579963744
0.0317332595587,0.191919192672,0.0378171317279,0.0631404221058,0.0253232903779
0.0634665191174,0.191919192672,0.075596190989,0.0712379589677,0.00435823202133
0.095199778676,0.191919192672,0.113299123943,0.0796608552337,0.0336382687092
0.126933038235,0.191919192672,0.150887981057,0.0884223803878,0.0624656006694
0.158666297793,0.191919192672,0.188324898481,0.0975398719311,0.0907850265503
0.190399557352,0.191919192672,0.225572198629,0.107034139335,0.118538059294
0.222132816911,0.191919192672,0.262592375278,0.116929396987,0.145662978292
0.253866076469,0.191919192672,0.299348115921,0.127253636718,0.172094479203
0.285599350929,0.191919192672,0.33580249548,0.138037383556,0.197765111923
0.317332595587,0.191919192672,0.371918648481,0.149313896894,0.222604751587
0.349065840244,0.191919192672,0.407660365105,0.161117345095,0.24654302001
0.380799114704,0.191919192672,0.442991644144,0.173483282328,0.269508361816
0.412532389164,0.191919192672,0.477876842022,0.186445891857,0.291430950165
0.444265633821,0.191919192672,0.5122808218,0.200038269162,0.312242567539
0.475998878479,0.191919192672,0.546168982983,0.214289858937,0.331879138947
0.507732152939,0.191919192672,0.579507231712,0.229224562645,0.350282669067
0.539465427399,0.191919192672,0.612262010574,0.244859457016,0.367402553558
0.571198701859,0.191919192672,0.644400179386,0.261203914881,0.383196264505
0.602931916714,0.191919192672,0.67588955164,0.278262883425,0.397626668215
0.634665191174,0.191919192672,0.706698417664,0.2960473001,0.410651117563
0.666398465633,0.191919192672,0.736795604229,0.314595073462,0.422200530767
0.698131680489,0.191919192672,0.766150832176,0.333995372057,0.432155460119
0.729864954948,0.191919192672,0.794734716415,0.354383170605,0.440351545811
0.761598229408,0.191919192672,0.822518467903,0.375871181488,0.446647286415
0.793331503868,0.191919192672,0.849473893642,0.398445129395,0.451028764248
0.825064778328,0.191919192672,0.875573992729,0.421949893236,0.453624099493
0.856797993183,0.191919192672,0.90079241991,0.44621771574,0.45457470417
0.888531267643,0.191919192672,0.925103902817,0.471178591251,0.453925311565
0.920264542103,0.191919192672,0.94848382473,0.496847331524,0.451636493206
0.951997756958,0.191919192672,0.97090870142,0.523262143135,0.447646558285
0.983731031418,0.191919192672,0.992356002331,0.5504565835,0.441899418831
1.01546430588,0.191919192672,1.01280403137,0.578451991081,0.434352040291
1.04719758034,0.191919192672,1.03223228455,0.607248961926,0.42498332262
1.0789308548,0.191919192672,1.05062127113,0.63681614399,0.413805127144
1.11066412926,0.191919192672,1.06795227528,0.667087316513,0.400864958763
1.14239740372,0.191919192672,1.08420789242,0.697955012321,0.386252880096
1.17413055897,0.191919192672,1.09937179089,0.729247033596,0.37012475729
1.20586383343,0.191919192672,1.11342871189,0.760673522949,0.352755188942
1.23759710789,0.191919192672,1.12636458874,0.791763901711,0.334600687027
1.26933038235,0.191919192672,1.1381663084,0.821828365326,0.316337943077
1.30106365681,0.191919192672,1.14882194996,0.84995663166,0.298865318298
1.33279693127,0.191919192672,1.15832090378,0.875067353249,0.283253550529
1.36453020573,0.191919192672,1.1666533947,0.896061956882,0.270591437817
1.39626336098,0.191919192672,1.17381119728,0.912104487419,0.261706709862
1.42799663544,0.191919192672,1.17978715897,0.922876775265,0.256910383701
1.4597299099,0.191919192672,1.18457508087,0.928631067276,0.255944013596
1.49146318436,0.191919192672,1.18817031384,0.930071949959,0.258098363876
1.52319645882,0.191919192672,1.19056916237,0.928165197372,0.262403964996
1.55492973328,0.191919192672,1.19176912308,0.923752069473,0.268017053604
1.58666300774,0.191919192672,1.19176912308,0.917036473751,0.274732649326
1.6183962822,0.191919192672,1.19056916237,0.907865643501,0.282703518867
1.65012955666,0.191919192672,1.18817031384,0.896936953068,0.291233360767
1.68186283112,0.191919192672,1.18457508087,0.885632991791,0.298942089081
1.71359610558,0.191919192672,1.17978715897,0.874384522438,0.305402636528
1.74532938004,0.191919192672,1.17381119728,0.862412571907,0.311398625374
1.77706253529,0.191919192672,1.1666533947,0.848881721497,0.317771673203
1.80879580975,0.191919192672,1.15832090378,0.833587169647,0.324733734131
1.84052908421,0.191919192672,1.14882194996,0.816777288914,0.332044661045
1.87226235867,0.191919192672,1.1381663084,0.798768043518,0.339398264885
1.90399563313,0.191919192672,1.12636458874,0.779761373997,0.346603214741
1.93572890759,0.191919192672,1.11342871189,0.759853422642,0.353575289249
1.96746218204,0.191919192672,1.09937179089,0.739103496075,0.360268294811
1.9991953373,0.191919192672,1.08420777321,0.717583417892,0.366624355316
2.03092861176,0.191919192672,1.06795215607,0.695387244225,0.372564911842
2.06266188622,0.191919192672,1.05062115192,0.672618746758,0.378002405167
2.09439516068,0.191919192672,1.03223228455,0.649373412132,0.382858872414
2.12612843513,0.191919192672,1.01280403137,0.62572479248,0.387079238892
2.15786170959,0.191919192672,0.992355883121,0.601722419262,0.39063346386
2.18959498405,0.191919192672,0.97090870142,0.57739675045,0.39351195097
2.22132825851,0.191919192672,0.948483705521,0.552770256996,0.395713448524
2.25306153297,0.191919192672,0.925103724003,0.527867794037,0.397235929966
2.28479480743,0.191919192672,0.900792300701,0.502726435661,0.39806586504
2.31652784348,0.191919192672,0.875574052334,0.477403223515,0.398170828819
2.34826135635,0.191919192672,0.849473714828,0.451977580786,0.397496134043
2.3799943924,0.191919192672,0.822518467903,0.426553755999,0.395964711905
2.41172790527,0.191919192672,0.794734597206,0.401255398989,0.393479198217
2.44346094131,0.191919192672,0.766150951385,0.376224219799,0.389926731586
2.47519421577,0.191919192672,0.736795604229,0.351608723402,0.385186880827
2.50692749023,0.191919192672,0.706698298454,0.327560931444,0.37913736701
2.53866076469,0.191919192672,0.675889492035,0.304224163294,0.371665328741
2.57039403915,0.191919192672,0.644400119781,0.281728208065,0.362671911716
2.60212731361,0.191919192672,0.612261891365,0.260182648897,0.352079242468
2.63386058807,0.191919192672,0.579507172108,0.239672347903,0.339834809303
2.66559386253,0.191919192672,0.546168923378,0.220257028937,0.325911879539
2.69732713699,0.191919192672,0.512280702591,0.201970085502,0.310310602188
2.72906041145,0.191919192672,0.47787669301,0.184821590781,0.29305511713
2.76079368591,0.191919192672,0.44299146533,0.168800771236,0.274190694094
2.79252696037,0.191919192672,0.407660216093,0.153879329562,0.253780901432
2.82426023483,0.191919192672,0.371918469667,0.140016406775,0.231902062893
2.85599327087,0.191919192672,0.335802525282,0.127161204815,0.208641320467
2.88772678375,0.191919192672,0.2993478477,0.115256801248,0.184091046453
2.91945981979,0.191919192672,0.262592375278,0.104243144393,0.158349230886
2.95119309425,0.191919192672,0.225572198629,0.0940586701035,0.131513535976
2.98292636871,0.191919192672,0.18832488358,0.0846429690719,0.103681914508
3.01465964317,0.191919192672,0.150887951255,0.0759375616908,0.074950389564
3.04639291763,0.191919192672,0.113299079239,0.0678861215711,0.0454129576683
3.07812619209,0.191919192672,0.0755961239338,0.0604360476136,0.0151600763202
3.10985946655,0.191919192672,0.0378170460463,0.0535385459661,0.0157214999199
3.14159274101,0.191919192672,-1.04200886142e-07,0.0471476539969,0.0471477583051
0,0.202020198107,0,0.0515078119934,0.0515078119934
0.0317332595587,0.202020198107,0.038137614727,0.0591491013765,0.0210114866495
0.0634665191174,0.202020198107,0.0762368366122,0.067102022469,0.00913481414318
0.095199778676,0.202020198107,0.114259280264,0.0753742307425,0.0388850495219
0.126933038235,0.202020198107,0.152166679502,0.0839776843786,0.0681889951229
0.158666297793,0.202020198107,0.189920857549,0.0929272174835,0.0969936400652
0.190399557352,0.202020198107,0.227483808994,0.102242186666,0.125241622329
0.222132816911,0.202020198107,0.264817714691,0.111945316195,0.152872398496
0.253866076469,0.202020198107,0.301884949207,0.122063167393,0.179821789265
0.285599350929,0.202020198107,0.33864825964,0.132625311613,0.206022948027
0.317332595587,0.202020198107,0.375070482492,0.143664315343,0.23140616715
0.349065840244,0.202020198107,0.411115080118,0.15521478653,0.255900293589
0.380799114704,0.202020198107,0.446745783091,0.167312696576,0.279433071613
0.412532389164,0.202020198107,0.481926620007,0.179993703961,0.301932930946
0.444265633821,0.202020198107,0.516622126102,0.193293273449,0.323328852654
0.475998878479,0.202020198107,0.550797522068,0.207243323326,0.343554198742
0.507732152939,0.202020198107,0.584418296814,0.221872583032,0.362545728683
0.539465427399,0.202020198107,0.617450594902,0.237201943994,0.38024866581
0.571198701859,0.202020198107,0.64986115694,0.253245472908,0.396615684032
0.602931916714,0.202020198107,0.681617379189,0.270009726286,0.411607652903
0.634665191174,0.202020198107,0.712687313557,0.287499785423,0.425187528133
0.666398465633,0.202020198107,0.743039608002,0.305736213923,0.437303394079
0.698131680489,0.202020198107,0.772643625736,0.324780225754,0.447863399982
0.729864954948,0.202020198107,0.801469743252,0.344748169184,0.456721574068
0.761598229408,0.202020198107,0.829488933086,0.365778565407,0.46371036768
0.793331503868,0.202020198107,0.856672763824,0.387930482626,0.468742281199
0.825064778328,0.202020198107,0.882994055748,0.411108285189,0.471885770559
0.856797993183,0.202020198107,0.908426225185,0.43513122201,0.473295003176
0.888531267643,0.202020198107,0.932943701744,0.459878116846,0.473065584898
0.920264542103,0.202020198107,0.956521749496,0.48533052206,0.471191227436
0.951997756958,0.202020198107,0.979136645794,0.51151829958,0.467618346214
0.983731031418,0.202020198107,1.00076568127,0.538472533226,0.462293148041
1.01546430588,0.202020198107,1.02138710022,0.566215753555,0.455171346664
1.04719758034,0.202020198107,1.04097998142,0.594757020473,0.446222960949
1.0789308548,0.202020198107,1.05952477455,0.624081432819,0.435443341732
1.11066412926,0.202020198107,1.07700264454,0.654140353203,0.422862291336
1.14239740372,0.202020198107,1.09339606762,0.684843957424,0.408552110195
1.17413055897,0.202020198107,1.1086884737,0.71604180336,0.392646670341
1.20586383343,0.202020198107,1.12286448479,0.747475504875,0.375388979912
1.23759710789,0.202020198107,1.13591003418,0.778715014458,0.357195019722
1.26933038235,0.202020198107,1.14781177044,0.80910718441,0.338704586029
1.30106365681,0.202020198107,1.15855765343,0.837762892246,0.320794761181
1.33279693127,0.202020198107,1.16813719273,0.863583743572,0.304553449154
1.36453020573,0.202020198107,1.17654025555,0.885386765003,0.291153490543
1.39626336098,0.202020198107,1.18375873566,0.902183413506,0.281575322151
1.42799663544,0.202020198107,1.18978536129,0.913499295712,0.276286065578
1.4597299099,0.202020198107,1.19461381435,0.919518589973,0.27509522438
1.49146318436,0.202020198107,1.1982395649,0.921004891396,0.2772346735
1.52319645882,0.202020198107,1.20065867901,0.919048726559,0.28160995245
1.55492973328,0.202020198107,1.20186889172,0.914556324482,0.287312567234
1.58666300774,0.202020198107,1.20186889172,0.907730460167,0.294138431549
1.6183962822,0.202020198107,1.20065867901,0.898559629917,0.302099049091
1.65012955666,0.202020198107,1.1982395649,0.887924194336,0.31031537056
1.68186283112,0.202020198107,1.19461381435,0.877028405666,0.317585408688
1.71359610558,0.202020198107,1.18978536129,0.865948736668,0.323836624622
1.74532938004,0.202020198107,1.18375873566,0.853829801083,0.329928934574
1.77706253529,0.202020198107,1.17654025555,0.840012192726,0.33652806282
1.80879580975,0.202020198107,1.16813719273,0.824455499649,0.343681693077
1.84052908421,0.202020198107,1.15855765343,0.807454049587,0.35110360384
1.87226235867,0.202020198107,1.14781177044,0.789296984673,0.358514785767
1.90399563313,0.202020198107,1.13591003418,0.770152747631,0.365757286549
1.93572890759,0.202020198107,1.12286448479,0.750105619431,0.372758865356
1.96746218204,0.202020198107,1.1086884737,0.729222178459,0.379466295242
1.9991953373,0.202020198107,1.09339594841,0.707588076591,0.385807871819
2.03092861176,0.202020198107,1.07700252533,0.685307443142,0.391695082188
2.06266188622,0.202020198107,1.05952465534,0.662485539913,0.397039115429
2.09439516068,0.202020198107,1.04097998142,0.639211833477,0.401768147945
2.12612843513,0.202020198107,1.02138698101,0.615550041199,0.405836939812
2.15786170959,0.202020198107,1.00076568127,0.591539144516,0.409226536751
2.18959498405,0.202020198107,0.979136645794,0.567202627659,0.411934018135
2.22132825851,0.202020198107,0.956521689892,0.542559444904,0.413962244987
2.25306153297,0.202020198107,0.932943582535,0.517636358738,0.415307223797
2.28479480743,0.202020198107,0.908426105976,0.492475986481,0.415950119495
2.31652784348,0.202020198107,0.882994115353,0.467145204544,0.415848910809
2.34826135635,0.202020198107,0.856672644615,0.441733717918,0.414938926697
2.3799943924,0.202020198107,0.829488933086,0.416357040405,0.413131892681
2.41172790527,0.202020198107,0.801469624043,0.391149014235,0.410320609808
2.44346094131,0.202020198107,0.772643685341,0.366258591413,0.406385093927
2.47519421577,0.202020198107,0.743039608002,0.341839253902,0.401200354099
2.50692749023,0.202020198107,0.712687253952,0.31804305315,0.394644200802
2.53866076469,0.202020198107,0.681617319584,0.295010924339,0.386606395245
2.57039403915,0.202020198107,0.649861097336,0.272866100073,0.376994997263
2.60212731361,0.202020198107,0.617450535297,0.25171020627,0.365740329027
2.63386058807,0.202020198107,0.584418177605,0.231618270278,0.352799892426
2.66559386253,0.202020198107,0.550797402859,0.212639287114,0.338158130646
2.69732713699,0.202020198107,0.516622066498,0.194797098637,0.321824967861
2.72906041145,0.202020198107,0.481926470995,0.178092494607,0.303833961487
2.76079368591,0.202020198107,0.446745604277,0.162506833673,0.284238755703
2.79252696037,0.202020198107,0.411114931107,0.148006618023,0.263108313084
2.82426023483,0.202020198107,0.375070303679,0.13454566896,0.240524634719
2.85599327087,0.202020198107,0.338648289442,0.122070498765,0.216577798128
2.88772678375,0.202020198107,0.301884680986,0.110522322357,0.191362351179
2.91945981979,0.202020198107,0.264817714691,0.0998406112194,0.164977103472
2.95119309425,0.202020198107,0.227483808994,0.0899636596441,0.13752014935
2.98292636871,0.202020198107,0.189920842648,0.0808319747448,0.109088867903
3.01465964317,0.202020198107,0.152166649699,0.0723875164986,0.0797791332006
3.04639291763,0.202020198107,0.114259235561,0.0645756497979,0.049683585763
3.07812619209,0.202020198107,0.0762367621064,0.0573453754187,0.0188913866878
3.10985946655,0.202020198107,0.0381375290453,0.0506488308311,0.0125113017857
3.14159274101,0.202020198107,-1.05083941548e-07,0.0444420911372,0.0444421954453
0,0.212121218443,0,0.0477231293917,0.0477231293917
0.0317332595587,0.212121218443,0.0384581014514,0.0552252158523,0.0167671144009
0.0634665191174,0.212121218443,0.076877489686,0.0630357712507,0.0138417184353
0.095199778676,0.212121218443,0.115219451487,0.0711611360312,0.0440583154559
0.126933038235,0.212121218443,0.153445407748,0.0796108320355,0.0738345757127
0.158666297793,0.212121218443,0.191516846418,0.088398270309,0.103118576109
0.190399557352,0.212121218443,0.229395449162,0.0975404381752,0.131855010986
0.222132816911,0.212121218443,0.267043083906,0.107058487833,0.159984588623
0.253866076469,0.212121218443,0.304421812296,0.116977259517,0.187444552779
0.285599350929,0.212121218443,0.341494053602,0.127325609326,0.214168444276
0.317332595587,0.212121218443,0.378222376108,0.13813470304,0.240087673068
0.349065840244,0.212121218443,0.414569854736,0.149439483881,0.265130370855
0.380799114704,0.212121218443,0.450499981642,0.161275610328,0.289224386215
0.412532389164,0.212121218443,0.485976457596,0.173680439591,0.312296032906
0.444265633821,0.212121218443,0.520963549614,0.186690330505,0.334273219109
0.475998878479,0.212121218443,0.555426120758,0.200340732932,0.355085372925
0.507732152939,0.212121218443,0.58932942152,0.214663267136,0.374666154385
0.539465427399,0.212121218443,0.622639298439,0.229683607817,0.392955690622
0.571198701859,0.212121218443,0.655322253704,0.24542081356,0.409901440144
0.602931916714,0.212121218443,0.687345325947,0.261884778738,0.425460547209
0.634665191174,0.212121218443,0.718676328659,0.279079645872,0.439596682787
0.666398465633,0.212121218443,0.749283671379,0.29701474309,0.452268928289
0.698131680489,0.212121218443,0.779136478901,0.315726965666,0.463409513235
0.729864954948,0.212121218443,0.808204829693,0.335304886103,0.47289994359
0.761598229408,0.212121218443,0.836459457874,0.35588607192,0.480573385954
0.793331503868,0.212121218443,0.863871753216,0.377584397793,0.486287355423
0.825064778328,0.212121218443,0.890414237976,0.400381207466,0.49003303051
0.856797993183,0.212121218443,0.91606014967,0.424119144678,0.491941004992
0.888531267643,0.212121218443,0.940783619881,0.448635071516,0.492148548365
0.920264542103,0.212121218443,0.964559793472,0.473865687847,0.490694105625
0.951997756958,0.212121218443,0.987364768982,0.499823629856,0.487541139126
0.983731031418,0.212121218443,1.00917553902,0.526536405087,0.48263913393
1.01546430588,0.212121218443,1.02997028828,0.554024636745,0.475945651531
1.04719758034,0.212121218443,1.04972779751,0.582301080227,0.467426717281
1.0789308548,0.212121218443,1.06842839718,0.611361920834,0.457066476345
1.11066412926,0.212121218443,1.08605313301,0.641176044941,0.44487708807
1.14239740372,0.212121218443,1.10258436203,0.671672105789,0.430912256241
1.17413055897,0.212121218443,1.11800527573,0.702721238136,0.41528403759
1.20586383343,0.212121218443,1.1323004961,0.734096050262,0.398204445839
1.23759710789,0.212121218443,1.14545559883,0.765405416489,0.380050182343
1.26933038235,0.212121218443,1.15745723248,0.796037137508,0.361420094967
1.30106365681,0.212121218443,1.16829359531,0.825128793716,0.343164801598
1.33279693127,0.212121218443,1.17795348167,0.851578712463,0.326374769211
1.36453020573,0.212121218443,1.1864272356,0.874137938023,0.312289297581
1.39626336098,0.212121218443,1.19370639324,0.891674280167,0.302032113075
1.42799663544,0.212121218443,1.19978356361,0.903548955917,0.296234607697
1.4597299099,0.212121218443,1.20465266705,0.909865915775,0.29478675127
1.49146318436,0.212121218443,1.20830881596,0.911442637444,0.296866178513
1.52319645882,0.212121218443,1.21074831486,0.909490287304,0.301258027554
1.55492973328,0.212121218443,1.21196866035,0.904966533184,0.307002127171
1.58666300774,0.212121218443,1.21196866035,0.898089528084,0.313879132271
1.6183962822,0.212121218443,1.21074831486,0.8890157938,0.321732521057
1.65012955666,0.212121218443,1.20830881596,0.878739416599,0.329569399357
1.68186283112,0.212121218443,1.20465266705,0.868207275867,0.336445391178
1.71359610558,0.212121218443,1.19978356361,0.857196390629,0.342587172985
1.74532938004,0.212121218443,1.19370639324,0.844868242741,0.348838150501
1.77706253529,0.212121218443,1.1864272356,0.830760061741,0.355667173862
1.80879580975,0.212121218443,1.17795348167,0.814966320992,0.362987160683
1.84052908421,0.212121218443,1.16829359531,0.797798931599,0.370494663715
1.87226235867,0.212121218443,1.15745723248,0.779511630535,0.37794560194
1.90399563313,0.212121218443,1.14545547962,0.760242581367,0.385212898254
1.93572890759,0.212121218443,1.1323004961,0.74006909132,0.392231404781
1.96746218204,0.212121218443,1.11800527573,0.719068646431,0.398936629295
1.9991953373,0.212121218443,1.10258424282,0.697339594364,0.405244648457
2.03092861176,0.212121218443,1.08605313301,0.674993813038,0.411059319973
2.06266188622,0.212121218443,1.06842827797,0.652135550976,0.416292726994
2.09439516068,0.212121218443,1.04972779751,0.628846406937,0.420881390572
2.12612843513,0.212121218443,1.02997016907,0.605179607868,0.424790561199
2.15786170959,0.212121218443,1.00917553902,0.58116543293,0.428010106087
2.18959498405,0.212121218443,0.987364768982,0.556821167469,0.430543601513
2.22132825851,0.212121218443,0.964559733868,0.532165050507,0.432394683361
2.25306153297,0.212121218443,0.940783500671,0.507227480412,0.43355602026
2.28479480743,0.212121218443,0.916059970856,0.482058852911,0.434001117945
2.31652784348,0.212121218443,0.890414297581,0.45673546195,0.43367883563
2.34826135635,0.212121218443,0.863871574402,0.431358605623,0.432512968779
2.3799943924,0.212121218443,0.836459457874,0.406054973602,0.430404484272
2.41172790527,0.212121218443,0.808204710484,0.380966991186,0.427237719297
2.44346094131,0.212121218443,0.779136538506,0.356249779463,0.422886759043
2.47519421577,0.212121218443,0.749283671379,0.332060009241,0.417223662138
2.50692749023,0.212121218443,0.718676269054,0.308548003435,0.410128265619
2.53866076469,0.212121218443,0.687345266342,0.285850554705,0.401494711637
2.57039403915,0.212121218443,0.655322194099,0.264083683491,0.391238510609
2.60212731361,0.212121218443,0.622639238834,0.243339091539,0.379300147295
2.63386058807,0.212121218443,0.589329302311,0.22368195653,0.365647345781
2.66559386253,0.212121218443,0.555426001549,0.205150902271,0.350275099277
2.69732713699,0.212121218443,0.520963430405,0.187759935856,0.333203494549
2.72906041145,0.212121218443,0.485976308584,0.171501815319,0.314474493265
2.76079368591,0.212121218443,0.450499802828,0.156350836158,0.294148981571
2.79252696037,0.212121218443,0.414569705725,0.142267540097,0.272302150726
2.82426023483,0.212121218443,0.378222197294,0.129203021526,0.249019175768
2.85599327087,0.212121218443,0.341494083405,0.117100864649,0.224393218756
2.88772678375,0.212121218443,0.304421544075,0.105900861323,0.198520690203
2.91945981979,0.212121218443,0.267043113708,0.095542781055,0.171500325203
2.95119309425,0.212121218443,0.229395449162,0.0859648287296,0.143430620432
2.98292636871,0.212121218443,0.191516831517,0.0771084278822,0.114408403635
3.01465964317,0.212121218443,0.153445377946,0.0689169690013,0.0845284089446
3.04639291763,0.212121218443,0.115219406784,0.0613372772932,0.0538821294904
3.07812619209,0.212121218443,0.0768774151802,0.054319344461,0.0225580707192
3.10985946655,0.212121218443,0.0384580157697,0.0478170402348,0.00935902446508
3.14159274101,0.212121218443,-1.0596700406e-07,0.0417879708111,0.0417880751193
0,0.222222223878,0,0.0440039820969,0.0440039820969
0.0317332595587,0.222222223878,0.0387785844505,0.0513677895069,0.0125892050564
0.0634665191174,0.222222223878,0.0775181278586,0.0590379834175,0.0184801444411
0.095199778676,0.222222223878,0.116179607809,0.0670192688704,0.0491603389382
0.126933038235,0.222222223878,0.154724106193,0.0753194019198,0.0794047042727
0.158666297793,0.222222223878,0.193112805486,0.0839498192072,0.109162986279
0.190399557352,0.222222223878,0.231307074428,0.0929253697395,0.138381704688
0.222132816911,0.222222223878,0.269268423319,0.102265350521,0.167003065348
0.253866076469,0.222222223878,0.306958645582,0.111992813647,0.194965839386
0.285599350929,0.222222223878,0.344339817762,0.122134782374,0.222205042839
0.317332595587,0.222222223878,0.381374210119,0.132722452283,0.248651757836
0.349065840244,0.222222223878,0.418024599552,0.143788903952,0.274235695601
0.380799114704,0.222222223878,0.454254120588,0.155370652676,0.298883467913
0.412532389164,0.222222223878,0.49002623558,0.167505145073,0.322521090508
0.444265633821,0.222222223878,0.525304853916,0.180230513215,0.345074355602
0.475998878479,0.222222223878,0.560054659843,0.193583786488,0.366470873356
0.507732152939,0.222222223878,0.594240486622,0.207599878311,0.386640608311
0.539465427399,0.222222223878,0.627827942371,0.222309276462,0.405518651009
0.571198701859,0.222222223878,0.660783231258,0.237735137343,0.423048079014
0.602931916714,0.222222223878,0.693073153496,0.253892511129,0.439180642366
0.634665191174,0.222222223878,0.724665284157,0.270788222551,0.453877061605
0.666398465633,0.222222223878,0.755527675152,0.288425773382,0.46710190177
0.698131680489,0.222222223878,0.785629272461,0.306823939085,0.478805333376
0.729864954948,0.222222223878,0.814939856529,0.3260422647,0.488897591829
0.761598229408,0.222222223878,0.843429923058,0.346198141575,0.497231781483
0.793331503868,0.222222223878,0.871070623398,0.367431879044,0.503638744354
0.825064778328,0.222222223878,0.897834300995,0.389800429344,0.508033871651
0.856797993183,0.222222223878,0.92369389534,0.413204073906,0.510489821434
0.888531267643,0.222222223878,0.948623478413,0.437462478876,0.511160969734
0.920264542103,0.222222223878,0.972597777843,0.46246188879,0.510135889053
0.951997756958,0.222222223878,0.995592772961,0.488185435534,0.507407307625
0.983731031418,0.222222223878,1.01758539677,0.514654695988,0.502930700779
1.01546430588,0.222222223878,1.03855323792,0.541886508465,0.49666672945
1.04719758034,0.222222223878,1.05847549438,0.569892466068,0.488583028316
1.0789308548,0.222222223878,1.0773319006,0.598675131798,0.478656768799
1.11066412926,0.222222223878,1.09510350227,0.628216981888,0.466886520386
1.14239740372,0.222222223878,1.11177241802,0.658465623856,0.453306794167
1.17413055897,0.222222223878,1.12732183933,0.689313828945,0.438008010387
1.20586383343,0.222222223878,1.141736269,0.720563113689,0.421173155308
1.23759710789,0.222222223878,1.15500104427,0.751861274242,0.403139770031
1.26933038235,0.222222223878,1.16710269451,0.782638728619,0.384463965893
1.30106365681,0.222222223878,1.17802929878,0.812065720558,0.365963578224
1.33279693127,0.222222223878,1.18776977062,0.839049518108,0.348720252514
1.36453020573,0.222222223878,1.19631409645,0.862295746803,0.334018349648
1.39626336098,0.222222223878,1.20365393162,0.880545139313,0.323108792305
1.42799663544,0.222222223878,1.20978176594,0.892994463444,0.316787302494
1.4597299099,0.222222223878,1.21469140053,0.899654865265,0.315036535263
1.49146318436,0.222222223878,1.21837806702,0.901389420033,0.316988646984
1.52319645882,0.222222223878,1.2208378315,0.899514138699,0.321323692799
1.55492973328,0.222222223878,1.22206830978,0.895021259785,0.327047049999
1.58666300774,0.222222223878,1.22206830978,0.88816601038,0.333902299404
1.6183962822,0.222222223878,1.2208378315,0.879283070564,0.341554760933
1.65012955666,0.222222223878,1.21837806702,0.869396567345,0.348981499672
1.68186283112,0.222222223878,1.21469140053,0.859151303768,0.35554009676
1.71359610558,0.222222223878,1.20978176594,0.848106086254,0.361675679684
1.74532938004,0.222222223878,1.20365393162,0.835518956184,0.368134975433
1.77706253529,0.222222223878,1.19631409645,0.821125745773,0.375188350677
1.80879580975,0.222222223878,1.18776977062,0.805121898651,0.382647871971
1.84052908421,0.222222223878,1.17802929878,0.787812650204,0.390216648579
1.87226235867,0.222222223878,1.16710269451,0.769411385059,0.397691309452
1.90399563313,0.222222223878,1.15500092506,0.750029861927,0.404971063137
1.93572890759,0.222222223878,1.141736269,0.72974473238,0.411991536617
1.96746218204,0.222222223878,1.12732183933,0.708644747734,0.418677091599
1.9991953373,0.222222223878,1.11177241802,0.686841011047,0.424931406975
2.03092861176,0.222222223878,1.09510350227,0.664448738098,0.430654764175
2.06266188622,0.222222223878,1.0773319006,0.641569674015,0.435762226582
2.09439516068,0.222222223878,1.05847549438,0.618276178837,0.440199315548
2.12612843513,0.222222223878,1.03855323792,0.594611763954,0.443941473961
2.15786170959,0.222222223878,1.01758527756,0.570598721504,0.446986556053
2.18959498405,0.222222223878,0.995592772961,0.54625082016,0.449341952801
2.22132825851,0.222222223878,0.972597718239,0.521587133408,0.451010584831
2.25306153297,0.222222223878,0.948623299599,0.496643602848,0.451979696751
2.28479480743,0.222222223878,0.923693776131,0.471479326487,0.452214449644
2.31652784348,0.222222223878,0.897834420204,0.446181923151,0.451652497053
2.34826135635,0.222222223878,0.871070504189,0.420863777399,0.450206726789
2.3799943924,0.222222223878,0.843429923058,0.395661324263,0.447768598795
2.41172790527,0.222222223878,0.814939677715,0.370725214481,0.444214463234
2.44346094131,0.222222223878,0.785629332066,0.346215307713,0.439414024353
2.47519421577,0.222222223878,0.755527675152,0.322288364172,0.43323931098
2.50692749023,0.222222223878,0.724665224552,0.29909285903,0.425572365522
2.53866076469,0.222222223878,0.693073093891,0.276758909225,0.416314184666
2.57039403915,0.222222223878,0.660783171654,0.255393981934,0.40538918972
2.60212731361,0.222222223878,0.627827882767,0.235080480576,0.392747402191
2.63386058807,0.222222223878,0.594240367413,0.215872168541,0.378368198872
2.66559386253,0.222222223878,0.560054540634,0.1977981776,0.362256348133
2.69732713699,0.222222223878,0.525304794312,0.180863216519,0.344441592693
2.72906041145,0.222222223878,0.490026086569,0.165051832795,0.324974238873
2.76079368591,0.222222223878,0.454253941774,0.150332644582,0.303921282291
2.79252696037,0.222222223878,0.418024450541,0.13666190207,0.281362533569
2.82426023483,0.222222223878,0.381374031305,0.123986802995,0.25738722086
2.85599327087,0.222222223878,0.344339877367,0.112249821424,0.232090055943
2.88772678375,0.222222223878,0.306958377361,0.101389735937,0.205568641424
2.91945981979,0.222222223878,0.269268453121,0.091346308589,0.177922144532
2.95119309425,0.222222223878,0.231307074428,0.0820588245988,0.149248242378
2.98292636871,0.222222223878,0.193112790585,0.0734694302082,0.119643360376
3.01465964317,0.222222223878,0.15472407639,0.065522916615,0.0892011597753
3.04639291763,0.222222223878,0.116179563105,0.0581672787666,0.0580122843385
3.07812619209,0.222222223878,0.0775180533528,0.0513544902205,0.0261635631323
3.10985946655,0.222222223878,0.0387784987688,0.0450396500528,0.00626115128398
3.14159274101,0.222222223878,-1.06850059467e-07,0.039181496948,0.0391816049814
0,0.232323229313,0,0.0403508171439,0.0403508171439
0.0317332595587,0.232323229313,0.0390990674496,0.047576341778,0.00847727432847
0.0634665191174,0.232323229313,0.0781587734818,0.0551075078547,0.0230512656271
0.095199778676,0.232323229313,0.11713976413,0.062947332859,0.0541924312711
0.126933038235,0.232323229313,0.156002819538,0.0711014643312,0.084901355207
0.158666297793,0.232323229313,0.194708779454,0.0795793607831,0.115129418671
0.190399557352,0.232323229313,0.233218699694,0.0883938893676,0.144824802876
0.222132816911,0.232323229313,0.271493792534,0.0975622609258,0.173931539059
0.253866076469,0.232323229313,0.309495478868,0.107105664909,0.202389806509
0.285599350929,0.232323229313,0.347185611725,0.11704967916,0.230135932565
0.317332595587,0.232323229313,0.38452604413,0.127423629165,0.257102429867
0.349065840244,0.232323229313,0.421479314566,0.138260364532,0.283218950033
0.380799114704,0.232323229313,0.458008259535,0.14959526062,0.308412998915
0.412532389164,0.232323229313,0.494076013565,0.161466553807,0.332609474659
0.444265633821,0.232323229313,0.529646217823,0.173912748694,0.355733454227
0.475998878479,0.232323229313,0.564683198929,0.186973124743,0.377710074186
0.507732152939,0.232323229313,0.599151551723,0.200684979558,0.398466587067
0.539465427399,0.232323229313,0.633016586304,0.215082526207,0.417934060097
0.571198701859,0.232323229313,0.666244208813,0.230193719268,0.436050474644
0.602931916714,0.232323229313,0.698801040649,0.246039181948,0.452761858702
0.634665191174,0.232323229313,0.730654239655,0.262629389763,0.468024849892
0.666398465633,0.232323229313,0.761771678925,0.279968172312,0.481803506613
0.698131680489,0.232323229313,0.792122006416,0.298062473536,0.494059532881
0.729864954948,0.232323229313,0.821674823761,0.316946864128,0.504727959633
0.761598229408,0.232323229313,0.850400388241,0.33670899272,0.513691425323
0.793331503868,0.232323229313,0.878269553185,0.357487738132,0.520781815052
0.825064778328,0.232323229313,0.905254423618,0.37939658761,0.525857806206
0.856797993183,0.232323229313,0.931327700615,0.402413159609,0.528914570808
0.888531267643,0.232323229313,0.95646327734,0.426376968622,0.530086278915
0.920264542103,0.232323229313,0.980635762215,0.451129287481,0.529506444931
0.951997756958,0.232323229313,1.00382077694,0.476612538099,0.527208209038
0.983731031418,0.232323229313,1.02599513531,0.502834320068,0.523160815239
1.01546430588,0.232323229313,1.04713630676,0.529807984829,0.517328321934
1.04719758034,0.232323229313,1.06722319126,0.55754083395,0.509682357311
1.0789308548,0.232323229313,1.08623540401,0.586035490036,0.500199913979
1.11066412926,0.232323229313,1.10415399075,0.615283787251,0.488870203495
1.14239740372,0.232323229313,1.12096059322,0.645249783993,0.475710809231
1.17413055897,0.232323229313,1.13663852215,0.675847232342,0.460791289806
1.20586383343,0.232323229313,1.15117204189,0.70690625906,0.444265782833
1.23759710789,0.232323229313,1.16454637051,0.738111793995,0.426434576511
1.26933038235,0.232323229313,1.17674815655,0.768936693668,0.407811462879
1.30106365681,0.232323229313,1.18776500225,0.798590242863,0.389174759388
1.33279693127,0.232323229313,1.19758594036,0.825999081135,0.371586859226
1.36453020573,0.232323229313,1.2062009573,0.849845290184,0.356355667114
1.39626336098,0.232323229313,1.21360135078,0.868767619133,0.344833731651
1.42799663544,0.232323229313,1.21977984905,0.881806433201,0.337973415852
1.4597299099,0.232323229313,1.22473013401,0.888872861862,0.335857272148
1.49146318436,0.232323229313,1.22844719887,0.890857160091,0.337590038776
1.52319645882,0.232323229313,1.23092734814,0.889152884483,0.341774463654
1.55492973328,0.232323229313,1.23216807842,0.884767472744,0.347400605679
1.58666300774,0.232323229313,1.23216807842,0.87801617384,0.354151904583
1.6183962822,0.232323229313,1.23092734814,0.869405031204,0.361522316933
1.65012955666,0.232323229313,1.22844719887,0.859900653362,0.368546545506
1.68186283112,0.232323229313,1.22473013401,0.849839806557,0.374890327454
1.71359610558,0.232323229313,1.21977984905,0.838660657406,0.381119191647
1.74532938004,0.232323229313,1.21360135078,0.82577753067,0.387823820114
1.77706253529,0.232323229313,1.2062009573,0.811112642288,0.39508831501
1.80879580975,0.232323229313,1.19758594036,0.794925391674,0.402660548687
1.84052908421,0.232323229313,1.18776500225,0.777496278286,0.410268723965
1.87226235867,0.232323229313,1.17674815655,0.758995711803,0.417752444744
1.90399563313,0.232323229313,1.16454637051,0.739515066147,0.425031304359
1.93572890759,0.232323229313,1.15117204189,0.719134151936,0.432037889957
1.96746218204,0.232323229313,1.13663852215,0.697953820229,0.43868470192
1.9991953373,0.232323229313,1.12096059322,0.676094472408,0.444866120815
2.03092861176,0.232323229313,1.10415387154,0.653674304485,0.450479567051
2.06266188622,0.232323229313,1.08623540401,0.630788385868,0.455447018147
2.09439516068,0.232323229313,1.06722319126,0.607500493526,0.459722697735
2.12612843513,0.232323229313,1.04713630676,0.583844721317,0.463291585445
2.15786170959,0.232323229313,1.0259950161,0.559837222099,0.466157793999
2.18959498405,0.232323229313,1.00382077694,0.535490334034,0.468330442905
2.22132825851,0.232323229313,0.980635643005,0.51082611084,0.469809532166
2.25306153297,0.232323229313,0.956463158131,0.485887676477,0.470575481653
2.28479480743,0.232323229313,0.931327581406,0.460744470358,0.470583111048
2.31652784348,0.232323229313,0.905254483223,0.435494631529,0.469759851694
2.34826135635,0.232323229313,0.878269374371,0.41026160121,0.468007773161
2.3799943924,0.232323229313,0.850400388241,0.38519141078,0.465208977461
2.41172790527,0.232323229313,0.821674704552,0.360440641642,0.46123406291
2.44346094131,0.232323229313,0.792122125626,0.336172312498,0.455949813128
2.47519421577,0.232323229313,0.761771678925,0.312542259693,0.449229419231
2.50692749023,0.232323229313,0.730654120445,0.289693892002,0.440960228443
2.53866076469,0.232323229313,0.69880092144,0.267750531435,0.431050390005
2.57039403915,0.232323229313,0.666244149208,0.246810168028,0.41943398118
2.60212731361,0.232323229313,0.633016526699,0.226944386959,0.40607213974
2.63386058807,0.232323229313,0.599151432514,0.208196759224,0.39095467329
2.66559386253,0.232323229313,0.56468307972,0.190586209297,0.374096870422
2.69732713699,0.232323229313,0.529646098614,0.174109458923,0.35553663969
2.72906041145,0.232323229313,0.494075864553,0.158743917942,0.335331946611
2.76079368591,0.232323229313,0.458008080721,0.144452735782,0.31355535984
2.79252696037,0.232323229313,0.421479165554,0.131188049912,0.290291130543
2.82426023483,0.232323229313,0.384525865316,0.118895031512,0.265630841255
2.85599327087,0.232323229313,0.347185641527,0.10751465708,0.239670991898
2.88772678375,0.232323229313,0.309495210648,0.0969857797027,0.212509423494
2.91945981979,0.232323229313,0.271493792534,0.0872481688857,0.184245616198
2.95119309425,0.232323229313,0.233218699694,0.0782420635223,0.154976636171
2.98292636871,0.232323229313,0.194708764553,0.069911159575,0.124797604978
3.01465964317,0.232323229313,0.156002774835,0.062201179564,0.0938015952706
3.04639291763,0.232323229313,0.117139719427,0.0550621338189,0.0620775856078
3.07812619209,0.232323229313,0.078158698976,0.0484471060336,0.0297115929425
3.10985946655,0.232323229313,0.0390989780426,0.0423127263784,0.00321374833584
3.14159274101,0.232323229313,-1.07733114874e-07,0.0366188250482,0.0366189330816
0,0.242424249649,0,0.0367644950747,0.0367644950747
0.0317332595587,0.242424249649,0.0394195541739,0.0438513681293,0.00443181395531
0.0634665191174,0.242424249649,0.0787994191051,0.0512439869344,0.0275554321706
0.095199778676,0.242424249649,0.118099935353,0.0589437559247,0.0591561794281
0.126933038235,0.242424249649,0.157281532884,0.0669548735023,0.0903266593814
0.158666297793,0.242424249649,0.196304768324,0.0752843096852,0.121020458639
0.190399557352,0.242424249649,0.235130339861,0.08394305408,0.151187285781
0.222132816911,0.242424249649,0.273719161749,0.0929461270571,0.180773034692
0.253866076469,0.242424249649,0.312032341957,0.102312870324,0.209719479084
0.285599350929,0.242424249649,0.350031405687,0.112066552043,0.237964853644
0.317332595587,0.242424249649,0.387677907944,0.122235320508,0.265442579985
0.349065840244,0.242424249649,0.424934089184,0.132850274444,0.292083799839
0.380799114704,0.242424249649,0.461762458086,0.143946677446,0.31781578064
0.412532389164,0.242424249649,0.498125851154,0.155562341213,0.342563509941
0.444265633821,0.242424249649,0.533987641335,0.167736575007,0.366251051426
0.475998878479,0.242424249649,0.569311738014,0.180509105325,0.388802647591
0.507732152939,0.242424249649,0.604062616825,0.19392003119,0.410142600536
0.539465427399,0.242424249649,0.638205289841,0.208006501198,0.430198788643
0.571198701859,0.242424249649,0.671705305576,0.222801461816,0.448903858662
0.602931916714,0.242424249649,0.704528927803,0.238330110908,0.466198801994
0.634665191174,0.242424249649,0.736643254757,0.254608720541,0.482034534216
0.666398465633,0.242424249649,0.768015742302,0.271643847227,0.496371895075
0.698131680489,0.242424249649,0.798614859581,0.289437681437,0.509177207947
0.729864954948,0.242424249649,0.828409910202,0.308006286621,0.520403623581
0.761598229408,0.242424249649,0.857370913029,0.327406615019,0.529964327812
0.793331503868,0.242424249649,0.885468542576,0.347755849361,0.537712693214
0.825064778328,0.242424249649,0.912674546242,0.369194537401,0.543480038643
0.856797993183,0.242424249649,0.938961625099,0.391777426004,0.547184228897
0.888531267643,0.242424249649,0.964303195477,0.415399134159,0.548904061317
0.920264542103,0.242424249649,0.98867380619,0.439880996943,0.54879283905
0.951997756958,0.242424249649,1.01204884052,0.465114474297,0.546934366226
0.983731031418,0.242424249649,1.03440499306,0.491083115339,0.543321847916
1.01546430588,0.242424249649,1.05571949482,0.517795622349,0.537923872471
1.04719758034,0.242424249649,1.07597088814,0.545253515244,0.530717372894
1.0789308548,0.242424249649,1.09513902664,0.573455095291,0.521683931351
1.11066412926,0.242424249649,1.11320447922,0.602394640446,0.510809838772
1.14239740372,0.242424249649,1.13014888763,0.632048428059,0.498100459576
1.17413055897,0.242424249649,1.14595532417,0.66235023737,0.483605086803
1.20586383343,0.242424249649,1.160607934,0.69315636158,0.467451572418
1.23759710789,0.242424249649,1.17409193516,0.72418731451,0.449904620647
1.26933038235,0.242424249649,1.18639373779,0.754959583282,0.43143415451
1.30106365681,0.242424249649,1.19750082493,0.784723579884,0.412777245045
1.33279693127,0.242424249649,1.20740222931,0.812436461449,0.39496576786
1.36453020573,0.242424249649,1.21608793736,0.836778640747,0.379309296608
1.39626336098,0.242424249649,1.22354900837,0.856319248676,0.367229759693
1.42799663544,0.242424249649,1.22977817059,0.869963347912,0.359814822674
1.4597299099,0.242424249649,1.2347689867,0.877515017986,0.357253968716
1.49146318436,0.242424249649,1.23851656914,0.879866659641,0.358649909496
1.52319645882,0.242424249649,1.24101698399,0.878448069096,0.36256891489
1.55492973328,0.242424249649,1.24226784706,0.874259412289,0.368008434772
1.58666300774,0.242424249649,1.24226784706,0.867699801922,0.374568045139
1.6183962822,0.242424249649,1.24101698399,0.859417557716,0.38159942627
1.65012955666,0.242424249649,1.23851656914,0.850247323513,0.388269245625
1.68186283112,0.242424249649,1.2347689867,0.840251028538,0.394517958164
1.71359610558,0.242424249649,1.22977817059,0.828847110271,0.400931060314
1.74532938004,0.242424249649,1.22354900837,0.815645158291,0.407903850079
1.77706253529,0.242424249649,1.21608793736,0.800726294518,0.415361642838
1.80879580975,0.242424249649,1.20740222931,0.784381747246,0.423020482063
1.84052908421,0.242424249649,1.19750082493,0.76685154438,0.430649280548
1.87226235867,0.242424249649,1.18639373779,0.748265266418,0.438128471375
1.90399563313,0.242424249649,1.17409181595,0.728699803352,0.445392012596
1.93572890759,0.242424249649,1.160607934,0.708239972591,0.452367961407
1.96746218204,0.242424249649,1.14595532417,0.686998844147,0.458956480026
1.9991953373,0.242424249649,1.13014876842,0.665103435516,0.465045332909
2.03092861176,0.242424249649,1.11320436001,0.642671585083,0.470532774925
2.06266188622,0.242424249649,1.09513902664,0.619791388512,0.47534763813
2.09439516068,0.242424249649,1.07597088814,0.596517682076,0.479453206062
2.12612843513,0.242424249649,1.05571937561,0.572876274586,0.482843101025
2.15786170959,0.242424249649,1.03440487385,0.548879444599,0.485525429249
2.18959498405,0.242424249649,1.01204884052,0.524539768696,0.487509071827
2.22132825851,0.242424249649,0.988673686981,0.499884665012,0.488789021969
2.25306153297,0.242424249649,0.964303076267,0.474965691566,0.489337384701
2.28479480743,0.242424249649,0.938961446285,0.449862569571,0.489098876715
2.31652784348,0.242424249649,0.912674665451,0.424685120583,0.487989544868
2.34826135635,0.242424249649,0.885468363762,0.399566918612,0.48590144515
2.3799943924,0.242424249649,0.857370913029,0.374661773443,0.482709139585
2.41172790527,0.242424249649,0.828409790993,0.350131511688,0.478278279305
2.44346094131,0.242424249649,0.798614919186,0.326139360666,0.472475558519
2.47519421577,0.242424249649,0.768015742302,0.302838861942,0.46517688036
2.50692749023,0.242424249649,0.736643135548,0.280367702246,0.456275433302
2.53866076469,0.242424249649,0.704528868198,0.258839726448,0.44568914175
2.57039403915,0.242424249649,0.671705186367,0.238343462348,0.433361709118
2.60212731361,0.242424249649,0.638205230236,0.218939423561,0.419265806675
2.63386058807,0.242424249649,0.60406255722,0.200661674142,0.40340089798
2.66559386253,0.242424249649,0.569311618805,0.183519288898,0.385792315006
2.69732713699,0.242424249649,0.533987522125,0.167501166463,0.366486370564
2.72906041145,0.242424249649,0.498125702143,0.152578309178,0.345547378063
2.76079368591,0.242424249649,0.461762279272,0.138709679246,0.323052585125
2.79252696037,0.242424249649,0.424933940172,0.125843793154,0.299090147018
2.82426023483,0.242424249649,0.38767772913,0.113924570382,0.273753166199
2.85599327087,0.242424249649,0.35003143549,0.102891981602,0.247139453888
2.88772678375,0.242424249649,0.312032073736,0.0926851332188,0.219346940517
2.91945981979,0.242424249649,0.273719161749,0.083244137466,0.190475016832
2.95119309425,0.242424249649,0.235130339861,0.0745106711984,0.160619676113
2.98292636871,0.242424249649,0.196304738522,0.0664294287562,0.129875302315
3.01465964317,0.242424249649,0.157281503081,0.0589480698109,0.0983334332705
3.04639291763,0.242424249649,0.118099883199,0.0520178005099,0.0660820826888
3.07812619209,0.242424249649,0.0787993445992,0.0455928444862,0.033206500113
3.10985946655,0.242424249649,0.039419464767,0.039632037282,0.000212572515011
3.14159274101,0.242424249649,-1.08616177386e-07,0.0340961143374,0.0340962223709
0,0.252525240183,0,0.0332459136844,0.0332459136844
0.0317332595587,0.252525240183,0.0397400334477,0.0401930883527,0.000453054904938
0.0634665191174,0.252525240183,0.0794400647283,0.0474470704794,0.0319929942489
0.095199778676,0.252525240183,0.119060091674,0.0550079494715,0.0640521422029
0.126933038235,0.252525240183,0.158560246229,0.0628781616688,0.0956820845604
0.158666297793,0.252525240183,0.197900727391,0.0710626468062,0.126838088036
0.190399557352,0.252525240183,0.237041950226,0.0795702040195,0.157471746206
0.222132816911,0.252525240183,0.275944501162,0.0884137675166,0.187530726194
0.253866076469,0.252525240183,0.314569175243,0.0976103022695,0.216958880424
0.285599350929,0.252525240183,0.352877169847,0.107181414962,0.245695754886
0.317332595587,0.252525240183,0.390829741955,0.1171528548,0.273676872253
0.349065840244,0.252525240183,0.428388834,0.127555191517,0.300833642483
0.380799114704,0.252525240183,0.465516597033,0.138421788812,0.32709479332
0.412532389164,0.252525240183,0.502175629139,0.149790018797,0.352385610342
0.444265633821,0.252525240183,0.538328945637,0.161699399352,0.376629531384
0.475998878479,0.252525240183,0.5739402771,0.174190923572,0.399749338627
0.507732152939,0.252525240183,0.608973681927,0.187305867672,0.421667814255
0.539465427399,0.252525240183,0.643393933773,0.201084122062,0.44230979681
0.571198701859,0.252525240183,0.677166283131,0.215562015772,0.461604267359
0.602931916714,0.252525240183,0.710256814957,0.23077057302,0.479486227036
0.634665191174,0.252525240183,0.74263215065,0.246731907129,0.495900243521
0.666398465633,0.252525240183,0.774259746075,0.263456940651,0.510802805424
0.698131680489,0.252525240183,0.805107653141,0.280948698521,0.52415895462
0.729864954948,0.252525240183,0.835144937038,0.29921156168,0.535933375359
0.761598229408,0.252525240183,0.864341378212,0.31827712059,0.546064257622
0.793331503868,0.252525240183,0.892667412758,0.338230133057,0.554437279701
0.825064778328,0.252525240183,0.920094668865,0.359209477901,0.560885190964
0.856797993183,0.252525240183,0.946595430374,0.381327539682,0.565267920494
0.888531267643,0.252525240183,0.972142994404,0.40455660224,0.567586421967
0.920264542103,0.252525240183,0.996711730957,0.428732931614,0.567978799343
0.951997756958,0.252525240183,1.02027690411,0.453702628613,0.566574275494
0.983731031418,0.252525240183,1.0428147316,0.479411154985,0.563403606415
1.01546430588,0.252525240183,1.06430256367,0.505857110023,0.558445453644
1.04719758034,0.252525240183,1.08471858501,0.533037662506,0.551680922508
1.0789308548,0.252525240183,1.10404264927,0.560943186283,0.543099462986
1.11066412926,0.252525240183,1.12225484848,0.589564204216,0.532690644264
1.14239740372,0.252525240183,1.13933706284,0.618883490562,0.520453572273
1.17413055897,0.252525240183,1.15527200699,0.648850142956,0.506421864033
1.20586383343,0.252525240183,1.17004370689,0.679344594479,0.490699112415
1.23759710789,0.252525240183,1.1836373806,0.710121631622,0.473515748978
1.26933038235,0.252525240183,1.19603908062,0.740739047527,0.455300033092
1.30106365681,0.252525240183,1.20723664761,0.770492613316,0.43674403429
1.33279693127,0.252525240183,1.21721851826,0.798377513885,0.418841004372
1.36453020573,0.252525240183,1.22597467899,0.823096513748,0.402878165245
1.39626336098,0.252525240183,1.23349654675,0.843187272549,0.390309274197
1.42799663544,0.252525240183,1.2397762537,0.857451379299,0.382324874401
1.4597299099,0.252525240183,1.24480772018,0.865586578846,0.379221141338
1.49146318436,0.252525240183,1.24858570099,0.868449509144,0.380136191845
1.52319645882,0.252525240183,1.25110650063,0.867449104786,0.38365739584
1.55492973328,0.252525240183,1.25236749649,0.863557517529,0.388809978962
1.58666300774,0.252525240183,1.25236749649,0.857273757458,0.395093739033
1.6183962822,0.252525240183,1.25110650063,0.849345803261,0.401760697365
1.65012955666,0.252525240183,1.24858570099,0.840424418449,0.408161282539
1.68186283112,0.252525240183,1.24480772018,0.83036506176,0.414442658424
1.71359610558,0.252525240183,1.2397762537,0.818658947945,0.421117305756
1.74532938004,0.252525240183,1.23349654675,0.805127322674,0.428369224072
1.77706253529,0.252525240183,1.22597467899,0.789975583553,0.43599909544
1.80879580975,0.252525240183,1.21721851826,0.773496448994,0.443722069263
1.84052908421,0.252525240183,1.20723664761,0.755881547928,0.451355099678
1.87226235867,0.252525240183,1.19603908062,0.737222790718,0.458816289902
1.90399563313,0.252525240183,1.18363726139,0.717586874962,0.466050386429
1.93572890759,0.252525240183,1.17004370689,0.697065711021,0.472977995872
1.96746218204,0.252525240183,1.15527200699,0.675782799721,0.479489207268
1.9991953373,0.252525240183,1.13933694363,0.653869986534,0.485466957092
2.03092861176,0.252525240183,1.12225472927,0.63144159317,0.490813136101
2.06266188622,0.252525240183,1.10404253006,0.608578503132,0.495464026928
2.09439516068,0.252525240183,1.08471858501,0.585326313972,0.499392271042
2.12612843513,0.252525240183,1.06430244446,0.561704993248,0.50259745121
2.15786170959,0.252525240183,1.04281461239,0.537724673748,0.505089938641
2.18959498405,0.252525240183,1.02027690411,0.513400793076,0.506876111031
2.22132825851,0.252525240183,0.996711671352,0.488767057657,0.507944583893
2.25306153297,0.252525240183,0.972142875195,0.463884592056,0.508258283138
2.28479480743,0.252525240183,0.94659525156,0.438844501972,0.507750749588
2.31652784348,0.252525240183,0.92009472847,0.413767248392,0.50632750988
2.34826135635,0.252525240183,0.892667233944,0.388795852661,0.503871381283
2.3799943924,0.252525240183,0.864341378212,0.364090621471,0.500250756741
2.41172790527,0.252525240183,0.835144817829,0.339815974236,0.495328843594
2.44346094131,0.252525240183,0.805107712746,0.316134810448,0.488972902298
2.47519421577,0.252525240183,0.774259746075,0.29319575429,0.481063991785
2.50692749023,0.252525240183,0.742632091045,0.271128833294,0.471503257751
2.53866076469,0.252525240183,0.710256695747,0.250039100647,0.4602175951
2.57039403915,0.252525240183,0.677166223526,0.230004042387,0.447162181139
2.60212731361,0.252525240183,0.643393814564,0.211073681712,0.43232011795
2.63386058807,0.252525240183,0.608973562717,0.193272039294,0.415701508522
2.66559386253,0.252525240183,0.57394015789,0.176600068808,0.397340089083
2.69732713699,0.252525240183,0.538328826427,0.161038950086,0.377289891243
2.72906041145,0.252525240183,0.502175450325,0.146554648876,0.355620801449
2.76079368591,0.252525240183,0.465516418219,0.133101627231,0.332414805889
2.79252696037,0.252525240183,0.428388684988,0.120626829565,0.307761847973
2.82426023483,0.252525240183,0.390829563141,0.10907252878,0.281757026911
2.85599327087,0.252525240183,0.35287719965,0.0983783006668,0.254498898983
2.88772678375,0.252525240183,0.314568936825,0.0884838700294,0.226085066795
2.91945981979,0.252525240183,0.275944530964,0.0793303400278,0.196614190936
2.95119309425,0.252525240183,0.237041950226,0.0708603784442,0.166181564331
2.98292636871,0.252525240183,0.19790071249,0.0630202442408,0.134880468249
3.01465964317,0.252525240183,0.158560201526,0.0557589940727,0.102801203728
3.04639291763,0.252525240183,0.11906003952,0.0490293540061,0.0700306892395
3.07812619209,0.252525240183,0.0794399902225,0.0427874960005,0.0366524942219
3.10985946655,0.252525240183,0.0397399477661,0.0369928330183,0.00274711474776
3.14159274101,0.252525240183,-1.09499232792e-07,0.0316084511578,0.0316085591912
0,0.262626260519,0,0.02979664132,0.02979664132
0.0317332595587,0.262626260519,0.0400605201721,0.0366025678813,0.00345795229077
0.0634665191174,0.262626260519,0.0800807103515,0.0437173582613,0.0363633520901
0.095199778676,0.262626260519,0.120020255446,0.0511397607625,0.0688804984093
0.126933038235,0.262626260519,0.159838959575,0.0588702335954,0.100968725979
0.158666297793,0.262626260519,0.199496716261,0.0669125840068,0.132584124804
0.190399557352,0.262626260519,0.238953590393,0.0752727240324,0.163680866361
0.222132816911,0.262626260519,0.278169870377,0.0839618444443,0.194208025932
0.253866076469,0.262626260519,0.317106038332,0.0929946005344,0.224111437798
0.285599350929,0.262626260519,0.35572296381,0.10239033401,0.253332614899
0.317332595587,0.262626260519,0.393981635571,0.112173214555,0.281808435917
0.349065840244,0.262626260519,0.431843608618,0.122370995581,0.309472620487
0.380799114704,0.262626260519,0.469270795584,0.133016839623,0.336253941059
0.412532389164,0.262626260519,0.506225466728,0.14414665103,0.362078815699
0.444265633821,0.262626260519,0.542670369148,0.155799537897,0.386870831251
0.475998878479,0.262626260519,0.57856887579,0.168017461896,0.410551428795
0.507732152939,0.262626260519,0.613884806633,0.180842131376,0.433042675257
0.539465427399,0.262626260519,0.64858263731,0.194316014647,0.454266607761
0.571198701859,0.262626260519,0.68262732029,0.208478942513,0.474148392677
0.602931916714,0.262626260519,0.71598470211,0.223365753889,0.492618948221
0.634665191174,0.262626260519,0.748621165752,0.239004865289,0.509616315365
0.666398465633,0.262626260519,0.780503809452,0.255413293839,0.525090515614
0.698131680489,0.262626260519,0.811600506306,0.272597491741,0.539003014565
0.729864954948,0.262626260519,0.841880023479,0.290558069944,0.551321983337
0.761598229408,0.262626260519,0.871311903,0.309306949377,0.56200492382
0.793331503868,0.262626260519,0.899866402149,0.32889726758,0.570969104767
0.825064778328,0.262626260519,0.927514851093,0.349444657564,0.578070163727
0.856797993183,0.262626260519,0.954229295254,0.371088176966,0.583141088486
0.888531267643,0.262626260519,0.97998291254,0.393878936768,0.586103975773
0.920264542103,0.262626260519,1.00474977493,0.417705863714,0.587043881416
0.951997756958,0.262626260519,1.02850496769,0.442390054464,0.586114883423
0.983731031418,0.262626260519,1.05122458935,0.467829048634,0.583395540714
1.01546430588,0.262626260519,1.07288563251,0.494001269341,0.578884363174
1.04719758034,0.262626260519,1.0934664011,0.520900070667,0.572566330433
1.0789308548,0.262626260519,1.1129462719,0.548507452011,0.564438819885
1.11066412926,0.262626260519,1.13130533695,0.576804995537,0.554500341415
1.14239740372,0.262626260519,1.14852535725,0.605773389339,0.542751967907
1.17413055897,0.262626260519,1.16458880901,0.635372042656,0.529216766357
1.20586383343,0.262626260519,1.179479599,0.665502011776,0.513977587223
1.23759710789,0.262626260519,1.19318294525,0.695948243141,0.49723470211
1.26933038235,0.262626260519,1.20568466187,0.726310074329,0.479374587536
1.30106365681,0.262626260519,1.21697247028,0.755928397179,0.461044073105
1.33279693127,0.262626260519,1.22703480721,0.78384667635,0.443188130856
1.36453020573,0.262626260519,1.23586165905,0.808809995651,0.427051663399
1.39626336098,0.262626260519,1.24344408512,0.829369723797,0.414074361324
1.42799663544,0.262626260519,1.24977457523,0.844269156456,0.405505418777
1.4597299099,0.262626260519,1.25484657288,0.853104770184,0.401741802692
1.49146318436,0.262626260519,1.25865507126,0.856646358967,0.402008712292
1.52319645882,0.262626260519,1.26119613647,0.856212258339,0.404983878136
1.55492973328,0.262626260519,1.26246738434,0.852724075317,0.409743309021
1.58666300774,0.262626260519,1.26246738434,0.84679043293,0.415676951408
1.6183962822,0.262626260519,1.26119613647,0.839203774929,0.421992361546
1.65012955666,0.262626260519,1.25865507126,0.830414831638,0.42824023962
1.68186283112,0.262626260519,1.25484657288,0.820165276527,0.434681296349
1.71359610558,0.262626260519,1.24977457523,0.808095514774,0.441679060459
1.74532938004,0.262626260519,1.24344408512,0.794233322144,0.449210762978
1.77706253529,0.262626260519,1.23586165905,0.778870522976,0.456991136074
1.80879580975,0.262626260519,1.22703480721,0.762276649475,0.46475815773
1.84052908421,0.262626260519,1.21697247028,0.744590401649,0.472382068634
1.87226235867,0.262626260519,1.20568466187,0.725871145725,0.47981351614
1.90399563313,0.262626260519,1.19318282604,0.70617967844,0.487003147602
1.93572890759,0.262626260519,1.179479599,0.685615301132,0.493864297867
1.96746218204,0.262626260519,1.16458880901,0.664309620857,0.500279188156
1.9991953373,0.262626260519,1.14852523804,0.642396390438,0.506128847599
2.03092861176,0.262626260519,1.13130533695,0.619984745979,0.511320590973
2.06266188622,0.262626260519,1.11294615269,0.597148239613,0.515797913074
2.09439516068,0.262626260519,1.0934664011,0.573924720287,0.519541680813
2.12612843513,0.262626260519,1.07288563251,0.55032992363,0.522555708885
2.15786170959,0.262626260519,1.05122447014,0.526373684406,0.524850785732
2.18959498405,0.262626260519,1.02850496769,0.502076029778,0.526428937912
2.22132825851,0.262626260519,1.00474977493,0.477478742599,0.527271032333
2.25306153297,0.262626260519,0.979982793331,0.452653467655,0.527329325676
2.28479480743,0.262626260519,0.95422911644,0.427702575922,0.52652657032
2.31652784348,0.262626260519,0.927514910698,0.402756124735,0.524758815765
2.34826135635,0.262626260519,0.899866223335,0.377965867519,0.521900355816
2.3799943924,0.262626260519,0.871311903,0.353496164083,0.517815709114
2.41172790527,0.262626260519,0.84187990427,0.329513251781,0.512366652489
2.44346094131,0.262626260519,0.81160056591,0.306176483631,0.505424082279
2.47519421577,0.262626260519,0.780503809452,0.283628940582,0.49687486887
2.50692749023,0.262626260519,0.748621106148,0.261991947889,0.486629158258
2.53866076469,0.262626260519,0.715984642506,0.241360142827,0.47462451458
2.57039403915,0.262626260519,0.682627260685,0.221800684929,0.460826575756
2.60212731361,0.262626260519,0.648582518101,0.203353211284,0.445229291916
2.63386058807,0.262626260519,0.613884687424,0.186032027006,0.427852660418
2.66559386253,0.262626260519,0.57856875658,0.169830352068,0.408738404512
2.69732713699,0.262626260519,0.542670249939,0.154722779989,0.38794746995
2.72906041145,0.262626260519,0.506225287914,0.14067107439,0.365554213524
2.76079368591,0.262626260519,0.46927061677,0.127626553178,0.341644048691
2.79252696037,0.262626260519,0.431843459606,0.115533933043,0.316309511662
2.82426023483,0.262626260519,0.393981456757,0.104334942997,0.28964650631
2.85599327087,0.262626260519,0.355723023415,0.0939695462584,0.261753469706
2.88772678375,0.262626260519,0.317105799913,0.0843776986003,0.232728093863
2.91945981979,0.262626260519,0.278169900179,0.0755019411445,0.202667951584
2.95119309425,0.262626260519,0.238953590393,0.0672864615917,0.171667128801
2.98292636871,0.262626260519,0.19949670136,0.0596784427762,0.139818251133
3.01465964317,0.262626260519,0.159838929772,0.0526290535927,0.10720987618
3.04639291763,0.262626260519,0.120020210743,0.0460923947394,0.0739278197289
3.07812619209,0.262626260519,0.0800806358457,0.0400256477296,0.040054988116
3.10985946655,0.262626260519,0.0400604307652,0.0343905761838,0.00566985458136
3.14159274101,0.262626260519,-1.10382295304e-07,0.0291512496769,0.029151359573
0,0.272727280855,0,0.0264187864959,0.0264187864959
0.0317332595587,0.272727280855,0.0403810031712,0.0330813489854,0.00729965418577
0.0634665191174,0.272727280855,0.0807213559747,0.0400553569198,0.0406659990549
0.095199778676,0.272727280855,0.120980411768,0.0473387911916,0.0736416205764
0.126933038235,0.272727280855,0.16111767292,0.0549304969609,0.106187179685
0.158666297793,0.272727280855,0.201092675328,0.0628322213888,0.138260453939
0.190399557352,0.272727280855,0.240865215659,0.0710485577583,0.169816657901
0.222132816911,0.272727280855,0.280395239592,0.0795878693461,0.200807362795
0.253866076469,0.272727280855,0.319642871618,0.088462613523,0.231180250645
0.285599350929,0.272727280855,0.358568757772,0.0976900830865,0.260878682137
0.317332595587,0.272727280855,0.397133469582,0.107291713357,0.289841771126
0.349065840244,0.272727280855,0.435298323631,0.117293849587,0.318004488945
0.380799114704,0.272727280855,0.473024964333,0.127727791667,0.345297157764
0.412532389164,0.272727280855,0.510275244713,0.138628274202,0.37164697051
0.444265633821,0.272727280855,0.54701167345,0.150033891201,0.396977782249
0.475998878479,0.272727280855,0.583197414875,0.161986112595,0.42121130228
0.507732152939,0.272727280855,0.618795871735,0.174527928233,0.4442679286
0.539465427399,0.272727280855,0.653771221638,0.187702968717,0.466068267822
0.571198701859,0.272727280855,0.688088297844,0.20155364275,0.486534655094
0.602931916714,0.272727280855,0.721712529659,0.216119498014,0.505593061447
0.634665191174,0.272727280855,0.75461012125,0.231433495879,0.52317661047
0.666398465633,0.272727280855,0.786747813225,0.247519433498,0.539228379726
0.698131680489,0.272727280855,0.818093240261,0.264389246702,0.553704023361
0.729864954948,0.272727280855,0.848615050316,0.28204485774,0.566570162773
0.761598229408,0.272727280855,0.878282368183,0.30048725009,0.577795147896
0.793331503868,0.272727280855,0.907065272331,0.319742769003,0.587322473526
0.825064778328,0.272727280855,0.934934914112,0.339893072844,0.595041871071
0.856797993183,0.272727280855,0.961863100529,0.361074388027,0.600788712502
0.888531267643,0.272727280855,0.987822771072,0.383396238089,0.604426503181
0.920264542103,0.272727280855,1.0127876997,0.406824856997,0.605962872505
0.951997756958,0.272727280855,1.03673291206,0.431192338467,0.605540573597
0.983731031418,0.272727280855,1.05963432789,0.456348747015,0.603285551071
1.01546430588,0.272727280855,1.08146870136,0.482238858938,0.599229812622
1.04719758034,0.272727280855,1.10221409798,0.508848965168,0.593365132809
1.0789308548,0.272727280855,1.12184977531,0.5361546278,0.585695147514
1.11066412926,0.272727280855,1.14035570621,0.564125359058,0.576230347157
1.14239740372,0.272727280855,1.15771341324,0.592732608318,0.56498080492
1.17413055897,0.272727280855,1.17390537262,0.621938049793,0.551967322826
1.20586383343,0.272727280855,1.18891537189,0.651656925678,0.537258446217
1.23759710789,0.272727280855,1.20272827148,0.681701779366,0.521026492119
1.26933038235,0.272727280855,1.2153301239,0.711709201336,0.503620922565
1.30106365681,0.272727280855,1.22670817375,0.741068065166,0.485640108585
1.33279693127,0.272727280855,1.23685109615,0.768875539303,0.46797555685
1.36453020573,0.272727280855,1.2457485199,0.793942809105,0.451805710793
1.39626336098,0.272727280855,1.2533916235,0.814881086349,0.438510537148
1.42799663544,0.272727280855,1.25977265835,0.830432355404,0.429340302944
1.4597299099,0.272727280855,1.26488530636,0.840101480484,0.424783825874
1.49146318436,0.272727280855,1.26872420311,0.844509124756,0.424215078354
1.52319645882,0.272727280855,1.27128565311,0.844798862934,0.42648679018
1.55492973328,0.272727280855,1.27256703377,0.84182202816,0.430745005608
1.58666300774,0.272727280855,1.27256703377,0.836291909218,0.43627512455
1.6183962822,0.272727280855,1.27128565311,0.828993201256,0.442292451859
1.65012955666,0.272727280855,1.26872420311,0.820198655128,0.448525547981
1.68186283112,0.272727280855,1.26488530636,0.809640467167,0.455244839191
1.71359610558,0.272727280855,1.25977265835,0.79716271162,0.462609946728
1.74532938004,0.272727280855,1.2533916235,0.782977044582,0.470414578915
1.77706253529,0.272727280855,1.2457485199,0.76742297411,0.478325545788
1.80879580975,0.272727280855,1.23685109615,0.750729441643,0.48612165451
1.84052908421,0.272727280855,1.22670817375,0.732983052731,0.493725121021
1.87226235867,0.272727280855,1.2153301239,0.714215278625,0.501114845276
1.90399563313,0.272727280855,1.20272827148,0.694483160973,0.508245110512
1.93572890759,0.272727280855,1.18891537189,0.673893272877,0.515022099018
1.96746218204,0.272727280855,1.17390537262,0.652582466602,0.521322906017
1.9991953373,0.272727280855,1.15771341324,0.630683779716,0.527029633522
2.03092861176,0.272727280855,1.14035570621,0.608301520348,0.532054185867
2.06266188622,0.272727280855,1.12184965611,0.585500061512,0.536349594593
2.09439516068,0.272727280855,1.10221409798,0.562311947346,0.539902150631
2.12612843513,0.272727280855,1.08146858215,0.538750529289,0.542718052864
2.15786170959,0.272727280855,1.05963420868,0.514828026295,0.544806182384
2.18959498405,0.272727280855,1.03673291206,0.49056994915,0.546162962914
2.22132825851,0.272727280855,1.0127876997,0.466028124094,0.546759605408
2.25306153297,0.272727280855,0.987822592258,0.441284120083,0.546538472176
2.28479480743,0.272727280855,0.961862921715,0.416451334953,0.545411586761
2.31652784348,0.272727280855,0.934934973717,0.391669183969,0.54326581955
2.34826135635,0.272727280855,0.907065153122,0.367095559835,0.539969563484
2.3799943924,0.272727280855,0.878282368183,0.342897981405,0.53538441658
2.41172790527,0.272727280855,0.848614871502,0.319241732359,0.529373168945
2.44346094131,0.272727280855,0.81809335947,0.296282023191,0.521811366081
2.47519421577,0.272727280855,0.786747813225,0.274154216051,0.512593626976
2.50692749023,0.272727280855,0.754610061646,0.252970010042,0.501640081406
2.53866076469,0.272727280855,0.721712470055,0.232813626528,0.488898843527
2.57039403915,0.272727280855,0.688088238239,0.2137414217,0.47434681654
2.60212731361,0.272727280855,0.653771162033,0.195782974362,0.457988202572
2.63386058807,0.272727280855,0.618795752525,0.178943991661,0.439851760864
2.66559386253,0.272727280855,0.583197295666,0.163210630417,0.419986665249
2.69732713699,0.272727280855,0.547011554241,0.148552000523,0.398459553719
2.72906041145,0.272727280855,0.510275065899,0.134925693274,0.375349372625
2.76079368591,0.272727280855,0.473024755716,0.122280843556,0.350743919611
2.79252696037,0.272727280855,0.43529817462,0.110561020672,0.324737161398
2.82426023483,0.272727280855,0.397133290768,0.0997076928616,0.297425597906
2.85599327087,0.272727280855,0.358568787575,0.0896609276533,0.26890784502
2.88772678375,0.272727280855,0.3196426332,0.0803619399667,0.239280700684
2.91945981979,0.272727280855,0.280395239592,0.0717544481158,0.208640784025
2.95119309425,0.272727280855,0.240865215659,0.0637838840485,0.177081331611
2.98292636871,0.272727280855,0.201092660427,0.0563992932439,0.144693374634
3.01465964317,0.272727280855,0.161117628217,0.0495532080531,0.111564420164
3.04639291763,0.272727280855,0.120980367064,0.0432012304664,0.0777791365981
3.07812619209,0.272727280855,0.0807212814689,0.0373027808964,0.0434185005724
3.10985946655,0.272727280855,0.0403809137642,0.0318202488124,0.0085606649518
3.14159274101,0.272727280855,-1.11265350711e-07,0.026719789952,0.0267199017107
0,0.282828271389,0,0.0231149345636,0.0231149345636
0.0317332595587,0.282828271389,0.0407014898956,0.0296310335398,0.0110704563558
0.0634665191174,0.282828271389,0.0813620090485,0.036462482065,0.0448995269835
0.095199778676,0.282828271389,0.121940582991,0.0436057709157,0.0783348083496
0.126933038235,0.282828271389,0.162396386266,0.0510587319732,0.111337654293
0.158666297793,0.282828271389,0.202688664198,0.0588212832808,0.143867373466
0.190399557352,0.282828271389,0.242776855826,0.0668961852789,0.175880670547
0.222132816911,0.282828271389,0.282620608807,0.0752895995975,0.207331001759
0.253866076469,0.282828271389,0.322179764509,0.0840115919709,0.238168179989
0.285599350929,0.282828271389,0.361414551735,0.0930769145489,0.268337637186
0.317332595587,0.282828271389,0.400285333395,0.102504946291,0.297780394554
0.349065840244,0.282828271389,0.438753098249,0.112319946289,0.32643315196
0.380799114704,0.282828271389,0.476779133081,0.122550912201,0.354228228331
0.412532389164,0.282828271389,0.514325082302,0.133231595159,0.381093502045
0.444265633821,0.282828271389,0.551353096962,0.144399121404,0.406953990459
0.475998878479,0.282828271389,0.58782595396,0.15609459579,0.431731343269
0.507732152939,0.282828271389,0.623706996441,0.168361619115,0.455345392227
0.539465427399,0.282828271389,0.658959925175,0.181244671345,0.47771525383
0.571198701859,0.282828271389,0.693549394608,0.19478815794,0.498761236668
0.602931916714,0.282828271389,0.727440476418,0.209034845233,0.518405616283
0.634665191174,0.282828271389,0.760599136353,0.224022701383,0.536576449871
0.666398465633,0.282828271389,0.792991876602,0.239781528711,0.553210377693
0.698131680489,0.282828271389,0.824586093426,0.256330281496,0.568255782127
0.729864954948,0.282828271389,0.855350136757,0.273674666882,0.581675469875
0.761598229408,0.282828271389,0.885252952576,0.29181304574,0.593439936638
0.793331503868,0.282828271389,0.914264261723,0.310752600431,0.603511691093
0.825064778328,0.282828271389,0.94235509634,0.330540835857,0.611814260483
0.856797993183,0.282828271389,0.969496965408,0.351289182901,0.618207812309
0.888531267643,0.282828271389,0.995662689209,0.37313374877,0.622528910637
0.920264542103,0.282828271389,1.02082586288,0.396119534969,0.624706327915
0.951997756958,0.282828271389,1.04496109486,0.420128971338,0.62483215332
0.983731031418,0.282828271389,1.06804418564,0.444983273745,0.623060941696
1.01546430588,0.282828271389,1.09005188942,0.470581263304,0.619470596313
1.04719758034,0.282828271389,1.11096191406,0.496893167496,0.614068746567
1.0789308548,0.282828271389,1.13075339794,0.523891508579,0.606861889362
1.11066412926,0.282828271389,1.1494063139,0.551532447338,0.597873866558
1.14239740372,0.282828271389,1.16690170765,0.579772591591,0.587129116058
1.17413055897,0.282828271389,1.18322217464,0.608566462994,0.574655711651
1.20586383343,0.282828271389,1.198351264,0.637836396694,0.560514867306
1.23759710789,0.282828271389,1.21227383614,0.667415380478,0.544858455658
1.26933038235,0.282828271389,1.22497558594,0.696975469589,0.528000116348
1.30106365681,0.282828271389,1.23644399643,0.725952386856,0.510491609573
1.33279693127,0.282828271389,1.2466673851,0.753505289555,0.493162095547
1.36453020573,0.282828271389,1.25563549995,0.778532207012,0.477103292942
1.39626336098,0.282828271389,1.26333928108,0.799754142761,0.463585138321
1.42799663544,0.282828271389,1.26977097988,0.815975487232,0.453795492649
1.4597299099,0.282828271389,1.27492403984,0.826624929905,0.448299109936
1.49146318436,0.282828271389,1.27879357338,0.83209758997,0.44669598341
1.52319645882,0.282828271389,1.28137528896,0.833272695541,0.448102593422
1.55492973328,0.282828271389,1.28266680241,0.830909729004,0.451757073402
1.58666300774,0.282828271389,1.28266680241,0.825808346272,0.456858456135
1.6183962822,0.282828271389,1.28137528896,0.818705976009,0.462669312954
1.65012955666,0.282828271389,1.27879357338,0.809756159782,0.469037413597
1.68186283112,0.282828271389,1.27492403984,0.798786401749,0.476137638092
1.71359610558,0.282828271389,1.26977097988,0.785871684551,0.48389929533
1.74532938004,0.282828271389,1.26333928108,0.771374225616,0.491965055466
1.77706253529,0.282828271389,1.25563549995,0.755646348,0.499989151955
1.80879580975,0.282828271389,1.2466673851,0.738864779472,0.507802605629
1.84052908421,0.282828271389,1.23644399643,0.721066355705,0.515377640724
1.87226235867,0.282828271389,1.22497558594,0.702260792255,0.522714793682
1.90399563313,0.282828271389,1.21227371693,0.682502448559,0.529771268368
1.93572890759,0.282828271389,1.198351264,0.661903977394,0.536447286606
1.96746218204,0.282828271389,1.18322217464,0.640604496002,0.542617678642
1.9991953373,0.282828271389,1.16690170765,0.618734478951,0.548167228699
2.03092861176,0.282828271389,1.14940619469,0.596391201019,0.553014993668
2.06266188622,0.282828271389,1.13075327873,0.57363307476,0.557120203972
2.09439516068,0.282828271389,1.11096191406,0.550487935543,0.560473978519
2.12612843513,0.282828271389,1.09005177021,0.526968717575,0.563083052635
2.15786170959,0.282828271389,1.06804406643,0.503091514111,0.564952552319
2.18959498405,0.282828271389,1.04496109486,0.478889703751,0.566071391106
2.22132825851,0.282828271389,1.02082574368,0.454424977303,0.566400766373
2.25306153297,0.282828271389,0.995662510395,0.429789602757,0.565872907639
2.28479480743,0.282828271389,0.969496846199,0.405106723309,0.56439012289
2.31652784348,0.282828271389,0.942355155945,0.380524247885,0.561830878258
2.34826135635,0.282828271389,0.914264142513,0.356204330921,0.558059811592
2.3799943924,0.282828271389,0.885252952576,0.332315832376,0.552937150002
2.41172790527,0.282828271389,0.855349957943,0.309020578861,0.546329379082
2.44346094131,0.282828271389,0.824586212635,0.286468505859,0.538117706776
2.47519421577,0.282828271389,0.792991876602,0.264786034822,0.528205871582
2.50692749023,0.282828271389,0.760599076748,0.244074583054,0.516524493694
2.53866076469,0.282828271389,0.727440416813,0.224407941103,0.503032445908
2.57039403915,0.282828271389,0.693549275398,0.205831721425,0.487717568874
2.60212731361,0.282828271389,0.65895986557,0.188366219401,0.470593631268
2.63386058807,0.282828271389,0.623706877232,0.172009319067,0.451697558165
2.66559386253,0.282828271389,0.587825834751,0.156740501523,0.431085348129
2.69732713699,0.282828271389,0.551352977753,0.142524272203,0.408828705549
2.72906041145,0.282828271389,0.514324903488,0.12931548059,0.385009407997
2.76079368591,0.282828271389,0.476778954268,0.11706097424,0.359717965126
2.79252696037,0.282828271389,0.438752949238,0.105704151094,0.333048790693
2.82426023483,0.282828271389,0.400285154581,0.0951858684421,0.305099278688
2.85599327087,0.282828271389,0.361414581537,0.0854476466775,0.27596694231
2.88772678375,0.282828271389,0.322179496288,0.0764312297106,0.245748266578
2.91945981979,0.282828271389,0.282620608807,0.0680821239948,0.214538484812
2.95119309425,0.282828271389,0.242776855826,0.0603471398354,0.182429715991
2.98292636871,0.282828271389,0.202688649297,0.0531770177186,0.149511635303
3.01465964317,0.282828271389,0.162396356463,0.0465258955956,0.115870460868
3.04639291763,0.282828271389,0.121940538287,0.040350984782,0.0815895497799
3.07812619209,0.282828271389,0.0813619270921,0.0346132479608,0.0467486791313
3.10985946655,0.282828271389,0.0407014004886,0.0292769819498,0.0114244185388
3.14159274101,0.282828271389,-1.12148413223e-07,0.0243100021034,0.0243101138622
0,0.292929291725,0,0.0198878999799,0.0198878999799
0.0317332595587,0.292929291725,0.0410219728947,0.0262547470629,0.0147672258317
0.0634665191174,0.292929291725,0.0820026472211,0.0329406820238,0.0490619651973
0.095199778676,0.292929291725,0.122900739312,0.039941906929,0.0829588323832
0.126933038235,0.292929291725,0.163675099611,0.047255307436,0.116419792175
0.158666297793,0.292929291725,0.204284623265,0.0548791736364,0.149405449629
0.190399557352,0.292929291725,0.244688481092,0.0628142282367,0.181874245405
0.222132816911,0.292929291725,0.284845948219,0.0710647553205,0.213781192899
0.253866076469,0.292929291725,0.324716597795,0.0796385556459,0.24507804215
0.285599350929,0.292929291725,0.364260315895,0.0885475203395,0.275712788105
0.317332595587,0.292929291725,0.403437167406,0.0978089869022,0.305628180504
0.349065840244,0.292929291725,0.442207843065,0.107444852591,0.334762990475
0.380799114704,0.292929291725,0.48053330183,0.117482103407,0.363051205873
0.412532389164,0.292929291725,0.518374860287,0.127952113748,0.39042276144
0.444265633821,0.292929291725,0.555694401264,0.1388913095,0.416803091764
0.475998878479,0.292929291725,0.592454493046,0.15033981204,0.442114681005
0.507732152939,0.292929291725,0.628618001938,0.162340953946,0.466277062893
0.539465427399,0.292929291725,0.664148569107,0.174939498305,0.489209055901
0.571198701859,0.292929291725,0.699010372162,0.188182041049,0.510828316212
0.602931916714,0.292929291725,0.733168303967,0.20211365819,0.531054615974
0.634665191174,0.292929291725,0.76658809185,0.216776207089,0.549811899662
0.666398465633,0.292929291725,0.799235880375,0.232205480337,0.56703042984
0.698131680489,0.292929291725,0.831078886986,0.248427033424,0.582651853561
0.729864954948,0.292929291725,0.862085103989,0.265453368425,0.596631765366
0.761598229408,0.292929291725,0.892223417759,0.283284455538,0.608938932419
0.793331503868,0.292929291725,0.921463191509,0.301917284727,0.619545936584
0.825064778328,0.292929291725,0.949775159359,0.321372181177,0.62840294838
0.856797993183,0.292929291725,0.977130770683,0.341724336147,0.635406434536
0.888531267643,0.292929291725,1.00350248814,0.363105148077,0.640397310257
0.920264542103,0.292929291725,1.02886378765,0.385619193316,0.643244624138
0.951997756958,0.292929291725,1.05318903923,0.409224063158,0.643965005875
0.983731031418,0.292929291725,1.07645392418,0.433747798204,0.642706155777
1.01546430588,0.292929291725,1.09863483906,0.459040939808,0.63959389925
1.04719758034,0.292929291725,1.11970961094,0.485044538975,0.634665071964
1.0789308548,0.292929291725,1.13965690136,0.51172554493,0.62793135643
1.11066412926,0.292929291725,1.15845668316,0.539031803608,0.619424879551
1.14239740372,0.292929291725,1.17608988285,0.566900551319,0.609189331532
1.17413055897,0.292929291725,1.19253885746,0.595271170139,0.597267687321
1.20586383343,0.292929291725,1.20778715611,0.62406206131,0.583725094795
1.23759710789,0.292929291725,1.22181928158,0.653120219707,0.568699061871
1.26933038235,0.292929291725,1.23462104797,0.682147324085,0.552473723888
1.30106365681,0.292929291725,1.2461796999,0.71062630415,0.535553395748
1.33279693127,0.292929291725,1.25648367405,0.737785279751,0.518698394299
1.36453020573,0.292929291725,1.2655223608,0.762630879879,0.502891480923
1.39626336098,0.292929291725,1.27328681946,0.784042418003,0.489244401455
1.42799663544,0.292929291725,1.27976918221,0.800956189632,0.478812992573
1.4597299099,0.292929291725,1.28496277332,0.812739610672,0.472223162651
1.49146318436,0.292929291725,1.28886270523,0.819479823112,0.469382882118
1.52319645882,0.292929291725,1.2914648056,0.821697056293,0.46976774931
1.55492973328,0.292929291725,1.29276657104,0.820038080215,0.472728490829
1.58666300774,0.292929291725,1.29276657104,0.81535667181,0.477409899235
1.6183962822,0.292929291725,1.2914648056,0.808327138424,0.483137667179
1.65012955666,0.292929291725,1.28886270523,0.799072802067,0.489789903164
1.68186283112,0.292929291725,1.28496277332,0.787606358528,0.497356414795
1.71359610558,0.292929291725,1.27976918221,0.774239718914,0.505529463291
1.74532938004,0.292929291725,1.27328681946,0.759443342686,0.513843476772
1.77706253529,0.292929291725,1.2655223608,0.743554651737,0.521967709064
1.80879580975,0.292929291725,1.25648367405,0.726692140102,0.529791533947
1.84052908421,0.292929291725,1.2461796999,0.708848118782,0.537331581116
1.87226235867,0.292929291725,1.23462104797,0.690014064312,0.544606983662
1.90399563313,0.292929291725,1.22181916237,0.670243859291,0.551575303078
1.93572890759,0.292929291725,1.20778715611,0.649652123451,0.558135032654
1.96746218204,0.292929291725,1.19253885746,0.628378689289,0.564160168171
1.9991953373,0.292929291725,1.17608976364,0.606548905373,0.569540858269
2.03092861176,0.292929291725,1.15845656395,0.584254026413,0.574202537537
2.06266188622,0.292929291725,1.13965678215,0.561547100544,0.578109681606
2.09439516068,0.292929291725,1.11970961094,0.538453042507,0.581256568432
2.12612843513,0.292929291725,1.09863483906,0.51498657465,0.583648264408
2.15786170959,0.292929291725,1.07645380497,0.491169571877,0.585284233093
2.18959498405,0.292929291725,1.05318903923,0.467044204473,0.586144804955
2.22132825851,0.292929291725,1.02886366844,0.442681640387,0.586181998253
2.25306153297,0.292929291725,1.00350236893,0.41818523407,0.585317134857
2.28479480743,0.292929291725,0.977130591869,0.393686980009,0.583443641663
2.31652784348,0.292929291725,0.949775218964,0.369341135025,0.580434083939
2.34826135635,0.292929291725,0.921463012695,0.34531211853,0.576150894165
2.3799943924,0.292929291725,0.892223417759,0.321768581867,0.570454835892
2.41172790527,0.292929291725,0.862084984779,0.298867672682,0.563217282295
2.44346094131,0.292929291725,0.83107894659,0.27675151825,0.554327428341
2.47519421577,0.292929291725,0.799235880375,0.255537420511,0.543698430061
2.50692749023,0.292929291725,0.766587972641,0.235316097736,0.531271874905
2.53866076469,0.292929291725,0.733168244362,0.216150343418,0.517017900944
2.57039403915,0.292929291725,0.699010312557,0.198076397181,0.500933885574
2.60212731361,0.292929291725,0.664148509502,0.181105345488,0.483043164015
2.63386058807,0.292929291725,0.628617882729,0.165228128433,0.463389754295
2.66559386253,0.292929291725,0.592454373837,0.150418356061,0.442036032677
2.69732713699,0.292929291725,0.555694282055,0.136637285352,0.419057011604
2.72906041145,0.292929291725,0.518374681473,0.123836614192,0.394538074732
2.76079368591,0.292929291725,0.480533093214,0.111962638795,0.368570446968
2.79252696037,0.292929291725,0.442207694054,0.100957900286,0.341249793768
2.82426023483,0.292929291725,0.403436988592,0.0907642692327,0.312672734261
2.85599327087,0.292929291725,0.364260345697,0.0813237503171,0.282936602831
2.88772678375,0.292929291725,0.324716329575,0.0725799947977,0.252136349678
2.91945981979,0.292929291725,0.284845978022,0.0644792616367,0.220366716385
2.95119309425,0.292929291725,0.244688481092,0.0569704473019,0.187718033791
2.98292636871,0.292929291725,0.204284608364,0.050005774945,0.154278829694
3.01465964317,0.292929291725,0.163675054908,0.0435411557555,0.120133899152
3.04639291763,0.292929291725,0.122900694609,0.0375355444849,0.0853651463985
3.07812619209,0.292929291725,0.0820025727153,0.0319517329335,0.0500508397818
3.10985946655,0.292929291725,0.0410218834877,0.026756003499,0.0142658799887
3.14159274101,0.292929291725,-1.13031468629e-07,0.0219180732965,0.0219181869179
0,0.303030312061,0,0.0167407821864,0.0167407821864
0.0317332595587,0.303030312061,0.0413424558938,0.0229543987662,0.0183880571276
0.0634665191174,0.303030312061,0.0826432928443,0.0294919200242,0.0531513728201
0.095199778676,0.303030312061,0.123860895634,0.0363487973809,0.0875120982528
0.126933038235,0.303030312061,0.164953798056,0.0435211695731,0.121432632208
0.158666297793,0.303030312061,0.205880597234,0.0510058030486,0.154874801636
0.190399557352,0.303030312061,0.246600091457,0.0588021576405,0.187797933817
0.222132816911,0.303030312061,0.287071287632,0.0669119656086,0.220159322023
0.253866076469,0.303030312061,0.327253431082,0.0753410458565,0.251912385225
0.285599350929,0.303030312061,0.367106080055,0.084099046886,0.283007025719
0.317332595587,0.303030312061,0.406589031219,0.0932004377246,0.313388586044
0.349065840244,0.303030312061,0.445662558079,0.102664701641,0.342997848988
0.380799114704,0.303030312061,0.484287440777,0.112516418099,0.371771037579
0.412532389164,0.303030312061,0.522424638271,0.122785665095,0.399638980627
0.444265633821,0.303030312061,0.560035765171,0.133506536484,0.426529228687
0.475998878479,0.303030312061,0.597083032131,0.144717857242,0.452365159988
0.507732152939,0.303030312061,0.633529067039,0.156462699175,0.477066367865
0.539465427399,0.303030312061,0.669337213039,0.168786048889,0.50055116415
0.571198701859,0.303030312061,0.704471349716,0.181735143065,0.52273619175
0.602931916714,0.303030312061,0.73889619112,0.195356965065,0.543539226055
0.634665191174,0.303030312061,0.772576987743,0.20969723165,0.562879741192
0.666398465633,0.303030312061,0.805479884148,0.224796205759,0.580683708191
0.698131680489,0.303030312061,0.837571680546,0.240686252713,0.596885442734
0.729864954948,0.303030312061,0.868820130825,0.25738722086,0.611432909966
0.761598229408,0.303030312061,0.899193882942,0.274904578924,0.624289274216
0.793331503868,0.303030312061,0.928662061691,0.293232619762,0.635429441929
0.825064778328,0.303030312061,0.957195222378,0.312372863293,0.644822359085
0.856797993183,0.303030312061,0.984764575958,0.332364857197,0.652399718761
0.888531267643,0.303030312061,1.01134228706,0.353313237429,0.658029079437
0.920264542103,0.303030312061,1.03690171242,0.375347912312,0.661553800106
0.951997756958,0.303030312061,1.06141710281,0.398505806923,0.662911295891
0.983731031418,0.303030312061,1.08486366272,0.422660976648,0.662202715874
1.01546430588,0.303030312061,1.10721790791,0.447631716728,0.659586191177
1.04719758034,0.303030312061,1.12845730782,0.473315089941,0.655142188072
1.0789308548,0.303030312061,1.14856040478,0.499666810036,0.648893594742
1.11066412926,0.303030312061,1.16750705242,0.526629090309,0.640877962112
1.14239740372,0.303030312061,1.18527805805,0.554122149944,0.631155908108
1.17413055897,0.303030312061,1.20185554028,0.582061111927,0.619794428349
1.20586383343,0.303030312061,1.217222929,0.610351681709,0.606871247292
1.23759710789,0.303030312061,1.23136460781,0.638843476772,0.592521131039
1.26933038235,0.303030312061,1.24426651001,0.66726231575,0.57700419426
1.30106365681,0.303030312061,1.25591552258,0.695137441158,0.560778081417
1.33279693127,0.303030312061,1.266299963,0.72177362442,0.544526338577
1.36453020573,0.303030312061,1.27540922165,0.74630767107,0.529101550579
1.39626336098,0.303030312061,1.28323423862,0.767824411392,0.515409827232
1.42799663544,0.303030312061,1.28976726532,0.78545665741,0.50431060791
1.4597299099,0.303030312061,1.29500150681,0.798527598381,0.496473908424
1.49146318436,0.303030312061,1.29893195629,0.806728422642,0.492203533649
1.52319645882,0.303030312061,1.30155432224,0.810132741928,0.491421580315
1.55492973328,0.303030312061,1.30286622047,0.809246361256,0.493619859219
1.58666300774,0.303030312061,1.30286622047,0.804939627647,0.497926592827
1.6183962822,0.303030312061,1.30155432224,0.797837793827,0.503716528416
1.65012955666,0.303030312061,1.29893195629,0.78813970089,0.510792255402
1.68186283112,0.303030312061,1.29500150681,0.776112318039,0.518889188766
1.71359610558,0.303030312061,1.28976726532,0.762288331985,0.527478933334
1.74532938004,0.303030312061,1.28323423862,0.747205018997,0.536029219627
1.77706253529,0.303030312061,1.27540922165,0.731163144112,0.544246077538
1.80879580975,0.303030312061,1.266299963,0.714222431183,0.552077531815
1.84052908421,0.303030312061,1.25591552258,0.696337044239,0.559578478336
1.87226235867,0.303030312061,1.24426651001,0.677483320236,0.566783189774
1.90399563313,0.303030312061,1.23136460781,0.657713353634,0.573651254177
1.93572890759,0.303030312061,1.217222929,0.63714247942,0.580080449581
1.96746218204,0.303030312061,1.20185554028,0.615907132626,0.58594840765
1.9991953373,0.303030312061,1.18527793884,0.594128131866,0.591149806976
2.03092861176,0.303030312061,1.16750693321,0.571890234947,0.595616698265
2.06266188622,0.303030312061,1.14856040478,0.549242556095,0.599317848682
2.09439516068,0.303030312061,1.12845730782,0.526209235191,0.602248072624
2.12612843513,0.303030312061,1.10721790791,0.502808868885,0.604409039021
2.15786170959,0.303030312061,1.08486366272,0.479069918394,0.605793714523
2.18959498405,0.303030312061,1.06141710281,0.455044060946,0.606373071671
2.22132825851,0.303030312061,1.03690159321,0.430812507868,0.606089115143
2.25306153297,0.303030312061,1.01134216785,0.406488627195,0.604853510857
2.28479480743,0.303030312061,0.984764397144,0.382211357355,0.602553009987
2.31652784348,0.303030312061,0.957195341587,0.358139514923,0.599055826664
2.34826135635,0.303030312061,0.928661882877,0.334439218044,0.594222664833
2.3799943924,0.303030312061,0.899193882942,0.311275482178,0.587918400764
2.41172790527,0.303030312061,0.868819952011,0.28879982233,0.580020129681
2.44346094131,0.303030312061,0.83757174015,0.267145514488,0.570426225662
2.47519421577,0.303030312061,0.805479884148,0.246419787407,0.559060096741
2.50692749023,0.303030312061,0.772576928139,0.226702824235,0.545874118805
2.53866076469,0.303030312061,0.738896071911,0.208046734333,0.530849337578
2.57039403915,0.303030312061,0.704471290112,0.190478429198,0.513992846012
2.60212731361,0.303030312061,0.669337153435,0.174001097679,0.495336055756
2.63386058807,0.303030312061,0.63352894783,0.158599033952,0.47492992878
2.66559386253,0.303030312061,0.597082912922,0.144241854548,0.452841043472
2.69732713699,0.303030312061,0.560035645962,0.130886986852,0.429148674011
2.72906041145,0.303030312061,0.522424459457,0.118484780192,0.403939664364
2.76079368591,0.303030312061,0.484287232161,0.106980621815,0.377306610346
2.79252696037,0.303030312061,0.445662409067,0.0963173061609,0.349345088005
2.82426023483,0.303030312061,0.406588822603,0.0864370167255,0.320151805878
2.85599327087,0.303030312061,0.36710613966,0.077283591032,0.289822548628
2.88772678375,0.303030312061,0.327253162861,0.068801805377,0.258451342583
2.91945981979,0.303030312061,0.287071317434,0.0609395131469,0.226131796837
2.95119309425,0.303030312061,0.246600091457,0.0536472052336,0.192952886224
2.98292636871,0.303030312061,0.205880582333,0.046879157424,0.159001424909
3.01465964317,0.303030312061,0.164953768253,0.0405928008258,0.124360963702
3.04639291763,0.303030312061,0.12386085093,0.0347494967282,0.0891113579273
3.07812619209,0.303030312061,0.0826432108879,0.0293136350811,0.0533295758069
3.10985946655,0.303030312061,0.0413423627615,0.0242534391582,0.0170889236033
3.14159274101,0.303030312061,-1.13914524036e-07,0.0195411927998,0.0195413064212
0,0.313131302595,0,0.0136776082218,0.0136776082218
0.0317332595587,0.313131302595,0.0416629426181,0.01973432675,0.0219286158681
0.0634665191174,0.313131302595,0.0832839384675,0.0261193886399,0.0571645498276
0.095199778676,0.313131302595,0.124821066856,0.0328287295997,0.0919923335314
0.126933038235,0.313131302595,0.166232526302,0.0398576334119,0.126374900341
0.158666297793,0.313131302595,0.207476586103,0.0472019910812,0.160274595022
0.190399557352,0.313131302595,0.248511731625,0.0548595264554,0.19365221262
0.222132816911,0.313131302595,0.289296656847,0.0628302916884,0.226466357708
0.253866076469,0.313131302595,0.32979029417,0.0711176171899,0.258672684431
0.285599350929,0.313131302595,0.36995190382,0.0797287523746,0.290223151445
0.317332595587,0.313131302595,0.409740895033,0.0886758714914,0.32106500864
0.349065840244,0.313131302595,0.449117332697,0.0979757755995,0.351141571999
0.380799114704,0.313131302595,0.488041639328,0.107650458813,0.380391180515
0.412532389164,0.313131302595,0.526474475861,0.117727816105,0.408746659756
0.444265633821,0.313131302595,0.564377188683,0.128240168095,0.436137020588
0.475998878479,0.313131302595,0.601711630821,0.139224857092,0.462486773729
0.507732152939,0.313131302595,0.638440191746,0.150723487139,0.487716704607
0.539465427399,0.313131302595,0.674525916576,0.16278116405,0.511744737625
0.571198701859,0.313131302595,0.709932386875,0.175445377827,0.534487009048
0.602931916714,0.313131302595,0.744624078274,0.188764959574,0.555859088898
0.634665191174,0.313131302595,0.778566002846,0.202787458897,0.575778543949
0.666398465633,0.313131302595,0.811723947525,0.2175578475,0.594166100025
0.698131680489,0.313131302595,0.84406453371,0.233114257455,0.610950291157
0.729864954948,0.313131302595,0.875555217266,0.249483913183,0.626071333885
0.761598229408,0.313131302595,0.90616440773,0.266679644585,0.639484763145
0.793331503868,0.313131302595,0.935861051083,0.284698694944,0.651162385941
0.825064778328,0.313131302595,0.964615404606,0.303533226252,0.661082148552
0.856797993183,0.313131302595,0.992398440838,0.323194503784,0.669203937054
0.888531267643,0.313131302595,1.0191822052,0.3437487185,0.675433516502
0.920264542103,0.313131302595,1.04493975639,0.36531946063,0.679620265961
0.951997756958,0.313131302595,1.0696451664,0.38800239563,0.681642770767
0.983731031418,0.313131302595,1.09327352047,0.41174519062,0.681528329849
1.01546430588,0.313131302595,1.11580109596,0.436367928982,0.679433166981
1.04719758034,0.313131302595,1.1372051239,0.461718201637,0.675486922264
1.0789308548,0.313131302595,1.1574640274,0.487726509571,0.669737517834
1.11066412926,0.313131302595,1.17655754089,0.514331936836,0.662225604057
1.14239740372,0.313131302595,1.19446635246,0.541440725327,0.653025627136
1.17413055897,0.313131302595,1.2111723423,0.568942010403,0.642230331898
1.20586383343,0.313131302595,1.22665882111,0.596717178822,0.629941642284
1.23759710789,0.313131302595,1.24091017246,0.624607980251,0.616302192211
1.26933038235,0.313131302595,1.25391209126,0.652355968952,0.601556122303
1.30106365681,0.313131302595,1.26565134525,0.679535448551,0.586115896702
1.33279693127,0.313131302595,1.27611625195,0.705536723137,0.570579528809
1.36453020573,0.313131302595,1.28529620171,0.729648590088,0.555647611618
1.39626336098,0.313131302595,1.29318189621,0.751202881336,0.541979014874
1.42799663544,0.313131302595,1.29976558685,0.769585669041,0.530179917812
1.4597299099,0.313131302595,1.3050403595,0.784084618092,0.520955741405
1.49146318436,0.313131302595,1.30900120735,0.79391759634,0.515083611012
1.52319645882,0.313131302595,1.31164395809,0.7986343503,0.513009607792
1.55492973328,0.313131302595,1.31296598911,0.798561215401,0.514404773712
1.58666300774,0.313131302595,1.31296598911,0.794547975063,0.51841801405
1.6183962822,0.313131302595,1.31164395809,0.787219047546,0.524424910545
1.65012955666,0.313131302595,1.30900120735,0.776957035065,0.532044172287
1.68186283112,0.313131302595,1.3050403595,0.764324486256,0.540715873241
1.71359610558,0.313131302595,1.29976558685,0.750043392181,0.549722194672
1.74532938004,0.313131302595,1.29318189621,0.73468130827,0.55850058794
1.77706253529,0.313131302595,1.28529620171,0.718488037586,0.56680816412
1.80879580975,0.313131302595,1.27611625195,0.701468229294,0.574648022652
1.84052908421,0.313131302595,1.26565134525,0.683543264866,0.582108080387
1.87226235867,0.313131302595,1.25391209126,0.664676845074,0.589235246181
1.90399563313,0.313131302595,1.24091017246,0.644918143749,0.595992028713
1.93572890759,0.313131302595,1.22665882111,0.624379515648,0.602279305458
1.96746218204,0.313131302595,1.2111723423,0.603193044662,0.607979297638
1.9991953373,0.313131302595,1.19446623325,0.581473708153,0.612992525101
2.03092861176,0.313131302595,1.17655754089,0.55930107832,0.617256462574
2.06266188622,0.313131302595,1.1574640274,0.536721408367,0.620742619038
2.09439516068,0.313131302595,1.1372051239,0.513760745525,0.623444378376
2.12612843513,0.313131302595,1.11580097675,0.490442067385,0.625358939171
2.15786170959,0.313131302595,1.09327352047,0.466802477837,0.626471042633
2.18959498405,0.313131302595,1.0696451664,0.442902773619,0.626742362976
2.22132825851,0.313131302595,1.04493975639,0.418834090233,0.626105666161
2.25306153297,0.313131302595,1.01918208599,0.394718110561,0.62446397543
2.28479480743,0.313131302595,0.992398321629,0.370700031519,0.621698260307
2.31652784348,0.313131302595,0.964615464211,0.346940696239,0.617674767971
2.34826135635,0.313131302595,0.935860872269,0.32360547781,0.612255394459
2.3799943924,0.313131302595,0.90616440773,0.300854861736,0.605309545994
2.41172790527,0.313131302595,0.875555038452,0.278833091259,0.596721947193
2.44346094131,0.313131302595,0.844064593315,0.257663756609,0.586400866508
2.47519421577,0.313131302595,0.811723947525,0.237443625927,0.574280321598
2.50692749023,0.313131302595,0.778565943241,0.218242108822,0.560323834419
2.53866076469,0.313131302595,0.744624018669,0.200101479888,0.54452252388
2.57039403915,0.313131302595,0.709932327271,0.183039739728,0.526892602444
2.60212731361,0.313131302595,0.674525856972,0.167053252459,0.507472634315
2.63386058807,0.313131302595,0.638440072536,0.152120783925,0.486319303513
2.66559386253,0.313131302595,0.601711511612,0.138207674026,0.463503837585
2.69732713699,0.313131302595,0.564377069473,0.125269204378,0.439107865095
2.72906041145,0.313131302595,0.526474297047,0.113254852593,0.413219451904
2.76079368591,0.313131302595,0.488041430712,0.102109208703,0.385932207108
2.79252696037,0.313131302595,0.449117183685,0.0917757749557,0.35734140873
2.82426023483,0.313131302595,0.409740686417,0.0821980908513,0.327542603016
2.85599327087,0.313131302595,0.369951933622,0.0733206868172,0.296631246805
2.88772678375,0.313131302595,0.329790025949,0.0650900825858,0.264699935913
2.91945981979,0.313131302595,0.289296686649,0.0574560314417,0.231840655208
2.95119309425,0.313131302595,0.248511731625,0.0503709875047,0.198140740395
2.98292636871,0.313131302595,0.207476556301,0.0437908619642,0.163685694337
3.01465964317,0.313131302595,0.166232481599,0.0376752801239,0.1285572052
3.04639291763,0.313131302595,0.124821014702,0.031987618655,0.0928333997726
3.07812619209,0.313131302595,0.0832838639617,0.0266945064068,0.0565893575549
3.10985946655,0.313131302595,0.0416628494859,0.0217670351267,0.0198958143592
3.14159274101,0.313131302595,-1.14797586548e-07,0.0171798896044,0.0171800050884
0,0.323232322931,0,0.0107022486627,0.0107022486627
0.0317332595587,0.323232322931,0.0419834256172,0.0165977030993,0.025385722518
0.0634665191174,0.323232322931,0.0839245840907,0.0228265412152,0.0610980428755
0.095199778676,0.323232322931,0.125781223178,0.0293844528496,0.0963967740536
0.126933038235,0.323232322931,0.167511224747,0.0362668186426,0.131244406104
0.158666297793,0.323232322931,0.209072545171,0.0434689559042,0.165603592992
0.190399557352,0.323232322931,0.250423371792,0.0509868115187,0.199436560273
0.222132816911,0.323232322931,0.291522026062,0.0588189810514,0.232703045011
0.253866076469,0.323232322931,0.332327127457,0.0669664815068,0.2653606534
0.285599350929,0.323232322931,0.37279766798,0.0754344016314,0.29736328125
0.317332595587,0.323232322931,0.412892729044,0.0842322856188,0.328660428524
0.349065840244,0.323232322931,0.452572077513,0.0933743491769,0.359197735786
0.380799114704,0.323232322931,0.491795778275,0.102879859507,0.388915926218
0.412532389164,0.323232322931,0.530524253845,0.112774260342,0.417750000954
0.444265633821,0.323232322931,0.568718492985,0.123087860644,0.445630639791
0.475998878479,0.323232322931,0.606340169907,0.133856102824,0.472484052181
0.507732152939,0.323232322931,0.643351256847,0.145119309425,0.498231947422
0.539465427399,0.323232322931,0.679714560509,0.156921669841,0.522792875767
0.571198701859,0.323232322931,0.715393424034,0.169310957193,0.546082496643
0.602931916714,0.323232322931,0.750351965427,0.182336315513,0.568015635014
0.634665191174,0.323232322931,0.784554958344,0.196047618985,0.588507354259
0.666398465633,0.323232322931,0.817967951298,0.210493192077,0.60747474432
0.698131680489,0.323232322931,0.850557267666,0.225715950131,0.624841332436
0.729864954948,0.323232322931,0.882290244102,0.241750240326,0.640540003777
0.761598229408,0.323232322931,0.913134872913,0.258616983891,0.654517889023
0.793331503868,0.323232322931,0.943059921265,0.276320010424,0.666739940643
0.825064778328,0.323232322931,0.972035467625,0.294849336147,0.677186131477
0.856797993183,0.323232322931,1.00003230572,0.314198166132,0.685834169388
0.888531267643,0.323232322931,1.02702212334,0.334395676851,0.692626476288
0.920264542103,0.323232322931,1.05297780037,0.355535209179,0.69744259119
0.951997756958,0.323232322931,1.07787311077,0.377737015486,0.700136065483
0.983731031418,0.323232322931,1.10168325901,0.401026934385,0.700656294823
1.01546430588,0.323232322931,1.12438416481,0.42526653409,0.699117660522
1.04719758034,0.323232322931,1.14595270157,0.450267374516,0.695685327053
1.0789308548,0.323232322931,1.16636765003,0.475917994976,0.690449655056
1.11066412926,0.323232322931,1.18560791016,0.502149343491,0.683458566666
1.14239740372,0.323232322931,1.20365452766,0.528860807419,0.674793720245
1.17413055897,0.323232322931,1.22048902512,0.555916190147,0.664572834969
1.20586383343,0.323232322931,1.236094594,0.583165287971,0.65292930603
1.23759710789,0.323232322931,1.2504556179,0.610430836678,0.640024781227
1.26933038235,0.323232322931,1.26355743408,0.637460291386,0.626097142696
1.30106365681,0.323232322931,1.27538704872,0.663870871067,0.611516177654
1.33279693127,0.323232322931,1.28593254089,0.6891477108,0.596784830093
1.36453020573,0.323232322931,1.29518294334,0.712755084038,0.582427859306
1.39626336098,0.323232322931,1.30312943459,0.734305202961,0.568824231625
1.42799663544,0.323232322931,1.30976366997,0.753473699093,0.556289970875
1.4597299099,0.323232322931,1.31507909298,0.769518077374,0.545561015606
1.49146318436,0.323232322931,1.31907045841,0.781121015549,0.537949442863
1.52319645882,0.323232322931,1.32173347473,0.787246525288,0.534486949444
1.55492973328,0.323232322931,1.32306575775,0.787994265556,0.535071492195
1.58666300774,0.323232322931,1.32306575775,0.784165382385,0.538900375366
1.6183962822,0.323232322931,1.32173347473,0.776458323002,0.54527515173
1.65012955666,0.323232322931,1.31907045841,0.765536546707,0.553533911705
1.68186283112,0.323232322931,1.31507909298,0.752270936966,0.562808156013
1.71359610558,0.323232322931,1.30976366997,0.737534463406,0.572229206562
1.74532938004,0.323232322931,1.30312943459,0.721895396709,0.581234037876
1.77706253529,0.323232322931,1.29518294334,0.705546438694,0.58963650465
1.80879580975,0.323232322931,1.28593254089,0.68844217062,0.597490370274
1.84052908421,0.323232322931,1.27538704872,0.670477151871,0.604909896851
1.87226235867,0.323232322931,1.26355743408,0.651603579521,0.611953854561
1.90399563313,0.323232322931,1.2504554987,0.631864726543,0.618590772152
1.93572890759,0.323232322931,1.236094594,0.611367881298,0.624726712704
1.96746218204,0.323232322931,1.22048902512,0.590239167213,0.630249857903
1.9991953373,0.323232322931,1.20365440845,0.568587601185,0.63506680727
2.03092861176,0.323232322931,1.18560791016,0.546488404274,0.639119505882
2.06266188622,0.323232322931,1.16636753082,0.523987054825,0.642380475998
2.09439516068,0.323232322931,1.14595270157,0.501112878323,0.644839823246
2.12612843513,0.323232322931,1.1243840456,0.477895379066,0.646488666534
2.15786170959,0.323232322931,1.10168325901,0.454379558563,0.647303700447
2.18959498405,0.323232322931,1.07787311077,0.430635750294,0.647237360477
2.22132825851,0.323232322931,1.05297768116,0.406764566898,0.646213114262
2.25306153297,0.323232322931,1.02702188492,0.382893830538,0.644128084183
2.28479480743,0.323232322931,1.0000320673,0.359173536301,0.640858530998
2.31652784348,0.323232322931,0.972035586834,0.335764855146,0.63627076149
2.34826135635,0.323232322931,0.943059802055,0.312830120325,0.630229711533
2.3799943924,0.323232322931,0.913134872913,0.290523976088,0.622610926628
2.41172790527,0.323232322931,0.882290065289,0.268981903791,0.613308191299
2.44346094131,0.323232322931,0.850557327271,0.248317480087,0.602239847183
2.47519421577,0.323232322931,0.817967951298,0.228616684675,0.589351296425
2.50692749023,0.323232322931,0.784554898739,0.209938928485,0.574615955353
2.53866076469,0.323232322931,0.750351846218,0.192316845059,0.55803501606
2.57039403915,0.323232322931,0.715393304825,0.175760552287,0.539632737637
2.60212731361,0.323232322931,0.679714441299,0.16026006639,0.519454360008
2.63386058807,0.323232322931,0.643351137638,0.145789563656,0.497561573982
2.66559386253,0.323232322931,0.606340050697,0.132311165333,0.474028885365
2.69732713699,0.323232322931,0.568718373775,0.119778938591,0.448939442635
2.72906041145,0.323232322931,0.530524075031,0.108140751719,0.422383308411
2.76079368591,0.323232322931,0.491795569658,0.0973421260715,0.394453436136
2.79252696037,0.323232322931,0.452571928501,0.0873269587755,0.365244984627
2.82426023483,0.323232322931,0.412892520428,0.0780400261283,0.334852486849
2.85599327087,0.323232322931,0.372797697783,0.0694272816181,0.303370416164
2.88772678375,0.323232322931,0.332326859236,0.0614373385906,0.270889520645
2.91945981979,0.323232322931,0.291522026062,0.0540217459202,0.237500280142
2.95119309425,0.323232322931,0.250423371792,0.0471346117556,0.203288763762
2.98292636871,0.323232322931,0.20907253027,0.0407343134284,0.168338209391
3.01465964317,0.323232322931,0.167511194944,0.0347828604281,0.132728338242
3.04639291763,0.323232322931,0.125781178474,0.0292456001043,0.0965355783701
3.07812619209,0.323232322931,0.0839245021343,0.0240919031203,0.059832599014
3.10985946655,0.323232322931,0.041983332485,0.0192963443696,0.0226869881153
3.14159274101,0.323232322931,-1.15680641954e-07,0.0148362256587,0.0148363411427
0,0.333333343267,0,0.00781881809235,0.00781881809235
0.0317332595587,0.333333343267,0.0423039123416,0.0135487169027,0.0287551954389
0.0634665191174,0.333333343267,0.0845652371645,0.0196165144444,0.0649487227201
0.095199778676,0.333333343267,0.126741394401,0.0260191708803,0.10072222352
0.126933038235,0.333333343267,0.168789952993,0.0327515676618,0.136038392782
0.158666297793,0.333333343267,0.21066853404,0.0398085527122,0.170859977603
0.190399557352,0.333333343267,0.252335011959,0.0471851453185,0.20514985919
0.222132816911,0.333333343267,0.293747395277,0.0548783503473,0.238869041204
0.253866076469,0.333333343267,0.334863990545,0.0628872215748,0.27197676897
0.285599350929,0.333333343267,0.375643461943,0.0712146833539,0.304428786039
0.317332595587,0.333333343267,0.416044592857,0.0798673778772,0.336177229881
0.349065840244,0.333333343267,0.456026852131,0.0888570472598,0.367169797421
0.380799114704,0.333333343267,0.495549976826,0.0982006639242,0.397349298
0.412532389164,0.333333343267,0.534574091434,0.107920914888,0.426653176546
0.444265633821,0.333333343267,0.573059916496,0.118045121431,0.455014795065
0.475998878479,0.333333343267,0.610968708992,0.128607288003,0.48236143589
0.507732152939,0.333333343267,0.648262381554,0.139645710588,0.508616685867
0.539465427399,0.333333343267,0.684903264046,0.151203930378,0.533699333668
0.571198701859,0.333333343267,0.720854461193,0.163328364491,0.557526111603
0.602931916714,0.333333343267,0.756079852581,0.176069200039,0.580010652542
0.634665191174,0.333333343267,0.790543973446,0.189477622509,0.601066350937
0.666398465633,0.333333343267,0.824212014675,0.203603923321,0.620608091354
0.698131680489,0.333333343267,0.857050120831,0.218495413661,0.638554692268
0.729864954948,0.333333343267,0.889025330544,0.234192818403,0.654832482338
0.761598229408,0.333333343267,0.920105397701,0.250724673271,0.66938072443
0.793331503868,0.333333343267,0.950258910656,0.268102914095,0.682155966759
0.825064778328,0.333333343267,0.979455649853,0.286322057247,0.693133592606
0.856797993183,0.333333343267,1.00766611099,0.305366665125,0.70229947567
0.888531267643,0.333333343267,1.03486204147,0.325236707926,0.70962536335
0.920264542103,0.333333343267,1.06101584435,0.345985263586,0.715030550957
0.951997756958,0.333333343267,1.08610129356,0.367723107338,0.718378186226
0.983731031418,0.333333343267,1.11009311676,0.390533089638,0.719560027122
1.01546430588,0.333333343267,1.13296723366,0.414348572493,0.718618631363
1.04719758034,0.333333343267,1.15470051765,0.438976496458,0.715723991394
1.0789308548,0.333333343267,1.17527127266,0.464254975319,0.71101629734
1.11066412926,0.333333343267,1.19465851784,0.490093529224,0.704564988613
1.14239740372,0.333333343267,1.21284270287,0.5163885355,0.696454167366
1.17413055897,0.333333343267,1.22980570793,0.542985200882,0.68682050705
1.20586383343,0.333333343267,1.24553048611,0.569698989391,0.675831496716
1.23759710789,0.333333343267,1.26000118256,0.59632307291,0.663678109646
1.26933038235,0.333333343267,1.27320301533,0.622601985931,0.650601029396
1.30106365681,0.333333343267,1.2851228714,0.648193180561,0.636929690838
1.33279693127,0.333333343267,1.29574882984,0.672686994076,0.623061835766
1.36453020573,0.333333343267,1.3050699234,0.695744216442,0.609325706959
1.39626336098,0.333333343267,1.31307697296,0.717279791832,0.595797181129
1.42799663544,0.333333343267,1.3197619915,0.737272560596,0.582489430904
1.4597299099,0.333333343267,1.32511794567,0.754941761494,0.570176184177
1.49146318436,0.333333343267,1.32913970947,0.768406689167,0.560733020306
1.52319645882,0.333333343267,1.33182311058,0.776003181934,0.555819928646
1.55492973328,0.333333343267,1.33316552639,0.777542710304,0.555622816086
1.58666300774,0.333333343267,1.33316552639,0.773769557476,0.559395968914
1.6183962822,0.333333343267,1.33182311058,0.765550136566,0.566272974014
1.65012955666,0.333333343267,1.32913970947,0.753900110722,0.575239598751
1.68186283112,0.333333343267,1.32511794567,0.739987015724,0.585130929947
1.71359610558,0.333333343267,1.3197619915,0.724794685841,0.59496730566
1.74532938004,0.333333343267,1.31307697296,0.708872079849,0.604204893112
1.77706253529,0.333333343267,1.3050699234,0.692356288433,0.612713634968
1.80879580975,0.333333343267,1.29574882984,0.675158917904,0.620589911938
1.84052908421,0.333333343267,1.2851228714,0.65715110302,0.627971768379
1.87226235867,0.333333343267,1.27320301533,0.638273060322,0.634929955006
1.90399563313,0.333333343267,1.26000106335,0.618560314178,0.641440749168
1.93572890759,0.333333343267,1.24553048611,0.59811270237,0.647417783737
1.96746218204,0.333333343267,1.22980570793,0.577048957348,0.652756750584
1.9991953373,0.333333343267,1.21284270287,0.555472373962,0.657370328903
2.03092861176,0.333333343267,1.19465839863,0.533455371857,0.661203026772
2.06266188622,0.333333343267,1.17527115345,0.511044800282,0.664226353168
2.09439516068,0.333333343267,1.15470051765,0.488274037838,0.666426479816
2.12612843513,0.333333343267,1.13296723366,0.465179890394,0.667787313461
2.15786170959,0.333333343267,1.11009311676,0.441815525293,0.668277621269
2.18959498405,0.333333343267,1.08610129356,0.418260902166,0.667840361595
2.22132825851,0.333333343267,1.06101572514,0.394623607397,0.666392087936
2.25306153297,0.333333343267,1.03486180305,0.371037095785,0.663824677467
2.28479480743,0.333333343267,1.00766599178,0.347653269768,0.660012722015
2.31652784348,0.333333343267,0.979455709457,0.324632316828,0.654823422432
2.34826135635,0.333333343267,0.950258731842,0.302131831646,0.648126900196
2.3799943924,0.333333343267,0.920105397701,0.280298620462,0.639806747437
2.41172790527,0.333333343267,0.88902515173,0.259259074926,0.629766106606
2.44346094131,0.333333343267,0.857050180435,0.239116579294,0.617933630943
2.47519421577,0.333333343267,0.824212014675,0.219945818186,0.604266166687
2.50692749023,0.333333343267,0.790543913841,0.201797023416,0.588746905327
2.53866076469,0.333333343267,0.756079792976,0.184693947434,0.571385860443
2.57039403915,0.333333343267,0.720854401588,0.168639659882,0.552214741707
2.60212731361,0.333333343267,0.684903144836,0.153618618846,0.531284511089
2.63386058807,0.333333343267,0.648262262344,0.139601349831,0.508660912514
2.66559386253,0.333333343267,0.610968589783,0.126547560096,0.484421014786
2.69732713699,0.333333343267,0.573059797287,0.114409789443,0.458649992943
2.72906041145,0.333333343267,0.534573912621,0.103136010468,0.431437909603
2.76079368591,0.333333343267,0.495549768209,0.0926720649004,0.402877688408
2.79252696037,0.333333343267,0.456026673317,0.0829631611705,0.373063504696
2.82426023483,0.333333343267,0.416044414043,0.0739552229643,0.342089176178
2.85599327087,0.333333343267,0.375643491745,0.0655963644385,0.310047119856
2.88772678375,0.333333343267,0.334863722324,0.057836458087,0.277027249336
2.91945981979,0.333333343267,0.293747425079,0.0506293512881,0.243118077517
2.95119309425,0.333333343267,0.252335011959,0.0439317040145,0.208403304219
2.98292636871,0.333333343267,0.210668504238,0.0377039462328,0.172964558005
3.01465964317,0.333333343267,0.16878990829,0.0319108404219,0.136879071593
3.04639291763,0.333333343267,0.126741349697,0.0265205539763,0.100220799446
3.07812619209,0.333333343267,0.0845651552081,0.0215062536299,0.0630588978529
3.10985946655,0.333333343267,0.042303815484,0.0168448165059,0.0254589989781
3.14159274101,0.333333343267,-1.16563704466e-07,0.0125179048628,0.0125180212781
0,0.343434333801,0,0.00503190932795,0.00503190932795
0.0317332595587,0.343434333801,0.0426243953407,0.010591706261,0.0320326909423
0.0634665191174,0.343434333801,0.0852058753371,0.0164942312986,0.0687116459012
0.095199778676,0.343434333801,0.127701550722,0.0227367691696,0.104964777827
0.126933038235,0.343434333801,0.170068651438,0.0293151177466,0.140753537416
0.158666297793,0.343434333801,0.212264493108,0.0362233147025,0.176041185856
0.190399557352,0.343434333801,0.254246622324,0.0434560514987,0.210790574551
0.222132816911,0.343434333801,0.29597273469,0.0510089732707,0.244963765144
0.253866076469,0.343434333801,0.337400823832,0.0588793754578,0.278521448374
0.285599350929,0.343434333801,0.378489226103,0.0670678988099,0.311421334743
0.317332595587,0.343434333801,0.419196456671,0.0755789577961,0.343617498875
0.349065840244,0.343434333801,0.459481567144,0.0844214633107,0.375060111284
0.380799114704,0.343434333801,0.499304115772,0.0936096310616,0.405694484711
0.412532389164,0.343434333801,0.538623869419,0.103163160384,0.435460716486
0.444265633821,0.343434333801,0.577401220798,0.113107390702,0.464293837547
0.475998878479,0.343434333801,0.615597248077,0.123473666608,0.492123574018
0.507732152939,0.343434333801,0.653173387051,0.13429838419,0.518875002861
0.539465427399,0.343434333801,0.690091907978,0.145623192191,0.544468700886
0.571198701859,0.343434333801,0.726315438747,0.157494410872,0.568821012974
0.602931916714,0.343434333801,0.76180768013,0.169961288571,0.59184640646
0.634665191174,0.343434333801,0.796532928944,0.183075904846,0.613457024097
0.666398465633,0.343434333801,0.830456018448,0.196890458465,0.633565545082
0.698131680489,0.343434333801,0.863542914391,0.211455464363,0.652087450027
0.729864954948,0.343434333801,0.895760297775,0.226816639304,0.66894364357
0.761598229408,0.343434333801,0.927075862885,0.243009895086,0.684065937996
0.793331503868,0.343434333801,0.957457840443,0.260056078434,0.697401762009
0.825064778328,0.343434333801,0.986875712872,0.277957051992,0.708918690681
0.856797993183,0.343434333801,1.01529991627,0.296696513891,0.718603372574
0.888531267643,0.343434333801,1.0427018404,0.31625688076,0.726444959641
0.920264542103,0.343434333801,1.06905376911,0.336652547121,0.732401251793
0.951997756958,0.343434333801,1.09432923794,0.357960522175,0.736368715763
0.983731031418,0.343434333801,1.1185028553,0.380286216736,0.738216638565
1.01546430588,0.343434333801,1.14155030251,0.403638541698,0.737911760807
1.04719758034,0.343434333801,1.16344821453,0.427861332893,0.735586881638
1.0789308548,0.343434333801,1.18417477608,0.452751159668,0.731423616409
1.11066412926,0.343434333801,1.2037088871,0.478177815676,0.725531101227
1.14239740372,0.343434333801,1.22203087807,0.504032671452,0.717998206615
1.17413055897,0.343434333801,1.23912239075,0.530151665211,0.708970725536
1.20586383343,0.343434333801,1.254966259,0.556318581104,0.698647677898
1.23759710789,0.343434333801,1.26954650879,0.582291901112,0.687254607677
1.26933038235,0.343434333801,1.28284847736,0.607804000378,0.675044476986
1.30106365681,0.343434333801,1.29485869408,0.632551550865,0.662307143211
1.33279693127,0.343434333801,1.30556511879,0.656239509583,0.649325609207
1.36453020573,0.343434333801,1.31495678425,0.678745150566,0.636211633682
1.39626336098,0.343434333801,1.32302451134,0.700292825699,0.622731685638
1.42799663544,0.343434333801,1.32976007462,0.721144855022,0.608615219593
1.4597299099,0.343434333801,1.33515667915,0.740471065044,0.594685614109
1.49146318436,0.343434333801,1.33920896053,0.755836009979,0.583372950554
1.52319645882,0.343434333801,1.34191262722,0.764924347401,0.576988279819
1.55492973328,0.343434333801,1.34326517582,0.767192780972,0.576072394848
1.58666300774,0.343434333801,1.34326517582,0.76334130764,0.579923868179
1.6183962822,0.343434333801,1.34191262722,0.754501402378,0.587411224842
1.65012955666,0.343434333801,1.33920896053,0.742082178593,0.59712678194
1.68186283112,0.343434333801,1.33515667915,0.727514982224,0.60764169693
1.71359610558,0.343434333801,1.32976007462,0.711860775948,0.617899298668
1.74532938004,0.343434333801,1.32302451134,0.695638537407,0.62738597393
1.77706253529,0.343434333801,1.31495678425,0.678937554359,0.636019229889
1.80879580975,0.343434333801,1.30556511879,0.661633312702,0.643931806087
1.84052908421,0.343434333801,1.29485869408,0.643576622009,0.651282072067
1.87226235867,0.343434333801,1.28284847736,0.624695062637,0.658153414726
1.90399563313,0.343434333801,1.26954650879,0.605012714863,0.664533793926
1.93572890759,0.343434333801,1.254966259,0.584619402885,0.670346856117
1.96746218204,0.343434333801,1.23912239075,0.563626468182,0.675495922565
1.9991953373,0.343434333801,1.22203075886,0.54213231802,0.679898440838
2.03092861176,0.343434333801,1.20370876789,0.520208060741,0.68350070715
2.06266188622,0.343434333801,1.18417465687,0.49790251255,0.686272144318
2.09439516068,0.343434333801,1.16344821453,0.475254923105,0.688193321228
2.12612843513,0.343434333801,1.1415501833,0.45230910182,0.689241051674
2.15786170959,0.343434333801,1.1185028553,0.429127603769,0.689375281334
2.18959498405,0.343434333801,1.09432923794,0.405797213316,0.68853199482
2.22132825851,0.343434333801,1.0690536499,0.382431954145,0.686621665955
2.25306153297,0.343434333801,1.04270160198,0.359169214964,0.683532357216
2.28479480743,0.343434333801,1.01529979706,0.336160451174,0.679139375687
2.31652784348,0.343434333801,0.986875832081,0.313562780619,0.67331302166
2.34826135635,0.343434333801,0.957457661629,0.291527450085,0.665930211544
2.3799943924,0.343434333801,0.927075862885,0.270193189383,0.6568826437
2.41172790527,0.343434333801,0.895760178566,0.249675929546,0.64608424902
2.44346094131,0.343434333801,0.863542973995,0.230068445206,0.63347452879
2.47519421577,0.343434333801,0.830456018448,0.211436092854,0.619019925594
2.50692749023,0.343434333801,0.796532809734,0.193818613887,0.602714180946
2.53866076469,0.343434333801,0.761807620525,0.177232682705,0.58457493782
2.57039403915,0.343434333801,0.726315379143,0.161675065756,0.564640283585
2.60212731361,0.343434333801,0.690091788769,0.14712536335,0.542966425419
2.63386058807,0.343434333801,0.653173267841,0.13355126977,0.519621968269
2.66559386253,0.343434333801,0.615597128868,0.120910443366,0.494686692953
2.69732713699,0.343434333801,0.577401101589,0.109155014157,0.468246102333
2.72906041145,0.343434333801,0.538623690605,0.0982332676649,0.440390408039
2.76079368591,0.343434333801,0.499303907156,0.0880915746093,0.411212325096
2.79252696037,0.343434333801,0.459481418133,0.078676648438,0.380804777145
2.82426023483,0.343434333801,0.419196248055,0.0699358060956,0.349260449409
2.85599327087,0.343434333801,0.378489285707,0.0618192255497,0.316670060158
2.88772678375,0.343434333801,0.337400555611,0.054279346019,0.283121198416
2.91945981979,0.343434333801,0.295972764492,0.0472715236247,0.248701244593
2.95119309425,0.343434333801,0.254246622324,0.0407558195293,0.213490799069
2.98292636871,0.343434333801,0.212264478207,0.03469498083,0.177569493651
3.01465964317,0.343434333801,0.170068606734,0.0290567204356,0.141011893749
3.04639291763,0.343434333801,0.127701506019,0.0238130167127,0.103888489306
3.07812619209,0.343434333801,0.0852058008313,0.0189407244325,0.0662650763988
3.10985946655,0.343434333801,0.0426242984831,0.0144202411175,0.0282040573657
3.14159274101,0.343434333801,-1.17446759873e-07,0.0102380719036,0.0102381892502
0,0.353535354137,0,0.0023461538367,0.0023461538367
0.0317332595587,0.353535354137,0.0429448783398,0.00773172313347,0.0352131538093
0.0634665191174,0.353535354137,0.0858465284109,0.0134639814496,0.0723825469613
0.095199778676,0.353535354137,0.128661721945,0.0195416193455,0.109120100737
0.126933038235,0.353535354137,0.171347379684,0.0259609110653,0.145386472344
0.158666297793,0.353535354137,0.213860481977,0.0327163673937,0.181144118309
0.190399557352,0.353535354137,0.256158262491,0.0398019216955,0.21635633707
0.222132816911,0.353535354137,0.298198103905,0.0472123473883,0.250985741615
0.253866076469,0.353535354137,0.33993768692,0.0549434348941,0.284994244576
0.285599350929,0.353535354137,0.381335049868,0.0629936903715,0.318341374397
0.317332595587,0.353535354137,0.422348320484,0.0713653862476,0.350982934237
0.349065840244,0.353535354137,0.462936341763,0.0800646618009,0.382871687412
0.380799114704,0.353535354137,0.503058314323,0.0891030356288,0.413955271244
0.412532389164,0.353535354137,0.542673707008,0.0984974429011,0.444176256657
0.444265633821,0.353535354137,0.58174264431,0.108270257711,0.473472386599
0.475998878479,0.353535354137,0.620225846767,0.118450388312,0.501775443554
0.507732152939,0.353535354137,0.658084511757,0.129072189331,0.529012322426
0.539465427399,0.353535354137,0.69528055191,0.140175297856,0.555105268955
0.571198701859,0.353535354137,0.731776535511,0.151804566383,0.579971969128
0.602931916714,0.353535354137,0.767535626888,0.164008975029,0.603526651859
0.634665191174,0.353535354137,0.802521944046,0.176840171218,0.625681757927
0.666398465633,0.353535354137,0.836700081825,0.190352126956,0.646347939968
0.698131680489,0.353535354137,0.870035767555,0.204597324133,0.66543841362
0.729864954948,0.353535354137,0.902495384216,0.21962569654,0.682869672775
0.761598229408,0.353535354137,0.934046387672,0.235479667783,0.698566734791
0.793331503868,0.353535354137,0.964656770229,0.252188295126,0.712468504906
0.825064778328,0.353535354137,0.9942958951,0.269761800766,0.724534094334
0.856797993183,0.353535354137,1.02293384075,0.28819000721,0.734743833542
0.888531267643,0.353535354137,1.05054175854,0.307447165251,0.743094563484
0.920264542103,0.353535354137,1.07709181309,0.327518731356,0.749573111534
0.951997756958,0.353535354137,1.10255730152,0.348438501358,0.754118800163
0.983731031418,0.353535354137,1.12691271305,0.370298266411,0.75661444664
1.01546430588,0.353535354137,1.15013349056,0.39316213131,0.756971359253
1.04719758034,0.353535354137,1.17219603062,0.416940748692,0.755255281925
1.0789308548,0.353535354137,1.1930783987,0.441420197487,0.751658201218
1.11066412926,0.353535354137,1.21275937557,0.466417700052,0.746341705322
1.14239740372,0.353535354137,1.23121917248,0.491806328297,0.739412844181
1.17413055897,0.353535354137,1.24843919277,0.517420828342,0.731018364429
1.20586383343,0.353535354137,1.26440215111,0.543024122715,0.721378028393
1.23759710789,0.353535354137,1.27909207344,0.568339943886,0.710752129555
1.26933038235,0.353535354137,1.2924939394,0.593084216118,0.699409723282
1.30106365681,0.353535354137,1.30459451675,0.616991996765,0.687602519989
1.33279693127,0.353535354137,1.31538140774,0.639893949032,0.675487458706
1.36453020573,0.353535354137,1.32484376431,0.661895751953,0.662948012352
1.39626336098,0.353535354137,1.33297216892,0.683519124985,0.649453043938
1.42799663544,0.353535354137,1.33975839615,0.70525854826,0.634499847889
1.4597299099,0.353535354137,1.34519553185,0.726216435432,0.618979096413
1.49146318436,0.353535354137,1.34927821159,0.743459761143,0.605818450451
1.52319645882,0.353535354137,1.35200226307,0.754017293453,0.597984969616
1.55492973328,0.353535354137,1.35336506367,0.756922781467,0.5964422822
1.58666300774,0.353535354137,1.35336506367,0.752867698669,0.600497364998
1.6183962822,0.353535354137,1.35200226307,0.743331730366,0.608670532703
1.65012955666,0.353535354137,1.34927821159,0.73012560606,0.619152605534
1.68186283112,0.353535354137,1.34519553185,0.714903116226,0.630292415619
1.71359610558,0.353535354137,1.33975839615,0.698771953583,0.640986442566
1.74532938004,0.353535354137,1.33297216892,0.682224333286,0.650747835636
1.77706253529,0.353535354137,1.32484376431,0.665311813354,0.659531950951
1.80879580975,0.353535354137,1.31538140774,0.647882699966,0.667498707771
1.84052908421,0.353535354137,1.30459451675,0.629768371582,0.674826145172
1.87226235867,0.353535354137,1.2924939394,0.610880434513,0.681613504887
1.90399563313,0.353535354137,1.27909195423,0.591229498386,0.687862455845
1.93572890759,0.353535354137,1.26440215111,0.570894241333,0.693507909775
1.96746218204,0.353535354137,1.24843919277,0.549977779388,0.698461413383
1.9991953373,0.353535354137,1.23121905327,0.528573811054,0.702645242214
2.03092861176,0.353535354137,1.21275925636,0.50675368309,0.706005573273
2.06266188622,0.353535354137,1.1930782795,0.484570115805,0.708508133888
2.09439516068,0.353535354137,1.17219603062,0.462068110704,0.710127949715
2.12612843513,0.353535354137,1.15013337135,0.439299374819,0.710834026337
2.15786170959,0.353535354137,1.12691271305,0.416333824396,0.710578918457
2.18959498405,0.353535354137,1.10255730152,0.393265217543,0.709292054176
2.22132825851,0.353535354137,1.07709169388,0.370211809874,0.706879854202
2.25306153297,0.353535354137,1.05054152012,0.347311854362,0.703229665756
2.28479480743,0.353535354137,1.02293372154,0.324715167284,0.698218584061
2.31652784348,0.353535354137,0.994296014309,0.302574247122,0.691721796989
2.34826135635,0.353535354137,0.96465665102,0.281032860279,0.683623790741
2.3799943924,0.353535354137,0.934046387672,0.260219931602,0.67382645607
2.41172790527,0.353535354137,0.902495265007,0.240241542459,0.66225373745
2.44346094131,0.353535354137,0.87003582716,0.22117960453,0.64885622263
2.47519421577,0.353535354137,0.836700081825,0.203089848161,0.633610248566
2.50692749023,0.353535354137,0.802521824837,0.186003759503,0.616518080235
2.53866076469,0.353535354137,0.767535567284,0.169931069016,0.597604513168
2.57039403915,0.353535354137,0.731776416302,0.154862776399,0.576913654804
2.60212731361,0.353535354137,0.695280492306,0.140774950385,0.55450552702
2.63386058807,0.353535354137,0.658084392548,0.12763273716,0.530451655388
2.66559386253,0.353535354137,0.620225727558,0.115392997861,0.504832744598
2.69732713699,0.353535354137,0.581742525101,0.104007393122,0.477735131979
2.72906041145,0.353535354137,0.542673528194,0.093424461782,0.449249058962
2.76079368591,0.353535354137,0.503058135509,0.083592236042,0.419465899467
2.79252696037,0.353535354137,0.462936192751,0.0744586884975,0.388477504253
2.82426023483,0.353535354137,0.422348111868,0.0659733042121,0.356374800205
2.85599327087,0.353535354137,0.38133507967,0.05808827281,0.32324680686
2.88772678375,0.353535354137,0.339937418699,0.0507581606507,0.289179265499
2.91945981979,0.353535354137,0.298198133707,0.0439421236515,0.254256010056
2.95119309425,0.353535354137,0.256158262491,0.0376020185649,0.218556240201
2.98292636871,0.353535354137,0.213860467076,0.031704582274,0.182155877352
3.01465964317,0.353535354137,0.171347334981,0.0262210145593,0.145126312971
3.04639291763,0.353535354137,0.12866166234,0.021127242595,0.10753442347
3.07812619209,0.353535354137,0.0858464464545,0.0164041426033,0.0694423019886
3.10985946655,0.353535354137,0.0429447852075,0.0120370853692,0.0309076998383
3.14159274101,0.353535354137,-1.18329822385e-07,0.00801691785455,0.00801703613251
0,0.363636374474,0,-0.000233632978052,0.000233632978052
0.0317332595587,0.363636374474,0.0432653613389,0.00497347442433,0.0382918864489
0.0634665191174,0.363636374474,0.0864871665835,0.0105309076607,0.0759562551975
0.095199778676,0.363636374474,0.129621878266,0.0164386834949,0.113183192909
0.126933038235,0.363636374474,0.172626078129,0.0226937569678,0.149932324886
0.158666297793,0.363636374474,0.215456441045,0.0292915701866,0.186164870858
0.190399557352,0.363636374474,0.258069872856,0.0362259224057,0.221843957901
0.222132816911,0.363636374474,0.30042347312,0.043490614742,0.256932854652
0.253866076469,0.363636374474,0.342474520206,0.0510806627572,0.291393846273
0.285599350929,0.363636374474,0.384180814028,0.0589923858643,0.325188428164
0.317332595587,0.363636374474,0.425500154495,0.0672261416912,0.358274012804
0.349065840244,0.363636374474,0.466391086578,0.0757853165269,0.390605777502
0.380799114704,0.363636374474,0.50681245327,0.0846785530448,0.422133892775
0.412532389164,0.363636374474,0.546723484993,0.0939201563597,0.452803313732
0.444265633821,0.363636374474,0.586083948612,0.103529632092,0.482554316521
0.475998878479,0.363636374474,0.624854385853,0.113533206284,0.511321187019
0.507732152939,0.363636374474,0.662995576859,0.123962201178,0.539033353329
0.539465427399,0.363636374474,0.700469195843,0.134855061769,0.565614104271
0.571198701859,0.363636374474,0.737237513065,0.146254390478,0.59098315239
0.602931916714,0.363636374474,0.773263454437,0.158208087087,0.615055382252
0.634665191174,0.363636374474,0.808510839939,0.170767828822,0.637742996216
0.666398465633,0.363636374474,0.842944085598,0.18398720026,0.658956885338
0.698131680489,0.363636374474,0.876528501511,0.19792124629,0.678607225418
0.729864954948,0.363636374474,0.909230411053,0.212622821331,0.696607589722
0.761598229408,0.363636374474,0.941016852856,0.228139057755,0.712877810001
0.793331503868,0.363636374474,0.971855700016,0.244506806135,0.727348923683
0.825064778328,0.363636374474,1.00171601772,0.261745750904,0.739970266819
0.856797993183,0.363636374474,1.03056764603,0.279853492975,0.750714182854
0.888531267643,0.363636374474,1.05838155746,0.298805475235,0.75957608223
0.920264542103,0.363636374474,1.08512973785,0.318569362164,0.76656037569
0.951997756958,0.363636374474,1.1107853651,0.339138835669,0.771646499634
0.983731031418,0.363636374474,1.1353225708,0.360568732023,0.774753808975
1.01546430588,0.363636374474,1.1587164402,0.382940471172,0.775775969028
1.04719758034,0.363636374474,1.18094372749,0.406237721443,0.77470600605
1.0789308548,0.363636374474,1.20198190212,0.430276691914,0.771705210209
1.11066412926,0.363636374474,1.22180974483,0.454827427864,0.766982316971
1.14239740372,0.363636374474,1.24040734768,0.479725211859,0.760682106018
1.17413055897,0.363636374474,1.25775587559,0.504803717136,0.752952158451
1.20586383343,0.363636374474,1.273837924,0.529819786549,0.744018137455
1.23759710789,0.363636374474,1.28863751888,0.554470956326,0.734166562557
1.26933038235,0.363636374474,1.30213940144,0.578459382057,0.723680019379
1.30106365681,0.363636374474,1.31433022022,0.601561129093,0.712769091129
1.33279693127,0.363636374474,1.32519757748,0.623741388321,0.701456189156
1.36453020573,0.363636374474,1.33473062515,0.645338833332,0.689391791821
1.39626336098,0.363636374474,1.34291958809,0.667134940624,0.675784647465
1.42799663544,0.363636374474,1.34975647926,0.689774513245,0.659981966019
1.4597299099,0.363636374474,1.35523426533,0.712279558182,0.642954707146
1.49146318436,0.363636374474,1.35934746265,0.731318771839,0.628028690815
1.52319645882,0.363636374474,1.36209177971,0.743276953697,0.618814826012
1.55492973328,0.363636374474,1.3634647131,0.746709883213,0.616754829884
1.58666300774,0.363636374474,1.3634647131,0.742346704006,0.62111800909
1.6183962822,0.363636374474,1.36209177971,0.732074320316,0.630017459393
1.65012955666,0.363636374474,1.35934746265,0.718083202839,0.641264259815
1.68186283112,0.363636374474,1.35523426533,0.702203392982,0.653030872345
1.71359610558,0.363636374474,1.34975647926,0.685571670532,0.664184808731
1.74532938004,0.363636374474,1.34291958809,0.668661773205,0.674257814884
1.77706253529,0.363636374474,1.33473062515,0.651503443718,0.683227181435
1.80879580975,0.363636374474,1.32519757748,0.633925497532,0.691272079945
1.84052908421,0.363636374474,1.31433022022,0.615740180016,0.698590040207
1.87226235867,0.363636374474,1.30213940144,0.596840560436,0.705298841
1.90399563313,0.363636374474,1.28863739967,0.577220320702,0.711417078972
1.93572890759,0.363636374474,1.273837924,0.556945443153,0.71689248085
1.96746218204,0.363636374474,1.25775587559,0.536109924316,0.721645951271
1.9991953373,0.363636374474,1.24040722847,0.514805138111,0.725602090359
2.03092861176,0.363636374474,1.22180974483,0.493103027344,0.728706717491
2.06266188622,0.363636374474,1.20198178291,0.471060574055,0.730921208858
2.09439516068,0.363636374474,1.18094372749,0.448729634285,0.732214093208
2.12612843513,0.363636374474,1.1587164402,0.426169216633,0.732547223568
2.15786170959,0.363636374474,1.13532245159,0.403455466032,0.731866955757
2.18959498405,0.363636374474,1.1107853651,0.380687117577,0.730098247528
2.22132825851,0.363636374474,1.08512973785,0.357984691858,0.727145075798
2.25306153297,0.363636374474,1.05838143826,0.335485905409,0.722895503044
2.28479480743,0.363636374474,1.03056740761,0.313337147236,0.717230260372
2.31652784348,0.363636374474,1.00171601772,0.291684120893,0.710031867027
2.34826135635,0.363636374474,0.971855521202,0.270661920309,0.701193571091
2.3799943924,0.363636374474,0.941016852856,0.250389754772,0.690627098083
2.41172790527,0.363636374474,0.909230232239,0.230963081121,0.678267121315
2.44346094131,0.363636374474,0.87652862072,0.21245379746,0.664074838161
2.47519421577,0.363636374474,0.842944085598,0.194908976555,0.648035109043
2.50692749023,0.363636374474,0.808510780334,0.178351610899,0.630159139633
2.53866076469,0.363636374474,0.773263394833,0.162786126137,0.610477268696
2.57039403915,0.363636374474,0.737237393856,0.148198321462,0.589039087296
2.60212731361,0.363636374474,0.700469136238,0.134561732411,0.565907418728
2.63386058807,0.363636374474,0.662995457649,0.121839188039,0.541156291962
2.66559386253,0.363636374474,0.624854266644,0.10998737067,0.514866888523
2.69732713699,0.363636374474,0.586083829403,0.0989578738809,0.487125962973
2.72906041145,0.363636374474,0.546723306179,0.0887005105615,0.458022803068
2.76079368591,0.363636374474,0.506812274456,0.0791646465659,0.42764762044
2.79252696037,0.363636374474,0.466390907764,0.0703000053763,0.396090894938
2.82426023483,0.363636374474,0.425499945879,0.0620585754514,0.363441377878
2.85599327087,0.363636374474,0.38418084383,0.0543949268758,0.329785913229
2.88772678375,0.363636374474,0.342474251986,0.0472666621208,0.295207589865
2.91945981979,0.363636374474,0.30042347312,0.0406355559826,0.259787917137
2.95119309425,0.363636374474,0.258069872856,0.0344674885273,0.223602384329
2.98292636871,0.363636374474,0.215456426144,0.0287332385778,0.186723187566
3.01465964317,0.363636374474,0.172626033425,0.0234080050141,0.149218022823
3.04639291763,0.363636374474,0.129621818662,0.0184724424034,0.111149378121
3.07812619209,0.363636374474,0.0864870920777,0.0139120779932,0.0725750178099
3.10985946655,0.363636374474,0.0432652644813,0.00971751660109,0.0335477478802
3.14159274101,0.363636374474,-1.19212884897e-07,0.0058836680837,0.00588378729299
0,0.373737365007,0,-0.00270314491354,0.00270314491354
0.0317332595587,0.373737365007,0.0435858443379,0.00232207356021,0.0412637703121
0.0634665191174,0.373737365007,0.0871278122067,0.00770009262487,0.0794277191162
0.095199778676,0.373737365007,0.130582034588,0.013432668522,0.117149367929
0.126933038235,0.373737365007,0.173904791474,0.0195182226598,0.154386565089
0.158666297793,0.373737365007,0.217052415013,0.0259530283511,0.191099390388
0.190399557352,0.373737365007,0.259981513023,0.0327315442264,0.227249965072
0.222132816911,0.373737365007,0.302648812532,0.0398467406631,0.262802064419
0.253866076469,0.373737365007,0.345011353493,0.0472929179668,0.297718435526
0.285599350929,0.373737365007,0.387026578188,0.0550648979843,0.33196169138
0.317332595587,0.373737365007,0.428651988506,0.063160829246,0.36549115181
0.349065840244,0.373737365007,0.469845801592,0.0715817734599,0.398264020681
0.380799114704,0.373737365007,0.510566592216,0.0803339108825,0.430232673883
0.412532389164,0.373737365007,0.550773262978,0.0894281864166,0.461345076561
0.444265633821,0.373737365007,0.590425312519,0.098881714046,0.491543591022
0.475998878479,0.373737365007,0.629482865334,0.108717106283,0.520765781403
0.507732152939,0.373737365007,0.66790664196,0.118964202702,0.548942446709
0.539465427399,0.373737365007,0.705657839775,0.12965759635,0.576000213623
0.571198701859,0.373737365007,0.74269849062,0.140838995576,0.601859509945
0.602931916714,0.373737365007,0.778991341591,0.152554392815,0.626436948776
0.634665191174,0.373737365007,0.814499795437,0.164854466915,0.649645328522
0.666398465633,0.373737365007,0.849188089371,0.177793398499,0.671394705772
0.698131680489,0.373737365007,0.883021295071,0.19142653048,0.691594779491
0.729864954948,0.373737365007,0.915965437889,0.205808922648,0.71015650034
0.761598229408,0.373737365007,0.947987318039,0.220992088318,0.726995229721
0.793331503868,0.373737365007,0.979054570198,0.237018689513,0.742035865784
0.825064778328,0.373737365007,1.00913608074,0.253917694092,0.75521838665
0.856797993183,0.373737365007,1.0382014513,0.271696031094,0.766505420208
0.888531267643,0.373737365007,1.06622135639,0.290335088968,0.775886297226
0.920264542103,0.373737365007,1.09316778183,0.309796333313,0.783371448517
0.951997756958,0.373737365007,1.11901330948,0.330043673515,0.788969635963
0.983731031418,0.373737365007,1.14373230934,0.351085454226,0.792646884918
1.01546430588,0.373737365007,1.16729950905,0.372985094786,0.79431438446
1.04719758034,0.373737365007,1.18969142437,0.39577677846,0.793914675713
1.0789308548,0.373737365007,1.21088540554,0.419338434935,0.791546940804
1.11066412926,0.373737365007,1.23086023331,0.443421751261,0.787438511848
1.14239740372,0.373737365007,1.24959552288,0.467807233334,0.781788289547
1.17413055897,0.373737365007,1.2670725584,0.492317229509,0.774755358696
1.20586383343,0.373737365007,1.28327381611,0.51671564579,0.766558170319
1.23759710789,0.373737365007,1.29818296432,0.540693223476,0.757489740849
1.26933038235,0.373737365007,1.31178486347,0.563948273659,0.747836589813
1.30106365681,0.373737365007,1.32406592369,0.586306273937,0.737759649754
1.33279693127,0.373737365007,1.33501386642,0.607875227928,0.727138638496
1.36453020573,0.373737365007,1.344617486,0.629216372967,0.715401113033
1.39626336098,0.373737365007,1.35286712646,0.651308655739,0.701558470726
1.42799663544,0.373737365007,1.35975468159,0.674839198589,0.684915482998
1.4597299099,0.373737365007,1.36527299881,0.698749542236,0.666523456573
1.49146318436,0.373737365007,1.36941659451,0.719443380833,0.649973213673
1.52319645882,0.373737365007,1.37218129635,0.732690930367,0.639490365982
1.55492973328,0.373737365007,1.37356436253,0.736535489559,0.637028872967
1.58666300774,0.373737365007,1.37356436253,0.731791675091,0.641772687435
1.6183962822,0.373737365007,1.37218129635,0.720775365829,0.651405930519
1.65012955666,0.373737365007,1.36941659451,0.706014692783,0.663401901722
1.68186283112,0.373737365007,1.36527299881,0.689471900463,0.675801098347
1.71359610558,0.373737365007,1.35975468159,0.672306358814,0.687448322773
1.74532938004,0.373737365007,1.35286712646,0.654987633228,0.697879493237
1.77706253529,0.373737365007,1.344617486,0.637540340424,0.707077145576
1.80879580975,0.373737365007,1.33501386642,0.619782865047,0.715231001377
1.84052908421,0.373737365007,1.32406592369,0.60150873661,0.72255718708
1.87226235867,0.373737365007,1.31178486347,0.582588434219,0.729196429253
1.90399563313,0.373737365007,1.29818284512,0.562995970249,0.735186874866
1.93572890759,0.373737365007,1.28327381611,0.54278242588,0.740491390228
1.96746218204,0.373737365007,1.2670725584,0.522033572197,0.745038986206
1.9991953373,0.373737365007,1.24959540367,0.500837564468,0.748757839203
2.03092861176,0.373737365007,1.2308601141,0.479268759489,0.751591324806
2.06266188622,0.373737365007,1.21088540554,0.457389444113,0.753495931625
2.09439516068,0.373737365007,1.18969142437,0.435257703066,0.754433751106
2.12612843513,0.373737365007,1.16729950905,0.412938654423,0.754360854626
2.15786170959,0.373737365007,1.14373219013,0.390513956547,0.753218233585
2.18959498405,0.373737365007,1.11901330948,0.368085056543,0.750928282738
2.22132825851,0.373737365007,1.09316766262,0.345772951841,0.747394680977
2.25306153297,0.373737365007,1.06622123718,0.323712676764,0.742508530617
2.28479480743,0.373737365007,1.03820121288,0.302044808865,0.736156404018
2.31652784348,0.373737365007,1.00913619995,0.280907571316,0.728228628635
2.34826135635,0.373737365007,0.979054450989,0.26042675972,0.718627691269
2.3799943924,0.373737365007,0.947987318039,0.24071110785,0.70727622509
2.41172790527,0.373737365007,0.915965259075,0.221845760942,0.694119513035
2.44346094131,0.373737365007,0.883021354675,0.203893631697,0.679127693176
2.47519421577,0.373737365007,0.849188089371,0.186892658472,0.662295460701
2.50692749023,0.373737365007,0.814499735832,0.170859724283,0.643640041351
2.53866076469,0.373737365007,0.778991222382,0.155793279409,0.62319791317
2.57039403915,0.373737365007,0.742698431015,0.141675785184,0.601022660732
2.60212731361,0.373737365007,0.70565778017,0.128478214145,0.577179551125
2.63386058807,0.373737365007,0.667906522751,0.116162337363,0.551744163036
2.66559386253,0.373737365007,0.629482746124,0.104684576392,0.524798154831
2.69732713699,0.373737365007,0.59042519331,0.0939974933863,0.496427714825
2.72906041145,0.373737365007,0.550773084164,0.0840522274375,0.466720849276
2.76079368591,0.373737365007,0.510566413403,0.0747995376587,0.435766875744
2.79252696037,0.373737365007,0.46984565258,0.0661918595433,0.403653800488
2.82426023483,0.373737365007,0.42865177989,0.0581833422184,0.370468437672
2.85599327087,0.373737365007,0.38702660799,0.0507321543992,0.336294442415
2.88772678375,0.373737365007,0.345011085272,0.0437987670302,0.301212310791
2.91945981979,0.373737365007,0.302648842335,0.0373491160572,0.265299737453
2.95119309425,0.373737365007,0.259981513023,0.0313532203436,0.22862829268
2.98292636871,0.373737365007,0.217052385211,0.0257862918079,0.191266089678
3.01465964317,0.373737365007,0.173904746771,0.0206285342574,0.153276205063
3.04639291763,0.373737365007,0.130581989884,0.0158656835556,0.114716306329
3.07812619209,0.373737365007,0.0871277302504,0.0114884171635,0.0756393149495
3.10985946655,0.373737365007,0.0435857474804,0.0074918619357,0.0360938869417
3.14159274101,0.373737365007,-1.20095933198e-07,0.00387525046244,0.00387537060305
0,0.383838385344,0,-0.00505747832358,0.00505747832358
0.0317332595587,0.383838385344,0.0439063310623,-0.000217456836253,0.0441237874329
0.0634665191174,0.383838385344,0.0877684652805,0.00497697433457,0.0827914923429
0.095199778676,0.383838385344,0.131542205811,0.010529300198,0.12101290375
0.126933038235,0.383838385344,0.17518350482,0.0164399687201,0.158743530512
0.158666297793,0.383838385344,0.218648403883,0.0227061938494,0.195942208171
0.190399557352,0.383838385344,0.261893153191,0.0293232053518,0.232569947839
0.222132816911,0.383838385344,0.304874181747,0.0362843088806,0.268589884043
0.253866076469,0.383838385344,0.347548216581,0.0435827076435,0.303965508938
0.285599350929,0.383838385344,0.38987237215,0.051212515682,0.338659852743
0.317332595587,0.383838385344,0.431803882122,0.0591698512435,0.372634023428
0.349065840244,0.383838385344,0.47330057621,0.0674537196755,0.405846863985
0.380799114704,0.383838385344,0.514320790768,0.076067186892,0.438253611326
0.412532389164,0.383838385344,0.554823100567,0.0850190296769,0.469804078341
0.444265633821,0.383838385344,0.594766676426,0.0943227559328,0.500443935394
0.475998878479,0.383838385344,0.634111464024,0.103998422623,0.530113041401
0.507732152939,0.383838385344,0.672817766666,0.114072799683,0.558744966984
0.539465427399,0.383838385344,0.710846543312,0.124578140676,0.586268424988
0.571198701859,0.383838385344,0.748159527779,0.135553136468,0.612606406212
0.602931916714,0.383838385344,0.784719228745,0.147042825818,0.637676417828
0.634665191174,0.383838385344,0.820488810539,0.159096345305,0.661392450333
0.666398465633,0.383838385344,0.855432152748,0.171766683459,0.683665454388
0.698131680489,0.383838385344,0.889514148235,0.18511068821,0.704403460026
0.729864954948,0.383838385344,0.92270052433,0.199183806777,0.723516702652
0.761598229408,0.383838385344,0.954957902431,0.214041024446,0.740916848183
0.793331503868,0.383838385344,0.986253559589,0.229729861021,0.756523728371
0.825064778328,0.383838385344,1.01655626297,0.246286392212,0.770269870758
0.856797993183,0.383838385344,1.04583525658,0.263727635145,0.782107591629
0.888531267643,0.383838385344,1.07406127453,0.282044231892,0.792017042637
0.920264542103,0.383838385344,1.10120582581,0.301198840141,0.800006985664
0.951997756958,0.383838385344,1.12724149227,0.321138709784,0.806102752686
0.983731031418,0.383838385344,1.15214216709,0.341830164194,0.8103120327
1.01546430588,0.383838385344,1.17588269711,0.36329460144,0.812588095665
1.04719758034,0.383838385344,1.19843924046,0.385578423738,0.812860846519
1.0789308548,0.383838385344,1.21978902817,0.408627510071,0.811161518097
1.11066412926,0.383838385344,1.23991072178,0.432216107845,0.807694613934
1.14239740372,0.383838385344,1.25878369808,0.456072241068,0.802711486816
1.17413055897,0.383838385344,1.27638924122,0.479984909296,0.796404361725
1.20586383343,0.383838385344,1.29270970821,0.503732740879,0.788976967335
1.23759710789,0.383838385344,1.30772840977,0.527024149895,0.780704259872
1.26933038235,0.383838385344,1.32143044472,0.549576580524,0.771853864193
1.30106365681,0.383838385344,1.33380174637,0.57127982378,0.762521922588
1.33279693127,0.383838385344,1.34483015537,0.592389941216,0.752440214157
1.36453020573,0.383838385344,1.35450446606,0.613665878773,0.740838587284
1.39626336098,0.383838385344,1.36281478405,0.636189043522,0.726625740528
1.42799663544,0.383838385344,1.36975288391,0.660575270653,0.709177613258
1.4597299099,0.383838385344,1.3753118515,0.685701787472,0.68961006403
1.49146318436,0.383838385344,1.37948596478,0.707855224609,0.671630740166
1.52319645882,0.383838385344,1.3822709322,0.722242593765,0.660028338432
1.55492973328,0.383838385344,1.38366425037,0.726391077042,0.657273173332
1.58666300774,0.383838385344,1.38366425037,0.721231758595,0.662432491779
1.6183962822,0.383838385344,1.3822709322,0.709493219852,0.672777712345
1.65012955666,0.383838385344,1.37948596478,0.693984627724,0.685501337051
1.68186283112,0.383838385344,1.3753118515,0.676768422127,0.698543429375
1.71359610558,0.383838385344,1.36975288391,0.65902620554,0.710726678371
1.74532938004,0.383838385344,1.36281478405,0.641242563725,0.721572220325
1.77706253529,0.383838385344,1.35450446606,0.623454868793,0.731049597263
1.80879580975,0.383838385344,1.34483015537,0.605479598045,0.739350557327
1.84052908421,0.383838385344,1.33380174637,0.587092459202,0.746709287167
1.87226235867,0.383838385344,1.32143044472,0.568138957024,0.753291487694
1.90399563313,0.383838385344,1.30772840977,0.548569142818,0.759159266949
1.93572890759,0.383838385344,1.29270970821,0.528417527676,0.764292180538
1.96746218204,0.383838385344,1.27638924122,0.507760763168,0.76862847805
1.9991953373,0.383838385344,1.25878369808,0.486684948206,0.772098779678
2.03092861176,0.383838385344,1.23991060257,0.465267151594,0.774643421173
2.06266188622,0.383838385344,1.21978902817,0.443575054407,0.776214003563
2.09439516068,0.383838385344,1.19843924046,0.42167237401,0.776766896248
2.12612843513,0.383838385344,1.1758825779,0.399629592896,0.776252985001
2.15786170959,0.383838385344,1.15214204788,0.377531886101,0.774610161781
2.18959498405,0.383838385344,1.12724149227,0.35548171401,0.771759748459
2.22132825851,0.383838385344,1.1012057066,0.333597868681,0.767607808113
2.25306153297,0.383838385344,1.07406115532,0.31201094389,0.76205021143
2.28479480743,0.383838385344,1.04583513737,0.290854752064,0.754980385303
2.31652784348,0.383838385344,1.01655638218,0.270258277655,0.746298074722
2.34826135635,0.383838385344,0.986253380775,0.250337123871,0.735916256905
2.3799943924,0.383838385344,0.954957902431,0.23119045794,0.723767459393
2.41172790527,0.383838385344,0.922700345516,0.212893128395,0.709807217121
2.44346094131,0.383838385344,0.88951420784,0.195499435067,0.694014787674
2.47519421577,0.383838385344,0.855432152748,0.179039180279,0.676392972469
2.50692749023,0.383838385344,0.820488750935,0.163523733616,0.656965017319
2.53866076469,0.383838385344,0.78471916914,0.148946776986,0.635772407055
2.57039403915,0.383838385344,0.748159468174,0.135287836194,0.612871646881
2.60212731361,0.383838385344,0.710846483707,0.122515998781,0.588330507278
2.63386058807,0.383838385344,0.672817647457,0.110593050718,0.562224626541
2.66559386253,0.383838385344,0.634111344814,0.0994752123952,0.53463613987
2.69732713699,0.383838385344,0.594766557217,0.089116409421,0.505650162697
2.72906041145,0.383838385344,0.554822921753,0.0794692933559,0.475353628397
2.76079368591,0.383838385344,0.514320611954,0.0704870223999,0.443833589554
2.79252696037,0.383838385344,0.473300427198,0.0621247068048,0.411175727844
2.82426023483,0.383838385344,0.431803673506,0.0543400235474,0.377463638783
2.85599327087,0.383838385344,0.389872431755,0.0470940023661,0.34277844429
2.88772678375,0.383838385344,0.34754794836,0.0403517745435,0.307196170092
2.91945981979,0.383838385344,0.30487421155,0.034083776176,0.270790427923
2.95119309425,0.383838385344,0.261893153191,0.0282648578286,0.233628302813
2.98292636871,0.383838385344,0.218648374081,0.0228750128299,0.195773363113
3.01465964317,0.383838385344,0.175183460116,0.0179005265236,0.157282933593
3.04639291763,0.383838385344,0.131542146206,0.0133321471512,0.11821000278
3.07812619209,0.383838385344,0.0877683833241,0.00916567072272,0.0786027163267
3.10985946655,0.383838385344,0.0439062342048,0.00539977708831,0.0385064557195
3.14159274101,0.383838385344,-1.2097899571e-07,0.00203613238409,0.00203625345603
0,0.39393940568,0,-0.00729271490127,0.00729271490127
0.0317332595587,0.39393940568,0.0442268140614,-0.00263997586444,0.0468667894602
0.0634665191174,0.39393940568,0.0884091034532,0.00236700708047,0.086042098701
0.095199778676,0.39393940568,0.132502362132,0.00773441931233,0.124767944217
0.126933038235,0.39393940568,0.176462218165,0.0134643893689,0.162997826934
0.158666297793,0.39393940568,0.22024436295,0.0195563696325,0.200687989593
0.190399557352,0.39393940568,0.263804763556,0.0260059311986,0.237798839808
0.222132816911,0.39393940568,0.30709952116,0.0328073352575,0.274292171001
0.253866076469,0.39393940568,0.35008507967,0.039953622967,0.310131460428
0.285599350929,0.39393940568,0.392718136311,0.04743790254,0.345280230045
0.317332595587,0.39393940568,0.434955716133,0.0552546046674,0.37970110774
0.349065840244,0.39393940568,0.476755321026,0.0634010359645,0.413354277611
0.380799114704,0.39393940568,0.518074929714,0.0718778893352,0.446197032928
0.412532389164,0.39393940568,0.558872878551,0.0806905701756,0.478182315826
0.444265633821,0.39393940568,0.599108040333,0.0898499190807,0.509258151054
0.475998878479,0.39393940568,0.638740003109,0.0993733108044,0.539366722107
0.507732152939,0.39393940568,0.677728831768,0.109283640981,0.568445205688
0.539465427399,0.39393940568,0.716035187244,0.119611032307,0.596424162388
0.571198701859,0.39393940568,0.753620564938,0.130391761661,0.623228788376
0.602931916714,0.39393940568,0.790447115898,0.141668185592,0.648778915405
0.634665191174,0.39393940568,0.826477766037,0.153488188982,0.672989606857
0.666398465633,0.39393940568,0.861676156521,0.165903881192,0.69577229023
0.698131680489,0.39393940568,0.896006941795,0.178970977664,0.71703594923
0.729864954948,0.39393940568,0.929435491562,0.192746385932,0.736689090729
0.761598229408,0.39393940568,0.96192830801,0.207286834717,0.754641473293
0.793331503868,0.39393940568,0.993452489376,0.222643643618,0.770808815956
0.825064778328,0.39393940568,1.02397632599,0.23885910213,0.785117208958
0.856797993183,0.39393940568,1.05346906185,0.255958497524,0.797510564327
0.888531267643,0.39393940568,1.08190107346,0.273943036795,0.807958006859
0.920264542103,0.39393940568,1.10924375057,0.292782187462,0.81646156311
0.951997756958,0.39393940568,1.13546943665,0.312417387962,0.823052048683
0.983731031418,0.39393940568,1.16055190563,0.332785338163,0.827766537666
1.01546430588,0.39393940568,1.18446576595,0.353856980801,0.830608785152
1.04719758034,0.39393940568,1.20718693733,0.375654578209,0.831532359123
1.0789308548,0.39393940568,1.22869265079,0.398169010878,0.830523610115
1.11066412926,0.39393940568,1.24896109104,0.421229958534,0.827731132507
1.14239740372,0.39393940568,1.26797187328,0.444539695978,0.823432207108
1.17413055897,0.39393940568,1.28570592403,0.467835664749,0.817870259285
1.20586383343,0.39393940568,1.30214548111,0.490903943777,0.81124150753
1.23759710789,0.39393940568,1.31727385521,0.513496816158,0.803777039051
1.26933038235,0.39393940568,1.33107578754,0.535384237766,0.795691549778
1.30106365681,0.39393940568,1.34353756905,0.556544601917,0.786992967129
1.33279693127,0.39393940568,1.35464644432,0.577384531498,0.777261912823
1.36453020573,0.39393940568,1.3643912077,0.598813593388,0.765577614307
1.39626336098,0.39393940568,1.37276232243,0.621900498867,0.750861823559
1.42799663544,0.39393940568,1.37975108624,0.647078156471,0.732672929764
1.4597299099,0.39393940568,1.38535046577,0.673198521137,0.712151944637
1.49146318436,0.39393940568,1.38955509663,0.696571290493,0.692983806133
1.52319645882,0.39393940568,1.39236044884,0.711918771267,0.68044167757
1.55492973328,0.39393940568,1.3937638998,0.716283500195,0.677480399609
1.58666300774,0.39393940568,1.3937638998,0.710712790489,0.683051109314
1.6183962822,0.39393940568,1.39236044884,0.698293924332,0.694066524506
1.65012955666,0.39393940568,1.38955509663,0.682060778141,0.707494318485
1.68186283112,0.39393940568,1.38535046577,0.664153337479,0.721197128296
1.71359610558,0.39393940568,1.37975108624,0.645784914494,0.733966171741
1.74532938004,0.39393940568,1.37276232243,0.627473056316,0.745289266109
1.77706253529,0.39393940568,1.3643912077,0.609284222126,0.755106985569
1.80879580975,0.39393940568,1.35464644432,0.591044187546,0.763602256775
1.84052908421,0.39393940568,1.34353756905,0.572513461113,0.771024107933
1.87226235867,0.39393940568,1.33107578754,0.553509891033,0.777565896511
1.90399563313,0.39393940568,1.317273736,0.533955812454,0.783317923546
1.93572890759,0.39393940568,1.30214548111,0.513865828514,0.788279652596
1.96746218204,0.39393940568,1.28570592403,0.493307650089,0.792398273945
1.9991953373,0.39393940568,1.26797187328,0.472364783287,0.795607089996
2.03092861176,0.39393940568,1.24896097183,0.451117485762,0.797843456268
2.06266188622,0.39393940568,1.22869253159,0.429638177156,0.799054384232
2.09439516068,0.39393940568,1.20718693733,0.407996147871,0.799190759659
2.12612843513,0.39393940568,1.18446564674,0.386265605688,0.798200011253
2.15786170959,0.39393940568,1.16055178642,0.364532858133,0.796018958092
2.18959498405,0.39393940568,1.13546943665,0.342899352312,0.792570114136
2.22132825851,0.39393940568,1.10924363136,0.321480125189,0.787763476372
2.25306153297,0.39393940568,1.08190095425,0.300398975611,0.781502008438
2.28479480743,0.39393940568,1.05346894264,0.279781490564,0.77368748188
2.31652784348,0.39393940568,1.0239764452,0.259747087955,0.764229357243
2.34826135635,0.39393940568,0.993452310562,0.240401238203,0.753051042557
2.3799943924,0.39393940568,0.96192830801,0.221832513809,0.740095794201
2.41172790527,0.39393940568,0.929435372353,0.204106912017,0.725328445435
2.44346094131,0.39393940568,0.8960070014,0.187269896269,0.708737134933
2.47519421577,0.39393940568,0.861676156521,0.171345204115,0.690330982208
2.50692749023,0.39393940568,0.826477646828,0.156338483095,0.670139193535
2.53866076469,0.39393940568,0.790446996689,0.14223960042,0.648207426071
2.57039403915,0.39393940568,0.753620445728,0.129026278853,0.624594151974
2.60212731361,0.39393940568,0.716035068035,0.11666623503,0.599368810654
2.63386058807,0.39393940568,0.677728652954,0.105121463537,0.572607159615
2.66559386253,0.39393940568,0.6387398839,0.0943487659097,0.544391095638
2.69732713699,0.39393940568,0.599107921124,0.084303624928,0.514804303646
2.72906041145,0.39393940568,0.558872699738,0.0749413073063,0.483931392431
2.76079368591,0.39393940568,0.5180747509,0.066217623651,0.451857119799
2.79252696037,0.39393940568,0.476755142212,0.0580907166004,0.418664425611
2.82426023483,0.39393940568,0.434955507517,0.0505222454667,0.384433269501
2.85599327087,0.39393940568,0.392718195915,0.0434777140617,0.349240481853
2.88772678375,0.39393940568,0.350084781647,0.0369270630181,0.313157707453
2.91945981979,0.39393940568,0.307099550962,0.030845772475,0.276253789663
2.95119309425,0.39393940568,0.263804763556,0.0252143479884,0.238590419292
2.98292636871,0.39393940568,0.220244348049,0.020018838346,0.200225502253
3.01465964317,0.39393940568,0.176462173462,0.0152510032058,0.161211162806
3.04639291763,0.39393940568,0.132502302527,0.0109064076096,0.12159589678
3.07812619209,0.39393940568,0.0884090214968,0.00698475865647,0.0814242660999
3.10985946655,0.39393940568,0.0442267172039,0.00348700443283,0.040739711374
3.14159274101,0.39393940568,-1.21862044011e-07,0.000413495581597,0.000413617439335
0,0.404040396214,0,-0.00940459128469,0.00940459128469
0.0317332595587,0.404040396214,0.0445472970605,-0.00494116172194,0.0494884587824
0.0634665191174,0.404040396214,0.0890497490764,-0.000124517362565,0.0891742631793
0.095199778676,0.404040396214,0.133462518454,0.00505370320752,0.128408819437
0.126933038235,0.404040396214,0.17774091661,0.0105981789529,0.167142733932
0.158666297793,0.404040396214,0.221840322018,0.0165094751865,0.205330848694
0.190399557352,0.404040396214,0.26571637392,0.0227854475379,0.242930918932
0.222132816911,0.404040396214,0.309324890375,0.0294212959707,0.279903590679
0.253866076469,0.404040396214,0.352621912956,0.0364098921418,0.316212028265
0.285599350929,0.404040396214,0.395563930273,0.0437442064285,0.351819723845
0.317332595587,0.404040396214,0.438107550144,0.0514173172414,0.386690229177
0.349065840244,0.404040396214,0.480210036039,0.0594248920679,0.42078512907
0.380799114704,0.404040396214,0.521829068661,0.0677653849125,0.454063683748
0.412532389164,0.404040396214,0.562922656536,0.0764414891601,0.486481159925
0.444265633821,0.404040396214,0.60344940424,0.0854609832168,0.517988443375
0.475998878479,0.404040396214,0.643368542194,0.0948380306363,0.548530519009
0.507732152939,0.404040396214,0.682639837265,0.10459280014,0.578047037125
0.539465427399,0.404040396214,0.721223831177,0.114752165973,0.606471657753
0.571198701859,0.404040396214,0.759081542492,0.125349730253,0.633731842041
0.602931916714,0.404040396214,0.796174943447,0.136425465345,0.659749507904
0.634665191174,0.404040396214,0.832466721535,0.148025095463,0.684441626072
0.666398465633,0.404040396214,0.867920160294,0.160199329257,0.707720816135
0.698131680489,0.404040396214,0.902499675751,0.173003360629,0.72949630022
0.729864954948,0.404040396214,0.936170518398,0.186494112015,0.749676406384
0.761598229408,0.404040396214,0.968898773193,0.200729101896,0.768169641495
0.793331503868,0.404040396214,1.00065135956,0.215762451291,0.784888923168
0.825064778328,0.404040396214,1.03139638901,0.23164126277,0.799755096436
0.856797993183,0.404040396214,1.06110286713,0.248397856951,0.812705039978
0.888531267643,0.404040396214,1.08974099159,0.266043066978,0.823697924614
0.920264542103,0.404040396214,1.11728167534,0.284556269646,0.832725405693
0.951997756958,0.404040396214,1.14369738102,0.303881525993,0.839815855026
0.983731031418,0.404040396214,1.16896164417,0.323938369751,0.845023274422
1.01546430588,0.404040396214,1.19304871559,0.344654470682,0.848394274712
1.04719758034,0.404040396214,1.21593463421,0.366004765034,0.849929869175
1.0789308548,0.404040396214,1.23759615421,0.387984961271,0.849611163139
1.11066412926,0.404040396214,1.2580114603,0.410487949848,0.847523510456
1.14239740372,0.404040396214,1.27716004848,0.433232575655,0.843927502632
1.17413055897,0.404040396214,1.29502260685,0.455903768539,0.83911883831
1.20586383343,0.404040396214,1.31158125401,0.478275746107,0.833305478096
1.23759710789,0.404040396214,1.32681930065,0.500163972378,0.826655328274
1.26933038235,0.404040396214,1.34072124958,0.521432101727,0.819289147854
1.30106365681,0.404040396214,1.35327327251,0.542179107666,0.811094164848
1.33279693127,0.404040396214,1.36446273327,0.562961220741,0.801501512527
1.36453020573,0.404040396214,1.37427806854,0.584771633148,0.789506435394
1.39626336098,0.404040396214,1.38270974159,0.608534574509,0.774175167084
1.42799663544,0.404040396214,1.38974916935,0.634414196014,0.755334973335
1.4597299099,0.404040396214,1.39538919926,0.661290407181,0.734098792076
1.49146318436,0.404040396214,1.39962434769,0.685606360435,0.714017987251
1.52319645882,0.404040396214,1.40245008469,0.701715052128,0.700735032558
1.55492973328,0.404040396214,1.40386354923,0.706236481667,0.697627067566
1.58666300774,0.404040396214,1.40386354923,0.700294435024,0.703569114208
1.6183962822,0.404040396214,1.40245008469,0.687252342701,0.715197741985
1.65012955666,0.404040396214,1.39962434769,0.670314133167,0.72931021452
1.68186283112,0.404040396214,1.39538919926,0.65169018507,0.743699014187
1.71359610558,0.404040396214,1.38974916935,0.632639408112,0.757109761238
1.74532938004,0.404040396214,1.38270974159,0.613729834557,0.768979907036
1.77706253529,0.404040396214,1.37427806854,0.595071971416,0.779206097126
1.80879580975,0.404040396214,1.36446273327,0.576511204243,0.787951529026
1.84052908421,0.404040396214,1.35327327251,0.55779838562,0.795474886894
1.87226235867,0.404040396214,1.34072124958,0.538722157478,0.801999092102
1.90399563313,0.404040396214,1.32681918144,0.519174277782,0.80764490366
1.93572890759,0.404040396214,1.31158125401,0.499146521091,0.812434732914
1.96746218204,0.404040396214,1.29502260685,0.478693783283,0.816328823566
1.9991953373,0.404040396214,1.27715992928,0.457897603512,0.819262325764
2.03092861176,0.404040396214,1.25801134109,0.43684142828,0.821169912815
2.06266188622,0.404040396214,1.237596035,0.415601849556,0.821994185448
2.09439516068,0.404040396214,1.21593463421,0.394252628088,0.821681976318
2.12612843513,0.404040396214,1.19304871559,0.372869998217,0.820178747177
2.15786170959,0.404040396214,1.16896152496,0.351539492607,0.817422032356
2.18959498405,0.404040396214,1.14369738102,0.330359399319,0.813337981701
2.22132825851,0.404040396214,1.11728155613,0.309438437223,0.807843089104
2.25306153297,0.404040396214,1.08974075317,0.288892656565,0.800848126411
2.28479480743,0.404040396214,1.06110274792,0.268838018179,0.792264699936
2.31652784348,0.404040396214,1.03139650822,0.249383509159,0.782012999058
2.34826135635,0.404040396214,1.00065124035,0.230624556541,0.770026683807
2.3799943924,0.404040396214,0.968898773193,0.212639763951,0.756259024143
2.41172790527,0.404040396214,0.936170339584,0.195486292243,0.74068403244
2.44346094131,0.404040396214,0.90249979496,0.179202318192,0.723297476768
2.47519421577,0.404040396214,0.867920160294,0.163805499673,0.704114675522
2.50692749023,0.404040396214,0.832466602325,0.149296984076,0.683169603348
2.53866076469,0.404040396214,0.796174824238,0.135663717985,0.660511136055
2.57039403915,0.404040396214,0.759081423283,0.122881762683,0.636199653149
2.60212731361,0.404040396214,0.721223711967,0.110918864608,0.610304832458
2.63386058807,0.404040396214,0.682639718056,0.0997365042567,0.582903206348
2.66559386253,0.404040396214,0.643368422985,0.089294090867,0.554074347019
2.69732713699,0.404040396214,0.60344928503,0.0795488283038,0.523900449276
2.72906041145,0.404040396214,0.562922477722,0.0704583451152,0.492464125156
2.76079368591,0.404040396214,0.521828889847,0.061982370913,0.459846526384
2.79252696037,0.404040396214,0.480209887028,0.0540832579136,0.426126629114
2.82426023483,0.404040396214,0.438107341528,0.0467270985246,0.391380250454
2.85599327087,0.404040396214,0.395563960075,0.0398846045136,0.355679363012
2.88772678375,0.404040396214,0.352621614933,0.0335310772061,0.319090545177
2.91945981979,0.404040396214,0.309324890375,0.0276483595371,0.281676530838
2.95119309425,0.404040396214,0.26571637392,0.0222230497748,0.243493318558
2.98292636871,0.404040396214,0.221840307117,0.0172467995435,0.204593509436
3.01465964317,0.404040396214,0.177740871906,0.0127167068422,0.165024161339
3.04639291763,0.404040396214,0.133462458849,0.00863189436495,0.124830566347
3.07812619209,0.404040396214,0.08904966712,0.00499331811443,0.0840563476086
3.10985946655,0.404040396214,0.0445471964777,0.00180074805394,0.0427464470267
3.14159274101,0.404040396214,-1.22745106523e-07,-0.000949701759964,0.000949579000007
0,0.41414141655,0,-0.0113899046555,0.0113899046555
0.0317332595587,0.41414141655,0.0448677837849,-0.00711618643254,0.0519839711487
0.0634665191174,0.41414141655,0.0896903946996,-0.00249213026837,0.0921825245023
0.095199778676,0.41414141655,0.134422689676,0.00249317334965,0.131929516792
0.126933038235,0.41414141655,0.179019629955,0.00784686207771,0.171172767878
0.158666297793,0.41414141655,0.223436310887,0.0135719031096,0.209864407778
0.190399557352,0.41414141655,0.267628014088,0.0196679811925,0.247960031033
0.222132816911,0.41414141655,0.31155025959,0.0261315070093,0.285418748856
0.253866076469,0.41414141655,0.355158776045,0.0329563654959,0.322202414274
0.285599350929,0.41414141655,0.398409724236,0.0401354059577,0.358274310827
0.317332595587,0.41414141655,0.441259413958,0.0476609952748,0.393598407507
0.349065840244,0.41414141655,0.483664810658,0.0555272102356,0.428137600422
0.380799114704,0.41414141655,0.525583267212,0.0637305080891,0.461852759123
0.412532389164,0.41414141655,0.566972494125,0.0722710937262,0.494701385498
0.444265633821,0.41414141655,0.607790768147,0.0811539664865,0.526636779308
0.475998878479,0.41414141655,0.647997140884,0.0903900638223,0.55760705471
0.507732152939,0.41414141655,0.687550961971,0.0999963507056,0.587554633617
0.539465427399,0.41414141655,0.726412534714,0.109996840358,0.616415679455
0.571198701859,0.41414141655,0.764542579651,0.12042183429,0.644120752811
0.602931916714,0.41414141655,0.801902830601,0.131308704615,0.670594096184
0.634665191174,0.41414141655,0.838455736637,0.142701476812,0.695754289627
0.666398465633,0.41414141655,0.874164223671,0.15464836359,0.719515860081
0.698131680489,0.41414141655,0.908992528915,0.167203485966,0.74178904295
0.729864954948,0.41414141655,0.942905604839,0.180423483253,0.762482106686
0.761598229408,0.41414141655,0.975869357586,0.194366037846,0.78150331974
0.793331503868,0.41414141655,1.00785028934,0.209086850286,0.79876345396
0.825064778328,0.41414141655,1.03881657124,0.224636524916,0.814180016518
0.856797993183,0.41414141655,1.06873679161,0.241053149104,0.827683627605
0.888531267643,0.41414141655,1.09758090973,0.258355587721,0.839225292206
0.920264542103,0.41414141655,1.12531971931,0.276533573866,0.848786115646
0.951997756958,0.41414141655,1.15192556381,0.295538663864,0.856386899948
0.983731031418,0.41414141655,1.17737150192,0.315285593271,0.862085938454
1.01546430588,0.41414141655,1.20163190365,0.33567148447,0.865960419178
1.04719758034,0.41414141655,1.22468233109,0.35661777854,0.868064522743
1.0789308548,0.41414141655,1.24649977684,0.378089874983,0.868409872055
1.11066412926,0.41414141655,1.26706194878,0.400019198656,0.867042779922
1.14239740372,0.41414141655,1.2863483429,0.422178179026,0.864170193672
1.17413055897,0.41414141655,1.30433940887,0.444226443768,0.860112965107
1.20586383343,0.41414141655,1.32101714611,0.465907722712,0.855109453201
1.23759710789,0.41414141655,1.3363648653,0.487101346254,0.849263548851
1.26933038235,0.41414141655,1.35036683083,0.507806777954,0.842560052872
1.30106365681,0.41414141655,1.36300909519,0.528282642365,0.834726452827
1.33279693127,0.41414141655,1.37427902222,0.549227237701,0.825051784515
1.36453020573,0.41414141655,1.3841650486,0.571632385254,0.812532663345
1.39626336098,0.41414141655,1.39265739918,0.596146702766,0.796510696411
1.42799663544,0.41414141655,1.39974749088,0.62262159586,0.777125895023
1.4597299099,0.41414141655,1.40542805195,0.65001809597,0.755409955978
1.49146318436,0.41414141655,1.40969359875,0.674979090691,0.734714508057
1.52319645882,0.41414141655,1.41253972054,0.691641449928,0.720898270607
1.55492973328,0.41414141655,1.41396343708,0.69629073143,0.71767270565
1.58666300774,0.41414141655,1.41396343708,0.690047740936,0.723915696144
1.6183962822,0.41414141655,1.41253972054,0.676445543766,0.736094176769
1.65012955666,0.41414141655,1.40969359875,0.658815920353,0.750877678394
1.68186283112,0.41414141655,1.40542805195,0.639443039894,0.765985012054
1.71359610558,0.41414141655,1.39974749088,0.619649767876,0.780097723007
1.74532938004,0.41414141655,1.39265739918,0.600069105625,0.792588293552
1.77706253529,0.41414141655,1.3841650486,0.580867707729,0.80329734087
1.80879580975,0.41414141655,1.37427902222,0.561921000481,0.812358021736
1.84052908421,0.41414141655,1.36300909519,0.542978525162,0.82003057003
1.87226235867,0.41414141655,1.35036683083,0.523801743984,0.826565086842
1.90399563313,0.41414141655,1.33636474609,0.504248082638,0.832116663456
1.93572890759,0.41414141655,1.32101714611,0.484281182289,0.836735963821
1.96746218204,0.41414141655,1.30433940887,0.463941782713,0.840397596359
1.9991953373,0.41414141655,1.28634822369,0.443307250738,0.843040943146
2.03092861176,0.41414141655,1.26706194878,0.422463148832,0.844598770142
2.06266188622,0.41414141655,1.24649965763,0.401490777731,0.845008850098
2.09439516068,0.41414141655,1.22468233109,0.380466461182,0.844215869904
2.12612843513,0.41414141655,1.20163178444,0.359466791153,0.842164993286
2.15786170959,0.41414141655,1.17737138271,0.338574707508,0.838796675205
2.18959498405,0.41414141655,1.15192556381,0.317882031202,0.834043502808
2.22132825851,0.41414141655,1.12531971931,0.297490388155,0.827829360962
2.25306153297,0.41414141655,1.09758067131,0.277506113052,0.820074558258
2.28479480743,0.41414141655,1.0687366724,0.258034676313,0.810701966286
2.31652784348,0.41414141655,1.03881669044,0.239174723625,0.79964196682
2.34826135635,0.41414141655,1.00785017014,0.22101098299,0.786839187145
2.3799943924,0.41414141655,0.975869357586,0.203612953424,0.772256374359
2.41172790527,0.41414141655,0.942905426025,0.187029704452,0.755875706673
2.44346094131,0.41414141655,0.90899258852,0.171292364597,0.737700223923
2.47519421577,0.41414141655,0.874164223671,0.156413793564,0.717750430107
2.50692749023,0.41414141655,0.838455617428,0.142391324043,0.696064293385
2.53866076469,0.41414141655,0.801902770996,0.129209682345,0.67269307375
2.57039403915,0.41414141655,0.764542520046,0.116844058037,0.647698462009
2.60212731361,0.41414141655,0.726412415504,0.105262063444,0.621150374413
2.63386058807,0.41414141655,0.687550842762,0.0944271087646,0.593123733997
2.66559386253,0.41414141655,0.64799696207,0.0842999145389,0.563697040081
2.69732713699,0.41414141655,0.607790648937,0.074840798974,0.532949864864
2.72906041145,0.41414141655,0.566972315311,0.0660114213824,0.500960886478
2.76079368591,0.41414141655,0.525583088398,0.0577751174569,0.467807978392
2.79252696037,0.41414141655,0.483664661646,0.0500996112823,0.433565050364
2.82426023483,0.41414141655,0.441259205341,0.0429563820362,0.398302823305
2.85599327087,0.41414141655,0.398409754038,0.0363220497966,0.362087696791
2.88772678375,0.41414141655,0.355158478022,0.0301786251366,0.324979841709
2.91945981979,0.41414141655,0.311550289392,0.0245143957436,0.287035882473
2.95119309425,0.41414141655,0.267628014088,0.0193215776235,0.248306438327
2.98292636871,0.41414141655,0.223436295986,0.014597536996,0.208838760853
3.01465964317,0.41414141655,0.179019600153,0.0103423260152,0.168677270412
3.04639291763,0.41414141655,0.134422630072,0.00655639683828,0.127866238356
3.07812619209,0.41414141655,0.0896903127432,0.00323830498382,0.0864520072937
3.10985946655,0.41414141655,0.044867683202,0.000382226891816,0.0444854572415
3.14159274101,0.41414141655,-1.23628169035e-07,-0.00202425569296,0.00202413205989
0,0.424242436886,0,-0.013245257549,0.013245257549
0.0317332595587,0.424242436886,0.0451882705092,-0.00916138384491,0.0543496534228
0.0634665191174,0.424242436886,0.0903310477734,-0.00473109260201,0.0950621366501
0.095199778676,0.424242436886,0.135382860899,5.85075467825e-05,0.13532435894
0.126933038235,0.424242436886,0.180298358202,0.00521695474163,0.175081402063
0.158666297793,0.424242436886,0.225032299757,0.0107502993196,0.214282006025
0.190399557352,0.424242436886,0.269539654255,0.0166601967067,0.252879470587
0.222132816911,0.424242436886,0.313775628805,0.0229446478188,0.29083096981
0.253866076469,0.424242436886,0.357695639133,0.0295991227031,0.32809650898
0.285599350929,0.424242436886,0.401255518198,0.0366166569293,0.364638864994
0.317332595587,0.424242436886,0.444411277771,0.0439894609153,0.400421828032
0.349065840244,0.424242436886,0.487119585276,0.051710523665,0.435409069061
0.380799114704,0.424242436886,0.529337465763,0.0597745254636,0.46956294775
0.412532389164,0.424242436886,0.571022331715,0.0681797266006,0.502842605114
0.444265633821,0.424242436886,0.612132191658,0.0769278109074,0.535204410553
0.475998878479,0.424242436886,0.65262567997,0.0860270559788,0.566598653793
0.507732152939,0.424242436886,0.692462086678,0.095491155982,0.596970915794
0.539465427399,0.424242436886,0.731601238251,0.10534094274,0.626260280609
0.571198701859,0.424242436886,0.770003676414,0.115603290498,0.654400408268
0.602931916714,0.424242436886,0.807630777359,0.126313269138,0.681317508221
0.634665191174,0.424242436886,0.844444692135,0.137511506677,0.706933200359
0.666398465633,0.424242436886,0.880408287048,0.149245232344,0.731163024902
0.698131680489,0.424242436886,0.91548538208,0.161566287279,0.753919124603
0.729864954948,0.424242436886,0.94964069128,0.174530118704,0.775110602379
0.761598229408,0.424242436886,0.982839882374,0.188194677234,0.794645190239
0.793331503868,0.424242436886,1.01504933834,0.20261618495,0.812433123589
0.825064778328,0.424242436886,1.04623675346,0.217847123742,0.828389644623
0.856797993183,0.424242436886,1.07637071609,0.233929991722,0.842440724373
0.888531267643,0.424242436886,1.10542082787,0.250890284777,0.854530572891
0.920264542103,0.424242436886,1.13335776329,0.268726855516,0.864630937576
0.951997756958,0.424242436886,1.1601536274,0.287401527166,0.872752070427
0.983731031418,0.424242436886,1.18578135967,0.306831628084,0.878949761391
1.01546430588,0.424242436886,1.21021509171,0.326898664236,0.883316397667
1.04719758034,0.424242436886,1.23343014717,0.347479104996,0.885951042175
1.0789308548,0.424242436886,1.25540339947,0.368486315012,0.886917114258
1.11066412926,0.424242436886,1.27611243725,0.389852643013,0.886259794235
1.14239740372,0.424242436886,1.29553663731,0.411411911249,0.884124755859
1.17413055897,0.424242436886,1.3136562109,0.432846337557,0.880809903145
1.20586383343,0.424242436886,1.33045303822,0.45386838913,0.876584649086
1.23759710789,0.424242436886,1.34591031075,0.474407017231,0.871503293514
1.26933038235,0.424242436886,1.36001229286,0.494624137878,0.865388154984
1.30106365681,0.424242436886,1.37274491787,0.514976739883,0.857768177986
1.33279693127,0.424242436886,1.38409531116,0.536292016506,0.847803294659
1.36453020573,0.424242436886,1.39405202866,0.559464037418,0.834587991238
1.39626336098,0.424242436886,1.40260505676,0.58475625515,0.817848801613
1.42799663544,0.424242436886,1.40974569321,0.611715078354,0.798030614853
1.4597299099,0.424242436886,1.41546690464,0.639414727688,0.776052176952
1.49146318436,0.424242436886,1.41976296902,0.664714217186,0.755048751831
1.52319645882,0.424242436886,1.42262935638,0.681723952293,0.740905404091
1.55492973328,0.424242436886,1.42406320572,0.686501145363,0.737562060356
1.58666300774,0.424242436886,1.42406320572,0.680048763752,0.744014441967
1.6183962822,0.424242436886,1.42262935638,0.665952503681,0.756676852703
1.65012955666,0.424242436886,1.41976296902,0.647637486458,0.772125482559
1.68186283112,0.424242436886,1.41546690464,0.627477288246,0.787989616394
1.71359610558,0.424242436886,1.40974569321,0.606878459454,0.802867233753
1.74532938004,0.424242436886,1.40260505676,0.586551964283,0.81605309248
1.77706253529,0.424242436886,1.39405202866,0.566727280617,0.827324748039
1.80879580975,0.424242436886,1.38409531116,0.54732131958,0.836773991585
1.84052908421,0.424242436886,1.37274491787,0.528092384338,0.844652533531
1.87226235867,0.424242436886,1.36001229286,0.508780181408,0.851232111454
1.90399563313,0.424242436886,1.34591031075,0.489204496145,0.856705784798
1.93572890759,0.424242436886,1.33045303822,0.469296872616,0.8611561656
1.96746218204,0.424242436886,1.3136562109,0.449078261852,0.864577949047
1.9991953373,0.424242436886,1.2955365181,0.428620368242,0.866916179657
2.03092861176,0.424242436886,1.27611243725,0.40800973773,0.868102669716
2.06266188622,0.424242436886,1.25540328026,0.387331217527,0.868072032928
2.09439516068,0.424242436886,1.23343014717,0.366663068533,0.866767048836
2.12612843513,0.424242436886,1.2102149725,0.346079647541,0.864135324955
2.15786170959,0.424242436886,1.18578124046,0.325659096241,0.860122144222
2.18959498405,0.424242436886,1.1601536274,0.305485844612,0.854667782784
2.22132825851,0.424242436886,1.13335776329,0.285651296377,0.847706437111
2.25306153297,0.424242436886,1.10542058945,0.266251176596,0.839169383049
2.28479480743,0.424242436886,1.07637047768,0.247380018234,0.828990459442
2.31652784348,0.424242436886,1.04623687267,0.229125291109,0.817111611366
2.34826135635,0.424242436886,1.01504909992,0.211562156677,0.803486943245
2.3799943924,0.424242436886,0.982839882374,0.194750905037,0.788088977337
2.41172790527,0.424242436886,0.949640512466,0.178732946515,0.770907580853
2.44346094131,0.424242436886,0.915485441685,0.163534134626,0.751951336861
2.47519421577,0.424242436886,0.880408287048,0.149162307382,0.731245994568
2.50692749023,0.424242436886,0.84444463253,0.135612085462,0.70883256197
2.53866076469,0.424242436886,0.80763065815,0.122866772115,0.684763908386
2.57039403915,0.424242436886,0.770003557205,0.110901370645,0.659102201462
2.60212731361,0.424242436886,0.731601119041,0.0996845066547,0.631916642189
2.63386058807,0.424242436886,0.692461967468,0.0891813114285,0.60328066349
2.66559386253,0.424242436886,0.65262556076,0.0793552845716,0.573270261288
2.69732713699,0.424242436886,0.612132072449,0.070170789957,0.541961312294
2.72906041145,0.424242436886,0.571022152901,0.0615935474634,0.509428620338
2.76079368591,0.424242436886,0.529337286949,0.0535929389298,0.475744336843
2.79252696037,0.424242436886,0.487119436264,0.0461416319013,0.440977811813
2.82426023483,0.424242436886,0.444411069155,0.0392181091011,0.40519297123
2.85599327087,0.424242436886,0.401255577803,0.0328058861196,0.368449687958
2.88772678375,0.424242436886,0.35769534111,0.026893645525,0.330801695585
2.91945981979,0.424242436886,0.313775658607,0.0214760359377,0.292299628258
2.95119309425,0.424242436886,0.269539654255,0.0165504291654,0.25298923254
2.98292636871,0.424242436886,0.225032269955,0.0121171716601,0.212915092707
3.01465964317,0.424242436886,0.180298313498,0.00817675888538,0.172121554613
3.04639291763,0.424242436886,0.135382801294,0.00472665624693,0.130656138062
3.07812619209,0.424242436886,0.090330965817,0.00175807019696,0.088572897017
3.10985946655,0.424242436886,0.0451881699264,-0.000744185876101,0.0459323562682
3.14159274101,0.424242436886,-1.24511231547e-07,-0.00280349701643,0.00280337245204
0,0.43434342742,0,-0.0149689204991,0.0149689204991
0.0317332595587,0.43434342742,0.0455087535083,-0.0110728796571,0.0565816313028
0.0634665191174,0.43434342742,0.0909716933966,-0.00683677010238,0.0978084653616
0.095199778676,0.43434342742,0.13634301722,-0.00224500382319,0.138588026166
0.126933038235,0.43434342742,0.181577056646,0.00271496782079,0.178862094879
0.158666297793,0.43434342742,0.226628258824,0.00805138610303,0.218576878309
0.190399557352,0.43434342742,0.271451294422,0.0137689020485,0.25768238306
0.222132816911,0.43434342742,0.316000968218,0.0198676027358,0.296133369207
0.253866076469,0.43434342742,0.36023247242,0.0263445079327,0.333887964487
0.285599350929,0.43434342742,0.404101282358,0.0331937298179,0.37090754509
0.317332595587,0.43434342742,0.447563141584,0.0404076352715,0.407155513763
0.349065840244,0.43434342742,0.490574330091,0.0479787029326,0.442595630884
0.380799114704,0.43434342742,0.53309160471,0.0559002012014,0.477191388607
0.412532389164,0.43434342742,0.575072109699,0.0641682073474,0.510903894901
0.444265633821,0.43434342742,0.61647349596,0.0727823898196,0.54369109869
0.475998878479,0.43434342742,0.657254219055,0.0817477032542,0.57550650835
0.507732152939,0.43434342742,0.697373151779,0.0910745561123,0.606298565865
0.539465427399,0.43434342742,0.736789822578,0.100780449808,0.636009395123
0.571198701859,0.43434342742,0.775464653969,0.110889770091,0.664574861526
0.602931916714,0.43434342742,0.813358604908,0.121433533728,0.691925048828
0.634665191174,0.43434342742,0.850433647633,0.132450327277,0.717983305454
0.666398465633,0.43434342742,0.886652290821,0.143984377384,0.742667913437
0.698131680489,0.43434342742,0.92197817564,0.156085968018,0.765892207623
0.729864954948,0.43434342742,0.956375718117,0.168809324503,0.787566423416
0.761598229408,0.43434342742,0.989810347557,0.182210966945,0.807599365711
0.793331503868,0.43434342742,1.02224826813,0.196347907186,0.825900375843
0.825064778328,0.43434342742,1.05365681648,0.211272969842,0.842383861542
0.856797993183,0.43434342742,1.08400452137,0.227031812072,0.856972694397
0.888531267643,0.43434342742,1.11326062679,0.243654817343,0.869605779648
0.920264542103,0.43434342742,1.14139580727,0.261148542166,0.880247235298
0.951997756958,0.43434342742,1.16838157177,0.279484391212,0.888897180557
0.983731031418,0.43434342742,1.19419109821,0.298587739468,0.895603358746
1.01546430588,0.43434342742,1.21879816055,0.318336308002,0.900461852551
1.04719758034,0.43434342742,1.24217784405,0.338576853275,0.903600990772
1.0789308548,0.43434342742,1.26430690289,0.359168320894,0.905138611794
1.11066412926,0.43434342742,1.28516292572,0.380009651184,0.905153274536
1.14239740372,0.43434342742,1.3047246933,0.400975972414,0.903748750687
1.17413055897,0.43434342742,1.32297277451,0.421812921762,0.901159882545
1.20586383343,0.43434342742,1.33988881111,0.442234247923,0.897654533386
1.23759710789,0.43434342742,1.35545575619,0.462196171284,0.893259584904
1.26933038235,0.43434342742,1.3696577549,0.482025295496,0.887632489204
1.30106365681,0.43434342742,1.38248074055,0.502402544022,0.880078196526
1.33279693127,0.43434342742,1.39391160011,0.524262428284,0.869649171829
1.36453020573,0.43434342742,1.4039388895,0.548306941986,0.855631947517
1.39626336098,0.43434342742,1.41255247593,0.574349820614,0.838202655315
1.42799663544,0.43434342742,1.41974389553,0.601690232754,0.818053662777
1.4597299099,0.43434342742,1.42550563812,0.629504680634,0.796000957489
1.49146318436,0.43434342742,1.42983210087,0.654844403267,0.774987697601
1.52319645882,0.43434342742,1.43271887302,0.672004938126,0.760713934898
1.55492973328,0.43434342742,1.43416285515,0.676930487156,0.757232367992
1.58666300774,0.43434342742,1.43416285515,0.670375227928,0.76378762722
1.6183962822,0.43434342742,1.43271887302,0.65585064888,0.776868224144
1.65012955666,0.43434342742,1.42983210087,0.636850237846,0.792981863022
1.68186283112,0.43434342742,1.42550563812,0.615859210491,0.809646427631
1.71359610558,0.43434342742,1.41974389553,0.594390809536,0.825353085995
1.74532938004,0.43434342742,1.41255247593,0.573242127895,0.839310348034
1.77706253529,0.43434342742,1.4039388895,0.552712142467,0.851226747036
1.80879580975,0.43434342742,1.39391160011,0.532766878605,0.861144721508
1.84052908421,0.43434342742,1.38248074055,0.513185679913,0.869295060635
1.87226235867,0.43434342742,1.3696577549,0.493694663048,0.87596309185
1.90399563313,0.43434342742,1.35545563698,0.474076867104,0.881378769875
1.93572890759,0.43434342742,1.33988881111,0.454224020243,0.885664820671
1.96746218204,0.43434342742,1.32297277451,0.434133082628,0.88883972168
1.9991953373,0.43434342742,1.3047246933,0.413865894079,0.890858769417
2.03092861176,0.43434342742,1.28516280651,0.393509119749,0.89165365696
2.06266188622,0.43434342742,1.26430678368,0.373150259256,0.891156554222
2.09439516068,0.43434342742,1.24217784405,0.352867037058,0.889310836792
2.12612843513,0.43434342742,1.21879804134,0.332731038332,0.886067032814
2.15786170959,0.43434342742,1.194190979,0.312813013792,0.88137793541
2.18959498405,0.43434342742,1.16838157177,0.293187409639,0.875194191933
2.22132825851,0.43434342742,1.14139568806,0.273934453726,0.867461204529
2.25306153297,0.43434342742,1.11326038837,0.255137890577,0.858122467995
2.28479480743,0.43434342742,1.08400428295,0.236880287528,0.847123980522
2.31652784348,0.43434342742,1.05365693569,0.219238460064,0.834418475628
2.34826135635,0.43434342742,1.02224802971,0.202278032899,0.819970011711
2.3799943924,0.43434342742,0.989810347557,0.186050653458,0.803759694099
2.41172790527,0.43434342742,0.956375539303,0.170591309667,0.785784244537
2.44346094131,0.43434342742,0.921978235245,0.155920103192,0.766058146954
2.47519421577,0.43434342742,0.886652290821,0.142041608691,0.744610667229
2.50692749023,0.43434342742,0.850433588028,0.128948807716,0.721484780312
2.53866076469,0.43434342742,0.813358545303,0.116623714566,0.696734845638
2.57039403915,0.43434342742,0.77546453476,0.105041742325,0.670422792435
2.60212731361,0.43434342742,0.736789762974,0.0941737666726,0.642615973949
2.63386058807,0.43434342742,0.69737303257,0.0839872732759,0.613385736942
2.66559386253,0.43434342742,0.657254099846,0.0744502618909,0.582803845406
2.69732713699,0.43434342742,0.616473376751,0.0655312016606,0.550942182541
2.72906041145,0.43434342742,0.575071930885,0.0572017654777,0.517870187759
2.76079368591,0.43434342742,0.533091425896,0.0494373291731,0.483654081821
2.79252696037,0.43434342742,0.490574151278,0.0422179587185,0.448356181383
2.82426023483,0.43434342742,0.447562903166,0.0355292633176,0.412033647299
2.85599327087,0.43434342742,0.404101341963,0.0293616689742,0.374739676714
2.88772678375,0.43434342742,0.360232174397,0.0237106047571,0.336521565914
2.91945981979,0.43434342742,0.31600099802,0.0185758117586,0.297425180674
2.95119309425,0.43434342742,0.271451294422,0.0139573663473,0.257493913174
2.98292636871,0.43434342742,0.226628243923,0.00985537096858,0.216772869229
3.01465964317,0.43434342742,0.181577026844,0.00626564724371,0.175311386585
3.04639291763,0.43434342742,0.136342957616,0.00317740673199,0.133165553212
3.07812619209,0.43434342742,0.0909716039896,0.000571946147829,0.0903996601701
3.10985946655,0.43434342742,0.0455086492002,-0.0015776460059,0.0470862947404
3.14159274101,0.43434342742,-1.25394294059e-07,-0.00330331758596,0.00330319209024
0,0.444444447756,0,-0.0165588837117,0.0165588837117
0.0317332595587,0.444444447756,0.0458292365074,-0.0128483045846,0.0586775392294
0.0634665191174,0.444444447756,0.0916123315692,-0.0088053625077,0.10041769594
0.095199778676,0.444444447756,0.137303173542,-0.00441205501556,0.141715228558
0.126933038235,0.444444447756,0.182855769992,0.000346684362739,0.182509079576
0.158666297793,0.444444447756,0.228224232793,0.00548209389672,0.222742140293
0.190399557352,0.444444447756,0.273362904787,0.0110015943646,0.262361317873
0.222132816911,0.444444447756,0.318226337433,0.0169076602906,0.30131867528
0.253866076469,0.444444447756,0.362769305706,0.0231997538358,0.339569538832
0.285599350929,0.444444447756,0.406947076321,0.0298729874194,0.377074092627
0.317332595587,0.444444447756,0.450714975595,0.0369212776423,0.413793683052
0.349065840244,0.444444447756,0.494029045105,0.0443362481892,0.44969278574
0.380799114704,0.444444447756,0.536845803261,0.0521108917892,0.484734922647
0.412532389164,0.444444447756,0.579121887684,0.0602391138673,0.518882751465
0.444265633821,0.444444447756,0.620814859867,0.0687185078859,0.552096366882
0.475998878479,0.444444447756,0.661882758141,0.0775511860847,0.584331572056
0.507732152939,0.444444447756,0.702284216881,0.0867445841432,0.615539610386
0.539465427399,0.444444447756,0.741978466511,0.0963128879666,0.645665585995
0.571198701859,0.444444447756,0.780925631523,0.106276929379,0.674648702145
0.602931916714,0.444444447756,0.819086492062,0.116664923728,0.702421545982
0.634665191174,0.444444447756,0.85642260313,0.127511963248,0.728910624981
0.666398465633,0.444444447756,0.892896294594,0.138860106468,0.754036188126
0.698131680489,0.444444447756,0.928470909595,0.150757074356,0.777713835239
0.729864954948,0.444444447756,0.963110685349,0.163255438209,0.799855232239
0.761598229408,0.444444447756,0.99678081274,0.17641055584,0.820370256901
0.793331503868,0.444444447756,1.0294470787,0.19027851522,0.839168548584
0.825064778328,0.444444447756,1.0610768795,0.204912871122,0.856163978577
0.856797993183,0.444444447756,1.09163820744,0.22036062181,0.871277570724
0.888531267643,0.444444447756,1.12110042572,0.2366553545,0.88444507122
0.920264542103,0.444444447756,1.14943373203,0.253809243441,0.895624518394
0.951997756958,0.444444447756,1.17660963535,0.271802395582,0.904807209969
0.983731031418,0.444444447756,1.20260083675,0.290569961071,0.912030875683
1.01546430588,0.444444447756,1.22738111019,0.30999365449,0.917387485504
1.04719758034,0.444444447756,1.25092554092,0.329906970263,0.921018600464
1.0789308548,0.444444447756,1.2732104063,0.350126504898,0.923083901405
1.11066412926,0.444444447756,1.29421329498,0.370501488447,0.923711776733
1.14239740372,0.444444447756,1.3139128685,0.390912234783,0.923000633717
1.17413055897,0.444444447756,1.33228945732,0.411183685064,0.921105742455
1.20586383343,0.444444447756,1.34932458401,0.43108278513,0.918241798878
1.23759710789,0.444444447756,1.36500120163,0.450590282679,0.914410948753
1.26933038235,0.444444447756,1.37930321693,0.470166236162,0.909137010574
1.30106365681,0.444444447756,1.39221644402,0.490709900856,0.901506543159
1.33279693127,0.444444447756,1.40372788906,0.513233006001,0.89049488306
1.36453020573,0.444444447756,1.41382575035,0.538169741631,0.87565600872
1.39626336098,0.444444447756,1.42250001431,0.564888715744,0.857611298561
1.42799663544,0.444444447756,1.42974209785,0.59252935648,0.837212741375
1.4597299099,0.444444447756,1.4355443716,0.620303809643,0.815240561962
1.49146318436,0.444444447756,1.43990135193,0.64540964365,0.794491708279
1.52319645882,0.444444447756,1.44280838966,0.662539422512,0.780268967152
1.55492973328,0.444444447756,1.44426262379,0.667643785477,0.77661883831
1.58666300774,0.444444447756,1.44426262379,0.66109842062,0.783164203167
1.6183962822,0.444444447756,1.44280838966,0.646212339401,0.796596050262
1.65012955666,0.444444447756,1.43990135193,0.626524448395,0.813376903534
1.68186283112,0.444444447756,1.4355443716,0.604656636715,0.83088773489
1.71359610558,0.444444447756,1.42974209785,0.582252800465,0.84748929739
1.74532938004,0.444444447756,1.42250001431,0.560207247734,0.862292766571
1.77706253529,0.444444447756,1.41382575035,0.53888887167,0.874936878681
1.80879580975,0.444444447756,1.40372788906,0.518319368362,0.885408520699
1.84052908421,0.444444447756,1.39221644402,0.498311638832,0.893904805183
1.87226235867,0.444444447756,1.37930321693,0.478589981794,0.900713205338
1.90399563313,0.444444447756,1.36500108242,0.45890250802,0.906098604202
1.93572890759,0.444444447756,1.34932458401,0.439097493887,0.910227060318
1.96746218204,0.444444447756,1.33228945732,0.419138967991,0.91315048933
1.9991953373,0.444444447756,1.3139128685,0.399075180292,0.91483771801
2.03092861176,0.444444447756,1.29421317577,0.3789909482,0.915222227573
2.06266188622,0.444444447756,1.2732104063,0.358974546194,0.914235830307
2.09439516068,0.444444447756,1.25092554092,0.339103043079,0.911822497845
2.12612843513,0.444444447756,1.22738111019,0.319442510605,0.907938599586
2.15786170959,0.444444447756,1.20260071754,0.300054550171,0.902546167374
2.18959498405,0.444444447756,1.17660963535,0.281001389027,0.895608246326
2.22132825851,0.444444447756,1.14943361282,0.262350767851,0.88708281517
2.25306153297,0.444444447756,1.12110030651,0.244173169136,0.876927137375
2.28479480743,0.444444447756,1.09163808823,0.226539447904,0.865098655224
2.31652784348,0.444444447756,1.06107699871,0.209515273571,0.85156172514
2.34826135635,0.444444447756,1.0294469595,0.193156599998,0.836290359497
2.3799943924,0.444444447756,0.99678081274,0.177507683635,0.819273114204
2.41172790527,0.444444447756,0.963110566139,0.162597551942,0.800513029099
2.44346094131,0.444444447756,0.928471028805,0.14844161272,0.780029416084
2.47519421577,0.444444447756,0.892896294594,0.135042071342,0.757854223251
2.50692749023,0.444444447756,0.856422543526,0.122389636934,0.734032928944
2.53866076469,0.444444447756,0.819086372852,0.110467731953,0.7086186409
2.57039403915,0.444444447756,0.780925571918,0.0992526561022,0.681672930717
2.60212731361,0.444444447756,0.741978406906,0.0887177959085,0.653260588646
2.63386058807,0.444444447756,0.702284038067,0.0788351967931,0.623448848724
2.66559386253,0.444444447756,0.661882638931,0.0695772916079,0.592305362225
2.69732713699,0.444444447756,0.620814740658,0.0609188973904,0.55989587307
2.72906041145,0.444444447756,0.57912170887,0.0528383739293,0.526283323765
2.76079368591,0.444444447756,0.536845564842,0.0453183464706,0.491527229548
2.79252696037,0.444444447756,0.494028896093,0.0383469499648,0.455681949854
2.82426023483,0.444444447756,0.450714766979,0.0319167301059,0.418798029423
2.85599327087,0.444444447756,0.406947106123,0.026025518775,0.380921602249
2.88772678375,0.444444447756,0.362769007683,0.020673641935,0.342095375061
2.91945981979,0.444444447756,0.318226337433,0.0158625654876,0.302363783121
2.95119309425,0.444444447756,0.273362904787,0.011591527611,0.261771380901
2.98292636871,0.444444447756,0.228224202991,0.00785494782031,0.220369249582
3.01465964317,0.444444447756,0.182855725288,0.00463921902701,0.17821650207
3.04639291763,0.444444447756,0.137303113937,0.00192204909399,0.135381057858
3.07812619209,0.444444447756,0.0916122496128,-0.000326355919242,0.0919386073947
3.10985946655,0.444444447756,0.0458291321993,-0.00214081071317,0.0479699447751
3.14159274101,0.444444447756,-1.2627734236e-07,-0.00355786620639,0.00355774001218
0,0.454545468092,0,-0.0180144011974,0.0180144011974
0.0317332595587,0.454545468092,0.0461497195065,-0.0144854225218,0.0606351420283
0.0634665191174,0.454545468092,0.092252984643,-0.0106334872544,0.102886468172
0.095199778676,0.454545468092,0.138263344765,-0.00643834006041,0.144701689482
0.126933038235,0.454545468092,0.184134483337,-0.00188223272562,0.186016708612
0.158666297793,0.454545468092,0.229820221663,0.00304884416983,0.226771384478
0.190399557352,0.454545468092,0.275274544954,0.00836499594152,0.2669095397
0.222132816911,0.454545468092,0.320451706648,0.0140722114593,0.306379497051
0.253866076469,0.454545468092,0.365306168795,0.0201719664037,0.345134198666
0.285599350929,0.454545468092,0.409792870283,0.0266620405018,0.383130818605
0.317332595587,0.454545468092,0.453866839409,0.0335367284715,0.420330107212
0.349065840244,0.454545468092,0.497483819723,0.0407890304923,0.45669478178
0.380799114704,0.454545468092,0.540599942207,0.0484108738601,0.492189079523
0.412532389164,0.454545468092,0.583171725273,0.0563952773809,0.526776432991
0.444265633821,0.454545468092,0.625156223774,0.064737804234,0.560418426991
0.475998878479,0.454545468092,0.666511356831,0.0734380409122,0.593073308468
0.507732152939,0.454545468092,0.707195281982,0.0825004503131,0.624694824219
0.539465427399,0.454545468092,0.747167170048,0.0919357985258,0.655231356621
0.571198701859,0.454545468092,0.786386668682,0.101761594415,0.684625089169
0.602931916714,0.454545468092,0.824814379215,0.11200273782,0.712811648846
0.634665191174,0.454545468092,0.862411618233,0.122691445053,0.73972016573
0.666398465633,0.454545468092,0.899140357971,0.133866548538,0.765273809433
0.698131680489,0.454545468092,0.93496376276,0.145573526621,0.789390206337
0.729864954948,0.454545468092,0.96984577179,0.15786242485,0.811983346939
0.761598229408,0.454545468092,1.00375139713,0.17078755796,0.832963824272
0.793331503868,0.454545468092,1.0366461277,0.184403702617,0.852242410183
0.825064778328,0.454545468092,1.06849706173,0.198764026165,0.869733035564
0.856797993183,0.454545468092,1.09927213192,0.213916033506,0.885356068611
0.888531267643,0.454545468092,1.12894034386,0.229894936085,0.899045407772
0.920264542103,0.454545468092,1.15747177601,0.246717184782,0.910754561424
0.951997756958,0.454545468092,1.18483769894,0.264368921518,0.92046880722
0.983731031418,0.454545468092,1.2110106945,0.282795518637,0.928215146065
1.01546430588,0.454545468092,1.23596429825,0.301887154579,0.934077143669
1.04719758034,0.454545468092,1.25967335701,0.32147616148,0.93819719553
1.0789308548,0.454545468092,1.28211402893,0.341356545687,0.940757513046
1.11066412926,0.454545468092,1.30326378345,0.36133030057,0.941933512688
1.14239740372,0.454545468092,1.32310116291,0.381255656481,0.941845536232
1.17413055897,0.454545468092,1.34160625935,0.401020139456,0.940586090088
1.20586383343,0.454545468092,1.35876047611,0.420492589474,0.938267886639
1.23759710789,0.454545468092,1.37454664707,0.439703583717,0.934843063354
1.26933038235,0.454545468092,1.38894879818,0.459197282791,0.929751515388
1.30106365681,0.454545468092,1.40195226669,0.48004052043,0.921911716461
1.33279693127,0.454545468092,1.41354417801,0.503275573254,0.910268604755
1.36453020573,0.454545468092,1.42371273041,0.529032349586,0.894680380821
1.39626336098,0.454545468092,1.43244767189,0.556318104267,0.876129567623
1.42799663544,0.454545468092,1.43974030018,0.584206283092,0.855534017086
1.4597299099,0.454545468092,1.4455832243,0.611818253994,0.833764970303
1.49146318436,0.454545468092,1.44997060299,0.636453747749,0.81351685524
1.52319645882,0.454545468092,1.45289802551,0.653388082981,0.799509942532
1.55492973328,0.454545468092,1.45436239243,0.658699393272,0.795662999153
1.58666300774,0.454545468092,1.45436239243,0.65227907896,0.802083313465
1.6183962822,0.454545468092,1.45289802551,0.637103438377,0.815794587135
1.65012955666,0.454545468092,1.44997060299,0.616728067398,0.833242535591
1.68186283112,0.454545468092,1.4455832243,0.593937814236,0.851645410061
1.71359610558,0.454545468092,1.43974030018,0.570533514023,0.869206786156
1.74532938004,0.454545468092,1.43244767189,0.547516644001,0.884931027889
1.77706253529,0.454545468092,1.42371273041,0.525328099728,0.89838463068
1.80879580975,0.454545468092,1.41354417801,0.50404715538,0.909497022629
1.84052908421,0.454545468092,1.40195226669,0.483531147242,0.918421149254
1.87226235867,0.454545468092,1.38894879818,0.463517189026,0.925431609154
1.90399563313,0.454545468092,1.37454664707,0.443725198507,0.930821418762
1.93572890759,0.454545468092,1.35876047611,0.423955380917,0.934805095196
1.96746218204,0.454545468092,1.34160625935,0.404131293297,0.937474966049
1.9991953373,0.454545468092,1.3231010437,0.384280711412,0.938820362091
2.03092861176,0.454545468092,1.30326366425,0.364484459162,0.938779234886
2.06266188622,0.454545468092,1.28211402893,0.344830423594,0.937283635139
2.09439516068,0.454545468092,1.25967335701,0.325394034386,0.934279322624
2.12612843513,0.454545468092,1.23596417904,0.306233584881,0.929730594158
2.15786170959,0.454545468092,1.21101057529,0.287399321795,0.923611283302
2.18959498405,0.454545468092,1.18483769894,0.268940299749,0.915897369385
2.22132825851,0.454545468092,1.1574716568,0.250909119844,0.906562566757
2.25306153297,0.454545468092,1.12894022465,0.233363077044,0.895577132702
2.28479480743,0.454545468092,1.09927201271,0.216359823942,0.882912158966
2.31652784348,0.454545468092,1.06849718094,0.199954822659,0.86854237318
2.34826135635,0.454545468092,1.03664588928,0.184194520116,0.852451384068
2.3799943924,0.454545468092,1.00375139713,0.169116288424,0.834635138512
2.41172790527,0.454545468092,0.96984565258,0.154743894935,0.815101742744
2.44346094131,0.454545468092,0.934963881969,0.141088694334,0.793875217438
2.47519421577,0.454545468092,0.899140357971,0.128151342273,0.770989000797
2.50692749023,0.454545468092,0.862411499023,0.115922376513,0.746489107609
2.53866076469,0.454545468092,0.824814319611,0.104386024177,0.720428287983
2.57039403915,0.454545468092,0.786386609077,0.0935214981437,0.692865133286
2.60212731361,0.454545468092,0.747167110443,0.0833060368896,0.663861095905
2.63386058807,0.454545468092,0.707195162773,0.073717109859,0.633478045464
2.66559386253,0.454545468092,0.666511237621,0.0647331923246,0.601778030396
2.69732713699,0.454545468092,0.625156104565,0.056336581707,0.568819522858
2.72906041145,0.454545468092,0.583171546459,0.0485135018826,0.534658074379
2.76079368591,0.454545468092,0.540599763393,0.0412549674511,0.499344795942
2.79252696037,0.454545468092,0.497483670712,0.0345568284392,0.462926834822
2.82426023483,0.454545468092,0.453866630793,0.0284187979996,0.425447821617
2.85599327087,0.454545468092,0.409792900085,0.0228433161974,0.386949598789
2.88772678375,0.454545468092,0.365305870771,0.0178321097046,0.34747377038
2.91945981979,0.454545468092,0.32045173645,0.0133850183338,0.307066708803
2.95119309425,0.454545468092,0.275274544954,0.00949374772608,0.265780806541
2.98292636871,0.454545468092,0.22982019186,0.00614189216867,0.223678305745
3.01465964317,0.454545468092,0.184134438634,0.00330434693024,0.180830091238
3.04639291763,0.454545468092,0.13826328516,0.000947776716202,0.137315511703
3.07812619209,0.454545468092,0.092252895236,-0.000964988488704,0.0932178869843
3.10985946655,0.454545468092,0.0461496189237,-0.00247163139284,0.0486212521791
3.14159274101,0.454545468092,-1.27160404872e-07,-0.0036099315621,0.00360980443656
0,0.464646458626,0,-0.0193360857666,0.0193360857666
0.0317332595587,0.464646458626,0.0464702025056,-0.015983549878,0.0624537542462
0.0634665191174,0.464646458626,0.0928936228156,-0.0123189091682,0.105212531984
0.095199778676,0.464646458626,0.139223501086,-0.00831998419017,0.147543489933
0.126933038235,0.464646458626,0.185413196683,-0.00396668724716,0.189379885793
0.158666297793,0.464646458626,0.23141618073,0.000757867004722,0.230658307672
0.190399557352,0.464646458626,0.277186155319,0.00586698809639,0.271319180727
0.222132816911,0.464646458626,0.322677046061,0.0113694537431,0.311307579279
0.253866076469,0.464646458626,0.367843002081,0.0172700751573,0.350572913885
0.285599350929,0.464646458626,0.412638634443,0.0235685128719,0.389070123434
0.317332595587,0.464646458626,0.45701867342,0.0302618592978,0.426756799221
0.349065840244,0.464646458626,0.500938534737,0.0373435094953,0.463595032692
0.380799114704,0.464646458626,0.544354140759,0.0448057241738,0.499548405409
0.412532389164,0.464646458626,0.587221503258,0.0526407286525,0.534580767155
0.444265633821,0.464646458626,0.629497587681,0.0608430579305,0.568654537201
0.475998878479,0.464646458626,0.671139895916,0.0694094076753,0.601730465889
0.507732152939,0.464646458626,0.712106347084,0.0783417373896,0.633764624596
0.539465427399,0.464646458626,0.75235581398,0.0876473486423,0.66470849514
0.571198701859,0.464646458626,0.791847705841,0.0973409637809,0.694506764412
0.602931916714,0.464646458626,0.830542266369,0.107443518937,0.723098754883
0.634665191174,0.464646458626,0.86840057373,0.117984049022,0.750416517258
0.666398465633,0.464646458626,0.905384361744,0.128998428583,0.776385903358
0.698131680489,0.464646458626,0.94145655632,0.140529200435,0.800927340984
0.729864954948,0.464646458626,0.976580798626,0.152624607086,0.82395619154
0.761598229408,0.464646458626,1.01072180271,0.165336355567,0.845385432243
0.793331503868,0.464646458626,1.04384493828,0.178718179464,0.865126729012
0.825064778328,0.464646458626,1.07591712475,0.192822426558,0.883094668388
0.856797993183,0.464646458626,1.10690593719,0.207695946097,0.899209976196
0.888531267643,0.464646458626,1.13678014278,0.223374858499,0.913405299187
0.920264542103,0.464646458626,1.16550970078,0.239877656102,0.925632059574
0.951997756958,0.464646458626,1.19306576252,0.257195830345,0.935869932175
0.983731031418,0.464646458626,1.21942043304,0.275281697512,0.944138765335
1.01546430588,0.464646458626,1.2445473671,0.294036179781,0.950511217117
1.04719758034,0.464646458626,1.26842105389,0.313300102949,0.955120921135
1.0789308548,0.464646458626,1.29101765156,0.332862108946,0.95815551281
1.11066412926,0.464646458626,1.31231415272,0.352495849133,0.959818303585
1.14239740372,0.464646458626,1.33228933811,0.372028380632,0.960260987282
1.17413055897,0.464646458626,1.35092294216,0.391379803419,0.95954310894
1.20586383343,0.464646458626,1.36819636822,0.410537570715,0.9576587677
1.23759710789,0.464646458626,1.38409209251,0.429628908634,0.95446318388
1.26933038235,0.464646458626,1.39859414101,0.449239194393,0.949354946613
1.30106365681,0.464646458626,1.41168797016,0.470503777266,0.941184163094
1.33279693127,0.464646458626,1.42336046696,0.494426131248,0.928934335709
1.36453020573,0.464646458626,1.43359947205,0.520849645138,0.912749826908
1.39626336098,0.464646458626,1.44239521027,0.548582792282,0.893812417984
1.42799663544,0.464646458626,1.4497385025,0.576690375805,0.873048126698
1.4597299099,0.464646458626,1.45562195778,0.604043245316,0.851578712463
1.49146318436,0.464646458626,1.46003985405,0.62801861763,0.83202123642
1.52319645882,0.464646458626,1.46298754215,0.64461183548,0.818375706673
1.55492973328,0.464646458626,1.46446204185,0.650142908096,0.814319133759
1.58666300774,0.464646458626,1.46446204185,0.643959760666,0.820502281189
1.6183962822,0.464646458626,1.46298754215,0.628578186035,0.834409356117
1.65012955666,0.464646458626,1.46003985405,0.607526242733,0.852513611317
1.68186283112,0.464646458626,1.45562195778,0.583772242069,0.87184971571
1.71359610558,0.464646458626,1.4497385025,0.559302985668,0.890435516834
1.74532938004,0.464646458626,1.44239521027,0.535241544247,0.907153666019
1.77706253529,0.464646458626,1.43359947205,0.512103199959,0.921496272087
1.80879580975,0.464646458626,1.42336046696,0.490023910999,0.933336555958
1.84052908421,0.464646458626,1.41168797016,0.46891283989,0.942775130272
1.87226235867,0.464646458626,1.39859414101,0.448534995317,0.950059175491
1.90399563313,0.464646458626,1.3840919733,0.428594112396,0.955497860909
1.93572890759,0.464646458626,1.36819636822,0.408839702606,0.959356665611
1.96746218204,0.464646458626,1.35092294216,0.389146953821,0.961776018143
1.9991953373,0.464646458626,1.3322892189,0.369516372681,0.962772846222
2.03092861176,0.464646458626,1.31231415272,0.350019484758,0.962294697762
2.06266188622,0.464646458626,1.29101753235,0.330743849277,0.960273683071
2.09439516068,0.464646458626,1.26842105389,0.311761051416,0.956660032272
2.12612843513,0.464646458626,1.24454724789,0.293121606112,0.951425671577
2.15786170959,0.464646458626,1.21942043304,0.274861484766,0.944558978081
2.18959498405,0.464646458626,1.19306576252,0.257014095783,0.936051666737
2.22132825851,0.464646458626,1.16550970078,0.239616408944,0.925893306732
2.25306153297,0.464646458626,1.13678002357,0.222710773349,0.914069235325
2.28479480743,0.464646458626,1.10690581799,0.206342145801,0.900563657284
2.31652784348,0.464646458626,1.07591724396,0.190554663539,0.885362565517
2.34826135635,0.464646458626,1.04384481907,0.175386846066,0.868457973003
2.3799943924,0.464646458626,1.01072180271,0.160869121552,0.84985268116
2.41172790527,0.464646458626,0.976580619812,0.147020384669,0.829560220242
2.44346094131,0.464646458626,0.941456615925,0.133850172162,0.807606458664
2.47519421577,0.464646458626,0.905384361744,0.121357314289,0.784027040005
2.50692749023,0.464646458626,0.868400454521,0.109533704817,0.758866727352
2.53866076469,0.464646458626,0.83054214716,0.0983658507466,0.732176303864
2.57039403915,0.464646458626,0.791847586632,0.0878373011947,0.704010307789
2.60212731361,0.464646458626,0.752355694771,0.0779303982854,0.674425303936
2.63386058807,0.464646458626,0.712106227875,0.0686295777559,0.64347666502
2.66559386253,0.464646458626,0.671139717102,0.05992089957,0.611218810081
2.69732713699,0.464646458626,0.629497468472,0.0517955385149,0.577701926231
2.72906041145,0.464646458626,0.587221324444,0.0442478731275,0.542973458767
2.76079368591,0.464646458626,0.54435390234,0.0372777953744,0.507076084614
2.79252696037,0.464646458626,0.500938415527,0.0308877378702,0.470050692558
2.82426023483,0.464646458626,0.457018464804,0.0250824205577,0.431936055422
2.85599327087,0.464646458626,0.412638694048,0.0198650266975,0.392773658037
2.88772678375,0.464646458626,0.367842704058,0.0152337513864,0.352608948946
2.91945981979,0.464646458626,0.322677075863,0.0111798085272,0.311497271061
2.95119309425,0.464646458626,0.277186155319,0.00768326269463,0.269502878189
2.98292636871,0.464646458626,0.231416165829,0.00471577746794,0.226700395346
3.01465964317,0.464646458626,0.185413151979,0.00224103732035,0.183172121644
3.04639291763,0.464646458626,0.139223441482,0.000220272690058,0.139003172517
3.07812619209,0.464646458626,0.0928935408592,-0.00138513464481,0.094278678298
3.10985946655,0.464646458626,0.0464701019228,-0.00261490070261,0.0490850023925
3.14159274101,0.464646458626,-1.28043453174e-07,-0.00351063953713,0.00351051148027
0,0.474747478962,0,-0.0205246973783,0.0205246973783
0.0317332595587,0.474747478962,0.0467906855047,-0.0173422247171,0.0641329139471
0.0634665191174,0.474747478962,0.0935342684388,-0.0138599295169,0.107394196093
0.095199778676,0.474747478962,0.140183657408,-0.0100540518761,0.150237709284
0.126933038235,0.474747478962,0.186691895127,-0.00590220885351,0.192594110966
0.158666297793,0.474747478962,0.233012139797,-0.00138498051092,0.234397113323
0.190399557352,0.474747478962,0.279097795486,0.00351404072717,0.275583744049
0.222132816911,0.474747478962,0.324902385473,0.00880701653659,0.316095381975
0.253866076469,0.474747478962,0.370379835367,0.014501741156,0.355878084898
0.285599350929,0.474747478962,0.415484398603,0.0206013433635,0.394883066416
0.317332595587,0.474747478962,0.460170507431,0.0271046608686,0.433065831661
0.349065840244,0.474747478962,0.504393279552,0.0340072177351,0.470386058092
0.380799114704,0.474747478962,0.548108279705,0.0413020886481,0.506806194782
0.412532389164,0.474747478962,0.591271281242,0.0489813387394,0.542289972305
0.444265633821,0.474747478962,0.633838951588,0.0570380240679,0.576800942421
0.475998878479,0.474747478962,0.675768375397,0.0654675140977,0.610300838947
0.507732152939,0.474747478962,0.717017412186,0.0742691010237,0.642748296261
0.539465427399,0.474747478962,0.757544457912,0.0834471508861,0.674097299576
0.571198701859,0.474747478962,0.797308683395,0.0930125787854,0.704296112061
0.602931916714,0.474747478962,0.836270093918,0.102983608842,0.733286499977
0.634665191174,0.474747478962,0.874389469624,0.11338532716,0.761004149914
0.666398465633,0.474747478962,0.911628365517,0.124250464141,0.787377893925
0.698131680489,0.474747478962,0.947949290276,0.135618537664,0.812330722809
0.729864954948,0.474747478962,0.983315825462,0.147535502911,0.835780322552
0.761598229408,0.474747478962,1.0176923275,0.160050570965,0.857641756535
0.793331503868,0.474747478962,1.05104386806,0.173216164112,0.877827703953
0.825064778328,0.474747478962,1.08333718777,0.187082886696,0.896254301071
0.856797993183,0.474747478962,1.11453974247,0.20169711113,0.91284263134
0.888531267643,0.474747478962,1.14462006092,0.217094451189,0.927525639534
0.920264542103,0.474747478962,1.17354774475,0.233294501901,0.940253257751
0.951997756958,0.474747478962,1.20129370689,0.250291347504,0.95100235939
0.983731031418,0.474747478962,1.22783017159,0.268043637276,0.959786534309
1.01546430588,0.474747478962,1.25313043594,0.286462128162,0.966668307781
1.04719758034,0.474747478962,1.27716875076,0.305400967598,0.971767783165
1.0789308548,0.474747478962,1.29992115498,0.324657618999,0.975263535976
1.11066412926,0.474747478962,1.32136464119,0.344001919031,0.977362751961
1.14239740372,0.474747478962,1.34147751331,0.363240391016,0.9782371521
1.17413055897,0.474747478962,1.36023962498,0.382303595543,0.977936029434
1.20586383343,0.474747478962,1.37763214111,0.401279211044,0.976352930069
1.23759710789,0.474747478962,1.39363753796,0.420426309109,0.973211228848
1.26933038235,0.474747478962,1.40823960304,0.440357863903,0.96788173914
1.30106365681,0.474747478962,1.42142367363,0.462152957916,0.959270715714
1.33279693127,0.474747478962,1.4331766367,0.486677795649,0.94649887085
1.36453020573,0.474747478962,1.44348633289,0.513564884663,0.929921448231
1.39626336098,0.474747478962,1.45234262943,0.541637897491,0.910704731941
1.42799663544,0.474747478962,1.45973658562,0.569950342178,0.889786243439
1.4597299099,0.474747478962,1.46566069126,0.596963047981,0.86869764328
1.49146318436,0.474747478962,1.4701089859,0.62013977766,0.849969208241
1.52319645882,0.474747478962,1.47307705879,0.636263549328,0.836813509464
1.55492973328,0.474747478962,1.47456181049,0.642003893852,0.832557916641
1.58666300774,0.474747478962,1.47456181049,0.636163473129,0.838398337364
1.6183962822,0.474747478962,1.47307705879,0.620677113533,0.852399945259
1.65012955666,0.474747478962,1.4701089859,0.598978340626,0.871130645275
1.68186283112,0.474747478962,1.46566069126,0.574229121208,0.891431570053
1.71359610558,0.474747478962,1.45973658562,0.54863256216,0.911104023457
1.74532938004,0.474747478962,1.45234262943,0.523454606533,0.9288880229
1.77706253529,0.474747478962,1.44348633289,0.499288618565,0.944197714329
1.80879580975,0.474747478962,1.4331766367,0.476326048374,0.956850588322
1.84052908421,0.474747478962,1.42142367363,0.454530626535,0.966893076897
1.87226235867,0.474747478962,1.40823960304,0.43370860815,0.974530994892
1.90399563313,0.474747478962,1.39363741875,0.413562357426,0.980075061321
1.93572890759,0.474747478962,1.37763214111,0.393795192242,0.983836948872
1.96746218204,0.474747478962,1.36023962498,0.374224364758,0.98601526022
1.9991953373,0.474747478962,1.3414773941,0.354814291,0.986663103104
2.03092861176,0.474747478962,1.32136452198,0.33562374115,0.98574078083
2.06266188622,0.474747478962,1.29992103577,0.316737741232,0.983183264732
2.09439516068,0.474747478962,1.27716875076,0.298223912716,0.978944838047
2.12612843513,0.474747478962,1.25313031673,0.280121654272,0.97300863266
2.15786170959,0.474747478962,1.22783017159,0.262452155352,0.965378046036
2.18959498405,0.474747478962,1.20129370689,0.245231002569,0.956062674522
2.22132825851,0.474747478962,1.17354762554,0.228477463126,0.945070147514
2.25306153297,0.474747478962,1.1446198225,0.212218374014,0.932401418686
2.28479480743,0.474747478962,1.11453962326,0.196484774351,0.918054819107
2.31652784348,0.474747478962,1.08333730698,0.181311070919,0.902026236057
2.34826135635,0.474747478962,1.05104374886,0.166726872325,0.884316861629
2.3799943924,0.474747478962,1.0176923275,0.152756899595,0.864935398102
2.41172790527,0.474747478962,0.983315646648,0.139416515827,0.843899130821
2.44346094131,0.474747478962,0.947949409485,0.126713335514,0.821236073971
2.47519421577,0.474747478962,0.911628365517,0.114646755159,0.79698163271
2.50692749023,0.474747478962,0.874389410019,0.103210896254,0.771178483963
2.53866076469,0.474747478962,0.836269974709,0.0923960879445,0.743873894215
2.57039403915,0.474747478962,0.797308564186,0.0821918472648,0.715116739273
2.60212731361,0.474747478962,0.757544338703,0.0725877359509,0.684956610203
2.63386058807,0.474747478962,0.717017292976,0.0635757297277,0.653441548347
2.66559386253,0.474747478962,0.675768256187,0.055152464658,0.620615780354
2.69732713699,0.474747478962,0.633838772774,0.0473168715835,0.586521923542
2.72906041145,0.474747478962,0.591271102428,0.0400731526315,0.551197946072
2.76079368591,0.474747478962,0.548108041286,0.0334279686213,0.514680087566
2.79252696037,0.474747478962,0.504393100739,0.0273878835142,0.477005213499
2.82426023483,0.474747478962,0.460170298815,0.0219576768577,0.438212633133
2.85599327087,0.474747478962,0.415484458208,0.0171358603984,0.398348599672
2.88772678375,0.474747478962,0.370379537344,0.0129110086709,0.357468515635
2.91945981979,0.474747478962,0.324902415276,0.00926059670746,0.315641820431
2.95119309425,0.474747478962,0.279097795486,0.00615298608318,0.272944808006
2.98292636871,0.474747478962,0.233012124896,0.0035497858189,0.229462340474
3.01465964317,0.474747478962,0.186691850424,0.0014106198214,0.185281231999
3.04639291763,0.474747478962,0.140183597803,-0.000303680542856,0.140487283468
3.07812619209,0.474747478962,0.0935341790318,-0.00163393234834,0.0951681137085
3.10985946655,0.474747478962,0.0467905811965,-0.00262550846674,0.0494160912931
3.14159274101,0.474747478962,-1.28926515686e-07,-0.00332983396947,0.0033297049813
0,0.484848499298,0,-0.0215822625905,0.0215822625905
0.0317332595587,0.484848499298,0.0471111722291,-0.0185626111925,0.0656737834215
0.0634665191174,0.484848499298,0.0941749215126,-0.0152564439923,0.109431363642
0.095199778676,0.484848499298,0.14114382863,-0.0116389486939,0.152782782912
0.126933038235,0.484848499298,0.187970623374,-0.00768566736951,0.19565628469
0.158666297793,0.484848499298,0.234608128667,-0.00337500497699,0.237983137369
0.190399557352,0.484848499298,0.281009435654,0.00131241232157,0.279697030783
0.222132816911,0.484848499298,0.327127784491,0.00639241142198,0.320735365152
0.253866076469,0.484848499298,0.372916698456,0.0118755735457,0.361041128635
0.285599350929,0.484848499298,0.418330222368,0.017768740654,0.400561481714
0.317332595587,0.484848499298,0.463322401047,0.024073863402,0.439248532057
0.349065840244,0.484848499298,0.507848083973,0.0307885855436,0.477059483528
0.380799114704,0.484848499298,0.551862478256,0.0379074178636,0.513955056667
0.412532389164,0.484848499298,0.595321118832,0.0454230494797,0.549898087978
0.444265633821,0.484848499298,0.638180315495,0.0533279590309,0.584852337837
0.475998878479,0.484848499298,0.680396974087,0.0616162270308,0.618780732155
0.507732152939,0.484848499298,0.721928536892,0.0702849254012,0.651643633842
0.539465427399,0.484848499298,0.762733161449,0.0793355628848,0.683397591114
0.571198701859,0.484848499298,0.802769720554,0.0887759104371,0.713993787766
0.602931916714,0.484848499298,0.841997981071,0.0986207202077,0.743377268314
0.634665191174,0.484848499298,0.880378484726,0.108891502023,0.771486997604
0.666398465633,0.484848499298,0.917872428894,0.119617827237,0.798254609108
0.698131680489,0.484848499298,0.95444214344,0.13083614409,0.823606014252
0.729864954948,0.484848499298,0.990050911903,0.142589047551,0.847461879253
0.761598229408,0.484848499298,1.02466285229,0.154924154282,0.869738698006
0.793331503868,0.484848499298,1.05824291706,0.167891129851,0.890351772308
0.825064778328,0.484848499298,1.09075737,0.181539773941,0.909217596054
0.856797993183,0.484848499298,1.12217366695,0.195914521813,0.926259160042
0.888531267643,0.484848499298,1.15245997906,0.21105080843,0.941409170628
0.920264542103,0.484848499298,1.18158578873,0.226968035102,0.954617738724
0.951997756958,0.484848499298,1.20952177048,0.24366119504,0.96586060524
0.983731031418,0.484848499298,1.23624002934,0.261093407869,0.975146651268
1.01546430588,0.484848499298,1.26171350479,0.279184371233,0.982529163361
1.04719758034,0.484848499298,1.28591644764,0.297802686691,0.988113760948
1.0789308548,0.484848499298,1.3088247776,0.316765964031,0.992058813572
1.11066412926,0.484848499298,1.33041512966,0.335859954357,0.994555175304
1.14239740372,0.484848499298,1.35066580772,0.354895979166,0.99576985836
1.17413055897,0.484848499298,1.369556427,0.373809874058,0.995746552944
1.20586383343,0.484848499298,1.38706803322,0.392755180597,0.994312882423
1.23759710789,0.484848499298,1.40318310261,0.412119179964,0.991063952446
1.26933038235,0.484848499298,1.41788518429,0.432550758123,0.985334396362
1.30106365681,0.484848499298,1.43115961552,0.454965233803,0.976194381714
1.33279693127,0.484848499298,1.44299292564,0.479975938797,0.963016986847
1.36453020573,0.484848499298,1.45337331295,0.507121920586,0.946251392365
1.39626336098,0.484848499298,1.46229028702,0.535460829735,0.926829457283
1.42799663544,0.484848499298,1.46973490715,0.563957214355,0.905777692795
1.4597299099,0.484848499298,1.47569954395,0.59055441618,0.885145127773
1.49146318436,0.484848499298,1.48017835617,0.612840950489,0.867337405682
1.52319645882,0.484848499298,1.48316669464,0.628384113312,0.854782581329
1.55492973328,0.484848499298,1.48466157913,0.634292423725,0.850369155407
1.58666300774,0.484848499298,1.48466157913,0.628887712955,0.855773866177
1.6183962822,0.484848499298,1.48316669464,0.613422036171,0.86974465847
1.65012955666,0.484848499298,1.48017835617,0.591135919094,0.889042437077
1.68186283112,0.484848499298,1.47569954395,0.565376162529,0.910323381424
1.71359610558,0.484848499298,1.46973490715,0.538595318794,0.931139588356
1.74532938004,0.484848499298,1.46229028702,0.512229323387,0.950060963631
1.77706253529,0.484848499298,1.45337331295,0.486960291862,0.966413021088
1.80879580975,0.484848499298,1.44299292564,0.463032275438,0.979960680008
1.84052908421,0.484848499298,1.43115961552,0.440462172031,0.990697443485
1.87226235867,0.484848499298,1.41788518429,0.419107943773,0.998777270317
1.90399563313,0.484848499298,1.4031829834,0.398688167334,1.00449478626
1.93572890759,0.484848499298,1.38706803322,0.378867536783,1.00820052624
1.96746218204,0.484848499298,1.369556427,0.359401106834,1.01015532017
1.9991953373,0.484848499298,1.35066568851,0.340206772089,1.01045894623
2.03092861176,0.484848499298,1.33041501045,0.321324408054,1.009090662
2.06266188622,0.484848499298,1.30882465839,0.302834689617,1.00599002838
2.09439516068,0.484848499298,1.28591644764,0.28479963541,1.00111675262
2.12612843513,0.484848499298,1.26171338558,0.267247468233,0.994465947151
2.15786170959,0.484848499298,1.23624002934,0.250181376934,0.986058652401
2.18959498405,0.484848499298,1.20952177048,0.233597368002,0.975924372673
2.22132825851,0.484848499298,1.18158566952,0.217495560646,0.964090108871
2.25306153297,0.484848499298,1.15245974064,0.201885715127,0.950574040413
2.28479480743,0.484848499298,1.12217342854,0.186785891652,0.935387551785
2.31652784348,0.484848499298,1.0907574892,0.17221878469,0.918538689613
2.34826135635,0.484848499298,1.05824267864,0.1582069695,0.900035738945
2.3799943924,0.484848499298,1.02466285229,0.144770100713,0.879892766476
2.41172790527,0.484848499298,0.990050733089,0.131920352578,0.858130395412
2.44346094131,0.484848499298,0.95444226265,0.119665376842,0.834776878357
2.47519421577,0.484848499298,0.917872428894,0.108006641269,0.809865772724
2.50692749023,0.484848499298,0.880378425121,0.0969420149922,0.78343641758
2.53866076469,0.484848499298,0.841997921467,0.0864679962397,0.755529940128
2.57039403915,0.484848499298,0.80276966095,0.0765815675259,0.726188063622
2.60212731361,0.484848499298,0.76273304224,0.0672810003161,0.695452034473
2.63386058807,0.484848499298,0.721928417683,0.0585686936975,0.663359701633
2.66559386253,0.484848499298,0.680396854877,0.0504501461983,0.629946708679
2.69732713699,0.484848499298,0.638180196285,0.0429344698787,0.595245718956
2.72906041145,0.484848499298,0.595320940018,0.036032307893,0.559288620949
2.76079368591,0.484848499298,0.551862239838,0.0297543741763,0.522107839584
2.79252696037,0.484848499298,0.507847905159,0.024106612429,0.483741283417
2.82426023483,0.484848499298,0.463322162628,0.0190873015672,0.444234848022
2.85599327087,0.484848499298,0.418330252171,0.0146834403276,0.403646826744
2.88772678375,0.484848499298,0.372916400433,0.0108697768301,0.36204662919
2.91945981979,0.484848499298,0.327127784491,0.00761145120487,0.319516330957
2.95119309425,0.484848499298,0.281009435654,0.0048689073883,0.276140540838
2.98292636871,0.484848499298,0.234608113766,0.00260117696598,0.232006937265
3.01465964317,0.484848499298,0.187970578671,0.000768036581576,0.18720254302
3.04639291763,0.484848499298,0.141143769026,-0.000673089176416,0.141816854477
3.07812619209,0.484848499298,0.0941748321056,-0.00177055876702,0.0959453880787
3.10985946655,0.484848499298,0.0471110679209,-0.00257923826575,0.0496903061867
3.14159274101,0.484848499298,-1.29809578198e-07,-0.00315777375363,0.00315764383413
0,0.494949489832,0,-0.0225122570992,0.0225122570992
0.0317332595587,0.494949489832,0.0474316552281,-0.0196466464549,0.0670782998204
0.0634665191174,0.494949489832,0.0948155596852,-0.0165089778602,0.11132453382
0.095199778676,0.494949489832,0.142103984952,-0.013073572889,0.155177563429
0.126933038235,0.494949489832,0.189249321818,-0.00931469351053,0.198564022779
0.158666297793,0.494949489832,0.236204102635,-0.00520824175328,0.241412341595
0.190399557352,0.494949489832,0.282921046019,-0.000732115004212,0.28365316987
0.222132816911,0.494949489832,0.329353123903,0.00413231598213,0.325220793486
0.253866076469,0.494949489832,0.375453531742,0.00939957983792,0.366053938866
0.285599350929,0.494949489832,0.421175986528,0.0150800216943,0.406095951796
0.317332595587,0.494949489832,0.466474235058,0.0211788862944,0.445295333862
0.349065840244,0.494949489832,0.511302828789,0.0276966206729,0.483606219292
0.380799114704,0.494949489832,0.555616617203,0.0346302390099,0.520986378193
0.412532389164,0.494949489832,0.599370896816,0.0419734381139,0.557397484779
0.444265633821,0.494949489832,0.642521679401,0.0497190952301,0.592802584171
0.475998878479,0.494949489832,0.685025513172,0.0578600764275,0.627165436745
0.507732152939,0.494949489832,0.726839601994,0.0663919150829,0.660447716713
0.539465427399,0.494949489832,0.767921805382,0.0753137916327,0.692607998848
0.571198701859,0.494949489832,0.808230698109,0.0846304669976,0.723600208759
0.602931916714,0.494949489832,0.847725868225,0.0943528786302,0.753372967243
0.634665191174,0.494949489832,0.886367440224,0.104499585927,0.781867861748
0.666398465633,0.494949489832,0.924116432667,0.115096352994,0.809020102024
0.698131680489,0.494949489832,0.960934937,0.126176342368,0.834758579731
0.729864954948,0.494949489832,0.996785879135,0.137779399753,0.859006464481
0.761598229408,0.494949489832,1.03163325787,0.149950191379,0.881683051586
0.793331503868,0.494949489832,1.06544172764,0.162736520171,0.902705192566
0.825064778328,0.494949489832,1.09817755222,0.176186233759,0.921991348267
0.856797993183,0.494949489832,1.12980747223,0.190342664719,0.93946480751
0.888531267643,0.494949489832,1.16029977798,0.205239981413,0.955059766769
0.920264542103,0.494949489832,1.18962371349,0.220896631479,0.968727111816
0.951997756958,0.494949489832,1.21774983406,0.237308293581,0.980441570282
0.983731031418,0.494949489832,1.24464988708,0.254440099001,0.990209817886
1.01546430588,0.494949489832,1.27029657364,0.272219330072,0.998077273369
1.04719758034,0.494949489832,1.29466414452,0.290529429913,1.004134655
1.0789308548,0.494949489832,1.31772828102,0.30921331048,1.00851500034
1.11066412926,0.494949489832,1.33946549892,0.328089356422,1.0113761425
1.14239740372,0.494949489832,1.35985386372,0.346998542547,1.01285529137
1.17413055897,0.494949489832,1.37887299061,0.365896075964,1.01297688484
1.20586383343,0.494949489832,1.39650380611,0.384968936443,1.01153492928
1.23759710789,0.494949489832,1.41272842884,0.404693007469,1.00803542137
1.26933038235,0.494949489832,1.42753052711,0.425750106573,1.00178039074
1.30106365681,0.494949489832,1.44089531898,0.448836088181,0.992059230804
1.33279693127,0.494949489832,1.45280921459,0.474220275879,0.978588938713
1.36453020573,0.494949489832,1.4632601738,0.50147742033,0.961782753468
1.39626336098,0.494949489832,1.47223782539,0.530051589012,0.942186236382
1.42799663544,0.494949489832,1.47973299026,0.558685958385,0.921047031879
1.4597299099,0.494949489832,1.48573827744,0.584789991379,0.900948286057
1.49146318436,0.494949489832,1.49024748802,0.606132268906,0.884115219116
1.52319645882,0.494949489832,1.49325621128,0.621000349522,0.872255861759
1.55492973328,0.494949489832,1.49476122856,0.627003371716,0.867757856846
1.58666300774,0.494949489832,1.49476122856,0.622107803822,0.87265342474
1.6183962822,0.494949489832,1.49325621128,0.606812894344,0.886443316936
1.65012955666,0.494949489832,1.49024748802,0.584038197994,0.906209290028
1.68186283112,0.494949489832,1.48573827744,0.557278871536,0.928459405899
1.71359610558,0.494949489832,1.47973299026,0.529265105724,0.950467884541
1.74532938004,0.494949489832,1.47223782539,0.501640379429,0.970597445965
1.77706253529,0.494949489832,1.4632601738,0.475193679333,0.988066494465
1.80879580975,0.494949489832,1.45280921459,0.450221419334,1.00258779526
1.84052908421,0.494949489832,1.44089531898,0.426787167788,1.014108181
1.87226235867,0.494949489832,1.42753052711,0.404806464911,1.0227240324
1.90399563313,0.494949489832,1.41272842884,0.384032011032,1.02869641781
1.93572890759,0.494949489832,1.39650380611,0.364104986191,1.03239881992
1.96746218204,0.494949489832,1.37887299061,0.344715535641,1.03415751457
1.9991953373,0.494949489832,1.35985386372,0.325724512339,1.03412938118
2.03092861176,0.494949489832,1.33946537971,0.307145923376,1.03231942654
2.06266188622,0.494949489832,1.31772816181,0.289053559303,1.02867460251
2.09439516068,0.494949489832,1.29466414452,0.271503448486,1.02316069603
2.12612843513,0.494949489832,1.27029645443,0.254509985447,1.01578640938
2.15786170959,0.494949489832,1.24464976788,0.238056987524,1.00659275055
2.18959498405,0.494949489832,1.21774983406,0.222118258476,0.995631575584
2.22132825851,0.494949489832,1.18962359428,0.206672742963,0.982950866222
2.25306153297,0.494949489832,1.16029953957,0.191712483764,0.968587040901
2.28479480743,0.494949489832,1.12980723381,0.17724122107,0.952566027641
2.31652784348,0.494949489832,1.09817755222,0.163271471858,0.934906065464
2.34826135635,0.494949489832,1.06544160843,0.149818181992,0.915623426437
2.3799943924,0.494949489832,1.03163325787,0.136896908283,0.894736349583
2.41172790527,0.494949489832,0.996785759926,0.124518983066,0.872266769409
2.44346094131,0.494949489832,0.96093505621,0.112693592906,0.848241448402
2.47519421577,0.494949489832,0.924116432667,0.101425260305,0.822691202164
2.50692749023,0.494949489832,0.886367380619,0.0907186791301,0.795648694038
2.53866076469,0.494949489832,0.847725749016,0.0805782154202,0.767147541046
2.57039403915,0.494949489832,0.808230638504,0.0710103288293,0.737220287323
2.60212731361,0.494949489832,0.767921686172,0.0620240271091,0.705897688866
2.63386058807,0.494949489832,0.72683942318,0.05363176018,0.673207640648
2.66559386253,0.494949489832,0.685025393963,0.0458489283919,0.639176487923
2.69732713699,0.494949489832,0.642521560192,0.0386917516589,0.603829801083
2.72906041145,0.494949489832,0.599370718002,0.0321746245027,0.567196071148
2.76079368591,0.494949489832,0.555616378784,0.0263055562973,0.529310822487
2.79252696037,0.494949489832,0.511302649975,0.0210828725249,0.490219771862
2.82426023483,0.494949489832,0.466473996639,0.0164918955415,0.449982106686
2.85599327087,0.494949489832,0.421176016331,0.0125052556396,0.408670753241
2.88772678375,0.494949489832,0.375453233719,0.00908604264259,0.366367191076
2.91945981979,0.494949489832,0.329353153706,0.00619303481653,0.323160111904
2.95119309425,0.494949489832,0.282921046019,0.00378586398438,0.279135167599
2.98292636871,0.494949489832,0.236204072833,0.00182340154424,0.234380677342
3.01465964317,0.494949489832,0.189249277115,0.000261447392404,0.188987836242
3.04639291763,0.494949489832,0.142103925347,-0.000952329020947,0.143056258559
3.07812619209,0.494949489832,0.0948154702783,-0.00187634071335,0.0966918095946
3.10985946655,0.494949489832,0.04743155092,-0.00257058395073,0.0500021353364
3.14159274101,0.494949489832,-1.30692626499e-07,-0.00308886403218,0.00308873341419
0,0.50505053997,0,-0.0233189705759,0.0233189705759
0.0317332595587,0.50505053997,0.0477521419525,-0.0205977577716,0.0683498978615
0.0634665191174,0.50505053997,0.095456212759,-0.0176197495311,0.113075964153
0.095199778676,0.50505053997,0.143064141273,-0.0143587887287,0.157422930002
0.126933038235,0.50505053997,0.190528050065,-0.0107880830765,0.201316133142
0.158666297793,0.50505053997,0.237800076604,-0.00688172597438,0.244681805372
0.190399557352,0.50505053997,0.284832686186,-0.00261530908756,0.287447988987
0.222132816911,0.50505053997,0.331578493118,0.00203315122053,0.329545348883
0.253866076469,0.50505053997,0.377990424633,0.00708149326965,0.370908945799
0.285599350929,0.50505053997,0.424021780491,0.0125438906252,0.411477893591
0.317332595587,0.50505053997,0.469626098871,0.0184290315956,0.451197057962
0.349065840244,0.50505053997,0.514757573605,0.0247412212193,0.490016341209
0.380799114704,0.50505053997,0.559370815754,0.0314801186323,0.52789068222
0.412532389164,0.50505053997,0.603420734406,0.0386413522065,0.564779400826
0.444265633821,0.50505053997,0.646863043308,0.0462186299264,0.600644409657
0.475998878479,0.50505053997,0.689654111862,0.0542049631476,0.635449171066
0.507732152939,0.50505053997,0.731750667095,0.0625947266817,0.669155955315
0.539465427399,0.50505053997,0.773110449314,0.0713848620653,0.70172560215
0.571198701859,0.50505053997,0.813691794872,0.0805770605803,0.733114719391
0.602931916714,0.50505053997,0.853453755379,0.0901797860861,0.763273954391
0.634665191174,0.50505053997,0.892356455326,0.100207492709,0.792148947716
0.666398465633,0.50505053997,0.930360555649,0.110682561994,0.819678008556
0.698131680489,0.50505053997,0.967427790165,0.121634848416,0.8457929492
0.729864954948,0.50505053997,1.00352096558,0.133100777864,0.870420217514
0.761598229408,0.50505053997,1.03860378265,0.145122468472,0.893481314182
0.793331503868,0.50505053997,1.07264077663,0.157745689154,0.914895057678
0.825064778328,0.50505053997,1.10559761524,0.171015903354,0.934581696987
0.856797993183,0.50505053997,1.1374412775,0.184974864125,0.95246642828
0.888531267643,0.50505053997,1.16813969612,0.199656262994,0.968483448029
0.920264542103,0.50505053997,1.19766175747,0.215076774359,0.982584953308
0.951997756958,0.50505053997,1.22597789764,0.231232017279,0.994745850563
0.983731031418,0.50505053997,1.25305962563,0.248088717461,1.00497090816
1.01546430588,0.50505053997,1.2788797617,0.265579223633,1.01330053806
1.04719758034,0.50505053997,1.3034119606,0.283601820469,1.01981019974
1.0789308548,0.50505053997,1.32663190365,0.302026510239,1.02460539341
1.11066412926,0.50505053997,1.3485159874,0.320714205503,1.02780175209
1.14239740372,0.50505053997,1.36904215813,0.339555740356,1.02948641777
1.17413055897,0.50505053997,1.38818979263,0.358545184135,1.0296446085
1.20586383343,0.50505053997,1.40593969822,0.377890139818,1.0280495882
1.23759710789,0.50505053997,1.42227399349,0.398094207048,1.02417981625
1.26933038235,0.50505053997,1.43717610836,0.419839143753,1.01733696461
1.30106365681,0.50505053997,1.45063114166,0.443595439196,1.00703573227
1.33279693127,0.50505053997,1.46262550354,0.469276785851,0.99334871769
1.36453020573,0.50505053997,1.47314715385,0.496605634689,0.976541519165
1.39626336098,0.50505053997,1.48218536377,0.52542746067,0.956757903099
1.42799663544,0.50505053997,1.4897313118,0.554116487503,0.935614824295
1.4597299099,0.50505053997,1.49577701092,0.579642057419,0.916134953499
1.49146318436,0.50505053997,1.50031685829,0.600011765957,0.900305092335
1.52319645882,0.50505053997,1.50334584713,0.614125788212,0.889220058918
1.55492973328,0.50505053997,1.50486111641,0.620120346546,0.884740769863
1.58666300774,0.50505053997,1.50486111641,0.615776002407,0.889085114002
1.6183962822,0.50505053997,1.50334584713,0.600824654102,0.902521193027
1.65012955666,0.50505053997,1.50031685829,0.577708244324,0.922608613968
1.68186283112,0.50505053997,1.49577701092,0.549995183945,0.945781826973
1.71359610558,0.50505053997,1.4897313118,0.52071505785,0.969016253948
1.74532938004,0.50505053997,1.48218536377,0.491763144732,0.99042224884
1.77706253529,0.50505053997,1.47314715385,0.464064240456,1.0090829134
1.80879580975,0.50505053997,1.46262550354,0.437970608473,1.02465486526
1.84052908421,0.50505053997,1.45063114166,0.413584589958,1.0370465517
1.87226235867,0.50505053997,1.43717610836,0.390878617764,1.0462975502
1.90399563313,0.50505053997,1.42227387428,0.369656682014,1.05261719227
1.93572890759,0.50505053997,1.40593969822,0.349555522203,1.05638420582
1.96746218204,0.50505053997,1.38818979263,0.330203324556,1.05798649788
1.9991953373,0.50505053997,1.36904203892,0.311395019293,1.05764698982
2.03092861176,0.50505053997,1.34851586819,0.293110579252,1.05540525913
2.06266188622,0.50505053997,1.32663178444,0.275411933661,1.05121982098
2.09439516068,0.50505053997,1.3034119606,0.258348047733,1.04506397247
2.12612843513,0.50505053997,1.27887964249,0.241918608546,1.03696107864
2.15786170959,0.50505053997,1.25305962563,0.2260851264,1.02697443962
2.18959498405,0.50505053997,1.22597789764,0.210796847939,1.01518106461
2.22132825851,0.50505053997,1.19766163826,0.196009635925,1.00165200233
2.25306153297,0.50505053997,1.1681394577,0.181696459651,0.98644298315
2.28479480743,0.50505053997,1.13744115829,0.167846307158,0.969594836235
2.31652784348,0.50505053997,1.10559773445,0.154461026192,0.95113670826
2.34826135635,0.50505053997,1.07264053822,0.141550123692,0.931090414524
2.3799943924,0.50505053997,1.03860378265,0.1291256845,0.909478068352
2.41172790527,0.50505053997,1.00352084637,0.117200009525,0.886320829391
2.44346094131,0.50505053997,0.96742784977,0.105785600841,0.861642241478
2.47519421577,0.50505053997,0.930360555649,0.0948937982321,0.835466742516
2.50692749023,0.50505053997,0.892356336117,0.0845372229815,0.807819128036
2.53866076469,0.50505053997,0.853453695774,0.0747307911515,0.778722882271
2.57039403915,0.50505053997,0.813691675663,0.065491810441,0.748199880123
2.60212731361,0.50505053997,0.773110389709,0.0568410754204,0.716269314289
2.63386058807,0.50505053997,0.731750547886,0.0488008446991,0.682949721813
2.66559386253,0.50505053997,0.689653933048,0.0413936600089,0.648260295391
2.69732713699,0.50505053997,0.646862924099,0.034638453275,0.612224459648
2.72906041145,0.50505053997,0.603420555592,0.0285460725427,0.574874460697
2.76079368591,0.50505053997,0.559370577335,0.02311530523,0.536255300045
2.79252696037,0.50505053997,0.514757394791,0.0183300822973,0.496427297592
2.82426023483,0.50505053997,0.469625890255,0.014161080122,0.455464810133
2.85599327087,0.50505053997,0.424021840096,0.0105700790882,0.413451761007
2.88772678375,0.50505053997,0.377990096807,0.00751581741497,0.370474278927
2.91945981979,0.50505053997,0.331578522921,0.00495827244595,0.32662025094
2.95119309425,0.50505053997,0.284832686186,0.00285615725443,0.281976521015
2.98292636871,0.50505053997,0.237800061703,0.00116246799007,0.236637592316
3.01465964317,0.50505053997,0.190528005362,-0.000178667716682,0.190706670284
3.04639291763,0.50505053997,0.14306409657,-0.00122839445248,0.144292488694
3.07812619209,0.50505053997,0.0954561233521,-0.00204780651256,0.0975039303303
3.10985946655,0.50505053997,0.0477520339191,-0.00268918811344,0.0504412204027
3.14159274101,0.50505053997,-1.31575703222e-07,-0.00319147855043,0.00319134700112
0,0.515151500702,0,-0.0240073539317,0.0240073539317
0.0317332595587,0.515151500702,0.0480726249516,-0.0214200466871,0.0694926679134
0.0634665191174,0.515151500702,0.0960968509316,-0.0185918156058,0.114688664675
0.095199778676,0.515151500702,0.144024297595,-0.0154963284731,0.159520626068
0.126933038235,0.515151500702,0.191806748509,-0.0121063543484,0.203913107514
0.158666297793,0.515151500702,0.239396050572,-0.00839410163462,0.247790157795
0.190399557352,0.515151500702,0.286744296551,-0.00433344440535,0.29107773304
0.222132816911,0.515151500702,0.333803832531,0.0001001493074,0.333703696728
0.253866076469,0.515151500702,0.380527257919,0.00492819910869,0.375599056482
0.285599350929,0.515151500702,0.426867544651,0.0101684536785,0.416699081659
0.317332595587,0.515151500702,0.472777932882,0.0158337317407,0.456944197416
0.349065840244,0.515151500702,0.51821231842,0.0219321828336,0.496280133724
0.380799114704,0.515151500702,0.5631249547,0.0284667275846,0.534658253193
0.412532389164,0.515151500702,0.60747051239,0.0354360081255,0.572034478188
0.444265633821,0.515151500702,0.651204407215,0.0428354330361,0.608368992805
0.475998878479,0.515151500702,0.694282591343,0.0506585128605,0.643624067307
0.507732152939,0.515151500702,0.736661732197,0.0588987842202,0.677762925625
0.539465427399,0.515151500702,0.778299093246,0.0675522387028,0.710746884346
0.571198701859,0.515151500702,0.819152772427,0.0766182765365,0.742534518242
0.602931916714,0.515151500702,0.859181642532,0.0861016139388,0.773080050945
0.634665191174,0.515151500702,0.898345410824,0.0960137620568,0.802331626415
0.666398465633,0.515151500702,0.936604559422,0.106373645365,0.830230891705
0.698131680489,0.515151500702,0.973920583725,0.117207311094,0.856713294983
0.729864954948,0.515151500702,1.01025605202,0.128548160195,0.881707906723
0.761598229408,0.515151500702,1.04557430744,0.140435382724,0.905138909817
0.793331503868,0.515151500702,1.07983958721,0.152911856771,0.926927745342
0.825064778328,0.515151500702,1.11301779747,0.166021466255,0.946996331215
0.856797993183,0.515151500702,1.14507508278,0.179804682732,0.965270400047
0.888531267643,0.515151500702,1.17597949505,0.194293037057,0.981686472893
0.920264542103,0.515151500702,1.20569968224,0.209503307939,0.996196389198
0.951997756958,0.515151500702,1.23420596123,0.225430190563,1.00877571106
0.983731031418,0.515151500702,1.26146948338,0.242041036487,1.01942849159
1.01546430588,0.515151500702,1.28746271133,0.25927272439,1.02819001675
1.04719758034,0.515151500702,1.31215965748,0.277036309242,1.03512334824
1.0789308548,0.515151500702,1.33553540707,0.295228987932,1.04030644894
1.11066412926,0.515151500702,1.35756635666,0.313758790493,1.04380750656
1.14239740372,0.515151500702,1.37823033333,0.332577705383,1.04565262794
1.17413055897,0.515151500702,1.39750647545,0.351735949516,1.04577052593
1.20586383343,0.515151500702,1.41537547112,0.371462345123,1.04391312599
1.23759710789,0.515151500702,1.43181943893,0.392238140106,1.03958129883
1.26933038235,0.515151500702,1.4468215704,0.414677560329,1.03214406967
1.30106365681,0.515151500702,1.46036684513,0.439042896032,1.0213239193
1.33279693127,0.515151500702,1.47244179249,0.464998364449,1.00744342804
1.36453020573,0.515151500702,1.4830340147,0.492493599653,0.990540385246
1.39626336098,0.515151500702,1.49213290215,0.521607935429,0.970524966717
1.42799663544,0.515151500702,1.49972939491,0.550231635571,0.949497759342
1.4597299099,0.515151500702,1.5058157444,0.575085639954,0.930730104446
1.49146318436,0.515151500702,1.51038599014,0.594467878342,0.915918111801
1.52319645882,0.515151500702,1.51343536377,0.607763111591,0.905672252178
1.55492973328,0.515151500702,1.51496076584,0.613622963428,0.90133780241
1.58666300774,0.515151500702,1.51496076584,0.609831631184,0.905129134655
1.6183962822,0.515151500702,1.51343536377,0.595406532288,0.918028831482
1.65012955666,0.515151500702,1.51038599014,0.572147369385,0.938238620758
1.68186283112,0.515151500702,1.5058157444,0.543573498726,0.962242245674
1.71359610558,0.515151500702,1.49972939491,0.513016104698,0.986713290215
1.74532938004,0.515151500702,1.49213290215,0.482673674822,1.00945925713
1.77706253529,0.515151500702,1.4830340147,0.453646034002,1.0293879509
1.80879580975,0.515151500702,1.47244179249,0.426353812218,1.04608798027
1.84052908421,0.515151500702,1.46036684513,0.400930374861,1.05943644047
1.87226235867,0.515151500702,1.4468215704,0.377397805452,1.06942379475
1.90399563313,0.515151500702,1.43181931973,0.355624258518,1.0761950016
1.93572890759,0.515151500702,1.41537547112,0.335265517235,1.08010995388
1.96746218204,0.515151500702,1.39750647545,0.315898656845,1.0816078186
1.9991953373,0.515151500702,1.37823021412,0.297244518995,1.08098566532
2.03092861176,0.515151500702,1.35756635666,0.279237419367,1.07832896709
2.06266188622,0.515151500702,1.33553528786,0.261924415827,1.07361090183
2.09439516068,0.515151500702,1.31215965748,0.245345026255,1.06681466103
2.12612843513,0.515151500702,1.28746271133,0.229482010007,1.05798065662
2.15786170959,0.515151500702,1.26146936417,0.214271724224,1.04719758034
2.18959498405,0.515151500702,1.23420596123,0.199636220932,1.0345697403
2.22132825851,0.515151500702,1.20569968224,0.185506477952,1.02019321918
2.25306153297,0.515151500702,1.17597925663,0.171834677458,1.00414454937
2.28479480743,0.515151500702,1.14507496357,0.158594802022,0.986480176449
2.31652784348,0.515151500702,1.11301779747,0.145778998733,0.967238783836
2.34826135635,0.515151500702,1.079839468,0.13339163363,0.946447849274
2.3799943924,0.515151500702,1.04557430744,0.121443979442,0.924130320549
2.41172790527,0.515151500702,1.0102558136,0.109951682389,0.90030413866
2.44346094131,0.515151500702,0.97392064333,0.098933018744,0.874987602234
2.47519421577,0.515151500702,0.936604559422,0.0884085595608,0.848196029663
2.50692749023,0.515151500702,0.898345291615,0.0784019976854,0.81994330883
2.53866076469,0.515151500702,0.859181523323,0.068939872086,0.790241658688
2.57039403915,0.515151500702,0.819152653217,0.0600520148873,0.759100615978
2.60212731361,0.515151500702,0.778299033642,0.0517693534493,0.726529657841
2.63386058807,0.515151500702,0.736661612988,0.0441215001047,0.692540109158
2.66559386253,0.515151500702,0.694282472134,0.0371329002082,0.657149553299
2.69732713699,0.515151500702,0.651204288006,0.0308175571263,0.620386719704
2.72906041145,0.515151500702,0.607470333576,0.0251751840115,0.582295179367
2.76079368591,0.515151500702,0.563124716282,0.0201893057674,0.542935431004
2.79252696037,0.515151500702,0.518212139606,0.0158289447427,0.502383172512
2.82426023483,0.515151500702,0.472777724266,0.0120553616434,0.460722357035
2.85599327087,0.515151500702,0.426867604256,0.00882926397026,0.418038338423
2.88772678375,0.515151500702,0.380526930094,0.00611075619236,0.374416172504
2.91945981979,0.515151500702,0.333803862333,0.00385848106816,0.329945385456
2.95119309425,0.515151500702,0.286744296551,0.00202209269628,0.284722208977
2.98292636871,0.515151500702,0.23939602077,0.00054278364405,0.238853231072
3.01465964317,0.515151500702,0.191806703806,-0.000643592327833,0.192450299859
3.04639291763,0.515151500702,0.144024252892,-0.00159742729738,0.145621687174
3.07812619209,0.515151500702,0.0960967615247,-0.0023683225736,0.0984650850296
3.10985946655,0.515151500702,0.0480725169182,-0.00299128144979,0.051063798368
3.14159274101,0.515151500702,-1.32458751523e-07,-0.00348750385456,0.00348737137392
0,0.525252521038,0,-0.0245836507529,0.0245836507529
0.0317332595587,0.525252521038,0.048393111676,-0.0221193097532,0.0705124214292
0.0634665191174,0.525252521038,0.0967375040054,-0.0194300059229,0.116167508066
0.095199778676,0.525252521038,0.144984468818,-0.0164897348732,0.161474198103
0.126933038235,0.525252521038,0.193085476756,-0.013270912692,0.206356391311
0.158666297793,0.525252521038,0.240992039442,-0.00974523555487,0.250737279654
0.190399557352,0.525252521038,0.288655936718,-0.00588479265571,0.294540733099
0.222132816911,0.525252521038,0.336029231548,-0.00166277121753,0.337691992521
0.253866076469,0.525252521038,0.383064121008,0.00294568622485,0.380118429661
0.285599350929,0.525252521038,0.429713368416,0.00796156562865,0.421751797199
0.317332595587,0.525252521038,0.475929826498,0.013402165845,0.462527662516
0.349065840244,0.525252521038,0.521667063236,0.019279487431,0.502387583256
0.380799114704,0.525252521038,0.566879153252,0.0256006345153,0.541278541088
0.412532389164,0.525252521038,0.611520349979,0.032367978245,0.579152345657
0.444265633821,0.525252521038,0.655545771122,0.0395788624883,0.615966916084
0.475998878479,0.525252521038,0.698911190033,0.0472286641598,0.651682496071
0.507732152939,0.525252521038,0.741572856903,0.0553112253547,0.6862616539
0.539465427399,0.525252521038,0.783487796783,0.0638215765357,0.719666242599
0.571198701859,0.525252521038,0.824613809586,0.072757050395,0.751856744289
0.602931916714,0.525252521038,0.864909529686,0.0821198970079,0.782789647579
0.634665191174,0.525252521038,0.904334425926,0.0919185131788,0.812415897846
0.666398465633,0.525252521038,0.942848622799,0.102167792618,0.840680837631
0.698131680489,0.525252521038,0.98041343689,0.112890854478,0.867522597313
0.729864954948,0.525252521038,1.01699113846,0.124116949737,0.892874181271
0.761598229408,0.525252521038,1.05254483223,0.135882779956,0.916662037373
0.793331503868,0.525252521038,1.08703863621,0.148228302598,0.938810348511
0.825064778328,0.525252521038,1.1204379797,0.161195725203,0.959242224693
0.856797993183,0.525252521038,1.15270900726,0.174823611975,0.977885365486
0.888531267643,0.525252521038,1.18381941319,0.189143002033,0.994676411152
0.920264542103,0.525252521038,1.21373772621,0.204169288278,1.00956845284
0.951997756958,0.525252521038,1.24243402481,0.21989774704,1.02253627777
0.983731031418,0.525252521038,1.26987934113,0.236295238137,1.03358411789
1.01546430588,0.525252521038,1.29604589939,0.253303140402,1.04274272919
1.04719758034,0.525252521038,1.32090747356,0.270843178034,1.05006432533
1.0789308548,0.525252521038,1.34443902969,0.28883856535,1.05560040474
1.11066412926,0.525252521038,1.36661684513,0.307243555784,1.05937325954
1.14239740372,0.525252521038,1.38741862774,0.326075106859,1.06134355068
1.17413055897,0.525252521038,1.40682327747,0.34544813633,1.06137514114
1.20586383343,0.525252521038,1.42481136322,0.36561897397,1.05919241905
1.23759710789,0.525252521038,1.44136500359,0.387019664049,1.05434536934
1.26933038235,0.525252521038,1.45646715164,0.410123109818,1.04634404182
1.30106365681,0.525252521038,1.47010278702,0.434996604919,1.0351061821
1.33279693127,0.525252521038,1.48225808144,0.461256951094,1.02100110054
1.36453020573,0.525252521038,1.49292099476,0.489128857851,1.00379216671
1.39626336098,0.525252521038,1.50208055973,0.518594324589,0.983486235142
1.42799663544,0.525252521038,1.50972771645,0.547011494637,0.962716221809
1.4597299099,0.525252521038,1.51585459709,0.571100473404,0.944754123688
1.49146318436,0.525252521038,1.52045536041,0.589484035969,0.930971324444
1.52319645882,0.525252521038,1.52352499962,0.601907551289,0.92161744833
1.55492973328,0.525252521038,1.52506053448,0.607495129108,0.917565405369
1.58666300774,0.525252521038,1.52506053448,0.604209959507,0.92085057497
1.6183962822,0.525252521038,1.52352499962,0.590484142303,0.933040857315
1.65012955666,0.525252521038,1.52045536041,0.567330658436,0.953124701977
1.68186283112,0.525252521038,1.51585459709,0.538046777248,0.977807819843
1.71359610558,0.525252521038,1.50972771645,0.506233751774,1.00349402428
1.74532938004,0.525252521038,1.50208055973,0.47444653511,1.02763402462
1.77706253529,0.525252521038,1.49292099476,0.444012284279,1.04890871048
1.80879580975,0.525252521038,1.48225808144,0.415441632271,1.06681644917
1.84052908421,0.525252521038,1.47010278702,0.388895392418,1.0812073946
1.87226235867,0.525252521038,1.45646715164,0.364433825016,1.09203338623
1.90399563313,0.525252521038,1.44136488438,0.341995328665,1.09936952591
1.93572890759,0.525252521038,1.42481136322,0.32128071785,1.10353064537
1.96746218204,0.525252521038,1.40682327747,0.301832854748,1.10499048233
1.9991953373,0.525252521038,1.38741850853,0.28329449892,1.10412406921
2.03092861176,0.525252521038,1.36661684513,0.265543282032,1.10107350349
2.06266188622,0.525252521038,1.34443902969,0.248603910208,1.09583508968
2.09439516068,0.525252521038,1.32090747356,0.23250387609,1.08840358257
2.12612843513,0.525252521038,1.29604578018,0.217206582427,1.07883918285
2.15786170959,0.525252521038,1.26987922192,0.202621027827,1.06725823879
2.18959498405,0.525252521038,1.24243402481,0.188638657331,1.05379533768
2.22132825851,0.525252521038,1.21373772621,0.175162494183,1.03857517242
2.25306153297,0.525252521038,1.18381917477,0.162123218179,1.02169597149
2.28479480743,0.525252521038,1.15270876884,0.14947964251,1.00322914124
2.31652784348,0.525252521038,1.1204379797,0.137215301394,0.983222663403
2.34826135635,0.525252521038,1.08703839779,0.125331044197,0.961707353592
2.3799943924,0.525252521038,1.05254483223,0.113840557635,0.938704252243
2.41172790527,0.525252521038,1.01699090004,0.102764993906,0.914225935936
2.44346094131,0.525252521038,0.980413496494,0.0921319797635,0.888281524181
2.47519421577,0.525252521038,0.942848622799,0.0819739699364,0.860874652863
2.50692749023,0.525252521038,0.904334306717,0.0723273009062,0.83200699091
2.53866076469,0.525252521038,0.864909470081,0.0632319003344,0.801677584648
2.57039403915,0.525252521038,0.824613749981,0.0547280758619,0.769885659218
2.60212731361,0.525252521038,0.783487737179,0.0468539446592,0.736633777618
2.63386058807,0.525252521038,0.741572737694,0.0396403931081,0.701932370663
2.66559386253,0.525252521038,0.698911070824,0.0331057310104,0.665805339813
2.69732713699,0.525252521038,0.655545651913,0.0272506922483,0.628294944763
2.72906041145,0.525252521038,0.611520171165,0.0220585018396,0.589461684227
2.76079368591,0.525252521038,0.566878914833,0.0174985192716,0.549380421638
2.79252696037,0.525252521038,0.521666884422,0.013532884419,0.508134007454
2.82426023483,0.525252521038,0.475929588079,0.0101242214441,0.465805351734
2.85599327087,0.525252521038,0.429713398218,0.00723470235243,0.422478705645
2.88772678375,0.525252521038,0.383063793182,0.00482127023861,0.378242522478
2.91945981979,0.525252521038,0.336029231548,0.00283163739368,0.333197593689
2.95119309425,0.525252521038,0.288655936718,0.00120290927589,0.287453025579
2.98292636871,0.525252521038,0.24099200964,-0.000129919033498,0.241121932864
3.01465964317,0.525252521038,0.193085432053,-0.0012266272679,0.19431206584
3.04639291763,0.525252521038,0.144984409213,-0.00213270541281,0.147117108107
3.07812619209,0.525252521038,0.0967374145985,-0.0028791599907,0.0996165722609
3.10985946655,0.525252521038,0.0483930036426,-0.00348289427347,0.0518758967519
3.14159274101,0.525252521038,-1.33341814035e-07,-0.00395079189911,0.00395065871999
0,0.535353541374,0,-0.0250549726188,0.0250549726188
0.0317332595587,0.535353541374,0.0487135946751,-0.022702075541,0.0714156702161
0.0634665191174,0.535353541374,0.0973781496286,-0.0201398339123,0.117517985404
0.095199778676,0.535353541374,0.145944625139,-0.0173432305455,0.163287848234
0.126933038235,0.535353541374,0.1943641752,-0.0142852272838,0.208649396896
0.158666297793,0.535353541374,0.242587998509,-0.0109368572012,0.25352486968
0.190399557352,0.535353541374,0.290567576885,-0.00726907094941,0.297836661339
0.222132816911,0.535353541374,0.338254570961,-0.00325304688886,0.341507613659
0.253866076469,0.535353541374,0.385600954294,0.00113839842379,0.384462565184
0.285599350929,0.535353541374,0.432559132576,0.00592988589779,0.426629245281
0.317332595587,0.535353541374,0.479081660509,0.0111425314099,0.467939138412
0.349065840244,0.535353541374,0.525121808052,0.0167932529002,0.508328557014
0.380799114704,0.535353541374,0.570633292198,0.0228928830475,0.547740399837
0.412532389164,0.535353541374,0.615570127964,0.029447991401,0.58612215519
0.444265633821,0.535353541374,0.659887135029,0.0364597551525,0.623427391052
0.475998878479,0.535353541374,0.703539729118,0.0439256355166,0.659614086151
0.507732152939,0.535353541374,0.746483922005,0.0518404729664,0.694643437862
0.539465427399,0.535353541374,0.788676440716,0.0601994246244,0.72847700119
0.571198701859,0.535353541374,0.83007478714,0.0689985007048,0.761076271534
0.602931916714,0.535353541374,0.870637357235,0.0782378092408,0.792399525642
0.634665191174,0.535353541374,0.910323321819,0.0879224687815,0.822400867939
0.666398465633,0.535353541374,0.949092626572,0.0980644375086,0.851028203964
0.698131680489,0.535353541374,0.986906170845,0.108682468534,0.878223717213
0.729864954948,0.535353541374,1.02372610569,0.119803465903,0.903922617435
0.761598229408,0.535353541374,1.05951523781,0.131459772587,0.928055465221
0.793331503868,0.535353541374,1.09423756599,0.143689215183,0.950548350811
0.825064778328,0.535353541374,1.12785804272,0.15653181076,0.971326231956
0.856797993183,0.535353541374,1.16034281254,0.170024573803,0.990318238735
0.888531267643,0.535353541374,1.19165921211,0.184198200703,1.00746107101
0.920264542103,0.535353541374,1.22177577019,0.199067905545,1.02270781994
0.951997756958,0.535353541374,1.25066196918,0.214628309011,1.03603363037
0.983731031418,0.535353541374,1.27828907967,0.230847582221,1.04744148254
1.01546430588,0.535353541374,1.30462896824,0.247670143843,1.05695879459
1.04719758034,0.535353541374,1.32965517044,0.26502764225,1.06462752819
1.0789308548,0.535353541374,1.35334253311,0.282866418362,1.07047605515
1.11066412926,0.535353541374,1.3756673336,0.301183283329,1.07448410988
1.14239740372,0.535353541374,1.39660680294,0.320056498051,1.07655024529
1.17413055897,0.535353541374,1.41613996029,0.339665681124,1.07647430897
1.20586383343,0.535353541374,1.43424713612,0.360300034285,1.07394707203
1.23759710789,0.535353541374,1.45091032982,0.382332652807,1.06857764721
1.26933038235,0.535353541374,1.46611249447,0.406047403812,1.06006503105
1.30106365681,0.535353541374,1.47983849049,0.43133315444,1.04850530624
1.33279693127,0.535353541374,1.49207437038,0.457982450724,1.03409194946
1.36453020573,0.535353541374,1.50280785561,0.48648956418,1.01631832123
1.39626336098,0.535353541374,1.5120279789,0.516353011131,0.995674967766
1.42799663544,0.535353541374,1.51972579956,0.544428408146,0.975297391415
1.4597299099,0.535353541374,1.52589333057,0.56766974926,0.958223581314
1.49146318436,0.535353541374,1.53052449226,0.585042893887,0.945481598377
1.52319645882,0.535353541374,1.53361451626,0.596552550793,0.937061965466
1.55492973328,0.535353541374,1.53516030312,0.60172945261,0.933430850506
1.58666300774,0.535353541374,1.53516030312,0.598853766918,0.936306536198
1.6183962822,0.535353541374,1.53361451626,0.585966289043,0.947648227215
1.65012955666,0.535353541374,1.53052449226,0.563204467297,0.967320024967
1.68186283112,0.535353541374,1.52589333057,0.533426165581,0.992467164993
1.71359610558,0.535353541374,1.51972579956,0.500424265862,1.0193015337
1.74532938004,0.535353541374,1.5120279789,0.467153847218,1.04487419128
1.77706253529,0.535353541374,1.50280785561,0.435233592987,1.06757426262
1.80879580975,0.535353541374,1.49207437038,0.405300438404,1.08677387238
1.84052908421,0.535353541374,1.47983849049,0.377543836832,1.10229468346
1.87226235867,0.535353541374,1.46611249447,0.352050215006,1.11406230927
1.90399563313,0.535353541374,1.45091032982,0.328826725483,1.12208366394
1.93572890759,0.535353541374,1.43424713612,0.307643920183,1.12660324574
1.96746218204,0.535353541374,1.41613996029,0.288034409285,1.1281055212
1.9991953373,0.535353541374,1.39660668373,0.269564181566,1.12704253197
2.03092861176,0.535353541374,1.37566721439,0.252042174339,1.12362504005
2.06266188622,0.535353541374,1.35334253311,0.235461458564,1.11788105965
2.09439516068,0.535353541374,1.32965517044,0.219833657146,1.109821558
2.12612843513,0.535353541374,1.30462884903,0.205099985003,1.09952890873
2.15786170959,0.535353541374,1.27828896046,0.191138237715,1.08715069294
2.18959498405,0.535353541374,1.25066196918,0.177805662155,1.07285630703
2.22132825851,0.535353541374,1.22177565098,0.164976239204,1.05679941177
2.25306153297,0.535353541374,1.1916590929,0.152556955814,1.03910207748
2.28479480743,0.535353541374,1.16034257412,0.140492543578,1.01985001564
2.31652784348,0.535353541374,1.12785804272,0.128759413958,0.999098658562
2.34826135635,0.535353541374,1.09423732758,0.117357879877,0.976879477501
2.3799943924,0.535353541374,1.05951523781,0.106306485832,0.953208744526
2.41172790527,0.535353541374,1.02372586727,0.0956361964345,0.928089678288
2.44346094131,0.535353541374,0.986906290054,0.0853867381811,0.901519536972
2.47519421577,0.535353541374,0.949092626572,0.0756045505404,0.873488068581
2.50692749023,0.535353541374,0.910323262215,0.0663400143385,0.843983232975
2.53866076469,0.535353541374,0.87063729763,0.0576443001628,0.812992990017
2.57039403915,0.535353541374,0.830074727535,0.049564871937,0.780509829521
2.60212731361,0.535353541374,0.788676381111,0.0421399660408,0.746536433697
2.63386058807,0.535353541374,0.746483802795,0.0353924967349,0.711091279984
2.66559386253,0.535353541374,0.703539609909,0.0293258279562,0.674213767052
2.69732713699,0.535353541374,0.65988701582,0.0239239297807,0.635963082314
2.72906041145,0.535353541374,0.61556994915,0.0191574431956,0.596412479877
2.76079368591,0.535353541374,0.57063305378,0.0149911101907,0.555641949177
2.79252696037,0.535353541374,0.525121629238,0.0113902743906,0.513731360435
2.82426023483,0.535353541374,0.479081422091,0.00831972621381,0.470761686563
2.85599327087,0.535353541374,0.432559162378,0.00573555706069,0.426823616028
2.88772678375,0.535353541374,0.385600626469,0.00358158210292,0.382019042969
2.91945981979,0.535353541374,0.338254600763,0.00179285975173,0.336461752653
2.95119309425,0.535353541374,0.290567576885,0.000303389038891,0.290264189243
2.98292636871,0.535353541374,0.242587968707,-0.00094306608662,0.243531033397
3.01465964317,0.535353541374,0.194364130497,-0.00198895391077,0.196353077888
3.04639291763,0.535353541374,0.145944580436,-0.00286028813571,0.148804873228
3.07812619209,0.535353541374,0.0973780527711,-0.00357034266926,0.100948393345
3.10985946655,0.535353541374,0.0487134829164,-0.00412426330149,0.0528377443552
3.14159274101,0.535353541374,-1.34224876547e-07,-0.00452195061371,0.00452181650326
0,0.545454502106,0,-0.0254288744181,0.0254288744181
0.0317332595587,0.545454502106,0.0490340776742,-0.0231757517904,0.0722098276019
0.0634665191174,0.545454502106,0.0980187878013,-0.0207288581878,0.118747644126
0.095199778676,0.545454502106,0.146904781461,-0.0180637743324,0.164968550205
0.126933038235,0.545454502106,0.195642888546,-0.0151544008404,0.210797294974
0.158666297793,0.545454502106,0.244183957577,-0.0119723640382,0.25615632534
0.190399557352,0.545454502106,0.29247918725,-0.00848751701415,0.300966709852
0.222132816911,0.545454502106,0.340479910374,-0.00467021670192,0.345150113106
0.253866076469,0.545454502106,0.38813778758,-0.000490804668516,0.388628602028
0.285599350929,0.545454502106,0.435404896736,0.00407840916887,0.43132647872
0.317332595587,0.545454502106,0.48223349452,0.00906261056662,0.473170876503
0.349065840244,0.545454502106,0.528576552868,0.0144822318107,0.514094293118
0.380799114704,0.545454502106,0.574387431145,0.0203536953777,0.554033756256
0.412532389164,0.545454502106,0.619619905949,0.0266876108944,0.592932283878
0.444265633821,0.545454502106,0.664228498936,0.0334895215929,0.630738973618
0.475998878479,0.545454502106,0.708168268204,0.0407597981393,0.667408466339
0.507732152939,0.545454502106,0.751394987106,0.0484961122274,0.702898859978
0.539465427399,0.545454502106,0.793865084648,0.0566938370466,0.7371712327
0.571198701859,0.545454502106,0.835535824299,0.065348803997,0.770187020302
0.602931916714,0.545454502106,0.876365244389,0.0744593068957,0.801905930042
0.634665191174,0.545454502106,0.916312277317,0.0840282067657,0.832284092903
0.666398465633,0.545454502106,0.955336630344,0.0940637886524,0.86127281189
0.698131680489,0.545454502106,0.993398964405,0.104581639171,0.888817310333
0.729864954948,0.545454502106,1.03046107292,0.115604549646,0.914856553078
0.761598229408,0.545454502106,1.0664857626,0.127162024379,0.939323723316
0.793331503868,0.545454502106,1.10143637657,0.13928887248,0.962147474289
0.825064778328,0.545454502106,1.13527810574,0.15202280879,0.983255267143
0.856797993183,0.545454502106,1.16797661781,0.165400356054,1.00257623196
0.888531267643,0.545454502106,1.19949901104,0.179450407624,1.02004861832
0.920264542103,0.545454502106,1.22981369495,0.194190010428,1.03562366962
0.951997756958,0.545454502106,1.25889003277,0.209613531828,1.04927647114
0.983731031418,0.545454502106,1.28669881821,0.225691393018,1.06100738049
1.01546430588,0.545454502106,1.31321203709,0.242369830608,1.07084226608
1.04719758034,0.545454502106,1.33840286732,0.259589582682,1.07881331444
1.0789308548,0.545454502106,1.36224615574,0.27731692791,1.08492922783
1.11066412926,0.545454502106,1.38471770287,0.295584887266,1.0891327858
1.14239740372,0.545454502106,1.40579485893,0.314525455236,1.09126937389
1.17413055897,0.545454502106,1.4254565239,0.334376215935,1.09108030796
1.20586383343,0.545454502106,1.44368302822,0.35545951128,1.08822345734
1.23759710789,0.545454502106,1.46045577526,0.378089368343,1.08236646652
1.26933038235,0.545454502106,1.4757579565,0.402351379395,1.07340657711
1.30106365681,0.545454502106,1.48957419395,0.428007364273,1.06156682968
1.33279693127,0.545454502106,1.50189065933,0.455186635256,1.04670405388
1.36453020573,0.545454502106,1.51269459724,0.4845456779,1.02814888954
1.39626336098,0.545454502106,1.52197551727,0.51480871439,1.00716686249
1.42799663544,0.545454502106,1.52972400188,0.542437314987,0.987286686897
1.4597299099,0.545454502106,1.53593206406,0.564775884151,0.971156179905
1.49146318436,0.545454502106,1.54059374332,0.58112847805,0.959465265274
1.52319645882,0.545454502106,1.5437040329,0.591692626476,0.952011406422
1.55492973328,0.545454502106,1.54525995255,0.596331715584,0.948928236961
1.58666300774,0.545454502106,1.54525995255,0.593725860119,0.951534092426
1.6183962822,0.545454502106,1.5437040329,0.58175599575,0.961948037148
1.65012955666,0.545454502106,1.54059374332,0.559685826302,0.980907917023
1.68186283112,0.545454502106,1.53593206406,0.52969533205,1.00623679161
1.71359610558,0.545454502106,1.52972400188,0.495628595352,1.03409540653
1.74532938004,0.545454502106,1.52197551727,0.46086114645,1.06111431122
1.77706253529,0.545454502106,1.51269459724,0.427377820015,1.08531677723
1.80879580975,0.545454502106,1.50189065933,0.395991206169,1.10589945316
1.84052908421,0.545454502106,1.48957419395,0.366933166981,1.12264108658
1.87226235867,0.545454502106,1.4757579565,0.340303242207,1.13545465469
1.90399563313,0.545454502106,1.46045565605,0.316170603037,1.14428508282
1.93572890759,0.545454502106,1.44368302822,0.294394552708,1.14928841591
1.96746218204,0.545454502106,1.4254565239,0.274528712034,1.15092778206
1.9991953373,0.545454502106,1.40579485893,0.256070077419,1.14972472191
2.03092861176,0.545454502106,1.38471758366,0.238745957613,1.14597165585
2.06266188622,0.545454502106,1.36224603653,0.22250713408,1.13973891735
2.09439516068,0.545454502106,1.33840286732,0.207343041897,1.13105988503
2.12612843513,0.545454502106,1.31321191788,0.193168923259,1.12004303932
2.15786170959,0.545454502106,1.286698699,0.179827407002,1.10687124729
2.18959498405,0.545454502106,1.25889003277,0.167139112949,1.09175086021
2.22132825851,0.545454502106,1.22981357574,0.154945299029,1.07486832142
2.25306153297,0.545454502106,1.19949889183,0.143130049109,1.05636882782
2.28479480743,0.545454502106,1.16797637939,0.131624907255,1.03635144234
2.31652784348,0.545454502106,1.13527822495,0.120401464403,1.01487672329
2.34826135635,0.545454502106,1.10143625736,0.109463334084,0.991972923279
2.3799943924,0.545454502106,1.0664857626,0.0988380461931,0.967647731304
2.41172790527,0.545454502106,1.03046095371,0.0885693877935,0.941891551018
2.44346094131,0.545454502106,0.99339902401,0.078712053597,0.914686977863
2.47519421577,0.545454502106,0.955336630344,0.0693273693323,0.886009275913
2.50692749023,0.545454502106,0.916312217712,0.0604774802923,0.855834722519
2.53866076469,0.545454502106,0.876365125179,0.0522209815681,0.824144124985
2.57039403915,0.545454502106,0.83553570509,0.044603895396,0.790931820869
2.60212731361,0.545454502106,0.793864965439,0.0376551747322,0.756209790707
2.63386058807,0.545454502106,0.751394808292,0.0313812680542,0.720013558865
2.66559386253,0.545454502106,0.70816808939,0.025768712163,0.682399392128
2.69732713699,0.545454502106,0.664228320122,0.0207904670388,0.643437862396
2.72906041145,0.545454502106,0.619619727135,0.016416085884,0.603203654289
2.76079368591,0.545454502106,0.574387192726,0.0126155875623,0.561771631241
2.79252696037,0.545454502106,0.528576374054,0.00935493223369,0.519221425056
2.82426023483,0.545454502106,0.482233256102,0.00658965995535,0.475643604994
2.85599327087,0.545454502106,0.435404956341,0.00426121568307,0.431143730879
2.88772678375,0.545454502106,0.388137459755,0.00230213301256,0.385835319757
2.91945981979,0.545454502106,0.340479940176,0.000647733453661,0.339832216501
2.95119309425,0.545454502106,0.29247918725,-0.000755148939788,0.293234348297
2.98292636871,0.545454502106,0.244183942676,-0.00194392632693,0.246127873659
3.01465964317,0.545454502106,0.195642843843,-0.00294021284208,0.198583051562
3.04639291763,0.545454502106,0.146904736757,-0.00375444348902,0.150659173727
3.07812619209,0.545454502106,0.0980186983943,-0.00439017359167,0.102408871055
3.10985946655,0.545454502106,0.0490339659154,-0.00484755821526,0.0538815259933
3.14159274101,0.545454502106,-1.35107924848e-07,-0.00512644834816,0.00512631330639
0,0.555555582047,0,-0.0257135089487,0.0257135089487
0.0317332595587,0.555555582047,0.0493545606732,-0.0235489662737,0.0729035288095
0.0634665191174,0.555555582047,0.0986594408751,-0.0212046355009,0.119864076376
0.095199778676,0.555555582047,0.147864952683,-0.0186583995819,0.166523352265
0.126933038235,0.555555582047,0.196921601892,-0.0158847924322,0.212806388736
0.158666297793,0.555555582047,0.245779946446,-0.0128566762432,0.258636623621
0.190399557352,0.555555582047,0.294390827417,-0.00954376813024,0.30393460393
0.222132816911,0.555555582047,0.342705279589,-0.0059155318886,0.348620802164
0.253866076469,0.555555582047,0.390674650669,-0.00194067088887,0.392615318298
0.285599350929,0.555555582047,0.438250690699,0.00241084536538,0.435839831829
0.317332595587,0.555555582047,0.485385358334,0.00716780917719,0.478217542171
0.349065840244,0.555555582047,0.532031297684,0.0123547967523,0.519676506519
0.380799114704,0.555555582047,0.578141629696,0.0179929677397,0.560148656368
0.412532389164,0.555555582047,0.623669743538,0.0240977797657,0.599571943283
0.444265633821,0.555555582047,0.668569862843,0.0306795872748,0.637890279293
0.475998878479,0.555555582047,0.712796866894,0.0377432890236,0.675053596497
0.507732152939,0.555555582047,0.756306052208,0.0452888831496,0.71101719141
0.539465427399,0.555555582047,0.799053788185,0.0533144585788,0.745739340782
0.571198701859,0.555555582047,0.840996861458,0.0618157610297,0.77918112278
0.602931916714,0.555555582047,0.882093131542,0.070790424943,0.8113027215
0.634665191174,0.555555582047,0.922301292419,0.0802391991019,0.842062115669
0.666398465633,0.555555582047,0.961580693722,0.0901674106717,0.871413290501
0.698131680489,0.555555582047,0.99989181757,0.100587293506,0.899304509163
0.729864954948,0.555555582047,1.03719615936,0.111518025398,0.925678133965
0.761598229408,0.555555582047,1.07345628738,0.122985728085,0.95047056675
0.793331503868,0.555555582047,1.10863542557,0.135022044182,0.973613381386
0.825064778328,0.555555582047,1.14269828796,0.147662654519,0.995035648346
0.856797993183,0.555555582047,1.1756105423,0.160942479968,1.01466810703
0.888531267643,0.555555582047,1.20733892918,0.174891531467,1.0324473381
0.920264542103,0.555555582047,1.23785173893,0.189526677132,1.0483250618
0.951997756958,0.555555582047,1.26711809635,0.204844802618,1.06227326393
0.983731031418,0.555555582047,1.29510867596,0.220817744732,1.07429099083
1.01546430588,0.555555582047,1.32179510593,0.237395480275,1.08439958096
1.04719758034,0.555555582047,1.3471506834,0.254524827003,1.0926258564
1.0789308548,0.555555582047,1.37114977837,0.27218785882,1.09896194935
1.11066412926,0.555555582047,1.39376819134,0.290448069572,1.10332012177
1.14239740372,0.555555582047,1.41498315334,0.30948010087,1.10550308228
1.17413055897,0.555555582047,1.43477332592,0.329570174217,1.1052031517
1.20586383343,0.555555582047,1.45311892033,0.351068437099,1.10205054283
1.23759710789,0.555555582047,1.47000133991,0.374232858419,1.09576845169
1.26933038235,0.555555582047,1.48540353775,0.398980379105,1.08642315865
1.30106365681,0.555555582047,1.49931001663,0.425050258636,1.074259758
1.33279693127,0.555555582047,1.51170694828,0.452959090471,1.05874788761
1.36453020573,0.555555582047,1.5225815773,0.483273148537,1.03930842876
1.39626336098,0.555555582047,1.53192317486,0.513854980469,1.01806819439
1.42799663544,0.555555582047,1.53972220421,0.540970802307,0.998751401901
1.4597299099,0.555555582047,1.54597091675,0.562394618988,0.98357629776
1.49146318436,0.555555582047,1.55066299438,0.577729105949,0.972933888435
1.52319645882,0.555555582047,1.55379366875,0.587326288223,0.966467380524
1.55492973328,0.555555582047,1.55535972118,0.591320574284,0.9640391469
1.58666300774,0.555555582047,1.55535972118,0.588817358017,0.966542363167
1.6183962822,0.555555582047,1.55379366875,0.57776594162,0.976027727127
1.65012955666,0.555555582047,1.55066299438,0.556666612625,0.99399638176
1.68186283112,0.555555582047,1.54597091675,0.526806116104,1.01916480064
1.71359610558,0.555555582047,1.53972220421,0.491866290569,1.04785585403
1.74532938004,0.555555582047,1.53192317486,0.455625087023,1.07629811764
1.77706253529,0.555555582047,1.5225815773,0.420507669449,1.10207390785
1.80879580975,0.555555582047,1.51170694828,0.387570053339,1.12413692474
1.84052908421,0.555555582047,1.49931001663,0.357112199068,1.14219784737
1.87226235867,0.555555582047,1.48540353775,0.329240232706,1.15616333485
1.90399563313,0.555555582047,1.4700012207,0.304072141647,1.16592907906
1.93572890759,0.555555582047,1.45311892033,0.281568408012,1.17155051231
1.96746218204,0.555555582047,1.43477332592,0.261338025331,1.17343533039
1.9991953373,0.555555582047,1.41498303413,0.242825031281,1.17215800285
2.03092861176,0.555555582047,1.39376807213,0.225665092468,1.16810297966
2.06266188622,0.555555582047,1.37114965916,0.20975060761,1.16139900684
2.09439516068,0.555555582047,1.3471506834,0.195040747523,1.15210998058
2.12612843513,0.555555582047,1.32179498672,0.181420564651,1.14037442207
2.15786170959,0.555555582047,1.29510855675,0.168693557382,1.12641501427
2.18959498405,0.555555582047,1.26711809635,0.156639441848,1.1104786396
2.22132825851,0.555555582047,1.23785161972,0.145066231489,1.09278535843
2.25306153297,0.555555582047,1.20733880997,0.1338352561,1.07350349426
2.28479480743,0.555555582047,1.17561030388,0.122867234051,1.05274307728
2.31652784348,0.555555582047,1.14269828796,0.112132884562,1.03056538105
2.34826135635,0.555555582047,1.10863518715,0.101643331349,1.00699186325
2.3799943924,0.555555582047,1.07345628738,0.0914388671517,0.982017397881
2.41172790527,0.555555582047,1.03719604015,0.0815787538886,0.955617308617
2.44346094131,0.555555582047,0.999891877174,0.072134129703,0.927757740021
2.47519421577,0.555555582047,0.961580693722,0.0631784722209,0.89840221405
2.50692749023,0.555555582047,0.92230117321,0.0547811947763,0.867519974709
2.53866076469,0.555555582047,0.882093071938,0.0469982884824,0.835094809532
2.57039403915,0.555555582047,0.840996742249,0.0398651137948,0.801131606102
2.60212731361,0.555555582047,0.799053668976,0.0333929136395,0.765660762787
2.63386058807,0.555555582047,0.756305932999,0.0275715477765,0.728734374046
2.66559386253,0.555555582047,0.71279668808,0.0223791822791,0.690417528152
2.69732713699,0.555555582047,0.668569743633,0.0177916865796,0.650778055191
2.72906041145,0.555555582047,0.623669564724,0.0137845594436,0.609884977341
2.76079368591,0.555555582047,0.578141391277,0.0103265997022,0.567814767361
2.79252696037,0.555555582047,0.53203111887,0.0073718088679,0.524659335613
2.82426023483,0.555555582047,0.485385119915,0.00485905213282,0.480526059866
2.85599327087,0.555555582047,0.438250750303,0.00272052129731,0.435530215502
2.88772678375,0.555555582047,0.390674322844,0.000893413554877,0.389780908823
2.91945981979,0.555555582047,0.342705309391,-0.00067065609619,0.343375951052
2.95119309425,0.555555582047,0.294390827417,-0.0020041228272,0.296394944191
2.98292636871,0.555555582047,0.245779931545,-0.00312467594631,0.248904600739
3.01465964317,0.555555582047,0.196921557188,-0.00404012016952,0.20096167922
3.04639291763,0.555555582047,0.147864893079,-0.00475325249135,0.152618139982
3.07812619209,0.555555582047,0.0986593440175,-0.00526473624632,0.103924080729
3.10985946655,0.555555582047,0.0493544526398,-0.00557556794956,0.0549300201237
3.14159274101,0.555555582047,-1.3599098736e-07,-0.00568873481825,0.00568859884515
0,0.565656542778,0,-0.0259176380932,0.0259176380932
0.0317332595587,0.565656542778,0.0496750436723,-0.0238309185952,0.0735059604049
0.0634665191174,0.565656542778,0.0993000790477,-0.0215769410133,0.120877020061
0.095199778676,0.565656542778,0.148825109005,-0.0191360078752,0.167961120605
0.126933038235,0.565656542778,0.198200315237,-0.0164848417044,0.214685156941
0.158666297793,0.565656542778,0.247375920415,-0.0135968877003,0.260972797871
0.190399557352,0.565656542778,0.296302437782,-0.0104429814965,0.306745409966
0.222132816911,0.565656542778,0.344930648804,-0.00699203461409,0.351922690868
0.253866076469,0.565656542778,0.393211483955,-0.00321218487807,0.396423667669
0.285599350929,0.565656542778,0.441096484661,0.000928892754018,0.440167605877
0.317332595587,0.565656542778,0.488537192345,0.0054624802433,0.483074724674
0.349065840244,0.565656542778,0.5354860425,0.0104176681489,0.52506840229
0.380799114704,0.565656542778,0.581895768642,0.0158195551485,0.566076219082
0.412532389164,0.565656542778,0.627719521523,0.0216893907636,0.606030106544
0.444265633821,0.565656542778,0.672911226749,0.0280420444906,0.644869208336
0.475998878479,0.565656542778,0.717425346375,0.0348877571523,0.682537615299
0.507732152939,0.565656542778,0.76121711731,0.0422309190035,0.718986213207
0.539465427399,0.565656542778,0.804242432117,0.0500720515847,0.754170358181
0.571198701859,0.565656542778,0.846457839012,0.0584085360169,0.788049280643
0.602931916714,0.565656542778,0.887821018696,0.0672383829951,0.82058262825
0.634665191174,0.565656542778,0.928290247917,0.0765605270863,0.851729750633
0.666398465633,0.565656542778,0.967824697495,0.0863783881068,0.881446301937
0.698131680489,0.565656542778,1.00638461113,0.096700720489,0.90968388319
0.729864954948,0.565656542778,1.0439312458,0.1075431481,0.936388075352
0.761598229408,0.565656542778,1.08042681217,0.11892811209,0.961498677731
0.793331503868,0.565656542778,1.11583423615,0.130884453654,0.98494976759
0.825064778328,0.565656542778,1.15011835098,0.143445536494,1.00667285919
0.856797993183,0.565656542778,1.18324422836,0.156644776464,1.0265994072
0.888531267643,0.565656542778,1.21517884731,0.170513004065,1.04466581345
0.920264542103,0.565656542778,1.2458896637,0.185069009662,1.06082069874
0.951997756958,0.565656542778,1.27534615993,0.20031221211,1.07503390312
0.983731031418,0.565656542778,1.3035184145,0.216217473149,1.08730089664
1.01546430588,0.565656542778,1.33037817478,0.23273769021,1.09764051437
1.04719758034,0.565656542778,1.35589826107,0.249824643135,1.10607361794
1.0789308548,0.565656542778,1.38005328178,0.267472237349,1.11258101463
1.11066412926,0.565656542778,1.4028185606,0.285766124725,1.11705243587
1.14239740372,0.565656542778,1.42417132854,0.304913699627,1.11925768852
1.17413055897,0.565656542778,1.44409000874,0.325240403414,1.11884963512
1.20586383343,0.565656542778,1.46255469322,0.347114890814,1.11543977261
1.23759710789,0.565656542778,1.47954678535,0.370742917061,1.10880386829
1.26933038235,0.565656542778,1.49504888058,0.39593437314,1.09911453724
1.30106365681,0.565656542778,1.5090457201,0.422555685043,1.08649003506
1.33279693127,0.565656542778,1.52152323723,0.451429277658,1.07009398937
1.36453020573,0.565656542778,1.53246843815,0.482662826777,1.04980564117
1.39626336098,0.565656542778,1.54187071323,0.513381958008,1.02848875523
1.42799663544,0.565656542778,1.54972040653,0.539942383766,1.00977802277
1.4597299099,0.565656542778,1.55600965023,0.56048899889,0.99552065134
1.49146318436,0.565656542778,1.56073224545,0.574833154678,0.985899090767
1.52319645882,0.565656542778,1.56388318539,0.583458244801,0.980424940586
1.55492973328,0.565656542778,1.56545948982,0.58672618866,0.978733301163
1.58666300774,0.565656542778,1.56545948982,0.584150910378,0.981308579445
1.6183962822,0.565656542778,1.56388318539,0.573933780193,0.989949405193
1.65012955666,0.565656542778,1.56073224545,0.55402469635,1.0067075491
1.68186283112,0.565656542778,1.55600965023,0.52467417717,1.03133547306
1.71359610558,0.565656542778,1.54972040653,0.489128738642,1.06059169769
1.74532938004,0.565656542778,1.54187071323,0.451486796141,1.09038388729
1.77706253529,0.565656542778,1.53246843815,0.414679348469,1.11778903008
1.80879580975,0.565656542778,1.52152323723,0.380087763071,1.14143550396
1.84052908421,0.565656542778,1.5090457201,0.348123222589,1.16092252731
1.87226235867,0.565656542778,1.49504888058,0.318900227547,1.17614865303
1.90399563313,0.565656542778,1.47954666615,0.292569428682,1.18697726727
1.93572890759,0.565656542778,1.46255469322,0.269197285175,1.19335746765
1.96746218204,0.565656542778,1.44409000874,0.248482644558,1.19560742378
1.9991953373,0.565656542778,1.42417120934,0.229840770364,1.19433045387
2.03092861176,0.565656542778,1.4028185606,0.212808147073,1.19001042843
2.06266188622,0.565656542778,1.38005316257,0.197200596333,1.18285250664
2.09439516068,0.565656542778,1.35589826107,0.182936385274,1.17296183109
2.12612843513,0.565656542778,1.33037805557,0.169862866402,1.16051518917
2.15786170959,0.565656542778,1.30351829529,0.157740712166,1.14577758312
2.18959498405,0.565656542778,1.27534615993,0.146306857467,1.12903928757
2.22132825851,0.565656542778,1.2458896637,0.135334670544,1.11055493355
2.25306153297,0.565656542778,1.21517860889,0.124665401876,1.09051322937
2.28479480743,0.565656542778,1.18324410915,0.114212155342,1.06903195381
2.31652784348,0.565656542778,1.15011847019,0.103949695826,1.04616880417
2.34826135635,0.565656542778,1.11583411694,0.0939008742571,1.02193319798
2.3799943924,0.565656542778,1.08042681217,0.084122210741,0.996304631233
2.41172790527,0.565656542778,1.04393100739,0.0746895223856,0.969241499901
2.44346094131,0.565656542778,1.00638461113,0.0656874850392,0.940697133541
2.47519421577,0.565656542778,0.967824697495,0.0571961477399,0.910628557205
2.50692749023,0.565656542778,0.928290128708,0.0492816902697,0.879008412361
2.53866076469,0.565656542778,0.887820899487,0.0419875457883,0.845833361149
2.57039403915,0.565656542778,0.846457779408,0.0353306159377,0.811127185822
2.60212731361,0.565656542778,0.804242312908,0.0293066836894,0.774935603142
2.63386058807,0.565656542778,0.7612169981,0.0239013545215,0.737315654755
2.66559386253,0.565656542778,0.717425227165,0.0190985668451,0.698326647282
2.69732713699,0.565656542778,0.672911047935,0.0148809012026,0.658030152321
2.72906041145,0.565656542778,0.627719342709,0.0112196486443,0.616499722004
2.76079368591,0.565656542778,0.581895530224,0.00806773081422,0.573827803135
2.79252696037,0.565656542778,0.535485863686,0.0053624114953,0.530123472214
2.82426023483,0.565656542778,0.488536983728,0.00303623871878,0.485500752926
2.85599327087,0.565656542778,0.441096514463,0.00103039946407,0.440066128969
2.88772678375,0.565656542778,0.39321115613,-0.000698189251125,0.393909335136
2.91945981979,0.565656542778,0.344930648804,-0.00217698374763,0.347107619047
2.95119309425,0.565656542778,0.296302437782,-0.00341973360628,0.299722164869
2.98292636871,0.565656542778,0.247375890613,-0.00443253433332,0.251808434725
3.01465964317,0.565656542778,0.198200255632,-0.00521779805422,0.203418046236
3.04639291763,0.565656542778,0.1488250494,-0.00577729009092,0.154602333903
3.07812619209,0.565656542778,0.0992999896407,-0.00611409312114,0.10541408509
3.10985946655,0.565656542778,0.0496749356389,-0.00623333686963,0.0559082739055
3.14159274101,0.565656542778,-1.36874035661e-07,-0.00614240951836,0.00614227261394
0,0.575757563114,0,-0.0260495655239,0.0260495655239
0.0317332595587,0.575757563114,0.0499955266714,-0.0240303520113,0.0740258768201
0.0634665191174,0.575757563114,0.0999407246709,-0.0218554325402,0.121796160936
0.095199778676,0.575757563114,0.149785265326,-0.0195068642497,0.169292122126
0.126933038235,0.575757563114,0.199479013681,-0.0169638469815,0.216442853212
0.158666297793,0.575757563114,0.248971879482,-0.0142016727477,0.263173550367
0.190399557352,0.575757563114,0.29821407795,-0.0111924298108,0.309406518936
0.222132816911,0.575757563114,0.347155988216,-0.00790561083704,0.355061590672
0.253866076469,0.575757563114,0.395748317242,-0.00430892314762,0.400057226419
0.285599350929,0.575757563114,0.443942248821,-0.000368699431419,0.444310963154
0.317332595587,0.575757563114,0.491689056158,0.00394883053377,0.487740218639
0.349065840244,0.575757563114,0.538940787315,0.00867550075054,0.530265271664
0.380799114704,0.575757563114,0.585649907589,0.0138413831592,0.571808516979
0.412532389164,0.575757563114,0.631769299507,0.0194718018174,0.612297475338
0.444265633821,0.575757563114,0.677252531052,0.0255883932114,0.65166413784
0.475998878479,0.575757563114,0.72205388546,0.0322061143816,0.689847767353
0.507732152939,0.575757563114,0.766128182411,0.0393344461918,0.726793766022
0.539465427399,0.575757563114,0.809431016445,0.0469782836735,0.762452721596
0.571198701859,0.575757563114,0.851918816566,0.0551377870142,0.796781003475
0.602931916714,0.575757563114,0.893548846245,0.0638119205832,0.829736948013
0.634665191174,0.575757563114,0.934279203415,0.0729991570115,0.861280024052
0.666398465633,0.575757563114,0.974068701267,0.0827013030648,0.891367375851
0.698131680489,0.575757563114,1.01287734509,0.092924438417,0.91995292902
0.729864954948,0.575757563114,1.05066621304,0.103680059314,0.946986138821
0.761598229408,0.575757563114,1.08739721775,0.114987887442,0.972409307957
0.793331503868,0.575757563114,1.12303316593,0.126872822642,0.996160328388
0.825064778328,0.575757563114,1.157538414,0.139366149902,1.0181722641
0.856797993183,0.575757563114,1.19087803364,0.15250043571,1.03837764263
0.888531267643,0.575757563114,1.22301864624,0.166307047009,1.05671155453
0.920264542103,0.575757563114,1.25392770767,0.18080753088,1.07312011719
0.951997756958,0.575757563114,1.28357410431,0.1960054636,1.08756864071
0.983731031418,0.575757563114,1.31192815304,0.211879655719,1.10004854202
1.01546430588,0.575757563114,1.33896124363,0.228385359049,1.11057591438
1.04719758034,0.575757563114,1.36464595795,0.245478034019,1.11916792393
1.0789308548,0.575757563114,1.3889567852,0.263158351183,1.12579846382
1.11066412926,0.575757563114,1.41186904907,0.281527161598,1.13034188747
1.14239740372,0.575757563114,1.43335950375,0.300816565752,1.1325429678
1.17413055897,0.575757563114,1.45340669155,0.321380615234,1.13202607632
1.20586383343,0.575757563114,1.47199046612,0.343599766493,1.12839066982
1.23759710789,0.575757563114,1.48909211159,0.367632448673,1.12145972252
1.26933038235,0.575757563114,1.50469434261,0.3932710886,1.11142325401
1.30106365681,0.575757563114,1.51878154278,0.420657843351,1.09812366962
1.33279693127,0.575757563114,1.53133940697,0.450714528561,1.0806248188
1.36453020573,0.575757563114,1.542355299,0.482717096806,1.0596382618
1.39626336098,0.575757563114,1.5518181324,0.513312220573,1.03850591183
1.42799663544,0.575757563114,1.55971860886,0.539260566235,1.02045798302
1.4597299099,0.575757563114,1.56604838371,0.559005737305,1.00704264641
1.49146318436,0.575757563114,1.5708013773,0.572426497936,0.99837487936
1.52319645882,0.575757563114,1.57397270203,0.580098688602,0.993874013424
1.55492973328,0.575757563114,1.57555913925,0.582587897778,0.992971241474
1.58666300774,0.575757563114,1.57555913925,0.579776346684,0.995782792568
1.6183962822,0.575757563114,1.57397270203,0.570235908031,1.00373673439
1.65012955666,0.575757563114,1.5708013773,0.551638305187,1.01916313171
1.68186283112,0.575757563114,1.56604838371,0.5231808424,1.04286754131
1.71359610558,0.575757563114,1.55971860886,0.487372398376,1.07234621048
1.74532938004,0.575757563114,1.5518181324,0.448466211557,1.10335195065
1.77706253529,0.575757563114,1.542355299,0.40993848443,1.13241684437
1.80879580975,0.575757563114,1.53133940697,0.373588711023,1.15775072575
1.84052908421,0.575757563114,1.51878154278,0.340001374483,1.1787801981
1.87226235867,0.575757563114,1.50469434261,0.309313386679,1.19538092613
1.90399563313,0.575757563114,1.48909199238,0.281693249941,1.20739877224
1.93572890759,0.575757563114,1.47199046612,0.257308602333,1.21468186378
1.96746218204,0.575757563114,1.45340669155,0.235980540514,1.21742618084
1.9991953373,0.575757563114,1.43335938454,0.217127516866,1.21623182297
2.03092861176,0.575757563114,1.41186892986,0.200183719397,1.21168518066
2.06266188622,0.575757563114,1.38895666599,0.184867292643,1.20408940315
2.09439516068,0.575757563114,1.36464595795,0.171039253473,1.19360673428
2.12612843513,0.575757563114,1.33896112442,0.158503130078,1.18045794964
2.15786170959,0.575757563114,1.31192803383,0.146972313523,1.16495573521
2.18959498405,0.575757563114,1.28357410431,0.136139154434,1.14743494987
2.22132825851,0.575757563114,1.25392758846,0.125744953752,1.12818264961
2.25306153297,0.575757563114,1.22301840782,0.115613415837,1.10740494728
2.28479480743,0.575757563114,1.19087791443,0.105655215681,1.0852227211
2.31652784348,0.575757563114,1.15753853321,0.0958539545536,1.06168460846
2.34826135635,0.575757563114,1.12303304672,0.0862482115626,1.03678488731
2.3799943924,0.575757563114,1.08739721775,0.0769114717841,1.01048576832
2.41172790527,0.575757563114,1.05066597462,0.0679336264729,0.982732355595
2.44346094131,0.575757563114,1.01287746429,0.059405438602,0.953472018242
2.47519421577,0.575757563114,0.974068701267,0.0514033101499,0.922665417194
2.50692749023,0.575757563114,0.934279084206,0.0439792387187,0.890299856663
2.53866076469,0.575757563114,0.89354878664,0.0371576361358,0.856391131878
2.57039403915,0.575757563114,0.851918756962,0.0309425406158,0.82097619772
2.60212731361,0.575757563114,0.809430956841,0.0253296457231,0.784101307392
2.63386058807,0.575757563114,0.766128063202,0.0203133895993,0.745814681053
2.66559386253,0.575757563114,0.722053766251,0.0158844515681,0.706169307232
2.69732713699,0.575757563114,0.677252411842,0.012016557157,0.665235877037
2.72906041145,0.575757563114,0.631769120693,0.00866197422147,0.623107135296
2.76079368591,0.575757563114,0.58564966917,0.00575721310452,0.579892456532
2.79252696037,0.575757563114,0.538940608501,0.00323745282367,0.53570318222
2.82426023483,0.575757563114,0.491688817739,0.00104871904477,0.490640103817
2.85599327087,0.575757563114,0.443942278624,-0.000846499577165,0.444788783789
2.88772678375,0.575757563114,0.395747989416,-0.00246992101893,0.398217916489
2.91945981979,0.575757563114,0.347156018019,-0.00383212743327,0.350988149643
2.95119309425,0.575757563114,0.29821407795,-0.00493771350011,0.303151786327
2.98292636871,0.575757563114,0.248971864581,-0.00578968878835,0.25476154685
3.01465964317,0.575757563114,0.199478968978,-0.00639132224023,0.20587028563
3.04639291763,0.575757563114,0.149785205722,-0.00674760248512,0.156532809138
3.07812619209,0.575757563114,0.0999406278133,-0.00686631118879,0.10680694133
3.10985946655,0.575757563114,0.0499954149127,-0.0067572472617,0.0567526631057
3.14159274101,0.575757563114,-1.37757098173e-07,-0.00643226038665,0.0064321225509
0,0.58585858345,0,-0.0261176954955,0.0261176954955
0.0317332595587,0.58585858345,0.0503160133958,-0.0241572409868,0.0744732543826
0.0634665191174,0.58585858345,0.100581377745,-0.0220503490418,0.122631728649
0.095199778676,0.58585858345,0.150745436549,-0.0197818651795,0.170527309179
0.126933038235,0.58585858345,0.200757741928,-0.0173330176622,0.218090757728
0.158666297793,0.58585858345,0.250567853451,-0.0146815832704,0.265249431133
0.190399557352,0.58585858345,0.300125718117,-0.0118016665801,0.311927378178
0.222132816911,0.58585858345,0.349381357431,-0.0086639970541,0.358045339584
0.253866076469,0.58585858345,0.39828518033,-0.00523651996627,0.403521686792
0.285599350929,0.58585858345,0.446788042784,-0.00148491328582,0.448272943497
0.317332595587,0.58585858345,0.494840919971,0.00262596504763,0.492214947939
0.349065840244,0.58585858345,0.542395532131,0.00713092787191,0.535264611244
0.380799114704,0.58585858345,0.58940410614,0.0120631493628,0.577340960503
0.412532389164,0.58585858345,0.635819137096,0.0174538679421,0.618365287781
0.444265633821,0.58585858345,0.681593954563,0.023328922689,0.658265054226
0.475998878479,0.58585858345,0.72668248415,0.0297100879252,0.696972370148
0.507732152939,0.58585858345,0.771039307117,0.0366126932204,0.734426617622
0.539465427399,0.58585858345,0.814619719982,0.0440464094281,0.770573318005
0.571198701859,0.58585858345,0.85737991333,0.0520155057311,0.805364429951
0.602931916714,0.58585858345,0.899276793003,0.0605213493109,0.838755428791
0.634665191174,0.58585858345,0.940268158913,0.0695634186268,0.870704770088
0.666398465633,0.58585858345,0.980312764645,0.0791422128677,0.901170551777
0.698131680489,0.58585858345,1.01937019825,0.0892615392804,0.93010866642
0.729864954948,0.58585858345,1.05740129948,0.0999304056168,0.95747089386
0.761598229408,0.58585858345,1.09436774254,0.111164234579,0.983203530312
0.793331503868,0.58585858345,1.13023221493,0.122984774411,1.00724744797
0.825064778328,0.58585858345,1.16495859623,0.135420575738,1.02953803539
0.856797993183,0.58585858345,1.19851195812,0.148503676057,1.05000829697
0.888531267643,0.58585858345,1.23085856438,0.162266284227,1.06859230995
0.920264542103,0.58585858345,1.26196575165,0.176733464003,1.08523225784
0.951997756958,0.58585858345,1.29180216789,0.191914275289,1.0998878479
0.983731031418,0.58585858345,1.32033801079,0.207792535424,1.11254549026
1.01546430588,0.58585858345,1.34754431248,0.224326178432,1.12321817875
1.04719758034,0.58585858345,1.37339377403,0.241471514106,1.13192224503
1.0789308548,0.58585858345,1.39786040783,0.259231925011,1.13862848282
1.11066412926,0.58585858345,1.42091953754,0.277716428041,1.14320313931
1.14239740372,0.58585858345,1.44254779816,0.297175228596,1.14537262917
1.17413055897,0.58585858345,1.46272349358,0.317986279726,1.14473724365
1.20586383343,0.58585858345,1.48142635822,0.340534180403,1.14089214802
1.23759710789,0.58585858345,1.49863767624,0.364943385124,1.13369429111
1.26933038235,0.58585858345,1.51433992386,0.391097635031,1.12324225903
1.30106365681,0.58585858345,1.52851736546,0.419507294893,1.10901010036
1.33279693127,0.58585858345,1.54115581512,0.450880050659,1.09027576447
1.36453020573,0.58585858345,1.55224227905,0.483427464962,1.06881475449
1.39626336098,0.58585858345,1.56176578999,0.51361656189,1.0481492281
1.42799663544,0.58585858345,1.56971681118,0.538856506348,1.03086030483
1.4597299099,0.58585858345,1.5760872364,0.557877838612,1.0182094574
1.49146318436,0.58585858345,1.58087074757,0.570484101772,1.0103867054
1.52319645882,0.58585858345,1.58406233788,0.577260434628,1.00680184364
1.55492973328,0.58585858345,1.58565890789,0.578950643539,1.00670826435
1.58666300774,0.58585858345,1.58565890789,0.575764715672,1.00989413261
1.6183962822,0.58585858345,1.58406233788,0.566692471504,1.01736986637
1.65012955666,0.58585858345,1.58087074757,0.549405992031,1.03146481514
1.68186283112,0.58585858345,1.5760872364,0.522181034088,1.05390620232
1.71359610558,0.58585858345,1.56971681118,0.486513644457,1.08320319653
1.74532938004,0.58585858345,1.56176578999,0.446556329727,1.11520946026
1.77706253529,0.58585858345,1.55224227905,0.406317085028,1.14592516422
1.80879580975,0.58585858345,1.54115581512,0.36811119318,1.17304468155
1.84052908421,0.58585858345,1.52851736546,0.332776635885,1.19574069977
1.87226235867,0.58585858345,1.51433992386,0.300503343344,1.21383655071
1.90399563313,0.58585858345,1.49863755703,0.27146807313,1.2271695137
1.93572890759,0.58585858345,1.48142635822,0.245927721262,1.23549866676
1.96746218204,0.58585858345,1.46272349358,0.223849356174,1.23887419701
1.9991953373,0.58585858345,1.44254767895,0.204695552588,1.23785209656
2.03092861176,0.58585858345,1.42091941833,0.187800362706,1.23311901093
2.06266188622,0.58585858345,1.39786028862,0.172760352492,1.22509992123
2.09439516068,0.58585858345,1.37339377403,0.159359887242,1.21403384209
2.12612843513,0.58585858345,1.34754431248,0.147348508239,1.20019578934
2.15786170959,0.58585858345,1.32033789158,0.136390164495,1.18394768238
2.18959498405,0.58585858345,1.29180216789,0.126133829355,1.16566836834
2.22132825851,0.58585858345,1.26196563244,0.116291277111,1.14567434788
2.25306153297,0.58585858345,1.23085832596,0.10667476058,1.12418353558
2.28479480743,0.58585858345,1.1985117197,0.0971973612905,1.10131430626
2.31652784348,0.58585858345,1.16495871544,0.0878558605909,1.07710289955
2.34826135635,0.58585858345,1.13023197651,0.0787055268884,1.05152642727
2.3799943924,0.58585858345,1.09436774254,0.0698339492083,1.02453374863
2.41172790527,0.58585858345,1.05740106106,0.0613376423717,0.996063411236
2.44346094131,0.58585858345,1.01937031746,0.0533017814159,0.966068506241
2.47519421577,0.58585858345,0.980312764645,0.0457876324654,0.934525132179
2.50692749023,0.58585858345,0.940268099308,0.0388288348913,0.901439249516
2.53866076469,0.58585858345,0.899276673794,0.0324406251311,0.866836071014
2.57039403915,0.58585858345,0.857379794121,0.0266313403845,0.830748438835
2.60212731361,0.58585858345,0.814619660378,0.0214088242501,0.793210864067
2.63386058807,0.58585858345,0.771039128304,0.0167718455195,0.754267275333
2.66559386253,0.58585858345,0.726682364941,0.0126971192658,0.713985264301
2.69732713699,0.58585858345,0.681593775749,0.00913667678833,0.672457098961
2.72906041145,0.58585858345,0.635818958282,0.00602831644937,0.629790663719
2.76079368591,0.58585858345,0.589403867722,0.00331084011123,0.586093008518
2.79252696037,0.58585858345,0.542395353317,0.000936716329306,0.541458666325
2.82426023483,0.58585858345,0.494840681553,-0.00112493569031,0.495965629816
2.85599327087,0.58585858345,0.446788102388,-0.0028905402869,0.449678629637
2.88772678375,0.58585858345,0.398284852505,-0.00436857016757,0.402653425932
2.91945981979,0.58585858345,0.349381387234,-0.00556219182909,0.354943573475
2.95119309425,0.58585858345,0.300125718117,-0.00647524977103,0.306600958109
2.98292636871,0.58585858345,0.250567853451,-0.00711274053901,0.257680594921
3.01465964317,0.58585858345,0.200757682323,-0.00748239271343,0.2082400769
3.04639291763,0.58585858345,0.150745376945,-0.00759398192167,0.158339351416
3.07812619209,0.58585858345,0.100581280887,-0.00746073434129,0.108042016625
3.10985946655,0.58585858345,0.0503159016371,-0.00709619559348,0.0574120953679
3.14159274101,0.58585858345,-1.38640160685e-07,-0.00651629082859,0.00651615206152
0,0.595959603786,0,-0.0261301640421,0.0261301640421
0.0317332595587,0.595959603786,0.0506365001202,-0.0242206454277,0.0748571455479
0.0634665191174,0.595959603786,0.101222023368,-0.0221722871065,0.123394310474
0.095199778676,0.595959603786,0.151705607772,-0.0199720542878,0.171677663922
0.126933038235,0.595959603786,0.202036455274,-0.017604123801,0.2196405828
0.158666297793,0.595959603786,0.252163857222,-0.0150486771017,0.267212539911
0.190399557352,0.595959603786,0.302037358284,-0.0122822280973,0.314319580793
0.222132816911,0.595959603786,0.351606726646,-0.00927723757923,0.360883951187
0.253866076469,0.595959603786,0.400822043419,-0.00600305292755,0.406825095415
0.285599350929,0.595959603786,0.449633836746,-0.00242570973933,0.452059537172
0.317332595587,0.595959603786,0.497992783785,0.00149088678882,0.496501892805
0.349065840244,0.595959603786,0.545850336552,0.00578340003267,0.540066957474
0.380799114704,0.595959603786,0.593158304691,0.0104885492474,0.582669734955
0.412532389164,0.595959603786,0.639868974686,0.0156410429627,0.624227941036
0.444265633821,0.595959603786,0.68593531847,0.0212729107589,0.66466242075
0.475998878479,0.595959603786,0.73131108284,0.0274114236236,0.703899681568
0.507732152939,0.595959603786,0.775950431824,0.0340783633292,0.74187207222
0.539465427399,0.595959603786,0.819808423519,0.0412895232439,0.778518915176
0.571198701859,0.595959603786,0.862840950489,0.0490546934307,0.813786268234
0.602931916714,0.595959603786,0.905004680157,0.0573786646128,0.847626030445
0.634665191174,0.595959603786,0.946257174015,0.0662630572915,0.879994094372
0.666398465633,0.595959603786,0.986556828022,0.0757088437676,0.910847961903
0.698131680489,0.595959603786,1.02586305141,0.0857178866863,0.940145134926
0.729864954948,0.595959603786,1.06413638592,0.0962968915701,0.967839479446
0.761598229408,0.595959603786,1.10133826733,0.107457719743,0.993880569935
0.793331503868,0.595959603786,1.13743114471,0.119218654931,1.01821243763
0.825064778328,0.595959603786,1.17237877846,0.131605610251,1.04077315331
0.856797993183,0.595959603786,1.20614588261,0.144649222493,1.06149661541
0.888531267643,0.595959603786,1.23869848251,0.15838342905,1.08031511307
0.920264542103,0.595959603786,1.27000379562,0.172837823629,1.09716594219
0.951997756958,0.595959603786,1.30003035069,0.188028305769,1.11200201511
0.983731031418,0.595959603786,1.32874786854,0.203944221139,1.1248036623
1.01546430588,0.595959603786,1.35612750053,0.220546841621,1.13558065891
1.04719758034,0.595959603786,1.38214159012,0.237790822983,1.14435076714
1.0789308548,0.595959603786,1.40676403046,0.255676805973,1.15108728409
1.11066412926,0.595959603786,1.42997002602,0.274317473173,1.15565252304
1.14239740372,0.595959603786,1.45173597336,0.293977111578,1.15775883198
1.17413055897,0.595959603786,1.47204017639,0.315054744482,1.15698540211
1.20586383343,0.595959603786,1.49086225033,0.337936580181,1.15292572975
1.23759710789,0.595959603786,1.50818324089,0.362739980221,1.14544320107
1.26933038235,0.595959603786,1.52398538589,0.389554172754,1.13443124294
1.30106365681,0.595959603786,1.53825318813,0.419240266085,1.11901295185
1.33279693127,0.595959603786,1.55097210407,0.451924800873,1.0990473032
1.36453020573,0.595959603786,1.56212925911,0.48475676775,1.07737255096
1.39626336098,0.595959603786,1.57171344757,0.514305174351,1.05740833282
1.42799663544,0.595959603786,1.57971513271,0.538709700108,1.041005373
1.4597299099,0.595959603786,1.5861260891,0.557041287422,1.02908480167
1.49146318436,0.595959603786,1.59093999863,0.568967700005,1.02197229862
1.52319645882,0.595959603786,1.59415197372,0.574952125549,1.01919984818
1.55492973328,0.595959603786,1.59575879574,0.57586222887,1.01989650726
1.58666300774,0.595959603786,1.59575879574,0.572197914124,1.02356088161
1.6183962822,0.595959603786,1.59415197372,0.563364982605,1.03078699112
1.65012955666,0.595959603786,1.59093999863,0.547264873981,1.04367518425
1.68186283112,0.595959603786,1.5861260891,0.521516621113,1.06460952759
1.71359610558,0.595959603786,1.57971513271,0.486427694559,1.09328746796
1.74532938004,0.595959603786,1.57171344757,0.445715904236,1.12599754333
1.77706253529,0.595959603786,1.56212925911,0.403829753399,1.15829944611
1.80879580975,0.595959603786,1.55097210407,0.363685816526,1.18728625774
1.84052908421,0.595959603786,1.53825318813,0.326474606991,1.21177864075
1.87226235867,0.595959603786,1.52398538589,0.292489230633,1.23149609566
1.90399563313,0.595959603786,1.50818312168,0.261913388968,1.24626970291
1.93572890759,0.595959603786,1.49086225033,0.235076695681,1.25578558445
1.96746218204,0.595959603786,1.47204017639,0.212108150125,1.25993204117
1.9991953373,0.595959603786,1.45173597336,0.192556738853,1.2591792345
2.03092861176,0.595959603786,1.42996990681,0.175667569041,1.25430238247
2.06266188622,0.595959603786,1.40676391125,0.160890460014,1.24587345123
2.09439516068,0.595959603786,1.38214159012,0.147907063365,1.23423457146
2.12612843513,0.595959603786,1.35612738132,0.136403933167,1.21972346306
2.15786170959,0.595959603786,1.32874774933,0.125994071364,1.20275366306
2.18959498405,0.595959603786,1.30003035069,0.116286471486,1.1837438345
2.22132825851,0.595959603786,1.27000367641,0.106969259679,1.16303443909
2.25306153297,0.595959603786,1.23869824409,0.0978484526277,1.14084982872
2.28479480743,0.595959603786,1.20614564419,0.0888452976942,1.1173003912
2.31652784348,0.595959603786,1.17237889767,0.0799711421132,1.0924077034
2.34826135635,0.595959603786,1.1374309063,0.0712943896651,1.06613647938
2.3799943924,0.595959603786,1.10133826733,0.0629085749388,1.03842973709
2.41172790527,0.595959603786,1.0641361475,0.0549036338925,1.00923252106
2.44346094131,0.595959603786,1.02586317062,0.0473493486643,0.978513836861
2.47519421577,0.595959603786,0.986556828022,0.0402900576591,0.946266770363
2.50692749023,0.595959603786,0.94625711441,0.0337543822825,0.912502706051
2.53866076469,0.595959603786,0.905004620552,0.0277672931552,0.877237319946
2.57039403915,0.595959603786,0.862840890884,0.0223517343402,0.840489149094
2.60212731361,0.595959603786,0.819808363914,0.017515251413,0.802293121815
2.63386058807,0.595959603786,0.77595025301,0.0132381543517,0.76271212101
2.66559386253,0.595959603786,0.731310904026,0.00947243347764,0.721838474274
2.69732713699,0.595959603786,0.685935199261,0.00615897355601,0.679776251316
2.72906041145,0.595959603786,0.639868795872,0.00324259838089,0.636626183987
2.76079368591,0.595959603786,0.593158066273,0.000683270394802,0.59247481823
2.79252696037,0.595959603786,0.545850157738,-0.0015431153588,0.547393262386
2.82426023483,0.595959603786,0.497992545366,-0.00344804371707,0.50144058466
2.85599327087,0.595959603786,0.449633896351,-0.00503713171929,0.454671025276
2.88772678375,0.595959603786,0.400821715593,-0.00631327927113,0.407135009766
2.91945981979,0.595959603786,0.351606756449,-0.00728170154616,0.358888447285
2.95119309425,0.595959603786,0.302037358284,-0.00794900301844,0.309986352921
2.98292636871,0.595959603786,0.252163827419,-0.0083254724741,0.260489284992
3.01465964317,0.595959603786,0.20203641057,-0.00842422433197,0.210460633039
3.04639291763,0.595959603786,0.151705548167,-0.0082600293681,0.159965574741
3.07812619209,0.595959603786,0.10122192651,-0.00784992054105,0.109071850777
3.10985946655,0.595959603786,0.0506363883615,-0.00721157900989,0.057847969234
3.14159274101,0.595959603786,-1.39523223197e-07,-0.00636345893145,0.00636331923306
0,0.606060624123,0,-0.0260936021805,0.0260936021805
0.0317332595587,0.606060624123,0.0509569831192,-0.0242293253541,0.0751863121986
0.0634665191174,0.606060624123,0.101862668991,-0.0222312919796,0.124093964696
0.095199778676,0.606060624123,0.152665764093,-0.0200893841684,0.172755151987
0.126933038235,0.606060624123,0.203315153718,-0.017789836973,0.221104994416
0.158666297793,0.606060624123,0.253759801388,-0.0153158288449,0.269075632095
0.190399557352,0.606060624123,0.303948968649,-0.0126466769725,0.316595643759
0.222132816911,0.606060624123,0.353832095861,-0.00975779257715,0.363589882851
0.253866076469,0.606060624123,0.403358876705,-0.00661981943995,0.409978687763
0.285599350929,0.606060624123,0.452479630709,-0.00320013565943,0.455679774284
0.317332595587,0.606060624123,0.501144647598,0.000537234824151,0.500607430935
0.349065840244,0.606060624123,0.549305081367,0.00462996633723,0.544675111771
0.380799114704,0.606060624123,0.596912443638,0.00911723822355,0.587795197964
0.412532389164,0.606060624123,0.64391875267,0.0140375029296,0.629881262779
0.444265633821,0.606060624123,0.690276682377,0.0194271355867,0.670849561691
0.475998878479,0.606060624123,0.735939562321,0.0253196544945,0.710619926453
0.507732152939,0.606060624123,0.780861437321,0.031743388623,0.749118030071
0.539465427399,0.606060624123,0.824997067451,0.0387212224305,0.786275863647
0.571198701859,0.606060624123,0.868301928043,0.0462689064443,0.822033047676
0.602931916714,0.606060624123,0.910732507706,0.0543967485428,0.856335759163
0.634665191174,0.606060624123,0.952246129513,0.0631097257137,0.889136433601
0.666398465633,0.606060624123,0.992800831795,0.0724103450775,0.920390486717
0.698131680489,0.606060624123,1.03235578537,0.0823004990816,0.950055301189
0.729864954948,0.606060624123,1.07087135315,0.0927843824029,0.978086948395
0.761598229408,0.606060624123,1.10830879211,0.103870779276,1.00443804264
0.793331503868,0.606060624123,1.1446300745,0.115574687719,1.02905535698
0.825064778328,0.606060624123,1.17979884148,0.127918809652,1.05188000202
0.856797993183,0.606060624123,1.21377968788,0.140933007002,1.07284665108
0.888531267643,0.606060624123,1.24653828144,0.154652684927,1.09188556671
0.920264542103,0.606060624123,1.27804172039,0.169113054872,1.10892868042
0.951997756958,0.606060624123,1.30825829506,0.184337317944,1.12392091751
0.983731031418,0.606060624123,1.33715760708,0.200323238969,1.13683438301
1.01546430588,0.606060624123,1.36471056938,0.217034265399,1.14767634869
1.04719758034,0.606060624123,1.39088928699,0.23442029953,1.15646898746
1.0789308548,0.606060624123,1.41566753387,0.252476066351,1.16319143772
1.11066412926,0.606060624123,1.43902039528,0.271313011646,1.16770744324
1.14239740372,0.606060624123,1.46092414856,0.291209191084,1.16971492767
1.17413055897,0.606060624123,1.48135685921,0.312585920095,1.16877090931
1.20586383343,0.606060624123,1.50029802322,0.335833102465,1.16446495056
1.23759710789,0.606060624123,1.51772856712,0.361103147268,1.15662539005
1.26933038235,0.606060624123,1.53363084793,0.388792067766,1.14483880997
1.30106365681,0.606060624123,1.5479888916,0.41995164752,1.12803721428
1.33279693127,0.606060624123,1.56078827381,0.453791767359,1.10699653625
1.36453020573,0.606060624123,1.57201611996,0.48663648963,1.08537960052
1.39626336098,0.606060624123,1.58166086674,0.515396177769,1.06626462936
1.42799663544,0.606060624123,1.58971321583,0.53885281086,1.05086040497
1.4597299099,0.606060624123,1.59616482258,0.556462705135,1.03970217705
1.49146318436,0.606060624123,1.60100924969,0.567826747894,1.03318250179
1.52319645882,0.606060624123,1.60424149036,0.573170363903,1.03107118607
1.55492973328,0.606060624123,1.60585844517,0.573366761208,1.03249168396
1.58666300774,0.606060624123,1.60585844517,0.569160044193,1.03669834137
1.6183962822,0.606060624123,1.60424149036,0.560345172882,1.04389631748
1.65012955666,0.606060624123,1.60100924969,0.545202851295,1.05580639839
1.68186283112,0.606060624123,1.59616482258,0.521037101746,1.07512772083
1.71359610558,0.606060624123,1.58971321583,0.486953675747,1.10275959969
1.74532938004,0.606060624123,1.58166086674,0.445865273476,1.13579559326
1.77706253529,0.606060624123,1.57201611996,0.402469187975,1.16954696178
1.80879580975,0.606060624123,1.56078827381,0.36033514142,1.20045316219
1.84052908421,0.606060624123,1.5479888916,0.321119457483,1.22686946392
1.87226235867,0.606060624123,1.53363084793,0.285289227962,1.24834156036
1.90399563313,0.606060624123,1.51772856712,0.253047674894,1.26468086243
1.93572890759,0.606060624123,1.50029802322,0.224778860807,1.27551913261
1.96746218204,0.606060624123,1.48135685921,0.200778394938,1.28057849407
1.9991953373,0.606060624123,1.46092402935,0.180725648999,1.28019833565
2.03092861176,0.606060624123,1.43902027607,0.163796514273,1.27522373199
2.06266188622,0.606060624123,1.41566753387,0.149267762899,1.26639974117
2.09439516068,0.606060624123,1.39088928699,0.136689350009,1.25419998169
2.12612843513,0.606060624123,1.36471045017,0.125672787428,1.23903763294
2.15786170959,0.606060624123,1.33715748787,0.115782186389,1.22137534618
2.18959498405,0.606060624123,1.30825829506,0.106592833996,1.20166540146
2.22132825851,0.606060624123,1.27804160118,0.0977761074901,1.18026554585
2.25306153297,0.606060624123,1.24653804302,0.0891382843256,1.1573997736
2.28479480743,0.606060624123,1.21377944946,0.080610089004,1.13316941261
2.31652784348,0.606060624123,1.17979896069,0.0722141489387,1.1075848341
2.34826135635,0.606060624123,1.14462983608,0.0640232935548,1.08060657978
2.3799943924,0.606060624123,1.10830879211,0.0561233535409,1.05218541622
2.41172790527,0.606060624123,1.07087123394,0.048588886857,1.02228236198
2.44346094131,0.606060624123,1.03235590458,0.0414751395583,0.990880787373
2.47519421577,0.606060624123,0.992800831795,0.0348275452852,0.957973301411
2.50692749023,0.606060624123,0.952246069908,0.0286903083324,0.923555731773
2.53866076469,0.606060624123,0.910732448101,0.0231028981507,0.887629568577
2.57039403915,0.606060624123,0.868301868439,0.0180823355913,0.850219547749
2.60212731361,0.606060624123,0.824997007847,0.0136122144759,0.811384797096
2.63386058807,0.606060624123,0.780861318111,0.00964671932161,0.771214604378
2.66559386253,0.606060624123,0.735939443111,0.00613085413352,0.729808568954
2.69732713699,0.606060624123,0.690276563168,0.00301764672622,0.687258899212
2.72906041145,0.606060624123,0.643918573856,0.000275618862361,0.643642961979
2.76079368591,0.606060624123,0.596912205219,-0.00211192388088,0.599024116993
2.79252696037,0.606060624123,0.549304842949,-0.00415117200464,0.553456008434
2.82426023483,0.606060624123,0.50114440918,-0.00584601657465,0.506990432739
2.85599327087,0.606060624123,0.452479660511,-0.00719947833568,0.45967912674
2.88772678375,0.606060624123,0.40335854888,-0.00821724813432,0.41157579422
2.91945981979,0.606060624123,0.353832095861,-0.00890819355845,0.362740278244
2.95119309425,0.606060624123,0.303948968649,-0.00928543508053,0.313234388828
2.98292636871,0.606060624123,0.253759801388,-0.00936476327479,0.263124555349
3.01465964317,0.606060624123,0.203315109015,-0.00916375219822,0.212478861213
3.04639291763,0.606060624123,0.152665704489,-0.0087016960606,0.161367401481
3.07812619209,0.606060624123,0.101862572134,-0.00799913704395,0.109861709177
3.10985946655,0.606060624123,0.0509568676353,-0.00707613723353,0.0580330044031
3.14159274101,0.606060624123,-1.40406285709e-07,-0.0059532308951,0.00595309026539
0,0.616161584854,0,-0.026014521718,0.026014521718
0.0317332595587,0.616161584854,0.0512774661183,-0.0241911206394,0.0754685848951
0.0634665191174,0.616161584854,0.102503307164,-0.0222373437136,0.12474065274
0.095199778676,0.616161584854,0.153625920415,-0.0201450437307,0.173770964146
0.126933038235,0.616161584854,0.204593867064,-0.0179030317813,0.222496896982
0.158666297793,0.616161584854,0.255355775356,-0.0154970195144,0.270852804184
0.190399557352,0.616161584854,0.305860579014,-0.0129100065678,0.318770587444
0.222132816911,0.616161584854,0.356057435274,-0.010119671002,0.366177111864
0.253866076469,0.616161584854,0.405895739794,-0.00710002379492,0.412995755672
0.285599350929,0.616161584854,0.455325394869,-0.00381978577934,0.459145188332
0.317332595587,0.616161584854,0.504296481609,-0.000244546215981,0.504541039467
0.349065840244,0.616161584854,0.552759766579,0.00366409914568,0.54909569025
0.380799114704,0.616161584854,0.600666582584,0.00794616527855,0.592720389366
0.412532389164,0.616161584854,0.647968530655,0.0126432757825,0.63532525301
0.444265633821,0.616161584854,0.694618046284,0.0177958030254,0.676822245121
0.475998878479,0.616161584854,0.740568101406,0.0234425403178,0.717125535011
0.507732152939,0.616161584854,0.785772502422,0.0296186693013,0.756153821945
0.539465427399,0.616161584854,0.830185711384,0.0363538041711,0.793831884861
0.571198701859,0.616161584854,0.873762965202,0.0436718538404,0.830091118813
0.602931916714,0.616161584854,0.916460394859,0.051588986069,0.864871382713
0.634665191174,0.616161584854,0.958235085011,0.060115903616,0.898119211197
0.666398465633,0.616161584854,0.999044835567,0.0692578107119,0.929787039757
0.698131680489,0.616161584854,1.03884863853,0.0790176615119,0.959830999374
0.729864954948,0.616161584854,1.07760643959,0.0893986746669,0.988207757473
0.761598229408,0.616161584854,1.11527919769,0.1004069224,1.01487231255
0.793331503868,0.616161584854,1.15182888508,0.112053990364,1.03977489471
0.825064778328,0.616161584854,1.1872189045,0.124359510839,1.06285941601
0.856797993183,0.616161584854,1.22141349316,0.13735203445,1.08406150341
0.888531267643,0.616161584854,1.25437808037,0.151068806648,1.10330927372
0.920264542103,0.616161584854,1.28607964516,0.165550991893,1.12052869797
0.951997756958,0.616161584854,1.31648623943,0.180831849575,1.13565444946
0.983731031418,0.616161584854,1.34556734562,0.196917757392,1.14864957333
1.01546430588,0.616161584854,1.37329363823,0.213774293661,1.15951931477
1.04719758034,0.616161584854,1.39963698387,0.23134469986,1.16829228401
1.0789308548,0.616161584854,1.4245711565,0.24961233139,1.17495882511
1.11066412926,0.616161584854,1.44807076454,0.268686294556,1.17938446999
1.14239740372,0.616161584854,1.47011232376,0.288860410452,1.18125188351
1.17413055897,0.616161584854,1.49067354202,0.310582965612,1.18009054661
1.20586383343,0.616161584854,1.50973379612,0.334254950285,1.17547881603
1.23759710789,0.616161584854,1.52727401257,0.360125184059,1.16714882851
1.26933038235,0.616161584854,1.54327630997,0.388950020075,1.15432631969
1.30106365681,0.616161584854,1.55772471428,0.421675682068,1.13604903221
1.33279693127,0.616161584854,1.57060456276,0.45638692379,1.11421763897
1.36453020573,0.616161584854,1.5819028616,0.488984763622,1.09291815758
1.39626336098,0.616161584854,1.59160840511,0.516888558865,1.07471990585
1.42799663544,0.616161584854,1.59971141815,0.539348304272,1.06036305428
1.4597299099,0.616161584854,1.60620343685,0.556159257889,1.05004417896
1.49146318436,0.616161584854,1.61107838154,0.567016482353,1.04406189919
1.52319645882,0.616161584854,1.614331007,0.571892440319,1.04243850708
1.55492973328,0.616161584854,1.6159580946,0.571497261524,1.04446077347
1.58666300774,0.616161584854,1.6159580946,0.566729843616,1.04922819138
1.6183962822,0.616161584854,1.614331007,0.557739555836,1.05659151077
1.65012955666,0.616161584854,1.61107838154,0.543260335922,1.06781804562
1.68186283112,0.616161584854,1.60620343685,0.520623207092,1.08558022976
1.71359610558,0.616161584854,1.59971141815,0.487905263901,1.11180615425
1.74532938004,0.616161584854,1.59160840511,0.446883827448,1.14472460747
1.77706253529,0.616161584854,1.5819028616,0.402201354504,1.1797015667
1.80879580975,0.616161584854,1.57060456276,0.358072578907,1.21253204346
1.84052908421,0.616161584854,1.55772471428,0.316735088825,1.24098968506
1.87226235867,0.616161584854,1.54327630997,0.278922766447,1.26435351372
1.90399563313,0.616161584854,1.52727389336,0.244890809059,1.2823830843
1.93572890759,0.616161584854,1.50973379612,0.215060517192,1.29467332363
1.96746218204,0.616161584854,1.49067354202,0.189888194203,1.30078530312
1.9991953373,0.616161584854,1.47011220455,0.169222682714,1.30088949203
2.03092861176,0.616161584854,1.44807076454,0.152200818062,1.29586994648
2.06266188622,0.616161584854,1.42457103729,0.137902438641,1.28666853905
2.09439516068,0.616161584854,1.39963698387,0.125712513924,1.27392446995
2.12612843513,0.616161584854,1.37329351902,0.115155756474,1.25813770294
2.15786170959,0.616161584854,1.34556734562,0.105750724673,1.23981666565
2.18959498405,0.616161584854,1.31648623943,0.0970481112599,1.21943807602
2.22132825851,0.616161584854,1.28607964516,0.0887109264731,1.19736874104
2.25306153297,0.616161584854,1.25437796116,0.0805475637317,1.17383038998
2.28479480743,0.616161584854,1.22141325474,0.0724956691265,1.14891755581
2.31652784348,0.616161584854,1.1872190237,0.0645794197917,1.12263965607
2.34826135635,0.616161584854,1.15182876587,0.0568628683686,1.09496593475
2.3799943924,0.616161584854,1.11527919769,0.0494169816375,1.0658621788
2.41172790527,0.616161584854,1.07760620117,0.0423055738211,1.03530061245
2.44346094131,0.616161584854,1.03884863853,0.0355924554169,1.00325620174
2.47519421577,0.616161584854,0.999044835567,0.0293431654572,0.969701647758
2.50692749023,0.616161584854,0.958234965801,0.0236153230071,0.934619665146
2.53866076469,0.616161584854,0.91646027565,0.0184348076582,0.898025453091
2.57039403915,0.616161584854,0.873762845993,0.0137883089483,0.859974563122
2.60212731361,0.616161584854,0.830185592175,0.00963387452066,0.820551693439
2.63386058807,0.616161584854,0.785772383213,0.0059233638458,0.779848992825
2.66559386253,0.616161584854,0.740567982197,0.00261934800074,0.737948656082
2.69732713699,0.616161584854,0.69461786747,-0.000299625098705,0.694917500019
2.72906041145,0.616161584854,0.647968351841,-0.00284233712591,0.650810718536
2.76079368591,0.616161584854,0.600666344166,-0.00501069193706,0.605677008629
2.79252696037,0.616161584854,0.552759587765,-0.00680548604578,0.559565067291
2.82426023483,0.616161584854,0.504296243191,-0.00822970923036,0.512525975704
2.85599327087,0.616161584854,0.455325424671,-0.00929060112685,0.464616030455
2.88772678375,0.616161584854,0.405895382166,-0.00999959092587,0.415894985199
2.91945981979,0.616161584854,0.356057465076,-0.0103717036545,0.366429179907
2.95119309425,0.616161584854,0.305860579014,-0.0104254418984,0.316286027431
2.98292636871,0.616161584854,0.255355745554,-0.0101815350354,0.265537291765
3.01465964317,0.616161584854,0.20459382236,-0.00966163259,0.214255452156
3.04639291763,0.616161584854,0.15362586081,-0.00888827070594,0.162514135242
3.07812619209,0.616161584854,0.102503210306,-0.00788454897702,0.110387757421
3.10985946655,0.616161584854,0.0512773506343,-0.00667249411345,0.0579498447478
3.14159274101,0.616161584854,-1.4128933401e-07,-0.00527421664447,0.0052740755491
0,0.626262664795,0,-0.0258982405066,0.0258982405066
0.0317332595587,0.626262664795,0.0515979528427,-0.0241127796471,0.0757107287645
0.0634665191174,0.626262664795,0.103143960238,-0.0221990887076,0.125343054533
0.095199778676,0.626262664795,0.154586091638,-0.0201497487724,0.174735844135
0.126933038235,0.626262664795,0.205872580409,-0.0179562252015,0.223828807473
0.158666297793,0.626262664795,0.256951779127,-0.0156067945063,0.272558569908
0.190399557352,0.626262664795,0.307772219181,-0.0130874030292,0.320859611034
0.222132816911,0.626262664795,0.358282804489,-0.0103791169822,0.368661910295
0.253866076469,0.626262664795,0.408432602882,-0.00745915062726,0.415891766548
0.285599350929,0.626262664795,0.458171188831,-0.00429947348312,0.462470650673
0.317332595587,0.626262664795,0.50744831562,-0.000866929069161,0.508315265179
0.349065840244,0.626262664795,0.556214570999,0.00287563493475,0.553338944912
0.380799114704,0.626262664795,0.604420781136,0.00696863653138,0.597452163696
0.412532389164,0.626262664795,0.652018368244,0.0114553514868,0.640563011169
0.444265633821,0.626262664795,0.698959410191,0.0163793880492,0.682579994202
0.475998878479,0.626262664795,0.745196700096,0.0217848010361,0.723411917686
0.507732152939,0.626262664795,0.790683627129,0.027712315321,0.762971282005
0.539465427399,0.626262664795,0.835374414921,0.0341991148889,0.801175296307
0.571198701859,0.626262664795,0.879224002361,0.0412768013775,0.837947189808
0.602931916714,0.626262664795,0.922188282013,0.0489697940648,0.873218476772
0.634665191174,0.626262664795,0.964224100113,0.0572951957583,0.906928896904
0.666398465633,0.626262664795,1.00528883934,0.0662632212043,0.939025640488
0.698131680489,0.626262664795,1.0453414917,0.0758796483278,0.969461858273
0.729864954948,0.626262664795,1.08434152603,0.0861474499106,0.998194098473
0.761598229408,0.626262664795,1.12224972248,0.0970710143447,1.02517867088
0.793331503868,0.626262664795,1.15902793407,0.108658961952,1.05036902428
0.825064778328,0.626262664795,1.19463908672,0.12092769891,1.07371139526
0.856797993183,0.626262664795,1.22904729843,0.133903831244,1.09514343739
0.888531267643,0.626262664795,1.2622179985,0.147627204657,1.11459076405
0.920264542103,0.626262664795,1.29411768913,0.162145391107,1.13197231293
0.951997756958,0.626262664795,1.32471442223,0.177502945065,1.14721143246
0.983731031418,0.626262664795,1.35397720337,0.193716660142,1.16026055813
1.01546430588,0.626262664795,1.38187670708,0.210754290223,1.17112243176
1.04719758034,0.626262664795,1.40838479996,0.228548720479,1.17983603477
1.0789308548,0.626262664795,1.43347477913,0.247069090605,1.18640565872
1.11066412926,0.626262664795,1.45712125301,0.266421824694,1.19069945812
1.14239740372,0.626262664795,1.47930061817,0.286922156811,1.19237852097
1.17413055897,0.626262664795,1.49999034405,0.309051811695,1.19093847275
1.20586383343,0.626262664795,1.51916968822,0.333240717649,1.18592894077
1.23759710789,0.626262664795,1.53681957722,0.359903335571,1.17691624165
1.26933038235,0.626262664795,1.55292189121,0.390131622553,1.16279029846
1.30106365681,0.626262664795,1.56746053696,0.424380123615,1.14308047295
1.33279693127,0.626262664795,1.58042085171,0.459601700306,1.1208190918
1.36453020573,0.626262664795,1.59178984165,0.491724938154,1.1000648737
1.39626336098,0.626262664795,1.6015560627,0.518760025501,1.0827960968
1.42799663544,0.626262664795,1.60970962048,0.540249347687,1.06946027279
1.4597299099,0.626262664795,1.61624228954,0.556199848652,1.06004238129
1.49146318436,0.626262664795,1.62114775181,0.566523909569,1.05462384224
1.52319645882,0.626262664795,1.62442064285,0.571078062057,1.0533425808
1.55492973328,0.626262664795,1.62605798244,0.570265054703,1.05579292774
1.58666300774,0.626262664795,1.62605798244,0.56497323513,1.06108474731
1.6183962822,0.626262664795,1.62442064285,0.555655360222,1.06876528263
1.65012955666,0.626262664795,1.62114775181,0.541521668434,1.07962608337
1.68186283112,0.626262664795,1.61624228954,0.520206868649,1.0960354805
1.71359610558,0.626262664795,1.60970962048,0.489091187716,1.12061846256
1.74532938004,0.626262664795,1.6015560627,0.448612958193,1.15294313431
1.77706253529,0.626262664795,1.59178984165,0.402963548899,1.18882632256
1.80879580975,0.626262664795,1.58042085171,0.356901228428,1.22351956367
1.84052908421,0.626262664795,1.56746053696,0.313347548246,1.25411295891
1.87226235867,0.626262664795,1.55292189121,0.273417323828,1.27950453758
1.90399563313,0.626262664795,1.53681945801,0.237469390035,1.29935002327
1.93572890759,0.626262664795,1.51916968822,0.205955341458,1.31321430206
1.96746218204,0.626262664795,1.49999034405,0.179474234581,1.32051610947
1.9991953373,0.626262664795,1.47930049896,0.158076003194,1.32122445107
2.03092861176,0.626262664795,1.45712125301,0.140897318721,1.316223979
2.06266188622,0.626262664795,1.43347465992,0.126803919673,1.30667078495
2.09439516068,0.626262664795,1.40838479996,0.114979825914,1.29340493679
2.12612843513,0.626262664795,1.38187658787,0.104849867523,1.2770267725
2.15786170959,0.626262664795,1.35397720337,0.095893420279,1.25808382034
2.18959498405,0.626262664795,1.32471442223,0.0876464992762,1.23706793785
2.22132825851,0.626262664795,1.29411768913,0.0797679871321,1.2143497467
2.25306153297,0.626262664795,1.2622178793,0.0720674395561,1.19015049934
2.28479480743,0.626262664795,1.22904717922,0.0644796788692,1.16456747055
2.31652784348,0.626262664795,1.19463920593,0.0570182427764,1.1376209259
2.34826135635,0.626262664795,1.15902769566,0.0497328266501,1.10929489136
2.3799943924,0.626262664795,1.12224972248,0.0426897443831,1.07955992222
2.41172790527,0.626262664795,1.08434128761,0.0359688028693,1.0483725071
2.44346094131,0.626262664795,1.0453414917,0.0296583585441,1.01568317413
2.47519421577,0.626262664795,1.00528883934,0.0238328967243,0.981455922127
2.50692749023,0.626262664795,0.964223980904,0.0185266584158,0.945697307587
2.53866076469,0.626262664795,0.922188222408,0.013729788363,0.908458411694
2.57039403915,0.626262664795,0.879223883152,0.00940499082208,0.869818866253
2.60212731361,0.626262664795,0.835374295712,0.005513492506,0.829860806465
2.63386058807,0.626262664795,0.790683507919,0.00202954979613,0.788653969765
2.66559386253,0.626262664795,0.745196580887,-0.00105748930946,0.746254086494
2.69732713699,0.626262664795,0.698959290981,-0.00374762504362,0.702706933022
2.72906041145,0.626262664795,0.65201818943,-0.00603767065331,0.658055841923
2.76079368591,0.626262664795,0.604420542717,-0.00792577210814,0.612346291542
2.79252696037,0.626262664795,0.556214392185,-0.00941485911608,0.565629243851
2.82426023483,0.626262664795,0.507448077202,-0.0105131231248,0.517961204052
2.85599327087,0.626262664795,0.458171248436,-0.0112338718027,0.469405114651
2.88772678375,0.626262664795,0.408432245255,-0.0115949865431,0.42002722621
2.91945981979,0.626262664795,0.358282834291,-0.0116174723953,0.369900316
2.95119309425,0.626262664795,0.307772219181,-0.0113244131207,0.319096624851
2.98292636871,0.626262664795,0.256951749325,-0.0107403751463,0.267692118883
3.01465964317,0.626262664795,0.205872535706,-0.00989039801061,0.215762928128
3.04639291763,0.626262664795,0.154586032033,-0.00879963859916,0.163385674357
3.07812619209,0.626262664795,0.10314386338,-0.00749238533899,0.110636249185
3.10985946655,0.626262664795,0.0515978373587,-0.00599289499223,0.0575907304883
3.14159274101,0.626262664795,-1.42172396522e-07,-0.00432378519326,0.00432364316657
0,0.636363625526,0,-0.0257487483323,0.0257487483323
0.0317332595587,0.636363625526,0.0519184358418,-0.0240004714578,0.075918905437
0.0634665191174,0.636363625526,0.103784605861,-0.0221238266677,0.125908434391
0.095199778676,0.636363625526,0.155546247959,-0.0201133042574,0.175659552217
0.126933038235,0.636363625526,0.207151293755,-0.0179611761123,0.225112468004
0.158666297793,0.636363625526,0.258547723293,-0.015658756718,0.274206489325
0.190399557352,0.636363625526,0.309683859348,-0.0131943505257,0.322878211737
0.222132816911,0.636363625526,0.360508143902,-0.0105529855937,0.371061116457
0.253866076469,0.636363625526,0.410969436169,-0.00771494815126,0.418684393167
0.285599350929,0.636363625526,0.461016952991,-0.00465574162081,0.465672701597
0.317332595587,0.636363625526,0.510600149632,-0.00134556228295,0.511945724487
0.349065840244,0.636363625526,0.559669315815,0.00225087860599,0.557418465614
0.380799114704,0.636363625526,0.608174920082,0.00617358041927,0.602001368999
0.412532389164,0.636363625526,0.656068146229,0.0104664750397,0.645601689816
0.444265633821,0.636363625526,0.703300774097,0.0151754058897,0.688125371933
0.475998878479,0.636363625526,0.749825239182,0.020347526297,0.729477703571
0.507732152939,0.636363625526,0.79559469223,0.0260296911001,0.769564986229
0.539465427399,0.636363625526,0.840563058853,0.0322657227516,0.808297336102
0.571198701859,0.636363625526,0.884684979916,0.0390958189964,0.845589160919
0.602931916714,0.636363625526,0.927916169167,0.046552695334,0.881363451481
0.634665191174,0.636363625526,0.970213055611,0.0546617545187,0.915551304817
0.666398465633,0.636363625526,1.01153290272,0.0634401068091,0.94809281826
0.698131680489,0.636363625526,1.05183422565,0.0728977993131,0.978936433792
0.729864954948,0.636363625526,1.09107649326,0.0830400362611,1.00803649426
0.761598229408,0.636363625526,1.12922024727,0.0938701406121,1.0353500843
0.793331503868,0.636363625526,1.16622686386,0.105393916368,1.06083297729
0.825064778328,0.636363625526,1.20205914974,0.117625050247,1.08443415165
0.856797993183,0.636363625526,1.23668110371,0.130588069558,1.10609304905
0.888531267643,0.636363625526,1.27005779743,0.14432477951,1.12573301792
0.920264542103,0.636363625526,1.30215573311,0.158890411258,1.14326536655
0.951997756958,0.636363625526,1.3329423666,0.174342215061,1.15860009193
0.983731031418,0.636363625526,1.36238694191,0.190709158778,1.17167782784
1.01546430588,0.636363625526,1.39045977592,0.207960933447,1.18249881268
1.04719758034,0.636363625526,1.41713249683,0.226017430425,1.19111502171
1.0789308548,0.636363625526,1.44237828255,0.244830727577,1.19754755497
1.11066412926,0.636363625526,1.46617174149,0.264506220818,1.20166552067
1.14239740372,0.636363625526,1.48848879337,0.285388916731,1.20309984684
1.17413055897,0.636363625526,1.50930702686,0.30800357461,1.20130348206
1.20586383343,0.636363625526,1.52860558033,0.332835286856,1.19577026367
1.23759710789,0.636363625526,1.54636502266,0.360531777143,1.18583321571
1.26933038235,0.636363625526,1.56256723404,0.392387598753,1.17017960548
1.30106365681,0.636363625526,1.57719624043,0.427975744009,1.14922046661
1.33279693127,0.636363625526,1.59023714066,0.463330388069,1.12690675259
1.36453020573,0.636363625526,1.6016767025,0.494799613953,1.10687708855
1.39626336098,0.636363625526,1.61150360107,0.520979046822,1.09052455425
1.42799663544,0.636363625526,1.6197078228,0.541577756405,1.07813000679
1.4597299099,0.636363625526,1.62628102303,0.556669533253,1.06961154938
1.49146318436,0.636363625526,1.63121688366,0.566390514374,1.06482636929
1.52319645882,0.636363625526,1.63451015949,0.570688784122,1.06382131577
1.55492973328,0.636363625526,1.63615763187,0.569650352001,1.06650733948
1.58666300774,0.636363625526,1.63615763187,0.563933074474,1.072224617
1.6183962822,0.636363625526,1.63451015949,0.554187953472,1.08032226562
1.65012955666,0.636363625526,1.63121688366,0.540097117424,1.09111976624
1.68186283112,0.636363625526,1.62628102303,0.519782364368,1.10649871826
1.71359610558,0.636363625526,1.6197078228,0.490340530872,1.12936735153
1.74532938004,0.636363625526,1.61150360107,0.450866430998,1.16063714027
1.77706253529,0.636363625526,1.6016767025,0.404663264751,1.19701337814
1.80879580975,0.636363625526,1.59023714066,0.356813639402,1.23342347145
1.84052908421,0.636363625526,1.57719624043,0.310988128185,1.26620817184
1.87226235867,0.636363625526,1.56256723404,0.268811643124,1.29375553131
1.90399563313,0.636363625526,1.54636490345,0.230822592974,1.31554234028
1.93572890759,0.636363625526,1.52860558033,0.197508275509,1.33109736443
1.96746218204,0.636363625526,1.50930702686,0.169585943222,1.33972108364
1.9991953373,0.636363625526,1.48848867416,0.147325009108,1.34116363525
2.03092861176,0.636363625526,1.46617162228,0.129908502102,1.33626317978
2.06266188622,0.636363625526,1.44237816334,0.115982353687,1.32639575005
2.09439516068,0.636363625526,1.41713249683,0.104492180049,1.31264030933
2.12612843513,0.636363625526,1.39045965672,0.0947486385703,1.2957110405
2.15786170959,0.636363625526,1.36238694191,0.0861991122365,1.27618777752
2.18959498405,0.636363625526,1.3329423666,0.07837177068,1.25457060337
2.22132825851,0.636363625526,1.3021556139,0.0709233805537,1.2312322855
2.25306153297,0.636363625526,1.27005767822,0.063655808568,1.20640182495
2.28479480743,0.636363625526,1.2366809845,0.0564912110567,1.18018972874
2.31652784348,0.636363625526,1.20205926895,0.0494296662509,1.15262961388
2.34826135635,0.636363625526,1.16622662544,0.0425236225128,1.12370300293
2.3799943924,0.636363625526,1.12922024727,0.0358635298908,1.09335672855
2.41172790527,0.636363625526,1.09107625484,0.0295560844243,1.06152021885
2.44346094131,0.636363625526,1.05183434486,0.0236897915602,1.02814459801
2.47519421577,0.636363625526,1.01153290272,0.0183050222695,0.993227899075
2.50692749023,0.636363625526,0.970212936401,0.0133940652013,0.956818878651
2.53866076469,0.636363625526,0.927916049957,0.00892657414079,0.918989479542
2.57039403915,0.636363625526,0.884684920311,0.00487534096465,0.879809558392
2.60212731361,0.636363625526,0.840562939644,0.00122771179304,0.839335203171
2.63386058807,0.636363625526,0.795594513416,-0.00201407494023,0.797608613968
2.66559386253,0.636363625526,0.749825060368,-0.0048413281329,0.754666388035
2.69732713699,0.636363625526,0.703300595284,-0.00724439695477,0.710545003414
2.72906041145,0.636363625526,0.656067967415,-0.00921865738928,0.66528660059
2.76079368591,0.636363625526,0.608174681664,-0.0107662035152,0.618940889835
2.79252696037,0.636363625526,0.559669077396,-0.011895943433,0.571565032005
2.82426023483,0.636363625526,0.510599911213,-0.0126229971647,0.523222923279
2.85599327087,0.636363625526,0.461017012596,-0.0129674226046,0.4739844203
2.88772678375,0.636363625526,0.410969078541,-0.0129526061937,0.42392167449
2.91945981979,0.636363625526,0.360508173704,-0.0126045811921,0.373112767935
2.95119309425,0.636363625526,0.309683859348,-0.0119504481554,0.321634292603
2.98292636871,0.636363625526,0.258547693491,-0.0110176578164,0.269565343857
3.01465964317,0.636363625526,0.207151249051,-0.00983368977904,0.216984942555
3.04639291763,0.636363625526,0.155546188354,-0.00842524878681,0.163971439004
3.07812619209,0.636363625526,0.103784501553,-0.0068187341094,0.110603235662
3.10985946655,0.636363625526,0.0519183203578,-0.00503873173147,0.056957051158
3.14159274101,0.636363625526,-1.43055444823e-07,-0.00310872099362,0.00310857803561
0,0.646464645863,0,-0.0255696512759,0.0255696512759
0.0317332595587,0.646464645863,0.0522389188409,-0.0238583646715,0.0760972797871
0.0634665191174,0.646464645863,0.104425244033,-0.022018423304,0.1264436692
0.095199778676,0.646464645863,0.156506404281,-0.0200436357409,0.176550045609
0.126933038235,0.646464645863,0.208429992199,-0.0179288629442,0.226358860731
0.158666297793,0.646464645863,0.260143697262,-0.0156662873924,0.275809973478
0.190399557352,0.646464645863,0.311595469713,-0.0132468212396,0.324842303991
0.222132816911,0.646464645863,0.362733513117,-0.0106586366892,0.373392164707
0.253866076469,0.646464645863,0.413506269455,-0.00788617972285,0.421392440796
0.285599350929,0.646464645863,0.463862717152,-0.00490845553577,0.468771159649
0.317332595587,0.646464645863,0.513752043247,-0.00169955100864,0.515451610088
0.349065840244,0.646464645863,0.563124001026,0.0017729899846,0.561351001263
0.380799114704,0.646464645863,0.611929118633,0.00554698845372,0.606382131577
0.412532389164,0.646464645863,0.660117983818,0.00966526195407,0.65045273304
0.444265633821,0.646464645863,0.7076420784,0.0141755416989,0.693466544151
0.475998878479,0.646464645863,0.754453778267,0.0191275756806,0.735326230526
0.507732152939,0.646464645863,0.800505757332,0.0245722718537,0.775933504105
0.539465427399,0.646464645863,0.845751702785,0.0305601209402,0.815191566944
0.571198701859,0.646464645863,0.89014595747,0.0371386893094,0.853007256985
0.602931916714,0.646464645863,0.933643996716,0.0443502515554,0.889293730259
0.634665191174,0.646464645863,0.976201951504,0.0522294156253,0.923972547054
0.666398465633,0.646464645863,1.01777684689,0.06080224365,0.956974625587
0.698131680489,0.646464645863,1.05832695961,0.0700852423906,0.988241732121
0.729864954948,0.646464645863,1.09781146049,0.0800870880485,1.0177243948
0.761598229408,0.646464645863,1.13619065285,0.0908121168613,1.04537856579
0.793331503868,0.646464645863,1.17342567444,0.102264434099,1.07116127014
0.825064778328,0.646464645863,1.20947921276,0.114454373717,1.09502482414
0.856797993183,0.646464645863,1.24431490898,0.127405077219,1.11690986156
0.888531267643,0.646464645863,1.27789771557,0.141159415245,1.13673830032
0.920264542103,0.646464645863,1.31019365788,0.155781194568,1.15441250801
0.951997756958,0.646464645863,1.34117043018,0.171342343092,1.16982805729
0.983731031418,0.646464645863,1.37079679966,0.187885537744,1.18291127682
1.01546430588,0.646464645863,1.39904284477,0.205382242799,1.19366061687
1.04719758034,0.646464645863,1.4258800745,0.223737463355,1.20214259624
1.0789308548,0.646464645863,1.45128178596,0.242883294821,1.20839846134
1.11066412926,0.646464645863,1.47522211075,0.262928515673,1.21229362488
1.14239740372,0.646464645863,1.49767696857,0.284258365631,1.21341860294
1.17413055897,0.646464645863,1.51862370968,0.307453602552,1.21117007732
1.20586383343,0.646464645863,1.53804135323,0.333088815212,1.20495247841
1.23759710789,0.646464645863,1.55591034889,0.362091481686,1.1938188076
1.26933038235,0.646464645863,1.57221269608,0.395707398653,1.17650532722
1.30106365681,0.646464645863,1.58693194389,0.432335078716,1.15459680557
1.33279693127,0.646464645863,1.6000534296,0.467481762171,1.13257169724
1.36453020573,0.646464645863,1.61156356335,0.498174905777,1.11338865757
1.39626336098,0.646464645863,1.62145102024,0.523521780968,1.09792923927
1.42799663544,0.646464645863,1.62970590591,0.543325662613,1.0863802433
1.4597299099,0.646464645863,1.63631975651,0.557631552219,1.07868814468
1.49146318436,0.646464645863,1.64128613472,0.56670242548,1.07458376884
1.52319645882,0.646464645863,1.64459967613,0.57071685791,1.07388281822
1.55492973328,0.646464645863,1.6462572813,0.569605112076,1.07665216923
1.58666300774,0.646464645863,1.6462572813,0.563618719578,1.08263850212
1.6183962822,0.646464645863,1.64459967613,0.55341231823,1.0911873579
1.65012955666,0.646464645863,1.64128613472,0.539104342461,1.10218179226
1.68186283112,0.646464645863,1.63631975651,0.519406616688,1.11691308022
1.71359610558,0.646464645863,1.62970590591,0.49153098464,1.13817489147
1.74532938004,0.646464645863,1.62145102024,0.453446537256,1.16800451279
1.77706253529,0.646464645863,1.61156356335,0.407181441784,1.20438218117
1.80879580975,0.646464645863,1.6000534296,0.357792317867,1.24226117134
1.84052908421,0.646464645863,1.58693194389,0.309695273638,1.27723670006
1.87226235867,0.646464645863,1.57221269608,0.265160411596,1.30705225468
1.90399563313,0.646464645863,1.55591034889,0.225007802248,1.33090257645
1.93572890759,0.646464645863,1.53804135323,0.189781680703,1.34825968742
1.96746218204,0.646464645863,1.51862370968,0.160289123654,1.35833454132
1.9991953373,0.646464645863,1.49767684937,0.137022688985,1.36065411568
2.03092861176,0.646464645863,1.47522199154,0.119263492525,1.35595846176
2.06266188622,0.646464645863,1.45128166676,0.105446651578,1.34583497047
2.09439516068,0.646464645863,1.4258800745,0.0942450389266,1.33163499832
2.12612843513,0.646464645863,1.39904272556,0.0848367363214,1.31420600414
2.15786170959,0.646464645863,1.37079668045,0.0766402631998,1.29415643215
2.18959498405,0.646464645863,1.34117043018,0.0691818073392,1.27198863029
2.22132825851,0.646464645863,1.31019353867,0.0621108487248,1.24808263779
2.25306153297,0.646464645863,1.27789747715,0.0552156865597,1.22268176079
2.28479480743,0.646464645863,1.24431467056,0.0484079159796,1.19590675831
2.31652784348,0.646464645863,1.20947933197,0.041698731482,1.16778063774
2.34826135635,0.646464645863,1.17342555523,0.035172175616,1.13825333118
2.3799943924,0.646464645863,1.13619065285,0.028943952173,1.10724675655
2.41172790527,0.646464645863,1.09781134129,0.0231085848063,1.07470273972
2.44346094131,0.646464645863,1.05832707882,0.0177064910531,1.04062056541
2.47519421577,0.646464645863,1.01777684689,0.0127312596887,1.00504553318
2.50692749023,0.646464645863,0.976201891899,0.00816012360156,0.968041777611
2.53866076469,0.646464645863,0.933643877506,0.00397895695642,0.92966490984
2.57039403915,0.646464645863,0.890145897865,0.000190763734281,0.889955163002
2.60212731361,0.646464645863,0.845751583576,-0.00318855256774,0.848940134048
2.63386058807,0.646464645863,0.800505578518,-0.00613910099491,0.806644678116
2.66559386253,0.646464645863,0.754453599453,-0.00864491797984,0.763098537922
2.69732713699,0.646464645863,0.70764195919,-0.0106973843649,0.718339323997
2.72906041145,0.646464645863,0.660117745399,-0.0122967474163,0.67241448164
2.76079368591,0.646464645863,0.61192882061,-0.0134522411972,0.625381052494
2.79252696037,0.646464645863,0.563123822212,-0.0141801480204,0.577303946018
2.82426023483,0.646464645863,0.513751745224,-0.014502460137,0.528254210949
2.85599327087,0.646464645863,0.463862776756,-0.0144448876381,0.478307664394
2.88772678375,0.646464645863,0.413505911827,-0.0140360267833,0.427541941404
2.91945981979,0.646464645863,0.362733513117,-0.0133052989841,0.376038819551
2.95119309425,0.646464645863,0.311595469713,-0.0122834052891,0.323878884315
2.98292636871,0.646464645863,0.260143667459,-0.0110000614077,0.271143734455
3.01465964317,0.646464645863,0.208429947495,-0.00948446989059,0.217914417386
3.04639291763,0.646464645863,0.156506344676,-0.00776530057192,0.164271652699
3.07812619209,0.646464645863,0.104425147176,-0.0058691916056,0.110294342041
3.10985946655,0.646464645863,0.0522387996316,-0.00382191827521,0.0560607165098
3.14159274101,0.646464645863,-1.43938507335e-07,-0.00164764514193,0.00164750125259
0,0.656565666199,0,-0.0253635663539,0.0253635663539
0.0317332595587,0.656565666199,0.05255940184,-0.0236905664206,0.0762499719858
0.0634665191174,0.656565666199,0.105065897107,-0.0218874514103,0.126953348517
0.095199778676,0.656565666199,0.157466575503,-0.0199486520141,0.17741522193
0.126933038235,0.656565666199,0.209708720446,-0.0178685411811,0.227577269077
0.158666297793,0.656565666199,0.26173967123,-0.0156409796327,0.277380645275
0.190399557352,0.656565666199,0.31350710988,-0.0132590914145,0.326766192913
0.222132816911,0.656565666199,0.364958882332,-0.0107136107981,0.375672489405
0.253866076469,0.656565666199,0.416043132544,-0.00799202360213,0.424035161734
0.285599350929,0.656565666199,0.466708540916,-0.00507817929611,0.47178670764
0.317332595587,0.656565666199,0.516903877258,-0.00194993708283,0.518853843212
0.349065840244,0.656565666199,0.566578805447,0.00142110465094,0.565157711506
0.380799114704,0.656565666199,0.61568325758,0.00506929447874,0.610613942146
0.412532389164,0.656565666199,0.664167761803,0.0090359877795,0.655131757259
0.444265633821,0.656565666199,0.711983501911,0.0133682601154,0.698615252972
0.475998878479,0.656565666199,0.759082317352,0.0181170515716,0.740965247154
0.507732152939,0.656565666199,0.805416882038,0.0233369506896,0.782079935074
0.539465427399,0.656565666199,0.850940346718,0.0290835425258,0.821856796741
0.571198701859,0.656565666199,0.895607054234,0.035411644727,0.860195398331
0.602931916714,0.656565666199,0.939371943474,0.0423726439476,0.896999299526
0.634665191174,0.656565666199,0.982190966606,0.0500113219023,0.932179629803
0.666398465633,0.656565666199,1.02402091026,0.0583637878299,0.965657114983
0.698131680489,0.656565666199,1.06481981277,0.0674550384283,0.997364759445
0.729864954948,0.656565666199,1.10454654694,0.0773003473878,1.0272462368
0.761598229408,0.656565666199,1.14316117764,0.0879067108035,1.05525445938
0.793331503868,0.656565666199,1.18062472343,0.0992772802711,1.08134746552
0.825064778328,0.656565666199,1.21689939499,0.111420370638,1.105479002
0.856797993183,0.656565666199,1.25194883347,0.124356515706,1.12759232521
0.888531267643,0.656565666199,1.28573763371,0.138130664825,1.14760696888
0.920264542103,0.656565666199,1.31823170185,0.152814686298,1.16541695595
0.951997756958,0.656565666199,1.34939849377,0.168496981263,1.1809015274
0.983731031418,0.656565666199,1.37920665741,0.185236752033,1.19396996498
1.01546430588,0.656565666199,1.40762591362,0.203007355332,1.20461857319
1.04719758034,0.656565666199,1.43462789059,0.22169585526,1.21293199062
1.0789308548,0.656565666199,1.46018540859,0.241214215755,1.21897125244
1.11066412926,0.656565666199,1.48427259922,0.261680185795,1.22259235382
1.14239740372,0.656565666199,1.50686514378,0.283532202244,1.22333288193
1.17413055897,0.656565666199,1.52794039249,0.307422608137,1.22051775455
1.20586383343,0.656565666199,1.54747724533,0.334056437016,1.21342086792
1.23759710789,0.656565666199,1.56545591354,0.364639282227,1.20081663132
1.26933038235,0.656565666199,1.58185827732,0.400019437075,1.18183887005
1.30106365681,0.656565666199,1.59666776657,0.437316954136,1.15935087204
1.33279693127,0.656565666199,1.60986971855,0.471984148026,1.13788557053
1.36453020573,0.656565666199,1.6214505434,0.501835405827,1.11961507797
1.39626336098,0.656565666199,1.63139867783,0.526379883289,1.10501885414
1.42799663544,0.656565666199,1.63970422745,0.54547560215,1.0942286253
1.4597299099,0.656565666199,1.6463586092,0.55910795927,1.08725070953
1.49146318436,0.656565666199,1.65135538578,0.567553043365,1.08380234241
1.52319645882,0.656565666199,1.65468931198,0.571207463741,1.08348178864
1.55492973328,0.656565666199,1.65635716915,0.570074439049,1.0862827301
1.58666300774,0.656565666199,1.65635716915,0.563995063305,1.09236216545
1.6183962822,0.656565666199,1.65468931198,0.553371727467,1.10131764412
1.65012955666,0.656565666199,1.65135538578,0.538652598858,1.11270284653
1.68186283112,0.656565666199,1.6463586092,0.519183576107,1.1271750927
1.71359610558,0.656565666199,1.63970422745,0.492610573769,1.14709365368
1.74532938004,0.656565666199,1.63139867783,0.456170976162,1.17522764206
1.77706253529,0.656565666199,1.6214505434,0.410380065441,1.21107053757
1.80879580975,0.656565666199,1.60986971855,0.359810769558,1.25005888939
1.84052908421,0.656565666199,1.59666776657,0.309518396854,1.28714942932
1.87226235867,0.656565666199,1.58185827732,0.262540310621,1.3193179369
1.90399563313,0.656565666199,1.56545579433,0.220105364919,1.34535038471
1.93572890759,0.656565666199,1.54747724533,0.182858288288,1.36461901665
1.96746218204,0.656565666199,1.52794039249,0.151668384671,1.37627196312
1.9991953373,0.656565666199,1.50686514378,0.127238497138,1.37962663174
2.03092861176,0.656565666199,1.48427248001,0.108999803662,1.37527263165
2.06266188622,0.656565666199,1.46018528938,0.0952050760388,1.36498022079
2.09439516068,0.656565666199,1.43462789059,0.0842225775123,1.35040533543
2.12612843513,0.656565666199,1.40762591362,0.0750761628151,1.33254981041
2.15786170959,0.656565666199,1.3792065382,0.0671545118093,1.31205201149
2.18959498405,0.656565666199,1.34939849377,0.0599832609296,1.28941524029
2.22132825851,0.656565666199,1.31823158264,0.05320488289,1.26502668858
2.25306153297,0.656565666199,1.28573739529,0.0466050431132,1.23913240433
2.28479480743,0.656565666199,1.25194859505,0.0401162877679,1.21183228493
2.31652784348,0.656565666199,1.2168995142,0.0337871871889,1.18311238289
2.34826135635,0.656565666199,1.18062448502,0.0277205146849,1.15290391445
2.3799943924,0.656565666199,1.14316117764,0.0220007393509,1.12116038799
2.41172790527,0.656565666199,1.10454642773,0.0166582036763,1.08788824081
2.44346094131,0.656565666199,1.06481993198,0.0116835031658,1.05313646793
2.47519421577,0.656565666199,1.02402091026,0.00706051802263,1.01696038246
2.50692749023,0.656565666199,0.982190907001,0.0027900361456,0.979400873184
2.53866076469,0.656565666199,0.939371824265,-0.00110764522105,0.940479457378
2.57039403915,0.656565666199,0.895606935024,-0.00460098544136,0.900207936764
2.60212731361,0.656565666199,0.850940287113,-0.00765841733664,0.858598709106
2.63386058807,0.656565666199,0.805416703224,-0.010254769586,0.815671443939
2.66559386253,0.656565666199,0.759082198143,-0.012376209721,0.771458387375
2.69732713699,0.656565666199,0.711983323097,-0.0140207484365,0.726004064083
2.72906041145,0.656565666199,0.664167582989,-0.015196274966,0.679363846779
2.76079368591,0.656565666199,0.615683019161,-0.0159197002649,0.631602704525
2.79252696037,0.656565666199,0.566578626633,-0.01621456258,0.582793176174
2.82426023483,0.656565666199,0.51690363884,-0.0161085724831,0.533012211323
2.85599327087,0.656565666199,0.466708570719,-0.0156330615282,0.482341647148
2.88772678375,0.656565666199,0.416042774916,-0.0148199275136,0.430862694979
2.91945981979,0.656565666199,0.364958912134,-0.0137027315795,0.378661632538
2.95119309425,0.656565666199,0.31350710988,-0.0123138390481,0.325820952654
2.98292636871,0.656565666199,0.26173967123,-0.0106850489974,0.272424727678
3.01465964317,0.656565666199,0.209708675742,-0.00884747225791,0.218556150794
3.04639291763,0.656565666199,0.157466515899,-0.00683034071699,0.164296850562
3.07812619209,0.656565666199,0.105065792799,-0.00466148555279,0.109727278352
3.10985946655,0.656565666199,0.052559286356,-0.00236745597795,0.0549267418683
3.14159274101,0.656565666199,-1.44821569847e-07,2.74791382253e-05,2.76239588857e-05
0,0.66666662693,0,-0.0251324828714,0.0251324828714
0.0317332595587,0.66666662693,0.0528798848391,-0.023500084877,0.0763799697161
0.0634665191174,0.66666662693,0.10570653528,-0.0217354223132,0.127441957593
0.095199778676,0.66666662693,0.158426731825,-0.0198330748826,0.178259804845
0.126933038235,0.66666662693,0.21098741889,-0.0177877433598,0.228775158525
0.158666297793,0.66666662693,0.263335645199,-0.0155933964998,0.278929054737
0.190399557352,0.66666662693,0.315418720245,-0.0132445711643,0.328663289547
0.222132816911,0.66666662693,0.367184221745,-0.0107339248061,0.377918154001
0.253866076469,0.66666662693,0.41857996583,-0.00805191043764,0.426631867886
0.285599350929,0.66666662693,0.469554305077,-0.00518643204123,0.474740743637
0.317332595587,0.66666662693,0.520055711269,-0.00211952161044,0.522175252438
0.349065840244,0.66666662693,0.570033550262,0.00117197586223,0.568861603737
0.380799114704,0.66666662693,0.619437456131,0.00471859285608,0.614718854427
0.412532389164,0.66666662693,0.668217599392,0.00855829939246,0.659659326077
0.444265633821,0.66666662693,0.716324806213,0.0127359498292,0.703588843346
0.475998878479,0.66666662693,0.763710856438,0.0173028707504,0.746407985687
0.507732152939,0.66666662693,0.810327887535,0.0223154705018,0.788012444973
0.539465427399,0.66666662693,0.85612899065,0.0278332382441,0.828295767307
0.571198701859,0.66666662693,0.901068031788,0.0339170992374,0.867150902748
0.602931916714,0.66666662693,0.945099771023,0.0406269133091,0.904472827911
0.634665191174,0.66666662693,0.988179922104,0.0480177812278,0.94016212225
0.666398465633,0.66666662693,1.03026497364,0.0561371818185,0.97412776947
0.698131680489,0.66666662693,1.07131254673,0.0650209784508,1.00629162788
0.729864954948,0.66666662693,1.11128163338,0.0746926814318,1.03658890724
0.761598229408,0.66666662693,1.15013170242,0.0851643159986,1.06496739388
0.793331503868,0.66666662693,1.18782353401,0.0964410156012,1.09138250351
0.825064778328,0.66666662693,1.22431945801,0.108528703451,1.11579072475
0.856797993183,0.66666662693,1.25958263874,0.121445812285,1.13813686371
0.888531267643,0.66666662693,1.29357743263,0.13523863256,1.15833878517
0.920264542103,0.66666662693,1.32626962662,0.149988368154,1.17628121376
0.951997756958,0.66666662693,1.35762643814,0.165800869465,1.19182562828
0.983731031418,0.66666662693,1.38761639595,0.182754665613,1.20486176014
1.01546430588,0.66666662693,1.41620898247,0.200825542212,1.21538341045
1.04719758034,0.66666662693,1.44337558746,0.219881221652,1.22349441051
1.0789308548,0.66666662693,1.46908891201,0.239812701941,1.22927618027
1.11066412926,0.66666662693,1.49332296848,0.26075553894,1.23256742954
1.14239740372,0.66666662693,1.51605331898,0.283216625452,1.23283672333
1.17413055897,0.66666662693,1.53725707531,0.307937443256,1.22931957245
1.20586383343,0.66666662693,1.55691301823,0.335794866085,1.22111821175
1.23759710789,0.66666662693,1.57500135899,0.368196517229,1.20680487156
1.26933038235,0.66666662693,1.59150373936,0.405203342438,1.18630039692
1.30106365681,0.66666662693,1.60640358925,0.442786663771,1.16361689568
1.33279693127,0.66666662693,1.6196860075,0.476786315441,1.14289975166
1.36453020573,0.66666662693,1.63133740425,0.505779623985,1.12555778027
1.39626336098,0.66666662693,1.6413462162,0.529559314251,1.11178684235
1.42799663544,0.66666662693,1.64970231056,0.548017442226,1.10168480873
1.4597299099,0.66666662693,1.65639734268,0.561090171337,1.09530711174
1.49146318436,0.66666662693,1.66142463684,0.569000542164,1.09242415428
1.52319645882,0.66666662693,1.66477882862,0.572245061398,1.09253382683
1.55492973328,0.66666662693,1.66645681858,0.571030676365,1.09542608261
1.58666300774,0.66666662693,1.66645681858,0.564988017082,1.1014688015
1.6183962822,0.66666662693,1.66477882862,0.554067194462,1.11071157455
1.65012955666,0.66666662693,1.66142463684,0.538829982281,1.12259459496
1.68186283112,0.66666662693,1.65639734268,0.519246220589,1.13715112209
1.71359610558,0.66666662693,1.64970231056,0.493610441685,1.15609192848
1.74532938004,0.66666662693,1.6413462162,0.458901554346,1.18244469166
1.77706253529,0.66666662693,1.63133740425,0.414116293192,1.21722114086
1.80879580975,0.66666662693,1.6196860075,0.362836271524,1.25684976578
1.84052908421,0.66666662693,1.60640358925,0.310517758131,1.29588580132
1.87226235867,0.66666662693,1.59150373936,0.26105222106,1.33045148849
1.90399563313,0.66666662693,1.57500123978,0.216223180294,1.35877799988
1.93572890759,0.66666662693,1.55691301823,0.176845014095,1.38006806374
1.96746218204,0.66666662693,1.53725707531,0.143828511238,1.39342856407
1.9991953373,0.66666662693,1.51605319977,0.11805729568,1.39799594879
2.03092861176,0.66666662693,1.49332296848,0.099160708487,1.39416229725
2.06266188622,0.66666662693,1.46908891201,0.0852550417185,1.38383388519
2.09439516068,0.66666662693,1.44337558746,0.0743823647499,1.36899328232
2.12612843513,0.66666662693,1.41620886326,0.0653851255774,1.35082376003
2.15786170959,0.66666662693,1.38761627674,0.0576196983457,1.32999658585
2.18959498405,0.66666662693,1.35762643814,0.0506205707788,1.30700588226
2.22132825851,0.66666662693,1.32626962662,0.0440474078059,1.28222227097
2.25306153297,0.66666662693,1.29357719421,0.0377212427557,1.25585591793
2.28479480743,0.66666662693,1.25958240032,0.0316160060465,1.2279664278
2.31652784348,0.66666662693,1.22431957722,0.025784380734,1.19853520393
2.34826135635,0.66666662693,1.1878234148,0.0202712994069,1.16755211353
2.3799943924,0.66666662693,1.15013170242,0.0150787122548,1.1350530386
2.41172790527,0.66666662693,1.11128139496,0.0101842172444,1.10109722614
2.44346094131,0.66666662693,1.07131266594,0.00557581847534,1.06573688984
2.47519421577,0.66666662693,1.03026497364,0.00126879289746,1.02899622917
2.50692749023,0.66666662693,0.988179802895,-0.0026979749091,0.99087780714
2.53866076469,0.66666662693,0.945099651814,-0.00627575814724,0.951375424862
2.57039403915,0.66666662693,0.901067912579,-0.0094184782356,0.910486400127
2.60212731361,0.66666662693,0.856128931046,-0.0120905041695,0.868219435215
2.63386058807,0.66666662693,0.810327768326,-0.0142710879445,0.82459884882
2.66559386253,0.66666662693,0.763710737228,-0.0159532055259,0.779663920403
2.69732713699,0.66666662693,0.716324687004,-0.017143106088,0.733467817307
2.72906041145,0.66666662693,0.668217360973,-0.0178570114076,0.686074376106
2.76079368591,0.66666662693,0.619437158108,-0.0181196574122,0.637556791306
2.79252696037,0.66666662693,0.570033311844,-0.0179602373391,0.587993562222
2.82426023483,0.66666662693,0.520055472851,-0.0174122639,0.537467718124
2.85599327087,0.66666662693,0.469554364681,-0.0165109392256,0.486065298319
2.88772678375,0.66666662693,0.418579608202,-0.0152918528765,0.43387144804
2.91945981979,0.66666662693,0.367184251547,-0.0137909157202,0.380975157022
2.95119309425,0.66666662693,0.315418720245,-0.012042876333,0.327461600304
2.98292636871,0.66666662693,0.263335615396,-0.0100813200697,0.273416936398
3.01465964317,0.66666662693,0.210987374187,-0.00793851818889,0.218925893307
3.04639291763,0.66666662693,0.15842667222,-0.00564465625212,0.164071321487
3.07812619209,0.66666662693,0.105706438422,-0.00322828139178,0.108934722841
3.10985946655,0.66666662693,0.0528797693551,-0.00071677705273,0.0535965450108
3.14159274101,0.66666662693,-1.45704618149e-07,0.00186549825594,0.00186564400792
0,0.676767706871,0,-0.0248793009669,0.0248793009669
0.0317332595587,0.676767706871,0.0532003715634,-0.0232893098146,0.0764896795154
0.0634665191174,0.676767706871,0.106347188354,-0.0215657390654,0.127912923694
0.095199778676,0.676767706871,0.159386903048,-0.0197020824999,0.179088979959
0.126933038235,0.676767706871,0.212266147137,-0.0176927261055,0.229958876967
0.158666297793,0.676767706871,0.264931619167,-0.0155320707709,0.280463695526
0.190399557352,0.676767706871,0.317330360413,-0.0132144913077,0.330544859171
0.222132816911,0.676767706871,0.36940959096,-0.0107340458781,0.380143642426
0.253866076469,0.676767706871,0.421116828918,-0.00808384083211,0.429200679064
0.285599350929,0.676767706871,0.472400099039,-0.00525446143001,0.477654546499
0.317332595587,0.676767706871,0.523207604885,-0.00223262235522,0.525440216064
0.349065840244,0.676767706871,0.573488295078,0.00100016640499,0.572488129139
0.380799114704,0.676767706871,0.623191595078,0.00446919025853,0.618722379208
0.412532389164,0.676767706871,0.672267377377,0.00820753164589,0.664059817791
0.444265633821,0.676767706871,0.720666229725,0.012256866321,0.708409368992
0.475998878479,0.676767706871,0.768339455128,0.0166667662561,0.751672685146
0.507732152939,0.676767706871,0.815239012241,0.0214937962592,0.793745219707
0.539465427399,0.676767706871,0.861317694187,0.0268001928926,0.834517478943
0.571198701859,0.676767706871,0.906529068947,0.0326516032219,0.873877465725
0.602931916714,0.676767706871,0.950827658176,0.0391153544188,0.911712288857
0.634665191174,0.676767706871,0.994168937206,0.046256210655,0.947912752628
0.666398465633,0.676767706871,1.03650903702,0.0541335642338,0.982375502586
0.698131680489,0.676767706871,1.07780539989,0.062795676291,1.01500976086
0.729864954948,0.676767706871,1.11801671982,0.0722768381238,1.04573988914
0.761598229408,0.676767706871,1.15710222721,0.0825971737504,1.07450509071
0.793331503868,0.676767706871,1.19502258301,0.0937651768327,1.10125744343
0.825064778328,0.676767706871,1.23173964024,0.105786271393,1.12595331669
0.856797993183,0.676767706871,1.26721644402,0.11867762357,1.1485388279
0.888531267643,0.676767706871,1.30141735077,0.132485404611,1.16893196106
0.920264542103,0.676767706871,1.33430767059,0.14730116725,1.18700647354
0.951997756958,0.676767706871,1.36585462093,0.163250461221,1.20260417461
0.983731031418,0.676767706871,1.3960262537,0.180432498455,1.21559381485
1.01546430588,0.676767706871,1.42479217052,0.198828294873,1.22596383095
1.04719758034,0.676767706871,1.45212340355,0.218283176422,1.23384022713
1.0789308548,0.676767706871,1.47799253464,0.238670349121,1.23932218552
1.11066412926,0.676767706871,1.50237357616,0.260153084993,1.24222052097
1.14239740372,0.676767706871,1.52524161339,0.283322870731,1.24191880226
1.17413055897,0.676767706871,1.54657387733,0.30902993679,1.23754394054
1.20586383343,0.676767706871,1.56634891033,0.338356852531,1.2279920578
1.23759710789,0.676767706871,1.58454692364,0.372741818428,1.21180510521
1.26933038235,0.676767706871,1.60114920139,0.411110013723,1.19003915787
1.30106365681,0.676767706871,1.61613941193,0.448629826307,1.16750955582
1.33279693127,0.676767706871,1.62950229645,0.481857180595,1.14764511585
1.36453020573,0.676767706871,1.64122438431,0.510015189648,1.13120913506
1.39626336098,0.676767706871,1.65129375458,0.533076345921,1.11821746826
1.42799663544,0.676767706871,1.6597006321,0.550954341888,1.10874629021
1.4597299099,0.676767706871,1.66643619537,0.563562452793,1.10287380219
1.49146318436,0.676767706871,1.6714938879,0.571057140827,1.10043668747
1.52319645882,0.676767706871,1.67486846447,0.573909759521,1.10095870495
1.55492973328,0.676767706871,1.67655658722,0.572499573231,1.10405707359
1.58666300774,0.676767706871,1.67655658722,0.566510081291,1.11004650593
1.6183962822,0.676767706871,1.67486846447,0.55544936657,1.1194190979
1.65012955666,0.676767706871,1.6714938879,0.539694488049,1.13179945946
1.68186283112,0.676767706871,1.66643619537,0.519736230373,1.1466999054
1.71359610558,0.676767706871,1.6597006321,0.494639694691,1.16506099701
1.74532938004,0.676767706871,1.65129375458,0.461575359106,1.18971836567
1.77706253529,0.676767706871,1.64122438431,0.418260991573,1.22296333313
1.80879580975,0.676767706871,1.62950229645,0.366832315922,1.26267004013
1.84052908421,0.676767706871,1.61613941193,0.312763929367,1.30337548256
1.87226235867,0.676767706871,1.60114920139,0.260820567608,1.34032869339
1.90399563313,0.676767706871,1.58454680443,0.213496550918,1.37105023861
1.93572890759,0.676767706871,1.56634891033,0.171872571111,1.39447629452
1.96746218204,0.676767706871,1.54657387733,0.13689173758,1.40968215466
1.9991953373,0.676767706871,1.52524149418,0.109574593604,1.41566693783
2.03092861176,0.676767706871,1.50237345695,0.0897839814425,1.41258943081
2.06266188622,0.676767706871,1.47799253464,0.0755665898323,1.40242600441
2.09439516068,0.676767706871,1.45212340355,0.0646307244897,1.38749265671
2.12612843513,0.676767706871,1.42479205132,0.0556142888963,1.3691778183
2.15786170959,0.676767706871,1.39602613449,0.0478521101177,1.34817397594
2.18959498405,0.676767706871,1.36585462093,0.0409265421331,1.32492804527
2.22132825851,0.676767706871,1.33430767059,0.0345597341657,1.29974794388
2.25306153297,0.676767706871,1.30141711235,0.0286180451512,1.27279901505
2.28479480743,0.676767706871,1.26721632481,0.0230544824153,1.24416184425
2.31652784348,0.676767706871,1.23173975945,0.017829079181,1.21391069889
2.34826135635,0.676767706871,1.19502234459,0.0128820929676,1.18214023113
2.3799943924,0.676767706871,1.15710222721,0.00816042162478,1.14894175529
2.41172790527,0.676767706871,1.1180164814,0.00364728504792,1.11436915398
2.44346094131,0.676767706871,1.0778055191,-0.000630308873951,1.07843577862
2.47519421577,0.676767706871,1.03650903702,-0.00461515597999,1.04112422466
2.50692749023,0.676767706871,0.994168817997,-0.00823984574527,1.0024086237
2.53866076469,0.676767706871,0.950827598572,-0.011441372335,0.962268948555
2.57039403915,0.676767706871,0.906529009342,-0.0141712902114,0.920700311661
2.60212731361,0.676767706871,0.861317634583,-0.0163988079876,0.877716422081
2.63386058807,0.676767706871,0.815238893032,-0.0181107893586,0.833349704742
2.66559386253,0.676767706871,0.768339276314,-0.0193091351539,0.787648439407
2.69732713699,0.676767706871,0.720666050911,-0.0200090222061,0.740675091743
2.72906041145,0.676767706871,0.672267198563,-0.020234471187,0.692501664162
2.76079368591,0.676767706871,0.623191356659,-0.0200166143477,0.643207967281
2.79252696037,0.676767706871,0.573488116264,-0.0193908698857,0.592878997326
2.82426023483,0.676767706871,0.523207366467,-0.0183951538056,0.541602492332
2.85599327087,0.676767706871,0.472400158644,-0.0170680060983,0.489468157291
2.88772678375,0.676767706871,0.421116471291,-0.0154487323016,0.436565190554
2.91945981979,0.676767706871,0.369409620762,-0.0135753639042,0.382984995842
2.95119309425,0.676767706871,0.317330360413,-0.0114846127108,0.328814983368
2.98292636871,0.676767706871,0.264931619167,-0.00921146385372,0.274143069983
3.01465964317,0.676767706871,0.212266087532,-0.00678952923045,0.219055622816
3.04639291763,0.676767706871,0.159386843443,-0.00424994993955,0.163636788726
3.07812619209,0.676767706871,0.106347091496,-0.0016220761463,0.107969164848
3.10985946655,0.676767706871,0.0532002523541,0.00106694549322,0.0521333068609
3.14159274101,0.676767706871,-1.46587694871e-07,0.00379139976576,0.00379154644907
0,0.686868667603,0,-0.0246069636196,0.0246069636196
0.0317332595587,0.686868667603,0.0535208545625,-0.0230614226311,0.076582275331
0.0634665191174,0.686868667603,0.106987833977,-0.0213812422007,0.12836907804
0.095199778676,0.686868667603,0.160347059369,-0.0195589158684,0.179905980825
0.126933038235,0.686868667603,0.213544845581,-0.0175883546472,0.231133192778
0.158666297793,0.686868667603,0.266527593136,-0.0154633317143,0.281990915537
0.190399557352,0.686868667603,0.31924200058,-0.013177998364,0.332419991493
0.222132816911,0.686868667603,0.371634960175,-0.0107267405838,0.382361710072
0.253866076469,0.686868667603,0.423653662205,-0.00810393318534,0.431757599115
0.285599350929,0.686868667603,0.475245863199,-0.0053024282679,0.480548292398
0.317332595587,0.686868667603,0.526359438896,-0.00231273891404,0.528672158718
0.349065840244,0.686868667603,0.576943039894,0.000879181548953,0.576063871384
0.380799114704,0.686868667603,0.626945793629,0.00429250812158,0.622653305531
0.412532389164,0.686868667603,0.676317214966,0.00795535743237,0.668361842632
0.444265633821,0.686868667603,0.725007534027,0.0119039230049,0.713103592396
0.475998878479,0.686868667603,0.772967994213,0.0161844752729,0.756783545017
0.507732152939,0.686868667603,0.820150077343,0.0208518728614,0.799298226833
0.539465427399,0.686868667603,0.86650633812,0.0259693451226,0.840537011623
0.571198701859,0.686868667603,0.911990106106,0.0316058620811,0.880384266376
0.602931916714,0.686868667603,0.95655554533,0.0378347188234,0.918720841408
0.634665191174,0.686868667603,1.0001578331,0.0447292253375,0.955428600311
0.666398465633,0.686868667603,1.0427531004,0.0523603744805,0.990392744541
0.698131680489,0.686868667603,1.08429825306,0.0607895553112,1.02350866795
0.729864954948,0.686868667603,1.12475168705,0.0700650587678,1.05468666553
0.761598229408,0.686868667603,1.164072752,0.0802167281508,1.0838559866
0.793331503868,0.686868667603,1.20222151279,0.0912599265575,1.11096155643
0.825064778328,0.686868667603,1.23915970325,0.103201285005,1.13595843315
0.856797993183,0.686868667603,1.27485024929,0.116057120264,1.15879309177
0.888531267643,0.686868667603,1.3092571497,0.129874378443,1.17938280106
0.920264542103,0.686868667603,1.34234571457,0.144753783941,1.19759190083
0.951997756958,0.686868667603,1.37408256531,0.160842478275,1.21324014664
0.983731031418,0.686868667603,1.40443599224,0.178264975548,1.22617101669
1.01546430588,0.686868667603,1.43337523937,0.197007447481,1.23636782169
1.04719758034,0.686868667603,1.46087110043,0.216893866658,1.24397718906
1.0789308548,0.686868667603,1.48689615726,0.237781092525,1.24911510944
1.11066412926,0.686868667603,1.51142394543,0.259873956442,1.25154995918
1.14239740372,0.686868667603,1.53442978859,0.283866465092,1.2505633831
1.17413055897,0.686868667603,1.55589056015,0.310738742352,1.24515175819
1.20586383343,0.686868667603,1.57578468323,0.341785103083,1.23399960995
1.23759710789,0.686868667603,1.59409224987,0.378208369017,1.21588385105
1.26933038235,0.686868667603,1.61079466343,0.417582839727,1.1932117939
1.30106365681,0.686868667603,1.62587511539,0.454759716988,1.17111539841
1.33279693127,0.686868667603,1.6393185854,0.487180024385,1.15213859081
1.36453020573,0.686868667603,1.65111112595,0.514553666115,1.13655745983
1.39626336098,0.686868667603,1.66124129295,0.536951363087,1.12428998947
1.42799663544,0.686868667603,1.66969871521,0.554300785065,1.11539793015
1.4597299099,0.686868667603,1.67647492886,0.566515505314,1.10995936394
1.49146318436,0.686868667603,1.68156313896,0.573703408241,1.10785973072
1.52319645882,0.686868667603,1.68495798111,0.576239109039,1.10871887207
1.55492973328,0.686868667603,1.68665635586,0.574543237686,1.11211311817
1.58666300774,0.686868667603,1.68665635586,0.568505167961,1.1181511879
1.6183962822,0.686868667603,1.68495798111,0.55742675066,1.12753129005
1.65012955666,0.686868667603,1.68156313896,0.541264891624,1.14029824734
1.68186283112,0.686868667603,1.67647492886,0.520790219307,1.15568470955
1.71359610558,0.686868667603,1.66969871521,0.495870292187,1.17382836342
1.74532938004,0.686868667603,1.66124129295,0.464223086834,1.19701814651
1.77706253529,0.686868667603,1.65111112595,0.422719568014,1.22839152813
1.80879580975,0.686868667603,1.6393185854,0.371759653091,1.2675589323
1.84052908421,0.686868667603,1.62587511539,0.31633195281,1.30954313278
1.87226235867,0.686868667603,1.61079466343,0.261988848448,1.34880578518
1.90399563313,0.686868667603,1.59409213066,0.212085723877,1.38200640678
1.93572890759,0.686868667603,1.57578468323,0.168090850115,1.40769386292
1.96746218204,0.686868667603,1.55589056015,0.130988284945,1.42490231991
1.9991953373,0.686868667603,1.53442966938,0.101880900562,1.43254876137
2.03092861176,0.686868667603,1.51142382622,0.0808819457889,1.43054187298
2.06266188622,0.686868667603,1.48689603806,0.0660549253225,1.42084109783
2.09439516068,0.686868667603,1.46087110043,0.0548022687435,1.40606880188
2.12612843513,0.686868667603,1.43337512016,0.0455603450537,1.38781476021
2.15786170959,0.686868667603,1.40443587303,0.0376879349351,1.36674797535
2.18959498405,0.686868667603,1.37408256531,0.0308663807809,1.3432161808
2.22132825851,0.686868667603,1.34234559536,0.0248710587621,1.31747448444
2.25306153297,0.686868667603,1.30925691128,0.0195140074939,1.28974294662
2.28479480743,0.686868667603,1.27485013008,0.0146109703928,1.2602391243
2.31652784348,0.686868667603,1.23915982246,0.0099910479039,1.2291687727
2.34826135635,0.686868667603,1.20222127438,0.0055374824442,1.19668376446
2.3799943924,0.686868667603,1.164072752,0.00121105043218,1.16286170483
2.41172790527,0.686868667603,1.12475144863,-0.00295844092034,1.12770986557
2.44346094131,0.686868667603,1.08429837227,-0.00689903507009,1.09119737148
2.47519421577,0.686868667603,1.0427531004,-0.0105237979442,1.05327689648
2.50692749023,0.686868667603,1.00015771389,-0.0137513354421,1.01390910149
2.53866076469,0.686868667603,0.956555426121,-0.0165172237903,0.973072648048
2.57039403915,0.686868667603,0.911989986897,-0.0187776461244,0.930767655373
2.60212731361,0.686868667603,0.86650621891,-0.02051034756,0.88701659441
2.63386058807,0.686868667603,0.820149898529,-0.0217114482075,0.841861367226
2.66559386253,0.686868667603,0.772967815399,-0.0223923120648,0.795360147953
2.69732713699,0.686868667603,0.725007414818,-0.0225766580552,0.747584044933
2.72906041145,0.686868667603,0.676316976547,-0.0222956836224,0.698612689972
2.76079368591,0.686868667603,0.626945495605,-0.0215870384127,0.648532509804
2.79252696037,0.686868667603,0.576942801476,-0.020490847528,0.597433626652
2.82426023483,0.686868667603,0.526359200478,-0.0190497338772,0.545408964157
2.85599327087,0.686868667603,0.475245922804,-0.0173058956861,0.492551803589
2.88772678375,0.686868667603,0.423653304577,-0.0153011754155,0.438954472542
2.91945981979,0.686868667603,0.371634960175,-0.0130760446191,0.384710997343
2.95119309425,0.686868667603,0.31924200058,-0.0106688551605,0.329910844564
2.98292636871,0.686868667603,0.266527563334,-0.00811661686748,0.274644166231
3.01465964317,0.686868667603,0.213544800878,-0.00545342173427,0.218998223543
3.04639291763,0.686868667603,0.160346999764,-0.00271163089201,0.163058623672
3.07812619209,0.686868667603,0.106987729669,7.9105142504e-05,0.106908626854
3.10985946655,0.686868667603,0.0535207353532,0.00289138639346,0.0506293475628
3.14159274101,0.686868667603,-1.47470743173e-07,0.00569989951327,0.0057000471279
0,0.696969687939,0,-0.0243200473487,0.0243200473487
0.0317332595587,0.696969687939,0.0538413412869,-0.0228202883154,0.076661631465
0.0634665191174,0.696969687939,0.1076284796,-0.0211854241788,0.128813907504
0.095199778676,0.696969687939,0.161307230592,-0.0194074716419,0.180714696646
0.126933038235,0.696969687939,0.214823573828,-0.0174791198224,0.232302695513
0.158666297793,0.696969687939,0.268123596907,-0.015392921865,0.283516526222
0.190399557352,0.696969687939,0.321153640747,-0.0131423259154,0.334295958281
0.222132816911,0.696969687939,0.37386032939,-0.0107217794284,0.384582102299
0.253866076469,0.696969687939,0.426190525293,-0.0081255659461,0.43431609869
0.285599350929,0.696969687939,0.478091686964,-0.00534798623994,0.483439683914
0.317332595587,0.696969687939,0.529511332512,-0.002381907776,0.531893253326
0.349065840244,0.696969687939,0.58039778471,0.000782602932304,0.579615175724
0.380799114704,0.696969687939,0.63069999218,0.00415971083567,0.62654030323
0.412532389164,0.696969687939,0.68036699295,0.00777067663148,0.672596335411
0.444265633821,0.696969687939,0.729348957539,0.0116461347789,0.717702805996
0.475998878479,0.696969687939,0.777596533298,0.0158265419304,0.761770009995
0.507732152939,0.696969687939,0.825061202049,0.0203637126833,0.80469751358
0.539465427399,0.696969687939,0.871695041656,0.025319237262,0.846375823021
0.571198701859,0.696969687939,0.917451143265,0.030763681978,0.886687457561
0.602931916714,0.696969687939,0.962283432484,0.0367747619748,0.925508677959
0.634665191174,0.696969687939,1.00614690781,0.0434331744909,0.962713718414
0.666398465633,0.696969687939,1.04899716377,0.0508199967444,0.998177170753
0.698131680489,0.696969687939,1.09079110622,0.0590106621385,1.03178048134
0.729864954948,0.696969687939,1.13148677349,0.0680672824383,1.06341946125
0.761598229408,0.696969687939,1.17104327679,0.0780341997743,1.09300911427
0.793331503868,0.696969687939,1.20942044258,0.0889355018735,1.12048494816
0.825064778328,0.696969687939,1.24657988548,0.100782737136,1.14579713345
0.856797993183,0.696969687939,1.28248417377,0.113591298461,1.16889286041
0.888531267643,0.696969687939,1.31709706783,0.127409771085,1.18968725204
0.920264542103,0.696969687939,1.35038375854,0.142347663641,1.2080360651
0.951997756958,0.696969687939,1.38231062889,0.158575922251,1.22373473644
0.983731031418,0.696969687939,1.41284584999,0.176247283816,1.23659861088
1.01546430588,0.696969687939,1.44195830822,0.195356592536,1.24660170078
1.04719758034,0.696969687939,1.46961891651,0.215706050396,1.25391292572
1.0789308548,0.696969687939,1.49579977989,0.237141415477,1.25865840912
1.11066412926,0.696969687939,1.5204744339,0.259923964739,1.26055049896
1.14239740372,0.696969687939,1.543618083,0.284869343042,1.25874876976
1.17413055897,0.696969687939,1.56520736217,0.313105225563,1.25210213661
1.20586383343,0.696969687939,1.58522057533,0.346103698015,1.23911690712
1.23759710789,0.696969687939,1.60363781452,0.38448920846,1.21914863586
1.26933038235,0.696969687939,1.62044024467,0.424476772547,1.19596350193
1.30106365681,0.696969687939,1.63561093807,0.461118757725,1.17449212074
1.33279693127,0.696969687939,1.64913487434,0.492750495672,1.15638434887
1.36453020573,0.696969687939,1.660998106,0.519408762455,1.14158940315
1.39626336098,0.696969687939,1.67118895054,0.541205227375,1.12998366356
1.42799663544,0.696969687939,1.67969703674,0.558077037334,1.1216199398
1.4597299099,0.696969687939,1.68651378155,0.569952785969,1.11656093597
1.49146318436,0.696969687939,1.69163239002,0.576912164688,1.11472022533
1.52319645882,0.696969687939,1.69504761696,0.579218566418,1.11582899094
1.55492973328,0.696969687939,1.6967561245,0.577216506004,1.11953961849
1.58666300774,0.696969687939,1.6967561245,0.57097697258,1.12577915192
1.6183962822,0.696969687939,1.69504761696,0.559900224209,1.13514733315
1.65012955666,0.696969687939,1.69163239002,0.543515980244,1.14811635017
1.68186283112,0.696969687939,1.68651378155,0.522527456284,1.16398632526
1.71359610558,0.696969687939,1.67969703674,0.497513115406,1.18218398094
1.74532938004,0.696969687939,1.67118895054,0.46697255969,1.20421636105
1.77706253529,0.696969687939,1.660998106,0.427450418472,1.23354768753
1.80879580975,0.696969687939,1.64913487434,0.37757614255,1.2715587616
1.84052908421,0.696969687939,1.63561093807,0.321290016174,1.3143209219
1.87226235867,0.696969687939,1.62044024467,0.264708846807,1.35573136806
1.90399563313,0.696969687939,1.60363769531,0.21216621995,1.39147150517
1.93572890759,0.696969687939,1.58522057533,0.165658742189,1.41956186295
1.96746218204,0.696969687939,1.56520736217,0.126239657402,1.43896770477
1.9991953373,0.696969687939,1.54361796379,0.0950339511037,1.44858396053
2.03092861176,0.696969687939,1.52047431469,0.0724096894264,1.44806456566
2.06266188622,0.696969687939,1.49579966068,0.0565671771765,1.43923246861
2.09439516068,0.696969687939,1.46961891651,0.0446947775781,1.42492413521
2.12612843513,0.696969687939,1.44195818901,0.0350849926472,1.40687322617
2.15786170959,0.696969687939,1.41284573078,0.0271634981036,1.38568222523
2.18959498405,0.696969687939,1.38231062889,0.0206681843847,1.3616424799
2.22132825851,0.696969687939,1.35038363934,0.0152826029807,1.33510100842
2.25306153297,0.696969687939,1.31709682941,0.0106289479882,1.30646789074
2.28479480743,0.696969687939,1.28248393536,0.00636281678453,1.27612113953
2.31652784348,0.696969687939,1.24658000469,0.00225311657414,1.24432682991
2.34826135635,0.696969687939,1.20942020416,-0.00179568910971,1.21121585369
2.3799943924,0.696969687939,1.17104327679,-0.00577079923823,1.17681407928
2.41172790527,0.696969687939,1.13148653507,-0.00959401763976,1.1410804987
2.44346094131,0.696969687939,1.09079122543,-0.0131626948714,1.10395395756
2.47519421577,0.696969687939,1.04899716377,-0.0163760557771,1.0653731823
2.50692749023,0.696969687939,1.0061467886,-0.0191505998373,1.02529740334
2.53866076469,0.696969687939,0.962283372879,-0.0214268323034,0.983710229397
2.57039403915,0.696969687939,0.917451024055,-0.0231698025018,0.940620839596
2.60212731361,0.696969687939,0.871694922447,-0.0243670754135,0.896062016487
2.63386058807,0.696969687939,0.825061023235,-0.0250250082463,0.850086033344
2.66559386253,0.696969687939,0.777596414089,-0.0251639895141,0.80276042223
2.69732713699,0.696969687939,0.729348778725,-0.0248159002513,0.75416469574
2.72906041145,0.696969687939,0.680366814137,-0.0240192860365,0.704386115074
2.76079368591,0.696969687939,0.630699694157,-0.0228175222874,0.653517246246
2.79252696037,0.696969687939,0.580397605896,-0.0212559401989,0.601653575897
2.82426023483,0.696969687939,0.529511034489,-0.0193815752864,0.548892617226
2.85599327087,0.696969687939,0.478091716766,-0.0172398705035,0.495331585407
2.88772678375,0.696969687939,0.426190167665,-0.0148753542453,0.441065520048
2.91945981979,0.696969687939,0.373860359192,-0.0123310256749,0.386191397905
2.95119309425,0.696969687939,0.321153640747,-0.0096472967416,0.330800950527
2.98292636871,0.696969687939,0.268123567104,-0.00686186412349,0.274985432625
3.01465964317,0.696969687939,0.214823514223,-0.00401039840654,0.218833908439
3.04639291763,0.696969687939,0.161307170987,-0.00112496409565,0.162432134151
3.07812619209,0.696969687939,0.107628382742,0.00176392262802,0.105864457786
3.10985946655,0.696969687939,0.0538412220776,0.00462977075949,0.0492114499211
3.14159274101,0.696969687939,-1.48353805685e-07,0.00744775636122,0.00744790490717
0,0.707070708275,0,-0.0240248441696,0.0240248441696
0.0317332595587,0.707070708275,0.054161824286,-0.0225711073726,0.0767329335213
0.0634665191174,0.707070708275,0.108269125223,-0.0209830701351,0.129252195358
0.095199778676,0.707070708275,0.162267386913,-0.0192517768592,0.181519165635
0.126933038235,0.707070708275,0.216102272272,-0.0173685289919,0.233470797539
0.158666297793,0.707070708275,0.269719541073,-0.0153250042349,0.285044550896
0.190399557352,0.707070708275,0.323065251112,-0.0131135145202,0.336178779602
0.222132816911,0.707070708275,0.376085668802,-0.0107273180038,0.386812984943
0.253866076469,0.707070708275,0.42872735858,-0.00815993733704,0.436887294054
0.285599350929,0.707070708275,0.480937451124,-0.00540613522753,0.486343592405
0.317332595587,0.707070708275,0.532663166523,-0.00245979288593,0.535122931004
0.349065840244,0.707070708275,0.583852529526,0.000685831997544,0.583166718483
0.380799114704,0.707070708275,0.634454131126,0.00404099980369,0.630413115025
0.412532389164,0.707070708275,0.68441683054,0.0076209786348,0.676795840263
0.444265633821,0.707070708275,0.733690321445,0.0114491134882,0.722241222858
0.475998878479,0.707070708275,0.782225072384,0.0155591834337,0.766665875912
0.507732152939,0.707070708275,0.829972267151,0.0199972055852,0.809975087643
0.539465427399,0.707070708275,0.876883685589,0.0248215012252,0.852062165737
0.571198701859,0.707070708275,0.922912120819,0.030101891607,0.892810225487
0.602931916714,0.707070708275,0.968011319637,0.0359183885157,0.932092905045
0.634665191174,0.707070708275,1.0121358633,0.0423574261367,0.969778418541
0.666398465633,0.707070708275,1.05524110794,0.0495089963078,1.00573205948
0.698131680489,0.707070708275,1.09728384018,0.057460822165,1.03982305527
0.729864954948,0.707070708275,1.13822174072,0.0662908777595,1.07193088531
0.761598229408,0.707070708275,1.17801368237,0.0760588496923,1.10195481777
0.793331503868,0.707070708275,1.21661937237,0.0868023708463,1.12981700897
0.825064778328,0.707070708275,1.25400006771,0.09853926301,1.1554608345
0.856797993183,0.707070708275,1.29011797905,0.111287608743,1.17883038521
0.888531267643,0.707070708275,1.32493686676,0.125096723437,1.19984018803
0.920264542103,0.707070708275,1.35842168331,0.140086069703,1.21833562851
0.951997756958,0.707070708275,1.39053869247,0.156450778246,1.23408794403
0.983731031418,0.707070708275,1.42125558853,0.174377009273,1.24687862396
1.01546430588,0.707070708275,1.45054137707,0.193871289492,1.25667011738
1.04719758034,0.707070708275,1.47836661339,0.214715436101,1.26365113258
1.0789308548,0.707070708275,1.50470328331,0.236750796437,1.26795244217
1.11066412926,0.707070708275,1.52952480316,0.260314106941,1.26921069622
1.14239740372,0.707070708275,1.55280613899,0.286359280348,1.26644682884
1.17413055897,0.707070708275,1.57452392578,0.316173762083,1.2583501339
1.20586383343,0.707070708275,1.59465634823,0.351310282946,1.24334609509
1.23759710789,0.707070708275,1.61318325996,0.391450345516,1.22173285484
1.26933038235,0.707070708275,1.6300855875,0.431672692299,1.1984128952
1.30106365681,0.707070708275,1.64534676075,0.467673510313,1.17767322063
1.33279693127,0.707070708275,1.65895104408,0.498572289944,1.16037869453
1.36453020573,0.707070708275,1.67088496685,0.524593889713,1.14629101753
1.39626336098,0.707070708275,1.68113636971,0.545855224133,1.13528108597
1.42799663544,0.707070708275,1.68969511986,0.562301516533,1.12739360332
1.4597299099,0.707070708275,1.69655251503,0.573881328106,1.12267112732
1.49146318436,0.707070708275,1.70170164108,0.580659687519,1.12104201317
1.52319645882,0.707070708275,1.7051371336,0.582802474499,1.1223347187
1.55492973328,0.707070708275,1.70685577393,0.580528140068,1.12632763386
1.58666300774,0.707070708275,1.70685577393,0.573975205421,1.1328805685
1.6183962822,0.707070708275,1.7051371336,0.562814295292,1.1423227787
1.65012955666,0.707070708275,1.70170164108,0.546390235424,1.15531134605
1.68186283112,0.707070708275,1.69655251503,0.525041341782,1.17151117325
1.71359610558,0.707070708275,1.68969511986,0.499792397022,1.18990278244
1.74532938004,0.707070708275,1.68113636971,0.470029562712,1.21110677719
1.77706253529,0.707070708275,1.67088496685,0.43247243762,1.23841249943
1.80879580975,0.707070708275,1.65895104408,0.384230524302,1.27472054958
1.84052908421,0.707070708275,1.64534676075,0.327681422234,1.31766533852
1.87226235867,0.707070708275,1.6300855875,0.269123882055,1.36096167564
1.90399563313,0.707070708275,1.61318314075,0.213912919164,1.39927017689
1.93572890759,0.707070708275,1.59465634823,0.164722889662,1.42993342876
1.96746218204,0.707070708275,1.57452392578,0.122727192938,1.4517967701
1.9991953373,0.707070708275,1.55280613899,0.0890275612473,1.463778615
2.03092861176,0.707070708275,1.52952468395,0.0642584338784,1.46526622772
2.06266188622,0.707070708275,1.5047031641,0.0469402708113,1.45776283741
2.09439516068,0.707070708275,1.47836661339,0.0342327132821,1.44413387775
2.12612843513,0.707070708275,1.45054125786,0.0243327524513,1.42620849609
2.15786170959,0.707070708275,1.42125546932,0.0166343674064,1.40462112427
2.18959498405,0.707070708275,1.39053869247,0.0107277613133,1.3798109293
2.22132825851,0.707070708275,1.3584215641,0.00605284469202,1.35236871243
2.25306153297,0.707070708275,1.32493674755,0.00204248307273,1.32289421558
2.28479480743,0.707070708275,1.29011774063,-0.00171248801053,1.29183018208
2.31652784348,0.707070708275,1.25400006771,-0.00541921379045,1.25941932201
2.34826135635,0.707070708275,1.21661913395,-0.00911749340594,1.22573661804
2.3799943924,0.707070708275,1.17801368237,-0.0127451103181,1.19075882435
2.41172790527,0.707070708275,1.13822162151,-0.0161931328475,1.15441477299
2.44346094131,0.707070708275,1.09728395939,-0.0193440560251,1.1166280508
2.47519421577,0.707070708275,1.05524110794,-0.0220942217857,1.07733535767
2.50692749023,0.707070708275,1.01213574409,-0.0243651773781,1.03650093079
2.53866076469,0.707070708275,0.968011200428,-0.0261061750352,0.994117379189
2.57039403915,0.707070708275,0.92291200161,-0.0272928290069,0.950204849243
2.60212731361,0.707070708275,0.87688356638,-0.027923187241,0.904806733131
2.63386058807,0.707070708275,0.829972088337,-0.0280140005052,0.857986092567
2.66559386253,0.707070708275,0.782224953175,-0.0275950375944,0.809819996357
2.69732713699,0.707070708275,0.733690142632,-0.0267063081264,0.76039648056
2.72906041145,0.707070708275,0.684416592121,-0.0253935717046,0.709810137749
2.76079368591,0.707070708275,0.634453833103,-0.0237060990185,0.658159911633
2.79252696037,0.707070708275,0.583852350712,-0.0216950308532,0.605547368526
2.82426023483,0.707070708275,0.532662928104,-0.0194108877331,0.552073836327
2.85599327087,0.707070708275,0.480937510729,-0.0169030521065,0.497840553522
2.88772678375,0.707070708275,0.428727000952,-0.0142190270126,0.442946016788
2.91945981979,0.707070708275,0.376085698605,-0.0114039909095,0.387489676476
2.95119309425,0.707070708275,0.323065251112,-0.00849948823452,0.331564724445
2.98292636871,0.707070708275,0.269719511271,-0.00554470717907,0.275264203548
3.01465964317,0.707070708275,0.216102227569,-0.00257540913299,0.218677639961
3.04639291763,0.707070708275,0.162267327309,0.000376459211111,0.161890864372
3.07812619209,0.707070708275,0.108269020915,0.00328154442832,0.104987479746
3.10985946655,0.707070708275,0.0541617013514,0.00611430639401,0.0480473935604
3.14159274101,0.707070708275,-1.49236868197e-07,0.00885218940675,0.00885233841836
0,0.717171728611,0,-0.0237305294722,0.0237305294722
0.0317332595587,0.717171728611,0.0544823072851,-0.0223216302693,0.0768039375544
0.0634665191174,0.717171728611,0.108909763396,-0.0207804236561,0.129690185189
0.095199778676,0.717171728611,0.163227543235,-0.0190968811512,0.182324424386
0.126933038235,0.717171728611,0.217380985618,-0.0172613076866,0.234642297029
0.158666297793,0.717171728611,0.271315515041,-0.0152641236782,0.28657963872
0.190399557352,0.717171728611,0.324976861477,-0.0130961127579,0.338072985411
0.222132816911,0.717171728611,0.378311008215,-0.0107489340007,0.38905993104
0.253866076469,0.717171728611,0.431264191866,-0.00821523275226,0.439479410648
0.285599350929,0.717171728611,0.483783215284,-0.00548834027722,0.489271551371
0.317332595587,0.717171728611,0.535815000534,-0.00256263068877,0.538377642632
0.349065840244,0.717171728611,0.587307274342,0.000567773822695,0.586739480495
0.380799114704,0.717171728611,0.638208270073,0.00390976434574,0.634298503399
0.412532389164,0.717171728611,0.688466608524,0.00747383898124,0.680992782116
0.444265633821,0.717171728611,0.738031625748,0.0112767536193,0.726754844189
0.475998878479,0.717171728611,0.786853611469,0.0153442844748,0.771509349346
0.507732152939,0.717171728611,0.834883272648,0.0197151117027,0.815168142319
0.539465427399,0.717171728611,0.882072329521,0.0244410596788,0.857631266117
0.571198701859,0.717171728611,0.928373098373,0.0295896977186,0.898783385754
0.602931916714,0.717171728611,0.973739147186,0.035240214318,0.938498914242
0.634665191174,0.717171728611,1.0181248188,0.0414830371737,0.976641774178
0.666398465633,0.717171728611,1.06148517132,0.0484152697027,1.01306986809
0.698131680489,0.717171728611,1.10377657413,0.0561358034611,1.04764080048
0.729864954948,0.717171728611,1.14495682716,0.0647372826934,1.08021950722
0.761598229408,0.717171728611,1.18498420715,0.0742969661951,1.11068725586
0.793331503868,0.717171728611,1.22381818295,0.0848678946495,1.1389503479
0.825064778328,0.717171728611,1.26142013073,0.0964793935418,1.16494071484
0.856797993183,0.717171728611,1.29775178432,0.109153516591,1.18859827518
0.888531267643,0.717171728611,1.3327767849,0.122941590846,1.2098351717
0.920264542103,0.717171728611,1.36645960808,0.137972652912,1.22848701477
0.951997756958,0.717171728611,1.39876663685,0.154468849301,1.24429774284
0.983731031418,0.717171728611,1.42966532707,0.172653079033,1.25701224804
1.01546430588,0.717171728611,1.45912444592,0.192548274994,1.26657617092
1.04719758034,0.717171728611,1.48711431026,0.213919326663,1.27319502831
1.0789308548,0.717171728611,1.51360678673,0.236612200737,1.27699458599
1.11066412926,0.717171728611,1.53857517242,0.261059343815,1.27751588821
1.14239740372,0.717171728611,1.56199431419,0.288369238377,1.27362513542
1.17413055897,0.717171728611,1.5838406086,0.319986581802,1.26385402679
1.20586383343,0.717171728611,1.60409224033,0.357368975878,1.24672329426
1.23759710789,0.717171728611,1.62272870541,0.398945212364,1.22378349304
1.26933038235,0.717171728611,1.63973104954,0.439082950354,1.20064806938
1.30106365681,0.717171728611,1.65508246422,0.474410831928,1.18067169189
1.33279693127,0.717171728611,1.66876733303,0.50465375185,1.16411352158
1.36453020573,0.717171728611,1.6807718277,0.530120790005,1.15065097809
1.39626336098,0.717171728611,1.69108390808,0.550913989544,1.14016985893
1.42799663544,0.717171728611,1.69969332218,0.56698679924,1.13270652294
1.4597299099,0.717171728611,1.70659124851,0.578307569027,1.12828373909
1.49146318436,0.717171728611,1.71177077293,0.584926784039,1.12684392929
1.52319645882,0.717171728611,1.71522665024,0.586936593056,1.12829005718
1.55492973328,0.717171728611,1.71695554256,0.584439575672,1.13251590729
1.58666300774,0.717171728611,1.71695554256,0.577550411224,1.13940513134
1.6183962822,0.717171728611,1.71522665024,0.56619155407,1.14903509617
1.65012955666,0.717171728611,1.71177077293,0.549833416939,1.161937356
1.68186283112,0.717171728611,1.70659124851,0.528386116028,1.17820513248
1.71359610558,0.717171728611,1.69969332218,0.502915263176,1.19677805901
1.74532938004,0.717171728611,1.69108390808,0.473638296127,1.21744561195
1.77706253529,0.717171728611,1.6807718277,0.437860459089,1.24291133881
1.80879580975,0.717171728611,1.66876733303,0.391658186913,1.27710914612
1.84052908421,0.717171728611,1.65508246422,0.335505485535,1.31957697868
1.87226235867,0.717171728611,1.63973104954,0.275344461203,1.36438655853
1.90399563313,0.717171728611,1.6227285862,0.217474579811,1.40525400639
1.93572890759,0.717171728611,1.60409224033,0.165385693312,1.43870651722
1.96746218204,0.717171728611,1.5838406086,0.120462410152,1.46337819099
1.9991953373,0.717171728611,1.56199419498,0.08378700912,1.47820723057
2.03092861176,0.717171728611,1.53857517242,0.0563342347741,1.4822409153
2.06266188622,0.717171728611,1.51360666752,0.0372055955231,1.47640109062
2.09439516068,0.717171728611,1.48711431026,0.0237089768052,1.46340537071
2.12612843513,0.717171728611,1.45912432671,0.0138122141361,1.44531214237
2.15786170959,0.717171728611,1.42966520786,0.0065946332179,1.42307054996
2.18959498405,0.717171728611,1.39876663685,0.00133223691955,1.39743435383
2.22132825851,0.717171728611,1.36645960808,-0.00274735852145,1.36920702457
2.25306153297,0.717171728611,1.33277654648,-0.00628106016666,1.33905756474
2.28479480743,0.717171728611,1.29775154591,-0.00965654291213,1.30740809441
2.31652784348,0.717171728611,1.26142024994,-0.0130282659084,1.27444851398
2.34826135635,0.717171728611,1.22381806374,-0.0163904391229,1.24020850658
2.3799943924,0.717171728611,1.18498420715,-0.0196503736079,1.20463454723
2.41172790527,0.717171728611,1.14495658875,-0.0226843934506,1.16764092445
2.44346094131,0.717171728611,1.10377669334,-0.0253710653633,1.12914776802
2.47519421577,0.717171728611,1.06148517132,-0.0276114866138,1.08909666538
2.50692749023,0.717171728611,1.01812469959,-0.0293358005583,1.04746055603
2.53866076469,0.717171728611,0.973739027977,-0.0305034704506,1.00424253941
2.57039403915,0.717171728611,0.928373038769,-0.0311025008559,0.959475517273
2.60212731361,0.717171728611,0.882072210312,-0.0311423167586,0.913214504719
2.63386058807,0.717171728611,0.834883153439,-0.0306500941515,0.865533232689
2.66559386253,0.717171728611,0.78685349226,-0.0296656992286,0.816519200802
2.69732713699,0.717171728611,0.738031506538,-0.0282373968512,0.766268908978
2.72906041145,0.717171728611,0.688466370106,-0.0264186598361,0.714885056019
2.76079368591,0.717171728611,0.638208031654,-0.0242653172463,0.662473320961
2.79252696037,0.717171728611,0.587307035923,-0.0218338761479,0.60914093256
2.82426023483,0.717171728611,0.535814762115,-0.0191790554672,0.55499380827
2.85599327087,0.717171728611,0.483783274889,-0.0163544416428,0.500137686729
2.88772678375,0.717171728611,0.431263834238,-0.0134095959365,0.444673418999
2.91945981979,0.717171728611,0.378311038017,-0.0103916069493,0.388702630997
2.95119309425,0.717171728611,0.324976861477,-0.00734327081591,0.332320123911
2.98292636871,0.717171728611,0.271315485239,-0.00430336035788,0.275618851185
3.01465964317,0.717171728611,0.217380926013,-0.00130683276802,0.21868775785
3.04639291763,0.717171728611,0.16322748363,0.00161558622494,0.161611899734
3.07812619209,0.717171728611,0.108909666538,0.00443732878193,0.104472339153
3.10985946655,0.717171728611,0.0544821843505,0.00713562825695,0.0473465546966
3.14159274101,0.717171728611,-1.50119916498e-07,0.0096921287477,0.00969227869064
0,0.727272748947,0,-0.023449709639,0.023449709639
0.0317332595587,0.727272748947,0.0548027940094,-0.0220826715231,0.0768854618073
0.0634665191174,0.727272748947,0.10955041647,-0.020586496219,0.130136907101
0.095199778676,0.727272748947,0.164187714458,-0.0189503990114,0.183138117194
0.126933038235,0.727272748947,0.218659698963,-0.017163740471,0.235823437572
0.158666297793,0.727272748947,0.27291148901,-0.0152153633535,0.288126856089
0.190399557352,0.727272748947,0.326888531446,-0.0130947995931,0.339983344078
0.222132816911,0.727272748947,0.38053637743,-0.0107918903232,0.391328275204
0.253866076469,0.727272748947,0.433801084757,-0.00829759426415,0.442098677158
0.285599350929,0.727272748947,0.486629009247,-0.0056034415029,0.492232441902
0.317332595587,0.727272748947,0.53896689415,-0.00270279333927,0.541669666767
0.349065840244,0.727272748947,0.590762019157,0.00041067507118,0.590351343155
0.380799114704,0.727272748947,0.641962468624,0.00374231906608,0.638220131397
0.412532389164,0.727272748947,0.692516446114,0.00729973008856,0.685216724873
0.444265633821,0.727272748947,0.742373049259,0.0110936854035,0.731279373169
0.475998878479,0.727272748947,0.791482210159,0.0151423308998,0.776339888573
0.507732152939,0.727272748947,0.839794397354,0.0194757282734,0.820318698883
0.539465427399,0.727272748947,0.887261033058,0.0241376385093,0.863123416901
0.571198701859,0.727272748947,0.933834195137,0.0291890576482,0.904645144939
0.602931916714,0.727272748947,0.979467093945,0.0347070246935,0.944760084152
0.634665191174,0.727272748947,1.0241137743,0.0407828018069,0.983330965042
0.666398465633,0.727272748947,1.0677292347,0.0475189015269,1.02021038532
0.698131680489,0.727272748947,1.1102694273,0.0550232045352,1.05524623394
0.729864954948,0.727272748947,1.1516919136,0.0634018331766,1.08829009533
0.761598229408,0.727272748947,1.19195473194,0.0727494880557,1.11920523643
0.793331503868,0.727272748947,1.23101723194,0.0831376463175,1.14787960052
0.825064778328,0.727272748947,1.26884031296,0.0946097522974,1.17423057556
0.856797993183,0.727272748947,1.30538570881,0.107195727527,1.19818997383
0.888531267643,0.727272748947,1.34061670303,0.120950482786,1.2196662426
0.920264542103,0.727272748947,1.37449777126,0.136012688279,1.23848509789
0.951997756958,0.727272748947,1.40699481964,0.152632862329,1.25436198711
0.983731031418,0.727272748947,1.43807518482,0.171075835824,1.2669993639
1.01546430588,0.727272748947,1.46770751476,0.19138674438,1.27632081509
1.04719758034,0.727272748947,1.49586200714,0.213317960501,1.28254401684
1.0789308548,0.727272748947,1.52251040936,0.23673248291,1.28577792645
1.11066412926,0.727272748947,1.54762578011,0.262181222439,1.28544449806
1.14239740372,0.727272748947,1.5711826086,0.290938585997,1.28024399281
1.17413055897,0.727272748947,1.59315741062,0.324578225613,1.26857924461
1.20586383343,0.727272748947,1.61352813244,0.364209890366,1.24931824207
1.23759710789,0.727272748947,1.63227415085,0.406833857298,1.22544026375
1.26933038235,0.727272748947,1.64937663078,0.446651697159,1.20272493362
1.30106365681,0.727272748947,1.6648182869,0.481330662966,1.18348765373
1.33279693127,0.727272748947,1.67858362198,0.511005878448,1.16757774353
1.36453020573,0.727272748947,1.69065880775,0.535997569561,1.15466117859
1.39626336098,0.727272748947,1.70103156567,0.556387066841,1.14464449883
1.42799663544,0.727272748947,1.70969164371,0.572135806084,1.13755583763
1.4597299099,0.727272748947,1.71662998199,0.583226084709,1.13340389729
1.49146318436,0.727272748947,1.7218401432,0.589691281319,1.13214886189
1.52319645882,0.727272748947,1.72531628609,0.591570019722,1.13374626637
1.55492973328,0.727272748947,1.7270553112,0.588889956474,1.13816535473
1.58666300774,0.727272748947,1.7270553112,0.581717073917,1.14533829689
1.6183962822,0.727272748947,1.72531628609,0.570114910603,1.15520143509
1.65012955666,0.727272748947,1.7218401432,0.553839623928,1.16800045967
1.68186283112,0.727272748947,1.71662998199,0.532570362091,1.1840596199
1.71359610558,0.727272748947,1.70969164371,0.507036149502,1.20265555382
1.74532938004,0.727272748947,1.70103156567,0.478031933308,1.22299957275
1.77706253529,0.727272748947,1.69065880775,0.443724781275,1.24693405628
1.80879580975,0.727272748947,1.67858362198,0.399779528379,1.2788040638
1.84052908421,0.727272748947,1.6648182869,0.344696760178,1.32012152672
1.87226235867,0.727272748947,1.64937663078,0.283416509628,1.36596012115
1.90399563313,0.727272748947,1.63227403164,0.222935140133,1.40933895111
1.93572890759,0.727272748947,1.61352813244,0.167672246695,1.44585585594
1.96746218204,0.727272748947,1.59315741062,0.119385696948,1.47377169132
1.9991953373,0.727272748947,1.5711824894,0.0792662575841,1.49191617966
2.03092861176,0.727272748947,1.5476256609,0.0487907417119,1.49883496761
2.06266188622,0.727272748947,1.52251029015,0.0278314948082,1.49467873573
2.09439516068,0.727272748947,1.49586200714,0.0137931071222,1.48206889629
2.12612843513,0.727272748947,1.46770751476,0.00410151155666,1.46360599995
2.15786170959,0.727272748947,1.43807506561,-0.00266209361143,1.44073712826
2.18959498405,0.727272748947,1.40699481964,-0.00747328158468,1.41446805
2.22132825851,0.727272748947,1.37449765205,-0.0111767873168,1.38567447662
2.25306153297,0.727272748947,1.34061646461,-0.0143956169486,1.35501205921
2.28479480743,0.727272748947,1.30538547039,-0.0174780860543,1.3228635788
2.31652784348,0.727272748947,1.26884031296,-0.0205427333713,1.28938305378
2.34826135635,0.727272748947,1.23101699352,-0.0235592797399,1.25457632542
2.3799943924,0.727272748947,1.19195473194,-0.0264211781323,1.21837592125
2.41172790527,0.727272748947,1.15169167519,-0.0290012191981,1.18069291115
2.44346094131,0.727272748947,1.11026954651,-0.0311813764274,1.14145088196
2.47519421577,0.727272748947,1.0677292347,-0.0328710786998,1.10060036182
2.50692749023,0.727272748947,1.02411365509,-0.0340113677084,1.05812501907
2.53866076469,0.727272748947,0.979466974735,-0.0345747843385,1.01404178143
2.57039403915,0.727272748947,0.933834075928,-0.0345620252192,0.968396127224
2.60212731361,0.727272748947,0.887260913849,-0.0339948423207,0.921255767345
2.63386058807,0.727272748947,0.839794278145,-0.0329125151038,0.872706770897
2.66559386253,0.727272748947,0.791482031345,-0.0313652455807,0.822847247124
2.69732713699,0.727272748947,0.742372870445,-0.0294108632952,0.771783709526
2.72906041145,0.727272748947,0.692516207695,-0.0271104108542,0.719626605511
2.76079368591,0.727272748947,0.641962170601,-0.0245273187757,0.666489481926
2.79252696037,0.727272748947,0.590761840343,-0.0217232499272,0.61248511076
2.82426023483,0.727272748947,0.538966596127,-0.0187576953322,0.557724297047
2.85599327087,0.727272748947,0.486629068851,-0.0156871005893,0.502316176891
2.88772678375,0.727272748947,0.433800697327,-0.0125634465367,0.44636413455
2.91945981979,0.727272748947,0.380536407232,-0.00943426787853,0.38997066021
2.95119309425,0.727272748947,0.326888531446,-0.00634176749736,0.333230286837
2.98292636871,0.727272748947,0.27291148901,-0.00332305021584,0.276234537363
3.01465964317,0.727272748947,0.21865965426,-0.000409765634686,0.219069421291
3.04639291763,0.727272748947,0.164187639952,0.00237136939541,0.161816269159
3.07812619209,0.727272748947,0.109550312161,0.00499822990969,0.104552082717
3.10985946655,0.727272748947,0.0548026710749,0.00745414523408,0.0473485253751
3.14159274101,0.727272748947,-1.5100297901e-07,0.00972599349916,0.00972614437342
0,0.737373709679,0,-0.0231992732733,0.0231992732733
0.0317332595587,0.737373709679,0.0551232770085,-0.0218689609319,0.0769922360778
0.0634665191174,0.737373709679,0.110191062093,-0.0204138159752,0.130604878068
0.095199778676,0.737373709679,0.165147870779,-0.0188226196915,0.183970496058
0.126933038235,0.737373709679,0.219938412309,-0.0170838851482,0.237022295594
0.158666297793,0.737373709679,0.274507462978,-0.015185335651,0.289692789316
0.190399557352,0.737373709679,0.328800141811,-0.0131150260568,0.341915160418
0.222132816911,0.737373709679,0.382761746645,-0.0108609348536,0.3936226964
0.253866076469,0.737373709679,0.436337918043,-0.0084120715037,0.444749981165
0.285599350929,0.737373709679,0.489474803209,-0.00575781660154,0.495232611895
0.317332595587,0.737373709679,0.542118728161,-0.00288892514072,0.545007646084
0.349065840244,0.737373709679,0.594216763973,0.000201389659196,0.594015359879
0.380799114704,0.737373709679,0.645716607571,0.00352016696706,0.642196416855
0.412532389164,0.737373709679,0.696566224098,0.00707279006019,0.68949341774
0.444265633821,0.737373709679,0.746714353561,0.0108668189496,0.735847532749
0.475998878479,0.737373709679,0.796110749245,0.0149140451103,0.781196713448
0.507732152939,0.737373709679,0.844705462456,0.0192356184125,0.825469851494
0.539465427399,0.737373709679,0.892449617386,0.0238654501736,0.868584156036
0.571198701859,0.737373709679,0.939295172691,0.0288557484746,0.910439431667
0.602931916714,0.737373709679,0.985194921494,0.0342776663601,0.950917243958
0.634665191174,0.737373709679,1.0301027298,0.0402206629515,0.989882051945
0.666398465633,0.737373709679,1.07397317886,0.0467902012169,1.02718293667
0.698131680489,0.737373709679,1.11676228046,0.0541009865701,1.06266129017
0.729864954948,0.737373709679,1.15842688084,0.0622708871961,1.09615600109
0.761598229408,0.737373709679,1.19892513752,0.0714109092951,1.12751424313
0.793331503868,0.737373709679,1.23821616173,0.0816112682223,1.15660488605
0.825064778328,0.737373709679,1.27626037598,0.0929337367415,1.18332660198
0.856797993183,0.737373709679,1.31301951408,0.105419568717,1.20759999752
0.888531267643,0.737373709679,1.34845650196,0.119129128754,1.22932732105
0.920264542103,0.737373709679,1.38253569603,0.134211555123,1.24832415581
0.951997756958,0.737373709679,1.41522276402,0.150947123766,1.26427567005
0.983731031418,0.737373709679,1.44648492336,0.16964802146,1.2768368721
1.01546430588,0.737373709679,1.47629058361,0.190387994051,1.28590261936
1.04719758034,0.737373709679,1.50460970402,0.212914288044,1.29169535637
1.0789308548,0.737373709679,1.53141391277,0.237122893333,1.29429101944
1.11066412926,0.737373709679,1.55667614937,0.263707458973,1.29296875
1.14239740372,0.737373709679,1.58037078381,0.294110387564,1.28626036644
1.17413055897,0.737373709679,1.60247409344,0.329969733953,1.27250432968
1.20586383343,0.737373709679,1.62296390533,0.371731698513,1.25123214722
1.23759710789,0.737373709679,1.64181959629,0.414995968342,1.22682356834
1.26933038235,0.737373709679,1.65902197361,0.454350322485,1.20467162132
1.30106365681,0.737373709679,1.67455399036,0.488442182541,1.18611180782
1.33279693127,0.737373709679,1.68839991093,0.517637550831,1.17076230049
1.36453020573,0.737373709679,1.7005456686,0.542227387428,1.15831828117
1.39626336098,0.737373709679,1.71097910404,0.562271118164,1.14870798588
1.42799663544,0.737373709679,1.71968972683,0.577738404274,1.14195132256
1.4597299099,0.737373709679,1.72666871548,0.588617444038,1.13805127144
1.49146318436,0.737373709679,1.73190927505,0.594922304153,1.1369869709
1.52319645882,0.737373709679,1.73540580273,0.596656501293,1.13874936104
1.55492973328,0.737373709679,1.73715496063,0.593819856644,1.14333510399
1.58666300774,0.737373709679,1.73715496063,0.586455643177,1.15069937706
1.6183962822,0.737373709679,1.73540580273,0.574671983719,1.16073381901
1.65012955666,0.737373709679,1.73190927505,0.558466851711,1.17344236374
1.68186283112,0.737373709679,1.72666871548,0.537561833858,1.18910694122
1.71359610558,0.737373709679,1.71968972683,0.512213289738,1.20747637749
1.74532938004,0.737373709679,1.71097910404,0.483379602432,1.22759950161
1.77706253529,0.737373709679,1.7005456686,0.450182408094,1.25036323071
1.80879580975,0.737373709679,1.68839991093,0.408504188061,1.27989578247
1.84052908421,0.737373709679,1.67455399036,0.355109244585,1.31944477558
1.87226235867,0.737373709679,1.65902197361,0.293280988932,1.36574101448
1.90399563313,0.737373709679,1.64181947708,0.230273514986,1.4115459919
1.93572890759,0.737373709679,1.62296390533,0.171527758241,1.45143616199
1.96746218204,0.737373709679,1.60247409344,0.119476832449,1.48299729824
1.9991953373,0.737373709679,1.5803706646,0.0756961032748,1.50467455387
2.03092861176,0.737373709679,1.55667603016,0.0422393158078,1.5144367218
2.06266188622,0.737373709679,1.53141379356,0.0196137409657,1.51180005074
2.09439516068,0.737373709679,1.50460970402,0.0051012490876,1.4995085001
2.12612843513,0.737373709679,1.4762904644,-0.00453983806074,1.48083031178
2.15786170959,0.737373709679,1.44648480415,-0.0111412927508,1.45762610435
2.18959498405,0.737373709679,1.41522276402,-0.0157829094678,1.43100571632
2.22132825851,0.737373709679,1.38253557682,-0.0193067211658,1.40184235573
2.25306153297,0.737373709679,1.34845626354,-0.0223184190691,1.37077462673
2.28479480743,0.737373709679,1.31301927567,-0.0251515693963,1.33817088604
2.31652784348,0.737373709679,1.27626049519,-0.0279129389673,1.30417346954
2.34826135635,0.737373709679,1.23821592331,-0.0305637195706,1.26877963543
2.3799943924,0.737373709679,1.19892513752,-0.0329959727824,1.23192107677
2.41172790527,0.737373709679,1.15842664242,-0.0350845605135,1.19351124763
2.44346094131,0.737373709679,1.11676228046,-0.0367199368775,1.15348219872
2.47519421577,0.737373709679,1.07397317886,-0.0378223098814,1.11179554462
2.50692749023,0.737373709679,1.03010261059,-0.0383467525244,1.06844937801
2.53866076469,0.737373709679,0.985194802284,-0.038280826062,1.02347564697
2.57039403915,0.737373709679,0.939295053482,-0.0376391597092,0.976934194565
2.60212731361,0.737373709679,0.892449557781,-0.036458209157,0.928907752037
2.63386058807,0.737373709679,0.844705283642,-0.034789942205,0.879495203495
2.66559386253,0.737373709679,0.796110570431,-0.0326960943639,0.828806638718
2.69732713699,0.737373709679,0.746714234352,-0.0302452240139,0.776959478855
2.72906041145,0.737373709679,0.69656598568,-0.0275072604418,0.72407323122
2.76079368591,0.737373709679,0.645716369152,-0.0245523937047,0.670268774033
2.79252696037,0.737373709679,0.594216585159,-0.0214482247829,0.615664839745
2.82426023483,0.737373709679,0.542118430138,-0.0182579122484,0.560376346111
2.85599327087,0.737373709679,0.489474833012,-0.0150399915874,0.504514813423
2.88772678375,0.737373709679,0.436337530613,-0.0118465032429,0.448184043169
2.91945981979,0.737373709679,0.382761776447,-0.00872319564223,0.391484975815
2.95119309425,0.737373709679,0.328800141811,-0.00570887513459,0.334509015083
2.98292636871,0.737373709679,0.274507433176,-0.00283557968214,0.277343004942
3.01465964317,0.737373709679,0.219938352704,-0.000128341373056,0.220066696405
3.04639291763,0.737373709679,0.165147811174,0.00239347247407,0.16275434196
3.07812619209,0.737373709679,0.110190957785,0.00471559306607,0.105475366116
3.10985946655,0.737373709679,0.055123154074,0.0068295984529,0.048293557018
3.14159274101,0.737373709679,-1.51886027311e-07,0.00872954167426,0.00872969347984
0,0.747474789619,0,-0.0230012908578,0.0230012908578
0.0317332595587,0.747474789619,0.0554437637329,-0.0216997843236,0.0771435499191
0.0634665191174,0.747474789619,0.110831707716,-0.0202792696655,0.131110981107
0.095199778676,0.747474789619,0.166108042002,-0.0187279749662,0.184836015105
0.126933038235,0.747474789619,0.221217125654,-0.0170336682349,0.238250792027
0.158666297793,0.747474789619,0.276103436947,-0.0151834338903,0.291286885738
0.190399557352,0.747474789619,0.330711781979,-0.0131638469175,0.343875616789
0.222132816911,0.747474789619,0.38498711586,-0.010961458087,0.395948588848
0.253866076469,0.747474789619,0.438874781132,-0.00856293551624,0.447437703609
0.285599350929,0.747474789619,0.492320597172,-0.00595539575443,0.498275995255
0.317332595587,0.747474789619,0.545270562172,-0.00312720774673,0.548397779465
0.349065840244,0.747474789619,0.597671568394,-6.83069229126e-05,0.597739875317
0.380799114704,0.747474789619,0.649470806122,0.00322961201891,0.646241188049
0.412532389164,0.747474789619,0.700616061687,0.00677330372855,0.693842768669
0.444265633821,0.747474789619,0.751055777073,0.0105686560273,0.740487098694
0.475998878479,0.747474789619,0.80073928833,0.0146237630397,0.786115527153
0.507732152939,0.747474789619,0.849616587162,0.0189516991377,0.830664873123
0.539465427399,0.747474789619,0.897638320923,0.0235772021115,0.874061107635
0.571198701859,0.747474789619,0.94475620985,0.0285405106843,0.916215717793
0.602931916714,0.747474789619,0.990922808647,0.0339039601386,0.957018852234
0.634665191174,0.747474789619,1.0360916853,0.0397522002459,0.99633949995
0.666398465633,0.747474789619,1.08021724224,0.0461899898946,1.03402721882
0.698131680489,0.747474789619,1.12325513363,0.0533369407058,1.06991815567
0.729864954948,0.747474789619,1.16516196728,0.0613206699491,1.10384130478
0.761598229408,0.747474789619,1.20589566231,0.0702657848597,1.13562989235
0.793331503868,0.747474789619,1.24541509151,0.0802818387747,1.16513323784
0.825064778328,0.747474789619,1.2836805582,0.0914500951767,1.19223046303
0.856797993183,0.747474789619,1.32065331936,0.10382694006,1.2168264389
0.888531267643,0.747474789619,1.3562964201,0.117481842637,1.23881459236
0.920264542103,0.747474789619,1.39057374001,0.132574468851,1.25799930096
0.951997756958,0.747474789619,1.4234508276,0.149416610599,1.2740342617
0.983731031418,0.747474789619,1.45489478111,0.168373212218,1.28652155399
1.01546430588,0.747474789619,1.48487377167,0.189555898309,1.29531788826
1.04719758034,0.747474789619,1.5133575201,0.212715119123,1.30064237118
1.0789308548,0.747474789619,1.5403175354,0.237800374627,1.30251717567
1.11066412926,0.747474789619,1.56572663784,0.265672594309,1.30005407333
1.14239740372,0.747474789619,1.58955907822,0.297930777073,1.29162836075
1.17413055897,0.747474789619,1.61179089546,0.336160838604,1.27562999725
1.20586383343,0.747474789619,1.63239979744,0.379811495543,1.25258827209
1.23759710789,0.747474789619,1.65136516094,0.423340082169,1.22802507877
1.26933038235,0.747474789619,1.66866755486,0.462171763182,1.20649576187
1.30106365681,0.747474789619,1.68428981304,0.495757937431,1.18853187561
1.33279693127,0.747474789619,1.69821619987,0.524555802345,1.17366039753
1.36453020573,0.747474789619,1.71043264866,0.548807024956,1.1616256237
1.39626336098,0.747474789619,1.72092664242,0.568552136421,1.152374506
1.42799663544,0.747474789619,1.72968804836,0.583768546581,1.14591956139
1.4597299099,0.747474789619,1.73670756817,0.594444692135,1.14226293564
1.49146318436,0.747474789619,1.74197864532,0.600575149059,1.14140343666
1.52319645882,0.747474789619,1.74549543858,0.602151811123,1.14334368706
1.55492973328,0.747474789619,1.74725484848,0.599185407162,1.14806938171
1.58666300774,0.747474789619,1.74725484848,0.591734111309,1.15552067757
1.6183962822,0.747474789619,1.74549543858,0.579903721809,1.16559171677
1.65012955666,0.747474789619,1.74197864532,0.563790917397,1.17818772793
1.68186283112,0.747474789619,1.73670756817,0.543295383453,1.19341218472
1.71359610558,0.747474789619,1.72968804836,0.518371343613,1.21131670475
1.74532938004,0.747474789619,1.72092664242,0.489742189646,1.23118448257
1.77706253529,0.747474789619,1.71043264866,0.45732742548,1.25310516357
1.80879580975,0.747474789619,1.69821619987,0.417736172676,1.2804800272
1.84052908421,0.747474789619,1.68428981304,0.366498440504,1.31779134274
1.87226235867,0.747474789619,1.66866755486,0.304731220007,1.36393630505
1.90399563313,0.747474789619,1.65136504173,0.239355221391,1.41200983524
1.93572890759,0.747474789619,1.63239979744,0.176930338144,1.4554694891
1.96746218204,0.747474789619,1.61179089546,0.121004380286,1.49078655243
1.9991953373,0.747474789619,1.58955895901,0.0737482532859,1.51581072807
2.03092861176,0.747474789619,1.56572651863,0.0375140979886,1.52821242809
2.06266188622,0.747474789619,1.5403175354,0.0131256971508,1.52719187737
2.09439516068,0.747474789619,1.5133575201,-0.00220349058509,1.51556098461
2.12612843513,0.747474789619,1.48487365246,-0.0122007224709,1.49707436562
2.15786170959,0.747474789619,1.4548946619,-0.018985228613,1.47387993336
2.18959498405,0.747474789619,1.4234508276,-0.0236894916743,1.44714033604
2.22132825851,0.747474789619,1.3905736208,-0.0271652638912,1.41773891449
2.25306153297,0.747474789619,1.35629618168,-0.0300318226218,1.38632798195
2.28479480743,0.747474789619,1.32065308094,-0.0326337479055,1.35328686237
2.31652784348,0.747474789619,1.28368067741,-0.0350837036967,1.31876432896
2.34826135635,0.747474789619,1.2454148531,-0.0373459532857,1.28276085854
2.3799943924,0.747474789619,1.20589566231,-0.0393166579306,1.24521231651
2.41172790527,0.747474789619,1.16516172886,-0.0408785231411,1.20604026318
2.44346094131,0.747474789619,1.12325513363,-0.0419333055615,1.16518843174
2.47519421577,0.747474789619,1.08021724224,-0.0424162261188,1.12263345718
2.50692749023,0.747474789619,1.03609156609,-0.0422985069454,1.07839012146
2.53866076469,0.747474789619,0.990922749043,-0.0415853150189,1.03250801563
2.57039403915,0.747474789619,0.944756090641,-0.0403075329959,0.985063612461
2.60212731361,0.747474789619,0.897638261318,-0.0385183505714,0.936156630516
2.63386058807,0.747474789619,0.849616408348,-0.0362840481102,0.885900437832
2.66559386253,0.747474789619,0.800739169121,-0.0336799807847,0.834419131279
2.69732713699,0.747474789619,0.751055598259,-0.0307858046144,0.781841397285
2.72906041145,0.747474789619,0.700615823269,-0.0276806782931,0.728296518326
2.76079368591,0.747474789619,0.649470508099,-0.0244418084621,0.673912286758
2.79252696037,0.747474789619,0.597671329975,-0.0211409348994,0.618812263012
2.82426023483,0.747474789619,0.545270323753,-0.0178433079273,0.563113629818
2.85599327087,0.747474789619,0.492320656776,-0.0146066024899,0.506927251816
2.88772678375,0.747474789619,0.438874393702,-0.0114790741354,0.450353473425
2.91945981979,0.747474789619,0.384987145662,-0.0085003040731,0.393487453461
2.95119309425,0.747474789619,0.330711781979,-0.00570066040382,0.33641242981
2.98292636871,0.747474789619,0.276103436947,-0.00310201616958,0.279205441475
3.01465964317,0.747474789619,0.221217080951,-0.000719115138054,0.221936196089
3.04639291763,0.747474789619,0.166107967496,0.00143982795998,0.164668142796
3.07812619209,0.747474789619,0.110831603408,0.00337092811242,0.107460677624
3.10985946655,0.747474789619,0.055443637073,0.0050739380531,0.0503696985543
3.14159274101,0.747474789619,-1.52769104034e-07,0.0065496605821,0.006549813319
0,0.757575750351,0,-0.0228839386255,0.0228839386255
0.0317332595587,0.757575750351,0.0557642430067,-0.0216003842652,0.0773646235466
0.0634665191174,0.757575750351,0.111472353339,-0.0202047917992,0.131677150726
0.095199778676,0.757575750351,0.167068198323,-0.0186853148043,0.185753509402
0.126933038235,0.757575750351,0.222495839,-0.0170291252434,0.239524960518
0.158666297793,0.757575750351,0.277699410915,-0.0152227114886,0.292922109365
0.190399557352,0.757575750351,0.332623392344,-0.0132517125458,0.345875114202
0.222132816911,0.757575750351,0.387212455273,-0.011101167649,0.398313611746
0.253866076469,0.757575750351,0.441411614418,-0.00875576585531,0.450167387724
0.285599350929,0.757575750351,0.495166361332,-0.00620052171871,0.501366853714
0.317332595587,0.757575750351,0.548422396183,-0.00342071871273,0.551843106747
0.349065840244,0.757575750351,0.601126253605,-0.000403550453484,0.60152977705
0.380799114704,0.757575750351,0.653224945068,0.00286304345354,0.650361895561
0.412532389164,0.757575750351,0.704665839672,0.00638802303001,0.698277831078
0.444265633821,0.757575750351,0.755397081375,0.0101787056774,0.745218396187
0.475998878479,0.757575750351,0.805367827415,0.014241784811,0.791126012802
0.507732152939,0.757575750351,0.854527652264,0.018585531041,0.835942149162
0.539465427399,0.757575750351,0.902826964855,0.0232258588076,0.879601120949
0.571198701859,0.757575750351,0.950217187405,0.0281918756664,0.922025322914
0.602931916714,0.757575750351,0.996650695801,0.0335334129632,0.963117301464
0.634665191174,0.757575750351,1.04208064079,0.0393258556724,1.00275480747
0.666398465633,0.757575750351,1.08646130562,0.045670401305,1.04079091549
0.698131680489,0.757575750351,1.12974786758,0.0526889748871,1.07705891132
0.729864954948,0.757575750351,1.17189693451,0.0605162531137,1.1113806963
0.761598229408,0.757575750351,1.2128661871,0.0692888945341,1.14357733727
0.793331503868,0.757575750351,1.2526140213,0.0791330933571,1.17348098755
0.825064778328,0.757575750351,1.29110062122,0.0901504009962,1.20095026493
0.856797993183,0.757575750351,1.32828712463,0.102415516973,1.22587156296
0.888531267643,0.757575750351,1.36413621902,0.11600984633,1.2481263876
0.920264542103,0.757575750351,1.39861166477,0.131105557084,1.26750612259
0.951997756958,0.757575750351,1.43167889118,0.148047149181,1.28363180161
0.983731031418,0.757575750351,1.46330451965,0.16725833714,1.29604613781
1.01546430588,0.757575750351,1.49345684052,0.188897535205,1.30455935001
1.04719758034,0.757575750351,1.52210521698,0.212731704116,1.30937349796
1.0789308548,0.757575750351,1.54922115803,0.238787636161,1.31043350697
1.11066412926,0.757575750351,1.5747770071,0.268118262291,1.30665874481
1.14239740372,0.757575750351,1.59874713421,0.30244538188,1.29630172253
1.17413055897,0.757575750351,1.62110745907,0.343122959137,1.27798449993
1.20586383343,0.757575750351,1.64183557034,0.388317584991,1.25351798534
1.23759710789,0.757575750351,1.66091048717,0.431805610657,1.22910487652
1.26933038235,0.757575750351,1.67831301689,0.4701218009,1.20819115639
1.30106365681,0.757575750351,1.69402563572,0.50329041481,1.19073522091
1.33279693127,0.757575750351,1.70803248882,0.531761407852,1.17627108097
1.36453020573,0.757575750351,1.7203193903,0.555723249912,1.16459608078
1.39626336098,0.757575750351,1.73087418079,0.575203061104,1.15567111969
1.42799663544,0.757575750351,1.73968613148,0.590183913708,1.14950227737
1.4597299099,0.757575750351,1.74674630165,0.600651502609,1.14609479904
1.49146318436,0.757575750351,1.75204777718,0.606592953205,1.14545488358
1.52319645882,0.757575750351,1.75558495522,0.608011424541,1.14757347107
1.55492973328,0.757575750351,1.75735449791,0.604957640171,1.15239691734
1.58666300774,0.757575750351,1.75735449791,0.597520887852,1.15983366966
1.6183962822,0.757575750351,1.75558495522,0.585784494877,1.16980051994
1.65012955666,0.757575750351,1.75204777718,0.569819509983,1.1822283268
1.68186283112,0.757575750351,1.74674630165,0.549672663212,1.19707369804
1.71359610558,0.757575750351,1.73968613148,0.52530246973,1.21438360214
1.74532938004,0.757575750351,1.73087418079,0.497042059898,1.2338321209
1.77706253529,0.757575750351,1.7203193903,0.465197652578,1.25512170792
1.80879580975,0.757575750351,1.70803248882,0.427362948656,1.28066956997
1.84052908421,0.757575750351,1.69402563572,0.378510564566,1.31551504135
1.87226235867,0.757575750351,1.67831301689,0.317408978939,1.36090397835
1.90399563313,0.757575750351,1.66091048717,0.250036895275,1.4108736515
1.93572890759,0.757575750351,1.64183557034,0.184130072594,1.45770549774
1.96746218204,0.757575750351,1.62110745907,0.124641694129,1.49646580219
1.9991953373,0.757575750351,1.59874713421,0.074193932116,1.52455317974
2.03092861176,0.757575750351,1.57477688789,0.0350576080382,1.53971922398
2.06266188622,0.757575750351,1.54922103882,0.00838244706392,1.54083859921
2.09439516068,0.757575750351,1.52210521698,-0.00832130853087,1.53042650223
2.12612843513,0.757575750351,1.49345672131,-0.0190812926739,1.51253795624
2.15786170959,0.757575750351,1.46330440044,-0.0263103619218,1.48961472511
2.18959498405,0.757575750351,1.43167889118,-0.0312315206975,1.46291041374
2.22132825851,0.757575750351,1.39861154556,-0.0347401052713,1.43335163593
2.25306153297,0.757575750351,1.36413598061,-0.0374954380095,1.40163147449
2.28479480743,0.757575750351,1.32828688622,-0.0398719757795,1.36815881729
2.31652784348,0.757575750351,1.29110074043,-0.0419977232814,1.33309841156
2.34826135635,0.757575750351,1.25261378288,-0.0438467971981,1.29646062851
2.3799943924,0.757575750351,1.2128661871,-0.0453244298697,1.25819063187
2.41172790527,0.757575750351,1.1718968153,-0.0463253445923,1.21822214127
2.44346094131,0.757575750351,1.12974798679,-0.0467671081424,1.17651510239
2.47519421577,0.757575750351,1.08646130562,-0.0466026440263,1.13306391239
2.50692749023,0.757575750351,1.04208052158,-0.0458236522973,1.08790421486
2.53866076469,0.757575750351,0.996650576591,-0.0444549955428,1.04110562801
2.57039403915,0.757575750351,0.9502171278,-0.0425484478474,0.992765545845
2.60212731361,0.757575750351,0.902826845646,-0.0401751473546,0.94300198555
2.63386058807,0.757575750351,0.85452747345,-0.0374182425439,0.891945719719
2.66559386253,0.757575750351,0.805367708206,-0.034367993474,0.839735686779
2.69732713699,0.757575750351,0.755396962166,-0.0311154425144,0.786512374878
2.72906041145,0.757575750351,0.704665601254,-0.027748638764,0.732414245605
2.76079368591,0.757575750351,0.65322470665,-0.0243496485054,0.677574336529
2.79252696037,0.757575750351,0.601126074791,-0.0209916178137,0.622117698193
2.82426023483,0.757575750351,0.548422157764,-0.017737114802,0.566159248352
2.85599327087,0.757575750351,0.495166420937,-0.0146365147084,0.509802937508
2.88772678375,0.757575750351,0.44141125679,-0.0117278499529,0.453139096498
2.91945981979,0.757575750351,0.387212485075,-0.00903767347336,0.396250158548
2.95119309425,0.757575750351,0.332623392344,-0.0065818047151,0.339205205441
2.98292636871,0.757575750351,0.277699381113,-0.00436683092266,0.282066226006
3.01465964317,0.757575750351,0.222495779395,-0.0023932531476,0.224889039993
3.04639291763,0.757575750351,0.167068123817,-0.00065815448761,0.167726278305
3.07812619209,0.757575750351,0.111472249031,0.000843357760459,0.110628888011
3.10985946655,0.757575750351,0.0557641200721,0.00211533112451,0.053648788482
3.14159274101,0.757575750351,-1.53652152335e-07,0.00316041847691,0.00316057214513
0,0.767676770687,0,-0.0228825975209,0.0228825975209
0.0317332595587,0.767676770687,0.0560847297311,-0.0216023921967,0.0776871219277
0.0634665191174,0.767676770687,0.112112998962,-0.0202184766531,0.132331475616
0.095199778676,0.767676770687,0.168028369546,-0.0187189374119,0.186747312546
0.126933038235,0.767676770687,0.223774552345,-0.0170910786837,0.240865632892
0.158666297793,0.767676770687,0.279295414686,-0.0153202768415,0.29461568594
0.190399557352,0.767676770687,0.334535032511,-0.0133920162916,0.347927033901
0.222132816911,0.767676770687,0.389437824488,-0.0112900622189,0.400727897882
0.253866076469,0.767676770687,0.443948477507,-0.00899761170149,0.452946096659
0.285599350929,0.767676770687,0.498012155294,-0.00649760710075,0.504509747028
0.317332595587,0.767676770687,0.551574289799,-0.00377265037969,0.55534696579
0.349065840244,0.767676770687,0.604581058025,-0.000806163530797,0.605387210846
0.380799114704,0.767676770687,0.65697914362,0.00241747451946,0.654561698437
0.412532389164,0.767676770687,0.708715677261,0.00591063732281,0.702805042267
0.444265633821,0.767676770687,0.759738504887,0.00968456082046,0.750053942204
0.475998878479,0.767676770687,0.809996426105,0.0137469954789,0.796249449253
0.507732152939,0.767676770687,0.859438717365,0.0181054789573,0.841333210468
0.539465427399,0.767676770687,0.908015668392,0.0227700527757,0.885245621204
0.571198701859,0.767676770687,0.955678284168,0.0277592539787,0.92791903019
0.602931916714,0.767676770687,1.00237858295,0.0331102870405,0.969268321991
0.634665191174,0.767676770687,1.0480697155,0.0388851091266,1.00918459892
0.666398465633,0.767676770687,1.092705369,0.0451765619218,1.04752886295
0.698131680489,0.767676770687,1.13624072075,0.052105601877,1.08413517475
0.729864954948,0.767676770687,1.17863202095,0.059812285006,1.11881971359
0.761598229408,0.767676770687,1.21983671188,0.0684427022934,1.15139400959
0.793331503868,0.767676770687,1.25981295109,0.078137613833,1.1816753149
0.825064778328,0.767676770687,1.29852080345,0.0890173614025,1.20950341225
0.856797993183,0.767676770687,1.33592104912,0.101175941527,1.23474514484
0.888531267643,0.767676770687,1.37197613716,0.114709965885,1.25726616383
0.920264542103,0.767676770687,1.40664970875,0.129806727171,1.27684295177
0.951997756958,0.767676770687,1.43990695477,0.14684432745,1.29306268692
0.983731031418,0.767676770687,1.4717143774,0.166311040521,1.30540335178
1.01546430588,0.767676770687,1.50203990936,0.18842305243,1.31361687183
1.04719758034,0.767676770687,1.53085303307,0.212979644537,1.31787335873
1.0789308548,0.767676770687,1.55812478065,0.240115538239,1.31800925732
1.11066412926,0.767676770687,1.58382749557,0.271093547344,1.31273388863
1.14239740372,0.767676770687,1.60793542862,0.307694643736,1.30024075508
1.17413055897,0.767676770687,1.63042426109,0.350797116756,1.27962708473
1.20586383343,0.767676770687,1.65127146244,0.397126853466,1.25414466858
1.23759710789,0.767676770687,1.67045605183,0.440361052752,1.23009502888
1.26933038235,0.767676770687,1.68795859814,0.47821483016,1.20974373817
1.30106365681,0.767676770687,1.7037614584,0.5110476017,1.1927138567
1.33279693127,0.767676770687,1.71784877777,0.539247334003,1.17860150337
1.36453020573,0.767676770687,1.73020637035,0.562951564789,1.16725480556
1.39626336098,0.767676770687,1.74082183838,0.582180857658,1.15864098072
1.42799663544,0.767676770687,1.74968445301,0.596923708916,1.15276074409
1.4597299099,0.767676770687,1.75678515434,0.607167780399,1.14961743355
1.49146318436,0.767676770687,1.76211714745,0.612911581993,1.14920556545
1.52319645882,0.767676770687,1.76567459106,0.614195346832,1.15147924423
1.55492973328,0.767676770687,1.76745426655,0.611114442348,1.1563398838
1.58666300774,0.767676770687,1.76745426655,0.603774428368,1.16367983818
1.6183962822,0.767676770687,1.76567459106,0.592215776443,1.17345881462
1.65012955666,0.767676770687,1.76211714745,0.576437473297,1.18567967415
1.68186283112,0.767676770687,1.75678515434,0.556552648544,1.2002325058
1.71359610558,0.767676770687,1.74968445301,0.532731235027,1.21695327759
1.74532938004,0.767676770687,1.74082183838,0.505062520504,1.23575925827
1.77706253529,0.767676770687,1.73020637035,0.47373136878,1.25647497177
1.80879580975,0.767676770687,1.71784877777,0.437228113413,1.28062069416
1.84052908421,0.767676770687,1.7037614584,0.390707015991,1.31305444241
1.87226235867,0.767676770687,1.68795859814,0.33092263341,1.35703599453
1.90399563313,0.767676770687,1.67045593262,0.26239746809,1.40805840492
1.93572890759,0.767676770687,1.65127146244,0.193719387054,1.45755207539
1.96746218204,0.767676770687,1.63042426109,0.13105262816,1.49937164783
1.9991953373,0.767676770687,1.60793530941,0.0772994086146,1.53063595295
2.03092861176,0.767676770687,1.58382737637,0.0347238406539,1.54910349846
2.06266188622,0.767676770687,1.55812466145,0.00508608529344,1.55303859711
2.09439516068,0.767676770687,1.53085303307,-0.013502355665,1.54435539246
2.12612843513,0.767676770687,1.50203979015,-0.0253183748573,1.52735817432
2.15786170959,0.767676770687,1.47171425819,-0.0331616923213,1.50487589836
2.18959498405,0.767676770687,1.43990695477,-0.0383983515203,1.47830533981
2.22132825851,0.767676770687,1.40664958954,-0.0419909097254,1.44864046574
2.25306153297,0.767676770687,1.37197589874,-0.0446556732059,1.4166315794
2.28479480743,0.767676770687,1.3359208107,-0.0468052849174,1.38272607327
2.31652784348,0.767676770687,1.29852092266,-0.0485909059644,1.34711182117
2.34826135635,0.767676770687,1.25981271267,-0.0500009730458,1.30981373787
2.3799943924,0.767676770687,1.21983671188,-0.0509543083608,1.27079105377
2.41172790527,0.767676770687,1.17863190174,-0.0513618700206,1.22999382019
2.44346094131,0.767676770687,1.13624083996,-0.0511616393924,1.1874024868
2.47519421577,0.767676770687,1.092705369,-0.0503291636705,1.14303457737
2.50692749023,0.767676770687,1.04806959629,-0.0488806627691,1.09695029259
2.53866076469,0.767676770687,1.00237846375,-0.0468654222786,1.049243927
2.57039403915,0.767676770687,0.955678164959,-0.0443584881723,1.00003659725
2.60212731361,0.767676770687,0.908015549183,-0.0414526127279,0.949468135834
2.63386058807,0.767676770687,0.859438598156,-0.0382499918342,0.897688567638
2.66559386253,0.767676770687,0.809996247292,-0.0348556153476,0.844851851463
2.69732713699,0.767676770687,0.759738326073,-0.0313714668155,0.791109800339
2.72906041145,0.767676770687,0.708715438843,-0.0278907902539,0.736606240273
2.76079368591,0.767676770687,0.656978845596,-0.0244959816337,0.681474804878
2.79252696037,0.767676770687,0.604580819607,-0.0212537553161,0.625834584236
2.82426023483,0.767676770687,0.55157405138,-0.0182152632624,0.569789290428
2.85599327087,0.767676770687,0.498012214899,-0.0154141560197,0.513426363468
2.88772678375,0.767676770687,0.443948119879,-0.0128688514233,0.456816971302
2.91945981979,0.767676770687,0.38943785429,-0.0105847585946,0.400022625923
2.95119309425,0.767676770687,0.334535032511,-0.0085576241836,0.343092650175
2.98292636871,0.767676770687,0.279295384884,-0.00677814614028,0.286073535681
3.01465964317,0.767676770687,0.223774507642,-0.0052360300906,0.229010537267
3.04639291763,0.767676770687,0.16802829504,-0.00392225570977,0.171950548887
3.07812619209,0.767676770687,0.112112894654,-0.00283275684342,0.114945650101
3.10985946655,0.767676770687,0.0560846067965,-0.00196650531143,0.0580511130393
3.14159274101,0.767676770687,-1.54535214847e-07,-0.00132363289595,0.00132347841281
0,0.777777791023,0,-0.0230402704328,0.0230402704328
0.0317332595587,0.777777791023,0.0564052127302,-0.021744934842,0.0781501457095
0.0634665191174,0.777777791023,0.112753644586,-0.0203555393964,0.133109182119
0.095199778676,0.777777791023,0.168988525867,-0.0188601966947,0.187848716974
0.126933038235,0.777777791023,0.225053265691,-0.0172460228205,0.242299288511
0.158666297793,0.777777791023,0.280891358852,-0.0154987983406,0.296390146017
0.190399557352,0.777777791023,0.336446672678,-0.0136033762246,0.350050061941
0.222132816911,0.777777791023,0.391663193703,-0.011542648077,0.40320584178
0.253866076469,0.777777791023,0.446485310793,-0.00929873343557,0.45578405261
0.285599350929,0.777777791023,0.500857949257,-0.00685296626762,0.507710933685
0.317332595587,0.777777791023,0.55472612381,-0.00418536923826,0.558911502361
0.349065840244,0.777777791023,0.608035802841,-0.00127662299201,0.609312415123
0.380799114704,0.777777791023,0.660733282566,0.00189288938418,0.658840417862
0.412532389164,0.777777791023,0.712765455246,0.00534045742825,0.707424998283
0.444265633821,0.777777791023,0.764079868793,0.00908201374114,0.754997849464
0.475998878479,0.777777791023,0.814624965191,0.0131291486323,0.801495790482
0.507732152939,0.777777791023,0.864349782467,0.01749150455,0.846858263016
0.539465427399,0.777777791023,0.913204312325,0.02217723988,0.891027092934
0.571198701859,0.777777791023,0.961139261723,0.0271991789341,0.933940052986
0.602931916714,0.777777791023,1.00810647011,0.0325812548399,0.975525200367
0.634665191174,0.777777791023,1.054058671,0.0383710227907,1.01568770409
0.666398465633,0.777777791023,1.09894931316,0.0446485094726,1.05430078506
0.698131680489,0.777777791023,1.1427334547,0.0515283197165,1.09120512009
0.729864954948,0.777777791023,1.18536710739,0.0591532438993,1.1262139082
0.761598229408,0.777777791023,1.22680723667,0.0676784068346,1.15912878513
0.793331503868,0.777777791023,1.26701188087,0.0772561505437,1.18975567818
0.825064778328,0.777777791023,1.30594086647,0.088022492826,1.217918396
0.856797993183,0.777777791023,1.34355485439,0.100090369582,1.24346446991
0.888531267643,0.777777791023,1.37981593609,0.113573528826,1.26624238491
0.920264542103,0.777777791023,1.41468775272,0.128676652908,1.28601109982
0.951997756958,0.777777791023,1.44813501835,0.145813211799,1.30232179165
0.983731031418,0.777777791023,1.48012411594,0.165541216731,1.31458294392
1.01546430588,0.777777791023,1.51062297821,0.18814688921,1.32247614861
1.04719758034,0.777777791023,1.53960072994,0.213481500745,1.32611918449
1.0789308548,0.777777791023,1.56702828407,0.241822600365,1.32520568371
1.11066412926,0.777777791023,1.59287798405,0.274654000998,1.31822395325
1.14239740372,0.777777791023,1.61712360382,0.313708007336,1.30341553688
1.17413055897,0.777777791023,1.63974094391,0.359094768763,1.28064620495
1.20586383343,0.777777791023,1.66070723534,0.406134903431,1.25457239151
1.23759710789,0.777777791023,1.68000149727,0.448997735977,1.23100376129
1.26933038235,0.777777791023,1.69760394096,0.486465126276,1.21113884449
1.30106365681,0.777777791023,1.71349716187,0.519030928612,1.19446623325
1.33279693127,0.777777791023,1.72766506672,0.546993851662,1.18067121506
1.36453020573,0.777777791023,1.7400932312,0.570452570915,1.16964066029
1.39626336098,0.777777791023,1.75076925755,0.589425265789,1.16134405136
1.42799663544,0.777777791023,1.75968253613,0.603910684586,1.15577185154
1.4597299099,0.777777791023,1.76682388783,0.613912880421,1.1529109478
1.49146318436,0.777777791023,1.7721862793,0.619467556477,1.15271878242
1.52319645882,0.777777791023,1.7757641077,0.620664358139,1.15509974957
1.55492973328,0.777777791023,1.77755403519,0.617621779442,1.15993225574
1.58666300774,0.777777791023,1.77755403519,0.61041533947,1.16713869572
1.6183962822,0.777777791023,1.7757641077,0.599028170109,1.17673587799
1.65012955666,0.777777791023,1.7721862793,0.583424031734,1.18876218796
1.68186283112,0.777777791023,1.76682388783,0.563758552074,1.20306539536
1.71359610558,0.777777791023,1.75968253613,0.540416717529,1.2192658186
1.74532938004,0.777777791023,1.75076925755,0.513486802578,1.23728251457
1.77706253529,0.777777791023,1.7400932312,0.482718288898,1.25737500191
1.80879580975,0.777777791023,1.72766506672,0.44711124897,1.28055381775
1.84052908421,0.777777791023,1.71349716187,0.402714639902,1.31078255177
1.87226235867,0.777777791023,1.69760394096,0.345108449459,1.3524954319
1.90399563313,0.777777791023,1.68000137806,0.276783972979,1.40321743488
1.93572890759,0.777777791023,1.66070723534,0.206173956394,1.45453333855
1.96746218204,0.777777791023,1.63974094391,0.140335783362,1.49940514565
1.9991953373,0.777777791023,1.61712348461,0.0827895402908,1.53433394432
2.03092861176,0.777777791023,1.59287786484,0.0361642241478,1.55671358109
2.06266188622,0.777777791023,1.56702816486,0.00298724556342,1.56404089928
2.09439516068,0.777777791023,1.53960072994,-0.0178801417351,1.55748081207
2.12612843513,0.777777791023,1.510622859,-0.0309553276747,1.54157817364
2.15786170959,0.777777791023,1.48012411594,-0.0395251438022,1.5196492672
2.18959498405,0.777777791023,1.44813501835,-0.0451453439891,1.49328041077
2.22132825851,0.777777791023,1.41468763351,-0.0488580428064,1.46354568005
2.25306153297,0.777777791023,1.37981569767,-0.0514438413084,1.4312595129
2.28479480743,0.777777791023,1.34355461597,-0.0533610582352,1.39691567421
2.31652784348,0.777777791023,1.30594098568,-0.0547881983221,1.36072921753
2.34826135635,0.777777791023,1.26701164246,-0.0557323209941,1.32274401188
2.3799943924,0.777777791023,1.22680723667,-0.0561304427683,1.28293764591
2.41172790527,0.777777791023,1.18536686897,-0.055915672332,1.24128258228
2.44346094131,0.777777791023,1.14273357391,-0.0550516843796,1.19778525829
2.47519421577,0.777777791023,1.09894931316,-0.0535428114235,1.15249216557
2.50692749023,0.777777791023,1.05405855179,-0.0514350607991,1.10549366474
2.53866076469,0.777777791023,1.0081063509,-0.0488068312407,1.05691313744
2.57039403915,0.777777791023,0.961139142513,-0.0457610115409,1.00690019131
2.60212731361,0.777777791023,0.913204193115,-0.0424142405391,0.955618441105
2.63386058807,0.777777791023,0.864349663258,-0.0388880558312,0.903237700462
2.66559386253,0.777777791023,0.814624786377,-0.0353006646037,0.849925458431
2.69732713699,0.777777791023,0.76407968998,-0.0317597165704,0.795839428902
2.72906041145,0.777777791023,0.712765216827,-0.0283569730818,0.741122186184
2.76079368591,0.777777791023,0.660733044147,-0.0251623746008,0.685895442963
2.79252696037,0.777777791023,0.608035564423,-0.0222243927419,0.630259931087
2.82426023483,0.777777791023,0.554725885391,-0.0195682439953,0.574294149876
2.85599327087,0.777777791023,0.500858008862,-0.0171990487725,0.518057048321
2.88772678375,0.777777791023,0.446484953165,-0.0151064824313,0.461591422558
2.91945981979,0.777777791023,0.391663223505,-0.0132724065334,0.404935628176
2.95119309425,0.777777791023,0.336446672678,-0.0116766057909,0.348123282194
2.98292636871,0.777777791023,0.28089132905,-0.0103031778708,0.291194498539
3.01465964317,0.777777791023,0.225053206086,-0.00914407800883,0.234197288752
3.04639291763,0.777777791023,0.168988451362,-0.00819884240627,0.177187293768
3.07812619209,0.777777791023,0.112753540277,-0.00747168343514,0.120225220919
3.10985946655,0.777777791023,0.0564050860703,-0.00696748727933,0.0633725747466
3.14159274101,0.777777791023,-1.55418277359e-07,-0.00668739108369,0.00668723555282
0,0.787878751755,0,-0.0234094560146,0.0234094560146
0.0317332595587,0.787878751755,0.0567256957293,-0.0220760088414,0.0788017064333
0.0634665191174,0.787878751755,0.113394282758,-0.020659154281,0.134053438902
0.095199778676,0.787878751755,0.169948682189,-0.019147336483,0.189096018672
0.126933038235,0.787878751755,0.226331964135,-0.0175281390548,0.243860095739
0.158666297793,0.787878751755,0.282487332821,-0.0157873667777,0.298274695873
0.190399557352,0.787878751755,0.338358283043,-0.0139093529433,0.352267622948
0.222132816911,0.787878751755,0.393888533115,-0.0118775013834,0.405766040087
0.253866076469,0.787878751755,0.449022144079,-0.00967273954302,0.45869487524
0.285599350929,0.787878751755,0.503703713417,-0.00727543327957,0.510979175568
0.317332595587,0.787878751755,0.557877957821,-0.00466366671026,0.562541604042
0.349065840244,0.787878751755,0.611490488052,-0.00181513093412,0.6133056283
0.380799114704,0.787878751755,0.664487421513,0.00129273394123,0.663194715977
0.412532389164,0.787878751755,0.716815233231,0.00468240352347,0.712132811546
0.444265633821,0.787878751755,0.768421173096,0.0083746984601,0.760046482086
0.475998878479,0.787878751755,0.819253504276,0.0123874098063,0.806866109371
0.507732152939,0.787878751755,0.869260847569,0.0167351085693,0.85252571106
0.539465427399,0.787878751755,0.918392956257,0.0214287247509,0.896964251995
0.571198701859,0.787878751755,0.966600239277,0.0264784730971,0.940121769905
0.602931916714,0.787878751755,1.01383435726,0.0319006331265,0.981933712959
0.634665191174,0.787878751755,1.06004750729,0.0377284139395,1.02231907845
0.666398465633,0.787878751755,1.10519337654,0.0440252386034,1.06116819382
0.698131680489,0.787878751755,1.14922630787,0.0508945174515,1.09833180904
0.729864954948,0.787878751755,1.19210207462,0.0584775134921,1.13362455368
0.761598229408,0.787878751755,1.23377764225,0.0669371262193,1.16684055328
0.793331503868,0.787878751755,1.27421081066,0.0764367133379,1.19777405262
0.825064778328,0.787878751755,1.31336092949,0.0871248021722,1.22623610497
0.856797993183,0.787878751755,1.35118865967,0.0991300418973,1.25205862522
0.888531267643,0.787878751755,1.38765573502,0.112583823502,1.27507185936
0.920264542103,0.787878751755,1.42272567749,0.127708896995,1.29501676559
0.951997756958,0.787878751755,1.45636296272,0.144956573844,1.31140637398
0.983731031418,0.787878751755,1.48853397369,0.16495975852,1.32357418537
1.01546430588,0.787878751755,1.51920604706,0.188088089228,1.33111798763
1.04719758034,0.787878751755,1.54834842682,0.214266836643,1.33408164978
1.0789308548,0.787878751755,1.57593178749,0.243958055973,1.33197379112
1.11066412926,0.787878751755,1.60192835331,0.278861105442,1.32306718826
1.14239740372,0.787878751755,1.62631177902,0.320498198271,1.30581355095
1.17413055897,0.787878751755,1.64905762672,0.367905557156,1.28115200996
1.20586383343,0.787878751755,1.67014300823,0.415265530348,1.25487744808
1.23759710789,0.787878751755,1.68954694271,0.457722872496,1.23182404041
1.26933038235,0.787878751755,1.707249403,0.49488478899,1.21236467361
1.30106365681,0.787878751755,1.72323286533,0.527230620384,1.19600224495
1.33279693127,0.787878751755,1.73748135567,0.5549685359,1.18251276016
1.36453020573,0.787878751755,1.74998009205,0.578170418739,1.17180967331
1.39626336098,0.787878751755,1.76071679592,0.596860289574,1.16385650635
1.42799663544,0.787878751755,1.76968073845,0.611058056355,1.1586227417
1.4597299099,0.787878751755,1.77686262131,0.620808780193,1.15605378151
1.49146318436,0.787878751755,1.78225553036,0.626206040382,1.15604948997
1.52319645882,0.787878751755,1.78585362434,0.627376258373,1.15847730637
1.55492973328,0.787878751755,1.78765368462,0.624407947063,1.16324567795
1.58666300774,0.787878751755,1.78765368462,0.617300450802,1.17035317421
1.6183962822,0.787878751755,1.78585362434,0.606004536152,1.1798491478
1.65012955666,0.787878751755,1.78225553036,0.59054017067,1.19171535969
1.68186283112,0.787878751755,1.77686262131,0.571129500866,1.20573306084
1.71359610558,0.787878751755,1.76968073845,0.548220574856,1.22146010399
1.74532938004,0.787878751755,1.76071679592,0.521977007389,1.23873972893
1.77706253529,0.787878751755,1.74998009205,0.491792172194,1.25818789005
1.80879580975,0.787878751755,1.73748135567,0.456830203533,1.28065109253
1.84052908421,0.787878751755,1.72323286533,0.414529204369,1.30870366096
1.87226235867,0.787878751755,1.707249403,0.360132902861,1.34711647034
1.90399563313,0.787878751755,1.6895468235,0.293366849422,1.39617991447
1.93572890759,0.787878751755,1.67014300823,0.221371904016,1.44877111912
1.96746218204,0.787878751755,1.64905762672,0.152125149965,1.49693250656
1.9991953373,0.787878751755,1.62631165981,0.0903123915195,1.5359992981
2.03092861176,0.787878751755,1.6019282341,0.0391807742417,1.56274747849
2.06266188622,0.787878751755,1.57593166828,0.0020139166154,1.57391774654
2.09439516068,0.787878751755,1.54834842682,-0.0214678496122,1.56981623173
2.12612843513,0.787878751755,1.51920592785,-0.0359647721052,1.55517065525
2.15786170959,0.787878751755,1.48853385448,-0.045344941318,1.53387880325
2.18959498405,0.787878751755,1.45636296272,-0.0513996258378,1.50776255131
2.22132825851,0.787878751755,1.42272555828,-0.0552592240274,1.47798478603
2.25306153297,0.787878751755,1.38765561581,-0.0577731542289,1.44542872906
2.28479480743,0.787878751755,1.35118842125,-0.059449121356,1.4106374979
2.31652784348,0.787878751755,1.3133610487,-0.060497391969,1.37385845184
2.34826135635,0.787878751755,1.27421057224,-0.0609482824802,1.33515882492
2.3799943924,0.787878751755,1.23377764225,-0.0607635602355,1.29454123974
2.41172790527,0.787878751755,1.1921018362,-0.0599050782621,1.25200688839
2.44346094131,0.787878751755,1.14922630787,-0.0583691596985,1.20759546757
2.47519421577,0.787878751755,1.10519337654,-0.0561965033412,1.16138982773
2.50692749023,0.787878751755,1.06004738808,-0.0534689687192,1.11351633072
2.53866076469,0.787878751755,1.01383423805,-0.0503002256155,1.06413447857
2.57039403915,0.787878751755,0.966600120068,-0.0468239895999,1.0134241581
2.60212731361,0.787878751755,0.918392837048,-0.0431817062199,0.961574554443
2.63386058807,0.787878751755,0.869260668755,-0.0395114943385,0.908772170544
2.66559386253,0.787878751755,0.819253325462,-0.0359369628131,0.8551902771
2.69732713699,0.787878751755,0.768420994282,-0.0325601063669,0.800981104374
2.72906041145,0.787878751755,0.716814994812,-0.0294529926032,0.746267974377
2.76079368591,0.787878751755,0.664487183094,-0.0266565810889,0.691143751144
2.79252696037,0.787878751755,0.611490309238,-0.0241802930832,0.635670602322
2.82426023483,0.787878751755,0.557877719402,-0.0220093242824,0.579887032509
2.85599327087,0.787878751755,0.503703773022,-0.0201130304486,0.523816823959
2.88772678375,0.787878751755,0.449021786451,-0.0184564832598,0.467478275299
2.91945981979,0.787878751755,0.393888562918,-0.0170108452439,0.410899400711
2.95119309425,0.787878751755,0.338358283043,-0.0157607197762,0.354119002819
2.98292636871,0.787878751755,0.282487303019,-0.0147050861269,0.297192394733
3.01465964317,0.787878751755,0.226331904531,-0.0138534978032,0.240185409784
3.04639291763,0.787878751755,0.169948607683,-0.0132186617702,0.183167263865
3.07812619209,0.787878751755,0.11339417845,-0.0128090120852,0.126203194261
3.10985946655,0.787878751755,0.0567255690694,-0.012623032555,0.069348603487
3.14159274101,0.787878751755,-1.5630132566e-07,-0.0126468790695,0.0126467226073
0,0.797979831696,0,-0.0240515954792,0.0240515954792
0.0317332595587,0.797979831696,0.0570461824536,-0.0226525459439,0.0796987265348
0.0634665191174,0.797979831696,0.114034935832,-0.0211814697832,0.135216400027
0.095199778676,0.797979831696,0.170908853412,-0.019627565518,0.190536424518
0.126933038235,0.797979831696,0.227610692382,-0.0179788656533,0.24558955431
0.158666297793,0.797979831696,0.284083306789,-0.0162216965109,0.300305008888
0.190399557352,0.797979831696,0.34026992321,-0.0143410041928,0.354610919952
0.222132816911,0.797979831696,0.39611390233,-0.0123195210472,0.408433437347
0.253866076469,0.797979831696,0.451559007168,-0.0101386988536,0.461697697639
0.285599350929,0.797979831696,0.506549537182,-0.00777774583548,0.514327287674
0.317332595587,0.797979831696,0.561029851437,-0.00521413423121,0.566244006157
0.349065840244,0.797979831696,0.614945292473,-0.00242328224704,0.617368578911
0.380799114704,0.797979831696,0.668241620064,0.000620692968369,0.667620897293
0.412532389164,0.797979831696,0.72086507082,0.00394388986751,0.716921210289
0.444265633821,0.797979831696,0.772762596607,0.00757275475189,0.765189826488
0.475998878479,0.797979831696,0.823882043362,0.0115317776799,0.812350273132
0.507732152939,0.797979831696,0.874171972275,0.0158420410007,0.858329951763
0.539465427399,0.797979831696,0.923581659794,0.020520735532,0.903060913086
0.571198701859,0.797979831696,0.97206133604,0.0255813635886,0.946479976177
0.602931916714,0.797979831696,1.01956224442,0.0310372188687,0.988525032997
0.634665191174,0.797979831696,1.06603658199,0.036911342293,1.02912521362
0.666398465633,0.797979831696,1.11143743992,0.0432504974306,1.06818699837
0.698131680489,0.797979831696,1.15571904182,0.0501421578228,1.10557687283
0.729864954948,0.797979831696,1.19883716106,0.0577205047011,1.14111661911
0.761598229408,0.797979831696,1.24074816704,0.0661536976695,1.17459452152
0.793331503868,0.797979831696,1.28140974045,0.0756173655391,1.20579242706
0.825064778328,0.797979831696,1.32078111172,0.0862711444497,1.23450994492
0.856797993183,0.797979831696,1.35882246494,0.0982545390725,1.26056790352
0.888531267643,0.797979831696,1.39549565315,0.111713439226,1.28378224373
0.920264542103,0.797979831696,1.43076372147,0.126890316606,1.30387341976
0.951997756958,0.797979831696,1.46459102631,0.144274488091,1.32031655312
0.983731031418,0.797979831696,1.49694383144,0.164579391479,1.33236443996
1.01546430588,0.797979831696,1.52778923512,0.188269898295,1.33951938152
1.04719758034,0.797979831696,1.5570961237,0.215374156833,1.34172201157
1.0789308548,0.797979831696,1.58483541012,0.246582150459,1.33825325966
1.11066412926,0.797979831696,1.61097884178,0.283779114485,1.32719969749
1.14239740372,0.797979831696,1.63550007343,0.32805404067,1.30744600296
1.17413055897,0.797979831696,1.65837442875,0.377110421658,1.2812640667
1.20586383343,0.797979831696,1.67957901955,0.424474924803,1.25510406494
1.23759710789,0.797979831696,1.69909238815,0.466552317142,1.23254013062
1.26933038235,0.797979831696,1.71689498425,0.503477156162,1.21341776848
1.30106365681,0.797979831696,1.73296880722,0.535623073578,1.19734573364
1.33279693127,0.797979831696,1.74729764462,0.563121795654,1.18417584896
1.36453020573,0.797979831696,1.75986707211,0.586032927036,1.17383408546
1.39626336098,0.797979831696,1.77066445351,0.604398548603,1.16626596451
1.42799663544,0.797979831696,1.77967894077,0.618281185627,1.16139769554
1.4597299099,0.797979831696,1.786901474,0.627792537212,1.15910887718
1.49146318436,0.797979831696,1.79232478142,0.633083164692,1.15924167633
1.52319645882,0.797979831696,1.79594326019,0.634265780449,1.16167747974
1.55492973328,0.797979831696,1.79775345325,0.631339430809,1.16641402245
1.58666300774,0.797979831696,1.79775345325,0.624232470989,1.17352104187
1.6183962822,0.797979831696,1.79594326019,0.612943410873,1.18299984932
1.65012955666,0.797979831696,1.79232478142,0.597631335258,1.19469344616
1.68186283112,0.797979831696,1.786901474,0.578573048115,1.20832848549
1.71359610558,0.797979831696,1.77967894077,0.556077897549,1.22360110283
1.74532938004,0.797979831696,1.77066445351,0.53025585413,1.24040865898
1.77706253529,0.797979831696,1.75986707211,0.500595152378,1.25927186012
1.80879580975,0.797979831696,1.74729764462,0.466512829065,1.28078484535
1.84052908421,0.797979831696,1.73296880722,0.426622331142,1.30634641647
1.87226235867,0.797979831696,1.71689498425,0.376114547253,1.3407804966
1.90399563313,0.797979831696,1.69909226894,0.311763554811,1.38732874393
1.93572890759,0.797979831696,1.67957901955,0.238790228963,1.44078874588
1.96746218204,0.797979831696,1.65837442875,0.166063651443,1.49231076241
1.9991953373,0.797979831696,1.63549995422,0.0997286960483,1.53577125072
2.03092861176,0.797979831696,1.61097872257,0.0437850393355,1.56719362736
2.06266188622,0.797979831696,1.58483529091,0.00223838491365,1.58259689808
2.09439516068,0.797979831696,1.5570961237,-0.0241946447641,1.58129072189
2.12612843513,0.797979831696,1.52778911591,-0.0402700565755,1.56805920601
2.15786170959,0.797979831696,1.49694371223,-0.050529718399,1.54747343063
2.18959498405,0.797979831696,1.46459102631,-0.0570597574115,1.52165079117
2.22132825851,0.797979831696,1.43076360226,-0.0610872358084,1.49185085297
2.25306153297,0.797979831696,1.39549553394,-0.0635321810842,1.45902776718
2.28479480743,0.797979831696,1.35882234573,-0.0649563670158,1.42377877235
2.31652784348,0.797979831696,1.32078123093,-0.0656052157283,1.3863863945
2.34826135635,0.797979831696,1.28140950203,-0.0655392929912,1.34694874287
2.3799943924,0.797979831696,1.24074816704,-0.0647522434592,1.30550038815
2.41172790527,0.797979831696,1.19883692265,-0.0632433444262,1.26208031178
2.44346094131,0.797979831696,1.15571916103,-0.0610511153936,1.21677029133
2.47519421577,0.797979831696,1.11143743992,-0.0582611486316,1.169698596
2.50692749023,0.797979831696,1.06603646278,-0.0549989528954,1.12103545666
2.53866076469,0.797979831696,1.01956212521,-0.0514175780118,1.07097971439
2.57039403915,0.797979831696,0.972061216831,-0.0476827323437,1.01974391937
2.60212731361,0.797979831696,0.923581540585,-0.0439565889537,0.967538118362
2.63386058807,0.797979831696,0.874171793461,-0.0403821989894,0.914553999901
2.66559386253,0.797979831696,0.823881924152,-0.0370717011392,0.860953629017
2.69732713699,0.797979831696,0.772762417793,-0.034095980227,0.806858420372
2.72906041145,0.797979831696,0.720864832401,-0.0314814299345,0.752346277237
2.76079368591,0.797979831696,0.668241381645,-0.0292144510895,0.697455823421
2.79252696037,0.797979831696,0.614945054054,-0.0272506307811,0.642195701599
2.82426023483,0.797979831696,0.561029553413,-0.0255342945457,0.586563825607
2.85599327087,0.797979831696,0.506549537182,-0.0240152236074,0.530564785004
2.88772678375,0.797979831696,0.45155864954,-0.0226632300764,0.474221885204
2.91945981979,0.797979831696,0.396113932133,-0.0214726049453,0.417586535215
2.95119309425,0.797979831696,0.34026992321,-0.0204591006041,0.360729038715
2.98292636871,0.797979831696,0.284083276987,-0.0196469165385,0.3037301898
3.01465964317,0.797979831696,0.227610632777,-0.01905670017,0.246667325497
3.04639291763,0.797979831696,0.170908778906,-0.0186951551586,0.189603939652
3.07812619209,0.797979831696,0.114034831524,-0.0185523945838,0.132587224245
3.10985946655,0.797979831696,0.0570460557938,-0.0186025761068,0.0756486356258
3.14159274101,0.797979831696,-1.57184388172e-07,-0.0188092067838,0.0188090503216
0,0.808080792427,0,-0.0250379201025,0.0250379201025
0.0317332595587,0.808080792427,0.0573666654527,-0.0235412046313,0.0809078663588
0.0634665191174,0.808080792427,0.114675581455,-0.0219844244421,0.136660009623
0.095199778676,0.808080792427,0.171869009733,-0.0203573163599,0.192226320505
0.126933038235,0.808080792427,0.228889390826,-0.0186491478235,0.247538536787
0.158666297793,0.808080792427,0.285679280758,-0.0168471429497,0.302526414394
0.190399557352,0.808080792427,0.342181533575,-0.0149364247918,0.357117950916
0.222132816911,0.808080792427,0.398339241743,-0.0129008535296,0.411240100861
0.253866076469,0.808080792427,0.454095840454,-0.0107218381017,0.464817672968
0.285599350929,0.808080792427,0.509395301342,-0.00837863609195,0.517773926258
0.317332595587,0.808080792427,0.564181685448,-0.00584821403027,0.570029914379
0.349065840244,0.808080792427,0.618400037289,-0.00310439406894,0.621504426003
0.380799114704,0.808080792427,0.67199575901,-0.000120047945529,0.672115802765
0.412532389164,0.808080792427,0.724914848804,0.00313472328708,0.721780121326
0.444265633821,0.808080792427,0.777103900909,0.00669094966725,0.770412921906
0.475998878479,0.808080792427,0.828510582447,0.0105794463307,0.817931115627
0.507732152939,0.808080792427,0.879083037376,0.014829389751,0.864253640175
0.539465427399,0.808080792427,0.928770244122,0.0194661933929,0.909304022789
0.571198701859,0.808080792427,0.977522313595,0.0245105735958,0.953011751175
0.602931916714,0.808080792427,1.02529001236,0.0299794562161,0.995310544968
0.634665191174,0.808080792427,1.07202553749,0.035891495645,1.03613400459
0.666398465633,0.808080792427,1.11768138409,0.0422808341682,1.0754005909
0.698131680489,0.808080792427,1.16221189499,0.0492169037461,1.1129950285
0.729864954948,0.808080792427,1.2055721283,0.0568207129836,1.14875137806
0.761598229408,0.808080792427,1.24771869183,0.0652619823813,1.1824567318
0.793331503868,0.808080792427,1.28860867023,0.0747300609946,1.21387863159
0.825064778328,0.808080792427,1.32820117474,0.0853976011276,1.24280357361
0.856797993183,0.808080792427,1.36645627022,0.0974114984274,1.26904475689
0.888531267643,0.808080792427,1.40333557129,0.110925778747,1.29240977764
0.920264542103,0.808080792427,1.43880164623,0.126199558377,1.31260204315
0.951997756958,0.808080792427,1.47281908989,0.143762663007,1.32905638218
0.983731031418,0.808080792427,1.50535356998,0.164412438869,1.34094119072
1.01546430588,0.808080792427,1.53637218475,0.188722610474,1.34764957428
1.04719758034,0.808080792427,1.56584382057,0.216851726174,1.3489921093
1.0789308548,0.808080792427,1.59373891354,0.249767750502,1.34397113323
1.11066412926,0.808080792427,1.62002921104,0.289473861456,1.33055531979
1.14239740372,0.808080792427,1.64468824863,0.336338311434,1.308349967
1.17413055897,0.808080792427,1.66769111156,0.386597812176,1.28109335899
1.20586383343,0.808080792427,1.68901479244,0.433748394251,1.25526642799
1.23759710789,0.808080792427,1.7086378336,0.475503861904,1.2331340313
1.26933038235,0.808080792427,1.72654032707,0.512234091759,1.21430623531
1.30106365681,0.808080792427,1.74270451069,0.544169604778,1.19853496552
1.33279693127,0.808080792427,1.75711393356,0.571388840675,1.18572509289
1.36453020573,0.808080792427,1.76975393295,0.593956947327,1.17579698563
1.39626336098,0.808080792427,1.78061199188,0.611954808235,1.16865718365
1.42799663544,0.808080792427,1.7896771431,0.625515043736,1.16416215897
1.4597299099,0.808080792427,1.79694020748,0.634826123714,1.16211414337
1.49146318436,0.808080792427,1.80239403248,0.640052080154,1.16234195232
1.52319645882,0.808080792427,1.80603289604,0.641219675541,1.16481328011
1.55492973328,0.808080792427,1.80785322189,0.63822966814,1.16962361336
1.58666300774,0.808080792427,1.80785322189,0.631026208401,1.17682695389
1.6183962822,0.808080792427,1.80603289604,0.6197488904,1.18628406525
1.65012955666,0.808080792427,1.80239403248,0.604685246944,1.19770884514
1.68186283112,0.808080792427,1.79694020748,0.586059868336,1.21088027954
1.71359610558,0.808080792427,1.7896771431,0.563896000385,1.22578120232
1.74532938004,0.808080792427,1.78061199188,0.53821760416,1.24239444733
1.77706253529,0.808080792427,1.76975393295,0.509186863899,1.26056706905
1.80879580975,0.808080792427,1.75711393356,0.476679027081,1.28043484688
1.84052908421,0.808080792427,1.74270451069,0.439460605383,1.3032438755
1.87226235867,0.808080792427,1.72654032707,0.392791420221,1.33374893665
1.90399563313,0.808080792427,1.70863771439,0.33130723238,1.37733054161
1.93572890759,0.808080792427,1.68901479244,0.257951587439,1.4310631752
1.96746218204,0.808080792427,1.66769111156,0.18200597167,1.48568511009
1.9991953373,0.808080792427,1.64468812943,0.111102834344,1.53358530998
2.03092861176,0.808080792427,1.62002909184,0.0501299314201,1.56989920139
2.06266188622,0.808080792427,1.59373879433,0.00382711039856,1.5899116993
2.09439516068,0.808080792427,1.56584382057,-0.0259270537645,1.59177088737
2.12612843513,0.808080792427,1.53637206554,-0.043750718236,1.58012282848
2.15786170959,0.808080792427,1.50535345078,-0.0549515113235,1.56030499935
2.18959498405,0.808080792427,1.47281908989,-0.0619904771447,1.53480958939
2.22132825851,0.808080792427,1.43880152702,-0.0662023574114,1.50500392914
2.25306153297,0.808080792427,1.40333533287,-0.0685804411769,1.47191572189
2.28479480743,0.808080792427,1.3664560318,-0.0697426721454,1.4361987114
2.31652784348,0.808080792427,1.32820129395,-0.069976106286,1.39817738533
2.34826135635,0.808080792427,1.28860843182,-0.0693788379431,1.35798728466
2.3799943924,0.808080792427,1.24771869183,-0.0679867193103,1.31570541859
2.41172790527,0.808080792427,1.20557188988,-0.065847992897,1.27141988277
2.44346094131,0.808080792427,1.1622120142,-0.0630544871092,1.2252664566
2.47519421577,0.808080792427,1.11768138409,-0.0597459599376,1.17742729187
2.50692749023,0.808080792427,1.07202541828,-0.0560985989869,1.12812399864
2.53866076469,0.808080792427,1.02529001236,-0.0523066930473,1.07759666443
2.57039403915,0.808080792427,0.977522194386,-0.0485610999167,1.02608335018
2.60212731361,0.808080792427,0.928770184517,-0.0450285300612,0.973798692226
2.63386058807,0.808080792427,0.879082858562,-0.0418314225972,0.920914292336
2.66559386253,0.808080792427,0.828510403633,-0.0390347056091,0.867545127869
2.69732713699,0.808080792427,0.7771037817,-0.0366411395371,0.813744902611
2.72906041145,0.808080792427,0.724914610386,-0.0346019230783,0.759516537189
2.76079368591,0.808080792427,0.671995520592,-0.0328355692327,0.704831063747
2.79252696037,0.808080792427,0.61839979887,-0.0312589779496,0.649658799171
2.82426023483,0.808080792427,0.564181387424,-0.0298130363226,0.593994438648
2.85599327087,0.808080792427,0.509395360947,-0.0284795202315,0.537874877453
2.88772678375,0.808080792427,0.454095482826,-0.027276493609,0.481371968985
2.91945981979,0.808080792427,0.398339271545,-0.0262440741062,0.424583345652
2.95119309425,0.808080792427,0.342181533575,-0.0254214499146,0.367602974176
2.98292636871,0.808080792427,0.285679250956,-0.0248306952417,0.310509949923
3.01465964317,0.808080792427,0.228889331222,-0.0244692079723,0.253358542919
3.04639291763,0.808080792427,0.171868935227,-0.0243122894317,0.196181222796
3.07812619209,0.808080792427,0.114675469697,-0.024319620803,0.138995096087
3.10985946655,0.808080792427,0.0573665387928,-0.0244448333979,0.0818113684654
3.14159274101,0.808080792427,-1.58067436473e-07,-0.0246426519006,0.0246424935758
0,0.818181812763,0,-0.0264472551644,0.0264472551644
0.0317332595587,0.818181812763,0.0576871484518,-0.0248178932816,0.0825050398707
0.0634665191174,0.818181812763,0.115316219628,-0.0231396108866,0.138455837965
0.095199778676,0.818181812763,0.172829166055,-0.0214037727565,0.194232940674
0.126933038235,0.818181812763,0.230168089271,-0.0196006409824,0.249768733978
0.158666297793,0.818181812763,0.287275254726,-0.0177186653018,0.304993927479
0.190399557352,0.818181812763,0.34409314394,-0.0157444886863,0.35983762145
0.222132816911,0.818181812763,0.400564610958,-0.0136627200991,0.414227336645
0.253866076469,0.818181812763,0.45663267374,-0.0114557147026,0.468088388443
0.285599350929,0.818181812763,0.512241065502,-0.00910338107497,0.521344423294
0.317332595587,0.818181812763,0.567333519459,-0.00658275233582,0.573916256428
0.349065840244,0.818181812763,0.6218547225,-0.00386788742617,0.625722587109
0.380799114704,0.818181812763,0.675749897957,-0.000929869245738,0.67667979002
0.412532389164,0.818181812763,0.728964626789,0.0022632596083,0.726701378822
0.444265633821,0.818181812763,0.781445264816,0.00574583606794,0.775699436665
0.475998878479,0.818181812763,0.833139121532,0.00955433398485,0.823584794998
0.507732152939,0.818181812763,0.883994042873,0.013725053519,0.87026900053
0.539465427399,0.818181812763,0.933958888054,0.0182929895818,0.915665924549
0.571198701859,0.818181812763,0.982983291149,0.0232893396169,0.959693968296
0.602931916714,0.818181812763,1.03101789951,0.0287389531732,1.00227892399
0.634665191174,0.818181812763,1.07801449299,0.0346641689539,1.04335033894
0.666398465633,0.818181812763,1.12392544746,0.0410933308303,1.08283209801
0.698131680489,0.818181812763,1.16870462894,0.0480800159276,1.12062466145
0.729864954948,0.818181812763,1.21230721474,0.0557281784713,1.15657901764
0.761598229408,0.818181812763,1.2546890974,0.0642031729221,1.19048595428
0.793331503868,0.818181812763,1.29580748081,0.0737081468105,1.2220993042
0.825064778328,0.818181812763,1.33562123775,0.08443531394,1.25118589401
0.856797993183,0.818181812763,1.37409007549,0.0965384021401,1.277551651
0.888531267643,0.818181812763,1.41117537022,0.110172361135,1.30100297928
0.920264542103,0.818181812763,1.446839571,0.125607177615,1.32123243809
0.951997756958,0.818181812763,1.48104703426,0.143411248922,1.33763575554
0.983731031418,0.818181812763,1.51376330853,0.164471358061,1.34929192066
1.01546430588,0.818181812763,1.5449552536,0.189480885863,1.35547435284
1.04719758034,0.818181812763,1.57459151745,0.218760788441,1.3558306694
1.0789308548,0.818181812763,1.60264253616,0.253601282835,1.34904122353
1.11066412926,0.818181812763,1.62907958031,0.296007037163,1.33307254314
1.14239740372,0.818181812763,1.65387630463,0.345288068056,1.30858826637
1.17413055897,0.818181812763,1.67700767517,0.396280109882,1.28072762489
1.20586383343,0.818181812763,1.69845056534,0.44309720397,1.25535333157
1.23759710789,0.818181812763,1.71818327904,0.484592050314,1.23359119892
1.26933038235,0.818181812763,1.73618578911,0.521135032177,1.21505069733
1.30106365681,0.818181812763,1.75244021416,0.552817523479,1.19962263107
1.33279693127,0.818181812763,1.7669301033,0.579695165157,1.18723487854
1.36453020573,0.818181812763,1.7796407938,0.60186290741,1.17777788639
1.39626336098,0.818181812763,1.79055941105,0.619468152523,1.17109131813
1.42799663544,0.818181812763,1.79967522621,0.632734239101,1.16694092751
1.4597299099,0.818181812763,1.80697894096,0.641892254353,1.16508674622
1.49146318436,0.818181812763,1.81246316433,0.647036731243,1.16542649269
1.52319645882,0.818181812763,1.81612241268,0.648078083992,1.16804432869
1.55492973328,0.818181812763,1.81795287132,0.644910991192,1.17304182053
1.58666300774,0.818181812763,1.81795287132,0.637621581554,1.18033123016
1.6183962822,0.818181812763,1.81612241268,0.626493752003,1.18962860107
1.65012955666,0.818181812763,1.81246316433,0.611796200275,1.20066690445
1.68186283112,0.818181812763,1.80697894096,0.593546807766,1.21343207359
1.71359610558,0.818181812763,1.79967522621,0.571597754955,1.22807741165
1.74532938004,0.818181812763,1.79055941105,0.546225488186,1.24433398247
1.77706253529,0.818181812763,1.7796407938,0.518264591694,1.2613761425
1.80879580975,0.818181812763,1.7669301033,0.487740367651,1.27918970585
1.84052908421,0.818181812763,1.75244021416,0.453012943268,1.29942727089
1.87226235867,0.818181812763,1.73618578911,0.409730374813,1.32645535469
1.90399563313,0.818181812763,1.71818315983,0.351457417011,1.36672568321
1.93572890759,0.818181812763,1.69845056534,0.278563261032,1.41988730431
1.96746218204,0.818181812763,1.67700767517,0.199958398938,1.47704923153
1.9991953373,0.818181812763,1.65387630463,0.124608911574,1.52926743031
2.03092861176,0.818181812763,1.62907958031,0.0584527775645,1.5706268549
2.06266188622,0.818181812763,1.60264241695,0.00702127860859,1.59562110901
2.09439516068,0.818181812763,1.57459151745,-0.0264713279903,1.60106289387
2.12612843513,0.818181812763,1.54495513439,-0.0462405048311,1.59119558334
2.15786170959,0.818181812763,1.51376318932,-0.0584412105381,1.57220435143
2.18959498405,0.818181812763,1.48104703426,-0.0660183429718,1.54706537724
2.22132825851,0.818181812763,1.446839571,-0.0704313218594,1.51727092266
2.25306153297,0.818181812763,1.4111751318,-0.0727463662624,1.48392152786
2.28479480743,0.818181812763,1.37408983707,-0.0736425295472,1.44773232937
2.31652784348,0.818181812763,1.33562135696,-0.0734557062387,1.4090770483
2.34826135635,0.818181812763,1.2958073616,-0.0723321512341,1.36813950539
2.3799943924,0.818181812763,1.2546890974,-0.0703629478812,1.32505202293
2.41172790527,0.818181812763,1.21230697632,-0.0676588788629,1.27996587753
2.44346094131,0.818181812763,1.16870474815,-0.0643787905574,1.23308348656
2.47519421577,0.818181812763,1.12392544746,-0.0607257112861,1.1846511364
2.50692749023,0.818181812763,1.07801437378,-0.0569280646741,1.13494241238
2.53866076469,0.818181812763,1.0310177803,-0.0532130636275,1.08423089981
2.57039403915,0.818181812763,0.98298317194,-0.049774363637,1.03275752068
2.60212731361,0.818181812763,0.933958828449,-0.0467454493046,0.980704307556
2.63386058807,0.818181812763,0.883993923664,-0.0441785342991,0.928172469139
2.66559386253,0.818181812763,0.833138942719,-0.0420416928828,0.875180661678
2.69732713699,0.818181812763,0.781445086002,-0.0402361117303,0.821681201458
2.72906041145,0.818181812763,0.728964388371,-0.0386359877884,0.767600357533
2.76079368591,0.818181812763,0.675749659538,-0.0371343418956,0.712884008884
2.79252696037,0.818181812763,0.621854543686,-0.0356789119542,0.657533466816
2.82426023483,0.818181812763,0.567333221436,-0.0342816337943,0.601614832878
2.85599327087,0.818181812763,0.512241125107,-0.0329987518489,0.54523986578
2.88772678375,0.818181812763,0.456632316113,-0.0318969860673,0.488529294729
2.91945981979,0.818181812763,0.40056464076,-0.0310234352946,0.431588083506
2.95119309425,0.818181812763,0.34409314394,-0.0303906425834,0.374483793974
2.98292636871,0.818181812763,0.287275224924,-0.0299778971821,0.317253112793
3.01465964317,0.818181812763,0.230168044567,-0.0297427456826,0.259910792112
3.04639291763,0.818181812763,0.172829091549,-0.029633006081,0.202462092042
3.07812619209,0.818181812763,0.11531611532,-0.029598146677,0.144914269447
3.10985946655,0.818181812763,0.0576870180666,-0.0295957047492,0.0872827246785
3.14159274101,0.818181812763,-1.58950498985e-07,-0.0295925121754,0.0295923538506
0,0.828282833099,0,-0.028358604759,0.028358604759
0.0317332595587,0.828282833099,0.0580076351762,-0.0265620741993,0.0845697075129
0.0634665191174,0.828282833099,0.115956872702,-0.0247255098075,0.140682384372
0.095199778676,0.828282833099,0.173789337277,-0.0228424500674,0.196631789207
0.126933038235,0.828282833099,0.231446817517,-0.0209046993405,0.252351522446
0.158666297793,0.828282833099,0.288871228695,-0.0189028475434,0.307774066925
0.190399557352,0.828282833099,0.34600481391,-0.0168250668794,0.362829893827
0.222132816911,0.828282833099,0.402789980173,-0.0146579649299,0.417447954416
0.253866076469,0.828282833099,0.459169536829,-0.0123851848766,0.471554726362
0.285599350929,0.828282833099,0.515086829662,-0.00998817011714,0.525075018406
0.317332595587,0.828282833099,0.570485413074,-0.00744481617585,0.577930212021
0.349065840244,0.828282833099,0.62530952692,-0.00472996383905,0.630039513111
0.380799114704,0.828282833099,0.679504096508,-0.00181473977864,0.681318819523
0.412532389164,0.828282833099,0.733014464378,0.0013337242417,0.731680750847
0.444265633821,0.828282833099,0.785786628723,0.00475222477689,0.78103441
0.475998878479,0.828282833099,0.837767720222,0.00848111137748,0.829286634922
0.507732152939,0.828282833099,0.88890516758,0.0125628318638,0.876342356205
0.539465427399,0.828282833099,0.939147591591,0.0170413162559,0.922106266022
0.571198701859,0.828282833099,0.988444328308,0.0219584200531,0.966485917568
0.602931916714,0.828282833099,1.03674578667,0.0273518525064,1.00939393044
0.634665191174,0.828282833099,1.08400344849,0.0332533121109,1.05075013638
0.666398465633,0.828282833099,1.13016951084,0.0396937355399,1.09047579765
0.698131680489,0.828282833099,1.17519748211,0.0467179715633,1.12847948074
0.729864954948,0.828282833099,1.21904230118,0.0544132441282,1.16462910175
0.761598229408,0.828282833099,1.26165962219,0.0629340857267,1.19872558117
0.793331503868,0.828282833099,1.30300652981,0.0724960193038,1.23051047325
0.825064778328,0.828282833099,1.34304141998,0.083317860961,1.25972354412
0.856797993183,0.828282833099,1.38172399998,0.0955685302615,1.28615546227
0.888531267643,0.828282833099,1.41901528835,0.10939745605,1.30961787701
0.920264542103,0.828282833099,1.45487773418,0.125074878335,1.32980287075
0.951997756958,0.828282833099,1.48927509785,0.143204778433,1.34607028961
0.983731031418,0.828282833099,1.52217316628,0.164767205715,1.35740590096
1.01546430588,0.828282833099,1.55353844166,0.190586984158,1.36295151711
1.04719758034,0.828282833099,1.58333933353,0.22117587924,1.36216342449
1.0789308548,0.828282833099,1.61154615879,0.258184880018,1.35336124897
1.11066412926,0.828282833099,1.63813018799,0.303433865309,1.33469629288
1.14239740372,0.828282833099,1.66306459904,0.354824692011,1.30823993683
1.17413055897,0.828282833099,1.6863244772,0.406107723713,1.28021669388
1.20586383343,0.828282833099,1.70788645744,0.452552109957,1.25533437729
1.23759710789,0.828282833099,1.72772884369,0.493826448917,1.23390245438
1.26933038235,0.828282833099,1.74583137035,0.530147492886,1.21568393707
1.30106365681,0.828282833099,1.76217603683,0.561506211758,1.20066976547
1.33279693127,0.828282833099,1.77674639225,0.587971806526,1.18877458572
1.36453020573,0.828282833099,1.78952765465,0.609699070454,1.1798286438
1.39626336098,0.828282833099,1.80050706863,0.626930117607,1.17357695103
1.42799663544,0.828282833099,1.80967354774,0.639957726002,1.16971588135
1.4597299099,0.828282833099,1.81701779366,0.648966670036,1.16805112362
1.49146318436,0.828282833099,1.8225325346,0.653921961784,1.16861057281
1.52319645882,0.828282833099,1.82621204853,0.654705524445,1.17150652409
1.55492973328,0.828282833099,1.82805263996,0.651367127895,1.17668557167
1.58666300774,0.828282833099,1.82805263996,0.644171535969,1.18388104439
1.6183962822,0.828282833099,1.82621204853,0.63338714838,1.19282484055
1.65012955666,0.828282833099,1.8225325346,0.619051575661,1.20348095894
1.68186283112,0.828282833099,1.81701779366,0.601051449776,1.21596634388
1.71359610558,0.828282833099,1.80967354774,0.579571723938,1.23010182381
1.74532938004,0.828282833099,1.80050706863,0.555225372314,1.24528169632
1.77706253529,0.828282833099,1.78952765465,0.528590738773,1.26093697548
1.80879580975,0.828282833099,1.77674639225,0.499620139599,1.27712631226
1.84052908421,0.828282833099,1.76217603683,0.466897755861,1.29527831078
1.87226235867,0.828282833099,1.74583137035,0.42661651969,1.31921482086
1.90399563313,0.828282833099,1.72772872448,0.371900081635,1.35582864285
1.93572890759,0.828282833099,1.70788645744,0.300453037024,1.40743339062
1.96746218204,0.828282833099,1.6863244772,0.219982489944,1.46634197235
1.9991953373,0.828282833099,1.66306447983,0.140476465225,1.5225880146
2.03092861176,0.828282833099,1.63813006878,0.0690564066172,1.56907367706
2.06266188622,0.828282833099,1.61154603958,0.0121351182461,1.59941089153
2.09439516068,0.828282833099,1.58333933353,-0.0255669485778,1.60890626907
2.12612843513,0.828282833099,1.55353832245,-0.0475206486881,1.60105895996
2.15786170959,0.828282833099,1.52217304707,-0.0607847459614,1.5829577446
2.18959498405,0.828282833099,1.48927509785,-0.0689301490784,1.55820524693
2.22132825851,0.828282833099,1.45487761497,-0.0735651627183,1.52844274044
2.25306153297,0.828282833099,1.41901504993,-0.0758307948709,1.49484586716
2.28479480743,0.828282833099,1.38172376156,-0.0764712691307,1.45819497108
2.31652784348,0.828282833099,1.34304153919,-0.0758813470602,1.41892290115
2.34826135635,0.828282833099,1.30300629139,-0.074270516634,1.37727677822
2.3799943924,0.828282833099,1.26165962219,-0.0718014091253,1.33346104622
2.41172790527,0.828282833099,1.21904206276,-0.0686646699905,1.28770673275
2.44346094131,0.828282833099,1.17519760132,-0.065097860992,1.24029541016
2.47519421577,0.828282833099,1.13016951084,-0.0613704696298,1.19154000282
2.50692749023,0.828282833099,1.08400332928,-0.0577535405755,1.1417568922
2.53866076469,0.828282833099,1.03674566746,-0.0544747896492,1.09122049809
2.57039403915,0.828282833099,0.988444268703,-0.0516786463559,1.04012286663
2.60212731361,0.828282833099,0.939147472382,-0.0493968352675,0.988544285297
2.63386058807,0.828282833099,0.88890504837,-0.0475468374789,0.936451911926
2.66559386253,0.828282833099,0.837767541409,-0.0459665209055,0.883734047413
2.69732713699,0.828282833099,0.785786509514,-0.0444807559252,0.830267250538
2.72906041145,0.828282833099,0.73301422596,-0.0429715551436,0.775985777378
2.76079368591,0.828282833099,0.679503858089,-0.0414174385369,0.720921278
2.79252696037,0.828282833099,0.625309288502,-0.0398826785386,0.665191948414
2.82426023483,0.828282833099,0.570485115051,-0.0384697318077,0.608954846859
2.85599327087,0.828282833099,0.515086889267,-0.0372653417289,0.552352249622
2.88772678375,0.828282833099,0.459169179201,-0.0363096110523,0.495478779078
2.91945981979,0.828282833099,0.402790009975,-0.0355940274894,0.438384026289
2.95119309425,0.828282833099,0.34600481391,-0.0350754670799,0.381080269814
2.98292636871,0.828282833099,0.288871198893,-0.0346962101758,0.323567420244
3.01465964317,0.828282833099,0.231446757913,-0.0343994870782,0.265846252441
3.04639291763,0.828282833099,0.173789262772,-0.0341379195452,0.207927182317
3.07812619209,0.828282833099,0.115956760943,-0.0338772982359,0.149834066629
3.10985946655,0.828282833099,0.058007504791,-0.0335948839784,0.0916023850441
3.14159274101,0.828282833099,-1.59833561497e-07,-0.0332787819207,0.0332786217332
0,0.838383853436,0,-0.0308383852243,0.0308383852243
0.0317332595587,0.838383853436,0.0583281219006,-0.0288469549268,0.0871750786901
0.0634665191174,0.838383853436,0.116597518325,-0.0268195867538,0.143417105079
0.095199778676,0.838383853436,0.174749493599,-0.0247523374856,0.199501827359
0.126933038235,0.838383853436,0.232725530863,-0.0226399898529,0.255365520716
0.158666297793,0.838383853436,0.290467232466,-0.0204755160958,0.310942739248
0.190399557352,0.838383853436,0.347916454077,-0.0182500276715,0.366166472435
0.222132816911,0.838383853436,0.405015349388,-0.0159521773458,0.420967519283
0.253866076469,0.838383853436,0.46170642972,-0.0135683342814,0.475274771452
0.285599350929,0.838383853436,0.517932653427,-0.0110822813585,0.52901494503
0.317332595587,0.838383853436,0.573637247086,-0.00847403425723,0.582111299038
0.349065840244,0.838383853436,0.628764271736,-0.00571973109618,0.634483993053
0.380799114704,0.838383853436,0.683258295059,-0.00279201637022,0.68605029583
0.412532389164,0.838383853436,0.737064301968,0.000341852195561,0.73672246933
0.444265633821,0.838383853436,0.790128052235,0.00371890468523,0.786409139633
0.475998878479,0.838383853436,0.842396259308,0.00738177867606,0.835014462471
0.507732152939,0.838383853436,0.893816292286,0.0113773569465,0.882438957691
0.539465427399,0.838383853436,0.944336295128,0.0157569535077,0.928579330444
0.571198701859,0.838383853436,0.993905425072,0.0205722246319,0.973333179951
0.602931916714,0.838383853436,1.04247379303,0.0258747972548,1.0165989399
0.634665191174,0.838383853436,1.08999252319,0.031710319221,1.05828225613
0.666398465633,0.838383853436,1.13641357422,0.0381202250719,1.09829330444
0.698131680489,0.838383853436,1.18169033527,0.0451505035162,1.13653981686
0.729864954948,0.838383853436,1.22577738762,0.0528760366142,1.17290139198
0.761598229408,0.838383853436,1.26863014698,0.0614383593202,1.20719182491
0.793331503868,0.838383853436,1.31020545959,0.0710594058037,1.23914599419
0.825064778328,0.838383853436,1.35046160221,0.0819929689169,1.26846861839
0.856797993183,0.838383853436,1.38935792446,0.0944384634495,1.29491949081
0.888531267643,0.838383853436,1.42685520649,0.108541332185,1.31831383705
0.920264542103,0.838383853436,1.46291577816,0.12455856055,1.33835721016
0.951997756958,0.838383853436,1.49750328064,0.143122032285,1.35438120365
0.983731031418,0.838383853436,1.53058302402,0.165309801698,1.36527323723
1.01546430588,0.838383853436,1.56212151051,0.19208920002,1.37003231049
1.04719758034,0.838383853436,1.59208714962,0.224187746644,1.36789941788
1.0789308548,0.838383853436,1.62044978142,0.263635545969,1.35681426525
1.11066412926,0.838383853436,1.64718067646,0.311798661947,1.33538198471
1.14239740372,0.838383853436,1.67225289345,0.364868998528,1.30738389492
1.17413055897,0.838383853436,1.69564127922,0.416076540947,1.27956473827
1.20586383343,0.838383853436,1.71732234955,0.462157785892,1.25516462326
1.23759710789,0.838383853436,1.73727428913,0.503209352493,1.23406493664
1.26933038235,0.838383853436,1.7554769516,0.539234638214,1.21624231339
1.30106365681,0.838383853436,1.77191185951,0.570184707642,1.20172715187
1.33279693127,0.838383853436,1.78656280041,0.596184015274,1.19037878513
1.36453020573,0.838383853436,1.7994146347,0.617479681969,1.18193495274
1.39626336098,0.838383853436,1.81045472622,0.634402215481,1.17605257034
1.42799663544,0.838383853436,1.81967175007,0.647225558758,1.17244625092
1.4597299099,0.838383853436,1.82705652714,0.655995368958,1.17106115818
1.49146318436,0.838383853436,1.83260178566,0.660618364811,1.17198348045
1.52319645882,0.838383853436,1.83630168438,0.661144435406,1.17515730858
1.55492973328,0.838383853436,1.83815252781,0.657853662968,1.18029880524
1.58666300774,0.838383853436,1.83815252781,0.651019275188,1.18713331223
1.6183962822,0.838383853436,1.83630168438,0.640645980835,1.19565570354
1.65012955666,0.838383853436,1.83260178566,0.626607835293,1.20599389076
1.68186283112,0.838383853436,1.82705652714,0.609153747559,1.21790277958
1.71359610558,0.838383853436,1.81967175007,0.588867545128,1.23080420494
1.74532938004,0.838383853436,1.81045472622,0.565976321697,1.24447846413
1.77706253529,0.838383853436,1.7994146347,0.540364325047,1.25905036926
1.80879580975,0.838383853436,1.78656280041,0.512132644653,1.27443015575
1.84052908421,0.838383853436,1.77191185951,0.480807244778,1.29110455513
1.87226235867,0.838383853436,1.7554769516,0.443292886019,1.31218409538
1.90399563313,0.838383853436,1.73727416992,0.392486304045,1.34478783607
1.93572890759,0.838383853436,1.71732234955,0.323517560959,1.39380478859
1.96746218204,0.838383853436,1.69564127922,0.242162182927,1.45347905159
1.9991953373,0.838383853436,1.67225277424,0.158973813057,1.51327896118
2.03092861176,0.838383853436,1.64718055725,0.082308255136,1.56487226486
2.06266188622,0.838383853436,1.62044966221,0.0195641126484,1.60088551044
2.09439516068,0.838383853436,1.59208714962,-0.0228756815195,1.61496281624
2.12612843513,0.838383853436,1.5621213913,-0.0473167188466,1.60943806171
2.15786170959,0.838383853436,1.53058290482,-0.0617238655686,1.59230673313
2.18959498405,0.838383853436,1.49750328064,-0.070475846529,1.56797909737
2.22132825851,0.838383853436,1.46291565895,-0.075367435813,1.53828310966
2.25306153297,0.838383853436,1.42685496807,-0.0776155143976,1.50447046757
2.28479480743,0.838383853436,1.38935768604,-0.0780367031693,1.46739435196
2.31652784348,0.838383853436,1.35046172142,-0.0770993754268,1.42756104469
2.34826135635,0.838383853436,1.31020522118,-0.0750948116183,1.38530004025
2.3799943924,0.838383853436,1.26863014698,-0.0722782090306,1.34090840816
2.41172790527,0.838383853436,1.2257771492,-0.0689360052347,1.29471313953
2.44346094131,0.838383853436,1.18169045448,-0.0653903707862,1.24708080292
2.47519421577,0.838383853436,1.13641357422,-0.0619652420282,1.19837880135
2.50692749023,0.838383853436,1.08999240398,-0.0589311234653,1.14892351627
2.53866076469,0.838383853436,1.04247367382,-0.0564452297986,1.09891891479
2.57039403915,0.838383853436,0.993905305862,-0.0545095652342,1.04841482639
2.60212731361,0.838383853436,0.944336175919,-0.0529733486474,0.997309505939
2.63386058807,0.838383853436,0.893816113472,-0.0515968501568,0.945412993431
2.66559386253,0.838383853436,0.842396140099,-0.0501589663327,0.892555117607
2.69732713699,0.838383853436,0.790127873421,-0.0485541038215,0.838681995869
2.72906041145,0.838383853436,0.737064063549,-0.0468227379024,0.783886790276
2.76079368591,0.838383853436,0.683258056641,-0.0451010726392,0.728359103203
2.79252696037,0.838383853436,0.628764092922,-0.0435338020325,0.672297894955
2.82426023483,0.838383853436,0.573637008667,-0.042210765183,0.615847766399
2.85599327087,0.838383853436,0.517932713032,-0.0411486700177,0.559081375599
2.88772678375,0.838383853436,0.46170604229,-0.0403099544346,0.5020160079
2.91945981979,0.838383853436,0.40501537919,-0.0396316796541,0.444647073746
2.95119309425,0.838383853436,0.347916454077,-0.0390496328473,0.386966079473
2.98292636871,0.838383853436,0.290467202663,-0.038510736078,0.328977942467
3.01465964317,0.838383853436,0.232725486159,-0.0379773713648,0.2707028687
3.04639291763,0.838383853436,0.174749433994,-0.0374274589121,0.212176889181
3.07812619209,0.838383853436,0.116597414017,-0.0368497408926,0.153447151184
3.10985946655,0.838383853436,0.0583279915154,-0.0362414047122,0.0945693999529
3.14159274101,0.838383853436,-1.60716624009e-07,-0.0356046035886,0.0356044434011
0,0.848484873772,0,-0.0339069105685,0.0339069105685
0.0317332595587,0.848484873772,0.0586486048996,-0.0317119471729,0.0903605520725
0.0634665191174,0.848484873772,0.117238163948,-0.0294764619321,0.146714627743
0.095199778676,0.848484873772,0.17570964992,-0.0272000432014,0.202909693122
0.126933038235,0.848484873772,0.234004244208,-0.0248809028417,0.258885145187
0.158666297793,0.848484873772,0.292063176632,-0.0225155055523,0.314578682184
0.190399557352,0.848484873772,0.349828064442,-0.0200986936688,0.36992675066
0.222132816911,0.848484873772,0.407240688801,-0.0176230594516,0.424863755703
0.253866076469,0.848484873772,0.464243263006,-0.0150785278529,0.479321777821
0.285599350929,0.848484873772,0.520778417587,-0.0124521255493,0.533230543137
0.317332595587,0.848484873772,0.576789081097,-0.00972713995725,0.586516201496
0.349065840244,0.848484873772,0.632219016552,-0.0068831644021,0.639102160931
0.380799114704,0.848484873772,0.687012434006,-0.00389502430335,0.690907478333
0.412532389164,0.848484873772,0.741114079952,-0.00073233852163,0.741846442223
0.444265633821,0.848484873772,0.794469356537,0.00264090532437,0.791828453541
0.475998878479,0.848484873772,0.847024798393,0.0062673301436,0.840757489204
0.507732152939,0.848484873772,0.898727357388,0.0101962424815,0.888531088829
0.539465427399,0.848484873772,0.94952493906,0.0144832823426,0.935041666031
0.571198701859,0.848484873772,0.999366402626,0.0191890448332,0.980177342892
0.602931916714,0.848484873772,1.04820156097,0.0243769362569,1.02382457256
0.634665191174,0.848484873772,1.09598135948,0.0301087424159,1.06587266922
0.666398465633,0.848484873772,1.14265751839,0.0364421643317,1.10621535778
0.698131680489,0.848484873772,1.18818306923,0.0434328690171,1.14475023746
0.729864954948,0.848484873772,1.23251235485,0.0511542335153,1.18135809898
0.761598229408,0.848484873772,1.27560067177,0.0597348660231,1.21586585045
0.793331503868,0.848484873772,1.31740438938,0.0693977624178,1.24800658226
0.825064778328,0.848484873772,1.35788166523,0.0804354324937,1.27744626999
0.856797993183,0.848484873772,1.39699172974,0.0931001082063,1.30389165878
0.888531267643,0.848484873772,1.43469500542,0.107548601925,1.32714641094
0.920264542103,0.848484873772,1.47095370293,0.124012432992,1.34694123268
0.951997756958,0.848484873772,1.50573122501,0.143137514591,1.36259365082
0.983731031418,0.848484873772,1.53899276257,0.166106894612,1.37288582325
1.01546430588,0.848484873772,1.57070457935,0.194041907787,1.37666273117
1.04719758034,0.848484873772,1.6008348465,0.227904707193,1.37293016911
1.0789308548,0.848484873772,1.62935328484,0.270086705685,1.35926651955
1.11066412926,0.848484873772,1.65623104572,0.321134001017,1.33509707451
1.14239740372,0.848484873772,1.68144106865,0.375362217426,1.30607891083
1.17413055897,0.848484873772,1.70495796204,0.426231384277,1.27872657776
1.20586383343,0.848484873772,1.72675812244,0.471968978643,1.254789114
1.23759710789,0.848484873772,1.74681973457,0.512743473053,1.23407626152
1.26933038235,0.848484873772,1.76512229443,0.548372685909,1.21674966812
1.30106365681,0.848484873772,1.78164768219,0.578842520714,1.20280516148
1.33279693127,0.848484873772,1.79637897015,0.604374885559,1.19200408459
1.36453020573,0.848484873772,1.80930149555,0.62531542778,1.18398606777
1.39626336098,0.848484873772,1.82040214539,0.642001211643,1.17840099335
1.42799663544,0.848484873772,1.82966995239,0.654562294483,1.17510771751
1.4597299099,0.848484873772,1.83709526062,0.662948668003,1.17414665222
1.49146318436,0.848484873772,1.84267103672,0.667238533497,1.17543244362
1.52319645882,0.848484873772,1.84639120102,0.66777163744,1.17861962318
1.55492973328,0.848484873772,1.84825217724,0.664872705936,1.1833794117
1.58666300774,0.848484873772,1.84825217724,0.658527076244,1.1897251606
1.6183962822,0.848484873772,1.84639120102,0.648561894894,1.19782924652
1.65012955666,0.848484873772,1.84267103672,0.63521271944,1.20745825768
1.68186283112,0.848484873772,1.83709526062,0.619025588036,1.21806967258
1.71359610558,0.848484873772,1.82966995239,0.600188016891,1.2294819355
1.74532938004,0.848484873772,1.82040214539,0.578428685665,1.24197340012
1.77706253529,0.848484873772,1.80930149555,0.553444623947,1.2558568716
1.80879580975,0.848484873772,1.79637897015,0.525437057018,1.27094197273
1.84052908421,0.848484873772,1.78164768219,0.494829297066,1.28681838512
1.87226235867,0.848484873772,1.76512229443,0.459753274918,1.30536901951
1.90399563313,0.848484873772,1.74681961536,0.413185030222,1.33363461494
1.93572890759,0.848484873772,1.72675812244,0.347734928131,1.37902319431
1.96746218204,0.848484873772,1.70495796204,0.266620457172,1.43833756447
1.9991953373,0.848484873772,1.68144094944,0.180417314172,1.50102365017
2.03092861176,0.848484873772,1.65623092651,0.0986489653587,1.55758190155
2.06266188622,0.848484873772,1.62935316563,0.0297911688685,1.59956204891
2.09439516068,0.848484873772,1.6008348465,-0.0179753191769,1.61881017685
2.12612843513,0.848484873772,1.57070446014,-0.0452974848449,1.61600196362
2.15786170959,0.848484873772,1.53899264336,-0.0609627664089,1.59995543957
2.18959498405,0.848484873772,1.50573122501,-0.0703795105219,1.57611072063
2.22132825851,0.848484873772,1.47095358372,-0.0755871608853,1.54654073715
2.25306153297,0.848484873772,1.434694767,-0.0778816193342,1.51257634163
2.28479480743,0.848484873772,1.39699149132,-0.0781629681587,1.47515439987
2.31652784348,0.848484873772,1.35788178444,-0.0769932046533,1.43487501144
2.34826135635,0.848484873772,1.31740415096,-0.0747690796852,1.39217329025
2.3799943924,0.848484873772,1.27560067177,-0.0718603134155,1.34746098518
2.41172790527,0.848484873772,1.23251211643,-0.0686587616801,1.30117082596
2.44346094131,0.848484873772,1.18818318844,-0.0655567571521,1.25373995304
2.47519421577,0.848484873772,1.14265751839,-0.0628784894943,1.20553600788
2.50692749023,0.848484873772,1.09598124027,-0.0607985295355,1.15677976608
2.53866076469,0.848484873772,1.04820144176,-0.0592796467245,1.10748112202
2.57039403915,0.848484873772,0.999366283417,-0.0580850280821,1.05745136738
2.60212731361,0.848484873772,0.949524819851,-0.0568855106831,1.00641036034
2.63386058807,0.848484873772,0.898727178574,-0.0554260723293,0.954153239727
2.66559386253,0.848484873772,0.847024619579,-0.0536499284208,0.900674521923
2.69732713699,0.848484873772,0.794469237328,-0.051692802459,0.84616202116
2.72906041145,0.848484873772,0.741113841534,-0.0497700423002,0.790883898735
2.76079368591,0.848484873772,0.687012195587,-0.0480520874262,0.735064268112
2.79252696037,0.848484873772,0.632218778133,-0.0466083921492,0.678827166557
2.82426023483,0.848484873772,0.576788842678,-0.0454200804234,0.622208952904
2.85599327087,0.848484873772,0.520778477192,-0.0444220714271,0.565200567245
2.88772678375,0.848484873772,0.464242875576,-0.0435405373573,0.507783412933
2.91945981979,0.848484873772,0.407240718603,-0.0427144393325,0.449955165386
2.95119309425,0.848484873772,0.349828064442,-0.0419019311666,0.391730010509
2.98292636871,0.848484873772,0.29206314683,-0.0410795658827,0.333142697811
3.01465964317,0.848484873772,0.234004184604,-0.0402375236154,0.27424171567
3.04639291763,0.848484873772,0.175709590316,-0.0393745191395,0.21508410573
3.07812619209,0.848484873772,0.117238052189,-0.0384952090681,0.155733257532
3.10985946655,0.848484873772,0.0586484707892,-0.0376058258116,0.0962542966008
3.14159274101,0.848484873772,-1.61599686521e-07,-0.0367142632604,0.0367141030729
0,0.858585834503,0,-0.0374751463532,0.0374751463532
0.0317332595587,0.858585834503,0.0589690841734,-0.0351083874702,0.0940774679184
0.0634665191174,0.858585834503,0.117878809571,-0.0326825343072,0.150561347604
0.095199778676,0.858585834503,0.176669806242,-0.030201246962,0.206871047616
0.126933038235,0.858585834503,0.235282942653,-0.0276665613055,0.262949496508
0.158666297793,0.858585834503,0.2936591506,-0.0250802580267,0.318739414215
0.190399557352,0.858585834503,0.351739674807,-0.0224418230355,0.374181509018
0.222132816911,0.858585834503,0.409466058016,-0.0197490863502,0.42921513319
0.253866076469,0.858585834503,0.466780096292,-0.0169970523566,0.483777135611
0.285599350929,0.858585834503,0.523624181747,-0.0141776949167,0.537801861763
0.317332595587,0.858585834503,0.579940915108,-0.0112796835601,0.591220617294
0.349065840244,0.858585834503,0.635673761368,-0.00828721746802,0.643960952759
0.380799114704,0.858585834503,0.690766572952,-0.00517987040803,0.695946455002
0.412532389164,0.858585834503,0.745163857937,-0.00193114299327,0.747094988823
0.444265633821,0.858585834503,0.798810720444,0.00149176036939,0.797318935394
0.475998878479,0.858585834503,0.851653337479,0.00512934243307,0.846524000168
0.507732152939,0.858585834503,0.903638422489,0.0090301297605,0.894608318806
0.539465427399,0.858585834503,0.954713582993,0.013251716271,0.941461861134
0.571198701859,0.858585834503,1.00482738018,0.0178598277271,0.986967563629
0.602931916714,0.858585834503,1.05392944813,0.0229278299958,1.03100156784
0.634665191174,0.858585834503,1.10197031498,0.0285325981677,1.07343769073
0.666398465633,0.858585834503,1.14890158176,0.0347495786846,1.11415195465
0.698131680489,0.858585834503,1.19467592239,0.0416529066861,1.15302300453
0.729864954948,0.858585834503,1.23924732208,0.0493229478598,1.18992435932
0.761598229408,0.858585834503,1.28257107735,0.0578828379512,1.22468829155
0.793331503868,0.858585834503,1.32460331917,0.0675520449877,1.25705122948
0.825064778328,0.858585834503,1.36530172825,0.0786594152451,1.286642313
0.856797993183,0.858585834503,1.4046254158,0.0915343016386,1.31309115887
0.888531267643,0.858585834503,1.44253480434,0.106377966702,1.33615684509
0.920264542103,0.858585834503,1.47899162769,0.123394690454,1.35559689999
0.951997756958,0.858585834503,1.5139592886,0.143225267529,1.37073397636
0.983731031418,0.858585834503,1.54740250111,0.167163431644,1.38023900986
1.01546430588,0.858585834503,1.5792876482,0.196504995227,1.38278269768
1.04719758034,0.858585834503,1.60958254337,0.232453614473,1.3771289587
1.0789308548,0.858585834503,1.63825678825,0.277685552835,1.36057126522
1.11066412926,0.858585834503,1.66528141499,0.331461399794,1.33381998539
1.14239740372,0.858585834503,1.69062924385,0.386285662651,1.3043435812
1.17413055897,0.858585834503,1.71427464485,0.436660200357,1.2776144743
1.20586383343,0.858585834503,1.73619389534,0.482048779726,1.25414514542
1.23759710789,0.858585834503,1.75636518002,0.522444188595,1.23392105103
1.26933038235,0.858585834503,1.77476775646,0.55758112669,1.21718668938
1.30106365681,0.858585834503,1.79138338566,0.587557077408,1.20382630825
1.33279693127,0.858585834503,1.80619525909,0.612708985806,1.19348621368
1.36453020573,0.858585834503,1.8191883564,0.63340741396,1.18578100204
1.39626336098,0.858585834503,1.83034968376,0.649844527245,1.18050515652
1.42799663544,0.858585834503,1.83966815472,0.662009775639,1.17765831947
1.4597299099,0.858585834503,1.8471339941,0.670016109943,1.17711782455
1.49146318436,0.858585834503,1.85274016857,0.674294292927,1.17844581604
1.52319645882,0.858585834503,1.85648071766,0.675266802311,1.18121385574
1.55492973328,0.858585834503,1.85835182667,0.67293548584,1.18541634083
1.58666300774,0.858585834503,1.85835182667,0.667109370232,1.19124245644
1.6183962822,0.858585834503,1.85648071766,0.657993793488,1.19848692417
1.65012955666,0.858585834503,1.85274016857,0.645984947681,1.20675516129
1.68186283112,0.858585834503,1.8471339941,0.631142556667,1.21599149704
1.71359610558,0.858585834503,1.83966815472,0.613290131092,1.22637796402
1.74532938004,0.858585834503,1.83034968376,0.592240273952,1.2381093502
1.77706253529,0.858585834503,1.8191883564,0.567804038525,1.25138425827
1.80879580975,0.858585834503,1.80619525909,0.54002058506,1.26617467403
1.84052908421,0.858585834503,1.79138338566,0.509596526623,1.28178691864
1.87226235867,0.858585834503,1.77476775646,0.476279348135,1.29848837852
1.90399563313,0.858585834503,1.75636506081,0.43408831954,1.32227671146
1.93572890759,0.858585834503,1.73619389534,0.373202800751,1.36299109459
1.96746218204,0.858585834503,1.71427464485,0.29356226325,1.4207123518
1.9991953373,0.858585834503,1.69062912464,0.205187901855,1.48544120789
2.03092861176,0.858585834503,1.66528129578,0.118594266474,1.54668700695
2.06266188622,0.858585834503,1.63825666904,0.043385092169,1.594871521
2.09439516068,0.858585834503,1.60958254337,-0.0103590106592,1.61994159222
2.12612843513,0.858585834503,1.57928752899,-0.041081532836,1.62036907673
2.15786170959,0.858585834503,1.5474023819,-0.0581807717681,1.60558319092
2.18959498405,0.858585834503,1.5139592886,-0.06835706532,1.58231639862
2.22132825851,0.858585834503,1.47899150848,-0.0739802867174,1.5529718399
2.25306153297,0.858585834503,1.44253456593,-0.0764338746667,1.51896846294
2.28479480743,0.858585834503,1.40462529659,-0.07671867311,1.4813439846
2.31652784348,0.858585834503,1.36530184746,-0.0755162909627,1.44081819057
2.34826135635,0.858585834503,1.32460308075,-0.0733568146825,1.39795994759
2.3799943924,0.858585834503,1.28257107735,-0.0707388743758,1.35330998898
2.41172790527,0.858585834503,1.23924708366,-0.0681450664997,1.30739212036
2.44346094131,0.858585834503,1.1946760416,-0.0659723058343,1.26064836979
2.47519421577,0.858585834503,1.14890158176,-0.0644201785326,1.213321805
2.50692749023,0.858585834503,1.10197019577,-0.063406586647,1.16537678242
2.53866076469,0.858585834503,1.05392932892,-0.0625904649496,1.11651980877
2.57039403915,0.858585834503,1.00482726097,-0.0615470632911,1.06637430191
2.60212731361,0.858585834503,0.954713463783,-0.060012537986,1.01472604275
2.63386058807,0.858585834503,0.903638243675,-0.0580224618316,0.961660683155
2.66559386253,0.858585834503,0.851653158665,-0.0558358728886,0.907489061356
2.69732713699,0.858585834503,0.79881054163,-0.0537382140756,0.852548778057
2.72906041145,0.858585834503,0.745163619518,-0.05189781636,0.797061443329
2.76079368591,0.858585834503,0.690766334534,-0.0503431484103,0.741109490395
2.79252696037,0.858585834503,0.635673522949,-0.0490168556571,0.684690356255
2.82426023483,0.858585834503,0.579940676689,-0.0478349663317,0.627775669098
2.85599327087,0.858585834503,0.523624241352,-0.0467253141105,0.570349574089
2.88772678375,0.858585834503,0.466779708862,-0.0456390343606,0.512418746948
2.91945981979,0.858585834503,0.409466087818,-0.0445500649512,0.454016149044
2.95119309425,0.858585834503,0.351739674807,-0.0434492640197,0.39518892765
2.98292636871,0.858585834503,0.293659120798,-0.0423377491534,0.335996866226
3.01465964317,0.858585834503,0.235282897949,-0.0412221103907,0.276504993439
3.04639291763,0.858585834503,0.176669746637,-0.0401106625795,0.216780409217
3.07812619209,0.858585834503,0.117878697813,-0.0390122309327,0.156890928745
3.10985946655,0.858585834503,0.0589689537883,-0.0379343144596,0.0969032645226
3.14159274101,0.858585834503,-1.62482734822e-07,-0.0368834994733,0.0368833355606
0,0.868686854839,0,-0.0412297025323,0.0412297025323
0.0317332595587,0.868686854839,0.0592895708978,-0.038793746382,0.0980833172798
0.0634665191174,0.868686854839,0.118519455194,-0.0362606048584,0.154780060053
0.095199778676,0.868686854839,0.177629977465,-0.0336373820901,0.211267352104
0.126933038235,0.868686854839,0.236561670899,-0.0309311002493,0.267492771149
0.158666297793,0.868686854839,0.295255124569,-0.028148341924,0.323403477669
0.190399557352,0.868686854839,0.353651314974,-0.0252943988889,0.378945708275
0.222132816911,0.868686854839,0.411691427231,-0.0223737768829,0.434065192938
0.253866076469,0.868686854839,0.469316959381,-0.0193880219012,0.48870497942
0.285599350929,0.868686854839,0.526470005512,-0.0163366794586,0.542806684971
0.317332595587,0.868686854839,0.583092808723,-0.0132154934108,0.596308290958
0.349065840244,0.868686854839,0.639128506184,-0.010016201064,0.64914470911
0.380799114704,0.868686854839,0.694520771503,-0.00672522094101,0.701245963573
0.412532389164,0.868686854839,0.749213695526,-0.00332314358093,0.752536833286
0.444265633821,0.868686854839,0.803152143955,0.000217315740883,0.80293482542
0.475998878479,0.868686854839,0.856281936169,0.00393068837002,0.852351248264
0.507732152939,0.868686854839,0.908549487591,0.00786249898374,0.900686979294
0.539465427399,0.868686854839,0.95990228653,0.0120680443943,0.947834253311
0.571198701859,0.868686854839,1.01028847694,0.0166152585298,0.993673205376
0.602931916714,0.868686854839,1.05965733528,0.0215831082314,1.03807425499
0.634665191174,0.868686854839,1.10795938969,0.0270600393414,1.0808993578
0.666398465633,0.868686854839,1.15514564514,0.033139705658,1.12200593948
0.698131680489,0.868686854839,1.20116877556,0.0399164445698,1.16125237942
0.729864954948,0.868686854839,1.24598240852,0.0474877394736,1.19849467278
0.761598229408,0.868686854839,1.28954160213,0.0559792332351,1.23356235027
0.793331503868,0.868686854839,1.33180224895,0.0656058713794,1.26619637012
0.825064778328,0.868686854839,1.37272191048,0.076724730432,1.29599714279
0.856797993183,0.868686854839,1.41225934029,0.089761659503,1.32249772549
0.888531267643,0.868686854839,1.45037472248,0.105012260377,1.34536242485
0.920264542103,0.868686854839,1.48702967167,0.122674323618,1.3643553257
0.951997756958,0.868686854839,1.52218735218,0.143360584974,1.3788267374
0.983731031418,0.868686854839,1.55581235886,0.168481767178,1.38733053207
1.01546430588,0.868686854839,1.58787083626,0.199541732669,1.38832914829
1.04719758034,0.868686854839,1.61833035946,0.237979114056,1.38035130501
1.0789308548,0.868686854839,1.64716041088,0.286588132381,1.3605723381
1.11066412926,0.868686854839,1.67433190346,0.342791885138,1.33153998852
1.14239740372,0.868686854839,1.69981741905,0.397676080465,1.30214130878
1.17413055897,0.868686854839,1.72359132767,0.447484433651,1.27610683441
1.20586383343,0.868686854839,1.74562978745,0.492469340563,1.25316047668
1.23759710789,0.868686854839,1.76591062546,0.532363831997,1.23354673386
1.26933038235,0.868686854839,1.78441333771,0.566968560219,1.21744477749
1.30106365681,0.868686854839,1.80111920834,0.596542358398,1.20457684994
1.33279693127,0.868686854839,1.81601154804,0.621470093727,1.19454145432
1.36453020573,0.868686854839,1.82907533646,0.641974210739,1.18710112572
1.39626336098,0.868686854839,1.84029734135,0.658052206039,1.18224513531
1.42799663544,0.868686854839,1.84966635704,0.669833421707,1.17983293533
1.4597299099,0.868686854839,1.85717284679,0.677849173546,1.17932367325
1.49146318436,0.868686854839,1.86280953884,0.682646632195,1.18016290665
1.52319645882,0.868686854839,1.86657035351,0.684265136719,1.18230521679
1.55492973328,0.868686854839,1.86845171452,0.682530045509,1.18592166901
1.58666300774,0.868686854839,1.86845171452,0.677639842033,1.19081187248
1.6183962822,0.868686854839,1.86657035351,0.669825434685,1.19674491882
1.65012955666,0.868686854839,1.86280953884,0.658985853195,1.20382368565
1.68186283112,0.868686854839,1.85717284679,0.644961059093,1.21221184731
1.71359610558,0.868686854839,1.84966635704,0.627730846405,1.22193551064
1.74532938004,0.868686854839,1.84029734135,0.607319951057,1.23297739029
1.77706253529,0.868686854839,1.82907533646,0.58361852169,1.24545681477
1.80879580975,0.868686854839,1.81601154804,0.556426405907,1.25958514214
1.84052908421,0.868686854839,1.80111920834,0.526130318642,1.27498888969
1.87226235867,0.868686854839,1.78441333771,0.493671059608,1.2907422781
1.90399563313,0.868686854839,1.76591062546,0.455490529537,1.31042003632
1.93572890759,0.868686854839,1.74562978745,0.400162935257,1.34546685219
1.96746218204,0.868686854839,1.72359132767,0.323320001364,1.4002712965
1.9991953373,0.868686854839,1.69981729984,0.233751192689,1.46606612206
2.03092861176,0.868686854839,1.67433178425,0.142734050751,1.5315977335
2.06266188622,0.868686854839,1.64716029167,0.0609901696444,1.58617007732
2.09439516068,0.868686854839,1.61833035946,0.000555876176804,1.61777448654
2.12612843513,0.868686854839,1.58787071705,-0.034249432385,1.62212014198
2.15786170959,0.868686854839,1.55581223965,-0.0530547089875,1.60886693001
2.18959498405,0.868686854839,1.52218735218,-0.0641416162252,1.58632898331
2.22132825851,0.868686854839,1.48702955246,-0.070337548852,1.55736708641
2.25306153297,0.868686854839,1.45037448406,-0.0731325298548,1.52350699902
2.28479480743,0.868686854839,1.41225910187,-0.0736521705985,1.48591125011
2.31652784348,0.868686854839,1.37272202969,-0.0727303773165,1.44545245171
2.34826135635,0.868686854839,1.33180201054,-0.0710518881679,1.40285384655
2.3799943924,0.868686854839,1.28954160213,-0.0692327693105,1.3587744236
2.41172790527,0.868686854839,1.2459821701,-0.0677702575922,1.3137524128
2.44346094131,0.868686854839,1.20116889477,-0.0669071823359,1.2680760622
2.47519421577,0.868686854839,1.15514564514,-0.0665159448981,1.22166156769
2.50692749023,0.868686854839,1.10795927048,-0.0661384984851,1.17409777641
2.53866076469,0.868686854839,1.05965721607,-0.0652549117804,1.12491214275
2.57039403915,0.868686854839,1.01028835773,-0.0636285841465,1.07391691208
2.60212731361,0.868686854839,0.95990216732,-0.0614354275167,1.02133762836
2.63386058807,0.868686854839,0.908549368382,-0.0590704120696,0.967619776726
2.66559386253,0.868686854839,0.856281757355,-0.0568638257682,0.913145601749
2.69732713699,0.868686854839,0.803151965141,-0.05495082587,0.858102798462
2.72906041145,0.868686854839,0.749213457108,-0.0533076524734,0.802521109581
2.76079368591,0.868686854839,0.694520533085,-0.0518453940749,0.746365904808
2.79252696037,0.868686854839,0.63912832737,-0.0504761375487,0.689604461193
2.82426023483,0.868686854839,0.5830925107,-0.0491396300495,0.632232129574
2.85599327087,0.868686854839,0.526470065117,-0.0478055849671,0.574275672436
2.88772678375,0.868686854839,0.469316571951,-0.0464647449553,0.515781342983
2.91945981979,0.868686854839,0.411691457033,-0.0451207570732,0.45681220293
2.95119309425,0.868686854839,0.353651314974,-0.0437828265131,0.397434145212
2.98292636871,0.868686854839,0.295255094767,-0.0424622818828,0.3377173841
3.01465964317,0.868686854839,0.236561611295,-0.0411692149937,0.277730822563
3.04639291763,0.868686854839,0.17762991786,-0.039912443608,0.217542365193
3.07812619209,0.868686854839,0.118519343436,-0.0386984720826,0.157217815518
3.10985946655,0.868686854839,0.0592894405127,-0.0375319831073,0.0968214273453
3.14159274101,0.868686854839,-1.63365797334e-07,-0.0364158712327,0.03641570732
0,0.878787875175,0,-0.0444745011628,0.0444745011628
0.0317332595587,0.878787875175,0.0596100538969,-0.0421687029302,0.101778760552
0.0634665191174,0.878787875175,0.119160100818,-0.0397098734975,0.158869981766
0.095199778676,0.878787875175,0.178590133786,-0.0371049903333,0.215695127845
0.126933038235,0.878787875175,0.237840369344,-0.0343632735312,0.272203654051
0.158666297793,0.878787875175,0.296851098537,-0.0314941890538,0.328345298767
0.190399557352,0.878787875175,0.355562955141,-0.0285081211478,0.384071081877
0.222132816911,0.878787875175,0.413916766644,-0.025415668264,0.439332425594
0.253866076469,0.878787875175,0.471853792667,-0.0222261697054,0.494079947472
0.285599350929,0.878787875175,0.529315769672,-0.0189477950335,0.548263549805
0.317332595587,0.878787875175,0.586244642735,-0.015586193651,0.601830840111
0.349065840244,0.878787875175,0.642583250999,-0.0121429013088,0.654726147652
0.380799114704,0.878787875175,0.69827491045,-0.00861551146954,0.706890404224
0.412532389164,0.878787875175,0.753263473511,-0.00499448180199,0.758257985115
0.444265633821,0.878787875175,0.807493448257,-0.00126351416111,0.808756947517
0.475998878479,0.878787875175,0.860910475254,0.00260335067287,0.858307123184
0.507732152939,0.878787875175,0.913460552692,0.0066430750303,0.906817495823
0.539465427399,0.878787875175,0.965090930462,0.0109050795436,0.954185843468
0.571198701859,0.878787875175,1.0157494545,0.0154535565525,1.00029587746
0.602931916714,0.878787875175,1.06538522243,0.0203692317009,1.04501605034
0.634665191174,0.878787875175,1.11394834518,0.0257470272481,1.08820128441
0.666398465633,0.878787875175,1.16138958931,0.0316950567067,1.12969458103
0.698131680489,0.878787875175,1.20766150951,0.038328435272,1.16933310032
0.729864954948,0.878787875175,1.25271749496,0.0457666218281,1.20695090294
0.761598229408,0.878787875175,1.29651212692,0.054146360606,1.24236571789
0.793331503868,0.878787875175,1.33900117874,0.0636788904667,1.27532231808
0.825064778328,0.878787875175,1.3801419735,0.0747372731566,1.30540466309
0.856797993183,0.878787875175,1.41989314556,0.0878494232893,1.33204376698
0.888531267643,0.878787875175,1.45821452141,0.103466622531,1.35474789143
0.920264542103,0.878787875175,1.49506771564,0.12183444947,1.37323331833
0.951997756958,0.878787875175,1.53041529655,0.143522828817,1.38689243793
0.983731031418,0.878787875175,1.5642220974,0.170060440898,1.3941617012
1.01546430588,0.878787875175,1.5964537859,0.203215509653,1.39323830605
1.04719758034,0.878787875175,1.62707805634,0.244641005993,1.38243699074
1.0789308548,0.878787875175,1.6560639143,0.29694673419,1.35911715031
1.11066412926,0.878787875175,1.68338239193,0.355125308037,1.32825708389
1.14239740372,0.878787875175,1.70900559425,0.409619301558,1.29938626289
1.17413055897,0.878787875175,1.73290801048,0.458837419748,1.27407062054
1.20586383343,0.878787875175,1.75506567955,0.503315448761,1.25175023079
1.23759710789,0.878787875175,1.7754560709,0.542624473572,1.23283159733
1.26933038235,0.878787875175,1.79405868053,0.576776683331,1.21728205681
1.30106365681,0.878787875175,1.8108549118,0.606146872044,1.20470809937
1.33279693127,0.878787875175,1.82582783699,0.630968868732,1.19485902786
1.36453020573,0.878787875175,1.8389621973,0.651202857494,1.18775939941
1.39626336098,0.878787875175,1.85024487972,0.666943490505,1.18330144882
1.42799663544,0.878787875175,1.85966455936,0.678806602955,1.1808578968
1.4597299099,0.878787875175,1.86721158028,0.68746805191,1.17974352837
1.49146318436,0.878787875175,1.87287867069,0.69299519062,1.17988348007
1.52319645882,0.878787875175,1.87665987015,0.695237994194,1.18142187595
1.55492973328,0.878787875175,1.87855136395,0.694404244423,1.18414711952
1.58666300774,0.878787875175,1.87855136395,0.690598368645,1.1879529953
1.6183962822,0.878787875175,1.87665987015,0.68364238739,1.19301748276
1.65012955666,0.878787875175,1.87287867069,0.67341196537,1.19946670532
1.68186283112,0.878787875175,1.86721158028,0.659949123859,1.20726251602
1.71359610558,0.878787875175,1.85966455936,0.643380224705,1.21628427505
1.74532938004,0.878787875175,1.85024487972,0.623799800873,1.22644507885
1.77706253529,0.878787875175,1.8389621973,0.601128697395,1.23783349991
1.80879580975,0.878787875175,1.82582783699,0.575030744076,1.25079703331
1.84052908421,0.878787875175,1.8108549118,0.545365214348,1.26548969746
1.87226235867,0.878787875175,1.79405868053,0.513229370117,1.28082931042
1.90399563313,0.878787875175,1.77545595169,0.478035539389,1.2974203825
1.93572890759,0.878787875175,1.75506567955,0.428970366716,1.32609534264
1.96746218204,0.878787875175,1.73290801048,0.356363356113,1.37654471397
1.9991953373,0.878787875175,1.70900547504,0.266669481993,1.44233596325
2.03092861176,0.878787875175,1.68338227272,0.171724051237,1.51165819168
2.06266188622,0.878787875175,1.65606379509,0.0833061560988,1.57275760174
2.09439516068,0.878787875175,1.62707805634,0.0154077354819,1.61167037487
2.12612843513,0.878787875175,1.59645366669,-0.0243592485785,1.62081289291
2.15786170959,0.878787875175,1.56422197819,-0.0452819205821,1.60950386524
2.18959498405,0.878787875175,1.53041529655,-0.0575109347701,1.58792626858
2.22132825851,0.878787875175,1.49506759644,-0.0645153447986,1.55958294868
2.25306153297,0.878787875175,1.4582144022,-0.0679248645902,1.52613925934
2.28479480743,0.878787875175,1.41989290714,-0.0690244361758,1.48891735077
2.31652784348,0.878787875175,1.3801420927,-0.0688295662403,1.44897162914
2.34826135635,0.878787875175,1.33900094032,-0.0681753903627,1.40717637539
2.3799943924,0.878787875175,1.29651212692,-0.0677110850811,1.36422324181
2.41172790527,0.878787875175,1.25271725655,-0.0677566602826,1.32047390938
2.44346094131,0.878787875175,1.20766162872,-0.0681512504816,1.2758128643
2.47519421577,0.878787875175,1.16138958931,-0.0683149769902,1.22970461845
2.50692749023,0.878787875175,1.11394822598,-0.0676421970129,1.18159043789
2.53866076469,0.878787875175,1.06538510323,-0.0659686028957,1.13135373592
2.57039403915,0.878787875175,1.01574933529,-0.0636516660452,1.07940101624
2.60212731361,0.878787875175,0.965090811253,-0.0612175427377,1.02630829811
2.63386058807,0.878787875175,0.913460373878,-0.0590052343905,0.972465634346
2.66559386253,0.878787875175,0.86091029644,-0.0570907816291,0.918001055717
2.69732713699,0.878787875175,0.807493269444,-0.0553994327784,0.862892687321
2.72906041145,0.878787875175,0.753263235092,-0.0538259036839,0.807089149952
2.76079368591,0.878787875175,0.698274672031,-0.0522925108671,0.7505671978
2.79252696037,0.878787875175,0.642583012581,-0.0507600009441,0.693343043327
2.82426023483,0.878787875175,0.586244344711,-0.0492184236646,0.635462760925
2.85599327087,0.878787875175,0.529315829277,-0.0476744100451,0.576990246773
2.88772678375,0.878787875175,0.471853405237,-0.0461412779987,0.517994701862
2.91945981979,0.878787875175,0.413916796446,-0.0446342974901,0.458551108837
2.95119309425,0.878787875175,0.355562955141,-0.043166577816,0.398729532957
2.98292636871,0.878787875175,0.296851068735,-0.04174836725,0.338599443436
3.01465964317,0.878787875175,0.23784032464,-0.0403871871531,0.278227508068
3.04639291763,0.878787875175,0.178590074182,-0.0390877500176,0.21767783165
3.07812619209,0.878787875175,0.119159989059,-0.0378526188433,0.157012611628
3.10985946655,0.878787875175,0.0596099235117,-0.0366823300719,0.096292257309
3.14159274101,0.878787875175,-1.64248845635e-07,-0.0355762802064,0.0355761162937
0,0.888888895512,0,-0.0460445508361,0.0460445508361
0.0317332595587,0.888888895512,0.059930536896,-0.0441456586123,0.104076191783
0.0634665191174,0.888888895512,0.11980073899,-0.0420377664268,0.161838501692
0.095199778676,0.888888895512,0.179550290108,-0.0397216901183,0.219271987677
0.126933038235,0.888888895512,0.239119082689,-0.0372003242373,0.276319414377
0.158666297793,0.888888895512,0.298447072506,-0.0344802215695,0.332927286625
0.190399557352,0.888888895512,0.357474565506,-0.0315707959235,0.389045357704
0.222132816911,0.888888895512,0.416142106056,-0.0284834075719,0.444625526667
0.253866076469,0.888888895512,0.474390625954,-0.0252321884036,0.499622821808
0.285599350929,0.888888895512,0.532161533833,-0.0218314304948,0.553992986679
0.317332595587,0.888888895512,0.589396476746,-0.0182967688888,0.607693254948
0.349065840244,0.888888895512,0.646037995815,-0.0146411452442,0.660679161549
0.380799114704,0.888888895512,0.702029109001,-0.0108752194792,0.712904334068
0.412532389164,0.888888895512,0.757313251495,-0.00700467545539,0.764317929745
0.444265633821,0.888888895512,0.811834812164,-0.00302844587713,0.814863264561
0.475998878479,0.888888895512,0.865538954735,0.00106411520392,0.864474833012
0.507732152939,0.888888895512,0.918371617794,0.00529513275251,0.913076460361
0.539465427399,0.888888895512,0.97027951479,0.00970154628158,0.960577964783
0.571198701859,0.888888895512,1.02121043205,0.0143373385072,1.0068731308
0.602931916714,0.888888895512,1.07111310959,0.0192765686661,1.05183649063
0.634665191174,0.888888895512,1.11993718147,0.0246155802161,1.09532165527
0.666398465633,0.888888895512,1.16763365269,0.0304706431925,1.13716304302
0.698131680489,0.888888895512,1.21415424347,0.0369748361409,1.17717945576
0.729864954948,0.888888895512,1.2594524622,0.0442704297602,1.21518206596
0.761598229408,0.888888895512,1.3034825325,0.052512049675,1.25097048283
0.793331503868,0.888888895512,1.34620010853,0.061910174787,1.28428995609
0.825064778328,0.888888895512,1.38756215572,0.0728379040956,1.31472420692
0.856797993183,0.888888895512,1.42752695084,0.0859101712704,1.34161674976
0.888531267643,0.888888895512,1.46605443954,0.101791657507,1.36426281929
0.920264542103,0.888888895512,1.50310564041,0.120874159038,1.38223147392
0.951997756958,0.888888895512,1.53864336014,0.143693238497,1.39495015144
0.983731031418,0.888888895512,1.57263183594,0.171889066696,1.40074276924
1.01546430588,0.888888895512,1.60503685474,0.207581758499,1.39745509624
1.04719758034,0.888888895512,1.635825634,0.252604275942,1.38322138786
1.0789308548,0.888888895512,1.66496741772,0.308882236481,1.35608518124
1.11066412926,0.888888895512,1.69243276119,0.368439555168,1.32399320602
1.14239740372,0.888888895512,1.71819376945,0.422227680683,1.29596614838
1.17413055897,0.888888895512,1.7422246933,0.470837444067,1.27138721943
1.20586383343,0.888888895512,1.76450145245,0.514695048332,1.24980640411
1.23759710789,0.888888895512,1.78500151634,0.553451001644,1.23155045509
1.26933038235,0.888888895512,1.80370414257,0.587377786636,1.21632635593
1.30106365681,0.888888895512,1.82059073448,0.616741001606,1.20384979248
1.33279693127,0.888888895512,1.83564412594,0.641426622868,1.19421744347
1.36453020573,0.888888895512,1.84884905815,0.661416351795,1.18743276596
1.39626336098,0.888888895512,1.86019229889,0.677360415459,1.18283188343
1.42799663544,0.888888895512,1.86966264248,0.690044105053,1.17961859703
1.4597299099,0.888888895512,1.87725031376,0.699520587921,1.17772972584
1.49146318436,0.888888895512,1.88294792175,0.705642223358,1.17730569839
1.52319645882,0.888888895512,1.88674938679,0.70862364769,1.1781257391
1.55492973328,0.888888895512,1.88865101337,0.708509206772,1.1801418066
1.58666300774,0.888888895512,1.88865101337,0.705161750317,1.18348932266
1.6183962822,0.888888895512,1.88674938679,0.698557019234,1.18819236755
1.65012955666,0.888888895512,1.88294792175,0.688791573048,1.19415640831
1.68186283112,0.888888895512,1.87725031376,0.676000416279,1.20124983788
1.71359610558,0.888888895512,1.86966264248,0.660314559937,1.20934808254
1.74532938004,0.888888895512,1.86019229889,0.641822934151,1.21836936474
1.77706253529,0.888888895512,1.84884905815,0.620475947857,1.22837305069
1.80879580975,0.888888895512,1.83564412594,0.595935165882,1.23970890045
1.84052908421,0.888888895512,1.82059073448,0.567691266537,1.25289940834
1.87226235867,0.888888895512,1.80370414257,0.536197185516,1.26750695705
1.90399563313,0.888888895512,1.78500139713,0.502790987492,1.28221035004
1.93572890759,0.888888895512,1.76450145245,0.460015207529,1.30448627472
1.96746218204,0.888888895512,1.7422246933,0.393225580454,1.34899914265
1.9991953373,0.888888895512,1.71819365025,0.304595112801,1.41359853745
2.03092861176,0.888888895512,1.69243264198,0.206274017692,1.48615860939
2.06266188622,0.888888895512,1.66496741772,0.111066833138,1.55390059948
2.09439516068,0.888888895512,1.635825634,0.0348705872893,1.60095500946
2.12612843513,0.888888895512,1.60503673553,-0.0109611991793,1.6159979105
2.15786170959,0.888888895512,1.57263171673,-0.0346015170217,1.6072332859
2.18959498405,0.888888895512,1.53864336014,-0.0483130551875,1.5869563818
2.22132825851,0.888888895512,1.5031055212,-0.0564619041979,1.55956745148
2.25306153297,0.888888895512,1.46605420113,-0.0608733482659,1.52692759037
2.28479480743,0.888888895512,1.42752671242,-0.0630285516381,1.49055528641
2.31652784348,0.888888895512,1.38756227493,-0.0641319900751,1.45169425011
2.34826135635,0.888888895512,1.34619987011,-0.0650843456388,1.4112842083
2.3799943924,0.888888895512,1.3034825325,-0.0663471966982,1.3698297739
2.41172790527,0.888888895512,1.25945222378,-0.0677622035146,1.32721447945
2.44346094131,0.888888895512,1.21415436268,-0.0686376467347,1.28279197216
2.47519421577,0.888888895512,1.16763365269,-0.068301782012,1.2359354496
2.50692749023,0.888888895512,1.11993718147,-0.0667085647583,1.18664574623
2.53866076469,0.888888895512,1.07111299038,-0.0644273236394,1.13554036617
2.57039403915,0.888888895512,1.02121031284,-0.0620929561555,1.08330321312
2.60212731361,0.888888895512,0.970279455185,-0.0600134022534,1.03029286861
2.63386058807,0.888888895512,0.91837143898,-0.0581935569644,0.976565003395
2.66559386253,0.888888895512,0.865538835526,-0.056519869715,0.922058701515
2.69732713699,0.888888895512,0.81183463335,-0.0548886694014,0.866723299026
2.72906041145,0.888888895512,0.757313013077,-0.0532450415194,0.810558080673
2.76079368591,0.888888895512,0.702028810978,-0.0515755414963,0.753604352474
2.79252696037,0.888888895512,0.646037757397,-0.0498907342553,0.695928514004
2.82426023483,0.888888895512,0.589396238327,-0.0482106506824,0.637606859207
2.85599327087,0.888888895512,0.532161593437,-0.0465565696359,0.578718185425
2.88772678375,0.888888895512,0.474390238523,-0.0449463352561,0.51933658123
2.91945981979,0.888888895512,0.416142135859,-0.0433940514922,0.459536194801
2.95119309425,0.888888895512,0.357474565506,-0.0419092811644,0.399383842945
2.98292636871,0.888888895512,0.298447042704,-0.0404972136021,0.338944256306
3.01465964317,0.888888895512,0.239119023085,-0.0391612276435,0.278280258179
3.04639291763,0.888888895512,0.179550230503,-0.0379013046622,0.217451542616
3.07812619209,0.888888895512,0.119800627232,-0.0367163605988,0.156516984105
3.10985946655,0.888888895512,0.0599304027855,-0.0356037653983,0.0955341681838
3.14159274101,0.888888895512,-1.65131908147e-07,-0.0345607884228,0.03456062451
0,0.898989915848,0,-0.0445753224194,0.0445753224194
0.0317332595587,0.898989915848,0.0602510236204,-0.0433122776449,0.103563301265
0.0634665191174,0.898989915848,0.120441392064,-0.0418238937855,0.16226528585
0.095199778676,0.898989915848,0.18051046133,-0.0400957539678,0.220606207848
0.126933038235,0.898989915848,0.240397796035,-0.0381164737046,0.278514266014
0.158666297793,0.898989915848,0.300043046474,-0.0358784347773,0.335921466351
0.190399557352,0.898989915848,0.359386205673,-0.0333786346018,0.39276483655
0.222132816911,0.898989915848,0.418367505074,-0.0306187029928,0.448986202478
0.253866076469,0.898989915848,0.476927489042,-0.0276045650244,0.504532039165
0.285599350929,0.898989915848,0.535007357597,-0.0243480168283,0.559355378151
0.317332595587,0.898989915848,0.592548370361,-0.0208643898368,0.613412737846
0.349065840244,0.898989915848,0.649492740631,-0.0171724613756,0.666665196419
0.380799114704,0.898989915848,0.705783307552,-0.0132930353284,0.71907633543
0.412532389164,0.898989915848,0.761363089085,-0.00924605131149,0.770609140396
0.444265633821,0.898989915848,0.816176176071,-0.00504855625331,0.821224749088
0.475998878479,0.898989915848,0.870167553425,-0.000711521599442,0.87087905407
0.507732152939,0.898989915848,0.9232827425,0.00376454973593,0.919518172741
0.539465427399,0.898989915848,0.975468218327,0.00839387252927,0.967074334621
0.571198701859,0.898989915848,1.02667152882,0.013209419325,1.01346206665
0.602931916714,0.898989915848,1.07684099674,0.0182686969638,1.05857229233
0.634665191174,0.898989915848,1.12592625618,0.0236572138965,1.10226905346
0.666398465633,0.898989915848,1.17387771606,0.0294904634356,1.14438724518
0.698131680489,0.898989915848,1.22064709663,0.0359126403928,1.18473446369
0.729864954948,0.898989915848,1.26618754864,0.0430876761675,1.22309982777
0.761598229408,0.898989915848,1.3104531765,0.0511925145984,1.25926065445
0.793331503868,0.898989915848,1.35339903831,0.0604398995638,1.29295909405
0.825064778328,0.898989915848,1.39498221874,0.0711858719587,1.32379639149
0.856797993183,0.898989915848,1.43516087532,0.0840946137905,1.35106623173
0.888531267643,0.898989915848,1.47389435768,0.100073710084,1.3738206625
0.920264542103,0.898989915848,1.51114368439,0.119802646339,1.3913410902
0.951997756958,0.898989915848,1.54687142372,0.143846467137,1.40302491188
0.983731031418,0.898989915848,1.58104169369,0.173939928412,1.40710175037
1.01546430588,0.898989915848,1.6136200428,0.212677672505,1.40094232559
1.04719758034,0.898989915848,1.64457345009,0.262020528316,1.38255286217
1.0789308548,0.898989915848,1.67387115955,0.322437226772,1.35143399239
1.11066412926,0.898989915848,1.70148324966,0.382668167353,1.31881511211
1.14239740372,0.898989915848,1.72738206387,0.43559294939,1.29178905487
1.17413055897,0.898989915848,1.75154149532,0.483559936285,1.26798152924
1.20586383343,0.898989915848,1.77393734455,0.52675306797,1.24718427658
1.23759710789,0.898989915848,1.79454708099,0.565168976784,1.22937810421
1.26933038235,0.898989915848,1.81334972382,0.599148392677,1.21420133114
1.30106365681,0.898989915848,1.83032655716,0.628531932831,1.20179462433
1.33279693127,0.898989915848,1.84546041489,0.653093695641,1.19236671925
1.36453020573,0.898989915848,1.858735919,0.673429846764,1.18530607224
1.39626336098,0.898989915848,1.87013995647,0.690390467644,1.17974948883
1.42799663544,0.898989915848,1.87966096401,0.703944265842,1.17571663857
1.4597299099,0.898989915848,1.88728916645,0.713897526264,1.17339158058
1.49146318436,0.898989915848,1.89301717281,0.720478057861,1.17253911495
1.52319645882,0.898989915848,1.89683902264,0.723761260509,1.17307782173
1.55492973328,0.898989915848,1.89875090122,0.723749697208,1.17500114441
1.58666300774,0.898989915848,1.89875090122,0.720551729202,1.17819917202
1.6183962822,0.898989915848,1.89683902264,0.714317202568,1.18252182007
1.65012955666,0.898989915848,1.89301717281,0.705177724361,1.18783950806
1.68186283112,0.898989915848,1.88728916645,0.693248093128,1.19404101372
1.71359610558,0.898989915848,1.87966096401,0.678635001183,1.20102596283
1.74532938004,0.898989915848,1.87013995647,0.661424398422,1.20871555805
1.77706253529,0.898989915848,1.858735919,0.64161247015,1.21712350845
1.80879580975,0.898989915848,1.84546041489,0.618948996067,1.22651147842
1.84052908421,0.898989915848,1.83032655716,0.592833280563,1.2374932766
1.87226235867,0.898989915848,1.81334972382,0.562977313995,1.25037240982
1.90399563313,0.898989915848,1.79454696178,0.530899465084,1.2636475563
1.93572890759,0.898989915848,1.77393734455,0.493620216846,1.2803170681
1.96746218204,0.898989915848,1.75154149532,0.434290260077,1.31725120544
1.9991953373,0.898989915848,1.72738194466,0.348200857639,1.37918114662
2.03092861176,0.898989915848,1.70148313046,0.247131377459,1.4543517828
2.06266188622,0.898989915848,1.67387104034,0.14502632618,1.52884471416
2.09439516068,0.898989915848,1.64457345009,0.0596358254552,1.58493757248
2.12612843513,0.898989915848,1.61361992359,0.00639733066782,1.60722255707
2.15786170959,0.898989915848,1.58104157448,-0.0208073388785,1.60184895992
2.18959498405,0.898989915848,1.54687142372,-0.0364855490625,1.58335697651
2.22132825851,0.898989915848,1.51114356518,-0.0462386533618,1.55738222599
2.25306153297,0.898989915848,1.47389411926,-0.0521689355373,1.5260630846
2.28479480743,0.898989915848,1.4351606369,-0.0559768974781,1.49113750458
2.31652784348,0.898989915848,1.39498233795,-0.0589822717011,1.45396459103
2.34826135635,0.898989915848,1.3533987999,-0.0619128458202,1.41531169415
2.3799943924,0.898989915848,1.3104531765,-0.0646914243698,1.37514460087
2.41172790527,0.898989915848,1.26618731022,-0.0665522217751,1.3327395916
2.44346094131,0.898989915848,1.22064721584,-0.0667843446136,1.28743159771
2.47519421577,0.898989915848,1.17387771606,-0.065503321588,1.23938107491
2.50692749023,0.898989915848,1.12592613697,-0.063504576683,1.18943071365
2.53866076469,0.898989915848,1.07684087753,-0.061497695744,1.13833856583
2.57039403915,0.898989915848,1.02667140961,-0.0597276464105,1.08639907837
2.60212731361,0.898989915848,0.975468099117,-0.0581292547286,1.03359735012
2.63386058807,0.898989915848,0.923282563686,-0.0565702840686,0.979852855206
2.66559386253,0.898989915848,0.870167374611,-0.0549676120281,0.925135016441
2.69732713699,0.898989915848,0.816175997257,-0.0532979927957,0.869473993778
2.72906041145,0.898989915848,0.761362850666,-0.0515760667622,0.812938928604
2.76079368591,0.898989915848,0.705783009529,-0.049831893295,0.755614876747
2.79252696037,0.898989915848,0.649492561817,-0.0480966456234,0.697589218616
2.82426023483,0.898989915848,0.592548072338,-0.0463976152241,0.638945698738
2.85599327087,0.898989915848,0.535007417202,-0.0447546727955,0.579762101173
2.88772678375,0.898989915848,0.476927101612,-0.0431820228696,0.520109117031
2.91945981979,0.898989915848,0.418367534876,-0.0416879430413,0.460055470467
2.95119309425,0.898989915848,0.359386205673,-0.0402765013278,0.399662703276
2.98292636871,0.898989915848,0.300043016672,-0.0389487631619,0.33899179101
3.01465964317,0.898989915848,0.24039773643,-0.0377035439014,0.27810126543
3.04639291763,0.898989915848,0.180510401726,-0.036538310349,0.217048704624
3.07812619209,0.898989915848,0.120441280305,-0.0354492142797,0.155890494585
3.10985946655,0.898989915848,0.0602508895099,-0.0344322025776,0.0946830958128
3.14159274101,0.898989915848,-1.66014970659e-07,-0.0334826819599,0.0334825143218
0,0.909090876579,0,-0.0394597835839,0.0394597835839
0.0317332595587,0.909090876579,0.0605715066195,-0.0387763828039,0.0993478894234
0.0634665191174,0.909090876579,0.121082037687,-0.0379301942885,0.159012228251
0.095199778676,0.909090876579,0.181470617652,-0.0368915461004,0.218362167478
0.126933038235,0.909090876579,0.24167650938,-0.0356306470931,0.277307152748
0.158666297793,0.909090876579,0.301639020443,-0.0341199375689,0.335758954287
0.190399557352,0.909090876579,0.361297816038,-0.0323345847428,0.393632411957
0.222132816911,0.909090876579,0.420592844486,-0.0302535109222,0.450846344233
0.253866076469,0.909090876579,0.479464322329,-0.0278608184308,0.50732511282
0.285599350929,0.909090876579,0.537853121758,-0.0251466911286,0.562999784946
0.317332595587,0.909090876579,0.595700204372,-0.022108560428,0.617808759212
0.349065840244,0.909090876579,0.652947485447,-0.0187514740974,0.671698987484
0.380799114704,0.909090876579,0.709537446499,-0.0150884352624,0.724625885487
0.412532389164,0.909090876579,0.765412867069,-0.0111388145015,0.776551663876
0.444265633821,0.909090876579,0.820517539978,-0.00692783063278,0.82744538784
0.475998878479,0.909090876579,0.87479609251,-0.00248188572004,0.877277970314
0.507732152939,0.909090876579,0.928193807602,0.00217415904626,0.926019668579
0.539465427399,0.909090876579,0.980656862259,0.00702408375219,0.973632752895
0.571198701859,0.909090876579,1.03213250637,0.0120675936341,1.02006494999
0.602931916714,0.909090876579,1.0825688839,0.0173282865435,1.06524062157
0.634665191174,0.909090876579,1.13191521168,0.0228625740856,1.10905265808
0.666398465633,0.909090876579,1.18012166023,0.0287676379085,1.15135407448
0.698131680489,0.909090876579,1.2271399498,0.035183981061,1.19195592403
0.729864954948,0.909090876579,1.27292251587,0.0422903075814,1.23063218594
0.761598229408,0.909090876579,1.31742358208,0.0502874441445,1.26713609695
0.793331503868,0.909090876579,1.3605979681,0.0593976303935,1.30120038986
0.825064778328,0.909090876579,1.40240240097,0.0699452832341,1.33245706558
0.856797993183,0.909090876579,1.4427946806,0.0825825110078,1.36021220684
0.888531267643,0.909090876579,1.48173415661,0.0984362959862,1.38329792023
0.920264542103,0.909090876579,1.51918160915,0.118635170162,1.40054643154
0.951997756958,0.909090876579,1.5550994873,0.143935218453,1.41116428375
0.983731031418,0.909090876579,1.58945143223,0.176150947809,1.41330051422
1.01546430588,0.909090876579,1.62220311165,0.218500137329,1.40370297432
1.04719758034,0.909090876579,1.65332114697,0.272989928722,1.38033127785
1.0789308548,0.909090876579,1.68277466297,0.337505102158,1.34526956081
1.11066412926,0.909090876579,1.71053361893,0.397670894861,1.31286275387
1.14239740372,0.909090876579,1.73657023907,0.449734807014,1.28683543205
1.17413055897,0.909090876579,1.76085817814,0.497026085854,1.26383209229
1.20586383343,0.909090876579,1.78337311745,0.53968077898,1.24369239807
1.23759710789,0.909090876579,1.80409240723,0.57809817791,1.22599422932
1.26933038235,0.909090876579,1.82299518585,0.612241387367,1.21075379848
1.30106365681,0.909090876579,1.84006226063,0.641621470451,1.19844079018
1.33279693127,0.909090876579,1.85527670383,0.666635870934,1.1886408329
1.36453020573,0.909090876579,1.86862277985,0.688129365444,1.1804933548
1.39626336098,0.909090876579,1.88008749485,0.705902040005,1.17418551445
1.42799663544,0.909090876579,1.88965904713,0.719659328461,1.16999971867
1.4597299099,0.909090876579,1.89732789993,0.729679942131,1.1676479578
1.49146318436,0.909090876579,1.90308642387,0.736188352108,1.16689801216
1.52319645882,0.909090876579,1.90692853928,0.73939293623,1.16753554344
1.55492973328,0.909090876579,1.90885055065,0.73952203989,1.16932845116
1.58666300774,0.909090876579,1.90885055065,0.736744821072,1.17210578918
1.6183962822,0.909090876579,1.90692853928,0.73116517067,1.17576336861
1.65012955666,0.909090876579,1.90308642387,0.722861766815,1.18022465706
1.68186283112,0.909090876579,1.89732789993,0.711921513081,1.18540644646
1.71359610558,0.909090876579,1.88965904713,0.698454320431,1.1912047863
1.74532938004,0.909090876579,1.88008749485,0.682576775551,1.1975107193
1.77706253529,0.909090876579,1.86862277985,0.664357185364,1.20426559448
1.80879580975,0.909090876579,1.85527670383,0.64368391037,1.21159279346
1.84052908421,0.909090876579,1.84006226063,0.620081841946,1.21998047829
1.87226235867,0.909090876579,1.82299518585,0.592892289162,1.23010289669
1.90399563313,0.909090876579,1.80409228802,0.56278771162,1.241304636
1.93572890759,0.909090876579,1.78337311745,0.529935359955,1.25343775749
1.96746218204,0.909090876579,1.76085817814,0.479454040527,1.28140413761
1.9991953373,0.909090876579,1.73657011986,0.398002684116,1.33856749535
2.03092861176,0.909090876579,1.71053349972,0.295055985451,1.41547751427
2.06266188622,0.909090876579,1.68277454376,0.185965240002,1.49680924416
2.09439516068,0.909090876579,1.65332114697,0.090413056314,1.5629080534
2.12612843513,0.909090876579,1.62220299244,0.0281783044338,1.5940246582
2.15786170959,0.909090876579,1.58945131302,-0.00374873518012,1.59320008755
2.18959498405,0.909090876579,1.5550994873,-0.0220667105168,1.57716619968
2.22132825851,0.909090876579,1.51918148994,-0.0340304225683,1.55321192741
2.25306153297,0.909090876579,1.48173391819,-0.0421206131577,1.52385449409
2.28479480743,0.909090876579,1.44279444218,-0.0482116490602,1.49100613594
2.31652784348,0.909090876579,1.40240252018,-0.0535047091544,1.45590722561
2.34826135635,0.909090876579,1.36059772968,-0.0581616722047,1.41875934601
2.3799943924,0.909090876579,1.31742358208,-0.0614305026829,1.37885403633
2.41172790527,0.909090876579,1.27292227745,-0.0626029297709,1.33552515507
2.44346094131,0.909090876579,1.22714006901,-0.0619897171855,1.28912973404
2.47519421577,0.909090876579,1.18012166023,-0.060612436384,1.24073410034
2.50692749023,0.909090876579,1.13191509247,-0.0592200420797,1.19113516808
2.53866076469,0.909090876579,1.08256876469,-0.0579772256315,1.14054596424
2.57039403915,0.909090876579,1.03213238716,-0.0567632652819,1.08889567852
2.60212731361,0.909090876579,0.98065674305,-0.0554520823061,1.03610885143
2.63386058807,0.909090876579,0.928193628788,-0.0539966598153,0.982190310955
2.66559386253,0.909090876579,0.874795913696,-0.0524128377438,0.927208781242
2.69732713699,0.909090876579,0.820517361164,-0.0507438927889,0.871261239052
2.72906041145,0.909090876579,0.765412628651,-0.049038477242,0.814451098442
2.76079368591,0.909090876579,0.709537148476,-0.0473381541669,0.756875276566
2.79252696037,0.909090876579,0.652947247028,-0.0456748455763,0.698622107506
2.82426023483,0.909090876579,0.595699906349,-0.0440708063543,0.639770686626
2.85599327087,0.909090876579,0.537853181362,-0.0425401777029,0.580393373966
2.88772678375,0.909090876579,0.479463934898,-0.0410909466445,0.520554900169
2.91945981979,0.909090876579,0.420592874289,-0.0397263877094,0.460319250822
2.95119309425,0.909090876579,0.361297816038,-0.0384465306997,0.399744331837
2.98292636871,0.909090876579,0.301638990641,-0.0372497662902,0.338888764381
3.01465964317,0.909090876579,0.241676449776,-0.0361321829259,0.277808636427
3.04639291763,0.909090876579,0.181470558047,-0.0350901484489,0.216560706496
3.07812619209,0.909090876579,0.121081918478,-0.0341185182333,0.155200436711
3.10985946655,0.909090876579,0.060571372509,-0.0332128629088,0.0937842354178
3.14159274101,0.909090876579,-1.66898018961e-07,-0.032368093729,0.032367926091
0,0.919191896915,0,-0.0323495753109,0.0323495753109
0.0317332595587,0.919191896915,0.0608919896185,-0.0317176729441,0.0926096588373
0.0634665191174,0.919191896915,0.12172267586,-0.031053038314,0.152775719762
0.095199778676,0.919191896915,0.182430773973,-0.0303253214806,0.212756097317
0.126933038235,0.919191896915,0.242955207825,-0.0294997971505,0.272455006838
0.158666297793,0.919191896915,0.303234994411,-0.0285387877375,0.331773787737
0.190399557352,0.919191896915,0.363209456205,-0.0274018235505,0.390611290932
0.222132816911,0.919191896915,0.422818183899,-0.0260472279042,0.448865413666
0.253866076469,0.919191896915,0.482001155615,-0.0244335960597,0.506434738636
0.285599350929,0.919191896915,0.540698885918,-0.0225218422711,0.563220739365
0.317332595587,0.919191896915,0.598852038383,-0.0202764645219,0.619128525257
0.349065840244,0.919191896915,0.656402230263,-0.0176677703857,0.674070000648
0.380799114704,0.919191896915,0.713291585445,-0.0146748218685,0.727966427803
0.412532389164,0.919191896915,0.769462645054,-0.0112869311124,0.780749559402
0.444265633821,0.919191896915,0.824858903885,-0.00750481430441,0.832363724709
0.475998878479,0.919191896915,0.879424631596,-0.00334122800268,0.882765889168
0.507732152939,0.919191896915,0.933104872704,0.00118047185242,0.931924402714
0.539465427399,0.919191896915,0.985845506191,0.00603013066575,0.979815363884
0.571198701859,0.919191896915,1.03759348392,0.0111778844148,1.02641558647
0.602931916714,0.919191896915,1.08829665184,0.0166053324938,1.07169127464
0.634665191174,0.919191896915,1.13790416718,0.0223189089447,1.11558520794
0.666398465633,0.919191896915,1.18636572361,0.0283679440618,1.15799772739
0.698131680489,0.919191896915,1.23363268375,0.0348592437804,1.19877338409
0.729864954948,0.919191896915,1.27965760231,0.0419625714421,1.23769497871
0.761598229408,0.919191896915,1.32439410686,0.0498970709741,1.27449703217
0.793331503868,0.919191896915,1.36779677868,0.0589039623737,1.30889284611
0.825064778328,0.919191896915,1.40982246399,0.0692732185125,1.34054923058
0.856797993183,0.919191896915,1.45042848587,0.0815729126334,1.36885559559
0.888531267643,0.919191896915,1.48957395554,0.0970429033041,1.39253103733
0.920264542103,0.919191896915,1.52721965313,0.117388881743,1.40983080864
0.951997756958,0.919191896915,1.56332743168,0.14386099577,1.41946649551
0.983731031418,0.919191896915,1.59786128998,0.178384438157,1.41947686672
1.01546430588,0.919191896915,1.63078606129,0.224958717823,1.40582728386
1.04719758034,0.919191896915,1.66206884384,0.285486578941,1.3765822649
1.0789308548,0.919191896915,1.69167816639,0.353737562895,1.33794057369
1.11066412926,0.919191896915,1.71958398819,0.413213908672,1.30637001991
1.14239740372,0.919191896915,1.74575841427,0.464569330215,1.28118908405
1.17413055897,0.919191896915,1.77017486095,0.511225640774,1.25894927979
1.20586383343,0.919191896915,1.79280889034,0.553670883179,1.23913800716
1.23759710789,0.919191896915,1.81363785267,0.592330098152,1.22130775452
1.26933038235,0.919191896915,1.83264052868,0.626575350761,1.20606517792
1.30106365681,0.919191896915,1.8497979641,0.656391441822,1.19340658188
1.33279693127,0.919191896915,1.86509287357,0.682509958744,1.18258285522
1.36453020573,0.919191896915,1.87850964069,0.704513669014,1.17399597168
1.39626336098,0.919191896915,1.89003491402,0.721978247166,1.16805672646
1.42799663544,0.919191896915,1.89965724945,0.735303997993,1.16435325146
1.4597299099,0.919191896915,1.90736663342,0.744975566864,1.16239106655
1.49146318436,0.919191896915,1.91315555573,0.75143289566,1.16172266006
1.52319645882,0.919191896915,1.91701805592,0.754997193813,1.16202092171
1.55492973328,0.919191896915,1.91895020008,0.755826830864,1.16312336922
1.58666300774,0.919191896915,1.91895020008,0.753965854645,1.16498434544
1.6183962822,0.919191896915,1.91701805592,0.749413192272,1.16760492325
1.65012955666,0.919191896915,1.91315555573,0.742182731628,1.1709728241
1.68186283112,0.919191896915,1.90736663342,0.732338428497,1.17502820492
1.71359610558,0.919191896915,1.89965724945,0.720010101795,1.17964720726
1.74532938004,0.919191896915,1.89003491402,0.705377399921,1.1846575737
1.77706253529,0.919191896915,1.87850964069,0.68861925602,1.18989038467
1.80879580975,0.919191896915,1.86509287357,0.669804334641,1.19528853893
1.84052908421,0.919191896915,1.8497979641,0.648706018925,1.20109200478
1.87226235867,0.919191896915,1.83264052868,0.624713301659,1.20792722702
1.90399563313,0.919191896915,1.81363773346,0.597697675228,1.21593999863
1.93572890759,0.919191896915,1.79280889034,0.568763196468,1.22404575348
1.96746218204,0.919191896915,1.77017486095,0.527823626995,1.24235129356
1.9991953373,0.919191896915,1.74575829506,0.454012930393,1.29174542427
2.03092861176,0.919191896915,1.71958386898,0.350741922855,1.36884188652
2.06266188622,0.919191896915,1.69167804718,0.234717682004,1.45696032047
2.09439516068,0.919191896915,1.66206884384,0.127953857183,1.53411495686
2.12612843513,0.919191896915,1.63078594208,0.0548675246537,1.57591843605
2.15786170959,0.919191896915,1.59786117077,0.0166692528874,1.58119189739
2.18959498405,0.919191896915,1.56332743168,-0.00521453563124,1.56854200363
2.22132825851,0.919191896915,1.52721953392,-0.0201587993652,1.54737830162
2.25306153297,0.919191896915,1.48957371712,-0.0311081465334,1.52068185806
2.28479480743,0.919191896915,1.45042824745,-0.0399176180363,1.49034583569
2.31652784348,0.919191896915,1.4098225832,-0.0472618713975,1.45708441734
2.34826135635,0.919191896915,1.36779665947,-0.0525848865509,1.42038154602
2.3799943924,0.919191896915,1.32439410686,-0.0552565641701,1.37965071201
2.41172790527,0.919191896915,1.27965736389,-0.0558086521924,1.33546602726
2.44346094131,0.919191896915,1.23363280296,-0.0554847791791,1.28911757469
2.47519421577,0.919191896915,1.18636572361,-0.0550513342023,1.24141705036
2.50692749023,0.919191896915,1.13790404797,-0.0545948855579,1.19249892235
2.53866076469,0.919191896915,1.08829653263,-0.0539660044014,1.14226257801
2.57039403915,0.919191896915,1.03759336472,-0.0530698150396,1.09066319466
2.60212731361,0.919191896915,0.985845386982,-0.0519102402031,1.03775560856
2.63386058807,0.919191896915,0.93310469389,-0.050546489656,0.983651161194
2.66559386253,0.919191896915,0.879424452782,-0.0490518435836,0.928476274014
2.69732713699,0.919191896915,0.824858725071,-0.0474929064512,0.872351646423
2.72906041145,0.919191896915,0.769462406635,-0.0459214746952,0.815383911133
2.76079368591,0.919191896915,0.713291287422,-0.0443751104176,0.757666409016
2.79252696037,0.919191896915,0.656401991844,-0.0428787060082,0.699280679226
2.82426023483,0.919191896915,0.59885174036,-0.0414480604231,0.640299797058
2.85599327087,0.919191896915,0.540698945522,-0.0400914773345,0.580790400505
2.88772678375,0.919191896915,0.482000768185,-0.0388131923974,0.520813941956
2.91945981979,0.919191896915,0.422818213701,-0.0376135073602,0.460431724787
2.95119309425,0.919191896915,0.363209456205,-0.0364905782044,0.399700045586
2.98292636871,0.919191896915,0.303234964609,-0.0354412421584,0.338676214218
3.01465964317,0.919191896915,0.24295514822,-0.0344616621733,0.277416825294
3.04639291763,0.919191896915,0.182430714369,-0.0335473939776,0.215978115797
3.07812619209,0.919191896915,0.121722564101,-0.03269418329,0.154416739941
3.10985946655,0.919191896915,0.0608918517828,-0.0318971574306,0.0927890092134
3.14159274101,0.919191896915,-1.67781081473e-07,-0.0311521627009,0.0311519950628
0,0.929292917252,0,-0.0273273289204,0.0273273289204
0.0317332595587,0.929292917252,0.0612124763429,-0.0261000078171,0.0873124822974
0.0634665191174,0.929292917252,0.122363328934,-0.0249007102102,0.147264033556
0.095199778676,0.929292917252,0.183390945196,-0.0237284321338,0.207119375467
0.126933038235,0.929292917252,0.244233936071,-0.0225747898221,0.266808718443
0.158666297793,0.929292917252,0.30483096838,-0.0214239116758,0.326254874468
0.190399557352,0.929292917252,0.365121096373,-0.0202519744635,0.385373055935
0.222132816911,0.929292917252,0.425043553114,-0.0190266687423,0.444070219994
0.253866076469,0.929292917252,0.484538018703,-0.0177087690681,0.502246797085
0.285599350929,0.929292917252,0.543544709682,-0.0162519365549,0.559796631336
0.317332595587,0.929292917252,0.602003931999,-0.0146040413529,0.616607964039
0.349065840244,0.929292917252,0.659856975079,-0.0127096194774,0.672566592693
0.380799114704,0.929292917252,0.717045783997,-0.0105123957619,0.727558195591
0.412532389164,0.929292917252,0.773512482643,-0.00795778725296,0.781470298767
0.444265633821,0.929292917252,0.829200267792,-0.00499670067802,0.834196984768
0.475998878479,0.929292917252,0.884053230286,-0.00158988172188,0.88564312458
0.507732152939,0.929292917252,0.938015937805,0.00228777108714,0.935728192329
0.539465427399,0.929292917252,0.991034209728,0.00664501776919,0.984389185905
0.571198701859,0.929292917252,1.04305458069,0.0114732608199,1.03158128262
0.602931916714,0.929292917252,1.0940246582,0.0167492795736,1.07727539539
0.634665191174,0.929292917252,1.14389312267,0.0224477462471,1.1214454174
0.666398465633,0.929292917252,1.19260978699,0.0285599455237,1.16404986382
0.698131680489,0.929292917252,1.24012553692,0.0351229757071,1.20500254631
0.729864954948,0.929292917252,1.28639268875,0.0422503612936,1.24414229393
0.761598229408,0.929292917252,1.33136463165,0.0501436032355,1.28122103214
0.793331503868,0.929292917252,1.37499582767,0.0590637549758,1.31593203545
0.825064778328,0.929292917252,1.41724264622,0.0692863985896,1.34795629978
0.856797993183,0.929292917252,1.45806229115,0.0812371745706,1.37682509422
0.888531267643,0.929292917252,1.49741387367,0.0960701778531,1.40134370327
0.920264542103,0.929292917252,1.53525769711,0.116058975458,1.41919875145
0.951997756958,0.929292917252,1.57155549526,0.143403381109,1.42815208435
0.983731031418,0.929292917252,1.60627114773,0.180329859257,1.42594122887
1.01546430588,0.929292917252,1.63936924934,0.231757774949,1.4076114893
1.04719758034,0.929292917252,1.67081665993,0.299205750227,1.3716108799
1.0789308548,0.929292917252,1.70058178902,0.370456427336,1.33012533188
1.11066412926,0.929292917252,1.72863459587,0.428994715214,1.29963994026
1.14239740372,0.929292917252,1.75494658947,0.479920744896,1.27502584457
1.17413055897,0.929292917252,1.77949154377,0.526133537292,1.25335800648
1.20586383343,0.929292917252,1.80224478245,0.568739593029,1.23350524902
1.23759710789,0.929292917252,1.82318341732,0.607599914074,1.21558356285
1.26933038235,0.929292917252,1.84228610992,0.6420596838,1.20022642612
1.30106365681,0.929292917252,1.85953378677,0.672523915768,1.1870098114
1.33279693127,0.929292917252,1.87490928173,0.698475241661,1.17643404007
1.36453020573,0.929292917252,1.88839662075,0.719424903393,1.16897177696
1.39626336098,0.929292917252,1.8999825716,0.73593723774,1.16404533386
1.42799663544,0.929292917252,1.90965545177,0.748776316643,1.16087913513
1.4597299099,0.929292917252,1.91740548611,0.758577108383,1.15882837772
1.49146318436,0.929292917252,1.92322492599,0.765730440617,1.15749454498
1.52319645882,0.929292917252,1.92710769176,0.770392715931,1.15671491623
1.55492973328,0.929292917252,1.92905008793,0.772566020489,1.15648412704
1.58666300774,0.929292917252,1.92905008793,0.772174596786,1.15687549114
1.6183962822,0.929292917252,1.92710769176,0.769122242928,1.15798544884
1.65012955666,0.929292917252,1.92322492599,0.763341903687,1.15988302231
1.68186283112,0.929292917252,1.91740548611,0.754840791225,1.16256475449
1.71359610558,0.929292917252,1.90965545177,0.743734240532,1.16592121124
1.74532938004,0.929292917252,1.8999825716,0.730253517628,1.16972899437
1.77706253529,0.929292917252,1.88839662075,0.714709460735,1.17368721962
1.80879580975,0.929292917252,1.87490928173,0.697396099567,1.17751312256
1.84052908421,0.929292917252,1.85953378677,0.678418040276,1.1811157465
1.87226235867,0.929292917252,1.84228610992,0.657494366169,1.18479180336
1.90399563313,0.929292917252,1.82318329811,0.634239494801,1.18894386292
1.93572890759,0.929292917252,1.80224478245,0.609410643578,1.19283413887
1.96746218204,0.929292917252,1.77949154377,0.577768206596,1.20172333717
1.9991953373,0.929292917252,1.75494647026,0.515243411064,1.2397030592
2.03092861176,0.929292917252,1.72863447666,0.414582937956,1.3140515089
2.06266188622,0.929292917252,1.70058166981,0.292174994946,1.40840673447
2.09439516068,0.929292917252,1.67081665993,0.173078194261,1.49773848057
2.12612843513,0.929292917252,1.63936913013,0.0869630798697,1.55240607262
2.15786170959,0.929292917252,1.60627102852,0.0404404439032,1.56583058834
2.18959498405,0.929292917252,1.57155549526,0.0137161128223,1.55783939362
2.22132825851,0.929292917252,1.5352575779,-0.00513922423124,1.54039680958
2.25306153297,0.929292917252,1.49741363525,-0.0195320118219,1.51694560051
2.28479480743,0.929292917252,1.45806205273,-0.030934209004,1.48899626732
2.31652784348,0.929292917252,1.41724276543,-0.0393211655319,1.45656394958
2.34826135635,0.929292917252,1.37499558926,-0.0443008504808,1.41929638386
2.3799943924,0.929292917252,1.33136463165,-0.0466705523431,1.37803518772
2.41172790527,0.929292917252,1.28639245033,-0.0479136481881,1.33430612087
2.44346094131,0.929292917252,1.24012565613,-0.0488266833127,1.28895235062
2.47519421577,0.929292917252,1.19260978699,-0.0494470670819,1.24205684662
2.50692749023,0.929292917252,1.14389300346,-0.04963311553,1.1935261488
2.53866076469,0.929292917252,1.09402453899,-0.0493462011218,1.14337074757
2.57039403915,0.929292917252,1.04305446148,-0.0486524887383,1.0917069912
2.60212731361,0.929292917252,0.991034090519,-0.0476581119001,1.03869223595
2.63386058807,0.929292917252,0.938015758991,-0.0464675948024,0.984483361244
2.66559386253,0.929292917252,0.884053051472,-0.0451659075916,0.929218947887
2.69732713699,0.929292917252,0.829200088978,-0.043816305697,0.873016417027
2.72906041145,0.929292917252,0.773512244225,-0.042463183403,0.815975427628
2.76079368591,0.929292917252,0.717045485973,-0.0411361865699,0.75818169117
2.79252696037,0.929292917252,0.659856796265,-0.03985433653,0.69971114397
2.82426023483,0.929292917252,0.602003633976,-0.0386288687587,0.640632510185
2.85599327087,0.929292917252,0.543544769287,-0.0374659076333,0.581010699272
2.88772678375,0.929292917252,0.484537631273,-0.0363675355911,0.520905137062
2.91945981979,0.929292917252,0.425043582916,-0.0353336334229,0.460377216339
2.95119309425,0.929292917252,0.365121096373,-0.0343624427915,0.399483531713
2.98292636871,0.929292917252,0.304830938578,-0.0334514081478,0.338282346725
3.01465964317,0.929292917252,0.244233876467,-0.0325969532132,0.276830822229
3.04639291763,0.929292917252,0.18339087069,-0.0317957289517,0.215186595917
3.07812619209,0.929292917252,0.122363209724,-0.0310441274196,0.153407335281
3.10985946655,0.929292917252,0.0612123385072,-0.0303384419531,0.0915507823229
3.14159274101,0.929292917252,-1.68664143985e-07,-0.0296752285212,0.0296750590205
0,0.939393937588,0,-0.0258747823536,0.0258747823536
0.0317332595587,0.939393937588,0.0615329630673,-0.0244276858866,0.0859606489539
0.0634665191174,0.939393937588,0.123003974557,-0.0228629466146,0.145866915584
0.095199778676,0.939393937588,0.184351116419,-0.0212013442069,0.205552458763
0.126933038235,0.939393937588,0.245512649417,-0.0194631237537,0.264975786209
0.158666297793,0.939393937588,0.306426942348,-0.0176682975143,0.324095249176
0.190399557352,0.939393937588,0.36703273654,-0.0158338639885,0.382866591215
0.222132816911,0.939393937588,0.427268922329,-0.013971674256,0.441240608692
0.253866076469,0.939393937588,0.487074881792,-0.0120868524536,0.499161720276
0.285599350929,0.939393937588,0.546390473843,-0.010175338015,0.556565821171
0.317332595587,0.939393937588,0.60515576601,-0.00822198949754,0.61337774992
0.349065840244,0.939393937588,0.663311779499,-0.00620054174215,0.669512331486
0.380799114704,0.939393937588,0.720799982548,-0.00407165009528,0.724871635437
0.412532389164,0.939393937588,0.777562320232,-0.00178453885019,0.779346883297
0.444265633821,0.939393937588,0.833541691303,0.00072262249887,0.83281904459
0.475998878479,0.939393937588,0.888681769371,0.00352018838748,0.885161578655
0.507732152939,0.939393937588,0.942927062511,0.00668205274269,0.936245024204
0.539465427399,0.939393937588,0.996222913265,0.0102801751345,0.985942721367
0.571198701859,0.939393937588,1.04851555824,0.014378670603,1.03413689137
0.602931916714,0.939393937588,1.09975254536,0.0190246105194,1.08072793484
0.634665191174,0.939393937588,1.14988219738,0.0242432039231,1.12563896179
0.666398465633,0.939393937588,1.19885385036,0.0300405882299,1.16881322861
0.698131680489,0.939393937588,1.24661839008,0.0364201515913,1.2101982832
0.729864954948,0.939393937588,1.29312777519,0.0434206165373,1.24970710278
0.761598229408,0.939393937588,1.33833515644,0.0511690750718,1.28716611862
0.793331503868,0.939393937588,1.38219475746,0.0599054545164,1.32228934765
0.825064778328,0.939393937588,1.42466282845,0.0699236318469,1.35473918915
0.856797993183,0.939393937588,1.46569621563,0.0815246924758,1.3841714859
0.888531267643,0.939393937588,1.50525379181,0.0955283865333,1.40972542763
0.920264542103,0.939393937588,1.54329574108,0.11447583884,1.42881989479
0.951997756958,0.939393937588,1.57978367805,0.142021119595,1.43776249886
0.983731031418,0.939393937588,1.61468088627,0.181242659688,1.43343818188
1.01546430588,0.939393937588,1.6479524374,0.238115161657,1.40983724594
1.04719758034,0.939393937588,1.67956447601,0.313294410706,1.36627006531
1.0789308548,0.939393937588,1.70948541164,0.386671245098,1.32281422615
1.11066412926,0.939393937588,1.73768508434,0.444751501083,1.29293358326
1.14239740372,0.939393937588,1.76413488388,0.495543658733,1.26859116554
1.17413055897,0.939393937588,1.78880834579,0.541571617126,1.24723672867
1.20586383343,0.939393937588,1.81168067455,0.584407866001,1.22727274895
1.23759710789,0.939393937588,1.83272898197,0.623041927814,1.20968699455
1.26933038235,0.939393937588,1.85193169117,0.657044529915,1.19488716125
1.30106365681,0.939393937588,1.86926972866,0.686291098595,1.18297863007
1.33279693127,0.939393937588,1.88472557068,0.710500240326,1.17422533035
1.36453020573,0.939393937588,1.89828360081,0.730242848396,1.16804075241
1.39626336098,0.939393937588,1.90993022919,0.746373176575,1.16355705261
1.42799663544,0.939393937588,1.91965377331,0.759612500668,1.16004133224
1.4597299099,0.939393937588,1.9274443388,0.770401835442,1.15704250336
1.49146318436,0.939393937588,1.93329417706,0.778937458992,1.15435671806
1.52319645882,0.939393937588,1.93719732761,0.785252630711,1.1519446373
1.55492973328,0.939393937588,1.93914985657,0.789276480675,1.14987337589
1.58666300774,0.939393937588,1.93914985657,0.790873527527,1.14827632904
1.6183962822,0.939393937588,1.93719732761,0.78987622261,1.147321105
1.65012955666,0.939393937588,1.93329417706,0.786123037338,1.14717113972
1.68186283112,0.939393937588,1.9274443388,0.779509603977,1.14793467522
1.71359610558,0.939393937588,1.91965377331,0.770047783852,1.14960598946
1.74532938004,0.939393937588,1.90993022919,0.757921278477,1.15200901031
1.77706253529,0.939393937588,1.89828360081,0.743503332138,1.15478026867
1.80879580975,0.939393937588,1.88472557068,0.727305352688,1.15742015839
1.84052908421,0.939393937588,1.86926972866,0.709819734097,1.15945005417
1.87226235867,0.939393937588,1.85193169117,0.691279411316,1.16065227985
1.90399563313,0.939393937588,1.83272886276,0.671569705009,1.16115915775
1.93572890759,0.939393937588,1.81168067455,0.651015520096,1.16066515446
1.96746218204,0.939393937588,1.78880834579,0.627562403679,1.16124594212
1.9991953373,0.939393937588,1.76413476467,0.579351723194,1.18478298187
2.03092861176,0.939393937588,1.73768496513,0.486130833626,1.25155413151
2.06266188622,0.939393937588,1.70948529243,0.359130471945,1.35035479069
2.09439516068,0.939393937588,1.67956447601,0.22663205862,1.45293235779
2.12612843513,0.939393937588,1.64795231819,0.124847330153,1.52310502529
2.15786170959,0.939393937588,1.61468088627,0.0672454312444,1.54743540287
2.18959498405,0.939393937588,1.57978367805,0.0338997207582,1.54588401318
2.22132825851,0.939393937588,1.54329562187,0.0100875645876,1.53320801258
2.25306153297,0.939393937588,1.50525355339,-0.00792543590069,1.51317894459
2.28479480743,0.939393937588,1.46569597721,-0.0210645813495,1.4867606163
2.31652784348,0.939393937588,1.42466294765,-0.0295193586498,1.45418226719
2.34826135635,0.939393937588,1.38219451904,-0.0345075018704,1.41670203209
2.3799943924,0.939393937588,1.33833515644,-0.0378621965647,1.3761973381
2.41172790527,0.939393937588,1.29312753677,-0.0405042096972,1.33363175392
2.44346094131,0.939393937588,1.24661850929,-0.0424885302782,1.28910708427
2.47519421577,0.939393937588,1.19885385036,-0.0437228158116,1.24257671833
2.50692749023,0.939393937588,1.14988207817,-0.0442463457584,1.19412839413
2.53866076469,0.939393937588,1.09975242615,-0.044194009155,1.14394640923
2.57039403915,0.939393937588,1.04851543903,-0.0437207594514,1.09223616123
2.60212731361,0.939393937588,0.996222794056,-0.042961936444,1.03918468952
2.63386058807,0.939393937588,0.942926883698,-0.0420219413936,0.984948813915
2.66559386253,0.939393937588,0.888681590557,-0.0409772954881,0.929658889771
2.69732713699,0.939393937588,0.833541512489,-0.0398819558322,0.873423457146
2.72906041145,0.939393937588,0.777562081814,-0.0387726984918,0.816334784031
2.76079368591,0.939393937588,0.720799684525,-0.0376745313406,0.758474230766
2.79252696037,0.939393937588,0.66331154108,-0.0366038531065,0.699915409088
2.82426023483,0.939393937588,0.605155527592,-0.0355705097318,0.640726029873
2.85599327087,0.939393937588,0.546390533447,-0.034580565989,0.580971121788
2.88772678375,0.939393937588,0.487074494362,-0.0336372703314,0.520711779594
2.91945981979,0.939393937588,0.427268952131,-0.0327414125204,0.460010349751
2.95119309425,0.939393937588,0.36703273654,-0.0318924002349,0.398925125599
2.98292636871,0.939393937588,0.306426912546,-0.0310891065747,0.337516009808
3.01465964317,0.939393937588,0.245512589812,-0.0303297713399,0.275842368603
3.04639291763,0.939393937588,0.184351041913,-0.0296118892729,0.213962927461
3.07812619209,0.939393937588,0.123003862798,-0.0289332587272,0.151937127113
3.10985946655,0.939393937588,0.0615328252316,-0.028291599825,0.0898244231939
3.14159274101,0.939393937588,-1.69547206497e-07,-0.0276843011379,0.0276841316372
0,0.949494957924,0,-0.0217493157834,0.0217493157834
0.0317332595587,0.949494957924,0.0618534460664,-0.0212388709188,0.0830923169851
0.0634665191174,0.949494957924,0.12364462018,-0.0205241069198,0.14416873455
0.095199778676,0.949494957924,0.18531127274,-0.0195924993604,0.204903766513
0.126933038235,0.949494957924,0.246791362762,-0.0184348262846,0.265226185322
0.158666297793,0.949494957924,0.308022916317,-0.0170464683324,0.325069397688
0.190399557352,0.949494957924,0.368944346905,-0.0154286213219,0.384372979403
0.222132816911,0.949494957924,0.429494291544,-0.013586117886,0.44308039546
0.253866076469,0.949494957924,0.489611744881,-0.0115302279592,0.501141965389
0.285599350929,0.949494957924,0.549236238003,-0.00927506946027,0.558511316776
0.317332595587,0.949494957924,0.608307600021,-0.0068366532214,0.615144252777
0.349065840244,0.949494957924,0.666766524315,-0.00423168484122,0.670998215675
0.380799114704,0.949494957924,0.724554121494,-0.00147374067456,0.726027846336
0.412532389164,0.949494957924,0.781612098217,0.00142988981679,0.780182182789
0.444265633821,0.949494957924,0.837882995605,0.00448076752946,0.833402216434
0.475998878479,0.949494957924,0.893310308456,0.00769382109866,0.885616481304
0.507732152939,0.949494957924,0.947838127613,0.0110990293324,0.936739087105
0.539465427399,0.949494957924,1.0014115572,0.0147435534745,0.986667990685
0.571198701859,0.949494957924,1.0539765358,0.0186910070479,1.03528547287
0.602931916714,0.949494957924,1.1054803133,0.0230181422085,1.08246219158
0.634665191174,0.949494957924,1.15587103367,0.0278075523674,1.12806344032
0.666398465633,0.949494957924,1.20509779453,0.0331378355622,1.17195999622
0.698131680489,0.949494957924,1.25311112404,0.039072740823,1.21403837204
0.729864954948,0.949494957924,1.29986274242,0.045665897429,1.25419688225
0.761598229408,0.949494957924,1.34530556202,0.0529947131872,1.29231083393
0.793331503868,0.949494957924,1.38939368725,0.0612342730165,1.32815945148
0.825064778328,0.949494957924,1.43208289146,0.0706965848804,1.36138629913
0.856797993183,0.949494957924,1.4733300209,0.0817101672292,1.39161980152
0.888531267643,0.949494957924,1.51309359074,0.094706594944,1.41838693619
0.920264542103,0.949494957924,1.55133366585,0.111844688654,1.439489007
0.951997756958,0.949494957924,1.58801162243,0.138391628861,1.44962000847
0.983731031418,0.949494957924,1.62309074402,0.179439812899,1.44365096092
1.01546430588,0.949494957924,1.65653538704,0.242328226566,1.41420722008
1.04719758034,0.949494957924,1.68831217289,0.326181858778,1.36213028431
1.0789308548,0.949494957924,1.71838891506,0.401569902897,1.31681895256
1.11066412926,0.949494957924,1.74673545361,0.460549682379,1.28618574142
1.14239740372,0.949494957924,1.77332305908,0.511083006859,1.26224005222
1.17413055897,0.949494957924,1.79812502861,0.556858181953,1.24126684666
1.20586383343,0.949494957924,1.82111644745,0.598932147026,1.22218430042
1.23759710789,0.949494957924,1.8422743082,0.635333120823,1.20694112778
1.26933038235,0.949494957924,1.861577034,0.667171418667,1.19440555573
1.30106365681,0.949494957924,1.87900543213,0.694895148277,1.18411028385
1.33279693127,0.949494957924,1.89454174042,0.718402206898,1.17613959312
1.36453020573,0.949494957924,1.90817046165,0.738205313683,1.16996514797
1.39626336098,0.949494957924,1.91987764835,0.75500446558,1.16487312317
1.42799663544,0.949494957924,1.92965185642,0.769317388535,1.16033446789
1.4597299099,0.949494957924,1.93748295307,0.781449615955,1.15603327751
1.49146318436,0.949494957924,1.94336342812,0.791548728943,1.15181469917
1.52319645882,0.949494957924,1.94728684425,0.799648761749,1.1476380825
1.55492973328,0.949494957924,1.949249506,0.805691182613,1.14355826378
1.58666300774,0.949494957924,1.949249506,0.809542059898,1.1397074461
1.6183962822,0.949494957924,1.94728684425,0.811006903648,1.13627994061
1.65012955666,0.949494957924,1.94336342812,0.809855937958,1.13350749016
1.68186283112,0.949494957924,1.93748295307,0.805863857269,1.1316190958
1.71359610558,0.949494957924,1.92965185642,0.798872470856,1.13077938557
1.74532938004,0.949494957924,1.91987764835,0.78887462616,1.13100302219
1.77706253529,0.949494957924,1.90817046165,0.776108920574,1.13206148148
1.80879580975,0.949494957924,1.89454174042,0.761113882065,1.13342785835
1.84052908421,0.949494957924,1.87900543213,0.744676947594,1.13432848454
1.87226235867,0.949494957924,1.861577034,0.727615773678,1.13396120071
1.90399563313,0.949494957924,1.842274189,0.710470795631,1.13180339336
1.93572890759,0.949494957924,1.82111644745,0.693626046181,1.12749040127
1.96746218204,0.949494957924,1.79812502861,0.676540911198,1.12158417702
1.9991953373,0.949494957924,1.77332293987,0.643150150776,1.13017272949
2.03092861176,0.949494957924,1.7467353344,0.56327688694,1.18345844746
2.06266188622,0.949494957924,1.71838879585,0.435717761517,1.28267097473
2.09439516068,0.949494957924,1.68831217289,0.289187282324,1.39912486076
2.12612843513,0.949494957924,1.65653526783,0.168342158198,1.48819315434
2.15786170959,0.949494957924,1.62309062481,0.0958024188876,1.52728819847
2.18959498405,0.949494957924,1.58801162243,0.0532900691032,1.53472161293
2.22132825851,0.949494957924,1.55133354664,0.0235125962645,1.52782094479
2.25306153297,0.949494957924,1.51309335232,0.00243483716622,1.51065850258
2.28479480743,0.949494957924,1.47332978249,-0.0112811280414,1.48461091518
2.31652784348,0.949494957924,1.43208301067,-0.0197842679918,1.45186722279
2.34826135635,0.949494957924,1.38939344883,-0.025681398809,1.41507482529
2.3799943924,0.949494957924,1.34530556202,-0.0303012821823,1.37560689449
2.41172790527,0.949494957924,1.29986250401,-0.0338428616524,1.33370542526
2.44346094131,0.949494957924,1.25311124325,-0.0363032221794,1.28941440582
2.47519421577,0.949494957924,1.20509779453,-0.0378043465316,1.24290215969
2.50692749023,0.949494957924,1.15587091446,-0.038545563817,1.19441652298
2.53866076469,0.949494957924,1.10548019409,-0.0387251935899,1.1442053318
2.57039403915,0.949494957924,1.05397641659,-0.0385061837733,1.09248256683
2.60212731361,0.949494957924,1.00141143799,-0.0380128137767,1.03942430019
2.63386058807,0.949494957924,0.947837948799,-0.037336025387,0.985174000263
2.66559386253,0.949494957924,0.893310129642,-0.0365418419242,0.929851949215
2.69732713699,0.949494957924,0.837882816792,-0.035677537322,0.873560369015
2.72906041145,0.949494957924,0.781611859798,-0.0347771979868,0.816389083862
2.76079368591,0.949494957924,0.724553823471,-0.0338646620512,0.758418500423
2.79252696037,0.949494957924,0.666766285896,-0.0329570285976,0.699723303318
2.82426023483,0.949494957924,0.608307361603,-0.0320657305419,0.640373110771
2.85599327087,0.949494957924,0.549236297607,-0.031198579818,0.580434858799
2.88772678375,0.949494957924,0.489611327648,-0.0303607620299,0.519972085953
2.91945981979,0.949494957924,0.429494321346,-0.0295549966395,0.45904931426
2.95119309425,0.949494957924,0.368944346905,-0.0287830401212,0.397727400064
2.98292636871,0.949494957924,0.308022886515,-0.0280451457947,0.336068034172
3.01465964317,0.949494957924,0.246791303158,-0.0273412261158,0.27413251996
3.04639291763,0.949494957924,0.185311198235,-0.0266703870147,0.211981579661
3.07812619209,0.949494957924,0.123644500971,-0.0260315220803,0.149676024914
3.10985946655,0.949494957924,0.0618533045053,-0.0254236478359,0.0872769504786
3.14159274101,0.949494957924,-1.70430269009e-07,-0.0248450934887,0.024844923988
0,0.95959597826,0,-0.012316070497,0.012316070497
0.0317332595587,0.95959597826,0.0621739253402,-0.0124215837568,0.0745955109596
0.0634665191174,0.95959597826,0.124285265803,-0.0124634206295,0.136748686433
0.095199778676,0.95959597826,0.186271429062,-0.0124202193692,0.198691651225
0.126933038235,0.95959597826,0.248070061207,-0.0122678112239,0.260337859392
0.158666297793,0.95959597826,0.309618890285,-0.0119794933125,0.321598380804
0.190399557352,0.95959597826,0.37085595727,-0.0115270912647,0.382383048534
0.222132816911,0.95959597826,0.431719630957,-0.0108804488555,0.44260007143
0.253866076469,0.95959597826,0.492148578167,-0.0100089944899,0.502157568932
0.285599350929,0.95959597826,0.552082002163,-0.00888207741082,0.560964107513
0.317332595587,0.95959597826,0.611459493637,-0.00746973371133,0.618929207325
0.349065840244,0.95959597826,0.670221269131,-0.00574387982488,0.675965130329
0.380799114704,0.95959597826,0.728308260441,-0.00367842521518,0.731986701488
0.412532389164,0.95959597826,0.785661876202,-0.00125061208382,0.786912500858
0.444265633821,0.95959597826,0.842224359512,0.00155994435772,0.840664386749
0.475998878479,0.95959597826,0.897938847542,0.0047701834701,0.89316868782
0.507732152939,0.95959597826,0.952749192715,0.00839544646442,0.944353759289
0.539465427399,0.95959597826,1.00660014153,0.0124497748911,0.994150340557
0.571198701859,0.95959597826,1.05943751335,0.0169475600123,1.04249000549
0.602931916714,0.95959597826,1.11120820045,0.0219043921679,1.08930385113
0.634665191174,0.95959597826,1.16185998917,0.0273375399411,1.13452243805
0.666398465633,0.95959597826,1.21134185791,0.0332637876272,1.17807805538
0.698131680489,0.95959597826,1.25960385799,0.039693556726,1.21991026402
0.729864954948,0.95959597826,1.30659770966,0.0466236844659,1.25997400284
0.761598229408,0.95959597826,1.35227608681,0.0540378279984,1.29823827744
0.793331503868,0.95959597826,1.39659261703,0.0619526654482,1.33463990688
0.825064778328,0.95959597826,1.43950295448,0.0705444589257,1.36895847321
0.856797993183,0.95959597826,1.48096382618,0.0802533552051,1.40071046352
0.888531267643,0.95959597826,1.52093350887,0.0916329398751,1.42930054665
0.920264542103,0.95959597826,1.55937159061,0.106199786067,1.45317184925
0.951997756958,0.95959597826,1.59623968601,0.130154520273,1.46608519554
0.983731031418,0.95959597826,1.63150048256,0.172278761864,1.4592217207
1.01546430588,0.95959597826,1.66511845589,0.242238968611,1.42287945747
1.04719758034,0.95959597826,1.69705986977,0.336846083403,1.36021375656
1.0789308548,0.95959597826,1.72729241848,0.416580915451,1.31071150303
1.11066412926,0.95959597826,1.75578582287,0.477958112955,1.27782773972
1.14239740372,0.95959597826,1.78251123428,0.527233839035,1.25527739525
1.17413055897,0.95959597826,1.80744171143,0.57193428278,1.23550748825
1.20586383343,0.95959597826,1.83055233955,0.610496044159,1.22005629539
1.23759710789,0.95959597826,1.85181975365,0.645214617252,1.206605196
1.26933038235,0.95959597826,1.87122249603,0.677721679211,1.19350075722
1.30106365681,0.95959597826,1.8887411356,0.70599091053,1.18275022507
1.33279693127,0.95959597826,1.90435802937,0.729847431183,1.17451059818
1.36453020573,0.95959597826,1.9180573225,0.750084996223,1.16797232628
1.39626336098,0.95959597826,1.92982518673,0.767439544201,1.16238570213
1.42799663544,0.95959597826,1.93965005875,0.782424867153,1.15722513199
1.4597299099,0.95959597826,1.94752168655,0.795376360416,1.15214538574
1.49146318436,0.95959597826,1.95343255997,0.80649381876,1.14693880081
1.52319645882,0.95959597826,1.95737636089,0.815865576267,1.14151072502
1.55492973328,0.95959597826,1.95934927464,0.823483705521,1.13586556911
1.58666300774,0.95959597826,1.95934927464,0.829255521297,1.13009381294
1.6183962822,0.95959597826,1.95737636089,0.833012104034,1.12436425686
1.65012955666,0.95959597826,1.95343255997,0.834521889687,1.11891067028
1.68186283112,0.95959597826,1.94752168655,0.833511829376,1.11400985718
1.71359610558,0.95959597826,1.93965005875,0.829704046249,1.1099460125
1.74532938004,0.95959597826,1.92982518673,0.822882056236,1.10694313049
1.77706253529,0.95959597826,1.9180573225,0.812995970249,1.10506129265
1.80879580975,0.95959597826,1.90435802937,0.800302505493,1.10405552387
1.84052908421,0.95959597826,1.8887411356,0.785486996174,1.10325407982
1.87226235867,0.95959597826,1.87122249603,0.76965790987,1.10156464577
1.90399563313,0.95959597826,1.85181963444,0.754074037075,1.09774565697
1.93572890759,0.95959597826,1.83055233955,0.739719986916,1.09083235264
1.96746218204,0.95959597826,1.80744171143,0.72667825222,1.08076345921
1.9991953373,0.95959597826,1.78251111507,0.704878628254,1.07763242722
2.03092861176,0.95959597826,1.75578570366,0.642072319984,1.11371338367
2.06266188622,0.95959597826,1.72729229927,0.520268619061,1.20702362061
2.09439516068,0.95959597826,1.69705986977,0.360232532024,1.33682727814
2.12612843513,0.95959597826,1.66511833668,0.215653538704,1.44946479797
2.15786170959,0.95959597826,1.63150036335,0.122407965362,1.50909245014
2.18959498405,0.95959597826,1.59623968601,0.0671894848347,1.52905023098
2.22132825851,0.95959597826,1.55937147141,0.0311642028391,1.52820730209
2.25306153297,0.95959597826,1.52093327045,0.00888550840318,1.51204776764
2.28479480743,0.95959597826,1.48096358776,-0.00407178746536,1.48503541946
2.31652784348,0.95959597826,1.43950307369,-0.0124843847007,1.45198750496
2.34826135635,0.95959597826,1.39659237862,-0.0188992265612,1.41549158096
2.3799943924,0.95959597826,1.35227608681,-0.0239032376558,1.3761793375
2.41172790527,0.95959597826,1.30659747124,-0.027590572834,1.33418798447
2.44346094131,0.95959597826,1.2596039772,-0.030126594007,1.28973054886
2.47519421577,0.95959597826,1.21134185791,-0.0317402631044,1.24308216572
2.50692749023,0.95959597826,1.16185986996,-0.0326506271958,1.1945104599
2.53866076469,0.95959597826,1.11120808125,-0.0330368727446,1.14424490929
2.57039403915,0.95959597826,1.05943739414,-0.0330378375947,1.09247517586
2.60212731361,0.95959597826,1.00660002232,-0.0327591821551,1.03935921192
2.63386058807,0.95959597826,0.952749013901,-0.0322803556919,0.98502933979
2.66559386253,0.95959597826,0.897938668728,-0.0316619612277,0.929600656033
2.69732713699,0.95959597826,0.842224180698,-0.0309499595314,0.873174130917
2.72906041145,0.95959597826,0.785661637783,-0.0301788076758,0.815840423107
2.76079368591,0.95959597826,0.728307962418,-0.0293741691858,0.757682144642
2.79252696037,0.95959597826,0.670221030712,-0.02855588682,0.698776900768
2.82426023483,0.95959597826,0.611459195614,-0.0277375858277,0.639196753502
2.85599327087,0.95959597826,0.552082061768,-0.0269298776984,0.579011917114
2.88772678375,0.95959597826,0.492148160934,-0.0261400360614,0.518288195133
2.91945981979,0.95959597826,0.431719660759,-0.0253727566451,0.457092404366
2.95119309425,0.95959597826,0.37085595727,-0.0246315523982,0.395487517118
2.98292636871,0.95959597826,0.309618860483,-0.023918364197,0.333537220955
3.01465964317,0.95959597826,0.248070001602,-0.0232342593372,0.271304249763
3.04639291763,0.95959597826,0.186271354556,-0.0225794333965,0.20885078609
3.07812619209,0.95959597826,0.124285146594,-0.0219538807869,0.146239027381
3.10985946655,0.95959597826,0.0621737875044,-0.0213572289795,0.0835310146213
3.14159274101,0.95959597826,-1.7131331731e-07,-0.0207881946117,0.0207880232483
0,0.969696998596,0,-0.00614684307948,0.00614684307948
0.0317332595587,0.969696998596,0.0624944120646,-0.00591170648113,0.0684061199427
0.0634665191174,0.969696998596,0.124925911427,-0.00567411771044,0.130600035191
0.095199778676,0.969696998596,0.187231600285,-0.00543239712715,0.192663997412
0.126933038235,0.969696998596,0.249348789454,-0.0051828706637,0.254531651735
0.158666297793,0.969696998596,0.311214864254,-0.00492000207305,0.316134870052
0.190399557352,0.969696998596,0.372767597437,-0.00463606603444,0.37740367651
0.222132816911,0.969696998596,0.433945000172,-0.00432052183896,0.438265532255
0.253866076469,0.969696998596,0.494685441256,-0.00395885389298,0.498644292355
0.285599350929,0.969696998596,0.554927825928,-0.00353343226016,0.558461248875
0.317332595587,0.969696998596,0.614611327648,-0.00302140205167,0.617632746696
0.349065840244,0.969696998596,0.673676013947,-0.00239533605054,0.676071345806
0.380799114704,0.969696998596,0.732062458992,-0.00162085983902,0.733683347702
0.412532389164,0.969696998596,0.789711713791,-0.000656965654343,0.790368676186
0.444265633821,0.969696998596,0.846565723419,0.000546467024833,0.846019268036
0.475998878479,0.969696998596,0.902567446232,0.00205043843016,0.900516986847
0.507732152939,0.969696998596,0.957660317421,0.00392811512575,0.953732192516
0.539465427399,0.969696998596,1.01178884506,0.00626952992752,1.0055192709
0.571198701859,0.969696998596,1.06489861012,0.00918257236481,1.05571603775
0.602931916714,0.969696998596,1.11693608761,0.012795759365,1.10414028168
0.634665191174,0.969696998596,1.16784906387,0.0172560382634,1.15059304237
0.666398465633,0.969696998596,1.21758592129,0.022718064487,1.19486784935
0.698131680489,0.969696998596,1.26609671116,0.0293184146285,1.23677825928
0.729864954948,0.969696998596,1.3133327961,0.037122618407,1.27621018887
0.761598229408,0.969696998596,1.3592466116,0.0460376776755,1.31320893764
0.793331503868,0.969696998596,1.40379154682,0.055715482682,1.34807610512
0.825064778328,0.969696998596,1.44692313671,0.0655483677983,1.38137471676
0.856797993183,0.969696998596,1.48859763145,0.074998497963,1.41359913349
0.888531267643,0.969696998596,1.52877342701,0.0843483805656,1.44442510605
0.920264542103,0.969696998596,1.56740963459,0.0956327840686,1.47177684307
0.951997756958,0.969696998596,1.6044677496,0.116142265499,1.48832547665
0.983731031418,0.969696998596,1.63991034031,0.159741744399,1.48016858101
1.01546430588,0.969696998596,1.67370164394,0.239904761314,1.43379688263
1.04719758034,0.969696998596,1.70580756664,0.35018619895,1.35562133789
1.0789308548,0.969696998596,1.73619616032,0.441238969564,1.29495716095
1.11066412926,0.969696998596,1.76483631134,0.506730258465,1.25810599327
1.14239740372,0.969696998596,1.79169952869,0.556922018528,1.23477745056
1.17413055897,0.969696998596,1.81675851345,0.601046264172,1.21571230888
1.20586383343,0.969696998596,1.83998823166,0.64012336731,1.19986486435
1.23759710789,0.969696998596,1.8613653183,0.677818477154,1.18354678154
1.26933038235,0.969696998596,1.88086807728,0.71021348238,1.17065453529
1.30106365681,0.969696998596,1.89847695827,0.736837387085,1.16163957119
1.33279693127,0.969696998596,1.91417431831,0.758951663971,1.15522265434
1.36453020573,0.969696998596,1.92794418335,0.777666032314,1.15027809143
1.39626336098,0.969696998596,1.93977284431,0.793751895428,1.14602088928
1.42799663544,0.969696998596,1.94964826107,0.807737588882,1.14191067219
1.4597299099,0.969696998596,1.95756053925,0.819980084896,1.13758039474
1.49146318436,0.969696998596,1.96350193024,0.830704033375,1.13279795647
1.52319645882,0.969696998596,1.96746599674,0.840028464794,1.12743759155
1.55492973328,0.969696998596,1.96944904327,0.847982108593,1.12146687508
1.58666300774,0.969696998596,1.96944904327,0.854515433311,1.11493360996
1.6183962822,0.969696998596,1.96746599674,0.859510362148,1.1079556942
1.65012955666,0.969696998596,1.96350193024,0.862787604332,1.1007143259
1.68186283112,0.969696998596,1.95756053925,0.864116668701,1.09344387054
1.71359610558,0.969696998596,1.94964826107,0.863230288029,1.08641791344
1.74532938004,0.969696998596,1.93977284431,0.85985481739,1.07991802692
1.77706253529,0.969696998596,1.92794418335,0.853769123554,1.0741751194
1.80879580975,0.969696998596,1.91417431831,0.844910204411,1.06926417351
1.84052908421,0.969696998596,1.89847695827,0.833544790745,1.06493210793
1.87226235867,0.969696998596,1.88086807728,0.820465266705,1.06040287018
1.90399563313,0.969696998596,1.86136519909,0.807049810886,1.0543153286
1.93572890759,0.969696998596,1.83998823166,0.794860720634,1.04512751102
1.96746218204,0.969696998596,1.81675851345,0.78435665369,1.03240180016
1.9991953373,0.969696998596,1.79169940948,0.768748104572,1.02295136452
2.03092861176,0.969696998596,1.76483619213,0.720032811165,1.04480338097
2.06266188622,0.969696998596,1.73619604111,0.608712136745,1.12748384476
2.09439516068,0.969696998596,1.70580756664,0.436951398849,1.26885616779
2.12612843513,0.969696998596,1.67370152473,0.261688649654,1.41201281548
2.15786170959,0.969696998596,1.6399102211,0.138869270682,1.50104093552
2.18959498405,0.969696998596,1.6044677496,0.067365437746,1.53710234165
2.22132825851,0.969696998596,1.56740951538,0.0280823893845,1.53932714462
2.25306153297,0.969696998596,1.52877318859,0.00906872749329,1.5197044611
2.28479480743,0.969696998596,1.48859739304,-0.000787478405982,1.4893848896
2.31652784348,0.969696998596,1.44692325592,-0.00776013126597,1.45468342304
2.34826135635,0.969696998596,1.4037913084,-0.0134435528889,1.41723489761
2.3799943924,0.969696998596,1.3592466116,-0.0179525054991,1.37719917297
2.41172790527,0.969696998596,1.31333255768,-0.0213390570134,1.33467161655
2.44346094131,0.969696998596,1.26609683037,-0.0237533301115,1.28985011578
2.47519421577,0.969696998596,1.21758592129,-0.0253730956465,1.24295902252
2.50692749023,0.969696998596,1.16784894466,-0.0263609662652,1.19420993328
2.53866076469,0.969696998596,1.1169359684,-0.0268544591963,1.14379048347
2.57039403915,0.969696998596,1.06489849091,-0.0269669760019,1.09186542034
2.60212731361,0.969696998596,1.01178872585,-0.0267901401967,1.03857886791
2.63386058807,0.969696998596,0.957660138607,-0.0263984706253,0.984058618546
2.66559386253,0.969696998596,0.902567267418,-0.0258510299027,0.928418278694
2.69732713699,0.969696998596,0.846565544605,-0.0251947380602,0.871760308743
2.72906041145,0.969696998596,0.789711475372,-0.0244664307684,0.814177930355
2.76079368591,0.969696998596,0.732062160969,-0.0236942507327,0.755756437778
2.79252696037,0.969696998596,0.673675775528,-0.0228998716921,0.696575641632
2.82426023483,0.969696998596,0.614611029625,-0.0220993552357,0.63671040535
2.85599327087,0.969696998596,0.554927885532,-0.021304640919,0.576232552528
2.88772678375,0.969696998596,0.494685024023,-0.0205248165876,0.515209853649
2.91945981979,0.969696998596,0.433945029974,-0.0197654832155,0.453710526228
2.95119309425,0.969696998596,0.372767597437,-0.0190312601626,0.391798853874
2.98292636871,0.969696998596,0.311214834452,-0.0183247663081,0.329539597034
3.01465964317,0.969696998596,0.249348729849,-0.0176474303007,0.266996145248
3.04639291763,0.969696998596,0.187231525779,-0.0170000065118,0.204231530428
3.07812619209,0.969696998596,0.124925792217,-0.0163827780634,0.141308575869
3.10985946655,0.969696998596,0.0624942742288,-0.0157954581082,0.078289732337
3.14159274101,0.969696998596,-1.72196379822e-07,-0.0152372997254,0.0152371274307
0,0.979797959328,0,-0.00600187899545,0.00600187899545
0.0317332595587,0.979797959328,0.0628148987889,-0.00569903105497,0.0685139298439
0.0634665191174,0.979797959328,0.12556655705,-0.00535939075053,0.130925953388
0.095199778676,0.979797959328,0.188191756606,-0.00498156063259,0.193173319101
0.126933038235,0.979797959328,0.250627487898,-0.00456444127485,0.255191922188
0.158666297793,0.979797959328,0.312810838223,-0.00410700915381,0.316917836666
0.190399557352,0.979797959328,0.374679237604,-0.00360816740431,0.378287404776
0.222132816911,0.979797959328,0.436170369387,-0.00306667177938,0.43923702836
0.253866076469,0.979797959328,0.497222274542,-0.00248092226684,0.499703198671
0.285599350929,0.979797959328,0.557773590088,-0.00184866553172,0.559622228146
0.317332595587,0.979797959328,0.617763161659,-0.00116727920249,0.618930459023
0.349065840244,0.979797959328,0.677130758762,-0.000431968364865,0.677562713623
0.380799114704,0.979797959328,0.735816597939,0.000362279824913,0.735454320908
0.412532389164,0.979797959328,0.793761491776,0.00122366193682,0.792537808418
0.444265633821,0.979797959328,0.850907087326,0.00216258643195,0.848744511604
0.475998878479,0.979797959328,0.907195925713,0.00319429626688,0.904001653194
0.507732152939,0.979797959328,0.962571322918,0.00433916551992,0.958232164383
0.539465427399,0.979797959328,1.0169775486,0.00562658486888,1.01135098934
0.571198701859,0.979797959328,1.07035958767,0.00709875999019,1.06326079369
0.602931916714,0.979797959328,1.12266397476,0.00881924293935,1.11384475231
0.634665191174,0.979797959328,1.17383801937,0.0108841452748,1.16295385361
0.666398465633,0.979797959328,1.22382986546,0.01344207488,1.21038782597
0.698131680489,0.979797959328,1.27258956432,0.0167209431529,1.25586867332
0.729864954948,0.979797959328,1.32006788254,0.021057119593,1.29901075363
0.761598229408,0.979797959328,1.36621701717,0.0269004404545,1.33931660652
0.793331503868,0.979797959328,1.41099047661,0.0347210988402,1.37626934052
0.825064778328,0.979797959328,1.45434319973,0.0446768812835,1.40966629982
0.856797993183,0.979797959328,1.49623143673,0.05597159639,1.44025981426
0.888531267643,0.979797959328,1.53661322594,0.06664776057,1.46996545792
0.920264542103,0.979797959328,1.57544767857,0.0765185728669,1.49892914295
0.951997756958,0.979797959328,1.61269569397,0.0958499163389,1.51684582233
0.983731031418,0.979797959328,1.64832007885,0.14739023149,1.50092983246
1.01546430588,0.979797959328,1.68228471279,0.246535301208,1.43574941158
1.04719758034,0.979797959328,1.71455526352,0.383837580681,1.33071768284
1.0789308548,0.979797959328,1.74509966373,0.505079448223,1.24002027512
1.11066412926,0.979797959328,1.77388679981,0.587028682232,1.18685817719
1.14239740372,0.979797959328,1.80088758469,0.647830784321,1.15305685997
1.17413055897,0.979797959328,1.82607507706,0.690545678139,1.13552939892
1.20586383343,0.979797959328,1.84942400455,0.726829409599,1.12259459496
1.23759710789,0.979797959328,1.87091076374,0.756996154785,1.11391460896
1.26933038235,0.979797959328,1.89051353931,0.78108048439,1.10943305492
1.30106365681,0.979797959328,1.90821278095,0.800670802593,1.10754203796
1.33279693127,0.979797959328,1.92399060726,0.8170093894,1.10698127747
1.36453020573,0.979797959328,1.9378310442,0.830921947956,1.10690903664
1.39626336098,0.979797959328,1.94972038269,0.842974722385,1.10674571991
1.42799663544,0.979797959328,1.95964646339,0.853564441204,1.10608196259
1.4597299099,0.979797959328,1.96759927273,0.86296236515,1.10463690758
1.49146318436,0.979797959328,1.97357106209,0.871339857578,1.10223126411
1.52319645882,0.979797959328,1.97755551338,0.878787875175,1.09876763821
1.55492973328,0.979797959328,1.9795486927,0.885331809521,1.09421682358
1.58666300774,0.979797959328,1.9795486927,0.890939712524,1.08860898018
1.6183962822,0.979797959328,1.97755551338,0.895531356335,1.08202409744
1.65012955666,0.979797959328,1.97357106209,0.89898455143,1.07458651066
1.68186283112,0.979797959328,1.96759927273,0.901140749454,1.06645846367
1.71359610558,0.979797959328,1.95964646339,0.901815533638,1.05783092976
1.74532938004,0.979797959328,1.94972038269,0.900811553001,1.04890882969
1.77706253529,0.979797959328,1.9378310442,0.897949516773,1.03988146782
1.80879580975,0.979797959328,1.92399060726,0.893122851849,1.03086781502
1.84052908421,0.979797959328,1.90821278095,0.886406064034,1.02180671692
1.87226235867,0.979797959328,1.89051353931,0.878236949444,1.01227664948
1.90399563313,0.979797959328,1.87091064453,0.869641065598,1.00126957893
1.93572890759,0.979797959328,1.84942400455,0.862214028835,0.987209975719
1.96746218204,0.979797959328,1.82607507706,0.856815218925,0.969259858131
1.9991953373,0.979797959328,1.80088746548,0.847197592258,0.953689873219
2.03092861176,0.979797959328,1.7738866806,0.805988848209,0.967897832394
2.06266188622,0.979797959328,1.74509954453,0.699990391731,1.04510915279
2.09439516068,0.979797959328,1.71455526352,0.514858961105,1.19969630241
2.12612843513,0.979797959328,1.68228459358,0.297122806311,1.38516175747
2.15786170959,0.979797959328,1.64831995964,0.132319673896,1.51600027084
2.18959498405,0.979797959328,1.61269569397,0.0459250211716,1.5667706728
2.22132825851,0.979797959328,1.57544755936,0.0134694166481,1.56197810173
2.25306153297,0.979797959328,1.53661298752,0.00436639646068,1.53224658966
2.28479480743,0.979797959328,1.49623119831,0.000245030038059,1.49598622322
2.31652784348,0.979797959328,1.45434331894,-0.00385151593946,1.45819485188
2.34826135635,0.979797959328,1.41099023819,-0.00793302524835,1.41892325878
2.3799943924,0.979797959328,1.36621701717,-0.0115156080574,1.37773263454
2.41172790527,0.979797959328,1.32006764412,-0.0143919996917,1.33445966244
2.44346094131,0.979797959328,1.27258968353,-0.0165458023548,1.28913545609
2.47519421577,0.979797959328,1.22382986546,-0.0180438607931,1.24187374115
2.50692749023,0.979797959328,1.17383790016,-0.0189814548939,1.19281935692
2.53866076469,0.979797959328,1.12266385555,-0.019458912313,1.14212274551
2.57039403915,0.979797959328,1.07035946846,-0.0195705313236,1.08993005753
2.60212731361,0.979797959328,1.01697742939,-0.0193994566798,1.03637683392
2.63386058807,0.979797959328,0.962571144104,-0.0190163776278,0.981587529182
2.66559386253,0.979797959328,0.907195746899,-0.0184797495604,0.92567551136
2.69732713699,0.979797959328,0.850906908512,-0.0178364962339,0.868743419647
2.72906041145,0.979797959328,0.793761253357,-0.0171237029135,0.810884952545
2.76079368591,0.979797959328,0.735816299915,-0.016369940713,0.752186238766
2.79252696037,0.979797959328,0.677130520344,-0.0155971869826,0.692727684975
2.82426023483,0.979797959328,0.617762863636,-0.0148215387017,0.632584393024
2.85599327087,0.979797959328,0.557773649693,-0.0140548534691,0.571828484535
2.88772678375,0.979797959328,0.497221857309,-0.0133058745414,0.510527729988
2.91945981979,0.979797959328,0.436170399189,-0.0125800836831,0.448750495911
2.95119309425,0.979797959328,0.374679237604,-0.0118815600872,0.386560797691
2.98292636871,0.979797959328,0.31281080842,-0.0112123545259,0.324023157358
3.01465964317,0.979797959328,0.250627428293,-0.0105740893632,0.261201530695
3.04639291763,0.979797959328,0.1881916821,-0.00996690802276,0.198158591986
3.07812619209,0.979797959328,0.12556643784,-0.00939080677927,0.134957239032
3.10985946655,0.979797959328,0.0628147572279,-0.00884518679231,0.0716599449515
3.14159274101,0.979797959328,-1.73079428123e-07,-0.00832920894027,0.00832903571427
0,0.989898979664,0,-0.0049032852985,0.0049032852985
0.0317332595587,0.989898979664,0.0631353780627,-0.00492924172431,0.068064622581
0.0634665191174,0.989898979664,0.126207202673,-0.00493209064007,0.131139293313
0.095199778676,0.989898979664,0.189151912928,-0.00490883830935,0.194060757756
0.126933038235,0.989898979664,0.251906186342,-0.00485608819872,0.256762266159
0.158666297793,0.989898979664,0.314406812191,-0.00477022118866,0.319177031517
0.190399557352,0.989898979664,0.376590847969,-0.0046471725218,0.381238013506
0.222132816911,0.989898979664,0.438395708799,-0.00448281876743,0.442878514528
0.253866076469,0.989898979664,0.499759107828,-0.00427196547389,0.504031062126
0.285599350929,0.989898979664,0.560619354248,-0.0040092128329,0.56462854147
0.317332595587,0.989898979664,0.62091499567,-0.00368820782751,0.62460321188
0.349065840244,0.989898979664,0.680585503578,-0.00330129172653,0.683886766434
0.380799114704,0.989898979664,0.739570736885,-0.0028391412925,0.74240988493
0.412532389164,0.989898979664,0.79781126976,-0.00229075504467,0.800101995468
0.444265633821,0.989898979664,0.855248451233,-0.0016428148374,0.856891274452
0.475998878479,0.989898979664,0.911824464798,-0.000877794343978,0.912702262402
0.507732152939,0.989898979664,0.96748238802,2.47559510171e-05,0.967457652092
0.539465427399,0.989898979664,1.02216613293,0.00109036779031,1.02107572556
0.571198701859,0.989898979664,1.07582056522,0.00234881835058,1.07347178459
0.602931916714,0.989898979664,1.12839186192,0.00383411208168,1.12455773354
0.634665191174,0.989898979664,1.17982697487,0.00558142596856,1.17424559593
0.666398465633,0.989898979664,1.23007392883,0.00762226292863,1.22245168686
0.698131680489,0.989898979664,1.27908229828,0.00997496955097,1.26910734177
0.729864954948,0.989898979664,1.32680284977,0.0126316491514,1.31417119503
0.761598229408,0.989898979664,1.37318754196,0.0155465193093,1.35764098167
0.793331503868,0.989898979664,1.41818940639,0.0186358913779,1.39955353737
0.825064778328,0.989898979664,1.46176326275,0.0217948332429,1.43996846676
0.856797993183,0.989898979664,1.503865242,0.0248577557504,1.47900748253
0.888531267643,0.989898979664,1.54445302486,0.0273339264095,1.51711905003
0.920264542103,0.989898979664,1.58348560333,0.0292162708938,1.55426931381
0.951997756958,0.989898979664,1.62092375755,0.0436496473849,1.57727408409
0.983731031418,0.989898979664,1.65672981739,0.117630280554,1.53909957409
1.01546430588,0.989898979664,1.69086766243,0.266653120518,1.42421460152
1.04719758034,0.989898979664,1.7233029604,0.473571836948,1.24973106384
1.0789308548,0.989898979664,1.75400316715,0.671326577663,1.08267664909
1.11066412926,0.989898979664,1.78293716908,0.782480955124,1.00045621395
1.14239740372,0.989898979664,1.81007575989,0.825808644295,0.984267115593
1.17413055897,0.989898979664,1.83539175987,0.843133807182,0.99225795269
1.20586383343,0.989898979664,1.85885977745,0.858036279678,1.00082349777
1.23759710789,0.989898979664,1.88045608997,0.871218383312,1.00923776627
1.26933038235,0.989898979664,1.90015888214,0.882506549358,1.01765227318
1.30106365681,0.989898979664,1.91794848442,0.892085433006,1.02586305141
1.33279693127,0.989898979664,1.93380689621,0.900236129761,1.03357076645
1.36453020573,0.989898979664,1.94771790504,0.907253205776,1.04046463966
1.39626336098,0.989898979664,1.95966780186,0.913395643234,1.04627215862
1.42799663544,0.989898979664,1.96964454651,0.91886651516,1.05077803135
1.4597299099,0.989898979664,1.97763800621,0.923808157444,1.05382990837
1.49146318436,0.989898979664,1.98364031315,0.928307652473,1.05533266068
1.52319645882,0.989898979664,1.98764503002,0.932404100895,1.05524086952
1.55492973328,0.989898979664,1.98964846134,0.936095952988,1.05355250835
1.58666300774,0.989898979664,1.98964846134,0.939347684383,1.05030083656
1.6183962822,0.989898979664,1.98764503002,0.942093610764,1.04555141926
1.65012955666,0.989898979664,1.98364031315,0.944245815277,1.03939449787
1.68186283112,0.989898979664,1.97763800621,0.94569683075,1.03194117546
1.71359610558,0.989898979664,1.96964454651,0.946330070496,1.02331447601
1.74532938004,0.989898979664,1.95966780186,0.946034431458,1.0136333704
1.77706253529,0.989898979664,1.94771790504,0.944726467133,1.00299143791
1.80879580975,0.989898979664,1.93380689621,0.942397415638,0.991409480572
1.84052908421,0.989898979664,1.91794848442,0.939196646214,0.978751838207
1.87226235867,0.989898979664,1.90015888214,0.935581743717,0.964577138424
1.90399563313,0.989898979664,1.88045597076,0.932563662529,0.947892308235
1.93572890759,0.989898979664,1.85885977745,0.931948781013,0.926910996437
1.96746218204,0.989898979664,1.83539175987,0.935774981976,0.899616777897
1.9991953373,0.989898979664,1.81007564068,0.940666079521,0.869409561157
2.03092861176,0.989898979664,1.78293704987,0.917448580265,0.865488469601
2.06266188622,0.989898979664,1.75400304794,0.812610566616,0.941392481327
2.09439516068,0.989898979664,1.7233029604,0.598865270615,1.12443768978
2.12612843513,0.989898979664,1.69086754322,0.313267141581,1.37760043144
2.15786170959,0.989898979664,1.65672969818,0.0915376991034,1.56519198418
2.18959498405,0.989898979664,1.62092375755,0.00419966923073,1.61672413349
2.22132825851,0.989898979664,1.58348548412,-0.00657733017579,1.59006285667
2.25306153297,0.989898979664,1.54445278645,-0.000999169424176,1.54545199871
2.28479480743,0.989898979664,1.50386500359,0.00187991699204,1.50198507309
2.31652784348,0.989898979664,1.46176338196,0.00126254651695,1.46050083637
2.34826135635,0.989898979664,1.41818916798,-0.00092468643561,1.41911387444
2.3799943924,0.989898979664,1.37318754196,-0.00344092189334,1.3766285181
2.41172790527,0.989898979664,1.32680261135,-0.00571339018643,1.33251595497
2.44346094131,0.989898979664,1.27908241749,-0.00752750504762,1.28660988808
2.47519421577,0.989898979664,1.23007392883,-0.00884059537202,1.23891448975
2.50692749023,0.989898979664,1.17982685566,-0.00968921370804,1.1895160675
2.53866076469,0.989898979664,1.12839174271,-0.0101417209953,1.13853347301
2.57039403915,0.989898979664,1.07582044601,-0.0102739110589,1.08609437943
2.60212731361,0.989898979664,1.02216601372,-0.0101583302021,1.03232431412
2.63386058807,0.989898979664,0.967482209206,-0.00985790789127,0.977340102196
2.66559386253,0.989898979664,0.911824285984,-0.00942557677627,0.921249866486
2.69732713699,0.989898979664,0.855248272419,-0.00890302658081,0.864151299
2.72906041145,0.989898979664,0.797811031342,-0.00832358002663,0.806134581566
2.76079368591,0.989898979664,0.739570438862,-0.00771187059581,0.747282326221
2.79252696037,0.989898979664,0.68058526516,-0.00708641856909,0.687671661377
2.82426023483,0.989898979664,0.620914697647,-0.00646066199988,0.627375364304
2.85599327087,0.989898979664,0.560619413853,-0.0058440878056,0.566463530064
2.88772678375,0.989898979664,0.499758690596,-0.00524271233007,0.505001425743
2.91945981979,0.989898979664,0.438395738602,-0.00466122338548,0.443056970835
2.95119309425,0.989898979664,0.376590847969,-0.00410177651793,0.380692631006
2.98292636871,0.989898979664,0.314406782389,-0.00356594636105,0.317972719669
3.01465964317,0.989898979664,0.251906126738,-0.00305392104201,0.25496006012
3.04639291763,0.989898979664,0.189151838422,-0.00256608310156,0.191717922688
3.07812619209,0.989898979664,0.126207083464,-0.00210160855204,0.128308698535
3.10985946655,0.989898979664,0.0631352365017,-0.00166031345725,0.0647955536842
3.14159274101,0.989898979664,-1.73962490635e-07,-0.00124094216153,0.00124076823704
0,1,0,2.082856372e-05,2.082856372e-05
0.0317332595587,1,0.0634558647871,-0.000138817355037,0.0635946840048
0.0634665191174,1,0.126847848296,-0.000300113577396,0.127147957683
0.095199778676,1,0.19011208415,-0.000462149269879,0.190574228764
0.126933038235,1,0.253184914589,-0.00062388041988,0.253808796406
0.158666297793,1,0.31600278616,-0.000784472096711,0.316787272692
0.190399557352,1,0.378502488136,-0.00094286724925,0.37944534421
0.222132816911,1,0.440621078014,-0.00109817320481,0.441719263792
0.253866076469,1,0.502295970917,-0.00124932033941,0.503545284271
0.285599350929,1,0.563465178013,-0.00139530003071,0.564860463142
0.317332595587,1,0.624066889286,-0.00153449596837,0.625601410866
0.349065840244,1,0.684040248394,-0.00166598008946,0.68570625782
0.380799114704,1,0.743324935436,-0.00178789021447,0.745112836361
0.412532389164,1,0.801861107349,-0.00189811643213,0.803759217262
0.444265633821,1,0.85958981514,-0.00199364684522,0.861583471298
0.475998878479,1,0.916453063488,-0.00206978013739,0.918522834778
0.507732152939,1,0.972393512726,-0.00212002219632,0.974513530731
0.539465427399,1,1.02735483646,-0.00213398924097,1.02948880196
0.571198701859,1,1.08128166199,-0.00209603784606,1.08337771893
0.602931916714,1,1.13411974907,-0.00198283838108,1.13610255718
0.634665191174,1,1.18581593037,-0.00175938522443,1.18757534027
0.666398465633,1,1.23631799221,-0.00137689337134,1.2376948595
0.698131680489,1,1.28557515144,-0.000771675724536,1.28634679317
0.729864954948,1,1.33353793621,0.000125197228044,1.33341276646
0.761598229408,1,1.38015806675,0.0013444442302,1.37881362438
0.793331503868,1,1.42538833618,0.00275305146351,1.42263531685
0.825064778328,1,1.46918344498,0.00373291084543,1.46545052528
0.856797993183,1,1.51149916649,0.00246467674151,1.50903451443
0.888531267643,1,1.552292943,-0.0053508495912,1.55764377117
0.920264542103,1,1.59152364731,-0.0269359461963,1.61845958233
0.951997756958,1,1.62915182114,-0.055712595582,1.68486440182
0.983731031418,1,1.66513967514,0.00975077413023,1.6553889513
1.01546430588,1,1.69945085049,0.28371194005,1.41573894024
1.04719758034,1,1.73205077648,0.691502988338,1.04054784775
1.0789308548,1,1.76290678978,0.982751429081,0.780155360699
1.11066412926,1,1.79198765755,1.04313218594,0.748855471611
1.14239740372,1,1.8192640543,1.01705634594,0.802207708359
1.17413055897,1,1.8447085619,0.997164726257,0.84754383564
1.20586383343,1,1.86829566956,0.990210294724,0.878085374832
1.23759710789,1,1.89000165462,0.989183604717,0.900818049908
1.26933038235,1,1.90980446339,0.990213215351,0.919591248035
1.30106365681,1,1.9276843071,0.991654992104,0.936029314995
1.33279693127,1,1.94362318516,0.992921471596,0.950701713562
1.36453020573,1,1.9576048851,0.993879675865,0.963725209236
1.39626336098,1,1.96961545944,0.994570374489,0.975045084953
1.42799663544,1,1.97964286804,0.995079636574,0.984563231468
1.4597299099,1,1.9876768589,0.995488882065,0.992187976837
1.49146318436,1,1.99370956421,0.995854735374,0.997854828835
1.52319645882,1,1.99773466587,0.996204376221,1.00153028965
1.55492973328,1,1.99974822998,0.996536374092,1.00321185589
1.58666300774,1,1.99974822998,0.996824860573,1.00292336941
1.6183962822,1,1.99773466587,0.997022986412,1.00071167946
1.65012955666,1,1.99370956421,0.997066617012,0.996642947197
1.68186283112,1,1.9876768589,0.996881604195,0.990795254707
1.71359610558,1,1.97964286804,0.996391415596,0.983251452446
1.74532938004,1,1.96961545944,0.9955316782,0.974083781242
1.77706253529,1,1.9576048851,0.994272947311,0.96333193779
1.80879580975,1,1.94362318516,0.992667496204,0.950955688953
1.84052908421,1,1.9276843071,0.990928053856,0.936756253242
1.87226235867,1,1.90980446339,0.989579975605,0.920224487782
1.90399563313,1,1.89000153542,0.989724636078,0.900276899338
1.93572890759,1,1.86829566956,0.993435442448,0.874860227108
1.96746218204,1,1.8447085619,1.00390851498,0.840800046921
1.9991953373,1,1.81926393509,1.0225123167,0.796751618385
2.03092861176,1,1.79198753834,1.0307507515,0.761236786842
2.06266188622,1,1.76290667057,0.960774600506,0.802132070065
2.09439516068,1,1.73205077648,0.722149074078,1.00990176201
2.12612843513,1,1.69945073128,0.324036300182,1.37541437149
2.15786170959,1,1.66513955593,0.0221023745835,1.64303719997
2.18959498405,1,1.62915182114,-0.0465083867311,1.67566025257
2.22132825851,1,1.5915235281,-0.0261318143457,1.61765539646
2.25306153297,1,1.55229270458,-0.00475655030459,1.55704927444
2.28479480743,1,1.51149892807,0.00531824445352,1.50618064404
2.31652784348,1,1.46918356419,0.00831029936671,1.46087324619
2.34826135635,1,1.42538809776,0.00805759057403,1.41733050346
2.3799943924,1,1.38015806675,0.00658627552912,1.3735717535
2.41172790527,1,1.33353769779,0.0048451111652,1.32869255543
2.44346094131,1,1.28557527065,0.00324393482879,1.28233134747
2.47519421577,1,1.23631799221,0.00193258235231,1.23438537121
2.50692749023,1,1.18581581116,0.000938208773732,1.18487763405
2.53866076469,1,1.13411962986,0.000233712606132,1.13388586044
2.57039403915,1,1.08128154278,-0.000226984731853,1.08150851727
2.60212731361,1,1.02735471725,-0.000492963008583,1.02784764767
2.63386058807,1,0.972393333912,-0.000608711503446,0.973002016544
2.66559386253,1,0.916452884674,-0.000611108727753,0.917064011097
2.69732713699,1,0.859589636326,-0.000529426615685,0.860119044781
2.72906041145,1,0.801860868931,-0.000386076979339,0.802246928215
2.76079368591,1,0.743324637413,-0.000197523739189,0.743522167206
2.79252696037,1,0.684040009975,2.42567621171e-05,0.684015750885
2.82426023483,1,0.624066591263,0.000270210206509,0.623796403408
2.85599327087,1,0.563465237617,0.000534531660378,0.562930703163
2.88772678375,1,0.502295553684,0.000812623184174,0.501482903957
2.91945981979,1,0.440621107817,0.001101301983,0.439519792795
2.95119309425,1,0.378502488136,0.00139808608219,0.377104401588
2.98292636871,1,0.316002756357,0.00170117942616,0.314301580191
3.01465964317,1,0.253184854984,0.00200918642804,0.251175671816
3.04639291763,1,0.190112009645,0.0023204437457,0.187791571021
3.07812619209,1,0.126847729087,0.00263415230438,0.124213576317
3.10985946655,1,0.0634557232261,0.00294872233644,0.0605069994926
3.14159274101,1,-1.74845553147e-07,0.0032634739764,0.00326364883222
