x,t,f_true,f_pred,abs_error
0,0,0,-0.31267657876,0.31267657876
0.0317332595587,0,0.0634558647871,-0.30759832263,0.371054172516
0.0634665191174,0,0.126847848296,-0.302453368902,0.429301202297
0.095199778676,0,0.19011208415,-0.297248780727,0.487360864878
0.126933038235,0,0.253184914589,-0.291991978884,0.54517686367
0.158666297793,0,0.31600278616,-0.286690056324,0.602692842484
0.190399557352,0,0.378502488136,-0.281350821257,0.659853339195
0.222132816911,0,0.440621078014,-0.275982290506,0.716603398323
0.253866076469,0,0.502295970917,-0.270592212677,0.772888183594
0.285599350929,0,0.563465178013,-0.265188902617,0.828654050827
0.317332595587,0,0.624066889286,-0.259780883789,0.883847773075
0.349065840244,0,0.684040248394,-0.254376649857,0.938416898251
0.380799114704,0,0.743324935436,-0.24898467958,0.992309629917
0.412532389164,0,0.801861107349,-0.243613630533,1.04547476768
0.444265633821,0,0.85958981514,-0.238272726536,1.09786248207
0.475998878479,0,0.916453063488,-0.232970282435,1.14942336082
0.507732152939,0,0.972393512726,-0.227715432644,1.20010900497
0.539465427399,0,1.02735483646,-0.22251714766,1.24987196922
0.571198701859,0,1.08128166199,-0.217383831739,1.29866552353
0.602931916714,0,1.13411974907,-0.212324634194,1.34644436836
0.634665191174,0,1.18581593037,-0.207347989082,1.39316391945
0.666398465633,0,1.23631799221,-0.202462822199,1.43878078461
0.698131680489,0,1.28557515144,-0.197677195072,1.48325228691
0.729864954948,0,1.33353793621,-0.192999497056,1.52653741837
0.761598229408,0,1.38015806675,-0.188438162208,1.56859624386
0.793331503868,0,1.42538833618,-0.184000983834,1.60938930511
0.825064778328,0,1.46918344498,-0.179695546627,1.64887905121
0.856797993183,0,1.51149916649,-0.175529524684,1.68702864647
0.888531267643,0,1.552292943,-0.171510204673,1.72380316257
0.920264542103,0,1.59152364731,-0.167644292116,1.75916790962
0.951997756958,0,1.62915182114,-0.163938507438,1.79309034348
0.983731031418,0,1.66513967514,-0.160399034619,1.82553875446
1.01546430588,0,1.69945085049,-0.157032504678,1.85648334026
1.04719758034,0,1.73205077648,-0.153844043612,1.88589477539
1.0789308548,0,1.76290678978,-0.150839015841,1.91374576092
1.11066412926,0,1.79198765755,-0.148022666574,1.94001030922
1.14239740372,0,1.8192640543,-0.14539912343,1.96466314793
1.17413055897,0,1.8447085619,-0.142972767353,1.98768138885
1.20586383343,0,1.86829566956,-0.140747457743,2.00904321671
1.23759710789,0,1.89000165462,-0.138726487756,2.02872824669
1.26933038235,0,1.90980446339,-0.136912688613,2.0467171669
1.30106365681,0,1.9276843071,-0.135308921337,2.06299328804
1.33279693127,0,1.94362318516,-0.13391700387,2.07754015923
1.36453020573,0,1.9576048851,-0.132738947868,2.09034395218
1.39626336098,0,1.96961545944,-0.131775677204,2.10139107704
1.42799663544,0,1.97964286804,-0.131028443575,2.11067128181
1.4597299099,0,1.9876768589,-0.130497589707,2.11817455292
1.49146318436,0,1.99370956421,-0.130183190107,2.12389278412
1.52319645882,0,1.99773466587,-0.130085006356,2.12781977654
1.55492973328,0,1.99974822998,-0.130202025175,2.12995028496
1.58666300774,0,1.99974822998,-0.130533382297,2.13028168678
1.6183962822,0,1.99773466587,-0.131077677011,2.12881231308
1.65012955666,0,1.99370956421,-0.131832957268,2.12554264069
1.68186283112,0,1.9876768589,-0.132797047496,2.12047386169
1.71359610558,0,1.97964286804,-0.133967220783,2.11361002922
1.74532938004,0,1.96961545944,-0.135340586305,2.10495615005
1.77706253529,0,1.9576048851,-0.136913999915,2.09451889992
1.80879580975,0,1.94362318516,-0.138684213161,2.08230733871
1.84052908421,0,1.9276843071,-0.140646532178,2.06833076477
1.87226235867,0,1.90980446339,-0.142797425389,2.05260181427
1.90399563313,0,1.89000153542,-0.145132541656,2.03513407707
1.93572890759,0,1.86829566956,-0.147646918893,2.01594257355
1.96746218204,0,1.8447085619,-0.150335624814,1.99504423141
1.9991953373,0,1.81926393509,-0.153193458915,1.97245740891
2.03092861176,0,1.79198753834,-0.156215250492,1.94820284843
2.06266188622,0,1.76290667057,-0.159395128489,1.92230176926
2.09439516068,0,1.73205077648,-0.162727430463,1.89477825165
2.12612843513,0,1.69945073128,-0.166206046939,1.86565673351
2.15786170959,0,1.66513955593,-0.169825285673,1.83496487141
2.18959498405,0,1.62915182114,-0.173578634858,1.80273044109
2.22132825851,0,1.5915235281,-0.177459523082,1.76898300648
2.25306153297,0,1.55229270458,-0.181461811066,1.73375451565
2.28479480743,0,1.51149892807,-0.185578987002,1.69707787037
2.31652784348,0,1.46918356419,-0.189804017544,1.65898752213
2.34826135635,0,1.42538809776,-0.19413074851,1.61951887608
2.3799943924,0,1.38015806675,-0.198552101851,1.5787101984
2.41172790527,0,1.33353769779,-0.203061819077,1.53659951687
2.44346094131,0,1.28557527065,-0.207652762532,1.49322807789
2.47519421577,0,1.23631799221,-0.212318509817,1.44863653183
2.50692749023,0,1.18581581116,-0.217052385211,1.40286815166
2.53866076469,0,1.13411962986,-0.221847683191,1.35596728325
2.57039403915,0,1.08128154278,-0.226697817445,1.30797934532
2.60212731361,0,1.02735471725,-0.231596827507,1.25895154476
2.63386058807,0,0.972393333912,-0.236537829041,1.20893120766
2.66559386253,0,0.916452884674,-0.241514876485,1.15796780586
2.69732713699,0,0.859589636326,-0.246521770954,1.10611140728
2.72906041145,0,0.801860868931,-0.25155249238,1.05341339111
2.76079368591,0,0.743324637413,-0.256601184607,0.999925851822
2.79252696037,0,0.684040009975,-0.261662721634,0.945702731609
2.82426023483,0,0.624066591263,-0.266730636358,0.890797257423
2.85599327087,0,0.563465237617,-0.271800279617,0.835265517235
2.88772678375,0,0.502295553684,-0.276866674423,0.779162228107
2.91945981979,0,0.440621107817,-0.281924277544,0.722545385361
2.95119309425,0,0.378502488136,-0.286968678236,0.665471196175
2.98292636871,0,0.316002756357,-0.291995227337,0.607998013496
3.01465964317,0,0.253184854984,-0.296999573708,0.550184428692
3.04639291763,0,0.190112009645,-0.301977604628,0.492089629173
3.07812619209,0,0.126847729087,-0.306925445795,0.433773159981
3.10985946655,0,0.0634557232261,-0.311839193106,0.375294923782
3.14159274101,0,-1.74845553147e-07,-0.316715627909,0.316715449095
0,0.0101010100916,0,-0.31610584259,0.31610584259
0.0317332595587,0.0101010100916,0.0637763515115,-0.311126440763,0.374902784824
0.0634665191174,0.0101010100916,0.127488493919,-0.306073993444,0.433562487364
0.095199778676,0.0101010100916,0.191072255373,-0.300955414772,0.492027670145
0.126933038235,0.0101010100916,0.254463642836,-0.295778095722,0.550241708755
0.158666297793,0.0101010100916,0.317598760128,-0.290549308062,0.608148097992
0.190399557352,0.0101010100916,0.380414128304,-0.285276204348,0.665690302849
0.222132816911,0.0101010100916,0.442846447229,-0.279967218637,0.722813665867
0.253866076469,0.0101010100916,0.504832863808,-0.274629920721,0.779462814331
0.285599350929,0.0101010100916,0.566311001778,-0.269272655249,0.835583686829
0.317332595587,0.0101010100916,0.627218782902,-0.26390388608,0.891122698784
0.349065840244,0.0101010100916,0.68749499321,-0.258532375097,0.946027398109
0.380799114704,0.0101010100916,0.747079133987,-0.253166347742,1.00024545193
0.412532389164,0.0101010100916,0.805910944939,-0.247815102339,1.05372607708
0.444265633821,0.0101010100916,0.863931179047,-0.242487162352,1.1064183712
0.475998878479,0.0101010100916,0.921081662178,-0.237191915512,1.15827357769
0.507732152939,0.0101010100916,0.977304637432,-0.231937944889,1.20924258232
0.539465427399,0.0101010100916,1.03254354,-0.226734727621,1.25927829742
0.571198701859,0.0101010100916,1.08674275875,-0.22159089148,1.30833363533
0.602931916714,0.0101010100916,1.13984763622,-0.216515615582,1.35636329651
0.634665191174,0.0101010100916,1.19180488586,-0.21151804924,1.4033229351
0.666398465633,0.0101010100916,1.24256205559,-0.206606477499,1.44916856289
0.698131680489,0.0101010100916,1.29206800461,-0.201790109277,1.49385809898
0.729864954948,0.0101010100916,1.34027302265,-0.197077587247,1.5373506546
0.761598229408,0.0101010100916,1.38712859154,-0.192477121949,1.57960569859
0.793331503868,0.0101010100916,1.43258726597,-0.187996774912,1.62058401108
0.825064778328,0.0101010100916,1.4766036272,-0.1836450845,1.66024875641
0.856797993183,0.0101010100916,1.51913309097,-0.179429247975,1.69856238365
0.888531267643,0.0101010100916,1.56013286114,-0.175357595086,1.73549044132
0.920264542103,0.0101010100916,1.59956169128,-0.171436861157,1.77099859715
0.951997756958,0.0101010100916,1.63737988472,-0.167674064636,1.80505394936
0.983731031418,0.0101010100916,1.67354953289,-0.16407585144,1.83762538433
1.01546430588,0.0101010100916,1.70803403854,-0.160648956895,1.86868298054
1.04719758034,0.0101010100916,1.74079859257,-0.15739890933,1.8981975317
1.0789308548,0.0101010100916,1.77181041241,-0.154331535101,1.92614197731
1.11066412926,0.0101010100916,1.80103814602,-0.15145175159,1.95248985291
1.14239740372,0.0101010100916,1.82845234871,-0.148765042424,1.97721743584
1.17413055897,0.0101010100916,1.85402536392,-0.1462752074,2.00030064583
1.20586383343,0.0101010100916,1.87773156166,-0.143986791372,2.02171826363
1.23759710789,0.0101010100916,1.89954721928,-0.141902759671,2.04145002365
1.26933038235,0.0101010100916,1.91945004463,-0.1400270015,2.05947709084
1.30106365681,0.0101010100916,1.93742012978,-0.138361945748,2.07578206062
1.33279693127,0.0101010100916,1.95343947411,-0.136909857392,2.09034943581
1.36453020573,0.0101010100916,1.96749186516,-0.135672539473,2.10316443443
1.39626336098,0.0101010100916,1.97956311703,-0.134651720524,2.11421489716
1.42799663544,0.0101010100916,1.98964118958,-0.133848726749,2.12348985672
1.4597299099,0.0101010100916,1.99771571159,-0.133263587952,2.13097929955
1.49146318436,0.0101010100916,2.00377893448,-0.132896766067,2.13667559624
1.52319645882,0.0101010100916,2.00782442093,-0.132747724652,2.14057207108
1.55492973328,0.0101010100916,2.00984811783,-0.13281622529,2.14266443253
1.58666300774,0.0101010100916,2.00984811783,-0.133100882173,2.14294910431
1.6183962822,0.0101010100916,2.00782442093,-0.133600190282,2.14142465591
1.65012955666,0.0101010100916,2.00377893448,-0.13431276381,2.1380918026
1.68186283112,0.0101010100916,1.99771571159,-0.135236039758,2.13295173645
1.71359610558,0.0101010100916,1.98964118958,-0.136367425323,2.12600851059
1.74532938004,0.0101010100916,1.97956311703,-0.137703984976,2.11726713181
1.77706253529,0.0101010100916,1.96749186516,-0.139242395759,2.10673427582
1.80879580975,0.0101010100916,1.95343947411,-0.1409791857,2.09441876411
1.84052908421,0.0101010100916,1.93742012978,-0.142910152674,2.08033037186
1.87226235867,0.0101010100916,1.91945004463,-0.145031154156,2.06448125839
1.90399563313,0.0101010100916,1.89954710007,-0.147337973118,2.04688501358
1.93572890759,0.0101010100916,1.87773156166,-0.149825379252,2.02755689621
1.96746218204,0.0101010100916,1.85402536392,-0.152488455176,2.006513834
1.9991953373,0.0101010100916,1.8284522295,-0.155321761966,1.98377394676
2.03092861176,0.0101010100916,1.80103802681,-0.158320188522,1.95935821533
2.06266188622,0.0101010100916,1.7718102932,-0.161477640271,1.93328797817
2.09439516068,0.0101010100916,1.74079859257,-0.164788275957,1.90558683872
2.12612843513,0.0101010100916,1.70803391933,-0.168245777488,1.87627971172
2.15786170959,0.0101010100916,1.67354941368,-0.171844303608,1.84539365768
2.18959498405,0.0101010100916,1.63737988472,-0.17557746172,1.81295728683
2.22132825851,0.0101010100916,1.59956157207,-0.179438397288,1.77899992466
2.25306153297,0.0101010100916,1.56013262272,-0.183421060443,1.74355363846
2.28479480743,0.0101010100916,1.51913285255,-0.187518075109,1.70665097237
2.31652784348,0.0101010100916,1.47660374641,-0.191723272204,1.66832697392
2.34826135635,0.0101010100916,1.43258702755,-0.196029499173,1.62861657143
2.3799943924,0.0101010100916,1.38712859154,-0.200430199504,1.58755874634
2.41172790527,0.0101010100916,1.34027278423,-0.20491835475,1.54519116879
2.44346094131,0.0101010100916,1.29206812382,-0.209487527609,1.50155568123
2.47519421577,0.0101010100916,1.24256205559,-0.214130461216,1.4566924572
2.50692749023,0.0101010100916,1.19180476665,-0.218840673566,1.41064548492
2.53866076469,0.0101010100916,1.13984751701,-0.223611533642,1.36345911026
2.57039403915,0.0101010100916,1.08674263954,-0.228436395526,1.31517899036
2.60212731361,0.0101010100916,1.03254342079,-0.233308717608,1.2658520937
2.63386058807,0.0101010100916,0.977304458618,-0.238222226501,1.21552670002
2.66559386253,0.0101010100916,0.921081483364,-0.243170499802,1.16425204277
2.69732713699,0.0101010100916,0.863931000233,-0.248147115111,1.11207807064
2.72906041145,0.0101010100916,0.80591070652,-0.253146916628,1.05905759335
2.76079368591,0.0101010100916,0.747078835964,-0.258163243532,1.0052421093
2.79252696037,0.0101010100916,0.687494754791,-0.263190746307,0.950685501099
2.82426023483,0.0101010100916,0.627218484879,-0.268223971128,0.895442485809
2.85599327087,0.0101010100916,0.566311061382,-0.27325746417,0.83956849575
2.88772678375,0.0101010100916,0.504832446575,-0.278286188841,0.783118605614
2.91945981979,0.0101010100916,0.442846477032,-0.283305168152,0.726151645184
2.95119309425,0.0101010100916,0.380414128304,-0.28830948472,0.668723583221
2.98292636871,0.0101010100916,0.317598730326,-0.29329508543,0.610893845558
3.01465964317,0.0101010100916,0.254463583231,-0.298257023096,0.552720606327
3.04639291763,0.0101010100916,0.191072180867,-0.303191661835,0.494263827801
3.07812619209,0.0101010100916,0.12748837471,-0.308095067739,0.43558344245
3.10985946655,0.0101010100916,0.0637762099504,-0.312963455915,0.376739680767
3.14159274101,0.0101010100916,-1.75728615659e-07,-0.317793339491,0.317793160677
0,0.0202020201832,0,-0.319366365671,0.319366365671
0.0317332595587,0.0202020201832,0.0640968307853,-0.314493477345,0.37859031558
0.0634665191174,0.0202020201832,0.128129139543,-0.309541612864,0.437670767307
0.095199778676,0.0202020201832,0.192032396793,-0.304517656565,0.496550053358
0.126933038235,0.0202020201832,0.255742311478,-0.299428164959,0.555170476437
0.158666297793,0.0202020201832,0.319194704294,-0.29428049922,0.613475203514
0.190399557352,0.0202020201832,0.382325738668,-0.289082199335,0.671407938004
0.222132816911,0.0202020201832,0.445071786642,-0.283840924501,0.728912711143
0.253866076469,0.0202020201832,0.507369637489,-0.278564780951,0.785934448242
0.285599350929,0.0202020201832,0.569156706333,-0.273261874914,0.842418551445
0.317332595587,0.0202020201832,0.630370557308,-0.267940670252,0.898311257362
0.349065840244,0.0202020201832,0.690949738026,-0.262609839439,0.953559577465
0.380799114704,0.0202020201832,0.750833213329,-0.25727802515,1.00811123848
0.412532389164,0.0202020201832,0.809960663319,-0.251953989267,1.06191468239
0.444265633821,0.0202020201832,0.868272483349,-0.246647208929,1.11491966248
0.475998878479,0.0202020201832,0.925710141659,-0.241366326809,1.16707646847
0.507732152939,0.0202020201832,0.982215642929,-0.236120730639,1.21833634377
0.539465427399,0.0202020201832,1.03773212433,-0.230919614434,1.26865172386
0.571198701859,0.0202020201832,1.0922036171,-0.225772172213,1.31797575951
0.602931916714,0.0202020201832,1.14557540417,-0.220687508583,1.36626291275
0.634665191174,0.0202020201832,1.19779384136,-0.215674981475,1.41346883774
0.666398465633,0.0202020201832,1.24880599976,-0.210743576288,1.45954954624
0.698131680489,0.0202020201832,1.29856073856,-0.20590223372,1.50446295738
0.729864954948,0.0202020201832,1.34700798988,-0.201159924269,1.54816794395
0.761598229408,0.0202020201832,1.39409899712,-0.196525484324,1.59062445164
0.793331503868,0.0202020201832,1.43978607655,-0.192007213831,1.63179326057
0.825064778328,0.0202020201832,1.48402357101,-0.187613606453,1.67163717747
0.856797993183,0.0202020201832,1.52676677704,-0.183352723718,1.71011948586
0.888531267643,0.0202020201832,1.56797254086,-0.17923271656,1.74720525742
0.920264542103,0.0202020201832,1.60759961605,-0.175260737538,1.78286039829
0.951997756958,0.0202020201832,1.64560782909,-0.171444401145,1.81705224514
0.983731031418,0.0202020201832,1.68195915222,-0.167790651321,1.84974980354
1.01546430588,0.0202020201832,1.71661698818,-0.164306074381,1.88092303276
1.04719758034,0.0202020201832,1.74954617023,-0.160997077823,1.91054320335
1.0789308548,0.0202020201832,1.78071379662,-0.157869413495,1.93858325481
1.11066412926,0.0202020201832,1.81008839607,-0.154928743839,1.96501708031
1.14239740372,0.0202020201832,1.8376404047,-0.152180194855,1.98982059956
1.17413055897,0.0202020201832,1.86334192753,-0.149628534913,2.01297044754
1.20586383343,0.0202020201832,1.88716721535,-0.147277936339,2.03444504738
1.23759710789,0.0202020201832,1.90909254551,-0.145132318139,2.05422496796
1.26933038235,0.0202020201832,1.92909526825,-0.143195256591,2.07229042053
1.30106365681,0.0202020201832,1.94715571404,-0.1414693892,2.08862519264
1.33279693127,0.0202020201832,1.96325564384,-0.139957651496,2.10321331024
1.36453020573,0.0202020201832,1.9773786068,-0.138661950827,2.11604046822
1.39626336098,0.0202020201832,1.98951041698,-0.137583836913,2.1270942688
1.42799663544,0.0202020201832,1.99963915348,-0.136724457145,2.13636350632
1.4597299099,0.0202020201832,2.00775432587,-0.13608494401,2.14383935928
1.49146318436,0.0202020201832,2.01384782791,-0.135665073991,2.14951300621
1.52319645882,0.0202020201832,2.01791381836,-0.135464936495,2.15337872505
1.55492973328,0.0202020201832,2.01994752884,-0.13548399508,2.15543150902
1.58666300774,0.0202020201832,2.01994752884,-0.135721191764,2.1556687355
1.6183962822,0.0202020201832,2.01791381836,-0.136174887419,2.15408873558
1.65012955666,0.0202020201832,2.01384782791,-0.136843800545,2.15069150925
1.68186283112,0.0202020201832,2.00775432587,-0.137725040317,2.14547944069
1.71359610558,0.0202020201832,1.99963915348,-0.13881637156,2.13845562935
1.74532938004,0.0202020201832,1.98951041698,-0.14011476934,2.12962508202
1.77706253529,0.0202020201832,1.9773786068,-0.141616761684,2.11899542809
1.80879580975,0.0202020201832,1.96325564384,-0.143318936229,2.10657453537
1.84052908421,0.0202020201832,1.94715571404,-0.145216971636,2.09237265587
1.87226235867,0.0202020201832,1.92909526825,-0.147306501865,2.07640171051
1.90399563313,0.0202020201832,1.9090924263,-0.149583175778,2.05867552757
1.93572890759,0.0202020201832,1.88716721535,-0.152041822672,2.03920912743
1.96746218204,0.0202020201832,1.86334192753,-0.154677376151,2.01801919937
1.9991953373,0.0202020201832,1.83764028549,-0.157484486699,1.99512481689
2.03092861176,0.0202020201832,1.81008827686,-0.160457536578,1.97054576874
2.06266188622,0.0202020201832,1.78071367741,-0.163590505719,1.94430422783
2.09439516068,0.0202020201832,1.74954617023,-0.166877359152,1.91642355919
2.12612843513,0.0202020201832,1.71661686897,-0.170311838388,1.88692867756
2.15786170959,0.0202020201832,1.68195903301,-0.17388767004,1.85584664345
2.18959498405,0.0202020201832,1.64560782909,-0.177598342299,1.82320618629
2.22132825851,0.0202020201832,1.60759949684,-0.18143697083,1.78903651237
2.25306153297,0.0202020201832,1.56797230244,-0.185397192836,1.75336945057
2.28479480743,0.0202020201832,1.52676653862,-0.189471960068,1.71623849869
2.31652784348,0.0202020201832,1.48402369022,-0.1936545223,1.67767822742
2.34826135635,0.0202020201832,1.43978583813,-0.197938084602,1.63772392273
2.3799943924,0.0202020201832,1.39409899712,-0.202315121889,1.5964140892
2.41172790527,0.0202020201832,1.34700775146,-0.206779628992,1.55378735065
2.44346094131,0.0202020201832,1.29856085777,-0.211324006319,1.50988483429
2.47519421577,0.0202020201832,1.24880599976,-0.215941771865,1.46474778652
2.50692749023,0.0202020201832,1.19779372215,-0.220625892282,1.41841959953
2.53866076469,0.0202020201832,1.14557528496,-0.225369572639,1.3709448576
2.57039403915,0.0202020201832,1.09220349789,-0.23016628623,1.32236981392
2.60212731361,0.0202020201832,1.03773200512,-0.235009521246,1.27274155617
2.63386058807,0.0202020201832,0.982215464115,-0.239892691374,1.22210812569
2.66559386253,0.0202020201832,0.925709962845,-0.244809553027,1.17051947117
2.69732713699,0.0202020201832,0.868272304535,-0.249753803015,1.11802613735
2.72906041145,0.0202020201832,0.8099604249,-0.25471970439,1.06468009949
2.76079368591,0.0202020201832,0.750832915306,-0.259700864553,1.01053380966
2.79252696037,0.0202020201832,0.690949499607,-0.264692246914,0.955641746521
2.82426023483,0.0202020201832,0.630370259285,-0.269687891006,0.900058150291
2.85599327087,0.0202020201832,0.569156765938,-0.274682641029,0.843839406967
2.88772678375,0.0202020201832,0.507369220257,-0.279671370983,0.78704059124
2.91945981979,0.0202020201832,0.445071816444,-0.284649014473,0.729720830917
2.95119309425,0.0202020201832,0.382325738668,-0.289611071348,0.671936810017
2.98292636871,0.0202020201832,0.319194674492,-0.294553130865,0.613747835159
3.01465964317,0.0202020201832,0.255742251873,-0.299470722675,0.555212974548
3.04639291763,0.0202020201832,0.192032322288,-0.304359704256,0.496392011642
3.07812619209,0.0202020201832,0.128129020333,-0.309216380119,0.437345385551
3.10985946655,0.0202020201832,0.0640966892242,-0.314037144184,0.378133833408
3.14159274101,0.0202020201832,-1.7661166396e-07,-0.318818420172,0.318818241358
0,0.0303030312061,0,-0.322446793318,0.322446793318
0.0317332595587,0.0303030312061,0.0644173175097,-0.317688763142,0.38210606575
0.0634665191174,0.0303030312061,0.128769785166,-0.312845885754,0.441615670919
0.095199778676,0.0303030312061,0.192992568016,-0.307924449444,0.50091701746
0.126933038235,0.0303030312061,0.257021039724,-0.30293110013,0.559952139854
0.158666297793,0.0303030312061,0.320790708065,-0.297873020172,0.618663728237
0.190399557352,0.0303030312061,0.384237378836,-0.292757719755,0.676995098591
0.222132816911,0.0303030312061,0.447297155857,-0.287592887878,0.734890043736
0.253866076469,0.0303030312061,0.50990653038,-0.282386124134,0.792292654514
0.285599350929,0.0303030312061,0.572002530098,-0.277146071196,0.849148631096
0.317332595587,0.0303030312061,0.633522450924,-0.271880835295,0.905403256416
0.349065840244,0.0303030312061,0.694404482841,-0.26659911871,0.961003601551
0.380799114704,0.0303030312061,0.75458741188,-0.261309564114,1.0158970356
0.412532389164,0.0303030312061,0.814010500908,-0.256021112204,1.07003164291
0.444265633821,0.0303030312061,0.87261390686,-0.250743150711,1.12335705757
0.475998878479,0.0303030312061,0.930338680744,-0.245484694839,1.17582333088
0.507732152939,0.0303030312061,0.987126708031,-0.240254849195,1.22738158703
0.539465427399,0.0303030312061,1.04292082787,-0.235063239932,1.27798402309
0.571198701859,0.0303030312061,1.09766471386,-0.229919329286,1.32758402824
0.602931916714,0.0303030312061,1.15130341053,-0.224832132459,1.37613558769
0.634665191174,0.0303030312061,1.20378279686,-0.219811499119,1.42359423637
0.666398465633,0.0303030312061,1.25505006313,-0.214866533875,1.46991658211
0.698131680489,0.0303030312061,1.30505359173,-0.210006266832,1.51505982876
0.729864954948,0.0303030312061,1.35374307632,-0.205240353942,1.55898344517
0.761598229408,0.0303030312061,1.4010695219,-0.200577318668,1.60164690018
0.793331503868,0.0303030312061,1.44698512554,-0.196026429534,1.64301156998
0.825064778328,0.0303030312061,1.49144375324,-0.191595867276,1.68303966522
0.856797993183,0.0303030312061,1.53440070152,-0.187294527888,1.72169518471
0.888531267643,0.0303030312061,1.57581245899,-0.183130428195,1.75894284248
0.920264542103,0.0303030312061,1.61563766003,-0.179111346602,1.79474902153
0.951997756958,0.0303030312061,1.65383589268,-0.17524535954,1.82908129692
0.983731031418,0.0303030312061,1.69036900997,-0.171539276838,1.86190831661
1.01546430588,0.0303030312061,1.72520005703,-0.168000236154,1.89320027828
1.04719758034,0.0303030312061,1.75829398632,-0.164634913206,1.92292892933
1.0789308548,0.0303030312061,1.78961741924,-0.161449670792,1.95106709003
1.11066412926,0.0303030312061,1.81913900375,-0.158450305462,1.97758936882
1.14239740372,0.0303030312061,1.8468285799,-0.155642032623,2.00247049332
1.17413055897,0.0303030312061,1.87265861034,-0.15303017199,2.02568888664
1.20586383343,0.0303030312061,1.89660310745,-0.150619149208,2.04722213745
1.23759710789,0.0303030312061,1.91863799095,-0.148413211107,2.06705117226
1.26933038235,0.0303030312061,1.93874084949,-0.146415710449,2.08515644073
1.30106365681,0.0303030312061,1.95689165592,-0.144630119205,2.10152173042
1.33279693127,0.0303030312061,1.973072052,-0.143059194088,2.11613130569
1.36453020573,0.0303030312061,1.98726558685,-0.141705170274,2.12897086143
1.39626336098,0.0303030312061,1.99945807457,-0.140569895506,2.14002799988
1.42799663544,0.0303030312061,2.0096373558,-0.139654561877,2.14929199219
1.4597299099,0.0303030312061,2.01779317856,-0.138960406184,2.15675354004
1.49146318436,0.0303030312061,2.02391719818,-0.138487353921,2.1624045372
1.52319645882,0.0303030312061,2.02800345421,-0.138235747814,2.16623926163
1.55492973328,0.0303030312061,2.03004741669,-0.138204857707,2.16825222969
1.58666300774,0.0303030312061,2.03004741669,-0.138393744826,2.16844105721
1.6183962822,0.0303030312061,2.02800345421,-0.138801023364,2.16680455208
1.65012955666,0.0303030312061,2.02391719818,-0.139424830675,2.16334199905
1.68186283112,0.0303030312061,2.01779317856,-0.140263438225,2.15805673599
1.71359610558,0.0303030312061,2.0096373558,-0.141313508153,2.15095090866
1.74532938004,0.0303030312061,1.99945807457,-0.142572388053,2.14203047752
1.77706253529,0.0303030312061,1.98726558685,-0.144036665559,2.13130235672
1.80879580975,0.0303030312061,1.973072052,-0.145702362061,2.11877441406
1.84052908421,0.0303030312061,1.95689165592,-0.147566005588,2.10445761681
1.87226235867,0.0303030312061,1.93874084949,-0.149622514844,2.08836340904
1.90399563313,0.0303030312061,1.91863787174,-0.151867344975,2.07050514221
1.93572890759,0.0303030312061,1.89660310745,-0.154295489192,2.05089855194
1.96746218204,0.0303030312061,1.87265861034,-0.156901836395,2.02956056595
1.9991953373,0.0303030312061,1.84682846069,-0.159680664539,2.00650906563
2.03092861176,0.0303030312061,1.81913888454,-0.162626206875,1.98176503181
2.06266188622,0.0303030312061,1.78961730003,-0.16573241353,1.95534968376
2.09439516068,0.0303030312061,1.75829398632,-0.168993413448,1.92728734016
2.12612843513,0.0303030312061,1.72519993782,-0.172402471304,1.89760243893
2.15786170959,0.0303030312061,1.69036889076,-0.175953388214,1.86632227898
2.18959498405,0.0303030312061,1.65383589268,-0.179639130831,1.83347499371
2.22132825851,0.0303030312061,1.61563754082,-0.183453157544,1.79909074306
2.25306153297,0.0303030312061,1.57581222057,-0.187388792634,1.76320099831
2.28479480743,0.0303030312061,1.5344004631,-0.191438749433,1.72583925724
2.31652784348,0.0303030312061,1.49144387245,-0.19559623301,1.68704009056
2.34826135635,0.0303030312061,1.44698488712,-0.199854135513,1.64683902264
2.3799943924,0.0303030312061,1.4010695219,-0.204205438495,1.6052749157
2.41172790527,0.0303030312061,1.35374283791,-0.20864340663,1.56238627434
2.44346094131,0.0303030312061,1.30505371094,-0.213160663843,1.51821434498
2.47519421577,0.0303030312061,1.25505006313,-0.217750191689,1.47280025482
2.50692749023,0.0303030312061,1.20378267765,-0.222405433655,1.42618811131
2.53866076469,0.0303030312061,1.15130329132,-0.227119326591,1.37842261791
2.57039403915,0.0303030312061,1.09766459465,-0.231885328889,1.32954990864
2.60212731361,0.0303030312061,1.04292070866,-0.236696645617,1.27961730957
2.63386058807,0.0303030312061,0.987126529217,-0.241546809673,1.22867333889
2.66559386253,0.0303030312061,0.93033850193,-0.246429488063,1.17676794529
2.69732713699,0.0303030312061,0.872613728046,-0.251338511705,1.12395226955
2.72906041145,0.0303030312061,0.814010262489,-0.256267875433,1.07027816772
2.76079368591,0.0303030312061,0.754587113857,-0.261211544275,1.01579868793
2.79252696037,0.0303030312061,0.694404244423,-0.266163885593,0.960568130016
2.82426023483,0.0303030312061,0.633522152901,-0.271119326353,0.904641509056
2.85599327087,0.0303030312061,0.572002589703,-0.276072829962,0.848075389862
2.88772678375,0.0303030312061,0.509906113148,-0.281019181013,0.790925264359
2.91945981979,0.0303030312061,0.447297185659,-0.28595328331,0.733250498772
2.95119309425,0.0303030312061,0.384237378836,-0.290870428085,0.675107836723
2.98292636871,0.0303030312061,0.320790678263,-0.295766472816,0.616557121277
3.01465964317,0.0303030312061,0.25702098012,-0.300637215376,0.557658195496
3.04639291763,0.0303030312061,0.19299249351,-0.305478334427,0.498470842838
3.07812619209,0.0303030312061,0.128769665956,-0.310286194086,0.439055860043
3.10985946655,0.0303030312061,0.0644171759486,-0.315057277679,0.379474461079
3.14159274101,0.0303030312061,-1.77494726472e-07,-0.319788098335,0.319787919521
0,0.0404040403664,0,-0.325337618589,0.325337618589
0.0317332595587,0.0404040403664,0.064737804234,-0.320702046156,0.385439842939
0.0634665191174,0.0404040403664,0.129410430789,-0.315975934267,0.445386350155
0.095199778676,0.0404040403664,0.193952739239,-0.311164945364,0.5051176548
0.126933038235,0.0404040403664,0.258299767971,-0.3062761724,0.564575910568
0.158666297793,0.0404040403664,0.322386682034,-0.301316201687,0.62370288372
0.190399557352,0.0404040403664,0.386149019003,-0.29629227519,0.682441294193
0.222132816911,0.0404040403664,0.449522525072,-0.291212409735,0.740734934807
0.253866076469,0.0404040403664,0.512443363667,-0.28608378768,0.798527121544
0.285599350929,0.0404040403664,0.574848353863,-0.280914932489,0.855763316154
0.317332595587,0.0404040403664,0.636674284935,-0.275714188814,0.912388443947
0.349065840244,0.0404040403664,0.697859227657,-0.27048972249,0.96834897995
0.380799114704,0.0404040403664,0.758341610432,-0.265250980854,1.02359259129
0.412532389164,0.0404040403664,0.818060338497,-0.260006457567,1.07806682587
0.444265633821,0.0404040403664,0.876955270767,-0.254765301943,1.13172054291
0.475998878479,0.0404040403664,0.934967279434,-0.249537140131,1.18450438976
0.507732152939,0.0404040403664,0.992037832737,-0.244330942631,1.23636877537
0.539465427399,0.0404040403664,1.0481095314,-0.239156723022,1.28726625443
0.571198701859,0.0404040403664,1.10312581062,-0.234023660421,1.33714950085
0.602931916714,0.0404040403664,1.15703129768,-0.228941351175,1.38597261906
0.634665191174,0.0404040403664,1.20977187157,-0.223919510841,1.43369138241
0.666398465633,0.0404040403664,1.26129412651,-0.218967542052,1.48026168346
0.698131680489,0.0404040403664,1.31154644489,-0.214095011353,1.52564144135
0.729864954948,0.0404040403664,1.36047816277,-0.209311485291,1.56978964806
0.761598229408,0.0404040403664,1.40804004669,-0.20462590456,1.61266589165
0.793331503868,0.0404040403664,1.45418405533,-0.200047925115,1.65423202515
0.825064778328,0.0404040403664,1.49886393547,-0.195585742593,1.69444966316
0.856797993183,0.0404040403664,1.5420345068,-0.191249027848,1.73328351974
0.888531267643,0.0404040403664,1.58365237713,-0.187045395374,1.77069783211
0.920264542103,0.0404040403664,1.623675704,-0.182983830571,1.80665957928
0.951997756958,0.0404040403664,1.66206395626,-0.179071798921,1.84113574028
0.983731031418,0.0404040403664,1.69877886772,-0.175317198038,1.87409603596
1.01546430588,0.0404040403664,1.73378324509,-0.171727359295,1.90551066399
1.04719758034,0.0404040403664,1.7670416832,-0.168309047818,1.93535077572
1.0789308548,0.0404040403664,1.79852116108,-0.165069058537,1.96359026432
1.11066412926,0.0404040403664,1.82818949223,-0.16201351583,1.99020302296
1.14239740372,0.0404040403664,1.85601687431,-0.159147903323,2.01516485214
1.17413055897,0.0404040403664,1.88197541237,-0.156477734447,2.03845310211
1.20586383343,0.0404040403664,1.90603899956,-0.154007896781,2.06004691124
1.23759710789,0.0404040403664,1.9281835556,-0.15174292028,2.07992649078
1.26933038235,0.0404040403664,1.94838643074,-0.149686425924,2.09807276726
1.30106365681,0.0404040403664,1.9666274786,-0.147842094302,2.1144695282
1.33279693127,0.0404040403664,1.98288834095,-0.146212756634,2.12910103798
1.36453020573,0.0404040403664,1.9971524477,-0.144800975919,2.14195346832
1.39626336098,0.0404040403664,2.00940561295,-0.143608912826,2.15301442146
1.42799663544,0.0404040403664,2.01963567734,-0.142637744546,2.16227340698
1.4597299099,0.0404040403664,2.02783203125,-0.141888931394,2.16972088814
1.49146318436,0.0404040403664,2.03398656845,-0.141362667084,2.17534923553
1.52319645882,0.0404040403664,2.03809309006,-0.141058683395,2.17915177345
1.55492973328,0.0404040403664,2.04014730453,-0.140977486968,2.18112468719
1.58666300774,0.0404040403664,2.04014730453,-0.141117528081,2.18126487732
1.6183962822,0.0404040403664,2.03809309006,-0.141477629542,2.1795706749
1.65012955666,0.0404040403664,2.03398656845,-0.142055869102,2.17604255676
1.68186283112,0.0404040403664,2.02783203125,-0.142850160599,2.17068219185
1.71359610558,0.0404040403664,2.01963567734,-0.143857896328,2.16349363327
1.74532938004,0.0404040403664,2.00940561295,-0.14507599175,2.1544816494
1.77706253529,0.0404040403664,1.9971524477,-0.146501123905,2.14365363121
1.80879580975,0.0404040403664,1.98288834095,-0.148129284382,2.13101768494
1.84052908421,0.0404040403664,1.9666274786,-0.14995637536,2.11658382416
1.87226235867,0.0404040403664,1.94838643074,-0.151978075504,2.10036444664
1.90399563313,0.0404040403664,1.92818343639,-0.154189363122,2.08237290382
1.93572890759,0.0404040403664,1.90603899956,-0.156585246325,2.06262421608
1.96746218204,0.0404040403664,1.88197541237,-0.159160271287,2.04113578796
1.9991953373,0.0404040403664,1.8560167551,-0.161908611655,2.01792526245
2.03092861176,0.0404040403664,1.82818937302,-0.164824739099,1.99301409721
2.06266188622,0.0404040403664,1.79852104187,-0.167902335525,1.9664233923
2.09439516068,0.0404040403664,1.7670416832,-0.171135023236,1.93817675114
2.12612843513,0.0404040403664,1.73378312588,-0.174516364932,1.90829944611
2.15786170959,0.0404040403664,1.69877874851,-0.178039744496,1.87681853771
2.18959498405,0.0404040403664,1.66206395626,-0.181698337197,1.84376227856
2.22132825851,0.0404040403664,1.62367558479,-0.185485377908,1.8091609478
2.25306153297,0.0404040403664,1.58365213871,-0.189393535256,1.77304565907
2.28479480743,0.0404040403664,1.54203426838,-0.19341622293,1.73545050621
2.31652784348,0.0404040403664,1.49886405468,-0.197545930743,1.69640994072
2.34826135635,0.0404040403664,1.45418381691,-0.201775759459,1.65595960617
2.3799943924,0.0404040403664,1.40804004669,-0.206098586321,1.61413860321
2.41172790527,0.0404040403664,1.36047792435,-0.210507243872,1.57098519802
2.44346094131,0.0404040403664,1.3115465641,-0.214994296432,1.52654087543
2.47519421577,0.0404040403664,1.26129412651,-0.219553366303,1.48084747791
2.50692749023,0.0404040403664,1.20977175236,-0.224176824093,1.43394851685
2.53866076469,0.0404040403664,1.15703117847,-0.228858292103,1.38588953018
2.57039403915,0.0404040403664,1.10312569141,-0.23359040916,1.33671605587
2.60212731361,0.0404040403664,1.04810941219,-0.23836709559,1.28647649288
2.63386058807,0.0404040403664,0.992037653923,-0.243181526661,1.23521924019
2.66559386253,0.0404040403664,0.93496710062,-0.24802736938,1.1829944849
2.69732713699,0.0404040403664,0.876955091953,-0.252898544073,1.12985360622
2.72906041145,0.0404040403664,0.818060100079,-0.257788658142,1.07584881783
2.76079368591,0.0404040403664,0.758341312408,-0.262691915035,1.02103328705
2.79252696037,0.0404040403664,0.697858989239,-0.267602652311,0.965461611748
2.82426023483,0.0404040403664,0.636673986912,-0.272515445948,0.909189462662
2.85599327087,0.0404040403664,0.574848413467,-0.277425050735,0.852273464203
2.88772678375,0.0404040403664,0.512442946434,-0.282326191664,0.7947691679
2.91945981979,0.0404040403664,0.449522554874,-0.287214338779,0.736736893654
2.95119309425,0.0404040403664,0.386149019003,-0.292084425688,0.678233444691
2.98292636871,0.0404040403664,0.322386652231,-0.29693210125,0.619318723679
3.01465964317,0.0404040403664,0.258299708366,-0.301753640175,0.560053348541
3.04639291763,0.0404040403664,0.193952664733,-0.30654463172,0.500497281551
3.07812619209,0.0404040403664,0.12941031158,-0.311301529408,0.440711855888
3.10985946655,0.0404040403664,0.0647376552224,-0.31602075696,0.380758404732
3.14159274101,0.0404040403664,-1.78377788984e-07,-0.320698857307,0.320698678493
0,0.0505050495267,0,-0.328027933836,0.328027933836
0.0317332595587,0.0505050495267,0.0650582909584,-0.323522746563,0.388581037521
0.0634665191174,0.0505050495267,0.130051076412,-0.31892105937,0.448972135782
0.095199778676,0.0505050495267,0.194912910461,-0.314228713512,0.509141623974
0.126933038235,0.0505050495267,0.259578496218,-0.309452593327,0.569031119347
0.158666297793,0.0505050495267,0.323982685804,-0.304599016905,0.628581702709
0.190399557352,0.0505050495267,0.38806065917,-0.299675285816,0.687735915184
0.222132816911,0.0505050495267,0.451747894287,-0.294688552618,0.746436476707
0.253866076469,0.0505050495267,0.514980256557,-0.289646655321,0.804626941681
0.285599350929,0.0505050495267,0.577694118023,-0.284557759762,0.862251877785
0.317332595587,0.0505050495267,0.639826178551,-0.279429852962,0.919256031513
0.349065840244,0.0505050495267,0.701314032078,-0.274271696806,0.975585699081
0.380799114704,0.0505050495267,0.762095808983,-0.269091874361,1.03118765354
0.412532389164,0.0505050495267,0.822110176086,-0.263899683952,1.08600986004
0.444265633821,0.0505050495267,0.881296694279,-0.258704036474,1.14000070095
0.475998878479,0.0505050495267,0.939595878124,-0.253514379263,1.19311022758
0.507732152939,0.0505050495267,0.996948957443,-0.248340189457,1.2452890873
0.539465427399,0.0505050495267,1.05329823494,-0.243190914392,1.29648911953
0.571198701859,0.0505050495267,1.10858678818,-0.238076388836,1.34666323662
0.602931916714,0.0505050495267,1.16275918484,-0.233006313443,1.39576554298
0.634665191174,0.0505050495267,1.21576082706,-0.2279907763,1.44375157356
0.666398465633,0.0505050495267,1.26753818989,-0.223038986325,1.49057722092
0.698131680489,0.0505050495267,1.31803929806,-0.218160867691,1.53620016575
0.729864954948,0.0505050495267,1.36721324921,-0.213366270065,1.58057951927
0.761598229408,0.0505050495267,1.41501057148,-0.20866458118,1.62367510796
0.793331503868,0.0505050495267,1.46138310432,-0.204065218568,1.66544830799
0.825064778328,0.0505050495267,1.5062841177,-0.199577197433,1.70586133003
0.856797993183,0.0505050495267,1.54966843128,-0.195210203528,1.74487864971
0.888531267643,0.0505050495267,1.59149229527,-0.190972402692,1.78246474266
0.920264542103,0.0505050495267,1.63171374798,-0.186872556806,1.81858634949
0.951997756958,0.0505050495267,1.67029213905,-0.182919189334,1.85321128368
0.983731031418,0.0505050495267,1.70718872547,-0.179120242596,1.88630890846
1.01546430588,0.0505050495267,1.74236631393,-0.175483122468,1.9178494215
1.04719758034,0.0505050495267,1.77578949928,-0.172015324235,1.94780480862
1.0789308548,0.0505050495267,1.80742478371,-0.168723627925,1.97614836693
1.11066412926,0.0505050495267,1.8372399807,-0.165614500642,2.00285458565
1.14239740372,0.0505050495267,1.86520516872,-0.162694081664,2.02789926529
1.17413055897,0.0505050495267,1.89129221439,-0.159968182445,2.05126047134
1.20586383343,0.0505050495267,1.91547501087,-0.157441437244,2.07291650772
1.23759710789,0.0505050495267,1.93772912025,-0.155118942261,2.09284806252
1.26933038235,0.0505050495267,1.95803201199,-0.153005003929,2.11103701591
1.30106365681,0.0505050495267,1.97636330128,-0.151103019714,2.12746620178
1.33279693127,0.0505050495267,1.9927046299,-0.149416342378,2.14212107658
1.36453020573,0.0505050495267,2.00703954697,-0.147947654128,2.15498709679
1.39626336098,0.0505050495267,2.01935338974,-0.146699234843,2.16605257988
1.42799663544,0.0505050495267,2.02963399887,-0.145672604442,2.17530655861
1.4597299099,0.0505050495267,2.03787088394,-0.144869118929,2.18273997307
1.49146318436,0.0505050495267,2.04405593872,-0.144289150834,2.18834519386
1.52319645882,0.0505050495267,2.04818272591,-0.143933445215,2.19211626053
1.55492973328,0.0505050495267,2.05024695396,-0.14380094409,2.19404792786
1.58666300774,0.0505050495267,2.05024695396,-0.143891423941,2.1941382885
1.6183962822,0.0505050495267,2.04818272591,-0.144203469157,2.19238615036
1.65012955666,0.0505050495267,2.04405593872,-0.144735068083,2.18879103661
1.68186283112,0.0505050495267,2.03787088394,-0.145484596491,2.18335556984
1.71359610558,0.0505050495267,2.02963399887,-0.146448493004,2.17608261108
1.74532938004,0.0505050495267,2.01935338974,-0.147624477744,2.16697788239
1.77706253529,0.0505050495267,2.00703954697,-0.149008974433,2.1560485363
1.80879580975,0.0505050495267,1.9927046299,-0.150597840548,2.14330244064
1.84052908421,0.0505050495267,1.97636330128,-0.152387171984,2.12875056267
1.87226235867,0.0505050495267,1.95803201199,-0.154372319579,2.11240434647
1.90399563313,0.0505050495267,1.93772900105,-0.156548321247,2.0942773819
1.93572890759,0.0505050495267,1.91547501087,-0.158909633756,2.07438468933
1.96746218204,0.0505050495267,1.89129221439,-0.161451384425,2.05274367332
1.9991953373,0.0505050495267,1.86520504951,-0.164167463779,2.02937245369
2.03092861176,0.0505050495267,1.83723986149,-0.167051792145,2.00429153442
2.06266188622,0.0505050495267,1.8074246645,-0.170098364353,1.97752308846
2.09439516068,0.0505050495267,1.77578949928,-0.173300549388,1.94909000397
2.12612843513,0.0505050495267,1.74236619473,-0.176651671529,1.91901791096
2.15786170959,0.0505050495267,1.70718860626,-0.180145278573,1.88733386993
2.18959498405,0.0505050495267,1.67029213905,-0.183774217963,1.85406637192
2.22132825851,0.0505050495267,1.63171362877,-0.18753130734,1.81924498081
2.25306153297,0.0505050495267,1.59149205685,-0.191409870982,1.78290188313
2.28479480743,0.0505050495267,1.54966819286,-0.195402547717,1.74507069588
2.31652784348,0.0505050495267,1.50628423691,-0.199501737952,1.70578598976
2.34826135635,0.0505050495267,1.46138286591,-0.203700870275,1.66508376598
2.3799943924,0.0505050495267,1.41501057148,-0.207992166281,1.62300276756
2.41172790527,0.0505050495267,1.36721301079,-0.212368637323,1.57958161831
2.44346094131,0.0505050495267,1.31803941727,-0.216823011637,1.5348623991
2.47519421577,0.0505050495267,1.26753818989,-0.221348315477,1.48888647556
2.50692749023,0.0505050495267,1.21576070786,-0.225937411189,1.44169807434
2.53866076469,0.0505050495267,1.16275906563,-0.230583250523,1.39334225655
2.57039403915,0.0505050495267,1.10858666897,-0.235279247165,1.34386587143
2.60212731361,0.0505050495267,1.05329811573,-0.240018501878,1.29331660271
2.63386058807,0.0505050495267,0.996948778629,-0.244794428349,1.24174320698
2.66559386253,0.0505050495267,0.93959569931,-0.249600559473,1.18919622898
2.69732713699,0.0505050495267,0.881296515465,-0.254430741072,1.13572728634
2.72906041145,0.0505050495267,0.822109937668,-0.259278893471,1.08138883114
2.76079368591,0.0505050495267,0.76209551096,-0.264138966799,1.02623450756
2.79252696037,0.0505050495267,0.701313793659,-0.269005656242,0.970319449902
2.82426023483,0.0505050495267,0.639825880527,-0.273873001337,0.913698911667
2.85599327087,0.0505050495267,0.577694177628,-0.27873596549,0.85643017292
2.88772678375,0.0505050495267,0.514979839325,-0.283589631319,0.798569440842
2.91945981979,0.0505050495267,0.451747924089,-0.28842908144,0.740177035332
2.95119309425,0.0505050495267,0.38806065917,-0.293249607086,0.681310296059
2.98292636871,0.0505050495267,0.323982656002,-0.298046827316,0.622029483318
3.01465964317,0.0505050495267,0.259578436613,-0.302816748619,0.562395215034
3.04639291763,0.0505050495267,0.194912821054,-0.307555496693,0.502468347549
3.07812619209,0.0505050495267,0.130050957203,-0.31225913763,0.442310094833
3.10985946655,0.0505050495267,0.0650581419468,-0.316924482584,0.381982624531
3.14159274101,0.0505050495267,-1.79260851496e-07,-0.321548044682,0.321547865868
0,0.0606060624123,0,-0.330507963896,0.330507963896
0.0317332595587,0.0606060624123,0.0653787702322,-0.326140552759,0.39151930809
0.0634665191174,0.0606060624123,0.130691722035,-0.321671128273,0.452362835407
0.095199778676,0.0606060624123,0.195873051882,-0.317105621099,0.512978672981
0.126933038235,0.0606060624123,0.26085716486,-0.312449961901,0.573307156563
0.158666297793,0.0606060624123,0.325578629971,-0.307711064816,0.633289694786
0.190399557352,0.0606060624123,0.389972239733,-0.302895486355,0.69286775589
0.222132816911,0.0606060624123,0.4539732337,-0.298010736704,0.751984000206
0.253866076469,0.0606060624123,0.517517030239,-0.293064177036,0.810581207275
0.285599350929,0.0606060624123,0.580539882183,-0.288063585758,0.868603467941
0.317332595587,0.0606060624123,0.642978012562,-0.283017426729,0.925995469093
0.349065840244,0.0606060624123,0.704768717289,-0.277934193611,0.9827029109
0.380799114704,0.0606060624123,0.765849888325,-0.27282217145,1.03867208958
0.412532389164,0.0606060624123,0.826159894466,-0.267690867186,1.09385073185
0.444265633821,0.0606060624123,0.885637938976,-0.262549161911,1.14818716049
0.475998878479,0.0606060624123,0.944224357605,-0.257406264544,1.20163059235
0.507732152939,0.0606060624123,1.00185990334,-0.252272188663,1.25413203239
0.539465427399,0.0606060624123,1.05848681927,-0.247156307101,1.30564308167
0.571198701859,0.0606060624123,1.11404776573,-0.242068588734,1.35611629486
0.602931916714,0.0606060624123,1.16848695278,-0.2370185256,1.40550541878
0.634665191174,0.0606060624123,1.22174966335,-0.232016637921,1.45376634598
0.666398465633,0.0606060624123,1.27378213406,-0.22707234323,1.50085449219
0.698131680489,0.0606060624123,1.3245319128,-0.222196012735,1.54672789574
0.729864954948,0.0606060624123,1.37394809723,-0.217397227883,1.59134531021
0.761598229408,0.0606060624123,1.42198097706,-0.212685614824,1.63466656208
0.793331503868,0.0606060624123,1.4685819149,-0.208071112633,1.67665302753
0.825064778328,0.0606060624123,1.51370406151,-0.203563466668,1.71726751328
0.856797993183,0.0606060624123,1.55730211735,-0.199171811342,1.75647389889
0.888531267643,0.0606060624123,1.59933209419,-0.194905087352,1.79423713684
0.920264542103,0.0606060624123,1.63975155354,-0.190772384405,1.83052396774
0.951997756958,0.0606060624123,1.67851996422,-0.186782315373,1.8653023243
0.983731031418,0.0606060624123,1.71559846401,-0.182943299413,1.89854180813
1.01546430588,0.0606060624123,1.75094926357,-0.179263189435,1.93021249771
1.04719758034,0.0606060624123,1.78453707695,-0.175749510527,1.96028661728
1.0789308548,0.0606060624123,1.81632816792,-0.172409385443,1.98873758316
1.11066412926,0.0606060624123,1.84629023075,-0.169250234962,2.0155403614
1.14239740372,0.0606060624123,1.87439322472,-0.166277721524,2.04067087173
1.17413055897,0.0606060624123,1.900608778,-0.16349825263,2.06410694122
1.20586383343,0.0606060624123,1.92491066456,-0.160916998982,2.08582758904
1.23759710789,0.0606060624123,1.94727432728,-0.158539101481,2.10581350327
1.26933038235,0.0606060624123,1.9676772356,-0.156369164586,2.12404632568
1.30106365681,0.0606060624123,1.98609888554,-0.154411062598,2.14050984383
1.33279693127,0.0606060624123,2.00252079964,-0.152668103576,2.1551887989
1.36453020573,0.0606060624123,2.0169262886,-0.151143178344,2.16806936264
1.39626336098,0.0606060624123,2.0293006897,-0.149839058518,2.17913985252
1.42799663544,0.0606060624123,2.03963208199,-0.148757338524,2.1883893013
1.4597299099,0.0606060624123,2.04790949821,-0.147899508476,2.19580888748
1.49146318436,0.0606060624123,2.05412483215,-0.147266224027,2.20139098167
1.52319645882,0.0606060624123,2.05827212334,-0.146857813001,2.20512986183
1.55492973328,0.0606060624123,2.06034660339,-0.146674096584,2.20702075958
1.58666300774,0.0606060624123,2.06034660339,-0.146714344621,2.20706105232
1.6183962822,0.0606060624123,2.05827212334,-0.146977648139,2.20524978638
1.65012955666,0.0606060624123,2.05412483215,-0.14746183157,2.20158672333
1.68186283112,0.0606060624123,2.04790949821,-0.14816506207,2.19607448578
1.71359610558,0.0606060624123,2.03963208199,-0.149084255099,2.18871641159
1.74532938004,0.0606060624123,2.0293006897,-0.150217145681,2.17951774597
1.77706253529,0.0606060624123,2.0169262886,-0.151559323072,2.16848564148
1.80879580975,0.0606060624123,2.00252079964,-0.153107523918,2.15562820435
1.84052908421,0.0606060624123,1.98609888554,-0.154857322574,2.14095616341
1.87226235867,0.0606060624123,1.9676772356,-0.156803965569,2.12448120117
1.90399563313,0.0606060624123,1.94727420807,-0.158942729235,2.1062169075
1.93572890759,0.0606060624123,1.92491066456,-0.161267995834,2.0861787796
1.96746218204,0.0606060624123,1.900608778,-0.163774073124,2.06438279152
1.9991953373,0.0606060624123,1.87439310551,-0.166455581784,2.04084873199
2.03092861176,0.0606060624123,1.84629011154,-0.169306129217,2.01559615135
2.06266188622,0.0606060624123,1.81632804871,-0.172319203615,1.98864722252
2.09439516068,0.0606060624123,1.78453707695,-0.175488427281,1.96002554893
2.12612843513,0.0606060624123,1.75094914436,-0.178807139397,1.92975628376
2.15786170959,0.0606060624123,1.71559822559,-0.182268276811,1.8978664875
2.18959498405,0.0606060624123,1.67851996422,-0.185864731669,1.86438465118
2.22132825851,0.0606060624123,1.63975143433,-0.189589619637,1.82934105396
2.25306153297,0.0606060624123,1.59933185577,-0.19343547523,1.7927672863
2.28479480743,0.0606060624123,1.55730187893,-0.197395160794,1.75469708443
2.31652784348,0.0606060624123,1.51370418072,-0.201461464167,1.71516561508
2.34826135635,0.0606060624123,1.46858167648,-0.205626621842,1.67420828342
2.3799943924,0.0606060624123,1.42198097706,-0.209883779287,1.63186478615
2.41172790527,0.0606060624123,1.37394785881,-0.214225500822,1.58817338943
2.44346094131,0.0606060624123,1.32453203201,-0.218644142151,1.54317617416
2.47519421577,0.0606060624123,1.27378213406,-0.223132908344,1.49691510201
2.50692749023,0.0606060624123,1.22174954414,-0.227684661746,1.44943416119
2.53866076469,0.0606060624123,1.16848683357,-0.232292175293,1.40077900887
2.57039403915,0.0606060624123,1.11404764652,-0.236948817968,1.35099649429
2.60212731361,0.0606060624123,1.05848670006,-0.241647556424,1.30013430119
2.63386058807,0.0606060624123,1.00185978413,-0.246382042766,1.24824178219
2.66559386253,0.0606060624123,0.944224178791,-0.251145601273,1.19536972046
2.69732713699,0.0606060624123,0.885637760162,-0.255932122469,1.14156985283
2.72906041145,0.0606060624123,0.826159656048,-0.260735601187,1.08689522743
2.76079368591,0.0606060624123,0.765849590302,-0.265549808741,1.03139936924
2.79252696037,0.0606060624123,0.70476847887,-0.270369499922,0.97513794899
2.82426023483,0.0606060624123,0.642977654934,-0.275188863277,0.918166518211
2.85599327087,0.0606060624123,0.580539941788,-0.280002683401,0.860542654991
2.88772678375,0.0606060624123,0.517516613007,-0.284806460142,0.802323102951
2.91945981979,0.0606060624123,0.453973263502,-0.289594441652,0.743567705154
2.95119309425,0.0606060624123,0.389972239733,-0.294362843037,0.684335112572
2.98292636871,0.0606060624123,0.325578600168,-0.299107313156,0.624685883522
3.01465964317,0.0606060624123,0.260857105255,-0.303823381662,0.564680457115
3.04639291763,0.0606060624123,0.195872977376,-0.308507353067,0.504380345345
3.07812619209,0.0606060624123,0.130691602826,-0.313155978918,0.443847596645
3.10985946655,0.0606060624123,0.0653786212206,-0.317765086889,0.383143723011
3.14159274101,0.0606060624123,-1.80143899797e-07,-0.322332233191,0.322332054377
0,0.0707070678473,0,-0.332768321037,0.332768321037
0.0317332595587,0.0707070678473,0.0656992569566,-0.328545838594,0.3942450881
0.0634665191174,0.0707070678473,0.131332367659,-0.324216008186,0.455548375845
0.095199778676,0.0707070678473,0.196833223104,-0.319784671068,0.516617894173
0.126933038235,0.0707070678473,0.262135893106,-0.315257966518,0.577393889427
0.158666297793,0.0707070678473,0.327174603939,-0.310641735792,0.637816309929
0.190399557352,0.0707070678473,0.3918838799,-0.305942714214,0.697826623917
0.222132816911,0.0707070678473,0.456198602915,-0.30116841197,0.757367014885
0.253866076469,0.0707070678473,0.52005392313,-0.296325474977,0.81637942791
0.285599350929,0.0707070678473,0.583385646343,-0.291422069073,0.874807715416
0.317332595587,0.0707070678473,0.646129846573,-0.286466479301,0.932596325874
0.349065840244,0.0707070678473,0.708223521709,-0.28146648407,0.989690005779
0.380799114704,0.0707070678473,0.769604086876,-0.276431322098,1.04603540897
0.412532389164,0.0707070678473,0.830209732056,-0.27136939764,1.1015791893
0.444265633821,0.0707070678473,0.889979362488,-0.266290277243,1.15626966953
0.475998878479,0.0707070678473,0.94885289669,-0.261203169823,1.21005606651
0.507732152939,0.0707070678473,1.00677108765,-0.256117671728,1.26288878918
0.539465427399,0.0707070678473,1.0636755228,-0.251043558121,1.31471908092
0.571198701859,0.0707070678473,1.11950874329,-0.245990470052,1.36549925804
0.602931916714,0.0707070678473,1.17421483994,-0.240968868136,1.41518366337
0.634665191174,0.0707070678473,1.22773873806,-0.235988408327,1.46372711658
0.666398465633,0.0707070678473,1.28002619743,-0.23105943203,1.51108562946
0.698131680489,0.0707070678473,1.33102476597,-0.226192012429,1.5572167635
0.729864954948,0.0707070678473,1.38068318367,-0.221396073699,1.60207927227
0.761598229408,0.0707070678473,1.42895150185,-0.21668176353,1.64563322067
0.793331503868,0.0707070678473,1.47578084469,-0.212059050798,1.68783986568
0.825064778328,0.0707070678473,1.52112424374,-0.207537695765,1.7286618948
0.856797993183,0.0707070678473,1.56493604183,-0.203127428889,1.76806342602
0.888531267643,0.0707070678473,1.60717201233,-0.19883748889,1.80600953102
0.920264542103,0.0707070678473,1.64778959751,-0.19467715919,1.842466712
0.951997756958,0.0707070678473,1.68674814701,-0.190655484796,1.87740361691
0.983731031418,0.0707070678473,1.72400820255,-0.186781048775,1.91078925133
1.01546430588,0.0707070678473,1.75953245163,-0.183062106371,1.9425945282
1.04719758034,0.0707070678473,1.79328489304,-0.179506719112,1.97279167175
1.0789308548,0.0707070678473,1.82523179054,-0.176122352481,2.00135421753
1.11066412926,0.0707070678473,1.85534071922,-0.172916099429,2.02825689316
1.14239740372,0.0707070678473,1.88358151913,-0.169894754887,2.05347633362
1.17413055897,0.0707070678473,1.90992558002,-0.16706469655,2.07699036598
1.20586383343,0.0707070678473,1.93434655666,-0.164431259036,2.098777771
1.23759710789,0.0707070678473,1.95681989193,-0.162000343204,2.11882019043
1.26933038235,0.0707070678473,1.97732281685,-0.15977627039,2.13709902763
1.30106365681,0.0707070678473,1.99583482742,-0.15776334703,2.15359807014
1.33279693127,0.0707070678473,2.01233720779,-0.155965536833,2.16830277443
1.36453020573,0.0707070678473,2.02681326866,-0.154385700822,2.18119907379
1.39626336098,0.0707070678473,2.03924822807,-0.153026431799,2.19227457047
1.42799663544,0.0707070678473,2.0496301651,-0.151890262961,2.20152044296
1.4597299099,0.0707070678473,2.05794835091,-0.150978386402,2.2089266777
1.49146318436,0.0707070678473,2.06419420242,-0.150291785598,2.21448588371
1.52319645882,0.0707070678473,2.06836175919,-0.149830654263,2.21819233894
1.55492973328,0.0707070678473,2.07044649124,-0.149595469236,2.22004199028
1.58666300774,0.0707070678473,2.07044649124,-0.149585202336,2.22003173828
1.6183962822,0.0707070678473,2.06836175919,-0.149799033999,2.21816086769
1.65012955666,0.0707070678473,2.06419420242,-0.150234773755,2.21442890167
1.68186283112,0.0707070678473,2.05794835091,-0.150890961289,2.2088394165
1.71359610558,0.0707070678473,2.0496301651,-0.15176461637,2.20139479637
1.74532938004,0.0707070678473,2.03924822807,-0.152852371335,2.1921005249
1.77706253529,0.0707070678473,2.02681326866,-0.15415109694,2.18096446991
1.80879580975,0.0707070678473,2.01233720779,-0.15565700829,2.16799426079
1.84052908421,0.0707070678473,1.99583482742,-0.157365471125,2.15320038795
1.87226235867,0.0707070678473,1.97732281685,-0.159272000194,2.13659477234
1.90399563313,0.0707070678473,1.95681977272,-0.161371350288,2.11819124222
1.93572890759,0.0707070678473,1.93434655666,-0.163658365607,2.09800481796
1.96746218204,0.0707070678473,1.90992558002,-0.166126981378,2.07605266571
1.9991953373,0.0707070678473,1.88358139992,-0.168771520257,2.05235290527
2.03092861176,0.0707070678473,1.85534060001,-0.171585768461,2.02692627907
2.06266188622,0.0707070678473,1.82523167133,-0.174563035369,1.9997947216
2.09439516068,0.0707070678473,1.79328489304,-0.177696913481,1.97098183632
2.12612843513,0.0707070678473,1.75953233242,-0.180980369449,1.94051265717
2.15786170959,0.0707070678473,1.72400808334,-0.184406504035,1.90841460228
2.18959498405,0.0707070678473,1.68674814701,-0.187967985868,1.87471616268
2.22132825851,0.0707070678473,1.6477894783,-0.191657528281,1.83944702148
2.25306153297,0.0707070678473,1.60717177391,-0.195468261838,1.80264008045
2.28479480743,0.0707070678473,1.56493580341,-0.199392393231,1.76432824135
2.31652784348,0.0707070678473,1.52112436295,-0.203422307968,1.72454667091
2.34826135635,0.0707070678473,1.47578060627,-0.207551211119,1.68333184719
2.3799943924,0.0707070678473,1.42895150185,-0.211771011353,1.6407225132
2.41172790527,0.0707070678473,1.38068294525,-0.216074809432,1.59675776958
2.44346094131,0.0707070678473,1.33102488518,-0.22045506537,1.55147993565
2.47519421577,0.0707070678473,1.28002619743,-0.224904045463,1.5049302578
2.50692749023,0.0707070678473,1.22773861885,-0.229415372014,1.45715403557
2.53866076469,0.0707070678473,1.17421472073,-0.233981698751,1.40819644928
2.57039403915,0.0707070678473,1.11950862408,-0.23859590292,1.35810446739
2.60212731361,0.0707070678473,1.06367540359,-0.243251428008,1.3069268465
2.63386058807,0.0707070678473,1.00677084923,-0.247941538692,1.25471234322
2.66559386253,0.0707070678473,0.948852717876,-0.252659648657,1.20151233673
2.69732713699,0.0707070678473,0.889979183674,-0.257399588823,1.1473788023
2.72906041145,0.0707070678473,0.830209493637,-0.262155503035,1.09236502647
2.76079368591,0.0707070678473,0.769603788853,-0.266920983791,1.03652477264
2.79252696037,0.0707070678473,0.708223223686,-0.271691054106,0.979914307594
2.82426023483,0.0707070678473,0.64612954855,-0.276459634304,0.922589182854
2.85599327087,0.0707070678473,0.583385705948,-0.281221836805,0.864607572556
2.88772678375,0.0707070678473,0.520053505898,-0.285972654819,0.806026160717
2.91945981979,0.0707070678473,0.456198632717,-0.29070726037,0.74690592289
2.95119309425,0.0707070678473,0.3918838799,-0.295421302319,0.687305212021
2.98292636871,0.0707070678473,0.327174574137,-0.300110399723,0.627285003662
3.01465964317,0.0707070678473,0.262135833502,-0.304770499468,0.56690633297
3.04639291763,0.0707070678473,0.196833148599,-0.309397786856,0.506230950356
3.07812619209,0.0707070678473,0.131332248449,-0.313988566399,0.445320814848
3.10985946655,0.0707070678473,0.065699107945,-0.318539887667,0.384238988161
3.14159274101,0.0707070678473,-1.81026962309e-07,-0.323048561811,0.323048382998
0,0.0808080807328,0,-0.334799468517,0.334799468517
0.0317332595587,0.0808080807328,0.066019743681,-0.330728709698,0.396748453379
0.0634665191174,0.0808080807328,0.131973013282,-0.326546102762,0.458519101143
0.095199778676,0.0808080807328,0.197793394327,-0.322256714106,0.520050108433
0.126933038235,0.0808080807328,0.263414621353,-0.317866265774,0.581280887127
0.158666297793,0.0808080807328,0.328770577908,-0.313380748034,0.642151355743
0.190399557352,0.0808080807328,0.393795520067,-0.308806598186,0.702602148056
0.222132816911,0.0808080807328,0.45842397213,-0.304150730371,0.762574672699
0.253866076469,0.0808080807328,0.522590756416,-0.299420326948,0.822011113167
0.285599350929,0.0808080807328,0.586231470108,-0.294622540474,0.880854010582
0.317332595587,0.0808080807328,0.649281740189,-0.289766043425,0.939047813416
0.349065840244,0.0808080807328,0.711678266525,-0.284858435392,0.99653673172
0.380799114704,0.0808080807328,0.773358285427,-0.279908597469,1.0532668829
0.412532389164,0.0808080807328,0.834259569645,-0.274925202131,1.10918474197
0.444265633821,0.0808080807328,0.894320726395,-0.269917428493,1.16423821449
0.475998878479,0.0808080807328,0.95348149538,-0.264894604683,1.21837615967
0.507732152939,0.0808080807328,1.01168215275,-0.259866416454,1.2715485096
0.539465427399,0.0808080807328,1.06886410713,-0.254842549562,1.32370662689
0.571198701859,0.0808080807328,1.12496984005,-0.249833106995,1.37480294704
0.602931916714,0.0808080807328,1.1799428463,-0.244847521186,1.42479038239
0.634665191174,0.0808080807328,1.23372769356,-0.239896997809,1.47362470627
0.666398465633,0.0808080807328,1.28627026081,-0.234991252422,1.52126145363
0.698131680489,0.0808080807328,1.33751761913,-0.23014049232,1.56765806675
0.729864954948,0.0808080807328,1.38741827011,-0.225354924798,1.61277318001
0.761598229408,0.0808080807328,1.43592202663,-0.220645144582,1.65656721592
0.793331503868,0.0808080807328,1.48297989368,-0.216021105647,1.69900095463
0.825064778328,0.0808080807328,1.52854442596,-0.211492717266,1.74003720284
0.856797993183,0.0808080807328,1.57256984711,-0.207070156932,1.77963995934
0.888531267643,0.0808080807328,1.61501193047,-0.202763065696,1.81777501106
0.920264542103,0.0808080807328,1.65582764149,-0.198581025004,1.85440862179
0.951997756958,0.0808080807328,1.69497621059,-0.194533020258,1.88950920105
0.983731031418,0.0808080807328,1.7324180603,-0.190628141165,1.92304623127
1.01546430588,0.0808080807328,1.76811563969,-0.186875328422,1.95499098301
1.04719758034,0.0808080807328,1.80203270912,-0.183282509446,1.98531520367
1.0789308548,0.0808080807328,1.83413541317,-0.179857730865,2.01399326324
1.11066412926,0.0808080807328,1.8643913269,-0.176608294249,2.04099965096
1.14239740372,0.0808080807328,1.89276969433,-0.173541337252,2.06631112099
1.17413055897,0.0808080807328,1.91924226284,-0.170663490891,2.08990573883
1.20586383343,0.0808080807328,1.94378244877,-0.167981013656,2.11176347733
1.23759710789,0.0808080807328,1.96636545658,-0.165499150753,2.13186454773
1.26933038235,0.0808080807328,1.98696839809,-0.163223072886,2.15019154549
1.30106365681,0.0808080807328,2.0055706501,-0.161157339811,2.16672801971
1.33279693127,0.0808080807328,2.02215337753,-0.159306198359,2.1814596653
1.36453020573,0.0808080807328,2.0367000103,-0.157672464848,2.19437241554
1.39626336098,0.0808080807328,2.04919600487,-0.156259521842,2.20545554161
1.42799663544,0.0808080807328,2.05962848663,-0.155069217086,2.21469759941
1.4597299099,0.0808080807328,2.0679872036,-0.154103890061,2.22209119797
1.49146318436,0.0808080807328,2.07426357269,-0.153364166617,2.22762775421
1.52319645882,0.0808080807328,2.07845139503,-0.152850583196,2.23130202293
1.55492973328,0.0808080807328,2.08054614067,-0.152563586831,2.2331097126
1.58666300774,0.0808080807328,2.08054614067,-0.152502462268,2.23304867744
1.6183962822,0.0808080807328,2.07845139503,-0.152665987611,2.23111748695
1.65012955666,0.0808080807328,2.07426357269,-0.153052821755,2.22731637955
1.68186283112,0.0808080807328,2.0679872036,-0.153660669923,2.22164797783
1.71359610558,0.0808080807328,2.05962848663,-0.154487103224,2.21411561966
1.74532938004,0.0808080807328,2.04919600487,-0.155529052019,2.20472502708
1.77706253529,0.0808080807328,2.0367000103,-0.156782850623,2.19348287582
1.80879580975,0.0808080807328,2.02215337753,-0.158244788647,2.18039822578
1.84052908421,0.0808080807328,2.0055706501,-0.159910351038,2.16548109055
1.87226235867,0.0808080807328,1.98696839809,-0.161774739623,2.14874315262
1.90399563313,0.0808080807328,1.96636533737,-0.163832932711,2.13019824028
1.93572890759,0.0808080807328,1.94378244877,-0.166079357266,2.10986185074
1.96746218204,0.0808080807328,1.91924226284,-0.168508335948,2.08775067329
1.9991953373,0.0808080807328,1.89276957512,-0.171113729477,2.0638833046
2.03092861176,0.0808080807328,1.8643912077,-0.173889249563,2.03828048706
2.06266188622,0.0808080807328,1.83413529396,-0.176828354597,2.01096367836
2.09439516068,0.0808080807328,1.80203270912,-0.179924055934,1.98195672035
2.12612843513,0.0808080807328,1.76811552048,-0.183169692755,1.95128524303
2.15786170959,0.0808080807328,1.73241794109,-0.186557918787,1.91897583008
2.18959498405,0.0808080807328,1.69497621059,-0.190081611276,1.88505780697
2.22132825851,0.0808080807328,1.65582752228,-0.193733468652,1.84956097603
2.25306153297,0.0808080807328,1.61501169205,-0.197505906224,1.81251764297
2.28479480743,0.0808080807328,1.57256960869,-0.201391354203,1.77396094799
2.31652784348,0.0808080807328,1.52854454517,-0.205382362008,1.73392689228
2.34826135635,0.0808080807328,1.48297953606,-0.209471672773,1.69245123863
2.3799943924,0.0808080807328,1.43592202663,-0.213651284575,1.64957332611
2.41172790527,0.0808080807328,1.38741803169,-0.21791382134,1.60533189774
2.44346094131,0.0808080807328,1.33751773834,-0.22225241363,1.55977010727
2.47519421577,0.0808080807328,1.28627026081,-0.22665913403,1.51292943954
2.50692749023,0.0808080807328,1.23372757435,-0.231127038598,1.46485459805
2.53866076469,0.0808080807328,1.17994272709,-0.23564901948,1.41559171677
2.57039403915,0.0808080807328,1.12496972084,-0.240217894316,1.36518764496
2.60212731361,0.0808080807328,1.06886398792,-0.244826987386,1.31369102001
2.63386058807,0.0808080807328,1.01168203354,-0.249469727278,1.26115179062
2.66559386253,0.0808080807328,0.953481316566,-0.254139453173,1.20762073994
2.69732713699,0.0808080807328,0.894320547581,-0.258830070496,1.15315055847
2.72906041145,0.0808080807328,0.834259331226,-0.263535410166,1.09779477119
2.76079368591,0.0808080807328,0.773357987404,-0.268249511719,1.04160749912
2.79252696037,0.0808080807328,0.711678028107,-0.272967010736,0.984645009041
2.82426023483,0.0808080807328,0.649281442165,-0.277682214975,0.926963686943
2.85599327087,0.0808080807328,0.586231529713,-0.282389938831,0.868621468544
2.88772678375,0.0808080807328,0.522590339184,-0.287085622549,0.809675931931
2.91945981979,0.0808080807328,0.458424001932,-0.291764199734,0.750188231468
2.95119309425,0.0808080807328,0.393795520067,-0.296421289444,0.690216779709
2.98292636871,0.0808080807328,0.328770548105,-0.301052600145,0.629823148251
3.01465964317,0.0808080807328,0.263414561749,-0.305654257536,0.569068789482
3.04639291763,0.0808080807328,0.19779330492,-0.310222566128,0.508015871048
3.07812619209,0.0808080807328,0.131972894073,-0.314754009247,0.446726918221
3.10985946655,0.0808080807328,0.0660195946693,-0.319245278835,0.385264873505
3.14159274101,0.0808080807328,-1.81910024821e-07,-0.323693394661,0.323693215847
0,0.0909090936184,0,-0.336592644453,0.336592644453
0.0317332595587,0.0909090936184,0.0663402229548,-0.332680642605,0.399020850658
0.0634665191174,0.0909090936184,0.132613658905,-0.328651934862,0.461265593767
0.095199778676,0.0909090936184,0.198753535748,-0.324511677027,0.523265242577
0.126933038235,0.0909090936184,0.264693319798,-0.32026514411,0.584958434105
0.158666297793,0.0909090936184,0.330366522074,-0.315918117762,0.646284639835
0.190399557352,0.0909090936184,0.395707130432,-0.311476826668,0.7071839571
0.222132816911,0.0909090936184,0.46064928174,-0.306947827339,0.767597079277
0.253866076469,0.0909090936184,0.525127589703,-0.302337914705,0.82746553421
0.285599350929,0.0909090936184,0.589077234268,-0.297654658556,0.886731863022
0.317332595587,0.0909090936184,0.652433514595,-0.29290574789,0.945339262486
0.349065840244,0.0909090936184,0.715132951736,-0.288099199533,1.00323212147
0.380799114704,0.0909090936184,0.777112424374,-0.283243745565,1.06035614014
0.412532389164,0.0909090936184,0.838309288025,-0.278347581625,1.11665689945
0.444265633821,0.0909090936184,0.898662030697,-0.273420065641,1.17208206654
0.475998878479,0.0909090936184,0.958109974861,-0.268470525742,1.2265805006
0.507732152939,0.0909090936184,1.01659321785,-0.263508439064,1.28010165691
0.539465427399,0.0909090936184,1.07405269146,-0.258543461561,1.33259618282
0.571198701859,0.0909090936184,1.1304308176,-0.253586083651,1.38401687145
0.602931916714,0.0909090936184,1.18567061424,-0.248645886779,1.43431651592
0.634665191174,0.0909090936184,1.23971664906,-0.243733242154,1.48344993591
0.666398465633,0.0909090936184,1.29251420498,-0.238858759403,1.53137302399
0.698131680489,0.0909090936184,1.34401035309,-0.234032586217,1.57804298401
0.729864954948,0.0909090936184,1.39415323734,-0.229265391827,1.62341856956
0.761598229408,0.0909090936184,1.44289243221,-0.22456741333,1.66745984554
0.793331503868,0.0909090936184,1.49017870426,-0.219949230552,1.71012794971
0.825064778328,0.0909090936184,1.53596448898,-0.215421020985,1.75138545036
0.856797993183,0.0909090936184,1.58020365238,-0.210992828012,1.79119646549
0.888531267643,0.0909090936184,1.62285161018,-0.206674948335,1.82952654362
0.920264542103,0.0909090936184,1.66386556625,-0.202477023005,1.86634254456
0.951997756958,0.0909090936184,1.70320415497,-0.198408588767,1.90161275864
0.983731031418,0.0909090936184,1.74082779884,-0.194478869438,1.93530666828
1.01546430588,0.0909090936184,1.77669858932,-0.190697148442,1.96739578247
1.04719758034,0.0909090936184,1.81078028679,-0.187071442604,1.99785172939
1.0789308548,0.0909090936184,1.84303879738,-0.183610603213,2.0266494751
1.11066412926,0.0909090936184,1.87344157696,-0.180322140455,2.05376362801
1.14239740372,0.0909090936184,1.90195775032,-0.177213430405,2.07917118073
1.17413055897,0.0909090936184,1.92855882645,-0.174291357398,2.10285019875
1.20586383343,0.0909090936184,1.95321810246,-0.171562463045,2.12478065491
1.23759710789,0.0909090936184,1.97591078281,-0.16903243959,2.1449432373
1.26933038235,0.0909090936184,1.99661362171,-0.166706815362,2.16332054138
1.30106365681,0.0909090936184,2.01530623436,-0.164590299129,2.17989659309
1.33279693127,0.0909090936184,2.03196954727,-0.162687331438,2.19465684891
1.36453020573,0.0909090936184,2.04658675194,-0.161001339555,2.2075881958
1.39626336098,0.0909090936184,2.05914330482,-0.159535527229,2.21867895126
1.42799663544,0.0909090936184,2.06962656975,-0.158292636275,2.22791910172
1.4597299099,0.0909090936184,2.07802581787,-0.157274156809,2.23530006409
1.49146318436,0.0909090936184,2.08433270454,-0.156481608748,2.24081420898
1.52319645882,0.0909090936184,2.08854079247,-0.155915826559,2.24445652962
1.55492973328,0.0909090936184,2.0906457901,-0.155576780438,2.24622249603
1.58666300774,0.0909090936184,2.0906457901,-0.155464291573,2.24610996246
1.6183962822,0.0909090936184,2.08854079247,-0.15557718277,2.24411797523
1.65012955666,0.0909090936184,2.08433270454,-0.155914127827,2.24024677277
1.68186283112,0.0909090936184,2.07802581787,-0.156472966075,2.23449873924
1.71359610558,0.0909090936184,2.06962656975,-0.157251283526,2.22687792778
1.74532938004,0.0909090936184,2.05914330482,-0.15824586153,2.21738910675
1.77706253529,0.0909090936184,2.04658675194,-0.159453183413,2.20603990555
1.80879580975,0.0909090936184,2.03196954727,-0.160869628191,2.19283914566
1.84052908421,0.0909090936184,2.01530623436,-0.162490189075,2.17779636383
1.87226235867,0.0909090936184,1.99661362171,-0.164310723543,2.16092443466
1.90399563313,0.0909090936184,1.9759106636,-0.166325673461,2.14223623276
1.93572890759,0.0909090936184,1.95321810246,-0.168529495597,2.12174749374
1.96746218204,0.0909090936184,1.92855882645,-0.170916497707,2.09947538376
1.9991953373,0.0909090936184,1.90195763111,-0.173480272293,2.07543802261
2.03092861176,0.0909090936184,1.87344145775,-0.176214545965,2.04965591431
2.06266188622,0.0909090936184,1.84303867817,-0.179112821817,2.02215147018
2.09439516068,0.0909090936184,1.81078028679,-0.182168021798,1.99294829369
2.12612843513,0.0909090936184,1.77669847012,-0.185373097658,1.96207153797
2.15786170959,0.0909090936184,1.74082767963,-0.188720867038,1.92954850197
2.18959498405,0.0909090936184,1.70320415497,-0.19220392406,1.89540803432
2.22132825851,0.0909090936184,1.66386544704,-0.19581477344,1.85968017578
2.25306153297,0.0909090936184,1.62285137177,-0.199545949697,1.82239735126
2.28479480743,0.0909090936184,1.58020341396,-0.20338973403,1.7835931778
2.31652784348,0.0909090936184,1.53596460819,-0.20733872056,1.74330329895
2.34826135635,0.0909090936184,1.49017834663,-0.211385160685,1.70156347752
2.3799943924,0.0909090936184,1.44289243221,-0.215521559119,1.65841400623
2.41172790527,0.0909090936184,1.39415299892,-0.219740331173,1.61389327049
2.44346094131,0.0909090936184,1.3440104723,-0.224033907056,1.56804442406
2.47519421577,0.0909090936184,1.29251420498,-0.228394955397,1.52090919018
2.50692749023,0.0909090936184,1.23971652985,-0.232816532254,1.4725331068
2.53866076469,0.0909090936184,1.18567049503,-0.237290799618,1.42296123505
2.57039403915,0.0909090936184,1.13043069839,-0.241811439395,1.37224209309
2.60212731361,0.0909090936184,1.07405257225,-0.246371030807,1.32042360306
2.63386058807,0.0909090936184,1.01659297943,-0.250963300467,1.2675563097
2.66559386253,0.0909090936184,0.958109796047,-0.255581706762,1.21369147301
2.69732713699,0.0909090936184,0.898661851883,-0.260219812393,1.15888166428
2.72906041145,0.0909090936184,0.838309049606,-0.264871895313,1.10318088531
2.76079368591,0.0909090936184,0.777112066746,-0.269531846046,1.0466439724
2.79252696037,0.0909090936184,0.715132713318,-0.274193912745,0.98932659626
2.82426023483,0.0909090936184,0.652433216572,-0.278853088617,0.931286334991
2.85599327087,0.0909090936184,0.589077293873,-0.283503860235,0.872581124306
2.88772678375,0.0909090936184,0.52512717247,-0.288141697645,0.813268899918
2.91945981979,0.0909090936184,0.460649311543,-0.29276150465,0.753410816193
2.95119309425,0.0909090936184,0.395707130432,-0.297359347343,0.693066477776
2.98292636871,0.0909090936184,0.330366492271,-0.301930785179,0.632297277451
3.01465964317,0.0909090936184,0.264693260193,-0.306471854448,0.571165084839
3.04639291763,0.0909090936184,0.198753461242,-0.310979098082,0.509732544422
3.07812619209,0.0909090936184,0.132613524795,-0.315448880196,0.448062419891
3.10985946655,0.0909090936184,0.0663400739431,-0.319878071547,0.386218130589
3.14159274101,0.0909090936184,-1.82793073122e-07,-0.32426404953,0.324263870716
0,0.101010099053,0,-0.338139921427,0.338139921427
0.0317332595587,0.101010099053,0.0666607022285,-0.334392845631,0.401053547859
0.0634665191174,0.101010099053,0.133254304528,-0.330524682999,0.463778972626
0.095199778676,0.101010099053,0.19971370697,-0.32654055953,0.526254296303
0.126933038235,0.101010099053,0.265972018242,-0.322445243597,0.588417291641
0.158666297793,0.101010099053,0.331962525845,-0.318244218826,0.650206744671
0.190399557352,0.101010099053,0.397618770599,-0.313943326473,0.711562097073
0.222132816911,0.101010099053,0.462874650955,-0.309549421072,0.77242410183
0.253866076469,0.101010099053,0.527664422989,-0.305068284273,0.83273267746
0.285599350929,0.101010099053,0.591922998428,-0.300507932901,0.892430901527
0.317332595587,0.101010099053,0.655585408211,-0.2958753407,0.951460719109
0.349065840244,0.101010099053,0.718587756157,-0.291178762913,1.00976657867
0.380799114704,0.101010099053,0.78086656332,-0.28642603755,1.06729257107
0.412532389164,0.101010099053,0.842359125614,-0.281626164913,1.12398529053
0.444265633821,0.101010099053,0.903003454208,-0.27678796649,1.1797914505
0.475998878479,0.101010099053,0.962738573551,-0.271920770407,1.23465931416
0.507732152939,0.101010099053,1.02150428295,-0.26703363657,1.28853797913
0.539465427399,0.101010099053,1.079241395,-0.26213657856,1.34137797356
0.571198701859,0.101010099053,1.13589179516,-0.257239878178,1.39313173294
0.602931916714,0.101010099053,1.1913985014,-0.252353399992,1.44375193119
0.634665191174,0.101010099053,1.24570560455,-0.247487515211,1.49319314957
0.666398465633,0.101010099053,1.29875826836,-0.242652773857,1.54141104221
0.698131680489,0.101010099053,1.35050320625,-0.237859666348,1.58836293221
0.729864954948,0.101010099053,1.40088832378,-0.233118385077,1.63400673866
0.761598229408,0.101010099053,1.449862957,-0.228440195322,1.67830312252
0.793331503868,0.101010099053,1.49737763405,-0.223835483193,1.72121310234
0.825064778328,0.101010099053,1.54338467121,-0.2193146348,1.76269936562
0.856797993183,0.101010099053,1.58783745766,-0.214888006449,1.8027254343
0.888531267643,0.101010099053,1.63069152832,-0.210565984249,1.84125757217
0.920264542103,0.101010099053,1.67190361023,-0.206358656287,1.87826228142
0.951997756958,0.101010099053,1.71143221855,-0.202275812626,1.91370797157
0.983731031418,0.101010099053,1.74923765659,-0.198326990008,1.9475646019
1.01546430588,0.101010099053,1.78528165817,-0.19452162087,1.97980332375
1.04719758034,0.101010099053,1.81952810287,-0.190868586302,2.01039671898
1.0789308548,0.101010099053,1.85194242001,-0.187376350164,2.03931879997
1.11066412926,0.101010099053,1.88249206543,-0.184052988887,2.06654500961
1.14239740372,0.101010099053,1.91114604473,-0.180906325579,2.09205245972
1.17413055897,0.101010099053,1.93787562847,-0.177943632007,2.11581921577
1.20586383343,0.101010099053,1.96265399456,-0.17517156899,2.13782548904
1.23759710789,0.101010099053,1.98545622826,-0.172596365213,2.15805268288
1.26933038235,0.101010099053,2.00625920296,-0.170223996043,2.1764831543
1.30106365681,0.101010099053,2.02504205704,-0.168058946729,2.19310092926
1.33279693127,0.101010099053,2.04178595543,-0.166106179357,2.20789217949
1.36453020573,0.101010099053,2.05647373199,-0.164369687438,2.22084331512
1.39626336098,0.101010099053,2.06909108162,-0.162852391601,2.23194336891
1.42799663544,0.101010099053,2.07962489128,-0.161557450891,2.24118232727
1.4597299099,0.101010099053,2.08806467056,-0.160486981273,2.24855160713
1.49146318436,0.101010099053,2.0944018364,-0.159642055631,2.25404381752
1.52319645882,0.101010099053,2.09863042831,-0.159024015069,2.25765442848
1.55492973328,0.101010099053,2.10074567795,-0.158633217216,2.25937891006
1.58666300774,0.101010099053,2.10074567795,-0.158469006419,2.25921463966
1.6183962822,0.101010099053,2.09863042831,-0.158530756831,2.25716114044
1.65012955666,0.101010099053,2.0944018364,-0.158817216754,2.25321912766
1.68186283112,0.101010099053,2.08806467056,-0.159326121211,2.24739074707
1.71359610558,0.101010099053,2.07962489128,-0.160055011511,2.23967981339
1.74532938004,0.101010099053,2.06909108162,-0.161001011729,2.23009204865
1.77706253529,0.101010099053,2.05647373199,-0.162160754204,2.21863460541
1.80879580975,0.101010099053,2.04178595543,-0.163529604673,2.2053155899
1.84052908421,0.101010099053,2.02504205704,-0.165103986859,2.19014596939
1.87226235867,0.101010099053,2.00625920296,-0.166878446937,2.17313766479
1.90399563313,0.101010099053,1.98545610905,-0.168847903609,2.15430402756
1.93572890759,0.101010099053,1.96265399456,-0.171007066965,2.13366103172
1.96746218204,0.101010099053,1.93787562847,-0.173349559307,2.11122512817
1.9991953373,0.101010099053,1.91114592552,-0.175869524479,2.0870153904
2.03092861176,0.101010099053,1.88249194622,-0.178560182452,2.06105208397
2.06266188622,0.101010099053,1.8519423008,-0.181414783001,2.0333571434
2.09439516068,0.101010099053,1.81952810287,-0.184426799417,2.00395488739
2.12612843513,0.101010099053,1.78528153896,-0.187588453293,1.97286999226
2.15786170959,0.101010099053,1.74923753738,-0.190892606974,1.94013011456
2.18959498405,0.101010099053,1.71143221855,-0.194332152605,1.90576434135
2.22132825851,0.101010099053,1.67190349102,-0.19789917767,1.86980271339
2.25306153297,0.101010099053,1.6306912899,-0.201585993171,1.83227729797
2.28479480743,0.101010099053,1.58783721924,-0.205385163426,1.79322242737
2.31652784348,0.101010099053,1.54338479042,-0.209288954735,1.75267374516
2.34826135635,0.101010099053,1.49737739563,-0.213289692998,1.71066713333
2.3799943924,0.101010099053,1.449862957,-0.217379465699,1.6672424078
2.41172790527,0.101010099053,1.40088808537,-0.221550986171,1.62243902683
2.44346094131,0.101010099053,1.35050332546,-0.225796535611,1.57629990578
2.47519421577,0.101010099053,1.29875826836,-0.230108648539,1.52886688709
2.50692749023,0.101010099053,1.24570548534,-0.234480395913,1.48018586636
2.53866076469,0.101010099053,1.19139838219,-0.23890414834,1.43030250072
2.57039403915,0.101010099053,1.13589167595,-0.243373155594,1.37926483154
2.60212731361,0.101010099053,1.07924127579,-0.247880250216,1.3271214962
2.63386058807,0.101010099053,1.02150404453,-0.252418935299,1.27392292023
2.66559386253,0.101010099053,0.962738394737,-0.256983220577,1.21972155571
2.69732713699,0.101010099053,0.903003275394,-0.2615660429,1.1645693779
2.72906041145,0.101010099053,0.842358887196,-0.266161799431,1.10852074623
2.76079368591,0.101010099053,0.780866265297,-0.270764380693,1.05163061619
2.79252696037,0.101010099053,0.718587458134,-0.275368630886,0.99395608902
2.82426023483,0.101010099053,0.655585110188,-0.279968827963,0.935553908348
2.85599327087,0.101010099053,0.591923058033,-0.284559935331,0.876482963562
2.88772678375,0.101010099053,0.527664005756,-0.289137363434,0.81680136919
2.91945981979,0.101010099053,0.462874680758,-0.293696284294,0.756570935249
2.95119309425,0.101010099053,0.397618770599,-0.298232108355,0.695850849152
2.98292636871,0.101010099053,0.331962496042,-0.302741378546,0.634703874588
3.01465964317,0.101010099053,0.265971958637,-0.307219564915,0.573191523552
3.04639291763,0.101010099053,0.199713617563,-0.311663717031,0.511377334595
3.07812619209,0.101010099053,0.133254185319,-0.316069722176,0.449323892593
3.10985946655,0.101010099053,0.0666605606675,-0.32043492794,0.387095481157
3.14159274101,0.101010099053,-1.83676135634e-07,-0.324756532907,0.324756354094
0,0.111111111939,0,-0.339433699846,0.339433699846
0.0317332595587,0.111111111939,0.0669811889529,-0.335857123137,0.40283831954
0.0634665191174,0.111111111939,0.133894950151,-0.332156151533,0.466051101685
0.095199778676,0.111111111939,0.200673878193,-0.328334569931,0.529008448124
0.126933038235,0.111111111939,0.267250746489,-0.324397444725,0.591648221016
0.158666297793,0.111111111939,0.333558499813,-0.320349633694,0.653908133507
0.190399557352,0.111111111939,0.399530410767,-0.316197216511,0.715727627277
0.222132816911,0.111111111939,0.465100049973,-0.311945557594,0.777045607567
0.253866076469,0.111111111939,0.53020131588,-0.307601720095,0.837803006172
0.285599350929,0.111111111939,0.594768822193,-0.303172260523,0.897941112518
0.317332595587,0.111111111939,0.658737301826,-0.298664689064,0.957401990891
0.349065840244,0.111111111939,0.722042500973,-0.294086307287,1.01612877846
0.380799114704,0.111111111939,0.784620761871,-0.289445638657,1.07406640053
0.412532389164,0.111111111939,0.846408963203,-0.284750819206,1.13115978241
0.444265633821,0.111111111939,0.907344818115,-0.280010581017,1.18735539913
0.475998878479,0.111111111939,0.967367172241,-0.275234460831,1.24260163307
0.507732152939,0.111111111939,1.02641534805,-0.270431518555,1.29684686661
0.539465427399,0.111111111939,1.08443009853,-0.265611618757,1.35004174709
0.571198701859,0.111111111939,1.14135289192,-0.260784596205,1.40213751793
0.602931916714,0.111111111939,1.19712638855,-0.255960583687,1.45308697224
0.634665191174,0.111111111939,1.25169467926,-0.251150250435,1.5028449297
0.666398465633,0.111111111939,1.30500233173,-0.246363803744,1.55136609077
0.698131680489,0.111111111939,1.35699605942,-0.241612046957,1.59860813618
0.729864954948,0.111111111939,1.40762341022,-0.236905530095,1.64452898502
0.761598229408,0.111111111939,1.456833601,-0.232255145907,1.6890887022
0.793331503868,0.111111111939,1.50457656384,-0.227671638131,1.73224818707
0.825064778328,0.111111111939,1.55080473423,-0.223165661097,1.77397036552
0.856797993183,0.111111111939,1.59547138214,-0.218747913837,1.81421923637
0.888531267643,0.111111111939,1.63853144646,-0.21442887187,1.85296034813
0.920264542103,0.111111111939,1.67994165421,-0.21021874249,1.8901604414
0.951997756958,0.111111111939,1.71966028214,-0.206128001213,1.92578828335
0.983731031418,0.111111111939,1.75764751434,-0.202166229486,1.95981371403
1.01546430588,0.111111111939,1.79386484623,-0.198342844844,1.99220764637
1.04719758034,0.111111111939,1.82827591896,-0.194667622447,2.0229434967
1.0789308548,0.111111111939,1.86084616184,-0.191148892045,2.05199503899
1.11066412926,0.111111111939,1.8915425539,-0.187795370817,2.07933783531
1.14239740372,0.111111111939,1.92033433914,-0.184615388513,2.10494971275
1.17413055897,0.111111111939,1.9471924305,-0.181615814567,2.12880825996
1.20586383343,0.111111111939,1.97208988667,-0.178804457188,2.15089440346
1.23759710789,0.111111111939,1.99500179291,-0.176187396049,2.17118930817
1.26933038235,0.111111111939,2.01590466499,-0.173770844936,2.18967556953
1.30106365681,0.111111111939,2.03477787971,-0.171559974551,2.20633792877
1.33279693127,0.111111111939,2.05160236359,-0.16955961287,2.22116208076
1.36453020573,0.111111111939,2.06636071205,-0.167774215341,2.23413491249
1.39626336098,0.111111111939,2.07903862,-0.166207209229,2.24524593353
1.42799663544,0.111111111939,2.0896229744,-0.164861485362,2.25448441505
1.4597299099,0.111111111939,2.09810328484,-0.16373963654,2.26184296608
1.49146318436,0.111111111939,2.10447120667,-0.16284327209,2.26731443405
1.52319645882,0.111111111939,2.10872006416,-0.16217340529,2.27089357376
1.55492973328,0.111111111939,2.11084532738,-0.161730661988,2.27257609367
1.58666300774,0.111111111939,2.11084532738,-0.161514937878,2.27236032486
1.6183962822,0.111111111939,2.10872006416,-0.161525279284,2.27024531364
1.65012955666,0.111111111939,2.10447120667,-0.161760434508,2.26623153687
1.68186283112,0.111111111939,2.09810328484,-0.162218347192,2.26032161713
1.71359610558,0.111111111939,2.0896229744,-0.162896975875,2.25251984596
1.74532938004,0.111111111939,2.07903862,-0.163793250918,2.24283194542
1.77706253529,0.111111111939,2.06636071205,-0.164903402328,2.23126411438
1.80879580975,0.111111111939,2.05160236359,-0.166223734617,2.21782612801
1.84052908421,0.111111111939,2.03477787971,-0.167749553919,2.20252752304
1.87226235867,0.111111111939,2.01590466499,-0.169476076961,2.18538069725
1.90399563313,0.111111111939,1.9950016737,-0.171398296952,2.16639995575
1.93572890759,0.111111111939,1.97208988667,-0.173510223627,2.14560008049
1.96746218204,0.111111111939,1.9471924305,-0.175806030631,2.12299847603
1.9991953373,0.111111111939,1.92033421993,-0.178279459476,2.09861373901
2.03092861176,0.111111111939,1.89154243469,-0.180923849344,2.07246637344
2.06266188622,0.111111111939,1.86084592342,-0.183732330799,2.04457831383
2.09439516068,0.111111111939,1.82827591896,-0.186698019505,2.01497387886
2.12612843513,0.111111111939,1.79386472702,-0.18981333077,1.98367810249
2.15786170959,0.111111111939,1.75764739513,-0.193071290851,1.95071864128
2.18959498405,0.111111111939,1.71966028214,-0.196463868022,1.91612410545
2.22132825851,0.111111111939,1.679941535,-0.199984028935,1.87992560863
2.25306153297,0.111111111939,1.63853120804,-0.203623518348,1.84215474129
2.28479480743,0.111111111939,1.59547114372,-0.207374870777,1.8028459549
2.31652784348,0.111111111939,1.55080485344,-0.211230024695,1.76203489304
2.34826135635,0.111111111939,1.50457632542,-0.215181708336,1.71975803375
2.3799943924,0.111111111939,1.456833601,-0.219221919775,1.67605555058
2.41172790527,0.111111111939,1.40762317181,-0.223342731595,1.6309659481
2.44346094131,0.111111111939,1.35699617863,-0.227537065744,1.58453321457
2.47519421577,0.111111111939,1.30500233173,-0.231797233224,1.53679955006
2.50692749023,0.111111111939,1.25169444084,-0.23611587286,1.48781037331
2.53866076469,0.111111111939,1.19712626934,-0.240485817194,1.43761205673
2.57039403915,0.111111111939,1.14135277271,-0.244899898767,1.38625264168
2.60212731361,0.111111111939,1.08442997932,-0.249351367354,1.33378136158
2.63386058807,0.111111111939,1.02641522884,-0.253833889961,1.2802491188
2.66559386253,0.111111111939,0.967366933823,-0.258340239525,1.22570717335
2.69732713699,0.111111111939,0.907344639301,-0.262864857912,1.17020952702
2.72906041145,0.111111111939,0.846408724785,-0.267401397228,1.11381006241
2.76079368591,0.111111111939,0.784620463848,-0.271943956614,1.05656445026
2.79252696037,0.111111111939,0.722042262554,-0.276487320662,0.998529553413
2.82426023483,0.111111111939,0.658736944199,-0.281025975943,0.939762949944
2.85599327087,0.111111111939,0.594768881798,-0.285554766655,0.880323648453
2.88772678375,0.111111111939,0.530200898647,-0.290069282055,0.820270180702
2.91945981979,0.111111111939,0.465100079775,-0.294564396143,0.759664475918
2.95119309425,0.111111111939,0.399530410767,-0.299036413431,0.698566794395
2.98292636871,0.111111111939,0.333558470011,-0.303480952978,0.637039422989
3.01465964317,0.111111111939,0.267250686884,-0.307894140482,0.575144827366
3.04639291763,0.111111111939,0.200673788786,-0.312272727489,0.512946486473
3.07812619209,0.111111111939,0.133894830942,-0.316613376141,0.450508207083
3.10985946655,0.111111111939,0.0669810399413,-0.320912837982,0.387893885374
3.14159274101,0.111111111939,-1.84559198146e-07,-0.325168251991,0.325168073177
0,0.121212124825,0,-0.340466469526,0.340466469526
0.0317332595587,0.121212124825,0.0673016682267,-0.337066471577,0.404368132353
0.0634665191174,0.121212124825,0.134535595775,-0.333538204432,0.468073785305
0.095199778676,0.121212124825,0.201634019613,-0.329885691404,0.531519711018
0.126933038235,0.121212124825,0.268529444933,-0.326113343239,0.594642758369
0.158666297793,0.121212124825,0.335154443979,-0.3222258389,0.657380282879
0.190399557352,0.121212124825,0.401442021132,-0.318228632212,0.719670653343
0.222132816911,0.121212124825,0.467325359583,-0.314127504826,0.781452894211
0.253866076469,0.121212124825,0.532738149166,-0.30992859602,0.842666745186
0.285599350929,0.121212124825,0.597614526749,-0.30563813448,0.903252661228
0.317332595587,0.121212124825,0.661889076233,-0.301263600588,0.963152647018
0.349065840244,0.121212124825,0.725497186184,-0.296812295914,1.0223095417
0.380799114704,0.121212124825,0.788374900818,-0.292292028666,1.08066689968
0.412532389164,0.121212124825,0.850458681583,-0.287711083889,1.13816976547
0.444265633821,0.121212124825,0.911686122417,-0.283078223467,1.19476437569
0.475998878479,0.121212124825,0.971995592117,-0.278402149677,1.25039768219
0.507732152939,0.121212124825,1.03132641315,-0.273692339659,1.30501878262
0.539465427399,0.121212124825,1.08961868286,-0.268958419561,1.35857713223
0.571198701859,0.121212124825,1.14681386948,-0.264210134745,1.41102397442
0.602931916714,0.121212124825,1.20285415649,-0.259457886219,1.46231198311
0.634665191174,0.121212124825,1.25768351555,-0.254711836576,1.51239538193
0.666398465633,0.121212124825,1.3112462759,-0.249982446432,1.56122875214
0.698131680489,0.121212124825,1.36348867416,-0.245280906558,1.60876953602
0.729864954948,0.121212124825,1.41435837746,-0.240617394447,1.6549757719
0.761598229408,0.121212124825,1.46380388737,-0.236003383994,1.69980728626
0.793331503868,0.121212124825,1.51177537441,-0.231449127197,1.74322450161
0.825064778328,0.121212124825,1.55822479725,-0.226965978742,1.78519082069
0.856797993183,0.121212124825,1.60310506821,-0.222564727068,1.82566976547
0.888531267643,0.121212124825,1.64637124538,-0.218255966902,1.86462724209
0.920264542103,0.121212124825,1.68797957897,-0.214050143957,1.90202975273
0.951997756958,0.121212124825,1.72788822651,-0.209958106279,1.93784630299
0.983731031418,0.121212124825,1.76605713367,-0.205989509821,1.97204661369
1.01546430588,0.121212124825,1.80244779587,-0.202154532075,2.00460243225
1.04719758034,0.121212124825,1.83702349663,-0.198462590575,2.03548598289
1.0789308548,0.121212124825,1.86974954605,-0.194923147559,2.06467270851
1.11066412926,0.121212124825,1.90059292316,-0.191544488072,2.09213733673
1.14239740372,0.121212124825,1.92952239513,-0.188335478306,2.11785793304
1.17413055897,0.121212124825,1.9565089941,-0.185303628445,2.14181256294
1.20586383343,0.121212124825,1.98152565956,-0.182456642389,2.16398239136
1.23759710789,0.121212124825,2.00454711914,-0.179801046848,2.18434810638
1.26933038235,0.121212124825,2.02555012703,-0.177343532443,2.20289373398
1.30106365681,0.121212124825,2.04451346397,-0.175089493394,2.21960306168
1.33279693127,0.121212124825,2.06141853333,-0.173044130206,2.23446273804
1.36453020573,0.121212124825,2.07624745369,-0.171212151647,2.24745965004
1.39626336098,0.121212124825,2.08898591995,-0.169597044587,2.25858306885
1.42799663544,0.121212124825,2.09962105751,-0.168202131987,2.2678232193
1.4597299099,0.121212124825,2.10814189911,-0.167030185461,2.27517199516
1.49146318436,0.121212124825,2.11454033852,-0.166082844138,2.28062319756
1.52319645882,0.121212124825,2.11880946159,-0.165361791849,2.28417134285
1.55492973328,0.121212124825,2.12094497681,-0.164867430925,2.28581237793
1.58666300774,0.121212124825,2.12094497681,-0.16459967196,2.28554463387
1.6183962822,0.121212124825,2.11880946159,-0.164558291435,2.28336763382
1.65012955666,0.121212124825,2.11454033852,-0.164741650224,2.27928209305
1.68186283112,0.121212124825,2.10814189911,-0.165148168802,2.27329015732
1.71359610558,0.121212124825,2.09962105751,-0.165775328875,2.26539635658
1.74532938004,0.121212124825,2.08898591995,-0.166620418429,2.25560641289
1.77706253529,0.121212124825,2.07624745369,-0.167679712176,2.24392724037
1.80879580975,0.121212124825,2.06141853333,-0.16894942522,2.23036789894
1.84052908421,0.121212124825,2.04451346397,-0.170425072312,2.21493864059
1.87226235867,0.121212124825,2.02555012703,-0.172101870179,2.19765210152
1.90399563313,0.121212124825,2.00454688072,-0.173974499106,2.17852139473
1.93572890759,0.121212124825,1.98152565956,-0.176037102938,2.1575627327
1.96746218204,0.121212124825,1.9565089941,-0.178283706307,2.13479280472
1.9991953373,0.121212124825,1.92952227592,-0.180708110332,2.11023044586
2.03092861176,0.121212124825,1.90059268475,-0.183303415775,2.08389616013
2.06266188622,0.121212124825,1.86974942684,-0.186063036323,2.05581235886
2.09439516068,0.121212124825,1.83702349663,-0.188979521394,2.02600312233
2.12612843513,0.121212124825,1.80244767666,-0.19204570353,1.99449336529
2.15786170959,0.121212124825,1.76605701447,-0.195253923535,1.9613109827
2.18959498405,0.121212124825,1.72788822651,-0.198596984148,1.92648518085
2.22132825851,0.121212124825,1.68797945976,-0.202066794038,1.8900462389
2.25306153297,0.121212124825,1.64637100697,-0.205655828118,1.85202682018
2.28479480743,0.121212124825,1.60310482979,-0.209355905652,1.81246078014
2.31652784348,0.121212124825,1.55822491646,-0.213159441948,1.77138435841
2.34826135635,0.121212124825,1.51177513599,-0.217058584094,1.72883367538
2.3799943924,0.121212124825,1.46380388737,-0.221045568585,1.68484950066
2.41172790527,0.121212124825,1.41435813904,-0.225112780929,1.63947093487
2.44346094131,0.121212124825,1.36348879337,-0.229252502322,1.59274125099
2.47519421577,0.121212124825,1.3112462759,-0.233457118273,1.54470336437
2.50692749023,0.121212124825,1.25768339634,-0.237719535828,1.49540293217
2.53866076469,0.121212124825,1.20285403728,-0.242032289505,1.44488632679
2.57039403915,0.121212124825,1.14681375027,-0.246388524771,1.39320230484
2.60212731361,0.121212124825,1.08961856365,-0.250781178474,1.34039974213
2.63386058807,0.121212124825,1.03132617474,-0.255203694105,1.28652989864
2.66559386253,0.121212124825,0.971995413303,-0.259649634361,1.23164510727
2.69732713699,0.121212124825,0.911685943604,-0.264112889767,1.17579889297
2.72906041145,0.121212124825,0.850458443165,-0.268587142229,1.1190456152
2.76079368591,0.121212124825,0.78837454319,-0.273066908121,1.06144142151
2.79252696037,0.121212124825,0.725496947765,-0.277546584606,1.00304353237
2.82426023483,0.121212124825,0.66188877821,-0.282020926476,0.943909704685
2.85599327087,0.121212124825,0.597614586353,-0.286484926939,0.88409948349
2.88772678375,0.121212124825,0.532737672329,-0.29093387723,0.823671579361
2.91945981979,0.121212124825,0.467325389385,-0.295363098383,0.76268851757
2.95119309425,0.121212124825,0.401442021132,-0.299768477678,0.70121049881
2.98292636871,0.121212124825,0.335154414177,-0.304146200418,0.639300584793
3.01465964317,0.121212124825,0.268529385328,-0.308492183685,0.577021598816
3.04639291763,0.121212124825,0.201633945107,-0.312803298235,0.514437258244
3.07812619209,0.121212124825,0.134535461664,-0.317076146603,0.451611608267
3.10985946655,0.121212124825,0.0673015192151,-0.32130792737,0.388609439135
3.14159274101,0.121212124825,-1.85442246448e-07,-0.325495779514,0.3254956007
0,0.13131313026,0,-0.341232389212,0.341232389212
0.0317332595587,0.13131313026,0.0676221549511,-0.338013648987,0.405635803938
0.0634665191174,0.13131313026,0.135176241398,-0.334663808346,0.469840049744
0.095199778676,0.13131313026,0.202594190836,-0.331186234951,0.533780455589
0.126933038235,0.13131313026,0.26980817318,-0.327585041523,0.597393214703
0.158666297793,0.13131313026,0.33675044775,-0.323864579201,0.660615026951
0.190399557352,0.13131313026,0.403353661299,-0.320029675961,0.723383307457
0.222132816911,0.13131313026,0.469550728798,-0.316086024046,0.785636782646
0.253866076469,0.13131313026,0.535274982452,-0.312039315701,0.847314298153
0.285599350929,0.13131313026,0.600460350513,-0.30789616704,0.908356547356
0.317332595587,0.13131313026,0.665040969849,-0.303662896156,0.968703866005
0.349065840244,0.13131313026,0.728951990604,-0.299346864223,1.02829885483
0.380799114704,0.13131313026,0.792129099369,-0.29495549202,1.08708453178
0.412532389164,0.13131313026,0.854508519173,-0.290497303009,1.14500582218
0.444265633821,0.13131313026,0.916027486324,-0.285980254412,1.20200777054
0.475998878479,0.13131313026,0.976624190807,-0.281413286924,1.25803744793
0.507732152939,0.13131313026,1.03623747826,-0.276805818081,1.31304335594
0.539465427399,0.13131313026,1.0948073864,-0.272166848183,1.36697423458
0.571198701859,0.13131313026,1.15227484703,-0.267506569624,1.41978144646
0.602931916714,0.13131313026,1.20858216286,-0.262834995985,1.47141718864
0.634665191174,0.13131313026,1.26367247105,-0.258162409067,1.52183485031
0.666398465633,0.13131313026,1.31749033928,-0.253499358892,1.57098972797
0.698131680489,0.13131313026,1.36998152733,-0.248856529593,1.61883807182
0.729864954948,0.13131313026,1.4210934639,-0.244245022535,1.66533851624
0.761598229408,0.13131313026,1.47077453136,-0.23967564106,1.71045017242
0.793331503868,0.13131313026,1.51897442341,-0.235159263015,1.75413370132
0.825064778328,0.13131313026,1.56564497948,-0.230707168579,1.79635214806
0.856797993183,0.13131313026,1.61073899269,-0.226330086589,1.83706903458
0.888531267643,0.13131313026,1.65421116352,-0.222039356828,1.87625050545
0.920264542103,0.13131313026,1.69601762295,-0.217845290899,1.91386294365
0.951997756958,0.13131313026,1.73611629009,-0.213758915663,1.94987523556
0.983731031418,0.13131313026,1.77446699142,-0.209790498018,1.98425745964
1.01546430588,0.13131313026,1.81103086472,-0.205950215459,2.01698112488
1.04719758034,0.13131313026,1.8457711935,-0.202247753739,2.04801893234
1.0789308548,0.13131313026,1.87865316868,-0.198692888021,2.0773460865
1.11066412926,0.13131313026,1.90964341164,-0.195294380188,2.10493779182
1.14239740372,0.13131313026,1.93871068954,-0.192061498761,2.1307721138
1.17413055897,0.13131313026,1.96582579613,-0.18900179863,2.15482759476
1.20586383343,0.13131313026,1.99096155167,-0.186123356223,2.17708492279
1.23759710789,0.13131313026,2.01409268379,-0.183433115482,2.19752573967
1.26933038235,0.13131313026,2.03519558907,-0.180938318372,2.21613383293
1.30106365681,0.13131313026,2.05424928665,-0.178644150496,2.23289346695
1.33279693127,0.13131313026,2.07123470306,-0.176556259394,2.24779105186
1.36453020573,0.13131313026,2.08613443375,-0.174679607153,2.26081395149
1.39626336098,0.13131313026,2.09893369675,-0.173018455505,2.27195215225
1.42799663544,0.13131313026,2.10961937904,-0.171575918794,2.28119540215
1.4597299099,0.13131313026,2.1181807518,-0.170355290174,2.28853607178
1.49146318436,0.13131313026,2.12460970879,-0.16935813427,2.29396772385
1.52319645882,0.13131313026,2.12889909744,-0.16858664155,2.2974858284
1.55492973328,0.13131313026,2.13104486465,-0.168040931225,2.29908585548
1.58666300774,0.13131313026,2.13104486465,-0.167721480131,2.29876637459
1.6183962822,0.13131313026,2.12889909744,-0.167627811432,2.29652690887
1.65012955666,0.13131313026,2.12460970879,-0.167759031057,2.29236865044
1.68186283112,0.13131313026,2.1181807518,-0.168113082647,2.28629374504
1.71359610558,0.13131313026,2.10961937904,-0.168688043952,2.2783074379
1.74532938004,0.13131313026,2.09893369675,-0.169480651617,2.26841425896
1.77706253529,0.13131313026,2.08613443375,-0.170487850904,2.25662231445
1.80879580975,0.13131313026,2.07123470306,-0.171705320477,2.24293994904
1.84052908421,0.13131313026,2.05424928665,-0.173129096627,2.22737836838
1.87226235867,0.13131313026,2.03519558907,-0.174754023552,2.20994949341
1.90399563313,0.13131313026,2.01409244537,-0.176574617624,2.1906671524
1.93572890759,0.13131313026,1.99096155167,-0.178585574031,2.16954708099
1.96746218204,0.13131313026,1.96582579613,-0.180780529976,2.14660644531
1.9991953373,0.13131313026,1.93871057034,-0.183153286576,2.12186384201
2.03092861176,0.13131313026,1.90964329243,-0.185696840286,2.09534025192
2.06266188622,0.13131313026,1.87865304947,-0.188404515386,2.06705760956
2.09439516068,0.13131313026,1.8457711935,-0.191268891096,2.03703999519
2.12612843513,0.13131313026,1.81103074551,-0.19428293407,2.00531363487
2.15786170959,0.13131313026,1.77446687222,-0.197438746691,1.9719055891
2.18959498405,0.13131313026,1.73611629009,-0.200728535652,1.93684482574
2.22132825851,0.13131313026,1.69601750374,-0.204144984484,1.90016245842
2.25306153297,0.13131313026,1.6542109251,-0.207679972053,1.86189091206
2.28479480743,0.13131313026,1.61073875427,-0.211325660348,1.82206439972
2.31652784348,0.13131313026,1.56564509869,-0.215073958039,1.78071904182
2.34826135635,0.13131313026,1.51897418499,-0.218917399645,1.73789155483
2.3799943924,0.13131313026,1.47077453136,-0.222847849131,1.69362235069
2.41172790527,0.13131313026,1.42109322548,-0.226857841015,1.6479511261
2.44346094131,0.13131313026,1.36998164654,-0.230939373374,1.60092103481
2.47519421577,0.13131313026,1.31749033928,-0.235085472465,1.55257582664
2.50692749023,0.13131313026,1.26367235184,-0.239288270473,1.50296068192
2.53866076469,0.13131313026,1.20858204365,-0.24354057014,1.45212256908
2.57039403915,0.13131313026,1.15227472782,-0.247835427523,1.40011012554
2.60212731361,0.13131313026,1.09480726719,-0.252165913582,1.34697318077
2.63386058807,0.13131313026,1.03623735905,-0.256525725126,1.29276311398
2.66559386253,0.13131313026,0.976624011993,-0.260908037424,1.23753201962
2.69732713699,0.13131313026,0.91602730751,-0.265306562185,1.1813338995
2.72906041145,0.13131313026,0.854508280754,-0.26971578598,1.12422406673
2.76079368591,0.13131313026,0.792128741741,-0.274129837751,1.06625854969
2.79252696037,0.13131313026,0.728951692581,-0.278543025255,1.00749468803
2.82426023483,0.13131313026,0.665040671825,-0.282950282097,0.947990953922
2.85599327087,0.13131313026,0.600460410118,-0.287346631289,0.887807011604
2.88772678375,0.13131313026,0.53527456522,-0.29172757268,0.827002167702
2.91945981979,0.13131313026,0.4695507586,-0.296088337898,0.765639066696
2.95119309425,0.13131313026,0.403353661299,-0.300424903631,0.70377856493
2.98292636871,0.13131313026,0.336750417948,-0.304733484983,0.641483902931
3.01465964317,0.13131313026,0.269808083773,-0.309010148048,0.578818202019
3.04639291763,0.13131313026,0.202594101429,-0.313251882792,0.515846014023
3.07812619209,0.13131313026,0.135176107287,-0.317455202341,0.452631294727
3.10985946655,0.13131313026,0.0676220059395,-0.32161745429,0.38923946023
3.14159274101,0.13131313026,-1.8632530896e-07,-0.325735718012,0.325735539198
0,0.141414135695,0,-0.341725707054,0.341725707054
0.0317332595587,0.141414135695,0.0679426416755,-0.338693231344,0.40663588047
0.0634665191174,0.141414135695,0.135816887021,-0.335526973009,0.471343874931
0.095199778676,0.141414135695,0.203554362059,-0.33222964406,0.535784006119
0.126933038235,0.141414135695,0.271086871624,-0.328805238008,0.599892139435
0.158666297793,0.141414135695,0.338346421719,-0.325257867575,0.663604259491
0.190399557352,0.141414135695,0.405265301466,-0.321592032909,0.726857304573
0.222132816911,0.141414135695,0.471776098013,-0.317813128233,0.789589226246
0.253866076469,0.141414135695,0.537811875343,-0.313925951719,0.851737856865
0.285599350929,0.141414135695,0.603306174278,-0.309937268496,0.913243412971
0.317332595587,0.141414135695,0.668192863464,-0.305853188038,0.974046051502
0.349065840244,0.141414135695,0.73240673542,-0.301680386066,1.03408718109
0.380799114704,0.141414135695,0.79588329792,-0.297426760197,1.09331011772
0.412532389164,0.141414135695,0.858558356762,-0.293099462986,1.15165781975
0.444265633821,0.141414135695,0.920368909836,-0.288707315922,1.20907616615
0.475998878479,0.141414135695,0.981252789497,-0.284258425236,1.26551127434
0.507732152939,0.141414135695,1.04114866257,-0.279761999846,1.32091069221
0.539465427399,0.141414135695,1.09999608994,-0.275227248669,1.37522339821
0.571198701859,0.141414135695,1.15773594379,-0.270664036274,1.42840003967
0.602931916714,0.141414135695,1.21431005001,-0.266082316637,1.48039233685
0.634665191174,0.141414135695,1.26966154575,-0.261492311954,1.53115391731
0.666398465633,0.141414135695,1.32373440266,-0.256904661655,1.58063912392
0.698131680489,0.141414135695,1.37647438049,-0.252329915762,1.62880432606
0.729864954948,0.141414135695,1.42782855034,-0.247778862715,1.67560744286
0.761598229408,0.141414135695,1.47774505615,-0.243262961507,1.72100806236
0.793331503868,0.141414135695,1.5261733532,-0.238793045282,1.76496636868
0.825064778328,0.141414135695,1.57306516171,-0.234380334616,1.80744552612
0.856797993183,0.141414135695,1.61837291718,-0.230035930872,1.84840881824
0.888531267643,0.141414135695,1.66205108166,-0.225770905614,1.88782203197
0.920264542103,0.141414135695,1.70405566692,-0.221596255898,1.92565190792
0.951997756958,0.141414135695,1.74434435368,-0.217523008585,1.96186733246
0.983731031418,0.141414135695,1.78287684917,-0.213561609387,1.99643850327
1.01546430588,0.141414135695,1.81961405277,-0.209722712636,2.0293366909
1.04719758034,0.141414135695,1.85451900959,-0.206016033888,2.06053495407
1.0789308548,0.141414135695,1.88755679131,-0.202451974154,2.09000873566
1.11066412926,0.141414135695,1.91869390011,-0.199039384723,2.11773324013
1.14239740372,0.141414135695,1.94789886475,-0.195787519217,2.14368629456
1.17413055897,0.141414135695,1.97514247894,-0.192704945803,2.16784739494
1.20586383343,0.141414135695,2.00039744377,-0.189799711108,2.19019722939
1.23759710789,0.141414135695,2.02363824844,-0.187079191208,2.21071743965
1.26933038235,0.141414135695,2.0448410511,-0.184550002217,2.22939109802
1.30106365681,0.141414135695,2.06398534775,-0.182219192386,2.24620461464
1.33279693127,0.141414135695,2.08105111122,-0.180092051625,2.26114320755
1.36453020573,0.141414135695,2.0960214138,-0.178173542023,2.27419495583
1.39626336098,0.141414135695,2.10888123512,-0.176468625665,2.28534984589
1.42799663544,0.141414135695,2.11961770058,-0.174980446696,2.29459810257
1.4597299099,0.141414135695,2.12821960449,-0.17371237278,2.30193185806
1.49146318436,0.141414135695,2.13467884064,-0.172666475177,2.30734539032
1.52319645882,0.141414135695,2.13898873329,-0.171844914556,2.31083369255
1.55492973328,0.141414135695,2.14114451408,-0.171248465776,2.31239295006
1.58666300774,0.141414135695,2.14114451408,-0.170877441764,2.31202197075
1.6183962822,0.141414135695,2.13898873329,-0.170731782913,2.3097205162
1.65012955666,0.141414135695,2.13467884064,-0.170810252428,2.30548906326
1.68186283112,0.141414135695,2.12821960449,-0.171111404896,2.29933094978
1.71359610558,0.141414135695,2.11961770058,-0.171632856131,2.2912504673
1.74532938004,0.141414135695,2.10888123512,-0.172372028232,2.28125333786
1.77706253529,0.141414135695,2.0960214138,-0.173325449228,2.26934695244
1.80879580975,0.141414135695,2.08105111122,-0.174489319324,2.25554037094
1.84052908421,0.141414135695,2.06398534775,-0.175859168172,2.23984456062
1.87226235867,0.141414135695,2.0448410511,-0.177430033684,2.22227096558
1.90399563313,0.141414135695,2.02363801003,-0.179196819663,2.20283484459
1.93572890759,0.141414135695,2.00039744377,-0.181153610349,2.18155097961
1.96746218204,0.141414135695,1.97514247894,-0.183294400573,2.15843677521
1.9991953373,0.141414135695,1.94789874554,-0.18561270833,2.13351154327
2.03092861176,0.141414135695,1.9186937809,-0.188101857901,2.10679554939
2.06266188622,0.141414135695,1.8875566721,-0.190754592419,2.07831120491
2.09439516068,0.141414135695,1.85451900959,-0.193563982844,2.04808306694
2.12612843513,0.141414135695,1.81961393356,-0.196522325277,2.01613616943
2.15786170959,0.141414135695,1.78287672997,-0.199622273445,1.98249900341
2.18959498405,0.141414135695,1.74434435368,-0.202856168151,1.94720053673
2.22132825851,0.141414135695,1.70405554771,-0.206215560436,1.91027116776
2.25306153297,0.141414135695,1.66205084324,-0.209693431854,1.87174427509
2.28479480743,0.141414135695,1.61837255955,-0.213280960917,1.83165347576
2.31652784348,0.141414135695,1.57306528091,-0.216970786452,1.79003608227
2.34826135635,0.141414135695,1.52617311478,-0.220755055547,1.74692821503
2.3799943924,0.141414135695,1.47774505615,-0.224625587463,1.70237064362
2.41172790527,0.141414135695,1.42782831192,-0.228574752808,1.65640306473
2.44346094131,0.141414135695,1.3764744997,-0.232594937086,1.60906946659
2.47519421577,0.141414135695,1.32373440266,-0.236678406596,1.56041276455
2.50692749023,0.141414135695,1.26966142654,-0.240818187594,1.51047956944
2.53866076469,0.141414135695,1.2143099308,-0.245006874204,1.45931684971
2.57039403915,0.141414135695,1.15773582458,-0.249237090349,1.40697288513
2.60212731361,0.141414135695,1.09999597073,-0.253502458334,1.35349845886
2.63386058807,0.141414135695,1.04114842415,-0.257795989513,1.29894447327
2.66559386253,0.141414135695,0.981252610683,-0.262111455202,1.24336409569
2.69732713699,0.141414135695,0.920368731022,-0.266442745924,1.18681144714
2.72906041145,0.141414135695,0.858558118343,-0.270783782005,1.12934184074
2.76079368591,0.141414135695,0.795882940292,-0.275129050016,1.07101202011
2.79252696037,0.141414135695,0.732406497002,-0.279472976923,1.01187944412
2.82426023483,0.141414135695,0.668192505836,-0.283810377121,0.952002882957
2.85599327087,0.141414135695,0.603306233883,-0.28813663125,0.891442894936
2.88772678375,0.141414135695,0.537811398506,-0.292446911335,0.830258309841
2.91945981979,0.141414135695,0.471776127815,-0.296736717224,0.768512845039
2.95119309425,0.141414135695,0.405265301466,-0.301002264023,0.706267595291
2.98292636871,0.141414135695,0.338346391916,-0.305239588022,0.643585979939
3.01465964317,0.141414135695,0.271086812019,-0.30944493413,0.580531716347
3.04639291763,0.141414135695,0.203554272652,-0.313615113497,0.517169356346
3.07812619209,0.141414135695,0.135816767812,-0.31774699688,0.45356374979
3.10985946655,0.141414135695,0.0679424926639,-0.321837842464,0.389780342579
3.14159274101,0.141414135695,-1.87208371472e-07,-0.325885057449,0.325884878635
0,0.151515156031,0,-0.341941803694,0.341941803694
0.0317332595587,0.151515156031,0.0682631283998,-0.339099615812,0.407362759113
0.0634665191174,0.151515156031,0.136457532644,-0.336121410131,0.472578942776
0.095199778676,0.151515156031,0.20451451838,-0.333009541035,0.537524044514
0.126933038235,0.151515156031,0.272365599871,-0.329767376184,0.602132976055
0.158666297793,0.151515156031,0.339942395687,-0.326399117708,0.666341543198
0.190399557352,0.151515156031,0.407176941633,-0.322908550501,0.730085492134
0.222132816911,0.151515156031,0.47400149703,-0.319300562143,0.793302059174
0.253866076469,0.151515156031,0.54034870863,-0.315580129623,0.855928838253
0.285599350929,0.151515156031,0.606151938438,-0.31175327301,0.917905211449
0.317332595587,0.151515156031,0.671344697475,-0.307825803757,0.979170501232
0.349065840244,0.151515156031,0.735861539841,-0.30380448699,1.03966605663
0.380799114704,0.151515156031,0.799637436867,-0.299696266651,1.09933376312
0.412532389164,0.151515156031,0.862608194351,-0.295508623123,1.15811681747
0.444265633821,0.151515156031,0.924710273743,-0.291249781847,1.21596002579
0.475998878479,0.151515156031,0.985881388187,-0.286927580833,1.27280902863
0.507732152939,0.151515156031,1.04605972767,-0.282551318407,1.32861101627
0.539465427399,0.151515156031,1.10518479347,-0.278129935265,1.38331472874
0.571198701859,0.151515156031,1.16319704056,-0.273672968149,1.4368699789
0.602931916714,0.151515156031,1.22003793716,-0.269190222025,1.48922812939
0.634665191174,0.151515156031,1.27565050125,-0.264692008495,1.54034256935
0.666398465633,0.151515156031,1.32997846603,-0.260188817978,1.59016728401
0.698131680489,0.151515156031,1.38296723366,-0.255690991879,1.63865828514
0.729864954948,0.151515156031,1.43456363678,-0.251210033894,1.68577361107
0.761598229408,0.151515156031,1.48471558094,-0.246756389737,1.73147201538
0.793331503868,0.151515156031,1.53337240219,-0.242341831326,1.77571427822
0.825064778328,0.151515156031,1.58048534393,-0.237977027893,1.81846237183
0.856797993183,0.151515156031,1.62600672245,-0.233673483133,1.85968017578
0.888531267643,0.151515156031,1.66989099979,-0.229442581534,1.89933359623
0.920264542103,0.151515156031,1.7120937109,-0.225295171142,1.93738889694
0.951997756958,0.151515156031,1.75257253647,-0.221242651343,1.97381520271
0.983731031418,0.151515156031,1.79128670692,-0.217295780778,2.00858259201
1.01546430588,0.151515156031,1.82819724083,-0.213465034962,2.04166221619
1.04719758034,0.151515156031,1.86326682568,-0.209761112928,2.0730278492
1.0789308548,0.151515156031,1.89646041393,-0.206193983555,2.10265445709
1.11066412926,0.151515156031,1.92774438858,-0.202773183584,2.13051748276
1.14239740372,0.151515156031,1.95708715916,-0.199508309364,2.15659546852
1.17413055897,0.151515156031,1.98445928097,-0.196407854557,2.18086719513
1.20586383343,0.151515156031,2.00983333588,-0.193480417132,2.20331382751
1.23759710789,0.151515156031,2.03318357468,-0.190733879805,2.22391748428
1.26933038235,0.151515156031,2.05448675156,-0.18817512691,2.24266195297
1.30106365681,0.151515156031,2.07372117043,-0.185810938478,2.25953221321
1.33279693127,0.151515156031,2.09086751938,-0.183647617698,2.27451515198
1.36453020573,0.151515156031,2.10590839386,-0.181690111756,2.28759860992
1.39626336098,0.151515156031,2.1188287735,-0.179943576455,2.29877233505
1.42799663544,0.151515156031,2.12961602211,-0.178411751986,2.30802774429
1.4597299099,0.151515156031,2.13825845718,-0.177097856998,2.31535625458
1.49146318436,0.151515156031,2.14474821091,-0.176004767418,2.32075309753
1.52319645882,0.151515156031,2.14907836914,-0.175134420395,2.32421278954
1.55492973328,0.151515156031,2.15124440193,-0.174487605691,2.32573199272
1.58666300774,0.151515156031,2.15124440193,-0.174065485597,2.32530999184
1.6183962822,0.151515156031,2.14907836914,-0.173867374659,2.32294583321
1.65012955666,0.151515156031,2.14474821091,-0.173892915249,2.31864118576
1.68186283112,0.151515156031,2.13825845718,-0.174140512943,2.31239891052
1.71359610558,0.151515156031,2.12961602211,-0.174607768655,2.30422377586
1.74532938004,0.151515156031,2.1188287735,-0.175292313099,2.29412102699
1.77706253529,0.151515156031,2.10590839386,-0.17619073391,2.28209924698
1.80879580975,0.151515156031,2.09086751938,-0.177299067378,2.26816654205
1.84052908421,0.151515156031,2.07372117043,-0.178613185883,2.25233435631
1.87226235867,0.151515156031,2.05448675156,-0.180128097534,2.23461484909
1.90399563313,0.151515156031,2.03318357468,-0.181838691235,2.21502232552
1.93572890759,0.151515156031,2.00983333588,-0.183738917112,2.19357228279
1.96746218204,0.151515156031,1.98445928097,-0.185822829604,2.17028212547
1.9991953373,0.151515156031,1.95708703995,-0.188084036112,2.14517116547
2.03092861176,0.151515156031,1.92774426937,-0.190515577793,2.11825990677
2.06266188622,0.151515156031,1.89646029472,-0.193110823631,2.08957099915
2.09439516068,0.151515156031,1.86326682568,-0.195861965418,2.05912876129
2.12612843513,0.151515156031,1.82819712162,-0.198761850595,2.02695894241
2.15786170959,0.151515156031,1.79128658772,-0.201802581549,1.99308919907
2.18959498405,0.151515156031,1.75257253647,-0.20497661829,1.95754909515
2.22132825851,0.151515156031,1.71209359169,-0.208276227117,1.92036986351
2.25306153297,0.151515156031,1.66989076138,-0.211692854762,1.88158357143
2.28479480743,0.151515156031,1.62600648403,-0.21521922946,1.84122574329
2.31652784348,0.151515156031,1.58048546314,-0.218846932054,1.79933238029
2.34826135635,0.151515156031,1.53337216377,-0.222568422556,1.75594055653
2.3799943924,0.151515156031,1.48471558094,-0.226375445724,1.71109104156
2.41172790527,0.151515156031,1.43456339836,-0.230260297656,1.66482365131
2.44346094131,0.151515156031,1.38296735287,-0.234215483069,1.61718285084
2.47519421577,0.151515156031,1.32997846603,-0.23823325336,1.56821167469
2.50692749023,0.151515156031,1.27565038204,-0.242306530476,1.51795697212
2.53866076469,0.151515156031,1.22003781796,-0.246427744627,1.46646559238
2.57039403915,0.151515156031,1.16319692135,-0.250590056181,1.41378700733
2.60212731361,0.151515156031,1.10518467426,-0.254786789417,1.35997152328
2.63386058807,0.151515156031,1.04605948925,-0.259011149406,1.30507063866
2.66559386253,0.151515156031,0.985881149769,-0.263256460428,1.24913764
2.69732713699,0.151515156031,0.924710094929,-0.267517387867,1.1922274828
2.72906041145,0.151515156031,0.862607955933,-0.271787256002,1.13439524174
2.76079368591,0.151515156031,0.799637138844,-0.27606087923,1.07569801807
2.79252696037,0.151515156031,0.735861241817,-0.280332773924,1.01619398594
2.82426023483,0.151515156031,0.671344399452,-0.284597814083,0.955942213535
2.85599327087,0.151515156031,0.606151998043,-0.288851052523,0.895003080368
2.88772678375,0.151515156031,0.540348291397,-0.293088257313,0.83343654871
2.91945981979,0.151515156031,0.474001526833,-0.297304838896,0.771306395531
2.95119309425,0.151515156031,0.407176941633,-0.301496982574,0.70867395401
2.98292636871,0.151515156031,0.339942365885,-0.305660784245,0.645603179932
3.01465964317,0.151515156031,0.272365540266,-0.30979269743,0.582158207893
3.04639291763,0.151515156031,0.204514443874,-0.313889354467,0.518403768539
3.07812619209,0.151515156031,0.136457413435,-0.317948192358,0.454405605793
3.10985946655,0.151515156031,0.0682629793882,-0.321965903044,0.390228867531
3.14159274101,0.151515156031,-1.88091433984e-07,-0.32594025135,0.325940072536
0,0.161616161466,0,-0.341876804829,0.341876804829
0.0317332595587,0.161616161466,0.0685836076736,-0.339228659868,0.407812267542
0.0634665191174,0.161616161466,0.137098178267,-0.33644258976,0.473540782928
0.095199778676,0.161616161466,0.205474674702,-0.333520591259,0.538995265961
0.126933038235,0.161616161466,0.273644298315,-0.33046579361,0.604110121727
0.158666297793,0.161616161466,0.341538339853,-0.327281981707,0.66882032156
0.190399557352,0.161616161466,0.409088522196,-0.323972314596,0.733060836792
0.222132816911,0.161616161466,0.476226806641,-0.320541471243,0.796768307686
0.253866076469,0.161616161466,0.542885541916,-0.316994518042,0.85988008976
0.285599350929,0.161616161466,0.608997702599,-0.313336282969,0.922333955765
0.317332595587,0.161616161466,0.674496531487,-0.309572935104,0.984069466591
0.349065840244,0.161616161466,0.739316225052,-0.305710405111,1.04502665997
0.380799114704,0.161616161466,0.803391575813,-0.301755487919,1.10514712334
0.412532389164,0.161616161466,0.866657912731,-0.297715693712,1.16437363625
0.444265633821,0.161616161466,0.929051578045,-0.293598294258,1.2226498127
0.475998878479,0.161616161466,0.990509867668,-0.289411753416,1.27992165089
0.507732152939,0.161616161466,1.05097067356,-0.285164415836,1.336135149
0.539465427399,0.161616161466,1.1103733778,-0.280865252018,1.39123868942
0.571198701859,0.161616161466,1.1686578989,-0.276523560286,1.44518148899
0.602931916714,0.161616161466,1.22576570511,-0.272149085999,1.49791479111
0.634665191174,0.161616161466,1.28163933754,-0.267751902342,1.54939126968
0.666398465633,0.161616161466,1.3362224102,-0.263342261314,1.59956467152
0.698131680489,0.161616161466,1.38945996761,-0.258931100368,1.64839100838
0.729864954948,0.161616161466,1.4412984848,-0.254528820515,1.69582724571
0.761598229408,0.161616161466,1.49168598652,-0.250146836042,1.74183285236
0.793331503868,0.161616161466,1.54057121277,-0.245796054602,1.78636729717
0.825064778328,0.161616161466,1.58790528774,-0.241488263011,1.82939350605
0.856797993183,0.161616161466,1.63364040852,-0.237234309316,1.87087476254
0.888531267643,0.161616161466,1.67773067951,-0.233045697212,1.91077637672
0.920264542103,0.161616161466,1.72013151646,-0.228933855891,1.94906532764
0.951997756958,0.161616161466,1.76080036163,-0.224909961224,1.98571038246
0.983731031418,0.161616161466,1.79969632626,-0.22098518908,2.02068161964
1.01546430588,0.161616161466,1.83678019047,-0.217170357704,2.05395054817
1.04719758034,0.161616161466,1.87201440334,-0.213475733995,2.08549022675
1.0789308548,0.161616161466,1.90536379814,-0.209912344813,2.11527609825
1.11066412926,0.161616161466,1.93679463863,-0.206489592791,2.14328432083
1.14239740372,0.161616161466,1.96627521515,-0.203217312694,2.16949248314
1.17413055897,0.161616161466,1.99377584457,-0.20010471344,2.19388055801
1.20586383343,0.161616161466,2.01926898956,-0.19716027379,2.21642923355
1.23759710789,0.161616161466,2.04272890091,-0.194392085075,2.23712110519
1.26933038235,0.161616161466,2.06413197517,-0.1918079108,2.25593996048
1.30106365681,0.161616161466,2.08345675468,-0.189414560795,2.27287125587
1.33279693127,0.161616161466,2.10068368912,-0.187218368053,2.28790211678
1.36453020573,0.161616161466,2.1157951355,-0.185225129128,2.30102014542
1.39626336098,0.161616161466,2.12877631187,-0.183439701796,2.31221604347
1.42799663544,0.161616161466,2.13961386681,-0.181866139174,2.32148003578
1.4597299099,0.161616161466,2.14829707146,-0.180508717895,2.32880568504
1.49146318436,0.161616161466,2.15481734276,-0.179369747639,2.33418703079
1.52319645882,0.161616161466,2.15916776657,-0.178451508284,2.33761930466
1.55492973328,0.161616161466,2.16134405136,-0.177755564451,2.33909964561
1.58666300774,0.161616161466,2.16134405136,-0.177282616496,2.33862662315
1.6183962822,0.161616161466,2.15916776657,-0.177032485604,2.33620023727
1.65012955666,0.161616161466,2.15481734276,-0.177004724741,2.33182215691
1.68186283112,0.161616161466,2.14829707146,-0.177197918296,2.32549500465
1.71359610558,0.161616161466,2.13961386681,-0.177610203624,2.31722402573
1.74532938004,0.161616161466,2.12877631187,-0.178239122033,2.30701541901
1.77706253529,0.161616161466,2.1157951355,-0.179081037641,2.29487609863
1.80879580975,0.161616161466,2.10068368912,-0.180132448673,2.28081607819
1.84052908421,0.161616161466,2.08345675468,-0.181389033794,2.26484584808
1.87226235867,0.161616161466,2.06413197517,-0.182845845819,2.24697780609
1.90399563313,0.161616161466,2.04272890091,-0.184497788548,2.22722673416
1.93572890759,0.161616161466,2.01926898956,-0.186339259148,2.20560836792
1.96746218204,0.161616161466,1.99377584457,-0.188363716006,2.18213963509
1.9991953373,0.161616161466,1.96627509594,-0.190564930439,2.15684008598
2.03092861176,0.161616161466,1.93679451942,-0.192936316133,2.12973093987
2.06266188622,0.161616161466,1.90536367893,-0.195470482111,2.10083413124
2.09439516068,0.161616161466,1.87201440334,-0.198160246015,2.07017469406
2.12612843513,0.161616161466,1.83678007126,-0.200998306274,2.03777837753
2.15786170959,0.161616161466,1.79969620705,-0.203976616263,2.00367283821
2.18959498405,0.161616161466,1.76080036163,-0.207087561488,1.96788787842
2.22132825851,0.161616161466,1.72013139725,-0.210323259234,1.93045461178
2.25306153297,0.161616161466,1.67773044109,-0.213675782084,1.89140617847
2.28479480743,0.161616161466,1.6336401701,-0.217136979103,1.8507771492
2.31652784348,0.161616161466,1.58790540695,-0.220698952675,1.80860435963
2.34826135635,0.161616161466,1.54057097435,-0.224354013801,1.76492500305
2.3799943924,0.161616161466,1.49168598652,-0.228093877435,1.71977984905
2.41172790527,0.161616161466,1.44129824638,-0.231911048293,1.67320930958
2.44346094131,0.161616161466,1.38946008682,-0.235797643661,1.62525773048
2.47519421577,0.161616161466,1.3362224102,-0.239746242762,1.57596862316
2.50692749023,0.161616161466,1.28163921833,-0.243749395013,1.52538859844
2.53866076469,0.161616161466,1.2257655859,-0.24779997766,1.47356557846
2.57039403915,0.161616161466,1.16865777969,-0.25189101696,1.42054879665
2.60212731361,0.161616161466,1.11037325859,-0.256015688181,1.36638891697
2.63386058807,0.161616161466,1.05097055435,-0.260167330503,1.31113791466
2.66559386253,0.161616161466,0.99050962925,-0.264339715242,1.25484931469
2.69732713699,0.161616161466,0.929051399231,-0.268526881933,1.19757831097
2.72906041145,0.161616161466,0.866657674313,-0.2727227211,1.13938045502
2.76079368591,0.161616161466,0.803391218185,-0.276921868324,1.08031308651
2.79252696037,0.161616161466,0.739315927029,-0.281118839979,1.02043473721
2.82426023483,0.161616161466,0.674496173859,-0.285308629274,0.959804773331
2.85599327087,0.161616161466,0.608997762203,-0.28948661685,0.898484349251
2.88772678375,0.161616161466,0.542885065079,-0.29364824295,0.836533308029
2.91945981979,0.161616161466,0.476226836443,-0.297789186239,0.774016022682
2.95119309425,0.161616161466,0.409088522196,-0.301905542612,0.710994064808
2.98292636871,0.161616161466,0.341538310051,-0.305993676186,0.647531986237
3.01465964317,0.161616161466,0.27364423871,-0.310050070286,0.583694338799
3.04639291763,0.161616161466,0.205474585295,-0.314071506262,0.519546091557
3.07812619209,0.161616161466,0.137098044157,-0.318055272102,0.455153316259
3.10985946655,0.161616161466,0.068583458662,-0.321998178959,0.390581637621
3.14159274101,0.161616161466,-1.88974482285e-07,-0.32589840889,0.325898230076
0,0.171717166901,0,-0.341527760029,0.341527760029
0.0317332595587,0.171717166901,0.068904094398,-0.339076906443,0.407981008291
0.0634665191174,0.171717166901,0.137738823891,-0.336486369371,0.474225193262
0.095199778676,0.171717166901,0.206434831023,-0.333758503199,0.540193319321
0.126933038235,0.171717166901,0.274923026562,-0.330895662308,0.605818688869
0.158666297793,0.171717166901,0.343134343624,-0.327900797129,0.671035170555
0.190399557352,0.171717166901,0.411000162363,-0.324777543545,0.73577773571
0.222132816911,0.171717166901,0.478452175856,-0.321529954672,0.799982130527
0.253866076469,0.171717166901,0.545422375202,-0.318162202835,0.863584578037
0.285599350929,0.171717166901,0.611843526363,-0.314679205418,0.926522731781
0.317332595587,0.171717166901,0.677648365498,-0.311086595058,0.988734960556
0.349065840244,0.171717166901,0.742770969868,-0.307390451431,1.05016136169
0.380799114704,0.171717166901,0.807145774364,-0.303596675396,1.11074244976
0.412532389164,0.171717166901,0.87070775032,-0.299712449312,1.17042016983
0.444265633821,0.171717166901,0.933393001556,-0.29574495554,1.22913789749
0.475998878479,0.171717166901,0.995138406754,-0.29170230031,1.28684067726
0.507732152939,0.171717166901,1.05588185787,-0.287592232227,1.3434741497
0.539465427399,0.171717166901,1.11556208134,-0.283424079418,1.39898610115
0.571198701859,0.171717166901,1.17411899567,-0.279206573963,1.45332551003
0.602931916714,0.171717166901,1.23149371147,-0.274949491024,1.5064432621
0.634665191174,0.171717166901,1.28762841225,-0.270662337542,1.55829071999
0.666398465633,0.171717166901,1.34246647358,-0.266355782747,1.60882222652
0.698131680489,0.171717166901,1.39595282078,-0.262040168047,1.65799295902
0.729864954948,0.171717166901,1.44803357124,-0.25772613287,1.70575976372
0.761598229408,0.171717166901,1.49865651131,-0.253424853086,1.7520813942
0.793331503868,0.171717166901,1.54777014256,-0.249147430062,1.79691755772
0.825064778328,0.171717166901,1.59532546997,-0.244905307889,1.84023082256
0.856797993183,0.171717166901,1.641274333,-0.240709781647,1.88198411465
0.888531267643,0.171717166901,1.68557059765,-0.236572101712,1.92214274406
0.920264542103,0.171717166901,1.72816956043,-0.232504352927,1.96067392826
0.951997756958,0.171717166901,1.76902854443,-0.228517219424,1.99754571915
0.983731031418,0.171717166901,1.80810618401,-0.224622189999,2.03272843361
1.01546430588,0.171717166901,1.84536325932,-0.220830515027,2.06619381905
1.04719758034,0.171717166901,1.88076221943,-0.217152953148,2.09791517258
1.0789308548,0.171717166901,1.91426742077,-0.213599979877,2.12786746025
1.11066412926,0.171717166901,1.94584512711,-0.210181906819,2.15602707863
1.14239740372,0.171717166901,1.97546350956,-0.206908658147,2.1823720932
1.17413055897,0.171717166901,2.00309252739,-0.203789383173,2.20688199997
1.20586383343,0.171717166901,2.02870488167,-0.200833395123,2.22953820229
1.23759710789,0.171717166901,2.05227446556,-0.198048949242,2.25032329559
1.26933038235,0.171717166901,2.07377767563,-0.195443823934,2.26922154427
1.30106365681,0.171717166901,2.09319257736,-0.193025365472,2.28621792793
1.33279693127,0.171717166901,2.11049985886,-0.190800085664,2.30130004883
1.36453020573,0.171717166901,2.12568211555,-0.188774228096,2.31445646286
1.39626336098,0.171717166901,2.13872385025,-0.186952903867,2.32567667961
1.42799663544,0.171717166901,2.14961218834,-0.185340762138,2.33495283127
1.4597299099,0.171717166901,2.15833592415,-0.183941185474,2.34227705002
1.49146318436,0.171717166901,2.16488671303,-0.182758152485,2.34764480591
1.52319645882,0.171717166901,2.16925740242,-0.18179358542,2.35105109215
1.55492973328,0.171717166901,2.17144370079,-0.181049108505,2.3524928093
1.58666300774,0.171717166901,2.17144370079,-0.18052585423,2.35196948051
1.6183962822,0.171717166901,2.16925740242,-0.18022377789,2.3494811058
1.65012955666,0.171717166901,2.16488671303,-0.180142775178,2.34502959251
1.68186283112,0.171717166901,2.15833592415,-0.180281475186,2.33861732483
1.71359610558,0.171717166901,2.14961218834,-0.180638000369,2.33025026321
1.74532938004,0.171717166901,2.13872385025,-0.181209921837,2.3199338913
1.77706253529,0.171717166901,2.12568211555,-0.181993991137,2.30767607689
1.80879580975,0.171717166901,2.11049985886,-0.182986825705,2.29348659515
1.84052908421,0.171717166901,2.09319257736,-0.184184074402,2.27737665176
1.87226235867,0.171717166901,2.07377767563,-0.185580834746,2.25935840607
1.90399563313,0.171717166901,2.05227446556,-0.187172070146,2.23944664001
1.93572890759,0.171717166901,2.02870488167,-0.188951820135,2.2176566124
1.96746218204,0.171717166901,2.00309252739,-0.190914258361,2.19400668144
1.9991953373,0.171717166901,1.97546339035,-0.193052917719,2.16851639748
2.03092861176,0.171717166901,1.9458450079,-0.195360809565,2.14120578766
2.06266188622,0.171717166901,1.91426730156,-0.197831094265,2.11209845543
2.09439516068,0.171717166901,1.88076221943,-0.200456216931,2.08121848106
2.12612843513,0.171717166901,1.84536314011,-0.203228890896,2.04859209061
2.15786170959,0.171717166901,1.8081060648,-0.206141382456,2.01424741745
2.18959498405,0.171717166901,1.76902854443,-0.209185868502,1.97821438313
2.22132825851,0.171717166901,1.72816944122,-0.212354227901,1.94052362442
2.25306153297,0.171717166901,1.68557035923,-0.215638875961,1.90120923519
2.28479480743,0.171717166901,1.64127409458,-0.219031482935,1.86030554771
2.31652784348,0.171717166901,1.59532558918,-0.222524166107,1.81784975529
2.34826135635,0.171717166901,1.54776990414,-0.226108908653,1.77387881279
2.3799943924,0.171717166901,1.49865651131,-0.229778036475,1.72843456268
2.41172790527,0.171717166901,1.44803333282,-0.233523622155,1.68155694008
2.44346094131,0.171717166901,1.39595293999,-0.237338081002,1.63329100609
2.47519421577,0.171717166901,1.34246647358,-0.241213828325,1.5836802721
2.50692749023,0.171717166901,1.28762829304,-0.245143577456,1.53277182579
2.53866076469,0.171717166901,1.23149359226,-0.249119952321,1.48061358929
2.57039403915,0.171717166901,1.17411887646,-0.253136247396,1.42725515366
2.60212731361,0.171717166901,1.11556196213,-0.257185459137,1.37274742126
2.63386058807,0.171717166901,1.05588161945,-0.261261343956,1.31714296341
2.66559386253,0.171717166901,0.99513822794,-0.265357494354,1.26049566269
2.69732713699,0.171717166901,0.933392763138,-0.269467800856,1.2028605938
2.72906041145,0.171717166901,0.870707511902,-0.273586601019,1.14429414272
2.76079368591,0.171717166901,0.807145416737,-0.277708262205,1.08485364914
2.79252696037,0.171717166901,0.742770731449,-0.28182759881,1.02459836006
2.82426023483,0.171717166901,0.677648067474,-0.285939514637,0.963587582111
2.85599327087,0.171717166901,0.611843585968,-0.290039539337,0.901883125305
2.88772678375,0.171717166901,0.54542195797,-0.294123262167,0.839545249939
2.91945981979,0.171717166901,0.478452205658,-0.298186153173,0.776638388634
2.95119309425,0.171717166901,0.411000162363,-0.302224576473,0.713224768639
2.98292636871,0.171717166901,0.343134313822,-0.306235015392,0.649369359016
3.01465964317,0.171717166901,0.274922937155,-0.310213923454,0.585136890411
3.04639291763,0.171717166901,0.206434756517,-0.314158171415,0.520592927933
3.07812619209,0.171717166901,0.13773868978,-0.318064957857,0.455803632736
3.10985946655,0.171717166901,0.0689039453864,-0.321931809187,0.390835762024
3.14159274101,0.171717166901,-1.89857544797e-07,-0.325756072998,0.325755894184
0,0.181818187237,0,-0.340892642736,0.340892642736
0.0317332595587,0.181818187237,0.0692245811224,-0.33864158392,0.407866179943
0.0634665191174,0.181818187237,0.138379469514,-0.336249947548,0.474629402161
0.095199778676,0.181818187237,0.207395002246,-0.333719313145,0.541114330292
0.126933038235,0.181818187237,0.276201725006,-0.331052392721,0.60725414753
0.158666297793,0.181818187237,0.344730317593,-0.328251332045,0.672981619835
0.190399557352,0.181818187237,0.412911832333,-0.325319290161,0.738231122494
0.222132816911,0.181818187237,0.480677545071,-0.322259873152,0.80293738842
0.253866076469,0.181818187237,0.547959268093,-0.319077193737,0.86703646183
0.285599350929,0.181818187237,0.614689290524,-0.315775901079,0.930465221405
0.317332595587,0.181818187237,0.680800259113,-0.312360584736,0.993160843849
0.349065840244,0.181818187237,0.746225774288,-0.308837354183,1.05506312847
0.380799114704,0.181818187237,0.810899972916,-0.305211901665,1.11611187458
0.412532389164,0.181818187237,0.87475758791,-0.301490783691,1.176248312
0.444265633821,0.181818187237,0.937734365463,-0.297681063414,1.23541545868
0.475998878479,0.181818187237,0.999767005444,-0.293790340424,1.29355740547
0.507732152939,0.181818187237,1.06079292297,-0.289826363325,1.3506193161
0.539465427399,0.181818187237,1.12075078487,-0.285797715187,1.40654850006
0.571198701859,0.181818187237,1.17957997322,-0.281713366508,1.46129333973
0.602931916714,0.181818187237,1.23722159863,-0.277582585812,1.51480412483
0.634665191174,0.181818187237,1.29361736774,-0.27341479063,1.56703209877
0.666398465633,0.181818187237,1.34871053696,-0.269220501184,1.61793100834
0.698131680489,0.181818187237,1.40244567394,-0.265009611845,1.66745531559
0.729864954948,0.181818187237,1.45476865768,-0.260792970657,1.71556162834
0.761598229408,0.181818187237,1.50562703609,-0.256581604481,1.76220870018
0.793331503868,0.181818187237,1.55496919155,-0.252386540174,1.80735576153
0.825064778328,0.181818187237,1.6027456522,-0.248219251633,1.85096490383
0.856797993183,0.181818187237,1.64890825748,-0.244091063738,1.89299929142
0.888531267643,0.181818187237,1.69341051579,-0.240013420582,1.93342399597
0.920264542103,0.181818187237,1.73620772362,-0.235997930169,1.97220563889
0.951997756958,0.181818187237,1.77725660801,-0.232056170702,2.00931286812
0.983731031418,0.181818187237,1.81651604176,-0.228199198842,2.04471516609
1.01546430588,0.181818187237,1.85394644737,-0.224438786507,2.07838535309
1.04719758034,0.181818187237,1.88951003551,-0.220785453916,2.11029553413
1.0789308548,0.181818187237,1.9231710434,-0.217250213027,2.14042115211
1.11066412926,0.181818187237,1.95489573479,-0.213843628764,2.16873931885
1.14239740372,0.181818187237,1.98465180397,-0.21057574451,2.19522762299
1.17413055897,0.181818187237,2.01240944862,-0.207456156611,2.21986556053
1.20586383343,0.181818187237,2.03814077377,-0.204494133592,2.24263501167
1.23759710789,0.181818187237,2.06182003021,-0.201698541641,2.26351857185
1.26933038235,0.181818187237,2.08342313766,-0.199077352881,2.28250050545
1.30106365681,0.181818187237,2.10292840004,-0.196638226509,2.29956674576
1.33279693127,0.181818187237,2.12031626701,-0.194388076663,2.31470441818
1.36453020573,0.181818187237,2.13556909561,-0.192333206534,2.32790231705
1.39626336098,0.181818187237,2.14867138863,-0.190479010344,2.33915042877
1.42799663544,0.181818187237,2.15961050987,-0.188830465078,2.34844088554
1.4597299099,0.181818187237,2.16837477684,-0.187391832471,2.35576653481
1.49146318436,0.181818187237,2.17495584488,-0.186166405678,2.36112213135
1.52319645882,0.181818187237,2.17934703827,-0.185156807303,2.36450386047
1.55492973328,0.181818187237,2.18154358864,-0.184365063906,2.36590862274
1.58666300774,0.181818187237,2.18154358864,-0.183792203665,2.3653357029
1.6183962822,0.181818187237,2.17934703827,-0.183438658714,2.36278581619
1.65012955666,0.181818187237,2.17495584488,-0.183304429054,2.35826015472
1.68186283112,0.181818187237,2.16837477684,-0.183387979865,2.35176277161
1.71359610558,0.181818187237,2.15961050987,-0.183688133955,2.34329867363
1.74532938004,0.181818187237,2.14867138863,-0.18420214951,2.33287358284
1.77706253529,0.181818187237,2.13556909561,-0.184927299619,2.32049632072
1.80879580975,0.181818187237,2.12031626701,-0.185860008001,2.30617618561
1.84052908421,0.181818187237,2.10292840004,-0.186995893717,2.28992438316
1.87226235867,0.181818187237,2.08342313766,-0.18833053112,2.27175378799
1.90399563313,0.181818187237,2.06182003021,-0.189858600497,2.25167870522
1.93572890759,0.181818187237,2.03814077377,-0.191574528813,2.22971534729
1.96746218204,0.181818187237,2.01240944862,-0.193472236395,2.20588159561
1.9991953373,0.181818187237,1.98465156555,-0.195545181632,2.18019676208
2.03092861176,0.181818187237,1.95489549637,-0.197786733508,2.15268230438
2.06266188622,0.181818187237,1.92317092419,-0.20018966496,2.12336063385
2.09439516068,0.181818187237,1.88951003551,-0.202747255564,2.09225726128
2.12612843513,0.181818187237,1.85394632816,-0.205451086164,2.05939745903
2.15786170959,0.181818187237,1.81651592255,-0.208294272423,2.02481031418
2.18959498405,0.181818187237,1.77725660801,-0.211268618703,1.98852527142
2.22132825851,0.181818187237,1.7362074852,-0.214366003871,1.95057344437
2.25306153297,0.181818187237,1.69341027737,-0.217579051852,1.91098928452
2.28479480743,0.181818187237,1.64890801907,-0.220899254084,1.86980724335
2.31652784348,0.181818187237,1.60274577141,-0.224318921566,1.82706475258
2.34826135635,0.181818187237,1.55496883392,-0.227830052376,1.7827988863
2.3799943924,0.181818187237,1.50562703609,-0.231424495578,1.73705148697
2.41172790527,0.181818187237,1.45476841927,-0.235095053911,1.68986344337
2.44346094131,0.181818187237,1.40244579315,-0.238833531737,1.64127933979
2.47519421577,0.181818187237,1.34871053696,-0.242632746696,1.59134328365
2.50692749023,0.181818187237,1.29361724854,-0.24648539722,1.54010260105
2.53866076469,0.181818187237,1.23722147942,-0.250384062529,1.48760557175
2.57039403915,0.181818187237,1.17957985401,-0.254322111607,1.43390202522
2.60212731361,0.181818187237,1.12075066566,-0.258292764425,1.37904345989
2.63386058807,0.181818187237,1.06079280376,-0.262289524078,1.32308232784
2.66559386253,0.181818187237,0.99976682663,-0.266306072474,1.2660728693
2.69732713699,0.181818187237,0.937734186649,-0.270336508751,1.208070755
2.72906041145,0.181818187237,0.874757349491,-0.274375140667,1.14913249016
2.76079368591,0.181818187237,0.810899615288,-0.278416574001,1.08931612968
2.79252696037,0.181818187237,0.746225476265,-0.282455503941,1.02868103981
2.82426023483,0.181818187237,0.68079996109,-0.286487042904,0.967287003994
2.85599327087,0.181818187237,0.614689350128,-0.29050642252,0.905195772648
2.88772678375,0.181818187237,0.547958791256,-0.294509708881,0.842468500137
2.91945981979,0.181818187237,0.480677574873,-0.298492312431,0.779169917107
2.95119309425,0.181818187237,0.412911832333,-0.302450805902,0.715362668037
2.98292636871,0.181818187237,0.34473028779,-0.306381374598,0.651111662388
3.01465964317,0.181818187237,0.276201665401,-0.31028085947,0.586482524872
3.04639291763,0.181818187237,0.20739492774,-0.314146280289,0.521541237831
3.07812619209,0.181818187237,0.138379350305,-0.317974597216,0.456353962421
3.10985946655,0.181818187237,0.0692244246602,-0.321763634682,0.390988051891
3.14159274101,0.181818187237,-1.90740607309e-07,-0.325510680676,0.325510501862
0,0.191919192672,0,-0.339970827103,0.339970827103
0.0317332595587,0.191919192672,0.0695450603962,-0.337921470404,0.4074665308
0.0634665191174,0.191919192672,0.139020115137,-0.335731059313,0.47475117445
0.095199778676,0.191919192672,0.208355158567,-0.333401143551,0.541756272316
0.126933038235,0.191919192672,0.27748042345,-0.330933183432,0.60841357708
0.158666297793,0.191919192672,0.346326261759,-0.328329622746,0.674655914307
0.190399557352,0.191919192672,0.414823412895,-0.325593113899,0.740416526794
0.222132816911,0.191919192672,0.482902884483,-0.322726845741,0.805629730225
0.253866076469,0.191919192672,0.550496041775,-0.319734454155,0.87023049593
0.285599350929,0.191919192672,0.617535054684,-0.316620141268,0.934155225754
0.317332595587,0.191919192672,0.683952093124,-0.313388437033,0.997340559959
0.349065840244,0.191919192672,0.749680459499,-0.31004473567,1.05972516537
0.380799114704,0.191919192672,0.814654052258,-0.306594371796,1.12124848366
0.412532389164,0.191919192672,0.87880730629,-0.303043663502,1.18185091019
0.444265633821,0.191919192672,0.942075669765,-0.299399226904,1.24147486687
0.475998878479,0.191919192672,1.00439548492,-0.295668274164,1.30006372929
0.507732152939,0.191919192672,1.06570398808,-0.291858494282,1.35756254196
0.539465427399,0.191919192672,1.1259393692,-0.287978023291,1.41391742229
0.571198701859,0.191919192672,1.18504095078,-0.284035116434,1.46907603741
0.602931916714,0.191919192672,1.24294936657,-0.280039578676,1.52298891544
0.634665191174,0.191919192672,1.29960632324,-0.2760001719,1.57560646534
0.666398465633,0.191919192672,1.35495448112,-0.271926820278,1.62688136101
0.698131680489,0.191919192672,1.4089384079,-0.26783016324,1.67676854134
0.729864954948,0.191919192672,1.46150362492,-0.263720244169,1.72522389889
0.761598229408,0.191919192672,1.51259744167,-0.259608060122,1.77220547199
0.793331503868,0.191919192672,1.56216800213,-0.255504667759,1.81767272949
0.825064778328,0.191919192672,1.61016559601,-0.251421391964,1.86158704758
0.856797993183,0.191919192672,1.65654194355,-0.247369602323,1.90391159058
0.888531267643,0.191919192672,1.70125031471,-0.243360817432,1.94461107254
0.920264542103,0.191919192672,1.74424552917,-0.239406600595,1.98365211487
0.951997756958,0.191919192672,1.78548443317,-0.235518708825,2.02100324631
0.983731031418,0.191919192672,1.82492566109,-0.231708079576,2.05663371086
1.01546430588,0.191919192672,1.86252939701,-0.227986723185,2.09051609039
1.04719758034,0.191919192672,1.89825761318,-0.224365621805,2.12262320518
1.0789308548,0.191919192672,1.93207454681,-0.220855757594,2.1529302597
1.11066412926,0.191919192672,1.96394598484,-0.217467561364,2.18141365051
1.14239740372,0.191919192672,1.99383985996,-0.214212015271,2.20805191994
1.17413055897,0.191919192672,2.02172589302,-0.211098328233,2.23282432556
1.20586383343,0.191919192672,2.04757642746,-0.208136484027,2.25571298599
1.23759710789,0.191919192672,2.07136535645,-0.205335199833,2.27670049667
1.26933038235,0.191919192672,2.09306836128,-0.202703133225,2.29577159882
1.30106365681,0.191919192672,2.1126639843,-0.200247973204,2.3129119873
1.33279693127,0.191919192672,2.13013243675,-0.19797706604,2.32810950279
1.36453020573,0.191919192672,2.14545583725,-0.195897042751,2.34135293961
1.39626336098,0.191919192672,2.158618927,-0.194013535976,2.35263252258
1.42799663544,0.191919192672,2.16960859299,-0.192331925035,2.36194062233
1.4597299099,0.191919192672,2.17841339111,-0.190856292844,2.36926960945
1.49146318436,0.191919192672,2.18502497673,-0.189590737224,2.37461566925
1.52319645882,0.191919192672,2.1894364357,-0.188537985086,2.37797451019
1.55492973328,0.191919192672,2.19164323807,-0.187700018287,2.37934327126
1.58666300774,0.191919192672,2.19164323807,-0.187078595161,2.37872171402
1.6183962822,0.191919192672,2.1894364357,-0.186673939228,2.37611031532
1.65012955666,0.191919192672,2.18502497673,-0.186486393213,2.37151145935
1.68186283112,0.191919192672,2.17841339111,-0.186514824629,2.36492824554
1.71359610558,0.191919192672,2.16960859299,-0.186757832766,2.35636639595
1.74532938004,0.191919192672,2.158618927,-0.187213212252,2.34583210945
1.77706253529,0.191919192672,2.14545583725,-0.187878161669,2.33333396912
1.80879580975,0.191919192672,2.13013243675,-0.188749164343,2.31888151169
1.84052908421,0.191919192672,2.1126639843,-0.189822033048,2.30248594284
1.87226235867,0.191919192672,2.09306836128,-0.191092461348,2.28416085243
1.90399563313,0.191919192672,2.07136511803,-0.192555084825,2.26392030716
1.93572890759,0.191919192672,2.04757642746,-0.194204419851,2.2417807579
1.96746218204,0.191919192672,2.02172589302,-0.196034640074,2.2177605629
1.9991953373,0.191919192672,1.99383962154,-0.198039084673,2.19187879562
2.03092861176,0.191919192672,1.96394586563,-0.20021122694,2.16415715218
2.06266188622,0.191919192672,1.9320744276,-0.202544093132,2.13461852074
2.09439516068,0.191919192672,1.89825761318,-0.205030232668,2.10328793526
2.12612843513,0.191919192672,1.8625292778,-0.207662120461,2.07019138336
2.15786170959,0.191919192672,1.82492554188,-0.210432186723,2.0353577137
2.18959498405,0.191919192672,1.78548443317,-0.21333271265,1.99881720543
2.22132825851,0.191919192672,1.74424540997,-0.216355785728,1.96060121059
2.25306153297,0.191919192672,1.70124995708,-0.219493314624,1.92074322701
2.28479480743,0.191919192672,1.65654170513,-0.222737506032,1.87927925587
2.31652784348,0.191919192672,1.61016571522,-0.226080164313,1.83624589443
2.34826135635,0.191919192672,1.5621676445,-0.229513660073,1.79168128967
2.3799943924,0.191919192672,1.51259744167,-0.233029916883,1.74562740326
2.41172790527,0.191919192672,1.4615033865,-0.236621454358,1.69812488556
2.44346094131,0.191919192672,1.40893852711,-0.240280389786,1.64921891689
2.47519421577,0.191919192672,1.35495448112,-0.243999496102,1.59895396233
2.50692749023,0.191919192672,1.29960620403,-0.24777135253,1.54737758636
2.53866076469,0.191919192672,1.24294924736,-0.251588881016,1.49453806877
2.57039403915,0.191919192672,1.18504083157,-0.255445301533,1.4404861927
2.60212731361,0.191919192672,1.12593924999,-0.259333819151,1.38527309895
2.63386058807,0.191919192672,1.06570374966,-0.26324814558,1.32895183563
2.66559386253,0.191919192672,1.00439524651,-0.267181962729,1.27157723904
2.69732713699,0.191919192672,0.942075490952,-0.27112954855,1.21320509911
2.72906041145,0.191919192672,0.878807067871,-0.275085180998,1.15389227867
2.76079368591,0.191919192672,0.814653754234,-0.279043287039,1.09369707108
2.79252696037,0.191919192672,0.749680161476,-0.282999098301,1.03267931938
2.82426023483,0.191919192672,0.683951735497,-0.286947309971,0.970899045467
2.85599327087,0.191919192672,0.617535114288,-0.290883988142,0.908419132233
2.88772678375,0.191919192672,0.550495624542,-0.294804245234,0.845299839973
2.91945981979,0.191919192672,0.482902914286,-0.298704504967,0.78160738945
2.95119309425,0.191919192672,0.414823412895,-0.302580595016,0.717404007912
2.98292636871,0.191919192672,0.346326231956,-0.306429475546,0.652755737305
3.01465964317,0.191919192672,0.277480363846,-0.31024774909,0.587728142738
3.04639291763,0.191919192672,0.20835506916,-0.314032465219,0.522387504578
3.07812619209,0.191919192672,0.139019981027,-0.317780703306,0.456800699234
3.10985946655,0.191919192672,0.069544903934,-0.321490049362,0.391034960747
3.14159274101,0.191919192672,-1.9162365561e-07,-0.325158536434,0.32515835762
0,0.202020198107,0,-0.338761746883,0.338761746883
0.0317332595587,0.202020198107,0.0698655471206,-0.336915761232,0.406781315804
0.0634665191174,0.202020198107,0.13966076076,-0.334928959608,0.474589705467
0.095199778676,0.202020198107,0.209315314889,-0.332801580429,0.542116880417
0.126933038235,0.202020198107,0.278759151697,-0.330535799265,0.609294950962
0.158666297793,0.202020198107,0.34792226553,-0.328133285046,0.676055550575
0.190399557352,0.202020198107,0.416735053062,-0.325596153736,0.742331206799
0.222132816911,0.202020198107,0.485128253698,-0.32292714715,0.808055400848
0.253866076469,0.202020198107,0.553032934666,-0.320129871368,0.873162806034
0.285599350929,0.202020198107,0.620380818844,-0.317207753658,0.937588572502
0.317332595587,0.202020198107,0.687103927135,-0.314165264368,1.00126922131
0.349065840244,0.202020198107,0.753135204315,-0.311006814241,1.06414198875
0.380799114704,0.202020198107,0.818408250809,-0.307738155127,1.12614643574
0.412532389164,0.202020198107,0.882857143879,-0.304364532232,1.18722164631
0.444265633821,0.202020198107,0.946417033672,-0.300892561674,1.24730956554
0.475998878479,0.202020198107,1.00902402401,-0.297329127789,1.30635309219
0.507732152939,0.202020198107,1.07061505318,-0.293681323528,1.36429643631
0.539465427399,0.202020198107,1.13112807274,-0.289956867695,1.42108488083
0.571198701859,0.202020198107,1.19050204754,-0.286164313555,1.47666633129
0.602931916714,0.202020198107,1.24867725372,-0.282312363386,1.53098964691
0.634665191174,0.202020198107,1.30559527874,-0.278409987688,1.58400523663
0.666398465633,0.202020198107,1.3611985445,-0.274467021227,1.63566553593
0.698131680489,0.202020198107,1.41543126106,-0.270493388176,1.68592464924
0.729864954948,0.202020198107,1.46823871136,-0.266499400139,1.7347381115
0.761598229408,0.202020198107,1.51956796646,-0.26249563694,1.7820636034
0.793331503868,0.202020198107,1.56936693192,-0.258493125439,1.82786011696
0.825064778328,0.202020198107,1.61758577824,-0.25450322032,1.87208902836
0.856797993183,0.202020198107,1.66417586803,-0.250536948442,1.91471278667
0.888531267643,0.202020198107,1.70909023285,-0.246606051922,1.95569634438
0.920264542103,0.202020198107,1.75228357315,-0.242722019553,1.9950056076
0.951997756958,0.202020198107,1.79371261597,-0.238896489143,2.0326089859
0.983731031418,0.202020198107,1.83333551884,-0.235140964389,2.06847643852
1.01546430588,0.202020198107,1.87111246586,-0.231466963887,2.10257935524
1.04719758034,0.202020198107,1.90700542927,-0.227886036038,2.13489151001
1.0789308548,0.202020198107,1.94097816944,-0.224409103394,2.16538715363
1.11066412926,0.202020198107,1.97299647331,-0.221046984196,2.1940433979
1.14239740372,0.202020198107,2.00302815437,-0.217810496688,2.22083854675
1.17413055897,0.202020198107,2.03104281425,-0.214709550142,2.24575233459
1.20586383343,0.202020198107,2.05701231956,-0.211753934622,2.26876616478
1.23759710789,0.202020198107,2.0809109211,-0.208952963352,2.28986382484
1.26933038235,0.202020198107,2.10271406174,-0.20631544292,2.30902957916
1.30106365681,0.202020198107,2.12239980698,-0.203849434853,2.32624912262
1.33279693127,0.202020198107,2.13994884491,-0.201562345028,2.34151124954
1.36453020573,0.202020198107,2.15534281731,-0.199461087584,2.35480380058
1.39626336098,0.202020198107,2.16856646538,-0.197551965714,2.36611843109
1.42799663544,0.202020198107,2.1796066761,-0.19584017992,2.37544679642
1.4597299099,0.202020198107,2.1884522438,-0.194330587983,2.3827829361
1.49146318436,0.202020198107,2.195094347,-0.193027153611,2.38812160492
1.52319645882,0.202020198107,2.19952607155,-0.191932961345,2.39145898819
1.55492973328,0.202020198107,2.2017428875,-0.191050380468,2.39279317856
1.58666300774,0.202020198107,2.2017428875,-0.190381318331,2.39212417603
1.6183962822,0.202020198107,2.19952607155,-0.189926370978,2.38945245743
1.65012955666,0.202020198107,2.195094347,-0.189685702324,2.38477993011
1.68186283112,0.202020198107,2.1884522438,-0.189658910036,2.37811112404
1.71359610558,0.202020198107,2.1796066761,-0.189844220877,2.36945080757
1.74532938004,0.202020198107,2.16856646538,-0.190240040421,2.35880661011
1.77706253529,0.202020198107,2.15534281731,-0.190843582153,2.34618639946
1.80879580975,0.202020198107,2.13994884491,-0.191651329398,2.33160018921
1.84052908421,0.202020198107,2.12239980698,-0.192659467459,2.31505918503
1.87226235867,0.202020198107,2.10271406174,-0.193863674998,2.29657769203
1.90399563313,0.202020198107,2.08091068268,-0.195258677006,2.27616930008
1.93572890759,0.202020198107,2.05701231956,-0.196839049459,2.25385141373
1.96746218204,0.202020198107,2.03104281425,-0.198598876595,2.22964167595
1.9991953373,0.202020198107,2.00302791595,-0.200532034039,2.20355987549
2.03092861176,0.202020198107,1.9729963541,-0.202631652355,2.17562794685
2.06266188622,0.202020198107,1.94097805023,-0.204890877008,2.14586901665
2.09439516068,0.202020198107,1.90700542927,-0.207302391529,2.1143078804
2.12612843513,0.202020198107,1.87111234665,-0.209858715534,2.08097100258
2.15786170959,0.202020198107,1.83333539963,-0.21255235374,2.04588770866
2.18959498405,0.202020198107,1.79371261597,-0.21537540853,2.0090880394
2.22132825851,0.202020198107,1.75228345394,-0.218320190907,1.97060370445
2.25306153297,0.202020198107,1.70908987522,-0.22137850523,1.93046832085
2.28479480743,0.202020198107,1.66417551041,-0.224542692304,1.88871824741
2.31652784348,0.202020198107,1.61758589745,-0.227804839611,1.84539079666
2.34826135635,0.202020198107,1.5693666935,-0.231156975031,1.80052363873
2.3799943924,0.202020198107,1.51956796646,-0.234591007233,1.75415897369
2.41172790527,0.202020198107,1.46823847294,-0.238099783659,1.7063382864
2.44346094131,0.202020198107,1.41543138027,-0.24167534709,1.65710675716
2.47519421577,0.202020198107,1.3611985445,-0.245310738683,1.60650932789
2.50692749023,0.202020198107,1.30559515953,-0.248998150229,1.55459332466
2.53866076469,0.202020198107,1.24867713451,-0.252730876207,1.50140798092
2.57039403915,0.202020198107,1.19050192833,-0.256502091885,1.44700407982
2.60212731361,0.202020198107,1.13112795353,-0.260305225849,1.39143323898
2.63386058807,0.202020198107,1.07061481476,-0.264133691788,1.33474850655
2.66559386253,0.202020198107,1.0090239048,-0.267981737852,1.27700567245
2.69732713699,0.202020198107,0.946416854858,-0.271843343973,1.21826016903
2.72906041145,0.202020198107,0.88285690546,-0.27571284771,1.15856981277
2.76079368591,0.202020198107,0.818407893181,-0.279584854841,1.09799277782
2.79252696037,0.202020198107,0.753134965897,-0.283454716206,1.0365896225
2.82426023483,0.202020198107,0.687103629112,-0.287317335606,0.974420964718
2.85599327087,0.202020198107,0.620380938053,-0.291168391705,0.911549329758
2.88772678375,0.202020198107,0.553032457829,-0.29500362277,0.848036050797
2.91945981979,0.202020198107,0.485128283501,-0.298819065094,0.783947348595
2.95119309425,0.202020198107,0.416735053062,-0.302610993385,0.719346046448
2.98292636871,0.202020198107,0.347922235727,-0.30637601018,0.654298245907
3.01465964317,0.202020198107,0.278759092093,-0.310111165047,0.588870286942
3.04639291763,0.202020198107,0.209315240383,-0.313813328743,0.523128569126
3.07812619209,0.202020198107,0.13966062665,-0.317479908466,0.457140535116
3.10985946655,0.202020198107,0.0698653906584,-0.32110875845,0.390974164009
3.14159274101,0.202020198107,-1.92506718122e-07,-0.324697107077,0.324696928263
0,0.212121218443,0,-0.337266862392,0.337266862392
0.0317332595587,0.212121218443,0.0701860338449,-0.335625141859,0.405811190605
0.0634665191174,0.212121218443,0.140301406384,-0.333842843771,0.474144250154
0.095199778676,0.212121218443,0.210275486112,-0.331920564175,0.542196035385
0.126933038235,0.212121218443,0.280037850142,-0.329859256744,0.609897136688
0.158666297793,0.212121218443,0.349518239498,-0.32766020298,0.677178442478
0.190399557352,0.212121218443,0.41864669323,-0.325325757265,0.743972420692
0.222132816911,0.212121218443,0.487353622913,-0.322857826948,0.810211420059
0.253866076469,0.212121218443,0.555569767952,-0.320259869099,0.875829637051
0.285599350929,0.212121218443,0.623226642609,-0.317534685135,0.940761327744
0.317332595587,0.212121218443,0.690255820751,-0.314686238766,1.00494205952
0.349065840244,0.212121218443,0.756590008736,-0.311719030142,1.06830906868
0.380799114704,0.212121218443,0.82216244936,-0.308637619019,1.13080000877
0.412532389164,0.212121218443,0.886906981468,-0.305447727442,1.19235467911
0.444265633821,0.212121218443,0.950758457184,-0.302155077457,1.25291347504
0.475998878479,0.212121218443,1.0136526823,-0.298766225576,1.31241893768
0.507732152939,0.212121218443,1.07552611828,-0.295287817717,1.3708139658
0.539465427399,0.212121218443,1.13631677628,-0.291727423668,1.42804419994
0.571198701859,0.212121218443,1.19596302509,-0.288093090057,1.48405611515
0.602931916714,0.212121218443,1.25440514088,-0.284393191338,1.53879833221
0.634665191174,0.212121218443,1.31158435345,-0.280636548996,1.59222090244
0.666398465633,0.212121218443,1.36744260788,-0.276832550764,1.64427518845
0.698131680489,0.212121218443,1.42192399502,-0.272991001606,1.69491505623
0.729864954948,0.212121218443,1.4749737978,-0.269121944904,1.74409580231
0.761598229408,0.212121218443,1.52653849125,-0.265235841274,1.79177427292
0.793331503868,0.212121218443,1.5765658617,-0.261343568563,1.83790946007
0.825064778328,0.212121218443,1.62500596046,-0.257456123829,1.88246202469
0.856797993183,0.212121218443,1.67180967331,-0.253584712744,1.92539441586
0.888531267643,0.212121218443,1.71693015099,-0.249740764499,1.96667087078
0.920264542103,0.212121218443,1.76032161713,-0.245935827494,2.00625753403
0.951997756958,0.212121218443,1.80194067955,-0.242181673646,2.0441224575
0.983731031418,0.212121218443,1.84174537659,-0.238489925861,2.08023524284
1.01546430588,0.212121218443,1.87969565392,-0.234871774912,2.11456751823
1.04719758034,0.212121218443,1.91575312614,-0.231339126825,2.14709234238
1.0789308548,0.212121218443,1.94988179207,-0.227903217077,2.17778491974
1.11066412926,0.212121218443,1.98204696178,-0.224574685097,2.20662164688
1.14239740372,0.212121218443,2.01221632957,-0.221364364028,2.23358058929
1.17413055897,0.212121218443,2.04035949707,-0.218283191323,2.25864267349
1.20586383343,0.212121218443,2.06644821167,-0.215340390801,2.28178858757
1.23759710789,0.212121218443,2.09045648575,-0.212545856833,2.30300235748
1.26933038235,0.212121218443,2.11235952377,-0.209908500314,2.32226800919
1.30106365681,0.212121218443,2.13213562965,-0.207436725497,2.33957242966
1.33279693127,0.212121218443,2.14976501465,-0.205138385296,2.35490345955
1.36453020573,0.212121218443,2.16522979736,-0.203020364046,2.36825013161
1.39626336098,0.212121218443,2.17851400375,-0.201089471579,2.37960338593
1.42799663544,0.212121218443,2.18960499763,-0.199351102114,2.38895606995
1.4597299099,0.212121218443,2.1984910965,-0.197810381651,2.39630150795
1.49146318436,0.212121218443,2.20516371727,-0.196471512318,2.40163516998
1.52319645882,0.212121218443,2.2096157074,-0.195338025689,2.40495371819
1.55492973328,0.212121218443,2.21184277534,-0.194412618876,2.40625548363
1.58666300774,0.212121218443,2.21184277534,-0.193697035313,2.40553975105
1.6183962822,0.212121218443,2.2096157074,-0.19319242239,2.40280818939
1.65012955666,0.212121218443,2.20516371727,-0.192899122834,2.39806294441
1.68186283112,0.212121218443,2.1984910965,-0.192816883326,2.39130806923
1.71359610558,0.212121218443,2.18960499763,-0.192944437265,2.38254952431
1.74532938004,0.212121218443,2.17851400375,-0.193279981613,2.37179398537
1.77706253529,0.212121218443,2.16522979736,-0.193820789456,2.35905051231
1.80879580975,0.212121218443,2.14976501465,-0.194563925266,2.34432888031
1.84052908421,0.212121218443,2.13213562965,-0.195505559444,2.3276412487
1.87226235867,0.212121218443,2.11235952377,-0.19664144516,2.30900096893
1.90399563313,0.212121218443,2.09045624733,-0.197966530919,2.28842282295
1.93572890759,0.212121218443,2.06644821167,-0.199475392699,2.26592350006
1.96746218204,0.212121218443,2.04035949707,-0.201162353158,2.24152183533
1.9991953373,0.212121218443,2.01221609116,-0.203021138906,2.21523714066
2.03092861176,0.212121218443,1.98204684258,-0.205045104027,2.18709182739
2.06266188622,0.212121218443,1.94988167286,-0.207227259874,2.15710902214
2.09439516068,0.212121218443,1.91575312614,-0.209560796618,2.12531399727
2.12612843513,0.212121218443,1.87969553471,-0.21203815937,2.09173369408
2.15786170959,0.212121218443,1.84174525738,-0.214651525021,2.05639672279
2.18959498405,0.212121218443,1.80194067955,-0.217393442988,2.01933407784
2.22132825851,0.212121218443,1.76032149792,-0.220256075263,1.98057758808
2.25306153297,0.212121218443,1.71692979336,-0.22323153913,1.94016134739
2.28479480743,0.212121218443,1.67180943489,-0.226312085986,1.89812147617
2.31652784348,0.212121218443,1.62500607967,-0.229489445686,1.85449552536
2.34826135635,0.212121218443,1.57656562328,-0.232756197453,1.80932188034
2.3799943924,0.212121218443,1.52653849125,-0.236104339361,1.76264286041
2.41172790527,0.212121218443,1.47497355938,-0.239526614547,1.71450018883
2.44346094131,0.212121218443,1.42192423344,-0.2430151999,1.66493940353
2.47519421577,0.212121218443,1.36744260788,-0.246562898159,1.61400556564
2.50692749023,0.212121218443,1.31158423424,-0.250162273645,1.56174647808
2.53866076469,0.212121218443,1.25440502167,-0.253806620836,1.5082116127
2.57039403915,0.212121218443,1.19596290588,-0.257489204407,1.45345211029
2.60212731361,0.212121218443,1.13631665707,-0.261203497648,1.39752018452
2.63386058807,0.212121218443,1.07552599907,-0.264942973852,1.34046900272
2.66559386253,0.212121218443,1.01365244389,-0.268701821566,1.28235423565
2.69732713699,0.212121218443,0.95075827837,-0.272474318743,1.22323262691
2.72906041145,0.212121218443,0.88690674305,-0.276254743338,1.16316151619
2.76079368591,0.212121218443,0.822162091732,-0.280038118362,1.1022002697
2.79252696037,0.212121218443,0.756589710712,-0.283819198608,1.04040884972
2.82426023483,0.212121218443,0.690255463123,-0.28759354353,0.977849006653
2.85599327087,0.212121218443,0.623226702213,-0.291356623173,0.914583325386
2.88772678375,0.212121218443,0.555569350719,-0.295104414225,0.850673794746
2.91945981979,0.212121218443,0.487353652716,-0.298832803965,0.78618645668
2.95119309425,0.212121218443,0.41864669323,-0.302538484335,0.721185207367
2.98292636871,0.212121218443,0.349518209696,-0.306218028069,0.655736207962
3.01465964317,0.212121218443,0.280037790537,-0.309868276119,0.589906096458
3.04639291763,0.212121218443,0.210275411606,-0.313486397266,0.523761808872
3.07812619209,0.212121218443,0.140301272273,-0.317069917917,0.457371175289
3.10985946655,0.212121218443,0.0701858773828,-0.32061624527,0.390802115202
3.14159274101,0.212121218443,-1.93389780634e-07,-0.324123561382,0.324123382568
0,0.222222223878,0,-0.335488080978,0.335488080978
0.0317332595587,0.222222223878,0.0705065205693,-0.334051370621,0.404557883739
0.0634665191174,0.222222223878,0.140942066908,-0.33247461915,0.473416686058
0.095199778676,0.222222223878,0.211235657334,-0.330758184195,0.54199385643
0.126933038235,0.222222223878,0.281316578388,-0.328903079033,0.610219657421
0.158666297793,0.222222223878,0.351114213467,-0.32691013813,0.678024351597
0.190399557352,0.222222223878,0.420558333397,-0.324780851603,0.745339155197
0.222132816911,0.222222223878,0.489578992128,-0.32251739502,0.812096357346
0.253866076469,0.222222223878,0.558106660843,-0.320122212172,0.878228902817
0.285599350929,0.222222223878,0.626072466373,-0.317597895861,0.943670392036
0.317332595587,0.222222223878,0.693407714367,-0.314948290586,1.00835597515
0.349065840244,0.222222223878,0.760044753551,-0.312177211046,1.0722219944
0.380799114704,0.222222223878,0.825916647911,-0.30928888917,1.13520550728
0.412532389164,0.222222223878,0.890956819057,-0.306288570166,1.19724535942
0.444265633821,0.222222223878,0.955099821091,-0.303181380033,1.25828123093
0.475998878479,0.222222223878,1.01828122139,-0.299973666668,1.31825494766
0.507732152939,0.222222223878,1.08043730259,-0.296671807766,1.37710905075
0.539465427399,0.222222223878,1.14150547981,-0.29328301549,1.4347884655
0.571198701859,0.222222223878,1.20142412186,-0.289814829826,1.49123895168
0.602931916714,0.222222223878,1.26013314724,-0.286275029182,1.54640817642
0.634665191174,0.222222223878,1.31757330894,-0.282672613859,1.60024595261
0.666398465633,0.222222223878,1.37368667126,-0.279016196728,1.65270280838
0.698131680489,0.222222223878,1.42841684818,-0.275315463543,1.70373225212
0.729864954948,0.222222223878,1.48170888424,-0.271580308676,1.75328922272
0.761598229408,0.222222223878,1.53350901604,-0.267820745707,1.80132973194
0.793331503868,0.222222223878,1.5837649107,-0.264047712088,1.84781265259
0.825064778328,0.222222223878,1.63242614269,-0.26027187705,1.89269804955
0.856797993183,0.222222223878,1.67944359779,-0.256504505873,1.93594813347
0.888531267643,0.222222223878,1.72477006912,-0.252756685019,1.97752678394
0.920264542103,0.222222223878,1.7683596611,-0.249040156603,2.0173997879
0.951997756958,0.222222223878,1.81016874313,-0.245366320014,2.05553507805
0.983731031418,0.222222223878,1.85015523434,-0.241746902466,2.09190225601
1.01546430588,0.222222223878,1.88827884197,-0.238193422556,2.12647223473
1.04719758034,0.222222223878,1.92450094223,-0.234717428684,2.15921831131
1.0789308548,0.222222223878,1.9587854147,-0.231330394745,2.19011592865
1.11066412926,0.222222223878,1.99109745026,-0.228043213487,2.21914076805
1.14239740372,0.222222223878,2.02140450478,-0.224867135286,2.24627161026
1.17413055897,0.222222223878,2.04967617989,-0.221812337637,2.27148842812
1.20586383343,0.222222223878,2.07588410378,-0.218889266253,2.29477334023
1.23759710789,0.222222223878,2.1000020504,-0.216107472777,2.31610941887
1.26933038235,0.222222223878,2.12200498581,-0.213476330042,2.33548140526
1.30106365681,0.222222223878,2.14187145233,-0.211004346609,2.35287570953
1.33279693127,0.222222223878,2.15958142281,-0.208699628711,2.36828112602
1.36453020573,0.222222223878,2.175116539,-0.206569567323,2.38168621063
1.39626336098,0.222222223878,2.18846178055,-0.204620882869,2.39308261871
1.42799663544,0.222222223878,2.19960331917,-0.202859729528,2.40246295929
1.4597299099,0.222222223878,2.20852994919,-0.201291128993,2.40982103348
1.49146318436,0.222222223878,2.21523284912,-0.199919760227,2.41515254974
1.52319645882,0.222222223878,2.21970534325,-0.198749005795,2.41845440865
1.55492973328,0.222222223878,2.22194266319,-0.197782501578,2.41972517967
1.58666300774,0.222222223878,2.22194266319,-0.197021797299,2.41896438599
1.6183962822,0.222222223878,2.21970534325,-0.196468532085,2.41617393494
1.65012955666,0.222222223878,2.21523284912,-0.196123227477,2.41135597229
1.68186283112,0.222222223878,2.20852994919,-0.195985659957,2.40451550484
1.71359610558,0.222222223878,2.19960331917,-0.196054950356,2.39565825462
1.74532938004,0.222222223878,2.18846178055,-0.196329385042,2.38479113579
1.77706253529,0.222222223878,2.175116539,-0.196806654334,2.37192320824
1.80879580975,0.222222223878,2.15958142281,-0.197483941913,2.35706543922
1.84052908421,0.222222223878,2.14187145233,-0.198357284069,2.34022879601
1.87226235867,0.222222223878,2.12200498581,-0.199422955513,2.32142782211
1.90399563313,0.222222223878,2.10000181198,-0.200675800443,2.30067753792
1.93572890759,0.222222223878,2.07588410378,-0.202110677958,2.27799487114
1.96746218204,0.222222223878,2.04967617989,-0.203722000122,2.25339818001
1.9991953373,0.222222223878,2.02140450478,-0.20550340414,2.22690796852
2.03092861176,0.222222223878,1.99109733105,-0.207448616624,2.19854593277
2.06266188622,0.222222223878,1.95878529549,-0.20955081284,2.16833615303
2.09439516068,0.222222223878,1.92450094223,-0.211802616715,2.13630366325
2.12612843513,0.222222223878,1.88827872276,-0.214197203517,2.10247588158
2.15786170959,0.222222223878,1.85015511513,-0.216726854444,2.06688189507
2.18959498405,0.222222223878,1.81016874313,-0.219383835793,2.02955245972
2.22132825851,0.222222223878,1.76835954189,-0.222160726786,1.99052023888
2.25306153297,0.222222223878,1.72476971149,-0.225049227476,1.94981896877
2.28479480743,0.222222223878,1.67944335938,-0.22804197669,1.90748536587
2.31652784348,0.222222223878,1.6324262619,-0.2311309129,1.86355721951
2.34826135635,0.222222223878,1.58376467228,-0.234308570623,1.81807327271
2.3799943924,0.222222223878,1.53350901604,-0.237566888332,1.77107596397
2.41172790527,0.222222223878,1.48170864582,-0.240898743272,1.72260737419
2.44346094131,0.222222223878,1.4284170866,-0.244296386838,1.67271351814
2.47519421577,0.222222223878,1.37368667126,-0.247752666473,1.62143933773
2.50692749023,0.222222223878,1.31757318974,-0.251260370016,1.56883358955
2.53866076469,0.222222223878,1.26013302803,-0.254812777042,1.51494574547
2.57039403915,0.222222223878,1.20142400265,-0.25840318203,1.45982718468
2.60212731361,0.222222223878,1.14150524139,-0.262025117874,1.40353035927
2.63386058807,0.222222223878,1.08043706417,-0.2656724751,1.34610950947
2.66559386253,0.222222223878,1.01828098297,-0.269338905811,1.28761982918
2.69732713699,0.222222223878,0.955099642277,-0.273019254208,1.22811889648
2.72906041145,0.222222223878,0.890956580639,-0.276707828045,1.16766440868
2.76079368591,0.222222223878,0.825916290283,-0.280399411917,1.106315732
2.79252696037,0.222222223878,0.760044515133,-0.284089416265,1.0441339016
2.82426023483,0.222222223878,0.693407356739,-0.287772804499,0.98118019104
2.85599327087,0.222222223878,0.626072525978,-0.291445493698,0.917518019676
2.88772678375,0.222222223878,0.558106184006,-0.29510346055,0.853209614754
2.91945981979,0.222222223878,0.489579021931,-0.298742979765,0.788321971893
2.95119309425,0.222222223878,0.420558333397,-0.302360355854,0.722918689251
2.98292636871,0.222222223878,0.351114183664,-0.305952370167,0.657066583633
3.01465964317,0.222222223878,0.281316518784,-0.309515923262,0.590832471848
3.04639291763,0.222222223878,0.211235582829,-0.313048392534,0.524284005165
3.07812619209,0.222222223878,0.140941932797,-0.316547244787,0.457489192486
3.10985946655,0.222222223878,0.0705063641071,-0.320010244846,0.390516608953
3.14159274101,0.222222223878,-1.94272843146e-07,-0.323434919119,0.323434710503
0,0.232323229313,0,-0.333429038525,0.333429038525
0.0317332595587,0.232323229313,0.0708269998431,-0.332196652889,0.403023660183
0.0634665191174,0.232323229313,0.14158269763,-0.330825775862,0.472408473492
0.095199778676,0.232323229313,0.212195798755,-0.329316318035,0.541512131691
0.126933038235,0.232323229313,0.282595276833,-0.327668458223,0.610263705254
0.158666297793,0.232323229313,0.352710157633,-0.325883179903,0.678593337536
0.190399557352,0.232323229313,0.422469943762,-0.323961466551,0.746431410313
0.222132816911,0.232323229313,0.491804331541,-0.321904778481,0.813709139824
0.253866076469,0.232323229313,0.560643494129,-0.319715440273,0.880358934402
0.285599350929,0.232323229313,0.628918170929,-0.31739577651,0.946313977242
0.317332595587,0.232323229313,0.696559488773,-0.314949125051,1.01150858402
0.349065840244,0.232323229313,0.763499438763,-0.312378495932,1.07587790489
0.380799114704,0.232323229313,0.829670727253,-0.309688299894,1.13935899734
0.412532389164,0.232323229313,0.895006537437,-0.306882768869,1.2018892765
0.444265633821,0.232323229313,0.959441125393,-0.303967267275,1.26340842247
0.475998878479,0.232323229313,1.02290976048,-0.300947099924,1.3238568306
0.507732152939,0.232323229313,1.08534824848,-0.297828346491,1.38317656517
0.539465427399,0.232323229313,1.14669394493,-0.294618070126,1.44131207466
0.571198701859,0.232323229313,1.20688509941,-0.291323304176,1.49820840359
0.602931916714,0.232323229313,1.26586091518,-0.287951469421,1.55381238461
0.634665191174,0.232323229313,1.32356214523,-0.28451102972,1.60807323456
0.666398465633,0.232323229313,1.37993061543,-0.281010508537,1.66094112396
0.698131680489,0.232323229313,1.43490958214,-0.277459204197,1.71236872673
0.729864954948,0.232323229313,1.48844385147,-0.273866653442,1.76231050491
0.761598229408,0.232323229313,1.54047942162,-0.270242869854,1.81072235107
0.793331503868,0.232323229313,1.59096372128,-0.266598045826,1.85756182671
0.825064778328,0.232323229313,1.6398460865,-0.262942910194,1.9027889967
0.856797993183,0.232323229313,1.68707728386,-0.259288668633,1.94636595249
0.888531267643,0.232323229313,1.73260974884,-0.255646049976,1.98825573921
0.920264542103,0.232323229313,1.77639758587,-0.252026855946,2.02842450142
0.951997756958,0.232323229313,1.81839668751,-0.248442336917,2.06683897972
0.983731031418,0.232323229313,1.85856497288,-0.244904249907,2.10346913338
1.01546430588,0.232323229313,1.89686179161,-0.241424113512,2.13828587532
1.04719758034,0.232323229313,1.9332485199,-0.238013282418,2.17126178741
1.0789308548,0.232323229313,1.9676887989,-0.234683454037,2.20237231255
1.11066412926,0.232323229313,2.00014781952,-0.231445789337,2.23159360886
1.14239740372,0.232323229313,2.03059267998,-0.22831119597,2.25890398026
1.17413055897,0.232323229313,2.0589928627,-0.225290566683,2.28428339958
1.20586383343,0.232323229313,2.08531975746,-0.222393974662,2.30771374702
1.23759710789,0.232323229313,2.10954713821,-0.219631433487,2.3291785717
1.26933038235,0.232323229313,2.13165044785,-0.217012777925,2.34866333008
1.30106365681,0.232323229313,2.15160727501,-0.214546278119,2.36615347862
1.33279693127,0.232323229313,2.16939759254,-0.212240576744,2.38163805008
1.36453020573,0.232323229313,2.18500328064,-0.210103258491,2.39510655403
1.39626336098,0.232323229313,2.19840908051,-0.208141341805,2.40655040741
1.42799663544,0.232323229313,2.20960140228,-0.206361085176,2.41596245766
1.4597299099,0.232323229313,2.21856856346,-0.204768061638,2.42333650589
1.49146318436,0.232323229313,2.22530198097,-0.203366994858,2.42866897583
1.52319645882,0.232323229313,2.22979474068,-0.202161952853,2.43195676804
1.55492973328,0.232323229313,2.2320420742,-0.201156198978,2.43319821358
1.58666300774,0.232323229313,2.2320420742,-0.200352013111,2.43239402771
1.6183962822,0.232323229313,2.22979474068,-0.199751153588,2.42954587936
1.65012955666,0.232323229313,2.22530198097,-0.199354365468,2.42465639114
1.68186283112,0.232323229313,2.21856856346,-0.199161633849,2.417730093
1.71359610558,0.232323229313,2.20960140228,-0.199172571301,2.40877389908
1.74532938004,0.232323229313,2.19840908051,-0.199385493994,2.39779448509
1.77706253529,0.232323229313,2.18500328064,-0.199798256159,2.38480162621
1.80879580975,0.232323229313,2.16939759254,-0.2004083395,2.36980581284
1.84052908421,0.232323229313,2.15160727501,-0.201211884618,2.35281920433
1.87226235867,0.232323229313,2.13165044785,-0.20220528543,2.33385562897
1.90399563313,0.232323229313,2.10954713821,-0.203383654356,2.31293082237
1.93572890759,0.232323229313,2.08531975746,-0.204742148519,2.29006195068
1.96746218204,0.232323229313,2.0589928627,-0.206274867058,2.26526784897
1.9991953373,0.232323229313,2.03059244156,-0.207976043224,2.23856854439
2.03092861176,0.232323229313,2.0001475811,-0.209839299321,2.20998692513
2.06266188622,0.232323229313,1.9676886797,-0.211857974529,2.17954659462
2.09439516068,0.232323229313,1.9332485199,-0.214025095105,2.1472735405
2.12612843513,0.232323229313,1.8968616724,-0.216333374381,2.11319494247
2.15786170959,0.232323229313,1.85856485367,-0.218775302172,2.07734012604
2.18959498405,0.232323229313,1.81839668751,-0.22134360671,2.03974032402
2.22132825851,0.232323229313,1.77639746666,-0.224030584097,2.00042796135
2.25306153297,0.232323229313,1.73260951042,-0.226828590035,1.95943808556
2.28479480743,0.232323229313,1.68707704544,-0.229729682207,1.91680669785
2.31652784348,0.232323229313,1.63984620571,-0.232726231217,1.87257242203
2.34826135635,0.232323229313,1.59096348286,-0.23581071198,1.82677423954
2.3799943924,0.232323229313,1.54047942162,-0.23897536099,1.77945482731
2.41172790527,0.232323229313,1.48844349384,-0.242212861776,1.73065638542
2.44346094131,0.232323229313,1.43490970135,-0.24551576376,1.6804254055
2.47519421577,0.232323229313,1.37993061543,-0.248876944184,1.62880754471
2.50692749023,0.232323229313,1.32356202602,-0.252289295197,1.57585132122
2.53866076469,0.232323229313,1.26586079597,-0.255746126175,1.52160692215
2.57039403915,0.232323229313,1.20688486099,-0.259240984917,1.46612584591
2.60212731361,0.232323229313,1.14669382572,-0.262767225504,1.40946102142
2.63386058807,0.232323229313,1.08534812927,-0.266318738461,1.35166692734
2.66559386253,0.232323229313,1.02290952206,-0.269889891148,1.29279947281
2.69732713699,0.232323229313,0.959440946579,-0.273475110531,1.23291611671
2.72906041145,0.232323229313,0.895006299019,-0.27706861496,1.17207491398
2.76079368591,0.232323229313,0.82967042923,-0.280665904284,1.11033630371
2.79252696037,0.232323229313,0.763499200344,-0.284261852503,1.04776108265
2.82426023483,0.232323229313,0.696559131145,-0.28785187006,0.984411001205
2.85599327087,0.232323229313,0.628918230534,-0.291431874037,0.920350074768
2.88772678375,0.232323229313,0.560643017292,-0.294997960329,0.855641007423
2.91945981979,0.232323229313,0.491804361343,-0.298546224833,0.790350556374
2.95119309425,0.232323229313,0.422469943762,-0.302073419094,0.724543333054
2.98292636871,0.232323229313,0.352710127831,-0.305575877428,0.658285975456
3.01465964317,0.232323229313,0.282595217228,-0.309051245451,0.591646432877
3.04639291763,0.232323229313,0.212195724249,-0.312496691942,0.524692416191
3.07812619209,0.232323229313,0.141582563519,-0.315909534693,0.457492113113
3.10985946655,0.232323229313,0.0708268433809,-0.319287389517,0.390114247799
3.14159274101,0.232323229313,-1.95155891447e-07,-0.322628766298,0.322628557682
0,0.242424249649,0,-0.331093460321,0.331093460321
0.0317332595587,0.242424249649,0.0711474865675,-0.330065011978,0.401212513447
0.0634665191174,0.242424249649,0.142223343253,-0.328899949789,0.471123278141
0.095199778676,0.242424249649,0.213155969977,-0.327597200871,0.540753185749
0.126933038235,0.242424249649,0.283874005079,-0.326157450676,0.610031485558
0.158666297793,0.242424249649,0.354306161404,-0.324580878019,0.678887009621
0.190399557352,0.242424249649,0.424381583929,-0.322868019342,0.747249603271
0.222132816911,0.242424249649,0.494029700756,-0.321020364761,0.815050065517
0.253866076469,0.242424249649,0.563180327415,-0.319039553404,0.882219910622
0.285599350929,0.242424249649,0.631763994694,-0.316927582026,0.948691606522
0.317332595587,0.242424249649,0.699711382389,-0.314687073231,1.01439845562
0.349065840244,0.242424249649,0.766954243183,-0.312321156263,1.07927536964
0.380799114704,0.242424249649,0.833424925804,-0.309833139181,1.14325809479
0.412532389164,0.242424249649,0.899056375027,-0.307227402925,1.20628380775
0.444265633821,0.242424249649,0.963782548904,-0.304508686066,1.26829123497
0.475998878479,0.242424249649,1.02753829956,-0.301681697369,1.32922005653
0.507732152939,0.242424249649,1.09025943279,-0.298752814531,1.38901221752
0.539465427399,0.242424249649,1.15188264847,-0.295727699995,1.44761037827
0.571198701859,0.242424249649,1.21234607697,-0.292613089085,1.50495910645
0.602931916714,0.242424249649,1.27158880234,-0.289416670799,1.56100547314
0.634665191174,0.242424249649,1.32955121994,-0.286145925522,1.61569714546
0.666398465633,0.242424249649,1.3861746788,-0.282809406519,1.66898405552
0.698131680489,0.242424249649,1.4414024353,-0.279415756464,1.72081816196
0.729864954948,0.242424249649,1.49517893791,-0.275974303484,1.77115321159
0.761598229408,0.242424249649,1.5474499464,-0.272494733334,1.81994462013
0.793331503868,0.242424249649,1.59816265106,-0.268987029791,1.86714971066
0.825064778328,0.242424249649,1.64726626873,-0.26546177268,1.91272807121
0.856797993183,0.242424249649,1.69471120834,-0.261929661036,1.95664083958
0.888531267643,0.242424249649,1.74044966698,-0.258401364088,1.99885106087
0.920264542103,0.242424249649,1.78443562984,-0.254888445139,2.03932404518
0.951997756958,0.242424249649,1.82662475109,-0.251402258873,2.07802700996
0.983731031418,0.242424249649,1.86697483063,-0.247954428196,2.11492919922
1.01546430588,0.242424249649,1.90544486046,-0.244556263089,2.15000104904
1.04719758034,0.242424249649,1.94199633598,-0.241219311953,2.18321561813
1.0789308548,0.242424249649,1.97659242153,-0.237955063581,2.21454739571
1.11066412926,0.242424249649,2.00919818878,-0.234774872661,2.24397301674
1.14239740372,0.242424249649,2.03978085518,-0.231689810753,2.27147054672
1.17413055897,0.242424249649,2.06830954552,-0.228710740805,2.29702019691
1.20586383343,0.242424249649,2.09475564957,-0.22584797442,2.32060360909
1.23759710789,0.242424249649,2.11909270287,-0.2231118083,2.34220457077
1.26933038235,0.242424249649,2.14129590988,-0.22051165998,2.36180758476
1.30106365681,0.242424249649,2.16134309769,-0.218056708574,2.37939977646
1.33279693127,0.242424249649,2.17921376228,-0.215755432844,2.39496922493
1.36453020573,0.242424249649,2.1948902607,-0.213616043329,2.40850639343
1.39626336098,0.242424249649,2.20835661888,-0.211645483971,2.42000198364
1.42799663544,0.242424249649,2.2195994854,-0.209850281477,2.42944979668
1.4597299099,0.242424249649,2.22860741615,-0.20823648572,2.43684387207
1.49146318436,0.242424249649,2.23537135124,-0.20680898428,2.44218039513
1.52319645882,0.242424249649,2.23988437653,-0.205572113395,2.44545650482
1.55492973328,0.242424249649,2.24214196205,-0.204529315233,2.44667124748
1.58666300774,0.242424249649,2.24214196205,-0.203683376312,2.44582533836
1.6183962822,0.242424249649,2.23988437653,-0.203036084771,2.4429204464
1.65012955666,0.242424249649,2.23537135124,-0.202588662505,2.43795990944
1.68186283112,0.242424249649,2.22860741615,-0.202341482043,2.4309489727
1.71359610558,0.242424249649,2.2195994854,-0.202293887734,2.42189335823
1.74532938004,0.242424249649,2.20835661888,-0.202444657683,2.41080117226
1.77706253529,0.242424249649,2.1948902607,-0.202792182565,2.39768242836
1.80879580975,0.242424249649,2.17921376228,-0.203333795071,2.38254761696
1.84052908421,0.242424249649,2.16134309769,-0.204066038132,2.36540913582
1.87226235867,0.242424249649,2.14129590988,-0.204985320568,2.34628129005
1.90399563313,0.242424249649,2.11909270287,-0.206087201834,2.32517981529
1.93572890759,0.242424249649,2.09475564957,-0.207366585732,2.30212211609
1.96746218204,0.242424249649,2.06830954552,-0.208818227053,2.27712774277
1.9991953373,0.242424249649,2.03978085518,-0.210436314344,2.25021719933
2.03092861176,0.242424249649,2.00919818878,-0.212214559317,2.22141265869
2.06266188622,0.242424249649,1.97659230232,-0.214146286249,2.19073867798
2.09439516068,0.242424249649,1.94199633598,-0.216224908829,2.15822124481
2.12612843513,0.242424249649,1.90544474125,-0.218443244696,2.12388801575
2.15786170959,0.242424249649,1.86697471142,-0.22079411149,2.08776879311
2.18959498405,0.242424249649,1.82662475109,-0.223269835114,2.0498945713
2.22132825851,0.242424249649,1.78443551064,-0.225863218307,2.01029872894
2.25306153297,0.242424249649,1.74044942856,-0.228566363454,1.96901583672
2.28479480743,0.242424249649,1.69471096992,-0.231372013688,1.92608296871
2.31652784348,0.242424249649,1.64726638794,-0.234272167087,1.88153851032
2.34826135635,0.242424249649,1.59816241264,-0.237259477377,1.83542191982
2.3799943924,0.242424249649,1.5474499464,-0.240326598287,1.78777658939
2.41172790527,0.242424249649,1.49517858028,-0.24346575141,1.7386443615
2.44346094131,0.242424249649,1.44140255451,-0.246670216322,1.68807280064
2.47519421577,0.242424249649,1.3861746788,-0.249932348728,1.63610696793
2.50692749023,0.242424249649,1.32955110073,-0.253245741129,1.58279681206
2.53866076469,0.242424249649,1.27158868313,-0.25660353899,1.52819228172
2.57039403915,0.242424249649,1.21234595776,-0.259998977184,1.47234487534
2.60212731361,0.242424249649,1.15188252926,-0.263426214457,1.41530871391
2.63386058807,0.242424249649,1.09025919437,-0.266878902912,1.35713815689
2.66559386253,0.242424249649,1.02753806114,-0.270351529121,1.29788959026
2.69732713699,0.242424249649,0.963782310486,-0.273838311434,1.23762059212
2.72906041145,0.242424249649,0.899056136608,-0.277334213257,1.17639040947
2.76079368591,0.242424249649,0.833424568176,-0.280834197998,1.11425876617
2.79252696037,0.242424249649,0.76695394516,-0.284333586693,1.05128753185
2.82426023483,0.242424249649,0.699711024761,-0.287827789783,0.987538814545
2.85599327087,0.242424249649,0.631764054298,-0.291312903166,0.923076987267
2.88772678375,0.242424249649,0.563179850578,-0.294784754515,0.857964634895
2.91945981979,0.242424249649,0.494029730558,-0.298239916563,0.792269647121
2.95119309425,0.242424249649,0.424381583929,-0.30167478323,0.726056337357
2.98292636871,0.242424249649,0.354306131601,-0.305086404085,0.659392535686
3.01465964317,0.242424249649,0.283873915672,-0.308471918106,0.592345833778
3.04639291763,0.242424249649,0.213155895472,-0.311828494072,0.524984359741
3.07812619209,0.242424249649,0.142223209143,-0.315153926611,0.457377135754
3.10985946655,0.242424249649,0.0711473226547,-0.318445920944,0.389593243599
3.14159274101,0.242424249649,-1.96038953959e-07,-0.321702480316,0.3217022717
0,0.252525240183,0,-0.328486859798,0.328486859798
0.0317332595587,0.252525240183,0.0714679732919,-0.327661275864,0.399129241705
0.0634665191174,0.252525240183,0.142863988876,-0.326700925827,0.469564914703
0.095199778676,0.252525240183,0.2141161412,-0.325604945421,0.53972107172
0.126933038235,0.252525240183,0.285152703524,-0.324373245239,0.609525918961
0.158666297793,0.252525240183,0.355902135372,-0.323005765676,0.678907871246
0.190399557352,0.252525240183,0.426293224096,-0.321503102779,0.747796297073
0.222132816911,0.252525240183,0.496255069971,-0.31986579299,0.816120862961
0.253866076469,0.252525240183,0.565717220306,-0.318095266819,0.883812487125
0.285599350929,0.252525240183,0.634609818459,-0.316193342209,0.950803160667
0.317332595587,0.252525240183,0.7028632164,-0.314161926508,1.01702511311
0.349065840244,0.252525240183,0.770408987999,-0.312003970146,1.08241295815
0.380799114704,0.252525240183,0.837179124355,-0.309722334146,1.1469014883
0.412532389164,0.252525240183,0.903106212616,-0.307320922613,1.21042716503
0.444265633821,0.252525240183,0.968123912811,-0.304803550243,1.27292752266
0.475998878479,0.252525240183,1.03216683865,-0.302175343037,1.33434224129
0.507732152939,0.252525240183,1.09517049789,-0.29944139719,1.39461183548
0.539465427399,0.252525240183,1.15707135201,-0.296607464552,1.45367884636
0.571198701859,0.252525240183,1.21780717373,-0.293680042028,1.51148724556
0.602931916714,0.252525240183,1.27731668949,-0.290665745735,1.56798243523
0.634665191174,0.252525240183,1.33554017544,-0.287572085857,1.62311220169
0.666398465633,0.252525240183,1.39241874218,-0.284407109022,1.676825881
0.698131680489,0.252525240183,1.44789528847,-0.281179010868,1.72907423973
0.729864954948,0.252525240183,1.50191402435,-0.277896940708,1.77981090546
0.761598229408,0.252525240183,1.55442047119,-0.274569958448,1.82899045944
0.793331503868,0.252525240183,1.60536170006,-0.271208077669,1.87656974792
0.825064778328,0.252525240183,1.65468645096,-0.267821222544,1.9225076437
0.856797993183,0.252525240183,1.70234513283,-0.264420002699,1.96676516533
0.888531267643,0.252525240183,1.74828958511,-0.261015087366,2.00930476189
0.920264542103,0.252525240183,1.79247367382,-0.257617622614,2.05009126663
0.951997756958,0.252525240183,1.83485281467,-0.254238843918,2.0890917778
0.983731031418,0.252525240183,1.87538468838,-0.250889867544,2.12627458572
1.01546430588,0.252525240183,1.91402804852,-0.247582614422,2.16161060333
1.04719758034,0.252525240183,1.95074415207,-0.244328185916,2.19507241249
1.0789308548,0.252525240183,1.98549604416,-0.241138041019,2.22663402557
1.11066412926,0.252525240183,2.01824879646,-0.238023608923,2.25627231598
1.14239740372,0.252525240183,2.0489692688,-0.234996050596,2.2839653492
1.17413055897,0.252525240183,2.07762646675,-0.232066169381,2.30969262123
1.20586383343,0.252525240183,2.10419154167,-0.229244589806,2.33343601227
1.23759710789,0.252525240183,2.12863826752,-0.226541474462,2.35517978668
1.26933038235,0.252525240183,2.15094137192,-0.223966687918,2.37490797043
1.30106365681,0.252525240183,2.17107892036,-0.221529453993,2.39260840416
1.33279693127,0.252525240183,2.18903017044,-0.219238579273,2.40826869011
1.36453020573,0.252525240183,2.20477724075,-0.217102259398,2.42187952995
1.39626336098,0.252525240183,2.21830439568,-0.215127915144,2.43343234062
1.42799663544,0.252525240183,2.22959780693,-0.213322237134,2.44291996956
1.4597299099,0.252525240183,2.23864626884,-0.211691305041,2.45033764839
1.49146318436,0.252525240183,2.24544072151,-0.210240885615,2.45568156242
1.52319645882,0.252525240183,2.24997401237,-0.208974927664,2.45894885063
1.55492973328,0.252525240183,2.2522418499,-0.207897648215,2.46013951302
1.58666300774,0.252525240183,2.2522418499,-0.207011908293,2.45925378799
1.6183962822,0.252525240183,2.24997401237,-0.206319600344,2.45629358292
1.65012955666,0.252525240183,2.24544072151,-0.205822616816,2.45126342773
1.68186283112,0.252525240183,2.23864626884,-0.205521181226,2.44416737556
1.71359610558,0.252525240183,2.22959780693,-0.205415278673,2.4350130558
1.74532938004,0.252525240183,2.21830439568,-0.205503731966,2.42380809784
1.77706253529,0.252525240183,2.20477724075,-0.205785095692,2.41056227684
1.80879580975,0.252525240183,2.18903017044,-0.206257149577,2.39528727531
1.84052908421,0.252525240183,2.17107892036,-0.206916719675,2.37799572945
1.87226235867,0.252525240183,2.15094137192,-0.207760080695,2.35870146751
1.90399563313,0.252525240183,2.12863826752,-0.20878303051,2.33742141724
1.93572890759,0.252525240183,2.10419154167,-0.209981277585,2.31417274475
1.96746218204,0.252525240183,2.07762646675,-0.211349084973,2.28897547722
1.9991953373,0.252525240183,2.04896903038,-0.212880924344,2.26184988022
2.03092861176,0.252525240183,2.01824855804,-0.214571088552,2.23281955719
2.06266188622,0.252525240183,1.98549592495,-0.21641279757,2.20190882683
2.09439516068,0.252525240183,1.95074415207,-0.218399375677,2.16914343834
2.12612843513,0.252525240183,1.91402792931,-0.220524460077,2.13455247879
2.15786170959,0.252525240183,1.87538456917,-0.222780048847,2.09816455841
2.18959498405,0.252525240183,1.83485281467,-0.225159659982,2.06001257896
2.22132825851,0.252525240183,1.79247355461,-0.22765532136,2.02012896538
2.25306153297,0.252525240183,1.74828934669,-0.230259910226,1.97854924202
2.28479480743,0.252525240183,1.7023447752,-0.232965841889,1.93531060219
2.31652784348,0.252525240183,1.65468657017,-0.235765844584,1.89045238495
2.34826135635,0.252525240183,1.60536134243,-0.238652020693,1.84401333332
2.3799943924,0.252525240183,1.55442047119,-0.241617426276,1.79603791237
2.41172790527,0.252525240183,1.50191366673,-0.24465470016,1.74656832218
2.44346094131,0.252525240183,1.44789540768,-0.247756615281,1.69565200806
2.47519421577,0.252525240183,1.39241874218,-0.250916242599,1.64333498478
2.50692749023,0.252525240183,1.33554005623,-0.254126876593,1.58966696262
2.53866076469,0.252525240183,1.27731657028,-0.257381796837,1.53469836712
2.57039403915,0.252525240183,1.21780705452,-0.260674715042,1.47848176956
2.60212731361,0.252525240183,1.1570712328,-0.26399949193,1.42107069492
2.63386058807,0.252525240183,1.09517025948,-0.267350107431,1.3625203371
2.66559386253,0.252525240183,1.03216671944,-0.270720869303,1.30288755894
2.69732713699,0.252525240183,0.968123733997,-0.274106502533,1.24223017693
2.72906041145,0.252525240183,0.903105974197,-0.277501523495,1.1806075573
2.76079368591,0.252525240183,0.837178766727,-0.280901789665,1.118080616
2.79252696037,0.252525240183,0.77040874958,-0.284301877022,1.0547106266
2.82426023483,0.252525240183,0.702862918377,-0.28769788146,0.990560770035
2.85599327087,0.252525240183,0.634609878063,-0.291085481644,0.925695359707
2.88772678375,0.252525240183,0.565716743469,-0.294461131096,0.860177874565
2.91945981979,0.252525240183,0.496255099773,-0.297821193933,0.794076323509
2.95119309425,0.252525240183,0.426293224096,-0.301161855459,0.727455079556
2.98292636871,0.252525240183,0.35590210557,-0.304480701685,0.660382807255
3.01465964317,0.252525240183,0.285152643919,-0.307774871588,0.592927515507
3.04639291763,0.252525240183,0.214116051793,-0.311041563749,0.525157630444
3.07812619209,0.252525240183,0.142863854766,-0.314278036356,0.457141876221
3.10985946655,0.252525240183,0.0714678093791,-0.317483007908,0.388950824738
3.14159274101,0.252525240183,-1.96922016471e-07,-0.320653825998,0.320653617382
0,0.262626260519,0,-0.325615733862,0.325615733862
0.0317332595587,0.262626260519,0.0717884525657,-0.324991226196,0.396779686213
0.0634665191174,0.262626260519,0.1435046345,-0.324234187603,0.467738807201
0.095199778676,0.262626260519,0.21507628262,-0.323344051838,0.538420319557
0.126933038235,0.262626260519,0.286431401968,-0.322320073843,0.608751475811
0.158666297793,0.262626260519,0.357498079538,-0.321161687374,0.678659796715
0.190399557352,0.262626260519,0.428204804659,-0.319869339466,0.748074173927
0.222132816911,0.262626260519,0.498480379581,-0.318443387747,0.816923737526
0.253866076469,0.262626260519,0.568253993988,-0.316884726286,0.885138750076
0.285599350929,0.262626260519,0.637455523014,-0.315194547176,0.95265007019
0.317332595587,0.262626260519,0.706015050411,-0.31337454915,1.01938962936
0.349065840244,0.262626260519,0.77386367321,-0.311427235603,1.08529090881
0.380799114704,0.262626260519,0.840933203697,-0.309355199337,1.15028834343
0.412532389164,0.262626260519,0.907155990601,-0.3071616292,1.2143175602
0.444265633821,0.262626260519,0.972465217113,-0.304850369692,1.27731561661
0.475998878479,0.262626260519,1.03679537773,-0.302425473928,1.33922088146
0.507732152939,0.262626260519,1.100081563,-0.299891769886,1.39997339249
0.539465427399,0.262626260519,1.16225993633,-0.297254770994,1.45951473713
0.571198701859,0.262626260519,1.22326815128,-0.294520318508,1.51778841019
0.602931916714,0.262626260519,1.28304445744,-0.29169473052,1.57473921776
0.634665191174,0.262626260519,1.34152913094,-0.288785159588,1.63031435013
0.666398465633,0.262626260519,1.39866268635,-0.285798728466,1.68446135521
0.698131680489,0.262626260519,1.45438802242,-0.282743960619,1.73713195324
0.729864954948,0.262626260519,1.50864887238,-0.279628932476,1.78827786446
0.761598229408,0.262626260519,1.56139087677,-0.276462882757,1.83785378933
0.793331503868,0.262626260519,1.61256051064,-0.273254960775,1.88581550121
0.825064778328,0.262626260519,1.66210651398,-0.270014971495,1.93212151527
0.856797993183,0.262626260519,1.70997881889,-0.266753435135,1.97673225403
0.888531267643,0.262626260519,1.75612926483,-0.263480693102,2.01960992813
0.920264542103,0.262626260519,1.80051147938,-0.260207265615,2.0607187748
0.951997756958,0.262626260519,1.84308075905,-0.256944775581,2.10002565384
0.983731031418,0.262626260519,1.88379430771,-0.253703802824,2.13749814034
1.01546430588,0.262626260519,1.92261099815,-0.250496059656,2.17310714722
1.04719758034,0.262626260519,1.95949172974,-0.24733273685,2.20682454109
1.0789308548,0.262626260519,1.99439954758,-0.244225218892,2.23862481117
1.11066412926,0.262626260519,2.02729916573,-0.241184964776,2.2684841156
1.14239740372,0.262626260519,2.05815720558,-0.238222897053,2.29638004303
1.17413055897,0.262626260519,2.08694291115,-0.23535002768,2.32229304314
1.20586383343,0.262626260519,2.11362743378,-0.232577070594,2.34620451927
1.23759710789,0.262626260519,2.13818359375,-0.229914277792,2.36809778214
1.26933038235,0.262626260519,2.16058683395,-0.227371633053,2.38795852661
1.30106365681,0.262626260519,2.18081450462,-0.224958479404,2.40577292442
1.33279693127,0.262626260519,2.19884634018,-0.222683861852,2.42153024673
1.36453020573,0.262626260519,2.21466398239,-0.220556154847,2.43522024155
1.39626336098,0.262626260519,2.22825169563,-0.218582928181,2.44683456421
1.42799663544,0.262626260519,2.23959589005,-0.216771364212,2.45636725426
1.4597299099,0.262626260519,2.24868488312,-0.215127766132,2.46381258965
1.49146318436,0.262626260519,2.25550961494,-0.213657617569,2.46916723251
1.52319645882,0.262626260519,2.26006340981,-0.212366044521,2.47242951393
1.55492973328,0.262626260519,2.26234126091,-0.211256712675,2.47359800339
1.58666300774,0.262626260519,2.26234126091,-0.210333049297,2.47267436981
1.6183962822,0.262626260519,2.26006340981,-0.209597796202,2.46966123581
1.65012955666,0.262626260519,2.25550961494,-0.209052160382,2.46456170082
1.68186283112,0.262626260519,2.24868488312,-0.208697274327,2.45738220215
1.71359610558,0.262626260519,2.23959589005,-0.208533033729,2.44812893867
1.74532938004,0.262626260519,2.22825169563,-0.208559155464,2.43681097031
1.77706253529,0.262626260519,2.21466398239,-0.208773866296,2.42343783379
1.80879580975,0.262626260519,2.19884634018,-0.209175363183,2.40802168846
1.84052908421,0.262626260519,2.18081450462,-0.209760516882,2.3905749321
1.87226235867,0.262626260519,2.16058683395,-0.210526317358,2.3711130619
1.90399563313,0.262626260519,2.13818335533,-0.211468487978,2.34965181351
1.93572890759,0.262626260519,2.11362743378,-0.212582990527,2.32621049881
1.96746218204,0.262626260519,2.08694291115,-0.213864430785,2.30080723763
1.9991953373,0.262626260519,2.05815720558,-0.215307369828,2.27346467972
2.03092861176,0.262626260519,2.02729892731,-0.216906189919,2.24420499802
2.06266188622,0.262626260519,1.99439942837,-0.218654409051,2.21305394173
2.09439516068,0.262626260519,1.95949172974,-0.220545873046,2.18003749847
2.12612843513,0.262626260519,1.92261087894,-0.222573518753,2.14518451691
2.15786170959,0.262626260519,1.8837941885,-0.224730625749,2.10852479935
2.18959498405,0.262626260519,1.84308075905,-0.22700984776,2.0700905323
2.22132825851,0.262626260519,1.80051136017,-0.22940415144,2.02991557121
2.25306153297,0.262626260519,1.75612902641,-0.231906324625,1.98803532124
2.28479480743,0.262626260519,1.70997846127,-0.234508827329,1.9444873333
2.31652784348,0.262626260519,1.66210663319,-0.237204328179,1.89931094646
2.34826135635,0.262626260519,1.61256015301,-0.239985600114,1.85254573822
2.3799943924,0.262626260519,1.56139087677,-0.242845416069,1.80423629284
2.41172790527,0.262626260519,1.50864863396,-0.245776668191,1.75442528725
2.44346094131,0.262626260519,1.45438814163,-0.248772233725,1.70316040516
2.47519421577,0.262626260519,1.39866268635,-0.251825422049,1.6504881382
2.50692749023,0.262626260519,1.34152889252,-0.254929631948,1.59645855427
2.53866076469,0.262626260519,1.28304433823,-0.258078217506,1.54112255573
2.57039403915,0.262626260519,1.22326791286,-0.261265039444,1.48453295231
2.60212731361,0.262626260519,1.16225981712,-0.264483898878,1.4267437458
2.63386058807,0.262626260519,1.10008132458,-0.26772916317,1.36781048775
2.66559386253,0.262626260519,1.03679513931,-0.270995110273,1.30779027939
2.69732713699,0.262626260519,0.972464978695,-0.274276405573,1.24674141407
2.72906041145,0.262626260519,0.907155692577,-0.277568221092,1.18472385406
2.76079368591,0.262626260519,0.840932905674,-0.280865639448,1.12179851532
2.79252696037,0.262626260519,0.773863434792,-0.284164190292,1.05802762508
2.82426023483,0.262626260519,0.706014692783,-0.287459433079,0.993474125862
2.85599327087,0.262626260519,0.637455582619,-0.290747642517,0.928203225136
2.88772678375,0.262626260519,0.568253517151,-0.294024646282,0.862278163433
2.91945981979,0.262626260519,0.498480439186,-0.297287523746,0.795767962933
2.95119309425,0.262626260519,0.428204804659,-0.30053254962,0.728737354279
2.98292636871,0.262626260519,0.357498049736,-0.30375701189,0.661255061626
3.01465964317,0.262626260519,0.286431342363,-0.306957900524,0.59338927269
3.04639291763,0.262626260519,0.215076208115,-0.310133129358,0.525209307671
3.07812619209,0.262626260519,0.143504500389,-0.313279926777,0.456784427166
3.10985946655,0.262626260519,0.0717882886529,-0.316396474838,0.388184756041
3.14159274101,0.262626260519,-1.97805064772e-07,-0.319480836391,0.319480627775
0,0.272727280855,0,-0.322487235069,0.322487235069
0.0317332595587,0.272727280855,0.07210893929,-0.322061479092,0.394170403481
0.0634665191174,0.272727280855,0.144145280123,-0.321506381035,0.465651661158
0.095199778676,0.272727280855,0.216036453843,-0.320820569992,0.536857008934
0.126933038235,0.272727280855,0.287710130215,-0.320003122091,0.607713222504
0.158666297793,0.272727280855,0.359094083309,-0.319053411484,0.678147494793
0.190399557352,0.272727280855,0.430116444826,-0.317971259356,0.748087704182
0.222132816911,0.272727280855,0.500705778599,-0.316756993532,0.817462801933
0.253866076469,0.272727280855,0.570790886879,-0.315410763025,0.886201620102
0.285599350929,0.272727280855,0.640301346779,-0.313933670521,0.9542350173
0.317332595587,0.272727280855,0.709166884422,-0.312326878309,1.02149379253
0.349065840244,0.272727280855,0.777318477631,-0.31059256196,1.08791100979
0.380799114704,0.272727280855,0.844687402248,-0.308732718229,1.15342009068
0.412532389164,0.272727280855,0.911205768585,-0.306750237942,1.21795606613
0.444265633821,0.272727280855,0.97680658102,-0.304648399353,1.28145503998
0.475998878479,0.272727280855,1.04142391682,-0.302430897951,1.34385478497
0.507732152939,0.272727280855,1.1049926281,-0.300102382898,1.40509498119
0.539465427399,0.272727280855,1.16744863987,-0.297667324543,1.46511602402
0.571198701859,0.272727280855,1.22872912884,-0.295131444931,1.52386057377
0.602931916714,0.272727280855,1.2887724638,-0.292500585318,1.58127307892
0.634665191174,0.272727280855,1.34751808643,-0.289781242609,1.63729929924
0.666398465633,0.272727280855,1.40490674973,-0.286980420351,1.69188714027
0.698131680489,0.272727280855,1.46088087559,-0.284105926752,1.74498677254
0.729864954948,0.272727280855,1.51538395882,-0.281165391207,1.79654932022
0.761598229408,0.272727280855,1.56836140156,-0.278167754412,1.84652912617
0.793331503868,0.272727280855,1.61975944042,-0.275121927261,1.89488136768
0.825064778328,0.272727280855,1.669526577,-0.272037386894,1.94156396389
0.856797993183,0.272727280855,1.71761262417,-0.268923848867,1.98653650284
0.888531267643,0.272727280855,1.76396918297,-0.265791535378,2.02976083755
0.920264542103,0.272727280855,1.80854952335,-0.262651205063,2.07120084763
0.951997756958,0.272727280855,1.85130882263,-0.259513437748,2.11082220078
0.983731031418,0.272727280855,1.89220416546,-0.256389290094,2.14859342575
1.01546430588,0.272727280855,1.93119418621,-0.253289729357,2.18448400497
1.04719758034,0.272727280855,1.96823954582,-0.250226229429,2.21846580505
1.0789308548,0.272727280855,2.00330305099,-0.247209891677,2.25051283836
1.11066412926,0.272727280855,2.03634953499,-0.24425201118,2.28060150146
1.14239740372,0.272727280855,2.06734538078,-0.241363748908,2.30870914459
1.17413055897,0.272727280855,2.09625959396,-0.238555699587,2.33481526375
1.20586383343,0.272727280855,2.12306332588,-0.235839024186,2.35890245438
1.23759710789,0.272727280855,2.1477291584,-0.23322378099,2.38095283508
1.26933038235,0.272727280855,2.17023229599,-0.230720281601,2.40095257759
1.30106365681,0.272727280855,2.1905503273,-0.228337824345,2.41888809204
1.33279693127,0.272727280855,2.20866274834,-0.226085588336,2.43474841118
1.36453020573,0.272727280855,2.22455096245,-0.223972097039,2.44852304459
1.39626336098,0.272727280855,2.23819947243,-0.22200550139,2.46020507812
1.42799663544,0.272727280855,2.24959421158,-0.22019277513,2.4697868824
1.4597299099,0.272727280855,2.25872373581,-0.218540474772,2.47726416588
1.49146318436,0.272727280855,2.26557898521,-0.217054709792,2.4826335907
1.52319645882,0.272727280855,2.27015304565,-0.215740412474,2.48589348793
1.55492973328,0.272727280855,2.27244114876,-0.214602023363,2.48704314232
1.58666300774,0.272727280855,2.27244114876,-0.213642954826,2.48608398438
1.6183962822,0.272727280855,2.27015304565,-0.212866172194,2.48301911354
1.65012955666,0.272727280855,2.26557898521,-0.212273389101,2.47785234451
1.68186283112,0.272727280855,2.25872373581,-0.211865752935,2.47058939934
1.71359610558,0.272727280855,2.24959421158,-0.211643844843,2.46123814583
1.74532938004,0.272727280855,2.23819947243,-0.211607247591,2.44980669022
1.77706253529,0.272727280855,2.22455096245,-0.211754754186,2.43630576134
1.80879580975,0.272727280855,2.20866274834,-0.212084829807,2.42074751854
1.84052908421,0.272727280855,2.1905503273,-0.212594419718,2.40314483643
1.87226235867,0.272727280855,2.17023229599,-0.213280960917,2.3835132122
1.90399563313,0.272727280855,2.14772891998,-0.214140579104,2.36186957359
1.93572890759,0.272727280855,2.12306332588,-0.21516892314,2.33823227882
1.96746218204,0.272727280855,2.09625959396,-0.216361373663,2.31262087822
1.9991953373,0.272727280855,2.06734538078,-0.217712536454,2.28505802155
2.03092861176,0.272727280855,2.03634953499,-0.219217002392,2.25556659698
2.06266188622,0.272727280855,2.00330305099,-0.220868587494,2.22417163849
2.09439516068,0.272727280855,1.96823954582,-0.222661152482,2.19090080261
2.12612843513,0.272727280855,1.93119394779,-0.224588125944,2.15578198433
2.15786170959,0.272727280855,1.89220404625,-0.226642772555,2.11884689331
2.18959498405,0.272727280855,1.85130882263,-0.228818178177,2.08012700081
2.22132825851,0.272727280855,1.80854940414,-0.231107249856,2.0396566391
2.25306153297,0.272727280855,1.76396894455,-0.233502835035,1.99747180939
2.28479480743,0.272727280855,1.71761238575,-0.235997751355,1.95361018181
2.31652784348,0.272727280855,1.66952681541,-0.23858499527,1.90811181068
2.34826135635,0.272727280855,1.619759202,-0.241257324815,1.86101651192
2.3799943924,0.272727280855,1.56836140156,-0.244007512927,1.81236886978
2.41172790527,0.272727280855,1.5153837204,-0.246828943491,1.76221263409
2.44346094131,0.272727280855,1.4608809948,-0.249714508653,1.71059548855
2.47519421577,0.272727280855,1.40490674973,-0.252657443285,1.65756416321
2.50692749023,0.272727280855,1.34751796722,-0.255651503801,1.60316944122
2.53866076469,0.272727280855,1.28877234459,-0.258690267801,1.54746258259
2.57039403915,0.272727280855,1.22872900963,-0.261767297983,1.49049627781
2.60212731361,0.272727280855,1.16744852066,-0.264877080917,1.43232560158
2.63386058807,0.272727280855,1.10499238968,-0.268013596535,1.37300598621
2.66559386253,0.272727280855,1.0414236784,-0.271171659231,1.31259536743
2.69732713699,0.272727280855,0.976806402206,-0.274345934391,1.25115227699
2.72906041145,0.272727280855,0.911205530167,-0.277531415224,1.18873691559
2.76079368591,0.272727280855,0.844687104225,-0.280723720789,1.12541079521
2.79252696037,0.272727280855,0.777318179607,-0.283917784691,1.06123590469
2.82426023483,0.272727280855,0.709166586399,-0.287110000849,0.99627661705
2.85599327087,0.272727280855,0.640301406384,-0.290296345949,0.930597782135
2.88772678375,0.272727280855,0.570790410042,-0.293472975492,0.864263415337
2.91945981979,0.272727280855,0.500705778599,-0.296636760235,0.797342538834
2.95119309425,0.272727280855,0.430116444826,-0.299784183502,0.729900598526
2.98292636871,0.272727280855,0.359094023705,-0.302912712097,0.662006735802
3.01465964317,0.272727280855,0.28771007061,-0.306019276381,0.593729376793
3.04639291763,0.272727280855,0.216036379337,-0.309101521969,0.525137901306
3.07812619209,0.272727280855,0.144145146012,-0.3121573627,0.456302523613
3.10985946655,0.272727280855,0.0721087753773,-0.315184563398,0.387293338776
3.14159274101,0.272727280855,-1.98688127284e-07,-0.318181335926,0.31818112731
0,0.282828271389,0,-0.319109916687,0.319109916687
0.0317332595587,0.282828271389,0.0724294260144,-0.318880468607,0.391309887171
0.0634665191174,0.282828271389,0.144785925746,-0.318524867296,0.463310778141
0.095199778676,0.282828271389,0.216996625066,-0.31804138422,0.535037994385
0.126933038235,0.282828271389,0.288988858461,-0.317429065704,0.606417894363
0.158666297793,0.282828271389,0.360690057278,-0.316686868668,0.677376925945
0.190399557352,0.282828271389,0.432028114796,-0.315814256668,0.747842371464
0.222132816911,0.282828271389,0.502931118011,-0.314811140299,0.817742228508
0.253866076469,0.282828271389,0.573327720165,-0.313677638769,0.887005329132
0.285599350929,0.282828271389,0.643147110939,-0.312414318323,0.95556139946
0.317332595587,0.282828271389,0.712318778038,-0.311021953821,1.02334070206
0.349065840244,0.282828271389,0.780773222446,-0.309502065182,1.09027528763
0.380799114704,0.282828271389,0.8484416008,-0.307856529951,1.15629816055
0.412532389164,0.282828271389,0.915255606174,-0.30608779192,1.22134339809
0.444265633821,0.282828271389,0.981148004532,-0.304198622704,1.28534662724
0.475998878479,0.282828271389,1.0460524559,-0.302192211151,1.34824466705
0.507732152939,0.282828271389,1.1099036932,-0.300072610378,1.40997624397
0.539465427399,0.282828271389,1.17263734341,-0.297844082117,1.47048139572
0.571198701859,0.282828271389,1.2341902256,-0.295511871576,1.52970206738
0.602931916714,0.282828271389,1.29450035095,-0.293081015348,1.5875813961
0.634665191174,0.282828271389,1.35350704193,-0.290557861328,1.64406490326
0.666398465633,0.282828271389,1.4111508131,-0.28794875741,1.69909954071
0.698131680489,0.282828271389,1.46737372875,-0.28526109457,1.75263476372
0.729864954948,0.282828271389,1.52211904526,-0.282502293587,1.80462133884
0.761598229408,0.282828271389,1.57533192635,-0.279680490494,1.85501241684
0.793331503868,0.282828271389,1.62695848942,-0.276804387569,1.90376281738
0.825064778328,0.282828271389,1.67694675922,-0.273882895708,1.95082962513
0.856797993183,0.282828271389,1.72524654865,-0.270925670862,1.99617218971
0.888531267643,0.282828271389,1.7718091011,-0.267942458391,2.03975152969
0.920264542103,0.282828271389,1.81658768654,-0.264943361282,2.08153104782
0.951997756958,0.282828271389,1.85953700542,-0.26193895936,2.12147593498
0.983731031418,0.282828271389,1.90061402321,-0.258940041065,2.15955400467
1.01546430588,0.282828271389,1.93977725506,-0.255957394838,2.1957347393
1.04719758034,0.282828271389,1.9769872427,-0.253002166748,2.22998952866
1.0789308548,0.282828271389,2.01220679283,-0.250085502863,2.2622923851
1.11066412926,0.282828271389,2.04540014267,-0.247218310833,2.29261851311
1.14239740372,0.282828271389,2.0765337944,-0.244411870837,2.32094573975
1.17413055897,0.282828271389,2.1055765152,-0.241676792502,2.3472533226
1.20586383343,0.282828271389,2.13249921799,-0.239023908973,2.37152314186
1.23759710789,0.282828271389,2.15727472305,-0.236463785172,2.39373850822
1.26933038235,0.282828271389,2.17987775803,-0.234006345272,2.4138841629
1.30106365681,0.282828271389,2.20028614998,-0.231661140919,2.43194723129
1.33279693127,0.282828271389,2.21847891808,-0.229437544942,2.44791650772
1.36453020573,0.282828271389,2.2344379425,-0.227344408631,2.46178245544
1.39626336098,0.282828271389,2.2481470108,-0.225389495492,2.47353649139
1.42799663544,0.282828271389,2.25959229469,-0.223580554128,2.48317289352
1.4597299099,0.282828271389,2.2687625885,-0.22192427516,2.49068689346
1.49146318436,0.282828271389,2.27564835548,-0.220426738262,2.49607515335
1.52319645882,0.282828271389,2.2802426815,-0.219093412161,2.49933600426
1.55492973328,0.282828271389,2.28254103661,-0.217928931117,2.50046992302
1.58666300774,0.282828271389,2.28254103661,-0.216936916113,2.49947786331
1.6183962822,0.282828271389,2.2802426815,-0.216120481491,2.49636316299
1.65012955666,0.282828271389,2.27564835548,-0.215481936932,2.49113035202
1.68186283112,0.282828271389,2.2687625885,-0.215022861958,2.48378539085
1.71359610558,0.282828271389,2.25959229469,-0.214743673801,2.47433590889
1.74532938004,0.282828271389,2.2481470108,-0.214644536376,2.46279144287
1.77706253529,0.282828271389,2.2344379425,-0.214724570513,2.44916248322
1.80879580975,0.282828271389,2.21847891808,-0.214982166886,2.43346118927
1.84052908421,0.282828271389,2.20028614998,-0.215415269136,2.41570138931
1.87226235867,0.282828271389,2.17987775803,-0.216021090746,2.39589881897
1.90399563313,0.282828271389,2.15727448463,-0.216795861721,2.37407040596
1.93572890759,0.282828271389,2.13249921799,-0.21773609519,2.35023522377
1.96746218204,0.282828271389,2.1055765152,-0.218837052584,2.32441353798
1.9991953373,0.282828271389,2.07653355598,-0.220093622804,2.2966272831
2.03092861176,0.282828271389,2.04539990425,-0.221500679851,2.2669005394
2.06266188622,0.282828271389,2.01220655441,-0.223052486777,2.23525905609
2.09439516068,0.282828271389,1.9769872427,-0.224742949009,2.20173025131
2.12612843513,0.282828271389,1.93977713585,-0.22656558454,2.16634273529
2.15786170959,0.282828271389,1.900613904,-0.228514105082,2.12912797928
2.18959498405,0.282828271389,1.85953700542,-0.230581775308,2.09011888504
2.22132825851,0.282828271389,1.81658744812,-0.232761576772,2.0493490696
2.25306153297,0.282828271389,1.77180886269,-0.235046893358,2.00685572624
2.28479480743,0.282828271389,1.72524631023,-0.237430259585,1.96267652512
2.31652784348,0.282828271389,1.67694687843,-0.239905178547,1.91685199738
2.34826135635,0.282828271389,1.62695813179,-0.242464691401,1.86942279339
2.3799943924,0.282828271389,1.57533192635,-0.245101496577,1.82043337822
2.41172790527,0.282828271389,1.52211880684,-0.247809067369,1.76992785931
2.44346094131,0.282828271389,1.46737384796,-0.250580638647,1.71795451641
2.47519421577,0.282828271389,1.4111508131,-0.253409802914,1.66456055641
2.50692749023,0.282828271389,1.35350692272,-0.256290107965,1.60979700089
2.53866076469,0.282828271389,1.29450023174,-0.259215176105,1.55371546745
2.57039403915,0.282828271389,1.23419010639,-0.26217931509,1.49636936188
2.60212731361,0.282828271389,1.1726372242,-0.265176475048,1.43781375885
2.63386058807,0.282828271389,1.10990357399,-0.268201261759,1.37810480595
2.66559386253,0.282828271389,1.04605233669,-0.271248281002,1.31730055809
2.69732713699,0.282828271389,0.981147766113,-0.274312406778,1.25546014309
2.72906041145,0.282828271389,0.915255367756,-0.277388870716,1.19264423847
2.76079368591,0.282828271389,0.848441243172,-0.28047311306,1.12891435623
2.79252696037,0.282828271389,0.780772984028,-0.283560842276,1.0643337965
2.82426023483,0.282828271389,0.71231842041,-0.28664752841,0.998965978622
2.85599327087,0.282828271389,0.643147230148,-0.289729893208,0.932877123356
2.88772678375,0.282828271389,0.573327243328,-0.292804032564,0.866131305695
2.91945981979,0.282828271389,0.502931177616,-0.295866906643,0.798798084259
2.95119309425,0.282828271389,0.432028114796,-0.298915147781,0.730943262577
2.98292636871,0.282828271389,0.360690027475,-0.301945835352,0.662635862827
3.01465964317,0.282828271389,0.288988769054,-0.304956585169,0.593945384026
3.04639291763,0.282828271389,0.216996535659,-0.307944834232,0.524941384792
3.07812619209,0.282828271389,0.144785791636,-0.310908317566,0.455694109201
3.10985946655,0.282828271389,0.0724292621017,-0.313845127821,0.386274397373
3.14159274101,0.282828271389,-1.99571189796e-07,-0.316753536463,0.316753327847
0,0.292929291725,0,-0.315493047237,0.315493047237
0.0317332595587,0.292929291725,0.0727499052882,-0.315456688404,0.388206601143
0.0634665191174,0.292929291725,0.145426571369,-0.315297752619,0.460724323988
0.095199778676,0.292929291725,0.217956766486,-0.315014451742,0.532971203327
0.126933038235,0.292929291725,0.290267527103,-0.31460505724,0.604872584343
0.158666297793,0.292929291725,0.362286001444,-0.31406879425,0.676354765892
0.190399557352,0.292929291725,0.433939695358,-0.313404768705,0.747344493866
0.222132816911,0.292929291725,0.505156457424,-0.312612086535,0.817768573761
0.253866076469,0.292929291725,0.575864553452,-0.311690866947,0.887555420399
0.285599350929,0.292929291725,0.645992875099,-0.310641258955,0.956634163857
0.317332595587,0.292929291725,0.715470612049,-0.309463828802,1.02493441105
0.349065840244,0.292929291725,0.784227907658,-0.308159530163,1.09238743782
0.380799114704,0.292929291725,0.852195739746,-0.30672994256,1.1589256525
0.412532389164,0.292929291725,0.919305384159,-0.305176883936,1.2244822979
0.444265633821,0.292929291725,0.985489308834,-0.303502649069,1.2889919281
0.475998878479,0.292929291725,1.05068099499,-0.301710307598,1.35239124298
0.507732152939,0.292929291725,1.1148147583,-0.299803197384,1.41461801529
0.539465427399,0.292929291725,1.17782592773,-0.297785192728,1.47561109066
0.571198701859,0.292929291725,1.23965108395,-0.295660734177,1.53531181812
0.602931916714,0.292929291725,1.3002281189,-0.293434917927,1.59366297722
0.634665191174,0.292929291725,1.35949599743,-0.291113168001,1.65060913563
0.666398465633,0.292929291725,1.41739475727,-0.288701653481,1.70609641075
0.698131680489,0.292929291725,1.4738663435,-0.286207139492,1.76007342339
0.729864954948,0.292929291725,1.52885401249,-0.283636391163,1.81249046326
0.761598229408,0.292929291725,1.58230233192,-0.28099745512,1.86329984665
0.793331503868,0.292929291725,1.6341573,-0.278298288584,1.91245555878
0.825064778328,0.292929291725,1.68436682224,-0.275547504425,1.95991432667
0.856797993183,0.292929291725,1.73288023472,-0.27275416255,2.00563430786
0.888531267643,0.292929291725,1.77964890003,-0.269927710295,2.04957652092
0.920264542103,0.292929291725,1.8246254921,-0.267078131437,2.09170365334
0.951997756958,0.292929291725,1.86776483059,-0.26421558857,2.13198041916
0.983731031418,0.292929291725,1.90902364254,-0.261350303888,2.17037391663
1.01546430588,0.292929291725,1.9483602047,-0.258493006229,2.20685315132
1.04719758034,0.292929291725,1.98573482037,-0.255654513836,2.2413892746
1.0789308548,0.292929291725,2.02111029625,-0.252845734358,2.27395606041
1.11066412926,0.292929291725,2.05445027351,-0.250077575445,2.30452775955
1.14239740372,0.292929291725,2.08572173119,-0.247361019254,2.33308267593
1.17413055897,0.292929291725,2.11489295959,-0.244706839323,2.35959982872
1.20586383343,0.292929291725,2.14193487167,-0.242125585675,2.38406038284
1.23759710789,0.292929291725,2.16682004929,-0.239627853036,2.40644788742
1.26933038235,0.292929291725,2.18952322006,-0.23722358048,2.42674684525
1.30106365681,0.292929291725,2.21002173424,-0.234922602773,2.44494438171
1.33279693127,0.292929291725,2.22829508781,-0.232734128833,2.46102929115
1.36453020573,0.292929291725,2.24432468414,-0.230667129159,2.4749917984
1.39626336098,0.292929291725,2.25809431076,-0.228729739785,2.48682403564
1.42799663544,0.292929291725,2.26959037781,-0.226929679513,2.49652004242
1.4597299099,0.292929291725,2.27880120277,-0.225274026394,2.50407528877
1.49146318436,0.292929291725,2.28571748734,-0.223768904805,2.50948643684
1.52319645882,0.292929291725,2.29033207893,-0.2224201262,2.51275229454
1.55492973328,0.292929291725,2.29264044762,-0.221232682467,2.51387310028
1.58666300774,0.292929291725,2.29264044762,-0.220210254192,2.51285076141
1.6183962822,0.292929291725,2.29033207893,-0.219356521964,2.5096886158
1.65012955666,0.292929291725,2.28571748734,-0.218673974276,2.50439143181
1.68186283112,0.292929291725,2.27880120277,-0.218164429069,2.49696564674
1.71359610558,0.292929291725,2.26959037781,-0.217828795314,2.48741912842
1.74532938004,0.292929291725,2.25809431076,-0.217667341232,2.47576165199
1.77706253529,0.292929291725,2.24432468414,-0.217679575086,2.46200418472
1.80879580975,0.292929291725,2.22829508781,-0.217864349484,2.44615936279
1.84052908421,0.292929291725,2.21002173424,-0.218219667673,2.42824149132
1.87226235867,0.292929291725,2.18952322006,-0.218743234873,2.40826654434
1.90399563313,0.292929291725,2.16681981087,-0.219431743026,2.38625144958
1.93572890759,0.292929291725,2.14193487167,-0.220281556249,2.36221647263
1.96746218204,0.292929291725,2.11489295959,-0.221288517118,2.33618140221
1.9991953373,0.292929291725,2.08572173119,-0.222447901964,2.30816960335
2.03092861176,0.292929291725,2.05445027351,-0.22375485301,2.27820515633
2.06266188622,0.292929291725,2.02111005783,-0.225203588605,2.24631357193
2.09439516068,0.292929291725,1.98573482037,-0.226788341999,2.21252322197
2.12612843513,0.292929291725,1.94836008549,-0.228503361344,2.17686343193
2.15786170959,0.292929291725,1.90902352333,-0.230342164636,2.13936567307
2.18959498405,0.292929291725,1.86776483059,-0.232298254967,2.10006308556
2.22132825851,0.292929291725,1.82462537289,-0.234365180135,2.05899047852
2.25306153297,0.292929291725,1.77964866161,-0.236535966396,2.01618456841
2.28479480743,0.292929291725,1.7328799963,-0.238804191351,1.97168421745
2.31652784348,0.292929291725,1.68436694145,-0.241162806749,1.9255297184
2.34826135635,0.292929291725,1.63415694237,-0.243605390191,1.87776231766
2.3799943924,0.292929291725,1.58230233192,-0.246124774218,1.82842707634
2.41172790527,0.292929291725,1.52885377407,-0.248714789748,1.77756857872
2.44346094131,0.292929291725,1.47386646271,-0.25136873126,1.72523522377
2.47519421577,0.292929291725,1.41739475727,-0.254080146551,1.67147493362
2.50692749023,0.292929291725,1.35949587822,-0.256843060255,1.61633896828
2.53866076469,0.292929291725,1.30022799969,-0.259651094675,1.55987906456
2.57039403915,0.292929291725,1.23965096474,-0.262498736382,1.50214970112
2.60212731361,0.292929291725,1.17782580853,-0.265380203724,1.44320607185
2.63386058807,0.292929291725,1.11481451988,-0.268290042877,1.38310456276
2.66559386253,0.292929291725,1.05068075657,-0.271222949028,1.3219037056
2.69732713699,0.292929291725,0.985489070415,-0.274174064398,1.25966310501
2.72906041145,0.292929291725,0.919305086136,-0.277138769627,1.19644379616
2.76079368591,0.292929291725,0.852195382118,-0.280112445354,1.13230776787
2.79252696037,0.292929291725,0.784227669239,-0.283090949059,1.0673186779
2.82426023483,0.292929291725,0.715470254421,-0.286070048809,1.00154030323
2.85599327087,0.292929291725,0.645992934704,-0.289046168327,0.935039103031
2.88772678375,0.292929291725,0.575864076614,-0.292015969753,0.867880046368
2.91945981979,0.292929291725,0.505156517029,-0.294976055622,0.800132572651
2.95119309425,0.292929291725,0.433939695358,-0.297923207283,0.731862902641
2.98292636871,0.292929291725,0.362285971642,-0.300854921341,0.663140892982
3.01465964317,0.292929291725,0.290267467499,-0.303768306971,0.594035744667
3.04639291763,0.292929291725,0.21795669198,-0.306661188602,0.524617910385
3.07812619209,0.292929291725,0.145426422358,-0.309531450272,0.454957872629
3.10985946655,0.292929291725,0.0727497413754,-0.312376946211,0.385126680136
3.14159274101,0.292929291725,-2.00454238097e-07,-0.31519600749,0.315195798874
0,0.303030312061,0,-0.311646580696,0.311646580696
0.0317332595587,0.303030312061,0.073070384562,-0.311800330877,0.384870707989
0.0634665191174,0.303030312061,0.146067216992,-0.31183475256,0.457901954651
0.095199778676,0.303030312061,0.218916937709,-0.311748623848,0.530665576458
0.126933038235,0.303030312061,0.29154625535,-0.311540096998,0.603086352348
0.158666297793,0.303030312061,0.363881975412,-0.31120750308,0.675089478493
0.190399557352,0.303030312061,0.435851335526,-0.310749918222,0.746601223946
0.222132816911,0.303030312061,0.507381856441,-0.310166537762,0.817548394203
0.253866076469,0.303030312061,0.578401386738,-0.309456735849,0.88785815239
0.285599350929,0.303030312061,0.648838698864,-0.308620482683,0.957459211349
0.317332595587,0.303030312061,0.71862244606,-0.30765786767,1.02628028393
0.349065840244,0.303030312061,0.787682712078,-0.306569635868,1.09425234795
0.380799114704,0.303030312061,0.855949878693,-0.305356711149,1.16130661964
0.412532389164,0.303030312061,0.923355221748,-0.304020702839,1.22737598419
0.444265633821,0.303030312061,0.989830672741,-0.302563488483,1.29239416122
0.475998878479,0.303030312061,1.05530953407,-0.300987452269,1.35629701614
0.507732152939,0.303030312061,1.1197258234,-0.299295574427,1.41902136803
0.539465427399,0.303030312061,1.18301463127,-0.297491461039,1.48050606251
0.571198701859,0.303030312061,1.24511218071,-0.295578807592,1.5406910181
0.602931916714,0.303030312061,1.30595600605,-0.293562173843,1.59951817989
0.634665191174,0.303030312061,1.36548495293,-0.291446745396,1.65693163872
0.666398465633,0.303030312061,1.42363882065,-0.289238065481,1.71287691593
0.698131680489,0.303030312061,1.48035919666,-0.286942154169,1.76730132103
0.729864954948,0.303030312061,1.53558909893,-0.284565776587,1.82015490532
0.761598229408,0.303030312061,1.58927285671,-0.282115727663,1.87138855457
0.793331503868,0.303030312061,1.64135622978,-0.279600322247,1.92095661163
0.825064778328,0.303030312061,1.69178700447,-0.277027249336,1.96881425381
0.856797993183,0.303030312061,1.7405141592,-0.274405241013,2.01491928101
0.888531267643,0.303030312061,1.78748881817,-0.271743476391,2.05923223495
0.920264542103,0.303030312061,1.83266353607,-0.269051104784,2.10171461105
0.951997756958,0.303030312061,1.87599301338,-0.266338199377,2.14233112335
0.983731031418,0.303030312061,1.91743350029,-0.26361477375,2.18104839325
1.01546430588,0.303030312061,1.95694339275,-0.260890990496,2.21783447266
1.04719758034,0.303030312061,1.99448263645,-0.258177399635,2.25266003609
1.0789308548,0.303030312061,2.03001379967,-0.255484879017,2.28549861908
1.11066412926,0.303030312061,2.0635008812,-0.252823889256,2.31632471085
1.14239740372,0.303030312061,2.09491014481,-0.250205278397,2.3451154232
1.17413055897,0.303030312061,2.12420988083,-0.247639775276,2.3718495369
1.20586383343,0.303030312061,2.15137076378,-0.245137959719,2.3965086937
1.23759710789,0.303030312061,2.17636537552,-0.242710024118,2.41907548904
1.26933038235,0.303030312061,2.1991686821,-0.240366175771,2.43953490257
1.30106365681,0.303030312061,2.21975755692,-0.238116204739,2.45787382126
1.33279693127,0.303030312061,2.23811149597,-0.235969394445,2.47408080101
1.36453020573,0.303030312061,2.2542116642,-0.23393471539,2.48814630508
1.39626336098,0.303030312061,2.26804208755,-0.232020527124,2.50006270409
1.42799663544,0.303030312061,2.27958869934,-0.230234608054,2.5098233223
1.4597299099,0.303030312061,2.28884005547,-0.22858427465,2.51742434502
1.49146318436,0.303030312061,2.29578661919,-0.227075979114,2.52286267281
1.52319645882,0.303030312061,2.30042171478,-0.225715726614,2.52613735199
1.55492973328,0.303030312061,2.30274033546,-0.224508494139,2.52724885941
1.58666300774,0.303030312061,2.30274033546,-0.22345867753,2.5261991024
1.6183962822,0.303030312061,2.30042171478,-0.222570002079,2.52299165726
1.65012955666,0.303030312061,2.29578661919,-0.221845254302,2.51763176918
1.68186283112,0.303030312061,2.28884005547,-0.221286565065,2.51012659073
1.71359610558,0.303030312061,2.27958869934,-0.220895290375,2.50048398972
1.74532938004,0.303030312061,2.26804208755,-0.220671877265,2.48871397972
1.77706253529,0.303030312061,2.2542116642,-0.220616340637,2.47482800484
1.80879580975,0.303030312061,2.23811149597,-0.220727786422,2.45883917809
1.84052908421,0.303030312061,2.21975755692,-0.221004515886,2.440762043
1.87226235867,0.303030312061,2.1991686821,-0.221444547176,2.42061328888
1.90399563313,0.303030312061,2.17636537552,-0.222044855356,2.39841032028
1.93572890759,0.303030312061,2.15137076378,-0.222802445292,2.37417316437
1.96746218204,0.303030312061,2.12420988083,-0.22371314466,2.34792304039
1.9991953373,0.303030312061,2.09490990639,-0.224772810936,2.31968259811
2.03092861176,0.303030312061,2.06350064278,-0.225976422429,2.28947710991
2.06266188622,0.303030312061,2.03001379967,-0.227319121361,2.25733280182
2.09439516068,0.303030312061,1.99448263645,-0.22879524529,2.22327780724
2.12612843513,0.303030312061,1.95694327354,-0.230399042368,2.18734240532
2.15786170959,0.303030312061,1.91743338108,-0.232124507427,2.1495578289
2.18959498405,0.303030312061,1.87599301338,-0.23396538198,2.10995841026
2.22132825851,0.303030312061,1.83266341686,-0.235915437341,2.06857895851
2.25306153297,0.303030312061,1.78748857975,-0.237968176603,2.02545666695
2.28479480743,0.303030312061,1.74051392078,-0.240117162466,1.98063111305
2.31652784348,0.303030312061,1.69178712368,-0.242355749011,1.93414282799
2.34826135635,0.303030312061,1.64135599136,-0.244677484035,1.886033535
2.3799943924,0.303030312061,1.58927285671,-0.247075736523,1.83634853363
2.41172790527,0.303030312061,1.53558886051,-0.24954430759,1.7851331234
2.44346094131,0.303030312061,1.48035931587,-0.252076536417,1.73243582249
2.47519421577,0.303030312061,1.42363882065,-0.254666775465,1.67830562592
2.50692749023,0.303030312061,1.36548483372,-0.257308542728,1.62279343605
2.53866076469,0.303030312061,1.30595588684,-0.259996116161,1.56595206261
2.57039403915,0.303030312061,1.2451120615,-0.262723982334,1.50783610344
2.60212731361,0.303030312061,1.18301451206,-0.265486270189,1.44850075245
2.63386058807,0.303030312061,1.11972558498,-0.268277913332,1.38800346851
2.66559386253,0.303030312061,1.05530941486,-0.271093636751,1.32640302181
2.69732713699,0.303030312061,0.989830493927,-0.273929148912,1.26375961304
2.72906041145,0.303030312061,0.923354923725,-0.276779174805,1.20013403893
2.76079368591,0.303030312061,0.855949580669,-0.279639840126,1.13558936119
2.79252696037,0.303030312061,0.787682414055,-0.282506793737,1.07018923759
2.82426023483,0.303030312061,0.718622148037,-0.285376012325,1.00399816036
2.85599327087,0.303030312061,0.648838758469,-0.288243949413,0.937082707882
2.88772678375,0.303030312061,0.578400909901,-0.291107356548,0.869508266449
2.91945981979,0.303030312061,0.507381856441,-0.293962746859,0.801344633102
2.95119309425,0.303030312061,0.435851335526,-0.296807348728,0.732658684254
2.98292636871,0.303030312061,0.36388194561,-0.299638152122,0.663520097733
3.01465964317,0.303030312061,0.291546195745,-0.302453190088,0.593999385834
3.04639291763,0.303030312061,0.218916848302,-0.305249661207,0.52416652441
3.07812619209,0.303030312061,0.146067082882,-0.308025419712,0.454092502594
3.10985946655,0.303030312061,0.0730702280998,-0.310778647661,0.383848875761
3.14159274101,0.303030312061,-2.01337300609e-07,-0.313507705927,0.313507497311
0,0.313131302595,0,-0.307581692934,0.307581692934
0.0317332595587,0.313131302595,0.0733908712864,-0.307921409607,0.381312280893
0.0634665191174,0.313131302595,0.146707862616,-0.308146178722,0.454854041338
0.095199778676,0.313131302595,0.219877108932,-0.308253973722,0.528131067753
0.126933038235,0.313131302595,0.292824983597,-0.308243006468,0.601068019867
0.158666297793,0.313131302595,0.365477979183,-0.308111727238,0.673589706421
0.190399557352,0.313131302595,0.437762975693,-0.307858645916,0.745621621609
0.222132816911,0.313131302595,0.509607195854,-0.30748257041,0.817089796066
0.253866076469,0.313131302595,0.580938279629,-0.306982815266,0.887921094894
0.285599350929,0.313131302595,0.651684463024,-0.306358873844,0.958043336868
0.317332595587,0.313131302595,0.721774339676,-0.305610537529,1.0273848772
0.349065840244,0.313131302595,0.791137456894,-0.304738104343,1.09587550163
0.380799114704,0.313131302595,0.859704077244,-0.303742200136,1.16344630718
0.412532389164,0.313131302595,0.927404999733,-0.302623987198,1.23002898693
0.444265633821,0.313131302595,0.994172096252,-0.301385104656,1.29555726051
0.475998878479,0.313131302595,1.05993819237,-0.300027221441,1.35996544361
0.507732152939,0.313131302595,1.12463700771,-0.298552960157,1.42318999767
0.539465427399,0.313131302595,1.18820333481,-0.29696521163,1.48516857624
0.571198701859,0.313131302595,1.25057327747,-0.295267611742,1.54584085941
0.602931916714,0.313131302595,1.31168401241,-0.293463945389,1.6051479578
0.634665191174,0.313131302595,1.37147402763,-0.291558921337,1.66303300858
0.666398465633,0.313131302595,1.42988288403,-0.289557486773,1.719440341
0.698131680489,0.313131302595,1.48685204983,-0.287465393543,1.77431750298
0.729864954948,0.313131302595,1.54232418537,-0.285288572311,1.82761275768
0.761598229408,0.313131302595,1.5962433815,-0.283033758402,1.8792771101
0.793331503868,0.313131302595,1.64855515957,-0.280708223581,1.92926335335
0.825064778328,0.313131302595,1.6992071867,-0.278319627047,1.97752678394
0.856797993183,0.313131302595,1.74814808369,-0.275875866413,2.0240240097
0.888531267643,0.313131302595,1.79532873631,-0.273385852575,2.06871461868
0.920264542103,0.313131302595,1.84070158005,-0.270858287811,2.11155986786
0.951997756958,0.313131302595,1.88422107697,-0.268302768469,2.15252375603
0.983731031418,0.313131302595,1.92584335804,-0.265728771687,2.19157218933
1.01546430588,0.313131302595,1.9655264616,-0.263146489859,2.22867298126
1.04719758034,0.313131302595,2.00323057175,-0.260565906763,2.26379656792
1.0789308548,0.313131302595,2.0389175415,-0.257997453213,2.29691505432
1.11066412926,0.313131302595,2.07255148888,-0.255451798439,2.32800340652
1.14239740372,0.313131302595,2.10409832001,-0.252938985825,2.35703730583
1.17413055897,0.313131302595,2.13352656364,-0.250470161438,2.38399672508
1.20586383343,0.313131302595,2.16080665588,-0.248055174947,2.40886187553
1.23759710789,0.313131302595,2.18591094017,-0.245704606175,2.43161559105
1.26933038235,0.313131302595,2.20881438255,-0.243428379297,2.45224285126
1.30106365681,0.313131302595,2.22949337959,-0.241236314178,2.47072958946
1.33279693127,0.313131302595,2.24792790413,-0.239137664437,2.48706555367
1.36453020573,0.313131302595,2.26409864426,-0.23714157939,2.50124025345
1.39626336098,0.313131302595,2.27798962593,-0.235256388783,2.51324605942
1.42799663544,0.313131302595,2.28958702087,-0.23349006474,2.52307701111
1.4597299099,0.313131302595,2.29887890816,-0.231850087643,2.5307290554
1.49146318436,0.313131302595,2.30585598946,-0.230343073606,2.53619909286
1.52319645882,0.313131302595,2.31051135063,-0.228975236416,2.53948664665
1.55492973328,0.313131302595,2.31284022331,-0.227751880884,2.5405921936
1.58666300774,0.313131302595,2.31284022331,-0.226677656174,2.53951787949
1.6183962822,0.313131302595,2.31051135063,-0.225756436586,2.53626775742
1.65012955666,0.313131302595,2.30585598946,-0.224991559982,2.53084754944
1.68186283112,0.313131302595,2.29887890816,-0.224385306239,2.52326416969
1.71359610558,0.313131302595,2.28958702087,-0.223939314485,2.51352643967
1.74532938004,0.313131302595,2.27798962593,-0.223654612899,2.50164413452
1.77706253529,0.313131302595,2.26409864426,-0.223531395197,2.48763012886
1.80879580975,0.313131302595,2.24792790413,-0.223569005728,2.47149682045
1.84052908421,0.313131302595,2.22949337959,-0.223766431212,2.4532597065
1.87226235867,0.313131302595,2.20881438255,-0.224121794105,2.43293619156
1.90399563313,0.313131302595,2.18591094017,-0.224632680416,2.41054368019
1.93572890759,0.313131302595,2.16080665588,-0.225296065211,2.38610267639
1.96746218204,0.313131302595,2.13352656364,-0.226108342409,2.35963487625
1.9991953373,0.313131302595,2.10409832001,-0.227065593004,2.33116388321
2.03092861176,0.313131302595,2.07255125046,-0.228163450956,2.30071473122
2.06266188622,0.313131302595,2.03891730309,-0.229397058487,2.26831436157
2.09439516068,0.313131302595,2.00323057175,-0.230761110783,2.23399162292
2.12612843513,0.313131302595,1.96552634239,-0.232250422239,2.19777679443
2.15786170959,0.313131302595,1.92584323883,-0.233859062195,2.15970230103
2.18959498405,0.313131302595,1.88422107697,-0.235581129789,2.11980223656
2.22132825851,0.313131302595,1.84070146084,-0.237410649657,2.0781121254
2.25306153297,0.313131302595,1.79532849789,-0.23934148252,2.0346698761
2.28479480743,0.313131302595,1.74814772606,-0.241367340088,1.98951506615
2.31652784348,0.313131302595,1.69920730591,-0.243481963873,1.94268929958
2.34826135635,0.313131302595,1.64855492115,-0.245678991079,1.89423394203
2.3799943924,0.313131302595,1.5962433815,-0.247952222824,1.84419560432
2.41172790527,0.313131302595,1.54232394695,-0.250295490026,1.79261946678
2.44346094131,0.313131302595,1.48685216904,-0.252702772617,1.73955488205
2.47519421577,0.313131302595,1.42988288403,-0.255167812109,1.68505072594
2.50692749023,0.313131302595,1.37147390842,-0.257685035467,1.62915897369
2.53866076469,0.313131302595,1.31168377399,-0.260248720646,1.57193255424
2.57039403915,0.313131302595,1.25057315826,-0.262853205204,1.51342630386
2.60212731361,0.313131302595,1.1882032156,-0.265493094921,1.45369625092
2.63386058807,0.313131302595,1.12463676929,-0.268163532019,1.39280033112
2.66559386253,0.313131302595,1.05993795395,-0.270859479904,1.33079743385
2.69732713699,0.313131302595,0.994171857834,-0.273576050997,1.26774787903
2.72906041145,0.313131302595,0.927404761314,-0.276309043169,1.20371377468
2.76079368591,0.313131302595,0.859703779221,-0.279054164886,1.13875794411
2.79252696037,0.313131302595,0.791137218475,-0.281806945801,1.07294416428
2.82426023483,0.313131302595,0.721773982048,-0.284564167261,1.00633811951
2.85599327087,0.313131302595,0.651684522629,-0.287321805954,0.939006328583
2.88772678375,0.313131302595,0.580937802792,-0.29007679224,0.871014595032
2.91945981979,0.313131302595,0.509607255459,-0.292825847864,0.802433133125
2.95119309425,0.313131302595,0.437762975693,-0.295566350222,0.733329296112
2.98292636871,0.313131302595,0.365477949381,-0.298295110464,0.663773059845
3.01465964317,0.313131302595,0.292824923992,-0.301010042429,0.593834996223
3.04639291763,0.313131302595,0.219877019525,-0.303708642721,0.523585677147
3.07812619209,0.313131302595,0.146707728505,-0.306389242411,0.453096985817
3.10985946655,0.313131302595,0.0733907073736,-0.309049338102,0.382440030575
3.14159274101,0.313131302595,-2.02220363121e-07,-0.311687469482,0.311687260866
0,0.323232322931,0,-0.303310364485,0.303310364485
0.0317332595587,0.323232322931,0.0737113580108,-0.303831845522,0.377543210983
0.0634665191174,0.323232322931,0.14734852314,-0.304242879152,0.451591402292
0.095199778676,0.323232322931,0.220837280154,-0.304541170597,0.525378465652
0.126933038235,0.323232322931,0.294103711843,-0.304724544287,0.59882825613
0.158666297793,0.323232322931,0.367073953152,-0.304791539907,0.671865463257
0.190399557352,0.323232322931,0.43967461586,-0.304740309715,0.744414925575
0.222132816911,0.323232322931,0.511832594872,-0.304569244385,0.816401839256
0.253866076469,0.323232322931,0.583475112915,-0.304277479649,0.887752592564
0.285599350929,0.323232322931,0.654530286789,-0.30386441946,0.958394706249
0.317332595587,0.323232322931,0.724926233292,-0.303329259157,1.02825546265
0.349065840244,0.323232322931,0.794592261314,-0.302672088146,1.09726428986
0.380799114704,0.323232322931,0.863458275795,-0.301892995834,1.16535127163
0.412532389164,0.323232322931,0.931454837322,-0.300992906094,1.23244774342
0.444265633821,0.323232322931,0.998513460159,-0.299972742796,1.29848623276
0.475998878479,0.323232322931,1.06456673145,-0.298834145069,1.36340093613
0.507732152939,0.323232322931,1.12954807281,-0.297579020262,1.42712712288
0.539465427399,0.323232322931,1.19339203835,-0.296209841967,1.48960185051
0.571198701859,0.323232322931,1.25603425503,-0.294729888439,1.55076408386
0.602931916714,0.323232322931,1.31741189957,-0.293142169714,1.61055409908
0.634665191174,0.323232322931,1.37746298313,-0.291451066732,1.66891407967
0.666398465633,0.323232322931,1.43612706661,-0.289661049843,1.72578811646
0.698131680489,0.323232322931,1.49334490299,-0.287777096033,1.78112196922
0.729864954948,0.323232322931,1.54905927181,-0.285804897547,1.83486413956
0.761598229408,0.323232322931,1.6032140255,-0.28375056386,1.88696455956
0.793331503868,0.323232322931,1.65575420856,-0.281620740891,1.93737494946
0.825064778328,0.323232322931,1.70662724972,-0.279422491789,1.98604977131
0.856797993183,0.323232322931,1.75578188896,-0.277163505554,2.03294539452
0.888531267643,0.323232322931,1.80316865444,-0.274851977825,2.07802057266
0.920264542103,0.323232322931,1.84873962402,-0.272496312857,2.12123584747
0.951997756958,0.323232322931,1.89244914055,-0.270105302334,2.16255450249
0.983731031418,0.323232322931,1.93425321579,-0.267688363791,2.20194149017
1.01546430588,0.323232322931,1.97410964966,-0.265255153179,2.23936486244
1.04719758034,0.323232322931,2.01197814941,-0.262815207243,2.27479338646
1.0789308548,0.323232322931,2.04782104492,-0.260378926992,2.30819988251
1.11066412926,0.323232322931,2.08160185814,-0.25795596838,2.33955788612
1.14239740372,0.323232322931,2.11328649521,-0.255557149649,2.36884355545
1.17413055897,0.323232322931,2.14284324646,-0.253192305565,2.39603567123
1.20586383343,0.323232322931,2.17024254799,-0.250871986151,2.42111444473
1.23759710789,0.323232322931,2.19545650482,-0.248606130481,2.44406270981
1.26933038235,0.323232322931,2.21845984459,-0.246404692531,2.46486449242
1.30106365681,0.323232322931,2.23922944069,-0.244277313352,2.48350667953
1.33279693127,0.323232322931,2.25774407387,-0.242233470082,2.49997758865
1.36453020573,0.323232322931,2.27398562431,-0.240282163024,2.51426768303
1.39626336098,0.323232322931,2.28793716431,-0.238431870937,2.52636909485
1.42799663544,0.323232322931,2.29958534241,-0.236690744758,2.53627610207
1.4597299099,0.323232322931,2.30891776085,-0.235066071153,2.54398393631
1.49146318436,0.323232322931,2.31592535973,-0.233564957976,2.54949021339
1.52319645882,0.323232322931,2.32060098648,-0.23219370842,2.5527946949
1.55492973328,0.323232322931,2.32293987274,-0.230958029628,2.55389785767
1.58666300774,0.323232322931,2.32293987274,-0.22986254096,2.5528023243
1.6183962822,0.323232322931,2.32060098648,-0.228911563754,2.54951262474
1.65012955666,0.323232322931,2.31592535973,-0.22810870409,2.54403400421
1.68186283112,0.323232322931,2.30891776085,-0.22745655477,2.53637433052
1.71359610558,0.323232322931,2.29958534241,-0.226957276464,2.52654266357
1.74532938004,0.323232322931,2.28793716431,-0.226612016559,2.51454925537
1.77706253529,0.323232322931,2.27398562431,-0.226421356201,2.50040698051
1.80879580975,0.323232322931,2.25774407387,-0.226384937763,2.48412895203
1.84052908421,0.323232322931,2.23922944069,-0.226502507925,2.46573185921
1.87226235867,0.323232322931,2.21845984459,-0.226772233844,2.44523215294
1.90399563313,0.323232322931,2.19545650482,-0.227192088962,2.42264866829
1.93572890759,0.323232322931,2.17024254799,-0.227759584785,2.39800214767
1.96746218204,0.323232322931,2.14284324646,-0.228471413255,2.37131476402
1.9991953373,0.323232322931,2.11328649521,-0.229323998094,2.34261059761
2.03092861176,0.323232322931,2.08160185814,-0.230313390493,2.31191515923
2.06266188622,0.323232322931,2.04782104492,-0.231434985995,2.27925610542
2.09439516068,0.323232322931,2.01197814941,-0.232684135437,2.24466228485
2.12612843513,0.323232322931,1.97410953045,-0.234055474401,2.20816493034
2.15786170959,0.323232322931,1.93425309658,-0.235543891788,2.16979694366
2.18959498405,0.323232322931,1.89244914055,-0.237143546343,2.12959265709
2.22132825851,0.323232322931,1.84873950481,-0.238849028945,2.08758854866
2.25306153297,0.323232322931,1.80316841602,-0.240654230118,2.04382276535
2.28479480743,0.323232322931,1.75578165054,-0.242553219199,1.99833488464
2.31652784348,0.323232322931,1.70662748814,-0.244539961219,1.95116746426
2.34826135635,0.323232322931,1.65575397015,-0.246608704329,1.90236270428
2.3799943924,0.323232322931,1.6032140255,-0.248752951622,1.85196697712
2.41172790527,0.323232322931,1.54905903339,-0.250967383385,1.80002641678
2.44346094131,0.323232322931,1.4933450222,-0.253245651722,1.74659061432
2.47519421577,0.323232322931,1.43612706661,-0.255582183599,1.69170928001
2.50692749023,0.323232322931,1.37746286392,-0.257971197367,1.63543403149
2.53866076469,0.323232322931,1.31741178036,-0.260407537222,1.57781934738
2.57039403915,0.323232322931,1.25603413582,-0.262885302305,1.51891946793
2.60212731361,0.323232322931,1.19339191914,-0.265399843454,1.45879173279
2.63386058807,0.323232322931,1.1295478344,-0.267945945263,1.39749383926
2.66559386253,0.323232322931,1.06456649303,-0.270519018173,1.33508551121
2.69732713699,0.323232322931,0.998513281345,-0.273114234209,1.27162754536
2.72906041145,0.323232322931,0.931454598904,-0.275727212429,1.20718181133
2.76079368591,0.323232322931,0.863457918167,-0.278354018927,1.1418119669
2.79252696037,0.323232322931,0.794591963291,-0.280990600586,1.07558250427
2.82426023483,0.323232322931,0.724925875664,-0.283633589745,1.00855946541
2.85599327087,0.323232322931,0.654530346394,-0.286278754473,0.940809130669
2.88772678375,0.323232322931,0.583474636078,-0.28892365098,0.872398257256
2.91945981979,0.323232322931,0.511832594872,-0.291564673185,0.803397297859
2.95119309425,0.323232322931,0.43967461586,-0.29419913888,0.733873724937
2.98292636871,0.323232322931,0.367073923349,-0.296824455261,0.663898348808
3.01465964317,0.323232322931,0.294103622437,-0.299438178539,0.593541800976
3.04639291763,0.323232322931,0.220837190747,-0.302038043737,0.522875249386
3.07812619209,0.323232322931,0.147348374128,-0.304622083902,0.451970458031
3.10985946655,0.323232322931,0.073711194098,-0.30718806386,0.380899250507
3.14159274101,0.323232322931,-2.03103425633e-07,-0.309734761715,0.309734553099
0,0.333333343267,0,-0.298844724894,0.298844724894
0.0317332595587,0.333333343267,0.0740318372846,-0.299543619156,0.37357544899
0.0634665191174,0.333333343267,0.147989153862,-0.300136774778,0.44812592864
0.095199778676,0.333333343267,0.221797421575,-0.30062147975,0.522418916225
0.126933038235,0.333333343267,0.295382380486,-0.30099594593,0.596378326416
0.158666297793,0.333333343267,0.368669897318,-0.301257640123,0.669927537441
0.190399557352,0.333333343267,0.441586226225,-0.301405102015,0.742991328239
0.222132816911,0.333333343267,0.514057934284,-0.301436573267,0.815494537354
0.253866076469,0.333333343267,0.586011946201,-0.301350444555,0.887362360954
0.285599350929,0.333333343267,0.657375991344,-0.301146060228,0.958522081375
0.317332595587,0.333333343267,0.728078007698,-0.300822496414,1.02890050411
0.349065840244,0.333333343267,0.798046946526,-0.300379186869,1.09842610359
0.380799114704,0.333333343267,0.867212414742,-0.299816161394,1.16702854633
0.412532389164,0.333333343267,0.935504615307,-0.299133747816,1.23463833332
0.444265633821,0.333333343267,1.00285470486,-0.29833266139,1.30118739605
0.475998878479,0.333333343267,1.06919515133,-0.297413676977,1.36660885811
0.507732152939,0.333333343267,1.13445901871,-0.296378850937,1.43083786964
0.539465427399,0.333333343267,1.19858062267,-0.295229882002,1.49381053448
0.571198701859,0.333333343267,1.26149523258,-0.293969333172,1.55546450615
0.602931916714,0.333333343267,1.32313966751,-0.292600154877,1.61573982239
0.634665191174,0.333333343267,1.38345181942,-0.291125983,1.67457783222
0.666398465633,0.333333343267,1.44237089157,-0.289550691843,1.73192155361
0.698131680489,0.333333343267,1.49983763695,-0.287878900766,1.78771650791
0.729864954948,0.333333343267,1.55579423904,-0.286115497351,1.8419097662
0.761598229408,0.333333343267,1.61018431187,-0.284266352654,1.89445066452
0.793331503868,0.333333343267,1.66295301914,-0.282337248325,1.94529032707
0.825064778328,0.333333343267,1.71404731274,-0.280335098505,1.99438238144
0.856797993183,0.333333343267,1.76341557503,-0.278266787529,2.04168224335
0.888531267643,0.333333343267,1.81100833416,-0.276139944792,2.08714818954
0.920264542103,0.333333343267,1.85677754879,-0.27396261692,2.13074016571
0.951997756958,0.333333343267,1.90067708492,-0.271743088961,2.17242026329
0.983731031418,0.333333343267,1.94266283512,-0.269490331411,2.21215319633
1.01546430588,0.333333343267,1.9826925993,-0.267213374376,2.24990606308
1.04719758034,0.333333343267,2.02072572708,-0.26492151618,2.28564715385
1.0789308548,0.333333343267,2.05672454834,-0.262624621391,2.31934928894
1.11066412926,0.333333343267,2.0906522274,-0.260332196951,2.35098433495
1.14239740372,0.333333343267,2.12247467041,-0.258054673672,2.38052940369
1.17413055897,0.333333343267,2.15215992928,-0.255801558495,2.40796136856
1.20586383343,0.333333343267,2.17967820168,-0.253583133221,2.4332613945
1.23759710789,0.333333343267,2.20500183105,-0.251409232616,2.45641112328
1.26933038235,0.333333343267,2.22810506821,-0.249289706349,2.47739481926
1.30106365681,0.333333343267,2.24896502495,-0.247234046459,2.49619913101
1.33279693127,0.333333343267,2.26756024361,-0.24525155127,2.51281189919
1.36453020573,0.333333343267,2.28387236595,-0.243351355195,2.52722382545
1.39626336098,0.333333343267,2.29788470268,-0.241541877389,2.53942656517
1.42799663544,0.333333343267,2.3095831871,-0.239831447601,2.5494146347
1.4597299099,0.333333343267,2.31895637512,-0.238227337599,2.55718374252
1.49146318436,0.333333343267,2.32599449158,-0.236737057567,2.56273150444
1.52319645882,0.333333343267,2.33069038391,-0.235366627574,2.56605696678
1.55492973328,0.333333343267,2.33303952217,-0.234122231603,2.56716179848
1.58666300774,0.333333343267,2.33303952217,-0.233008891344,2.56604838371
1.6183962822,0.333333343267,2.33069038391,-0.23203098774,2.56272125244
1.65012955666,0.333333343267,2.32599449158,-0.231192588806,2.55718708038
1.68186283112,0.333333343267,2.31895637512,-0.230496451259,2.54945278168
1.71359610558,0.333333343267,2.3095831871,-0.229945108294,2.5395283699
1.74532938004,0.333333343267,2.29788470268,-0.229540213943,2.52742481232
1.77706253529,0.333333343267,2.28387236595,-0.229282543063,2.51315498352
1.80879580975,0.333333343267,2.26756024361,-0.229172557592,2.49673271179
1.84052908421,0.333333343267,2.24896502495,-0.229209527373,2.47817444801
1.87226235867,0.333333343267,2.22810506821,-0.229392886162,2.45749807358
1.90399563313,0.333333343267,2.20500183105,-0.229720562696,2.43472242355
1.93572890759,0.333333343267,2.17967820168,-0.230190545321,2.40986871719
1.96746218204,0.333333343267,2.15215992928,-0.230799987912,2.38295984268
1.9991953373,0.333333343267,2.12247443199,-0.231545656919,2.35402011871
2.03092861176,0.333333343267,2.09065198898,-0.23242418468,2.32307624817
2.06266188622,0.333333343267,2.05672430992,-0.233431071043,2.29015541077
2.09439516068,0.333333343267,2.02072572708,-0.234562084079,2.25528788567
2.12612843513,0.333333343267,1.98269248009,-0.235812559724,2.21850514412
2.15786170959,0.333333343267,1.94266271591,-0.23717738688,2.17984008789
2.18959498405,0.333333343267,1.90067708492,-0.238651290536,2.13932847977
2.22132825851,0.333333343267,1.85677742958,-0.240229070187,2.09700655937
2.25306153297,0.333333343267,1.81100809574,-0.241904780269,2.05291295052
2.28479480743,0.333333343267,1.76341533661,-0.243673354387,2.00708866119
2.31652784348,0.333333343267,1.71404743195,-0.245528712869,1.95957612991
2.34826135635,0.333333343267,1.66295278072,-0.247465237975,1.9104180336
2.3799943924,0.333333343267,1.61018431187,-0.249477103353,1.85966145992
2.41172790527,0.333333343267,1.55579388142,-0.251558721066,1.80735254288
2.44346094131,0.333333343267,1.49983775616,-0.253704458475,1.75354218483
2.47519421577,0.333333343267,1.44237089157,-0.255908846855,1.69827973843
2.50692749023,0.333333343267,1.38345170021,-0.258166372776,1.64161801338
2.53866076469,0.333333343267,1.3231395483,-0.260471612215,1.58361113071
2.57039403915,0.333333343267,1.26149511337,-0.262819856405,1.52431499958
2.60212731361,0.333333343267,1.19858050346,-0.265205770731,1.46378624439
2.63386058807,0.333333343267,1.1344588995,-0.267624408007,1.4020832777
2.66559386253,0.333333343267,1.06919503212,-0.270071476698,1.33926653862
2.69732713699,0.333333343267,1.00285458565,-0.272542446852,1.2753970623
2.72906041145,0.333333343267,0.935504317284,-0.275032967329,1.21053731441
2.76079368591,0.333333343267,0.867212057114,-0.277539253235,1.14475131035
2.79252696037,0.333333343267,0.798046648502,-0.280057281256,1.07810389996
2.82426023483,0.333333343267,0.72807765007,-0.282583624125,1.01066124439
2.85599327087,0.333333343267,0.657376110554,-0.285114735365,0.942490816116
2.88772678375,0.333333343267,0.586011469364,-0.287647217512,0.873658657074
2.91945981979,0.333333343267,0.514057934284,-0.290178537369,0.804236471653
2.95119309425,0.333333343267,0.441586226225,-0.292705744505,0.73429197073
2.98292636871,0.333333343267,0.368669867516,-0.295226156712,0.663896024227
3.01465964317,0.333333343267,0.295382320881,-0.297737121582,0.593119442463
3.04639291763,0.333333343267,0.221797332168,-0.300237059593,0.522034406662
3.07812619209,0.333333343267,0.14798900485,-0.302723646164,0.450712651014
3.10985946655,0.333333343267,0.0740316733718,-0.305194735527,0.379226416349
3.14159274101,0.333333343267,-2.03986473934e-07,-0.307648986578,0.307648777962
0,0.343434333801,0,-0.294197946787,0.294197946787
0.0317332595587,0.343434333801,0.0743523240089,-0.295069903135,0.369422227144
0.0634665191174,0.343434333801,0.148629799485,-0.295840710402,0.444470524788
0.095199778676,0.343434333801,0.222757592797,-0.296507686377,0.519265294075
0.126933038235,0.343434333801,0.296661108732,-0.297068953514,0.593730092049
0.158666297793,0.343434333801,0.370265901089,-0.297521859407,0.667787790298
0.190399557352,0.343434333801,0.443497866392,-0.297864556313,0.741362452507
0.222132816911,0.343434333801,0.516283273697,-0.298095166683,0.81437844038
0.253866076469,0.343434333801,0.588548839092,-0.298212200403,0.886761069298
0.285599350929,0.343434333801,0.660221815109,-0.298214018345,0.958435833454
0.317332595587,0.343434333801,0.731229901314,-0.298099786043,1.02932965755
0.349065840244,0.343434333801,0.801501691341,-0.297868818045,1.09937047958
0.380799114704,0.343434333801,0.870966613293,-0.297520548105,1.1684871912
0.412532389164,0.343434333801,0.939554452896,-0.297054767609,1.2366092205
0.444265633821,0.343434333801,1.00719618797,-0.296472132206,1.30366826057
0.475998878479,0.343434333801,1.07382380962,-0.295772999525,1.36959683895
0.507732152939,0.343434333801,1.13937020302,-0.294958740473,1.43432891369
0.539465427399,0.343434333801,1.20376932621,-0.294030785561,1.49780011177
0.571198701859,0.343434333801,1.26695632935,-0.292991042137,1.55994737148
0.602931916714,0.343434333801,1.32886755466,-0.291842222214,1.62070977688
0.634665191174,0.343434333801,1.38944089413,-0.290587097406,1.68002796173
0.666398465633,0.343434333801,1.44861507416,-0.289229422808,1.73784446716
0.698131680489,0.343434333801,1.50633049011,-0.287772864103,1.79410338402
0.729864954948,0.343434333801,1.56252932549,-0.28622213006,1.84875142574
0.761598229408,0.343434333801,1.61715495586,-0.284582257271,1.90173721313
0.793331503868,0.343434333801,1.67015194893,-0.282858639956,1.95301055908
0.825064778328,0.343434333801,1.72146749496,-0.281057447195,2.00252485275
0.856797993183,0.343434333801,1.77104949951,-0.279185146093,2.0502345562
0.888531267643,0.343434333801,1.8188482523,-0.277248769999,2.09609699249
0.920264542103,0.343434333801,1.86481559277,-0.275255799294,2.14007139206
0.951997756958,0.343434333801,1.90890514851,-0.273214161396,2.18211936951
0.983731031418,0.343434333801,1.95107269287,-0.271132141352,2.22220492363
1.01546430588,0.343434333801,1.99127578735,-0.269018173218,2.26029396057
1.04719758034,0.343434333801,2.02947354317,-0.26688143611,2.29635500908
1.0789308548,0.343434333801,2.06562805176,-0.26473107934,2.3303592205
1.11066412926,0.343434333801,2.09970259666,-0.262576520443,2.36227917671
1.14239740372,0.343434333801,2.13166284561,-0.260427445173,2.39209032059
1.17413055897,0.343434333801,2.16147661209,-0.258293360472,2.41977000237
1.20586383343,0.343434333801,2.18911409378,-0.256184071302,2.44529819489
1.23759710789,0.343434333801,2.21454739571,-0.254109233618,2.46865653992
1.26933038235,0.343434333801,2.23775076866,-0.252078592777,2.48982930183
1.30106365681,0.343434333801,2.25870084763,-0.250101327896,2.50880217552
1.33279693127,0.343434333801,2.27737665176,-0.248186811805,2.52556347847
1.36453020573,0.343434333801,2.29375934601,-0.246344044805,2.54010343552
1.39626336098,0.343434333801,2.30783224106,-0.244581401348,2.55241370201
1.42799663544,0.343434333801,2.31958150864,-0.242907166481,2.56248855591
1.4597299099,0.343434333801,2.3289949894,-0.241328939795,2.57032394409
1.49146318436,0.343434333801,2.33606362343,-0.239854097366,2.57591772079
1.52319645882,0.343434333801,2.34078001976,-0.238489076495,2.57926917076
1.55492973328,0.343434333801,2.34313941002,-0.237240001559,2.58037948608
1.58666300774,0.343434333801,2.34313941002,-0.236112222075,2.57925152779
1.6183962822,0.343434333801,2.34078001976,-0.235110536218,2.57589054108
1.65012955666,0.343434333801,2.33606362343,-0.234239041805,2.57030272484
1.68186283112,0.343434333801,2.3289949894,-0.233501121402,2.5624961853
1.71359610558,0.343434333801,2.31958150864,-0.232899278402,2.55248069763
1.74532938004,0.343434333801,2.30783224106,-0.232435911894,2.54026818275
1.77706253529,0.343434333801,2.29375934601,-0.232112020254,2.52587127686
1.80879580975,0.343434333801,2.27737665176,-0.231928274035,2.50930500031
1.84052908421,0.343434333801,2.25870084763,-0.231884822249,2.49058556557
1.87226235867,0.343434333801,2.23775076866,-0.231980875134,2.46973156929
1.90399563313,0.343434333801,2.21454715729,-0.232215344906,2.4467625618
1.93572890759,0.343434333801,2.18911409378,-0.232586488128,2.4217004776
1.96746218204,0.343434333801,2.16147661209,-0.233091831207,2.3945684433
1.9991953373,0.343434333801,2.13166284561,-0.233728632331,2.36539149284
2.03092861176,0.343434333801,2.09970259666,-0.234493762255,2.33419632912
2.06266188622,0.343434333801,2.06562805176,-0.235383316875,2.30101132393
2.09439516068,0.343434333801,2.02947354317,-0.236393675208,2.26586723328
2.12612843513,0.343434333801,1.99127554893,-0.237520098686,2.22879552841
2.15786170959,0.343434333801,1.95107257366,-0.238758161664,2.18983078003
2.18959498405,0.343434333801,1.90890514851,-0.240102991462,2.14900803566
2.22132825851,0.343434333801,1.86481547356,-0.241549551487,2.10636496544
2.25306153297,0.343434333801,1.81884801388,-0.243092671037,2.06194067001
2.28479480743,0.343434333801,1.77104926109,-0.244726955891,2.01577615738
2.31652784348,0.343434333801,1.72146761417,-0.246447250247,1.96791481972
2.34826135635,0.343434333801,1.67015171051,-0.248247936368,1.91839969158
2.3799943924,0.343434333801,1.61715495586,-0.25012370944,1.86727869511
2.41172790527,0.343434333801,1.56252896786,-0.252069056034,1.8145980835
2.44346094131,0.343434333801,1.50633060932,-0.25407871604,1.76040935516
2.47519421577,0.343434333801,1.44861507416,-0.256147384644,1.7047624588
2.50692749023,0.343434333801,1.38944077492,-0.258269786835,1.64771056175
2.53866076469,0.343434333801,1.32886743546,-0.26044100523,1.58930850029
2.57039403915,0.343434333801,1.26695609093,-0.262656003237,1.52961206436
2.60212731361,0.343434333801,1.203769207,-0.264910131693,1.46867930889
2.63386058807,0.343434333801,1.1393699646,-0.267198473215,1.40656840801
2.66559386253,0.343434333801,1.07382357121,-0.269516885281,1.34334039688
2.69732713699,0.343434333801,1.00719594955,-0.271860748529,1.27905666828
2.72906041145,0.343434333801,0.939554154873,-0.274226397276,1.21378052235
2.76079368591,0.343434333801,0.870966255665,-0.276609510183,1.14757573605
2.79252696037,0.343434333801,0.801501393318,-0.279006868601,1.08050823212
2.82426023483,0.343434333801,0.731229543686,-0.281414270401,1.01264381409
2.85599327087,0.343434333801,0.660221874714,-0.283829122782,0.944051027298
2.88772678375,0.343434333801,0.58854830265,-0.286247849464,0.874796152115
2.91945981979,0.343434333801,0.516283333302,-0.288667619228,0.80495095253
2.95119309425,0.343434333801,0.443497866392,-0.291085660458,0.734583497047
2.98292636871,0.343434333801,0.370265841484,-0.293499797583,0.663765668869
3.01465964317,0.343434333801,0.296661049128,-0.295907258987,0.592568278313
3.04639291763,0.343434333801,0.22275750339,-0.298306047916,0.521063566208
3.07812619209,0.343434333801,0.148629665375,-0.300693929195,0.44932359457
3.10985946655,0.343434333801,0.0743521600962,-0.303069502115,0.377421677113
3.14159274101,0.343434333801,-2.04869536446e-07,-0.305430740118,0.305430531502
0,0.353535354137,0,-0.28938382864,0.28938382864
0.0317332595587,0.353535354137,0.0746728107333,-0.29042378068,0.365096598864
0.0634665191174,0.353535354137,0.149270445108,-0.29136750102,0.440637946129
0.095199778676,0.353535354137,0.22371776402,-0.292212516069,0.515930294991
0.126933038235,0.353535354137,0.297939836979,-0.292956292629,0.590896129608
0.158666297793,0.353535354137,0.371861875057,-0.293596357107,0.665458202362
0.190399557352,0.353535354137,0.445409506559,-0.294130623341,0.739540100098
0.222132816911,0.353535354137,0.518508672714,-0.294556945562,0.813065648079
0.253866076469,0.353535354137,0.591085672379,-0.29487362504,0.885959267616
0.285599350929,0.353535354137,0.663067638874,-0.29507881403,0.958146452904
0.317332595587,0.353535354137,0.734381735325,-0.295171558857,1.02955329418
0.349065840244,0.353535354137,0.804956495762,-0.295150488615,1.10010695457
0.380799114704,0.353535354137,0.874720752239,-0.295015126467,1.16973590851
0.412532389164,0.353535354137,0.943604230881,-0.294764786959,1.23836898804
0.444265633821,0.353535354137,1.01153755188,-0.294399499893,1.30593705177
0.475998878479,0.353535354137,1.07845234871,-0.293919622898,1.372371912
0.507732152939,0.353535354137,1.14428126812,-0.29332575202,1.43760704994
0.539465427399,0.353535354137,1.20895802975,-0.292618989944,1.50157701969
0.571198701859,0.353535354137,1.2724173069,-0.2918009758,1.5642182827
0.602931916714,0.353535354137,1.33459544182,-0.290873587132,1.62546896935
0.634665191174,0.353535354137,1.39542984962,-0.28983938694,1.68526923656
0.666398465633,0.353535354137,1.45485913754,-0.288701325655,1.74356043339
0.698131680489,0.353535354137,1.51282334328,-0.287462741137,1.80028605461
0.729864954948,0.353535354137,1.56926441193,-0.286127626896,1.85539197922
0.761598229408,0.353535354137,1.62412548065,-0.284700512886,1.90882599354
0.793331503868,0.353535354137,1.67735099792,-0.283186286688,1.96053731441
0.825064778328,0.353535354137,1.72888767719,-0.281590551138,2.01047825813
0.856797993183,0.353535354137,1.778683424,-0.279919058084,2.05860257149
0.888531267643,0.353535354137,1.82668817043,-0.278178274632,2.10486650467
0.920264542103,0.353535354137,1.87285363674,-0.276375263929,2.14922881126
0.951997756958,0.353535354137,1.91713321209,-0.27451723814,2.19165039062
0.983731031418,0.353535354137,1.95948255062,-0.272611916065,2.23209452629
1.01546430588,0.353535354137,1.9998588562,-0.270667612553,2.27052640915
1.04719758034,0.353535354137,2.03822135925,-0.268692523241,2.30691385269
1.0789308548,0.353535354137,2.07453179359,-0.266695469618,2.34122729301
1.11066412926,0.353535354137,2.10875320435,-0.264685600996,2.37343883514
1.14239740372,0.353535354137,2.14085125923,-0.262671858072,2.40352320671
1.17413055897,0.353535354137,2.17079353333,-0.260663837194,2.43145728111
1.20586383343,0.353535354137,2.19854998589,-0.258670657873,2.45722055435
1.23759710789,0.353535354137,2.22409296036,-0.256701886654,2.48079490662
1.26933038235,0.353535354137,2.2473962307,-0.254766821861,2.50216293335
1.30106365681,0.353535354137,2.2684366703,-0.252874732018,2.52131128311
1.33279693127,0.353535354137,2.28719305992,-0.251034647226,2.53822779655
1.36453020573,0.353535354137,2.30364632607,-0.249255374074,2.55290174484
1.39626336098,0.353535354137,2.31777977943,-0.24754551053,2.56532526016
1.42799663544,0.353535354137,2.32957983017,-0.245913267136,2.57549309731
1.4597299099,0.353535354137,2.33903384209,-0.244366154075,2.58340001106
1.49146318436,0.353535354137,2.3461329937,-0.242911696434,2.58904457092
1.52319645882,0.353535354137,2.35086965561,-0.241556555033,2.59242630005
1.55492973328,0.353535354137,2.35323905945,-0.240306809545,2.5935459137
1.58666300774,0.353535354137,2.35323905945,-0.239168405533,2.59240746498
1.6183962822,0.353535354137,2.35086965561,-0.238146007061,2.58901572227
1.65012955666,0.353535354137,2.3461329937,-0.237244129181,2.58337712288
1.68186283112,0.353535354137,2.33903384209,-0.236466512084,2.57550024986
1.71359610558,0.353535354137,2.32957983017,-0.235816240311,2.56539607048
1.74532938004,0.353535354137,2.31777977943,-0.235295429826,2.55307531357
1.77706253529,0.353535354137,2.30364632607,-0.234906151891,2.53855252266
1.80879580975,0.353535354137,2.28719305992,-0.234649211168,2.52184224129
1.84052908421,0.353535354137,2.2684366703,-0.234525084496,2.50296163559
1.87226235867,0.353535354137,2.2473962307,-0.234533622861,2.48192977905
1.90399563313,0.353535354137,2.22409272194,-0.234674111009,2.45876693726
1.93572890759,0.353535354137,2.19854998589,-0.234945237637,2.43349528313
1.96746218204,0.353535354137,2.17079353333,-0.235344871879,2.4061384201
1.9991953373,0.353535354137,2.14085102081,-0.235870972276,2.3767220974
2.03092861176,0.353535354137,2.10875296593,-0.23652048409,2.34527349472
2.06266188622,0.353535354137,2.07453155518,-0.237290591002,2.31182217598
2.09439516068,0.353535354137,2.03822135925,-0.238177224994,2.27639865875
2.12612843513,0.353535354137,1.99985873699,-0.23917683959,2.23903560638
2.15786170959,0.353535354137,1.95948243141,-0.240285202861,2.19976758957
2.18959498405,0.353535354137,1.91713321209,-0.241497635841,2.15863084793
2.22132825851,0.353535354137,1.87285351753,-0.242809802294,2.11566329002
2.25306153297,0.353535354137,1.82668793201,-0.244216620922,2.07090449333
2.28479480743,0.353535354137,1.77868318558,-0.245713338256,2.02439641953
2.31652784348,0.353535354137,1.7288877964,-0.247294962406,1.9761826992
2.34826135635,0.353535354137,1.6773506403,-0.24895632267,1.92630696297
2.3799943924,0.353535354137,1.62412548065,-0.250692367554,1.87481784821
2.41172790527,0.353535354137,1.5692640543,-0.252497971058,1.82176208496
2.44346094131,0.353535354137,1.51282346249,-0.254368036985,1.76719152927
2.47519421577,0.353535354137,1.45485913754,-0.256297469139,1.71115660667
2.50692749023,0.353535354137,1.39542973042,-0.258281648159,1.65371131897
2.53866076469,0.353535354137,1.33459532261,-0.260315477848,1.59491086006
2.57039403915,0.353535354137,1.27241718769,-0.262394189835,1.53481137753
2.60212731361,0.353535354137,1.20895791054,-0.264513343573,1.47347128391
2.63386058807,0.353535354137,1.1442810297,-0.266668558121,1.41094958782
2.66559386253,0.353535354137,1.07845211029,-0.268855452538,1.34730756283
2.69732713699,0.353535354137,1.01153731346,-0.271069705486,1.28260707855
2.72906041145,0.353535354137,0.943603992462,-0.273307681084,1.21691167355
2.76079368591,0.353535354137,0.874720454216,-0.275565296412,1.15028572083
2.79252696037,0.353535354137,0.804956197739,-0.277839332819,1.08279550076
2.82426023483,0.353535354137,0.734381437302,-0.280126154423,1.01450753212
2.85599327087,0.353535354137,0.663067698479,-0.282422423363,0.945490121841
2.88772678375,0.353535354137,0.591085195541,-0.284725517035,0.875810742378
2.91945981979,0.353535354137,0.518508672714,-0.287032067776,0.80554074049
2.95119309425,0.353535354137,0.445409506559,-0.289339780807,0.734749317169
2.98292636871,0.353535354137,0.371861845255,-0.291645973921,0.663507819176
3.01465964317,0.353535354137,0.297939747572,-0.293948411942,0.591888189316
3.04639291763,0.353535354137,0.223717674613,-0.2962449193,0.519962608814
3.07812619209,0.353535354137,0.149270310998,-0.298533499241,0.447803795338
3.10985946655,0.353535354137,0.0746726468205,-0.300812482834,0.375485122204
3.14159274101,0.353535354137,-2.05752598958e-07,-0.303079813719,0.303079605103
0,0.363636374474,0,-0.284416109324,0.284416109324
0.0317332595587,0.363636374474,0.0749932974577,-0.285619229078,0.360612511635
0.0634665191174,0.363636374474,0.149911105633,-0.286731123924,0.436642229557
0.095199778676,0.363636374474,0.224677935243,-0.28774958849,0.512427508831
0.126933038235,0.363636374474,0.299218565226,-0.288671374321,0.587889909744
0.158666297793,0.363636374474,0.373457849026,-0.289494305849,0.662952184677
0.190399557352,0.363636374474,0.447321146727,-0.290215998888,0.737537145615
0.222132816911,0.363636374474,0.520734012127,-0.290834188461,0.811568200588
0.253866076469,0.363636374474,0.593622565269,-0.291346877813,0.884969472885
0.285599350929,0.363636374474,0.665913403034,-0.291752249002,0.957665681839
0.317332595587,0.363636374474,0.737533628941,-0.29204890132,1.02958250046
0.349065840244,0.363636374474,0.808411240578,-0.292235255241,1.10064649582
0.380799114704,0.363636374474,0.87847495079,-0.292310535908,1.17078542709
0.412532389164,0.363636374474,0.94765406847,-0.292273551226,1.2399276495
0.444265633821,0.363636374474,1.01587891579,-0.292124181986,1.30800306797
0.475998878479,0.363636374474,1.083081007,-0.291862279177,1.37494325638
0.507732152939,0.363636374474,1.14919245243,-0.291488111019,1.44068050385
0.539465427399,0.363636374474,1.21414673328,-0.291002392769,1.50514912605
0.571198701859,0.363636374474,1.27787840366,-0.290406018496,1.56828439236
0.602931916714,0.363636374474,1.34032344818,-0.289700776339,1.63002419472
0.634665191174,0.363636374474,1.40141892433,-0.288888603449,1.69030749798
0.666398465633,0.363636374474,1.46110320091,-0.287971585989,1.7490748167
0.698131680489,0.363636374474,1.51931619644,-0.28695294261,1.80626916885
0.729864954948,0.363636374474,1.57599949837,-0.285835891962,1.86183536053
0.761598229408,0.363636374474,1.63109600544,-0.284624576569,1.91572058201
0.793331503868,0.363636374474,1.68454992771,-0.283322930336,1.96787285805
0.825064778328,0.363636374474,1.73630785942,-0.281936377287,2.01824426651
0.856797993183,0.363636374474,1.78631734848,-0.280469805002,2.06678724289
0.888531267643,0.363636374474,1.83452808857,-0.278929173946,2.11345720291
0.920264542103,0.363636374474,1.88089168072,-0.277321070433,2.15821266174
0.951997756958,0.363636374474,1.92536139488,-0.275651931763,2.20101332664
0.983731031418,0.363636374474,1.96789240837,-0.273929029703,2.24182152748
1.01546430588,0.363636374474,2.00844192505,-0.272159963846,2.2806019783
1.04719758034,0.363636374474,2.04696917534,-0.270352751017,2.31732201576
1.0789308548,0.363636374474,2.08343529701,-0.268515408039,2.35195064545
1.11066412926,0.363636374474,2.11780381203,-0.266656637192,2.38446044922
1.14239740372,0.363636374474,2.15003943443,-0.264785051346,2.41482448578
1.17413055897,0.363636374474,2.18011021614,-0.262909501791,2.44301962852
1.20586383343,0.363636374474,2.20798587799,-0.261039167643,2.46902513504
1.23759710789,0.363636374474,2.23363852501,-0.259183079004,2.49282169342
1.26933038235,0.363636374474,2.25704169273,-0.257350325584,2.51439189911
1.30106365681,0.363636374474,2.27817249298,-0.255549907684,2.53372240067
1.33279693127,0.363636374474,2.29700922966,-0.253790557384,2.55079984665
1.36453020573,0.363636374474,2.3135330677,-0.252081006765,2.56561398506
1.39626336098,0.363636374474,2.32772755623,-0.2504298985,2.57815742493
1.42799663544,0.363636374474,2.3395781517,-0.248845100403,2.58842325211
1.4597299099,0.363636374474,2.34907269478,-0.247334390879,2.59640717506
1.49146318436,0.363636374474,2.35620236397,-0.24590536952,2.60210776329
1.52319645882,0.363636374474,2.36095929146,-0.244564592838,2.60552382469
1.55492973328,0.363636374474,2.3633389473,-0.243318527937,2.60665750504
1.58666300774,0.363636374474,2.3633389473,-0.242173060775,2.60551190376
1.6183962822,0.363636374474,2.36095929146,-0.241133317351,2.6020925045
1.65012955666,0.363636374474,2.35620236397,-0.24020409584,2.59640645981
1.68186283112,0.363636374474,2.34907269478,-0.239389196038,2.58846187592
1.71359610558,0.363636374474,2.3395781517,-0.238692253828,2.57827043533
1.74532938004,0.363636374474,2.32772755623,-0.238115817308,2.56584334373
1.77706253529,0.363636374474,2.3135330677,-0.23766207695,2.55119514465
1.80879580975,0.363636374474,2.29700922966,-0.237332463264,2.53434181213
1.84052908421,0.363636374474,2.27817249298,-0.237127915025,2.51530051231
1.87226235867,0.363636374474,2.25704169273,-0.237048745155,2.4940905571
1.90399563313,0.363636374474,2.23363828659,-0.237094581127,2.47073292732
1.93572890759,0.363636374474,2.20798587799,-0.237264558673,2.44525051117
1.96746218204,0.363636374474,2.18011021614,-0.237557306886,2.41766762733
1.9991953373,0.363636374474,2.15003919601,-0.237970933318,2.38801002502
2.03092861176,0.363636374474,2.11780357361,-0.238503083587,2.35630655289
2.06266188622,0.363636374474,2.08343529701,-0.239151105285,2.32258629799
2.09439516068,0.363636374474,2.04696917534,-0.239911824465,2.28688097
2.12612843513,0.363636374474,2.00844192505,-0.240781858563,2.24922370911
2.15786170959,0.363636374474,1.96789228916,-0.241757437587,2.20964980125
2.18959498405,0.363636374474,1.92536139488,-0.242834582925,2.16819596291
2.22132825851,0.363636374474,1.88089156151,-0.244009062648,2.12490057945
2.25306153297,0.363636374474,1.83452785015,-0.245276495814,2.07980442047
2.28479480743,0.363636374474,1.78631699085,-0.246632277966,2.03294920921
2.31652784348,0.363636374474,1.73630797863,-0.24807189405,1.98437988758
2.34826135635,0.363636374474,1.68454968929,-0.249590411782,1.93414008617
2.3799943924,0.363636374474,1.63109600544,-0.251183241606,1.88227927685
2.41172790527,0.363636374474,1.57599914074,-0.252845644951,1.82884478569
2.44346094131,0.363636374474,1.51931631565,-0.254572719336,1.77388906479
2.47519421577,0.363636374474,1.46110320091,-0.2563598454,1.71746301651
2.50692749023,0.363636374474,1.40141880512,-0.258202403784,1.65962123871
2.53866076469,0.363636374474,1.34032332897,-0.2600954175,1.60041880608
2.57039403915,0.363636374474,1.27787828445,-0.26203468442,1.53991293907
2.60212731361,0.363636374474,1.21414649487,-0.26401630044,1.4781627655
2.63386058807,0.363636374474,1.14919221401,-0.266035139561,1.41522741318
2.66559386253,0.363636374474,1.08308076859,-0.268087536097,1.35116827488
2.69732713699,0.363636374474,1.01587867737,-0.270169556141,1.2860481739
2.72906041145,0.363636374474,0.947653830051,-0.272277444601,1.21993124485
2.76079368591,0.363636374474,0.878474593163,-0.274407178164,1.15288174152
2.79252696037,0.363636374474,0.808410942554,-0.276555895805,1.08496689796
2.82426023483,0.363636374474,0.737533271313,-0.278719693422,1.01625299454
2.85599327087,0.363636374474,0.665913522243,-0.280895859003,0.946809411049
2.88772678375,0.363636374474,0.593622028828,-0.283081144094,0.87670314312
2.91945981979,0.363636374474,0.520734071732,-0.285272836685,0.806006908417
2.95119309425,0.363636374474,0.447321146727,-0.287468641996,0.734789788723
2.98292636871,0.363636374474,0.373457819223,-0.289665699005,0.663123488426
3.01465964317,0.363636374474,0.299218475819,-0.29186180234,0.591080307961
3.04639291763,0.363636374474,0.224677845836,-0.294054925442,0.518732786179
3.07812619209,0.363636374474,0.149910956621,-0.296243220568,0.446154177189
3.10985946655,0.363636374474,0.0749931335449,-0.298424482346,0.373417615891
3.14159274101,0.363636374474,-2.06635661471e-07,-0.300597310066,0.30059710145
0,0.373737365007,0,-0.27930945158,0.27930945158
0.0317332595587,0.373737365007,0.0753137767315,-0.28067073226,0.355984508991
0.0634665191174,0.373737365007,0.150551736355,-0.28194591403,0.432497650385
0.095199778676,0.373737365007,0.225638076663,-0.283132493496,0.50877058506
0.126933038235,0.373737365007,0.300497233868,-0.284227728844,0.584724962711
0.158666297793,0.373737365007,0.375053793192,-0.285229086876,0.660282850266
0.190399557352,0.373737365007,0.449232757092,-0.286134034395,0.735366821289
0.222132816911,0.373737365007,0.52295935154,-0.286940008402,0.809899330139
0.253866076469,0.373737365007,0.596159338951,-0.287644982338,0.883804321289
0.285599350929,0.373737365007,0.668759167194,-0.288246959448,0.95700609684
0.317332595587,0.373737365007,0.740685462952,-0.288744062185,1.02942955494
0.349065840244,0.373737365007,0.811865925789,-0.289134740829,1.10100066662
0.380799114704,0.373737365007,0.882229089737,-0.28941783309,1.17164695263
0.412532389164,0.373737365007,0.951703846455,-0.289591878653,1.2412956953
0.444265633821,0.373737365007,1.02022016048,-0.289656311274,1.30987644196
0.475998878479,0.373737365007,1.08770942688,-0.28961083293,1.37732028961
0.507732152939,0.373737365007,1.15410339832,-0.289455235004,1.44355869293
0.539465427399,0.373737365007,1.21933531761,-0.289189487696,1.50852477551
0.571198701859,0.373737365007,1.28333938122,-0.288814634085,1.5721540451
0.602931916714,0.373737365007,1.34605121613,-0.28833141923,1.63438260555
0.634665191174,0.373737365007,1.40740776062,-0.287741392851,1.69514918327
0.666398465633,0.373737365007,1.46734714508,-0.287046432495,1.75439357758
0.698131680489,0.373737365007,1.52580881119,-0.286249011755,1.81205785275
0.729864954948,0.373737365007,1.58273434639,-0.285351961851,1.86808633804
0.761598229408,0.373737365007,1.63806641102,-0.284358382225,1.92242479324
0.793331503868,0.373737365007,1.69174873829,-0.28327229619,1.97502100468
0.825064778328,0.373737365007,1.74372780323,-0.282097965479,2.02582573891
0.856797993183,0.373737365007,1.79395103455,-0.280839800835,2.07479095459
0.888531267643,0.373737365007,1.8423678875,-0.279503405094,2.12187123299
0.920264542103,0.373737365007,1.88892960548,-0.278094381094,2.16702389717
0.951997756958,0.373737365007,1.93358922005,-0.276618897915,2.21020817757
0.983731031418,0.373737365007,1.97630214691,-0.275083512068,2.25138568878
1.01546430588,0.373737365007,2.0170249939,-0.273495048285,2.29051995277
1.04719758034,0.373737365007,2.05571675301,-0.27186113596,2.32757782936
1.0789308548,0.373737365007,2.09233880043,-0.270189374685,2.36252808571
1.11066412926,0.373737365007,2.12685394287,-0.268487662077,2.39534163475
1.14239740372,0.373737365007,2.15922760963,-0.26676428318,2.42599201202
1.17413055897,0.373737365007,2.18942689896,-0.265027791262,2.45445466042
1.20586383343,0.373737365007,2.21742153168,-0.263286679983,2.48070812225
1.23759710789,0.373737365007,2.24318385124,-0.261549711227,2.50473356247
1.26933038235,0.373737365007,2.26668715477,-0.259825497866,2.52651262283
1.30106365681,0.373737365007,2.28790807724,-0.258122831583,2.54603099823
1.33279693127,0.373737365007,2.3068253994,-0.256450533867,2.56327581406
1.36453020573,0.373737365007,2.32341980934,-0.254816770554,2.5782365799
1.39626336098,0.373737365007,2.33767485619,-0.25323009491,2.5909049511
1.42799663544,0.373737365007,2.3495759964,-0.251698404551,2.60127449036
1.4597299099,0.373737365007,2.35911130905,-0.250229537487,2.60934090614
1.49146318436,0.373737365007,2.36627149582,-0.248830810189,2.61510229111
1.52319645882,0.373737365007,2.37104868889,-0.24750906229,2.61855769157
1.55492973328,0.373737365007,2.37343859673,-0.246270880103,2.61970949173
1.58666300774,0.373737365007,2.37343859673,-0.245122253895,2.61856079102
1.6183962822,0.373737365007,2.37104868889,-0.244068667293,2.61511731148
1.65012955666,0.373737365007,2.36627149582,-0.24311503768,2.60938644409
1.68186283112,0.373737365007,2.35911130905,-0.242265433073,2.60137677193
1.71359610558,0.373737365007,2.3495759964,-0.241523981094,2.59109997749
1.74532938004,0.373737365007,2.33767485619,-0.240893527865,2.57856845856
1.77706253529,0.373737365007,2.32341980934,-0.240376666188,2.56379652023
1.80879580975,0.373737365007,2.3068253994,-0.239975348115,2.54680085182
1.84052908421,0.373737365007,2.28790807724,-0.239690840244,2.52759885788
1.87226235867,0.373737365007,2.26668715477,-0.239523813128,2.5062110424
1.90399563313,0.373737365007,2.24318361282,-0.239474594593,2.48265814781
1.93572890759,0.373737365007,2.21742153168,-0.239542707801,2.45696425438
1.96746218204,0.373737365007,2.18942689896,-0.239727258682,2.42915415764
1.9991953373,0.373737365007,2.15922737122,-0.240027040243,2.39925432205
2.03092861176,0.373737365007,2.12685394287,-0.240439891815,2.36729383469
2.06266188622,0.373737365007,2.09233880043,-0.240964055061,2.3333029747
2.09439516068,0.373737365007,2.05571675301,-0.241596639156,2.29731345177
2.12612843513,0.373737365007,2.01702475548,-0.24233455956,2.25935935974
2.15786170959,0.373737365007,1.97630190849,-0.243174731731,2.21947669983
2.18959498405,0.373737365007,1.93358922005,-0.244113773108,2.17770290375
2.22132825851,0.373737365007,1.88892936707,-0.245147570968,2.13407683372
2.25306153297,0.373737365007,1.84236752987,-0.246272325516,2.08863973618
2.28479480743,0.373737365007,1.79395067692,-0.247484028339,2.04143476486
2.31652784348,0.373737365007,1.74372792244,-0.248778194189,1.99250614643
2.34826135635,0.373737365007,1.69174849987,-0.250150680542,1.94189918041
2.3799943924,0.373737365007,1.63806641102,-0.251597136259,1.88966357708
2.41172790527,0.373737365007,1.58273410797,-0.253112971783,1.83584713936
2.44346094131,0.373737365007,1.52580904961,-0.254693686962,1.78050279617
2.47519421577,0.373737365007,1.46734714508,-0.256335020065,1.72368216515
2.50692749023,0.373737365007,1.40740764141,-0.258032470942,1.66544008255
2.53866076469,0.373737365007,1.34605109692,-0.25978204608,1.6058331728
2.57039403915,0.373737365007,1.2833391428,-0.26157900691,1.54491817951
2.60212731361,0.373737365007,1.21933507919,-0.263419419527,1.48275446892
2.63386058807,0.373737365007,1.1541031599,-0.265299409628,1.41940259933
2.66559386253,0.373737365007,1.08770918846,-0.267214745283,1.35492396355
2.69732713699,0.373737365007,1.02022004128,-0.269161880016,1.2893819809
2.72906041145,0.373737365007,0.951703548431,-0.271136850119,1.22284042835
2.76079368591,0.373737365007,0.882228732109,-0.27313670516,1.15536546707
2.79252696037,0.373737365007,0.811865627766,-0.275157481432,1.087023139
2.82426023483,0.373737365007,0.740685105324,-0.277196407318,1.01788151264
2.85599327087,0.373737365007,0.668759226799,-0.279250174761,0.948009371758
2.88772678375,0.373737365007,0.596158862114,-0.281316310167,0.877475142479
2.91945981979,0.373737365007,0.522959411144,-0.283391326666,0.806350708008
2.95119309425,0.373737365007,0.449232757092,-0.285473525524,0.734706282616
2.98292636871,0.373737365007,0.37505376339,-0.287560015917,0.662613749504
3.01465964317,0.373737365007,0.300497174263,-0.289648532867,0.59014570713
3.04639291763,0.373737365007,0.225637987256,-0.291737258434,0.517375230789
3.07812619209,0.373737365007,0.150551602244,-0.293823927641,0.444375514984
3.10985946655,0.373737365007,0.0753136128187,-0.295906752348,0.371220350266
3.14159274101,0.373737365007,-2.07518709772e-07,-0.29798451066,0.297984302044
0,0.383838385344,0,-0.274078428745,0.274078428745
0.0317332595587,0.383838385344,0.0756342634559,-0.27559247613,0.351226747036
0.0634665191174,0.383838385344,0.151192381978,-0.277025938034,0.428218305111
0.095199778676,0.383838385344,0.226598247886,-0.278376042843,0.50497430563
0.126933038235,0.383838385344,0.301775962114,-0.279640108347,0.581416070461
0.158666297793,0.383838385344,0.376649796963,-0.280815035105,0.65746486187
0.190399557352,0.383838385344,0.451144397259,-0.281898349524,0.73304271698
0.222132816911,0.383838385344,0.525184750557,-0.282887876034,0.808072626591
0.253866076469,0.383838385344,0.598696231842,-0.283780962229,0.882477164268
0.285599350929,0.383838385344,0.671604990959,-0.284575492144,0.9561804533
0.317332595587,0.383838385344,0.743837296963,-0.285269528627,1.02910685539
0.349065840244,0.383838385344,0.815320730209,-0.285861313343,1.10118198395
0.380799114704,0.383838385344,0.885983288288,-0.286348938942,1.17233228683
0.412532389164,0.383838385344,0.955753684044,-0.286731183529,1.24248480797
0.444265633821,0.383838385344,1.0245616436,-0.28700709343,1.31156873703
0.475998878479,0.383838385344,1.09233796597,-0.287175834179,1.37951374054
0.507732152939,0.383838385344,1.15901446342,-0.287236720324,1.44625115395
0.539465427399,0.383838385344,1.22452402115,-0.287189900875,1.51171398163
0.571198701859,0.383838385344,1.28880035877,-0.287035316229,1.5758357048
0.602931916714,0.383838385344,1.35177910328,-0.286773502827,1.63855266571
0.634665191174,0.383838385344,1.41339683533,-0.286405652761,1.69980251789
0.666398465633,0.383838385344,1.47359120846,-0.285933107138,1.7595243454
0.698131680489,0.383838385344,1.53230166435,-0.285357624292,1.81765925884
0.729864954948,0.383838385344,1.58946943283,-0.284681558609,1.87415099144
0.761598229408,0.383838385344,1.64503693581,-0.283907592297,1.92894458771
0.793331503868,0.383838385344,1.69894778728,-0.283038824797,1.98198664188
0.825064778328,0.383838385344,1.75114798546,-0.282079100609,2.03322696686
0.856797993183,0.383838385344,1.80158483982,-0.281032532454,2.08261728287
0.888531267643,0.383838385344,1.85020780563,-0.27990347147,2.1301112175
0.920264542103,0.383838385344,1.89696764946,-0.278697401285,2.17566514015
0.951997756958,0.383838385344,1.94181740284,-0.277419537306,2.21923685074
0.983731031418,0.383838385344,1.98471200466,-0.276075989008,2.26078796387
1.01546430588,0.383838385344,2.02560806274,-0.274673074484,2.30028104782
1.04719758034,0.383838385344,2.06446456909,-0.273217558861,2.33768224716
1.0789308548,0.383838385344,2.10124254227,-0.271716594696,2.37295913696
1.11066412926,0.383838385344,2.13590455055,-0.270177572966,2.40608215332
1.14239740372,0.383838385344,2.16841578484,-0.268608152866,2.4370238781
1.17413055897,0.383838385344,2.19874358177,-0.267016559839,2.46576023102
1.20586383343,0.383838385344,2.22685742378,-0.265410542488,2.49226808548
1.23759710789,0.383838385344,2.25272917747,-0.263798654079,2.51652789116
1.26933038235,0.383838385344,2.27633261681,-0.262189239264,2.53852176666
1.30106365681,0.383838385344,2.29764389992,-0.260590523481,2.5582344532
1.33279693127,0.383838385344,2.31664180756,-0.259011059999,2.57565283775
1.36453020573,0.383838385344,2.3333067894,-0.25745895505,2.59076571465
1.39626336098,0.383838385344,2.34762239456,-0.25594240427,2.60356473923
1.42799663544,0.383838385344,2.35957431793,-0.254469364882,2.61404371262
1.4597299099,0.383838385344,2.36915016174,-0.253047436476,2.62219762802
1.49146318436,0.383838385344,2.37634062767,-0.251683920622,2.62802457809
1.52319645882,0.383838385344,2.38113832474,-0.250385940075,2.63152432442
1.55492973328,0.383838385344,2.38353824615,-0.24915997684,2.6326982975
1.58666300774,0.383838385344,2.38353824615,-0.248012185097,2.63155031204
1.6183962822,0.383838385344,2.38113832474,-0.246948182583,2.62808656693
1.65012955666,0.383838385344,2.37634062767,-0.245973259211,2.62231397629
1.68186283112,0.383838385344,2.36915016174,-0.245091974735,2.61424207687
1.71359610558,0.383838385344,2.35957431793,-0.244308173656,2.60388255119
1.74532938004,0.383838385344,2.34762239456,-0.243625685573,2.59124803543
1.77706253529,0.383838385344,2.3333067894,-0.243047237396,2.57635402679
1.80879580975,0.383838385344,2.31664180756,-0.242575094104,2.55921697617
1.84052908421,0.383838385344,2.29764389992,-0.242211252451,2.53985524178
1.87226235867,0.383838385344,2.27633261681,-0.241956695914,2.51828932762
1.90399563313,0.383838385344,2.25272917747,-0.241812199354,2.49454140663
1.93572890759,0.383838385344,2.22685742378,-0.241778045893,2.46863555908
1.96746218204,0.383838385344,2.19874358177,-0.241853639483,2.44059729576
1.9991953373,0.383838385344,2.16841554642,-0.242038190365,2.41045379639
2.03092861176,0.383838385344,2.13590431213,-0.242330506444,2.37823486328
2.06266188622,0.383838385344,2.10124230385,-0.242728754878,2.34397101402
2.09439516068,0.383838385344,2.06446456909,-0.243230983615,2.30769562721
2.12612843513,0.383838385344,2.02560806274,-0.243834659457,2.26944279671
2.15786170959,0.383838385344,1.98471176624,-0.244536995888,2.22924876213
2.18959498405,0.383838385344,1.94181740284,-0.245335042477,2.18715238571
2.22132825851,0.383838385344,1.89696741104,-0.246225297451,2.1431927681
2.25306153297,0.383838385344,1.85020744801,-0.247204691172,2.09741210938
2.28479480743,0.383838385344,1.8015846014,-0.248268976808,2.04985356331
2.31652784348,0.383838385344,1.75114810467,-0.249414801598,2.00056290627
2.34826135635,0.383838385344,1.69894742966,-0.250638097525,1.94958555698
2.3799943924,0.383838385344,1.64503693581,-0.251934736967,1.89697170258
2.41172790527,0.383838385344,1.58946919441,-0.253300875425,1.84277009964
2.44346094131,0.383838385344,1.53230190277,-0.254732131958,1.78703403473
2.47519421577,0.383838385344,1.47359120846,-0.256224542856,1.72981572151
2.50692749023,0.383838385344,1.41339659691,-0.257774114609,1.67117071152
2.53866076469,0.383838385344,1.35177898407,-0.259376674891,1.61115562916
2.57039403915,0.383838385344,1.28880023956,-0.261028259993,1.54982852936
2.60212731361,0.383838385344,1.22452378273,-0.262724965811,1.48724877834
2.63386058807,0.383838385344,1.15901434422,-0.264462918043,1.42347729206
2.66559386253,0.383838385344,1.09233784676,-0.266238570213,1.35857641697
2.69732713699,0.383838385344,1.02456140518,-0.268047988415,1.2926094532
2.72906041145,0.383838385344,0.955753386021,-0.269888162613,1.22564148903
2.76079368591,0.383838385344,0.88598293066,-0.271755307913,1.15773820877
2.79252696037,0.383838385344,0.815320432186,-0.273646324873,1.08896672726
2.82426023483,0.383838385344,0.743836939335,-0.275557994843,1.01939487457
2.85599327087,0.383838385344,0.671605050564,-0.277487695217,0.949092745781
2.88772678375,0.383838385344,0.5986956954,-0.279432207346,0.878127932549
2.91945981979,0.383838385344,0.525184750557,-0.281389355659,0.806574106216
2.95119309425,0.383838385344,0.451144397259,-0.283356279135,0.734500646591
2.98292636871,0.383838385344,0.37664976716,-0.285330563784,0.661980330944
3.01465964317,0.383838385344,0.30177590251,-0.287310361862,0.589086294174
3.04639291763,0.383838385344,0.226598158479,-0.289293259382,0.515891432762
3.07812619209,0.383838385344,0.151192247868,-0.291277617216,0.442469865084
3.10985946655,0.383838385344,0.0756340920925,-0.29326108098,0.368895173073
3.14159274101,0.383838385344,-2.08401772284e-07,-0.295242577791,0.295242369175
0,0.39393940568,0,-0.268738090992,0.268738090992
0.0317332595587,0.39393940568,0.0759547501802,-0.270399898291,0.346354663372
0.0634665191174,0.39393940568,0.151833042502,-0.271986305714,0.423819363117
0.095199778676,0.39393940568,0.227558419108,-0.273494899273,0.501053333282
0.126933038235,0.39393940568,0.303054690361,-0.274922400713,0.577977061272
0.158666297793,0.39393940568,0.378245770931,-0.276266157627,0.654511928558
0.190399557352,0.39393940568,0.453056037426,-0.277523726225,0.730579733849
0.222132816911,0.39393940568,0.52741008997,-0.278691858053,0.806101918221
0.253866076469,0.39393940568,0.601233065128,-0.27976885438,0.88100194931
0.285599350929,0.39393940568,0.674450755119,-0.280751794577,0.955202579498
0.317332595587,0.39393940568,0.746989190578,-0.281638652086,1.02862787247
0.349065840244,0.39393940568,0.818775475025,-0.282427459955,1.10120296478
0.380799114704,0.39393940568,0.889737486839,-0.283116459846,1.17285394669
0.412532389164,0.39393940568,0.959803462029,-0.283703714609,1.24350714684
0.444265633821,0.39393940568,1.02890300751,-0.284188181162,1.31309115887
0.475998878479,0.39393940568,1.09696662426,-0.2845685184,1.38153517246
0.507732152939,0.39393940568,1.16392564774,-0.284843921661,1.4487695694
0.539465427399,0.39393940568,1.22971260548,-0.285013824701,1.51472640038
0.571198701859,0.39393940568,1.29426145554,-0.285077989101,1.57933950424
0.602931916714,0.39393940568,1.35750699043,-0.285036563873,1.64254355431
0.634665191174,0.39393940568,1.41938579082,-0.284890264273,1.7042760849
0.666398465633,0.39393940568,1.47983527184,-0.284639596939,1.76447486877
0.698131680489,0.39393940568,1.53879451752,-0.284286230803,1.82308077812
0.729864954948,0.39393940568,1.59620451927,-0.283831655979,1.88003611565
0.761598229408,0.39393940568,1.65200746059,-0.283278107643,1.93528556824
0.793331503868,0.39393940568,1.70614671707,-0.282628178596,1.98877489567
0.825064778328,0.39393940568,1.75856816769,-0.28188508749,2.04045319557
0.856797993183,0.39393940568,1.80921876431,-0.28105199337,2.09027075768
0.888531267643,0.39393940568,1.85804772377,-0.280133128166,2.13818073273
0.920264542103,0.39393940568,1.90500569344,-0.279132992029,2.18413877487
0.951997756958,0.39393940568,1.95004546642,-0.278056263924,2.22810173035
0.983731031418,0.39393940568,1.99312186241,-0.276908427477,2.27003026009
1.01546430588,0.39393940568,2.03419137001,-0.275695115328,2.30988645554
1.04719758034,0.39393940568,2.07321238518,-0.274422585964,2.34763503075
1.0789308548,0.39393940568,2.11014604568,-0.273097157478,2.38324308395
1.11066412926,0.39393940568,2.14495491982,-0.271725863218,2.41668081284
1.14239740372,0.39393940568,2.17760396004,-0.270315736532,2.44791960716
1.17413055897,0.39393940568,2.20806026459,-0.268874287605,2.47693443298
1.20586383343,0.39393940568,2.23629331589,-0.267409145832,2.50370240211
1.23759710789,0.39393940568,2.26227474213,-0.265928030014,2.52820277214
1.26933038235,0.39393940568,2.28597807884,-0.264438927174,2.55041694641
1.30106365681,0.39393940568,2.3073797226,-0.262949943542,2.57032966614
1.33279693127,0.39393940568,2.32645821571,-0.261469095945,2.58792734146
1.36453020573,0.39393940568,2.34319376945,-0.260004192591,2.60319805145
1.39626336098,0.39393940568,2.35757017136,-0.258563309908,2.61613345146
1.42799663544,0.39393940568,2.36957263947,-0.257154256105,2.62672686577
1.4597299099,0.39393940568,2.37918901443,-0.255784392357,2.634973526
1.49146318436,0.39393940568,2.38640999794,-0.254461169243,2.64087104797
1.52319645882,0.39393940568,2.39122796059,-0.253191500902,2.64441943169
1.55492973328,0.39393940568,2.393638134,-0.25198200345,2.64562010765
1.58666300774,0.39393940568,2.393638134,-0.250839114189,2.6444773674
1.6183962822,0.39393940568,2.39122796059,-0.249768525362,2.64099645615
1.65012955666,0.39393940568,2.38640999794,-0.248775601387,2.63518571854
1.68186283112,0.39393940568,2.37918901443,-0.24786528945,2.62705421448
1.71359610558,0.39393940568,2.36957263947,-0.247041895986,2.61661458015
1.74532938004,0.39393940568,2.35757017136,-0.246309384704,2.60387945175
1.77706253529,0.39393940568,2.34319376945,-0.245670944452,2.58886480331
1.80879580975,0.39393940568,2.32645821571,-0.24512937665,2.57158756256
1.84052908421,0.39393940568,2.3073797226,-0.244687005877,2.55206680298
1.87226235867,0.39393940568,2.28597807884,-0.244345396757,2.5303235054
1.90399563313,0.39393940568,2.26227474213,-0.244105815887,2.50638055801
1.93572890759,0.39393940568,2.23629331589,-0.243968993425,2.48026227951
1.96746218204,0.39393940568,2.20806026459,-0.243935063481,2.45199537277
1.9991953373,0.39393940568,2.17760396004,-0.244003489614,2.42160749435
2.03092861176,0.39393940568,2.14495491982,-0.244173824787,2.389128685
2.06266188622,0.39393940568,2.11014604568,-0.244444772601,2.35459089279
2.09439516068,0.39393940568,2.07321238518,-0.244814798236,2.31802725792
2.12612843513,0.39393940568,2.03419113159,-0.245282053947,2.27947330475
2.15786170959,0.39393940568,1.99312162399,-0.245844304562,2.23896598816
2.18959498405,0.39393940568,1.95004546642,-0.246498972178,2.1965444088
2.22132825851,0.39393940568,1.90500557423,-0.247243210673,2.15224885941
2.25306153297,0.39393940568,1.85804736614,-0.248074069619,2.10612154007
2.28479480743,0.39393940568,1.80921852589,-0.248988434672,2.05820703506
2.31652784348,0.39393940568,1.7585682869,-0.249982908368,2.00855112076
2.34826135635,0.39393940568,1.70614647865,-0.251053899527,1.95720040798
2.3799943924,0.39393940568,1.65200746059,-0.25219771266,1.90420520306
2.41172790527,0.39393940568,1.59620428085,-0.253411024809,1.84961533546
2.44346094131,0.39393940568,1.53879475594,-0.25468981266,1.7934845686
2.47519421577,0.39393940568,1.47983527184,-0.256030261517,1.73586559296
2.50692749023,0.39393940568,1.41938567162,-0.257428765297,1.67681443691
2.53866076469,0.39393940568,1.35750687122,-0.258881449699,1.61638832092
2.57039403915,0.39393940568,1.29426133633,-0.26038479805,1.55464613438
2.60212731361,0.39393940568,1.22971248627,-0.261934906244,1.49164736271
2.63386058807,0.39393940568,1.16392540932,-0.263528317213,1.42745375633
2.66559386253,0.39393940568,1.09696638584,-0.265161216259,1.3621275425
2.69732713699,0.39393940568,1.02890276909,-0.266830831766,1.29573357105
2.72906041145,0.39393940568,0.95980322361,-0.268533319235,1.22833657265
2.76079368591,0.39393940568,0.889737129211,-0.270265609026,1.16000270844
2.79252696037,0.39393940568,0.818775177002,-0.272024363279,1.09079957008
2.82426023483,0.39393940568,0.746988832951,-0.273806959391,1.02079582214
2.85599327087,0.39393940568,0.674450814724,-0.275610357523,0.950061202049
2.88772678375,0.39393940568,0.601232588291,-0.277431994677,0.87866461277
2.91945981979,0.39393940568,0.527410149574,-0.279269009829,0.806679129601
2.95119309425,0.39393940568,0.453056037426,-0.281119257212,0.73417532444
2.98292636871,0.39393940568,0.378245741129,-0.282980293036,0.661226034164
3.01465964317,0.39393940568,0.303054600954,-0.284849762917,0.587904334068
3.04639291763,0.39393940568,0.227558329701,-0.286725848913,0.514284193516
3.07812619209,0.39393940568,0.151832893491,-0.288606405258,0.440439283848
3.10985946655,0.39393940568,0.0759545788169,-0.290489733219,0.366444319487
3.14159274101,0.39393940568,-2.09284834796e-07,-0.292374134064,0.292373925447
0,0.404040396214,0,-0.263303220272,0.263303220272
0.0317332595587,0.404040396214,0.076275229454,-0.265107542276,0.34138277173
0.0634665191174,0.404040396214,0.152473673224,-0.266842037439,0.419315695763
0.095199778676,0.404040396214,0.228518560529,-0.268503844738,0.497022390366
0.126933038235,0.404040396214,0.304333359003,-0.270090013742,0.574423372746
0.158666297793,0.404040396214,0.379841715097,-0.271597713232,0.651439428329
0.190399557352,0.404040396214,0.454967617989,-0.273024171591,0.727991819382
0.222132816911,0.404040396214,0.529635429382,-0.274366647005,0.804002046585
0.253866076469,0.404040396214,0.603769898415,-0.27562263608,0.879392504692
0.285599350929,0.404040396214,0.677296519279,-0.276789516211,0.954086065292
0.317332595587,0.404040396214,0.750140964985,-0.277865320444,1.02800631523
0.349065840244,0.404040396214,0.822230160236,-0.278847277164,1.1010774374
0.380799114704,0.404040396214,0.893491566181,-0.279733628035,1.17322516441
0.412532389164,0.404040396214,0.963853240013,-0.280522495508,1.24437570572
0.444265633821,0.404040396214,1.0332442522,-0.281212031841,1.31445622444
0.475998878479,0.404040396214,1.10159504414,-0.281801044941,1.38339614868
0.507732152939,0.404040396214,1.16883659363,-0.282288074493,1.45112466812
0.539465427399,0.404040396214,1.2349011898,-0.282672286034,1.51757347584
0.571198701859,0.404040396214,1.29972231388,-0.282953351736,1.58267569542
0.602931916714,0.404040396214,1.36323475838,-0.283130735159,1.64636552334
0.634665191174,0.404040396214,1.42537462711,-0.283204495907,1.70857906342
0.666398465633,0.404040396214,1.486079216,-0.283174991608,1.76925420761
0.698131680489,0.404040396214,1.54528725147,-0.283043175936,1.82833039761
0.729864954948,0.404040396214,1.6029394865,-0.28281006217,1.88574957848
0.761598229408,0.404040396214,1.65897786617,-0.282477319241,1.94145512581
0.793331503868,0.404040396214,1.71334552765,-0.282046943903,1.99539244175
0.825064778328,0.404040396214,1.7659881115,-0.281521499157,2.04750967026
0.856797993183,0.404040396214,1.81685245037,-0.280903667212,2.09775614738
0.888531267643,0.404040396214,1.86588740349,-0.280197024345,2.14608430862
0.920264542103,0.404040396214,1.91304349899,-0.279405087233,2.19244861603
0.951997756958,0.404040396214,1.95827329159,-0.278532356024,2.23680567741
0.983731031418,0.404040396214,2.00153136253,-0.277583479881,2.27911472321
1.01546430588,0.404040396214,2.04277420044,-0.276563227177,2.31933736801
1.04719758034,0.404040396214,2.08195996284,-0.27547749877,2.35743737221
1.0789308548,0.404040396214,2.1190495491,-0.274331927299,2.39338159561
1.11066412926,0.404040396214,2.15400528908,-0.273132801056,2.42713809013
1.14239740372,0.404040396214,2.18679213524,-0.271886616945,2.45867872238
1.17413055897,0.404040396214,2.2173769474,-0.270600438118,2.48797750473
1.20586383343,0.404040396214,2.24572896957,-0.269281089306,2.51501011848
1.23759710789,0.404040396214,2.27182006836,-0.267935991287,2.53975605965
1.26933038235,0.404040396214,2.29562354088,-0.266572773457,2.56219625473
1.30106365681,0.404040396214,2.31711530685,-0.265198916197,2.58231425285
1.33279693127,0.404040396214,2.33627438545,-0.263821989298,2.60009646416
1.36453020573,0.404040396214,2.35308051109,-0.262449800968,2.61553025246
1.39626336098,0.404040396214,2.36751747131,-0.261089891195,2.6286072731
1.42799663544,0.404040396214,2.37957072258,-0.259749919176,2.63932061195
1.4597299099,0.404040396214,2.38922762871,-0.258437246084,2.64766478539
1.49146318436,0.404040396214,2.39647912979,-0.257159054279,2.65363812447
1.52319645882,0.404040396214,2.40131735802,-0.255922347307,2.65723967552
1.55492973328,0.404040396214,2.40373778343,-0.254733860493,2.65847158432
1.58666300774,0.404040396214,2.40373778343,-0.253599792719,2.65733766556
1.6183962822,0.404040396214,2.40131735802,-0.252526313066,2.65384364128
1.65012955666,0.404040396214,2.39647912979,-0.251518815756,2.64799785614
1.68186283112,0.404040396214,2.38922762871,-0.250582545996,2.6398100853
1.71359610558,0.404040396214,2.37957072258,-0.249722138047,2.62929296494
1.74532938004,0.404040396214,2.36751747131,-0.248941957951,2.61645936966
1.77706253529,0.404040396214,2.35308051109,-0.248245462775,2.60132598877
1.80879580975,0.404040396214,2.33627438545,-0.247635960579,2.58391046524
1.84052908421,0.404040396214,2.31711530685,-0.247116148472,2.56423139572
1.87226235867,0.404040396214,2.29562354088,-0.246688276529,2.54231190681
1.90399563313,0.404040396214,2.27182006836,-0.246353924274,2.51817393303
1.93572890759,0.404040396214,2.24572896957,-0.246114492416,2.49184346199
1.96746218204,0.404040396214,2.2173769474,-0.245970368385,2.463347435
1.9991953373,0.404040396214,2.18679189682,-0.245922088623,2.43271398544
2.03092861176,0.404040396214,2.15400505066,-0.245969474316,2.39997458458
2.06266188622,0.404040396214,2.11904931068,-0.246111884713,2.3651611805
2.09439516068,0.404040396214,2.08195996284,-0.246348202229,2.32830810547
2.12612843513,0.404040396214,2.04277396202,-0.246677204967,2.28945112228
2.15786170959,0.404040396214,2.00153136253,-0.247097253799,2.24862861633
2.18959498405,0.404040396214,1.95827329159,-0.247606351972,2.20587968826
2.22132825851,0.404040396214,1.91304337978,-0.248202160001,2.16124558449
2.25306153297,0.404040396214,1.86588716507,-0.248882189393,2.11476945877
2.28479480743,0.404040396214,1.81685221195,-0.249643787742,2.06649589539
2.31652784348,0.404040396214,1.76598823071,-0.250484138727,2.01647233963
2.34826135635,0.404040396214,1.71334528923,-0.251399874687,1.96474516392
2.3799943924,0.404040396214,1.65897786617,-0.252388209105,1.91136610508
2.41172790527,0.404040396214,1.60293924809,-0.253445625305,1.85638487339
2.44346094131,0.404040396214,1.54528737068,-0.254568904638,1.79985630512
2.47519421577,0.404040396214,1.486079216,-0.255754381418,1.74183356762
2.50692749023,0.404040396214,1.4253745079,-0.256999015808,1.68237352371
2.53866076469,0.404040396214,1.36323463917,-0.25829911232,1.62153375149
2.57039403915,0.404040396214,1.29972219467,-0.259651094675,1.55937325954
2.60212731361,0.404040396214,1.23490107059,-0.261051863432,1.49595296383
2.63386058807,0.404040396214,1.16883635521,-0.262497931719,1.43133425713
2.66559386253,0.404040396214,1.10159480572,-0.263986110687,1.3655809164
2.69732713699,0.404040396214,1.033244133,-0.265512824059,1.29875695705
2.72906041145,0.404040396214,0.96385294199,-0.267075181007,1.2309281826
2.76079368591,0.404040396214,0.893491208553,-0.268670350313,1.16216158867
2.79252696037,0.404040396214,0.822229862213,-0.270294874907,1.09252476692
2.82426023483,0.404040396214,0.750140607357,-0.271946191788,1.02208685875
2.85599327087,0.404040396214,0.677296578884,-0.273621499538,0.950918078423
2.88772678375,0.404040396214,0.603769361973,-0.27531811595,0.87908744812
2.91945981979,0.404040396214,0.529635429382,-0.277033478022,0.806668877602
2.95119309425,0.404040396214,0.454967617989,-0.278765171766,0.733732819557
2.98292636871,0.404040396214,0.379841685295,-0.280511289835,0.660352945328
3.01465964317,0.404040396214,0.304333299398,-0.282269269228,0.586602568626
3.04639291763,0.404040396214,0.228518471122,-0.284037142992,0.512555599213
3.07812619209,0.404040396214,0.152473524213,-0.285812973976,0.438286483288
3.10985946655,0.404040396214,0.0762750580907,-0.287595063448,0.363870114088
3.14159274101,0.404040396214,-2.10167883097e-07,-0.289381742477,0.289381533861
0,0.41414141655,0,-0.257788777351,0.257788777351
0.0317332595587,0.41414141655,0.0765957161784,-0.25973072648,0.336326450109
0.0634665191174,0.41414141655,0.153114318848,-0.261608093977,0.414722412825
0.095199778676,0.41414141655,0.229478731751,-0.263417929411,0.492896676064
0.126933038235,0.41414141655,0.30561208725,-0.265157610178,0.570769667625
0.158666297793,0.41414141655,0.381437718868,-0.266824215651,0.648261904716
0.190399557352,0.41414141655,0.456879258156,-0.268414795399,0.725294053555
0.222132816911,0.41414141655,0.531860768795,-0.269926637411,0.801787376404
0.253866076469,0.41414141655,0.606306731701,-0.271357119083,0.877663850784
0.285599350929,0.41414141655,0.68014228344,-0.2727034688,0.952845752239
0.317332595587,0.41414141655,0.753292858601,-0.273963391781,1.02725625038
0.349065840244,0.41414141655,0.825684964657,-0.275134384632,1.10081934929
0.380799114704,0.41414141655,0.897245764732,-0.276214152575,1.1734598875
0.412532389164,0.41414141655,0.967903077602,-0.277200460434,1.24510359764
0.444265633821,0.41414141655,1.03758573532,-0.278091728687,1.3156774044
0.475998878479,0.41414141655,1.10622370243,-0.27888584137,1.3851095438
0.507732152939,0.41414141655,1.17374777794,-0.279581546783,1.45332932472
0.539465427399,0.41414141655,1.24008989334,-0.280177652836,1.52026748657
0.571198701859,0.41414141655,1.30518341064,-0.280672967434,1.58585643768
0.602931916714,0.41414141655,1.36896276474,-0.281066715717,1.65002942085
0.634665191174,0.41414141655,1.43136370182,-0.281358867884,1.7127225399
0.666398465633,0.41414141655,1.49232327938,-0.281549036503,1.77387237549
0.698131680489,0.41414141655,1.55178010464,-0.281637609005,1.83341765404
0.729864954948,0.41414141655,1.60967457294,-0.281625330448,1.891299963
0.761598229408,0.41414141655,1.66594839096,-0.281513005495,1.94746136665
0.793331503868,0.41414141655,1.72054445744,-0.281302452087,2.00184679031
0.825064778328,0.41414141655,1.77340829372,-0.280995100737,2.05440330505
0.856797993183,0.41414141655,1.82448637486,-0.280593514442,2.1050798893
0.888531267643,0.41414141655,1.87372732162,-0.280100345612,2.15382766724
0.920264542103,0.41414141655,1.92108154297,-0.279518574476,2.20060014725
0.951997756958,0.41414141655,1.96650147438,-0.278852015734,2.24535346031
0.983731031418,0.41414141655,2.00994133949,-0.27810433507,2.28804564476
1.01546430588,0.41414141655,2.05135726929,-0.277280390263,2.32863759995
1.04719758034,0.41414141655,2.09070777893,-0.276384621859,2.36709237099
1.0789308548,0.41414141655,2.12795305252,-0.275422483683,2.40337562561
1.11066412926,0.41414141655,2.16305589676,-0.274399459362,2.43745541573
1.14239740372,0.41414141655,2.19598031044,-0.273321539164,2.46930193901
1.17413055897,0.41414141655,2.22669363022,-0.272194832563,2.49888849258
1.20586383343,0.41414141655,2.25516486168,-0.271025985479,2.52619075775
1.23759710789,0.41414141655,2.28136563301,-0.269821822643,2.55118751526
1.26933038235,0.41414141655,2.30526900291,-0.268589258194,2.57385826111
1.30106365681,0.41414141655,2.32685136795,-0.267335474491,2.59418678284
1.33279693127,0.41414141655,2.34609055519,-0.266067713499,2.61215829849
1.36453020573,0.41414141655,2.36296749115,-0.264793217182,2.62776064873
1.39626336098,0.41414141655,2.37746500969,-0.263519406319,2.64098453522
1.42799663544,0.41414141655,2.38956880569,-0.262253582478,2.65182232857
1.4597299099,0.41414141655,2.3992664814,-0.261003017426,2.66026949883
1.49146318436,0.41414141655,2.40654850006,-0.259774565697,2.66632318497
1.52319645882,0.41414141655,2.41140699387,-0.258575439453,2.66998243332
1.55492973328,0.41414141655,2.41383743286,-0.257412135601,2.67124962807
1.58666300774,0.41414141655,2.41383743286,-0.256291121244,2.67012858391
1.6183962822,0.41414141655,2.41140699387,-0.255218476057,2.66662549973
1.65012955666,0.41414141655,2.40654850006,-0.254199951887,2.66074848175
1.68186283112,0.41414141655,2.3992664814,-0.253240972757,2.65250754356
1.71359610558,0.41414141655,2.38956880569,-0.252346426249,2.64191532135
1.74532938004,0.41414141655,2.37746500969,-0.251520842314,2.62898588181
1.77706253529,0.41414141655,2.36296749115,-0.25076854229,2.61373615265
1.80879580975,0.41414141655,2.34609055519,-0.250092804432,2.59618330002
1.84052908421,0.41414141655,2.32685136795,-0.249496996403,2.57634830475
1.87226235867,0.41414141655,2.30526900291,-0.248983740807,2.55425262451
1.90399563313,0.41414141655,2.28136539459,-0.248555287719,2.529920578
1.93572890759,0.41414141655,2.25516486168,-0.248213380575,2.50337815285
1.96746218204,0.41414141655,2.22669363022,-0.24795936048,2.4746530056
1.9991953373,0.41414141655,2.19598031044,-0.247793987393,2.44377422333
2.03092861176,0.41414141655,2.16305565834,-0.247717544436,2.41077327728
2.06266188622,0.41414141655,2.12795305252,-0.247730255127,2.37568330765
2.09439516068,0.41414141655,2.09070777893,-0.247831612825,2.33853936195
2.12612843513,0.41414141655,2.05135726929,-0.248020976782,2.29937815666
2.15786170959,0.41414141655,2.00994110107,-0.248297065496,2.25823807716
2.18959498405,0.41414141655,1.96650147438,-0.24865861237,2.21516013145
2.22132825851,0.41414141655,1.92108142376,-0.24910363555,2.17018508911
2.25306153297,0.41414141655,1.87372708321,-0.249630600214,2.12335777283
2.28479480743,0.41414141655,1.82448613644,-0.250236958265,2.07472300529
2.31652784348,0.41414141655,1.77340841293,-0.250920623541,2.02432894707
2.34826135635,0.41414141655,1.72054421902,-0.251678735018,1.97222292423
2.3799943924,0.41414141655,1.66594839096,-0.252508580685,1.91845703125
2.41172790527,0.41414141655,1.60967433453,-0.25340744853,1.86308181286
2.44346094131,0.41414141655,1.55178022385,-0.254372358322,1.80615258217
2.47519421577,0.41414141655,1.49232327938,-0.255400151014,1.7477234602
2.50692749023,0.41414141655,1.43136358261,-0.256487995386,1.68785154819
2.53866076469,0.41414141655,1.36896252632,-0.257632523775,1.62659502029
2.57039403915,0.41414141655,1.30518329144,-0.258830696344,1.56401395798
2.60212731361,0.41414141655,1.24008977413,-0.260079473257,1.50016927719
2.63386058807,0.41414141655,1.17374753952,-0.261375546455,1.43512308598
2.66559386253,0.41414141655,1.10622346401,-0.262715935707,1.36893939972
2.69732713699,0.41414141655,1.0375854969,-0.264097630978,1.30168318748
2.72906041145,0.41414141655,0.967902779579,-0.265517681837,1.23342049122
2.76079368591,0.41414141655,0.897245407104,-0.266973167658,1.16421854496
2.79252696037,0.41414141655,0.825684666634,-0.268461167812,1.09414577484
2.82426023483,0.41414141655,0.753292500973,-0.269979059696,1.02327156067
2.85599327087,0.41414141655,0.680142402649,-0.271524220705,0.951666593552
2.88772678375,0.41414141655,0.606306254864,-0.273094028234,0.879400253296
2.91945981979,0.41414141655,0.5318608284,-0.274685919285,0.806546747684
2.95119309425,0.41414141655,0.456879258156,-0.2762978971,0.733177185059
2.98292636871,0.41414141655,0.381437659264,-0.277927488089,0.659365177155
3.01465964317,0.41414141655,0.305612027645,-0.279572278261,0.585184335709
3.04639291763,0.41414141655,0.229478642344,-0.281230777502,0.510709404945
3.07812619209,0.41414141655,0.153114184737,-0.282900720835,0.436014890671
3.10985946655,0.41414141655,0.0765955448151,-0.284580379725,0.36117592454
3.14159274101,0.41414141655,-2.11050945609e-07,-0.286268144846,0.28626793623
0,0.424242436886,0,-0.252209752798,0.252209752798
0.0317332595587,0.424242436886,0.0769162029028,-0.254283964634,0.331200182438
0.0634665191174,0.424242436886,0.153754979372,-0.256299197674,0.410054177046
0.095199778676,0.424242436886,0.230438902974,-0.258252173662,0.488691091537
0.126933038235,0.424242436886,0.306890815496,-0.260140448809,0.567031264305
0.158666297793,0.424242436886,0.383033692837,-0.261960864067,0.644994556904
0.190399557352,0.424242436886,0.458790898323,-0.263710677624,0.722501575947
0.222132816911,0.424242436886,0.534086167812,-0.265386968851,0.799473166466
0.253866076469,0.424242436886,0.608843624592,-0.266986966133,0.875830590725
0.285599350929,0.424242436886,0.682988107204,-0.268508195877,0.951496303082
0.317332595587,0.424242436886,0.756444752216,-0.269947648048,1.02639245987
0.349065840244,0.424242436886,0.829139709473,-0.271303057671,1.10044276714
0.380799114704,0.424242436886,0.900999963284,-0.272571831942,1.17357182503
0.412532389164,0.424242436886,0.971952915192,-0.273751825094,1.24570477009
0.444265633821,0.424242436886,1.04192709923,-0.274840533733,1.31676769257
0.475998878479,0.424242436886,1.11085224152,-0.275836318731,1.38668859005
0.507732152939,0.424242436886,1.17865884304,-0.276737213135,1.45539605618
0.539465427399,0.424242436886,1.24527859688,-0.277541697025,1.5228202343
0.571198701859,0.424242436886,1.31064450741,-0.278248339891,1.5888928175
0.602931916714,0.424242436886,1.37469065189,-0.278856188059,1.65354681015
0.634665191174,0.424242436886,1.43735265732,-0.279364287853,1.71671700478
0.666398465633,0.424242436886,1.49856734276,-0.279772043228,1.77833938599
0.698131680489,0.424242436886,1.5582729578,-0.2800796628,1.83835268021
0.729864954948,0.424242436886,1.61640965939,-0.280286759138,1.89669644833
0.761598229408,0.424242436886,1.67291891575,-0.28039419651,1.95331311226
0.793331503868,0.424242436886,1.72774350643,-0.280402690172,2.00814628601
0.825064778328,0.424242436886,1.78082847595,-0.280313551426,2.06114196777
0.856797993183,0.424242436886,1.83212029934,-0.280128479004,2.11224889755
0.888531267643,0.424242436886,1.88156723976,-0.279849439859,2.16141676903
0.920264542103,0.424242436886,1.92911958694,-0.27947896719,2.20859861374
0.951997756958,0.424242436886,1.97472953796,-0.279020011425,2.25374960899
0.983731031418,0.424242436886,2.01835107803,-0.278475791216,2.29682683945
1.01546430588,0.424242436886,2.05994057655,-0.277850091457,2.33779072762
1.04719758034,0.424242436886,2.09945559502,-0.277147084475,2.37660264969
1.0789308548,0.424242436886,2.13685679436,-0.27637130022,2.41322803497
1.11066412926,0.424242436886,2.17210626602,-0.275527656078,2.4476339817
1.14239740372,0.424242436886,2.20516872406,-0.274621456861,2.47979021072
1.17413055897,0.424242436886,2.23601055145,-0.273658245802,2.50966882706
1.20586383343,0.424242436886,2.2646009922,-0.272644102573,2.53724503517
1.23759710789,0.424242436886,2.29091119766,-0.271585077047,2.5624961853
1.26933038235,0.424242436886,2.31491446495,-0.270487785339,2.58540225029
1.30106365681,0.424242436886,2.33658719063,-0.269358724356,2.60594582558
1.33279693127,0.424242436886,2.35590696335,-0.268204689026,2.62411165237
1.36453020573,0.424242436886,2.37285447121,-0.267032802105,2.63988733292
1.39626336098,0.424242436886,2.38741278648,-0.265849888325,2.6532626152
1.42799663544,0.424242436886,2.39956712723,-0.264662951231,2.66423010826
1.4597299099,0.424242436886,2.40930533409,-0.263479024172,2.67278432846
1.49146318436,0.424242436886,2.41661763191,-0.262305170298,2.67892289162
1.52319645882,0.424242436886,2.42149662971,-0.261147946119,2.68264460564
1.55492973328,0.424242436886,2.42393732071,-0.260014206171,2.68395161629
1.58666300774,0.424242436886,2.42393732071,-0.258910268545,2.68284749985
1.6183962822,0.424242436886,2.42149662971,-0.257842361927,2.67933893204
1.65012955666,0.424242436886,2.41661763191,-0.256816327572,2.67343401909
1.68186283112,0.424242436886,2.40930533409,-0.255837917328,2.66514325142
1.71359610558,0.424242436886,2.39956712723,-0.25491219759,2.65447926521
1.74532938004,0.424242436886,2.38741278648,-0.254044055939,2.64145684242
1.77706253529,0.424242436886,2.37285447121,-0.253238022327,2.62609243393
1.80879580975,0.424242436886,2.35590696335,-0.252498090267,2.60840511322
1.84052908421,0.424242436886,2.33658719063,-0.251827836037,2.58841514587
1.87226235867,0.424242436886,2.31491446495,-0.251230597496,2.56614494324
1.90399563313,0.424242436886,2.29091095924,-0.250708967447,2.5416200161
1.93572890759,0.424242436886,2.2646009922,-0.250265240669,2.51486635208
1.96746218204,0.424242436886,2.23601055145,-0.249901309609,2.48591184616
1.9991953373,0.424242436886,2.20516848564,-0.249618634582,2.45478701591
2.03092861176,0.424242436886,2.17210626602,-0.24941816926,2.42152452469
2.06266188622,0.424242436886,2.13685655594,-0.249300479889,2.38615703583
2.09439516068,0.424242436886,2.09945559502,-0.24926584959,2.34872150421
2.12612843513,0.424242436886,2.05994033813,-0.249314159155,2.30925440788
2.15786170959,0.424242436886,2.01835107803,-0.249444916844,2.26779603958
2.18959498405,0.424242436886,1.97472953796,-0.249657124281,2.22438669205
2.22132825851,0.424242436886,1.92911946774,-0.249949604273,2.17906904221
2.25306153297,0.424242436886,1.88156700134,-0.250321418047,2.13188838959
2.28479480743,0.424242436886,1.83211994171,-0.250770479441,2.08289051056
2.31652784348,0.424242436886,1.78082859516,-0.251294910908,2.03212356567
2.34826135635,0.424242436886,1.7277431488,-0.251892745495,1.9796359539
2.3799943924,0.424242436886,1.67291891575,-0.252561807632,1.92548072338
2.41172790527,0.424242436886,1.61640942097,-0.253299623728,1.86970901489
2.44346094131,0.424242436886,1.55827307701,-0.254103451967,1.81237649918
2.47519421577,0.424242436886,1.49856734276,-0.25497096777,1.75353837013
2.50692749023,0.424242436886,1.43735253811,-0.25589928031,1.69325184822
2.53866076469,0.424242436886,1.37469053268,-0.256885677576,1.63157618046
2.57039403915,0.424242436886,1.3106443882,-0.257927298546,1.56857168674
2.60212731361,0.424242436886,1.24527847767,-0.259021341801,1.50429987907
2.63386058807,0.424242436886,1.17865860462,-0.260164827108,1.43882346153
2.66559386253,0.424242436886,1.1108520031,-0.261355161667,1.37220716476
2.69732713699,0.424242436886,1.04192686081,-0.262589246035,1.30451607704
2.72906041145,0.424242436886,0.971952617168,-0.263864666224,1.23581731319
2.76079368591,0.424242436886,0.900999605656,-0.26517829299,1.16617786884
2.79252696037,0.424242436886,0.829139411449,-0.266527593136,1.09566700459
2.82426023483,0.424242436886,0.756444394588,-0.267909914255,1.02435433865
2.85599327087,0.424242436886,0.682988166809,-0.269323080778,0.95231127739
2.88772678375,0.424242436886,0.60884308815,-0.270764052868,0.879607141018
2.91945981979,0.424242436886,0.534086227417,-0.272230684757,0.806316912174
2.95119309425,0.424242436886,0.458790898323,-0.273720979691,0.732511878014
2.98292636871,0.424242436886,0.383033663034,-0.275232344866,0.6582660079
3.01465964317,0.424242436886,0.306890755892,-0.276762843132,0.583653569221
3.04639291763,0.424242436886,0.230438813567,-0.278310388327,0.508749186993
3.07812619209,0.424242436886,0.15375483036,-0.279873281717,0.433628112078
3.10985946655,0.424242436886,0.0769160315394,-0.281449586153,0.358365625143
3.14159274101,0.424242436886,-2.11934008121e-07,-0.283037215471,0.283037006855
0,0.43434342742,0,-0.24658100307,0.24658100307
0.0317332595587,0.43434342742,0.0772366821766,-0.248782604933,0.326019287109
0.0634665191174,0.43434342742,0.154395610094,-0.250930428505,0.405326038599
0.095199778676,0.43434342742,0.231399044394,-0.253021657467,0.484420716763
0.126933038235,0.43434342742,0.308169513941,-0.255053281784,0.563222765923
0.158666297793,0.43434342742,0.384629637003,-0.25702264905,0.641652286053
0.190399557352,0.43434342742,0.460702508688,-0.25892663002,0.71962916851
0.222132816911,0.43434342742,0.536311507225,-0.260762512684,0.797074019909
0.253866076469,0.43434342742,0.611380398273,-0.262527316809,0.87390768528
0.285599350929,0.43434342742,0.685833871365,-0.264218270779,0.950052142143
0.317332595587,0.43434342742,0.759596526623,-0.265832751989,1.02542924881
0.349065840244,0.43434342742,0.832594394684,-0.267367959023,1.09996235371
0.380799114704,0.43434342742,0.904754042625,-0.268821328878,1.17357540131
0.412532389164,0.43434342742,0.976002633572,-0.270190268755,1.24619293213
0.444265633821,0.43434342742,1.04626834393,-0.271472513676,1.31774091721
0.475998878479,0.43434342742,1.11548066139,-0.272665858269,1.38814651966
0.507732152939,0.43434342742,1.18356978893,-0.273768126965,1.45733785629
0.539465427399,0.43434342742,1.25046718121,-0.274777621031,1.52524483204
0.571198701859,0.43434342742,1.31610536575,-0.275692284107,1.59179759026
0.602931916714,0.43434342742,1.38041841984,-0.276510983706,1.65692937374
0.634665191174,0.43434342742,1.44334161282,-0.277232348919,1.72057390213
0.666398465633,0.43434342742,1.50481128693,-0.277855426073,1.7826666832
0.698131680489,0.43434342742,1.56476569176,-0.278379648924,1.84314537048
0.729864954948,0.43434342742,1.62314462662,-0.278804659843,1.90194928646
0.761598229408,0.43434342742,1.67988932133,-0.279130131006,1.95901942253
0.793331503868,0.43434342742,1.73494231701,-0.279356896877,2.01429915428
0.825064778328,0.43434342742,1.78824841976,-0.279485195875,2.06773352623
0.856797993183,0.43434342742,1.8397539854,-0.279516339302,2.11927032471
0.888531267643,0.43434342742,1.88940703869,-0.279451519251,2.16885852814
0.920264542103,0.43434342742,1.93715751171,-0.279292792082,2.21645021439
0.951997756958,0.43434342742,1.98295748234,-0.279042243958,2.26199960709
0.983731031418,0.43434342742,2.02676081657,-0.278702586889,2.30546331406
1.01546430588,0.43434342742,2.06852340698,-0.278276830912,2.3468003273
1.04719758034,0.43434342742,2.10820317268,-0.277768552303,2.38597178459
1.0789308548,0.43434342742,2.14576029778,-0.27718141675,2.42294168472
1.11066412926,0.43434342742,2.18115663528,-0.276520013809,2.45767664909
1.14239740372,0.43434342742,2.21435666084,-0.275788515806,2.49014520645
1.17413055897,0.43434342742,2.24532699585,-0.274992138147,2.5203192234
1.20586383343,0.43434342742,2.27403664589,-0.274136185646,2.54817295074
1.23759710789,0.43434342742,2.3004565239,-0.27322614193,2.57368278503
1.26933038235,0.43434342742,2.32455992699,-0.27226805687,2.59682798386
1.30106365681,0.43434342742,2.34632277489,-0.271267920732,2.61759066582
1.33279693127,0.43434342742,2.36572313309,-0.270232111216,2.63595533371
1.36453020573,0.43434342742,2.38274121284,-0.269167095423,2.65190839767
1.39626336098,0.43434342742,2.39736008644,-0.268079549074,2.66543960571
1.42799663544,0.43434342742,2.40956521034,-0.266976118088,2.67654132843
1.4597299099,0.43434342742,2.41934394836,-0.265863507986,2.68520736694
1.49146318436,0.43434342742,2.42668676376,-0.264748394489,2.69143509865
1.52319645882,0.43434342742,2.43158602715,-0.263637572527,2.69522356987
1.55492973328,0.43434342742,2.43403697014,-0.262537568808,2.69657444954
1.58666300774,0.43434342742,2.43403697014,-0.261454790831,2.69549179077
1.6183962822,0.43434342742,2.43158602715,-0.260395467281,2.69198155403
1.65012955666,0.43434342742,2.42668676376,-0.259365618229,2.68605232239
1.68186283112,0.43434342742,2.41934394836,-0.258371114731,2.6777150631
1.71359610558,0.43434342742,2.40956521034,-0.257417291403,2.66698241234
1.74532938004,0.43434342742,2.39736008644,-0.256509423256,2.65386962891
1.77706253529,0.43434342742,2.38274121284,-0.255652219057,2.6383934021
1.80879580975,0.43434342742,2.36572313309,-0.254850268364,2.62057352066
1.84052908421,0.43434342742,2.34632277489,-0.254107505083,2.60043025017
1.87226235867,0.43434342742,2.32455992699,-0.253427684307,2.5779876709
1.90399563313,0.43434342742,2.30045628548,-0.252814024687,2.55327033997
1.93572890759,0.43434342742,2.27403664589,-0.252269327641,2.52630591393
1.96746218204,0.43434342742,2.24532699585,-0.251796126366,2.49712324142
1.9991953373,0.43434342742,2.21435642242,-0.251396358013,2.46575284004
2.03092861176,0.43434342742,2.18115639687,-0.251071810722,2.43222808838
2.06266188622,0.43434342742,2.14576005936,-0.250823348761,2.39658331871
2.09439516068,0.43434342742,2.10820317268,-0.250652134418,2.3588552475
2.12612843513,0.43434342742,2.06852316856,-0.250558435917,2.31908154488
2.15786170959,0.43434342742,2.02676057816,-0.250542610884,2.27730321884
2.18959498405,0.43434342742,1.98295748234,-0.250604122877,2.23356151581
2.22132825851,0.43434342742,1.9371573925,-0.250742673874,2.18790006638
2.25306153297,0.43434342742,1.88940668106,-0.2509573102,2.14036393166
2.28479480743,0.43434342742,1.83975362778,-0.251246869564,2.09100055695
2.31652784348,0.43434342742,1.78824865818,-0.251610249281,2.03985881805
2.34826135635,0.43434342742,1.73494195938,-0.25204578042,1.98698771
2.3799943924,0.43434342742,1.67988932133,-0.252551585436,1.93244087696
2.41172790527,0.43434342742,1.62314426899,-0.253125727177,1.87627005577
2.44346094131,0.43434342742,1.56476581097,-0.253766238689,1.81853199005
2.47519421577,0.43434342742,1.50481128693,-0.254470676184,1.75928199291
2.50692749023,0.43434342742,1.4433413744,-0.255237132311,1.69857847691
2.53866076469,0.43434342742,1.38041830063,-0.256062716246,1.63648104668
2.57039403915,0.43434342742,1.31610524654,-0.256945252419,1.57305049896
2.60212731361,0.43434342742,1.250467062,-0.257882148027,1.50834918022
2.63386058807,0.43434342742,1.18356966972,-0.258870691061,1.44244039059
2.66559386253,0.43434342742,1.11548054218,-0.25990819931,1.37538874149
2.69732713699,0.43434342742,1.04626810551,-0.260992437601,1.30726051331
2.72906041145,0.43434342742,0.976002335548,-0.262120574713,1.23812294006
2.76079368591,0.43434342742,0.904753684998,-0.263290137053,1.16804385185
2.79252696037,0.43434342742,0.832594096661,-0.264498472214,1.09709262848
2.82426023483,0.43434342742,0.759596168995,-0.265743404627,1.02533960342
2.85599327087,0.43434342742,0.685833930969,-0.267022281885,0.952856183052
2.88772678375,0.43434342742,0.611379921436,-0.268332570791,0.879712462425
2.91945981979,0.43434342742,0.536311507225,-0.269672304392,0.805983781815
2.95119309425,0.43434342742,0.460702508688,-0.271039068699,0.731741547585
2.98292636871,0.43434342742,0.384629607201,-0.272430717945,0.657060325146
3.01465964317,0.43434342742,0.308169424534,-0.273845374584,0.582014799118
3.04639291763,0.43434342742,0.231398954988,-0.275280684233,0.506679654121
3.07812619209,0.43434342742,0.154395461082,-0.276735007763,0.431130468845
3.10985946655,0.43434342742,0.0772365108132,-0.278206408024,0.355442911386
3.14159274101,0.43434342742,-2.12817056422e-07,-0.279693186283,0.279692977667
0,0.444444447756,0,-0.240916728973,0.240916728973
0.0317332595587,0.444444447756,0.077557168901,-0.243241041899,0.32079821825
0.0634665191174,0.444444447756,0.155036255717,-0.245516598225,0.400552868843
0.095199778676,0.444444447756,0.232359215617,-0.247740998864,0.480100214481
0.126933038235,0.444444447756,0.309448212385,-0.24991120398,0.559359431267
0.158666297793,0.444444447756,0.386225610971,-0.252024322748,0.63824993372
0.190399557352,0.444444447756,0.462614148855,-0.254077583551,0.716691732407
0.222132816911,0.444444447756,0.538536846638,-0.256068140268,0.794605016708
0.253866076469,0.444444447756,0.613917291164,-0.257992565632,0.871909856796
0.285599350929,0.444444447756,0.688679635525,-0.259848684072,0.948528289795
0.317332595587,0.444444447756,0.762748420238,-0.261633127928,1.02438151836
0.349065840244,0.444444447756,0.836049199104,-0.263343393803,1.09939265251
0.380799114704,0.444444447756,0.908508241177,-0.264976739883,1.17348504066
0.412532389164,0.444444447756,0.980052471161,-0.266530424356,1.24658286572
0.444265633821,0.444444447756,1.05060970783,-0.268001645803,1.31861138344
0.475998878479,0.444444447756,1.12010931969,-0.269388407469,1.38949775696
0.507732152939,0.444444447756,1.18848097324,-0.270687937737,1.45916891098
0.539465427399,0.444444447756,1.25565588474,-0.271898388863,1.52755427361
0.571198701859,0.444444447756,1.32156646252,-0.273017525673,1.59458398819
0.602931916714,0.444444447756,1.38614630699,-0.274043619633,1.66018986702
0.634665191174,0.444444447756,1.44933056831,-0.274975121021,1.72430562973
0.666398465633,0.444444447756,1.5110553503,-0.275810569525,1.78686594963
0.698131680489,0.444444447756,1.57125854492,-0.276548981667,1.84780752659
0.729864954948,0.444444447756,1.62987971306,-0.277189284563,1.90706896782
0.761598229408,0.444444447756,1.68685984612,-0.277731239796,1.96459102631
0.793331503868,0.444444447756,1.7421412468,-0.27817440033,2.02031564713
0.825064778328,0.444444447756,1.79566860199,-0.278518855572,2.07418751717
0.856797993183,0.444444447756,1.84738779068,-0.278765290976,2.12615299225
0.888531267643,0.444444447756,1.89724695683,-0.278914242983,2.17616128922
0.920264542103,0.444444447756,1.94519555569,-0.278966993093,2.22416257858
0.951997756958,0.444444447756,1.99118554592,-0.278925150633,2.27011060715
0.983731031418,0.444444447756,2.03517079353,-0.278790682554,2.31396150589
1.01546430588,0.444444447756,2.07710647583,-0.278565943241,2.35567235947
1.04719758034,0.444444447756,2.11695098877,-0.278253734112,2.39520478249
1.0789308548,0.444444447756,2.15466380119,-0.277857065201,2.43252086639
1.11066412926,0.444444447756,2.19020700455,-0.277379661798,2.46758675575
1.14239740372,0.444444447756,2.22354483604,-0.276825398207,2.50037026405
1.17413055897,0.444444447756,2.25464367867,-0.276198536158,2.53084230423
1.20586383343,0.444444447756,2.28347253799,-0.275503754616,2.5589761734
1.23759710789,0.444444447756,2.31000208855,-0.274746090174,2.58474826813
1.26933038235,0.444444447756,2.33420538902,-0.273930758238,2.60813617706
1.30106365681,0.444444447756,2.35605859756,-0.273063212633,2.6291217804
1.33279693127,0.444444447756,2.37553954124,-0.272149503231,2.64768910408
1.36453020573,0.444444447756,2.3926281929,-0.271195560694,2.663823843
1.39626336098,0.444444447756,2.40730786324,-0.270207464695,2.67751526833
1.42799663544,0.444444447756,2.41956353188,-0.269191652536,2.68875527382
1.4597299099,0.444444447756,2.42938280106,-0.268154591322,2.69753742218
1.49146318436,0.444444447756,2.43675613403,-0.267102658749,2.70385885239
1.52319645882,0.444444447756,2.44167566299,-0.266042292118,2.70771789551
1.55492973328,0.444444447756,2.44413661957,-0.26498016715,2.70911669731
1.58666300774,0.444444447756,2.44413661957,-0.263922482729,2.70805907249
1.6183962822,0.444444447756,2.44167566299,-0.262875646353,2.70455121994
1.65012955666,0.444444447756,2.43675613403,-0.261845678091,2.69860172272
1.68186283112,0.444444447756,2.42938280106,-0.260838538408,2.69022130966
1.71359610558,0.444444447756,2.41956353188,-0.259859859943,2.67942333221
1.74532938004,0.444444447756,2.40730786324,-0.258915215731,2.66622304916
1.77706253529,0.444444447756,2.3926281929,-0.25800961256,2.65063786507
1.80879580975,0.444444447756,2.37553954124,-0.257147967815,2.63268756866
1.84052908421,0.444444447756,2.35605859756,-0.256334841251,2.61239337921
1.87226235867,0.444444447756,2.33420538902,-0.255574285984,2.5897796154
1.90399563313,0.444444447756,2.31000185013,-0.254870086908,2.56487202644
1.93572890759,0.444444447756,2.28347253799,-0.254225701094,2.53769826889
1.96746218204,0.444444447756,2.25464367867,-0.253644019365,2.50828766823
1.9991953373,0.444444447756,2.22354483604,-0.25312769413,2.47667264938
2.03092861176,0.444444447756,2.19020700455,-0.252679109573,2.44288611412
2.06266188622,0.444444447756,2.15466380119,-0.25229999423,2.40696382523
2.09439516068,0.444444447756,2.11695098877,-0.251991808414,2.36894273758
2.12612843513,0.444444447756,2.07710647583,-0.251755595207,2.32886219025
2.15786170959,0.444444447756,2.03517055511,-0.251592308283,2.2867629528
2.18959498405,0.444444447756,1.99118554592,-0.251502037048,2.24268770218
2.22132825851,0.444444447756,1.94519543648,-0.251485168934,2.19668054581
2.25306153297,0.444444447756,1.8972465992,-0.2515411973,2.14878773689
2.28479480743,0.444444447756,1.84738755226,-0.251669675112,2.09905719757
2.31652784348,0.444444447756,1.79566884041,-0.251870155334,2.04753899574
2.34826135635,0.444444447756,1.74214100838,-0.252141147852,1.99428212643
2.3799943924,0.444444447756,1.68685984612,-0.252481669188,1.9393415451
2.41172790527,0.444444447756,1.62987935543,-0.252890020609,1.88276934624
2.44346094131,0.444444447756,1.57125866413,-0.253364831209,1.82462346554
2.47519421577,0.444444447756,1.5110553503,-0.25390419364,1.76495957375
2.50692749023,0.444444447756,1.4493304491,-0.254506230354,1.70383667946
2.53866076469,0.444444447756,1.38614618778,-0.255168735981,1.64131498337
2.57039403915,0.444444447756,1.32156634331,-0.255889773369,1.57745611668
2.60212731361,0.444444447756,1.25565576553,-0.256666839123,1.51232266426
2.63386058807,0.444444447756,1.18848073483,-0.25749796629,1.44597864151
2.66559386253,0.444444447756,1.12010908127,-0.25838047266,1.37848949432
2.69732713699,0.444444447756,1.05060958862,-0.25931251049,1.30992209911
2.72906041145,0.444444447756,0.980052173138,-0.260291188955,1.24034333229
2.76079368591,0.444444447756,0.908507883549,-0.26131439209,1.16982221603
2.79252696037,0.444444447756,0.836048901081,-0.262379735708,1.09842860699
2.82426023483,0.444444447756,0.762748062611,-0.263484895229,1.02623295784
2.85599327087,0.444444447756,0.688679754734,-0.264627575874,0.953307330608
2.88772678375,0.444444447756,0.613916754723,-0.26580530405,0.879722058773
2.91945981979,0.444444447756,0.538536906242,-0.267015963793,0.805552840233
2.95119309425,0.444444447756,0.462614148855,-0.268257468939,0.730871617794
2.98292636871,0.444444447756,0.386225581169,-0.269527822733,0.6557533741
3.01465964317,0.444444447756,0.309448152781,-0.270824640989,0.58027279377
3.04639291763,0.444444447756,0.23235912621,-0.272146254778,0.504505395889
3.07812619209,0.444444447756,0.155036106706,-0.27349075675,0.428526878357
3.10985946655,0.444444447756,0.0775569975376,-0.274856090546,0.352413088083
3.14159274101,0.444444447756,-2.13700118934e-07,-0.276240587234,0.276240378618
0,0.454545468092,0,-0.23523132503,0.23523132503
0.0317332595587,0.454545468092,0.0778776556253,-0.237673297524,0.31555095315
0.0634665191174,0.454545468092,0.15567690134,-0.240072160959,0.3957490623
0.095199778676,0.454545468092,0.23331938684,-0.242424860597,0.475744247437
0.126933038235,0.454545468092,0.310726940632,-0.244728833437,0.555455803871
0.158666297793,0.454545468092,0.387821614742,-0.246980920434,0.634802520275
0.190399557352,0.454545468092,0.464525789022,-0.24917845428,0.713704228401
0.222132816911,0.454545468092,0.540762245655,-0.251318454742,0.792080700397
0.253866076469,0.454545468092,0.616454184055,-0.253397971392,0.869852185249
0.285599350929,0.454545468092,0.69152545929,-0.255414128304,0.946939587593
0.317332595587,0.454545468092,0.765900313854,-0.257363855839,1.02326416969
0.349065840244,0.454545468092,0.83950394392,-0.259244412184,1.0987483263
0.380799114704,0.454545468092,0.912262439728,-0.261052876711,1.17331528664
0.412532389164,0.454545468092,0.98410230875,-0.262786448002,1.24688875675
0.444265633821,0.454545468092,1.05495119095,-0.264442265034,1.31939339638
0.475998878479,0.454545468092,1.12473785877,-0.266017764807,1.39075565338
0.507732152939,0.454545468092,1.19339203835,-0.267510324717,1.46090233326
0.539465427399,0.454545468092,1.26084458828,-0.268917620182,1.52976226807
0.571198701859,0.454545468092,1.32702755928,-0.270237267017,1.59726476669
0.602931916714,0.454545468092,1.39187431335,-0.271467000246,1.6633412838
0.634665191174,0.454545468092,1.45531952381,-0.272605121136,1.72792458534
0.666398465633,0.454545468092,1.51729941368,-0.273649662733,1.79094910622
0.698131680489,0.454545468092,1.57775139809,-0.274599075317,1.8523504734
0.729864954948,0.454545468092,1.6366147995,-0.2754522264,1.9120670557
0.761598229408,0.454545468092,1.6938303709,-0.276207864285,1.97003817558
0.793331503868,0.454545468092,1.74934029579,-0.276865363121,2.0262055397
0.825064778328,0.454545468092,1.80308878422,-0.277424186468,2.08051300049
0.856797993183,0.454545468092,1.85502171516,-0.277884364128,2.13290596008
0.888531267643,0.454545468092,1.90508687496,-0.278245866299,2.18333268166
0.920264542103,0.454545468092,1.95323359966,-0.278509408236,2.23174309731
0.951997756958,0.454545468092,1.9994136095,-0.278675943613,2.27808952332
0.983731031418,0.454545468092,2.04358053207,-0.278746604919,2.32232713699
1.01546430588,0.454545468092,2.0856897831,-0.278723120689,2.36441278458
1.04719758034,0.454545468092,2.12569880486,-0.278607666492,2.40430641174
1.0789308548,0.454545468092,2.16356754303,-0.278402626514,2.44197010994
1.11066412926,0.454545468092,2.19925761223,-0.278110772371,2.4773683548
1.14239740372,0.454545468092,2.23273324966,-0.27773553133,2.51046872139
1.17413055897,0.454545468092,2.2639605999,-0.277280300856,2.54124093056
1.20586383343,0.454545468092,2.2929084301,-0.276749134064,2.56965756416
1.23759710789,0.454545468092,2.31954741478,-0.2761464715,2.59569382668
1.26933038235,0.454545468092,2.34385108948,-0.275476813316,2.619328022
1.30106365681,0.454545468092,2.36579442024,-0.274745285511,2.64053964615
1.33279693127,0.454545468092,2.38535571098,-0.273957103491,2.65931272507
1.36453020573,0.454545468092,2.40251517296,-0.273117721081,2.67563295364
1.39626336098,0.454545468092,2.41725540161,-0.272233009338,2.68948841095
1.42799663544,0.454545468092,2.42956185341,-0.271308720112,2.70087051392
1.4597299099,0.454545468092,2.43942165375,-0.270351052284,2.70977258682
1.49146318436,0.454545468092,2.4468255043,-0.269366264343,2.71619176865
1.52319645882,0.454545468092,2.45176529884,-0.268360584974,2.72012591362
1.55492973328,0.454545468092,2.45423650742,-0.267340272665,2.72157669067
1.58666300774,0.454545468092,2.45423650742,-0.266311734915,2.72054815292
1.6183962822,0.454545468092,2.45176529884,-0.265281140804,2.71704649925
1.65012955666,0.454545468092,2.4468255043,-0.264254659414,2.71108007431
1.68186283112,0.454545468092,2.43942165375,-0.263238459826,2.70266008377
1.71359610558,0.454545468092,2.42956185341,-0.262238353491,2.69180011749
1.74532938004,0.454545468092,2.41725540161,-0.261260002851,2.67851543427
1.77706253529,0.454545468092,2.40251517296,-0.260308951139,2.6628241539
1.80879580975,0.454545468092,2.38535571098,-0.259390294552,2.64474606514
1.84052908421,0.454545468092,2.36579442024,-0.258509069681,2.62430357933
1.87226235867,0.454545468092,2.34385108948,-0.257669866085,2.60152101517
1.90399563313,0.454545468092,2.31954741478,-0.256876856089,2.57642436028
1.93572890759,0.454545468092,2.2929084301,-0.256134212017,2.54904270172
1.96746218204,0.454545468092,2.2639605999,-0.25544527173,2.51940584183
1.9991953373,0.454545468092,2.23273301125,-0.254813343287,2.48754644394
2.03092861176,0.454545468092,2.19925737381,-0.25424143672,2.45349884033
2.06266188622,0.454545468092,2.16356730461,-0.253731757402,2.41729903221
2.09439516068,0.454545468092,2.12569880486,-0.253286600113,2.37898540497
2.12612843513,0.454545468092,2.08568954468,-0.252907663584,2.33859729767
2.15786170959,0.454545468092,2.04358029366,-0.252596318722,2.29617667198
2.18959498405,0.454545468092,1.9994136095,-0.252353549004,2.25176715851
2.22132825851,0.454545468092,1.95323348045,-0.252180218697,2.20541381836
2.25306153297,0.454545468092,1.90508651733,-0.252076625824,2.15716314316
2.28479480743,0.454545468092,1.85502147675,-0.252042710781,2.10706424713
2.31652784348,0.454545468092,1.80308890343,-0.252078562975,2.0551674366
2.34826135635,0.454545468092,1.74933993816,-0.252183377743,2.0015232563
2.3799943924,0.454545468092,1.6938303709,-0.252356678247,1.94618701935
2.41172790527,0.454545468092,1.63661444187,-0.252597391605,1.88921189308
2.44346094131,0.454545468092,1.5777515173,-0.252904444933,1.83065593243
2.47519421577,0.454545468092,1.51729941368,-0.253276288509,1.7705757618
2.50692749023,0.454545468092,1.4553194046,-0.253711640835,1.70903110504
2.53866076469,0.454545468092,1.39187407494,-0.254208862782,1.64608287811
2.57039403915,0.454545468092,1.32702732086,-0.254766047001,1.58179330826
2.60212731361,0.454545468092,1.26084446907,-0.25538122654,1.51622569561
2.63386058807,0.454545468092,1.19339179993,-0.256052583456,1.44944441319
2.66559386253,0.454545468092,1.12473762035,-0.256777763367,1.38151538372
2.69732713699,0.454545468092,1.05495095253,-0.257555156946,1.31250607967
2.72906041145,0.454545468092,0.984102010727,-0.25838214159,1.24248409271
2.76079368591,0.454545468092,0.9122620821,-0.259256780148,1.17151880264
2.79252696037,0.454545468092,0.839503645897,-0.260176926851,1.09968054295
2.82426023483,0.454545468092,0.765899896622,-0.261140137911,1.02704000473
2.85599327087,0.454545468092,0.691525518894,-0.262144386768,0.953669905663
2.88772678375,0.454545468092,0.616453647614,-0.263187676668,0.879641294479
2.91945981979,0.454545468092,0.54076230526,-0.264267534018,0.80502986908
2.95119309425,0.454545468092,0.464525789022,-0.265382111073,0.729907870293
2.98292636871,0.454545468092,0.38782158494,-0.266529142857,0.654350757599
3.01465964317,0.454545468092,0.310726881027,-0.267706781626,0.578433632851
3.04639291763,0.454545468092,0.233319282532,-0.268913149834,0.502232432365
3.07812619209,0.454545468092,0.15567676723,-0.270145982504,0.425822734833
3.10985946655,0.454545468092,0.0778774768114,-0.271403938532,0.349281430244
3.14159274101,0.454545468092,-2.14583181446e-07,-0.27268487215,0.272684663534
0,0.464646458626,0,-0.229538396001,0.229538396001
0.0317332595587,0.464646458626,0.0781981348991,-0.232093811035,0.310291945934
0.0634665191174,0.464646458626,0.156317546964,-0.234611168504,0.390928715467
0.095199778676,0.464646458626,0.23427952826,-0.23708756268,0.47136709094
0.126933038235,0.464646458626,0.312005639076,-0.239520445466,0.551526069641
0.158666297793,0.464646458626,0.389417558908,-0.241906791925,0.631324350834
0.190399557352,0.464646458626,0.466437399387,-0.244243815541,0.710681200027
0.222132816911,0.464646458626,0.542987585068,-0.246528565884,0.789516150951
0.253866076469,0.464646458626,0.618990957737,-0.24875806272,0.867749035358
0.285599350929,0.464646458626,0.69437122345,-0.250929266214,0.945300459862
0.317332595587,0.464646458626,0.769052088261,-0.253039389849,1.02209150791
0.349065840244,0.464646458626,0.842958629131,-0.255085289478,1.09804391861
0.380799114704,0.464646458626,0.91601651907,-0.257064014673,1.17308056355
0.412532389164,0.464646458626,0.98815202713,-0.258972734213,1.24712479115
0.444265633821,0.464646458626,1.05929243565,-0.260808348656,1.3201007843
0.475998878479,0.464646458626,1.12936639786,-0.262568235397,1.39193463326
0.507732152939,0.464646458626,1.19830310345,-0.264249384403,1.46255254745
0.539465427399,0.464646458626,1.26603317261,-0.265849083662,1.53188228607
0.571198701859,0.464646458626,1.33248841763,-0.267365008593,1.59985339642
0.602931916714,0.464646458626,1.3976020813,-0.268794357777,1.66639637947
0.634665191174,0.464646458626,1.46130847931,-0.270135164261,1.73144364357
0.666398465633,0.464646458626,1.52354335785,-0.27138492465,1.7949283123
0.698131680489,0.464646458626,1.58424401283,-0.272542119026,1.85678613186
0.729864954948,0.464646458626,1.64334964752,-0.273604631424,1.91695427895
0.761598229408,0.464646458626,1.70080077648,-0.274571210146,1.97537195683
0.793331503868,0.464646458626,1.75653910637,-0.275440365076,2.03197956085
0.825064778328,0.464646458626,1.81050884724,-0.276211231947,2.08671998978
0.856797993183,0.464646458626,1.86265540123,-0.276883125305,2.13953852654
0.888531267643,0.464646458626,1.91292655468,-0.277455598116,2.1903822422
0.920264542103,0.464646458626,1.96127152443,-0.27792853117,2.2392001152
0.951997756958,0.464646458626,2.00764155388,-0.2783023417,2.28594398499
0.983731031418,0.464646458626,2.05199027061,-0.278577506542,2.33056783676
1.01546430588,0.464646458626,2.09427261353,-0.278755098581,2.37302780151
1.04719758034,0.464646458626,2.13444638252,-0.278836429119,2.41328287125
1.0789308548,0.464646458626,2.17247080803,-0.2788233459,2.45129418373
1.11066412926,0.464646458626,2.20830798149,-0.278717964888,2.48702597618
1.14239740372,0.464646458626,2.24192118645,-0.278522759676,2.52044391632
1.17413055897,0.464646458626,2.2732770443,-0.278240770102,2.55151772499
1.20586383343,0.464646458626,2.30234408379,-0.277875125408,2.5802192688
1.23759710789,0.464646458626,2.32909274101,-0.277429580688,2.6065223217
1.26933038235,0.464646458626,2.3534963131,-0.276908218861,2.63040447235
1.30106365681,0.464646458626,2.3755300045,-0.276315301657,2.65184521675
1.33279693127,0.464646458626,2.39517188072,-0.275655597448,2.67082738876
1.36453020573,0.464646458626,2.4124019146,-0.274934083223,2.68733596802
1.39626336098,0.464646458626,2.42720270157,-0.27415600419,2.70135879517
1.42799663544,0.464646458626,2.4395596981,-0.273326873779,2.71288657188
1.4597299099,0.464646458626,2.44946026802,-0.272452414036,2.72191262245
1.49146318436,0.464646458626,2.45689439774,-0.271538555622,2.72843289375
1.52319645882,0.464646458626,2.46185469627,-0.270591199398,2.73244595528
1.55492973328,0.464646458626,2.46433615685,-0.269616663456,2.7339527607
1.58666300774,0.464646458626,2.46433615685,-0.268620967865,2.73295712471
1.6183962822,0.464646458626,2.46185469627,-0.267610430717,2.72946500778
1.65012955666,0.464646458626,2.45689439774,-0.266591191292,2.72348546982
1.68186283112,0.464646458626,2.44946026802,-0.265569508076,2.71502971649
1.71359610558,0.464646458626,2.4395596981,-0.264551311731,2.70411109924
1.74532938004,0.464646458626,2.42720270157,-0.263542562723,2.6907453537
1.77706253529,0.464646458626,2.4124019146,-0.262549042702,2.67495107651
1.80879580975,0.464646458626,2.39517188072,-0.261576265097,2.65674805641
1.84052908421,0.464646458626,2.3755300045,-0.260629594326,2.63615965843
1.87226235867,0.464646458626,2.3534963131,-0.25971403718,2.61321043968
1.90399563313,0.464646458626,2.32909274101,-0.258834391832,2.58792710304
1.93572890759,0.464646458626,2.30234408379,-0.257995218039,2.56033921242
1.96746218204,0.464646458626,2.2732770443,-0.25720050931,2.5304775238
1.9991953373,0.464646458626,2.24192118645,-0.256454259157,2.4983754158
2.03092861176,0.464646458626,2.20830774307,-0.255759775639,2.46406745911
2.06266188622,0.464646458626,2.17247080803,-0.255120337009,2.42759108543
2.09439516068,0.464646458626,2.13444638252,-0.254538625479,2.38898491859
2.12612843513,0.464646458626,2.09427261353,-0.254017084837,2.34828972816
2.15786170959,0.464646458626,2.0519900322,-0.253557473421,2.30554747581
2.18959498405,0.464646458626,2.00764155388,-0.253161936998,2.26080346107
2.22132825851,0.464646458626,1.96127128601,-0.252831548452,2.21410274506
2.25306153297,0.464646458626,1.91292631626,-0.252567261457,2.16549348831
2.28479480743,0.464646458626,1.86265516281,-0.252369880676,2.11502504349
2.31652784348,0.464646458626,1.81050896645,-0.252239823341,2.062748909
2.34826135635,0.464646458626,1.75653874874,-0.252177208662,2.008715868
2.3799943924,0.464646458626,1.70080077648,-0.252181708813,1.95298242569
2.41172790527,0.464646458626,1.6433494091,-0.252252995968,1.89560246468
2.44346094131,0.464646458626,1.58424425125,-0.252390384674,1.83663463593
2.47519421577,0.464646458626,1.52354335785,-0.252592951059,1.77613627911
2.50692749023,0.464646458626,1.46130824089,-0.252859771252,1.71416807175
2.53866076469,0.464646458626,1.39760184288,-0.253189384937,1.65079116821
2.57039403915,0.464646458626,1.33248829842,-0.253580451012,1.58606874943
2.60212731361,0.464646458626,1.2660330534,-0.254031419754,1.52006447315
2.63386058807,0.464646458626,1.19830286503,-0.254540741444,1.45284366608
2.66559386253,0.464646458626,1.12936615944,-0.255106568336,1.38447272778
2.69732713699,0.464646458626,1.05929219723,-0.255726993084,1.31501913071
2.72906041145,0.464646458626,0.988151729107,-0.256400048733,1.24455177784
2.76079368591,0.464646458626,0.916016161442,-0.257124006748,1.17314016819
2.79252696037,0.464646458626,0.842958331108,-0.257896721363,1.10085511208
2.82426023483,0.464646458626,0.769051730633,-0.258715867996,1.02776765823
2.85599327087,0.464646458626,0.694371283054,-0.259579867125,0.953951120377
2.88772678375,0.464646458626,0.618990421295,-0.26048630476,0.879476726055
2.91945981979,0.464646458626,0.542987585068,-0.261433422565,0.804421007633
2.95119309425,0.464646458626,0.466437399387,-0.262418985367,0.728856384754
2.98292636871,0.464646458626,0.389417529106,-0.26344114542,0.652858674526
3.01465964317,0.464646458626,0.312005549669,-0.264497876167,0.576503396034
3.04639291763,0.464646458626,0.234279438853,-0.265587031841,0.499866485596
3.07812619209,0.464646458626,0.156317397952,-0.266706943512,0.423024356365
3.10985946655,0.464646458626,0.0781979560852,-0.267855733633,0.346053689718
3.14159274101,0.464646458626,-2.15466229747e-07,-0.269031494856,0.26903128624
0,0.474747478962,0,-0.223851650953,0.223851650953
0.0317332595587,0.474747478962,0.0785186216235,-0.226516053081,0.305034667253
0.0634665191174,0.474747478962,0.156958192587,-0.229147285223,0.38610547781
0.095199778676,0.474747478962,0.235239699483,-0.231742918491,0.466982603073
0.126933038235,0.474747478962,0.313284367323,-0.234300047159,0.547584414482
0.158666297793,0.474747478962,0.391013532877,-0.236815959215,0.627829492092
0.190399557352,0.474747478962,0.468349039555,-0.239287719131,0.707636773586
0.222132816911,0.474747478962,0.54521292448,-0.241712421179,0.786925315857
0.253866076469,0.474747478962,0.621527850628,-0.244086995721,0.865614831448
0.285599350929,0.474747478962,0.69721698761,-0.24640865624,0.943625628948
0.317332595587,0.474747478962,0.772203981876,-0.248674109578,1.02087807655
0.349065840244,0.474747478962,0.846413433552,-0.250880599022,1.09729409218
0.380799114704,0.474747478962,0.919770717621,-0.253024816513,1.17279553413
0.412532389164,0.474747478962,0.992201864719,-0.255103737116,1.24730563164
0.444265633821,0.474747478962,1.06363379955,-0.257114320993,1.32074809074
0.475998878479,0.474747478962,1.13399493694,-0.259053587914,1.39304852486
0.507732152939,0.474747478962,1.20321416855,-0.260918617249,1.4641327858
0.539465427399,0.474747478962,1.27122187614,-0.262706279755,1.5339281559
0.571198701859,0.474747478962,1.33794951439,-0.264413833618,1.60236334801
0.602931916714,0.474747478962,1.40332996845,-0.266038566828,1.66936850548
0.634665191174,0.474747478962,1.46729743481,-0.267577946186,1.7348754406
0.666398465633,0.474747478962,1.52978742123,-0.26902911067,1.7988165617
0.698131680489,0.474747478962,1.590736866,-0.270390093327,1.86112689972
0.729864954948,0.474747478962,1.65008473396,-0.271658450365,1.92174315453
0.761598229408,0.474747478962,1.70777130127,-0.27283257246,1.98060393333
0.793331503868,0.474747478962,1.76373803616,-0.273910313845,2.03764843941
0.825064778328,0.474747478962,1.81792891026,-0.274890393019,2.09281921387
0.856797993183,0.474747478962,1.87028932571,-0.27577149868,2.1460609436
0.888531267643,0.474747478962,1.92076647282,-0.276552528143,2.19731903076
0.920264542103,0.474747478962,1.96930956841,-0.27723300457,2.24654245377
0.951997756958,0.474747478962,2.01586961746,-0.277812570333,2.29368209839
0.983731031418,0.474747478962,2.06040000916,-0.27829092741,2.33869099617
1.01546430588,0.474747478962,2.10285592079,-0.278668671846,2.38152456284
1.04719758034,0.474747478962,2.14319419861,-0.278946429491,2.4221405983
1.0789308548,0.474747478962,2.18137454987,-0.279125183821,2.46049976349
1.11066412926,0.474747478962,2.21735835075,-0.279206335545,2.49656462669
1.14239740372,0.474747478962,2.25110960007,-0.279191911221,2.53030157089
1.17413055897,0.474747478962,2.28259396553,-0.279083877802,2.56167793274
1.20586383343,0.474747478962,2.31177997589,-0.278884977102,2.59066486359
1.23759710789,0.474747478962,2.33863830566,-0.278598338366,2.61723661423
1.26933038235,0.474747478962,2.36314177513,-0.278227031231,2.64136886597
1.30106365681,0.474747478962,2.38526582718,-0.27777504921,2.66304087639
1.33279693127,0.474747478962,2.40498828888,-0.277246385813,2.6822347641
1.36453020573,0.474747478962,2.42228889465,-0.276645421982,2.69893431664
1.39626336098,0.474747478962,2.43715047836,-0.275977045298,2.71312761307
1.42799663544,0.474747478962,2.44955801964,-0.275246232748,2.72480416298
1.4597299099,0.474747478962,2.45949912071,-0.274458348751,2.73395752907
1.49146318436,0.474747478962,2.46696376801,-0.273618817329,2.74058246613
1.52319645882,0.474747478962,2.47194433212,-0.272733539343,2.74467778206
1.55492973328,0.474747478962,2.47443580627,-0.271808296442,2.74624419212
1.58666300774,0.474747478962,2.47443580627,-0.270849257708,2.74528503418
1.6183962822,0.474747478962,2.47194433212,-0.269862443209,2.74180674553
1.65012955666,0.474747478962,2.46696376801,-0.268854171038,2.73581790924
1.68186283112,0.474747478962,2.45949912071,-0.267830550671,2.72732973099
1.71359610558,0.474747478962,2.44955801964,-0.266797780991,2.71635580063
1.74532938004,0.474747478962,2.43715047836,-0.265762001276,2.70291256905
1.77706253529,0.474747478962,2.42228889465,-0.264729261398,2.68701815605
1.80879580975,0.474747478962,2.40498828888,-0.263705343008,2.66869354248
1.84052908421,0.474747478962,2.38526582718,-0.262696027756,2.64796185493
1.87226235867,0.474747478962,2.36314177513,-0.261706799269,2.6248486042
1.90399563313,0.474747478962,2.33863830566,-0.260742843151,2.59938120842
1.93572890759,0.474747478962,2.31177997589,-0.259809225798,2.57158923149
1.96746218204,0.474747478962,2.28259396553,-0.25891071558,2.54150462151
1.9991953373,0.474747478962,2.25110936165,-0.258051633835,2.50916099548
2.03092861176,0.474747478962,2.21735835075,-0.257236033678,2.47459435463
2.06266188622,0.474747478962,2.18137431145,-0.256467819214,2.43784213066
2.09439516068,0.474747478962,2.14319419861,-0.255750179291,2.3989443779
2.12612843513,0.474747478962,2.10285568237,-0.255086421967,2.35794210434
2.15786170959,0.474747478962,2.06040000916,-0.254479020834,2.31487894058
2.18959498405,0.474747478962,2.01586961746,-0.253930449486,2.26980018616
2.22132825851,0.474747478962,1.96930932999,-0.253442645073,2.22275209427
2.25306153297,0.474747478962,1.9207662344,-0.253017216921,2.17378354073
2.28479480743,0.474747478962,1.8702890873,-0.25265571475,2.12294483185
2.31652784348,0.474747478962,1.81792914867,-0.252358853817,2.07028794289
2.34826135635,0.474747478962,1.76373779774,-0.252127498388,2.01586532593
2.3799943924,0.474747478962,1.70777130127,-0.251962035894,1.95973336697
2.41172790527,0.474747478962,1.65008449554,-0.251862257719,1.90194678307
2.44346094131,0.474747478962,1.59073698521,-0.251828432083,1.84256541729
2.47519421577,0.474747478962,1.52978742123,-0.251859933138,1.78164732456
2.50692749023,0.474747478962,1.4672973156,-0.251956194639,1.71925354004
2.53866076469,0.474747478962,1.40332984924,-0.252116441727,1.65544629097
2.57039403915,0.474747478962,1.33794939518,-0.25233951211,1.59028887749
2.60212731361,0.474747478962,1.27122175694,-0.252624422312,1.52384614944
2.63386058807,0.474747478962,1.20321393013,-0.252969533205,1.45618343353
2.66559386253,0.474747478962,1.13399469852,-0.253373682499,1.38736844063
2.69732713699,0.474747478962,1.06363356113,-0.253834992647,1.31746852398
2.72906041145,0.474747478962,0.992201566696,-0.254352062941,1.24655365944
2.76079368591,0.474747478962,0.919770359993,-0.254923075438,1.17469346523
2.79252696037,0.474747478962,0.846413135529,-0.25554600358,1.10195910931
2.82426023483,0.474747478962,0.772203564644,-0.256219267845,1.02842283249
2.85599327087,0.474747478962,0.697217047215,-0.256940662861,0.954157710075
2.88772678375,0.474747478962,0.621527314186,-0.2577085495,0.879235863686
2.91945981979,0.474747478962,0.545212984085,-0.258520752192,0.803733706474
2.95119309425,0.474747478962,0.468349039555,-0.259375452995,0.72772449255
2.98292636871,0.474747478962,0.391013503075,-0.260270535946,0.651284039021
3.01465964317,0.474747478962,0.313284277916,-0.261204332113,0.574488639832
3.04639291763,0.474747478962,0.235239610076,-0.262174725533,0.49741435051
3.07812619209,0.474747478962,0.156958043575,-0.263180047274,0.420138090849
3.10985946655,0.474747478962,0.0785184428096,-0.264218211174,0.342736661434
3.14159274101,0.474747478962,-2.16349292259e-07,-0.265287458897,0.26528725028
0,0.484848499298,0,-0.218183621764,0.218183621764
0.0317332595587,0.484848499298,0.0788391083479,-0.220952793956,0.299791902304
0.0634665191174,0.484848499298,0.15759883821,-0.22369402647,0.381292879581
0.095199778676,0.484848499298,0.236199870706,-0.226404428482,0.462604284286
0.126933038235,0.484848499298,0.314563065767,-0.229081422091,0.543644487858
0.158666297793,0.484848499298,0.392609536648,-0.231722220778,0.624331772327
0.190399557352,0.484848499298,0.470260679722,-0.234324023128,0.704584717751
0.222132816911,0.484848499298,0.547438323498,-0.236883983016,0.784322321415
0.253866076469,0.484848499298,0.624064683914,-0.239399045706,0.863463759422
0.285599350929,0.484848499298,0.700062811375,-0.241866186261,0.941928982735
0.317332595587,0.484848499298,0.775355815887,-0.244282335043,1.01963818073
0.349065840244,0.484848499298,0.849868178368,-0.246644377708,1.09651255608
0.380799114704,0.484848499298,0.923524916172,-0.24894914031,1.17247402668
0.412532389164,0.484848499298,0.996251702309,-0.251193463802,1.24744510651
0.444265633821,0.484848499298,1.06797528267,-0.253374248743,1.32134950161
0.475998878479,0.484848499298,1.13862347603,-0.255488246679,1.39411175251
0.507732152939,0.484848499298,1.20812523365,-0.257532089949,1.4656573534
0.539465427399,0.484848499298,1.27641057968,-0.259503006935,1.53591358662
0.571198701859,0.484848499298,1.34341061115,-0.261397570372,1.60480821133
0.602931916714,0.484848499298,1.40905785561,-0.263213068247,1.67227089405
0.634665191174,0.484848499298,1.47328650951,-0.264946430922,1.73823297024
0.666398465633,0.484848499298,1.5360314846,-0.266594856977,1.80262637138
0.698131680489,0.484848499298,1.59722971916,-0.268155455589,1.86538517475
0.729864954948,0.484848499298,1.6568198204,-0.269625872374,1.92644572258
0.761598229408,0.484848499298,1.71474182606,-0.27100366354,1.98574542999
0.793331503868,0.484848499298,1.77093708515,-0.272286474705,2.04322361946
0.825064778328,0.484848499298,1.82534909248,-0.273472517729,2.09882164001
0.856797993183,0.484848499298,1.8779232502,-0.274559736252,2.15248298645
0.888531267643,0.484848499298,1.92860639095,-0.275546759367,2.20415306091
0.920264542103,0.484848499298,1.97734761238,-0.276432305574,2.25377988815
0.951997756958,0.484848499298,2.02409768105,-0.277215301991,2.30131292343
0.983731031418,0.484848499298,2.06880998611,-0.277895212173,2.34670519829
1.01546430588,0.484848499298,2.11143898964,-0.278471648693,2.38991069794
1.04719758034,0.484848499298,2.15194177628,-0.278944581747,2.43088626862
1.0789308548,0.484848499298,2.19027805328,-0.279314428568,2.46959257126
1.11066412926,0.484848499298,2.22640895844,-0.279581844807,2.50599074364
1.14239740372,0.484848499298,2.26029777527,-0.279748052359,2.54004573822
1.17413055897,0.484848499298,2.29191064835,-0.279814422131,2.57172513008
1.20586383343,0.484848499298,2.321215868,-0.279783040285,2.60099887848
1.23759710789,0.484848499298,2.34818387032,-0.279656141996,2.62784004211
1.26933038235,0.484848499298,2.37278747559,-0.279436349869,2.65222382545
1.30106365681,0.484848499298,2.39500164986,-0.279126882553,2.67412853241
1.33279693127,0.484848499298,2.41480445862,-0.278731256723,2.69353580475
1.36453020573,0.484848499298,2.43217587471,-0.278253257275,2.71042919159
1.39626336098,0.484848499298,2.44709801674,-0.277697116137,2.72479510307
1.42799663544,0.484848499298,2.45955634117,-0.277067422867,2.73662376404
1.4597299099,0.484848499298,2.4695379734,-0.276369035244,2.74590706825
1.49146318436,0.484848499298,2.47703313828,-0.27560710907,2.75264024734
1.52319645882,0.484848499298,2.48203396797,-0.274787187576,2.75682115555
1.55492973328,0.484848499298,2.48453569412,-0.273914843798,2.75845050812
1.58666300774,0.484848499298,2.48453569412,-0.272995889187,2.75753164291
1.6183962822,0.484848499298,2.48203396797,-0.272036463022,2.7540705204
1.65012955666,0.484848499298,2.47703313828,-0.271042704582,2.74807596207
1.68186283112,0.484848499298,2.4695379734,-0.27002081275,2.73955869675
1.71359610558,0.484848499298,2.45955634117,-0.268977046013,2.72853326797
1.74532938004,0.484848499298,2.44709801674,-0.267917722464,2.7150156498
1.77706253529,0.484848499298,2.43217587471,-0.266849040985,2.6990249157
1.80879580975,0.484848499298,2.41480445862,-0.265777230263,2.68058156967
1.84052908421,0.484848499298,2.39500164986,-0.264708250761,2.65970993042
1.87226235867,0.484848499298,2.37278747559,-0.263648182154,2.63643574715
1.90399563313,0.484848499298,2.3481836319,-0.262602627277,2.61078619957
1.93572890759,0.484848499298,2.321215868,-0.261577069759,2.58279299736
1.96746218204,0.484848499298,2.29191064835,-0.260576814413,2.55248737335
1.9991953373,0.484848499298,2.26029753685,-0.259606778622,2.51990437508
2.03092861176,0.484848499298,2.22640872002,-0.258671820164,2.48508048058
2.06266188622,0.484848499298,2.19027805328,-0.257776141167,2.44805431366
2.09439516068,0.484848499298,2.15194177628,-0.256923913956,2.40886569023
2.12612843513,0.484848499298,2.11143875122,-0.256118655205,2.36755752563
2.15786170959,0.484848499298,2.0688097477,-0.255364120007,2.32417392731
2.18959498405,0.484848499298,2.02409768105,-0.254662871361,2.2787604332
2.22132825851,0.484848499298,1.97734737396,-0.254017800093,2.23136520386
2.25306153297,0.484848499298,1.92860615253,-0.253431141376,2.18203735352
2.28479480743,0.484848499298,1.87792289257,-0.252904951572,2.13082790375
2.31652784348,0.484848499298,1.8253493309,-0.252440840006,2.07779026031
2.34826135635,0.484848499298,1.77093672752,-0.252039939165,2.02297663689
2.3799943924,0.484848499298,1.71474182606,-0.251703292131,1.96644508839
2.41172790527,0.484848499298,1.65681958199,-0.251431614161,1.90825116634
2.44346094131,0.484848499298,1.59722983837,-0.251225024462,1.84845483303
2.47519421577,0.484848499298,1.5360314846,-0.251083999872,1.78711545467
2.50692749023,0.484848499298,1.4732862711,-0.251008212566,1.72429442406
2.53866076469,0.484848499298,1.4090577364,-0.250997304916,1.66005504131
2.57039403915,0.484848499298,1.34341037273,-0.251050561666,1.5944609642
2.60212731361,0.484848499298,1.27641046047,-0.251167029142,1.52757751942
2.63386058807,0.484848499298,1.20812511444,-0.251346260309,1.45947134495
2.66559386253,0.484848499298,1.13862323761,-0.251586586237,1.39020979404
2.69732713699,0.484848499298,1.06797504425,-0.251886844635,1.31986188889
2.72906041145,0.484848499298,0.996251404285,-0.252245634794,1.24849700928
2.76079368591,0.484848499298,0.923524558544,-0.252661585808,1.17618608475
2.79252696037,0.484848499298,0.849867880344,-0.253132849932,1.10300076008
2.82426023483,0.484848499298,0.77535545826,-0.253657817841,1.0290132761
2.85599327087,0.484848499298,0.700062870979,-0.25423464179,0.954297542572
2.88772678375,0.484848499298,0.624064147472,-0.25486189127,0.878926038742
2.91945981979,0.484848499298,0.547438323498,-0.255537003279,0.802975296974
2.95119309425,0.484848499298,0.470260679722,-0.256258845329,0.726519525051
2.98292636871,0.484848499298,0.392609477043,-0.257025033236,0.649634480476
3.01465964317,0.484848499298,0.314563006163,-0.257834047079,0.572397053242
3.04639291763,0.484848499298,0.236199766397,-0.258683919907,0.494883686304
3.07812619209,0.484848499298,0.157598689198,-0.259572595358,0.417171299458
3.10985946655,0.484848499298,0.078838929534,-0.260498255491,0.339337170124
3.14159274101,0.484848499298,-2.17232354771e-07,-0.261459320784,0.261459112167
0,0.494949489832,0,-0.21254684031,0.21254684031
0.0317332595587,0.494949489832,0.0791595950723,-0.215417101979,0.294576704502
0.0634665191174,0.494949489832,0.158239498734,-0.218263790011,0.376503288746
0.095199778676,0.494949489832,0.237160027027,-0.221084862947,0.458244889975
0.126933038235,0.494949489832,0.315841794014,-0.223877489567,0.539719283581
0.158666297793,0.494949489832,0.394205510616,-0.226638883352,0.620844364166
0.190399557352,0.494949489832,0.472172319889,-0.229366272688,0.701538562775
0.222132816911,0.494949489832,0.54966366291,-0.232057005167,0.781720638275
0.253866076469,0.494949489832,0.626601576805,-0.234707936645,0.861309528351
0.285599350929,0.494949489832,0.702908575535,-0.237315773964,0.940224349499
0.317332595587,0.494949489832,0.778507709503,-0.239877775311,1.01838552952
0.349065840244,0.494949489832,0.853322982788,-0.242390602827,1.09571361542
0.380799114704,0.494949489832,0.927279114723,-0.244851097465,1.17213022709
0.412532389164,0.494949489832,1.00030148029,-0.247256040573,1.24755752087
0.444265633821,0.494949489832,1.07231664658,-0.249601826072,1.32191848755
0.475998878479,0.494949489832,1.14325213432,-0.251885533333,1.39513766766
0.507732152939,0.494949489832,1.21303641796,-0.254103600979,1.46713995934
0.539465427399,0.494949489832,1.28159928322,-0.256252735853,1.53785204887
0.571198701859,0.494949489832,1.34887158871,-0.2583296597,1.60720121861
0.602931916714,0.494949489832,1.41478574276,-0.260331124067,1.67511689663
0.634665191174,0.494949489832,1.47927546501,-0.262253850698,1.74152934551
0.666398465633,0.494949489832,1.54227554798,-0.264094799757,1.80637037754
0.698131680489,0.494949489832,1.60372257233,-0.265850633383,1.86957323551
0.729864954948,0.494949489832,1.66355490685,-0.267518788576,1.93107366562
0.761598229408,0.494949489832,1.72171235085,-0.269096136093,1.99080848694
0.793331503868,0.494949489832,1.77813601494,-0.270580142736,2.04871606827
0.825064778328,0.494949489832,1.83276927471,-0.271968334913,2.10473752022
0.856797993183,0.494949489832,1.88555705547,-0.273258328438,2.15881538391
0.888531267643,0.494949489832,1.93644630909,-0.27444806695,2.21089434624
0.920264542103,0.494949489832,1.98538565636,-0.275535732508,2.26092147827
0.951997756958,0.494949489832,2.03232574463,-0.276519745588,2.30884552002
0.983731031418,0.494949489832,2.07721972466,-0.277398794889,2.35461854935
1.01546430588,0.494949489832,2.12002205849,-0.278171867132,2.39819383621
1.04719758034,0.494949489832,2.16068959236,-0.278838276863,2.43952798843
1.0789308548,0.494949489832,2.19918179512,-0.279397875071,2.4785797596
1.11066412926,0.494949489832,2.2354593277,-0.279850482941,2.51530981064
1.14239740372,0.494949489832,2.26948595047,-0.280196726322,2.54968261719
1.17413055897,0.494949489832,2.30122733116,-0.280437290668,2.58166456223
1.20586383343,0.494949489832,2.3306517601,-0.280573427677,2.61122512817
1.23759710789,0.494949489832,2.35772943497,-0.280606836081,2.63833618164
1.26933038235,0.494949489832,2.38243293762,-0.280539423227,2.66297245026
1.30106365681,0.494949489832,2.40473747253,-0.280373752117,2.68511128426
1.33279693127,0.494949489832,2.42462086678,-0.280112624168,2.70473337173
1.36453020573,0.494949489832,2.44206285477,-0.279759347439,2.72182226181
1.39626336098,0.494949489832,2.45704555511,-0.279317587614,2.73636317253
1.42799663544,0.494949489832,2.4695546627,-0.278791368008,2.74834609032
1.4597299099,0.494949489832,2.4795768261,-0.278185218573,2.75776195526
1.49146318436,0.494949489832,2.48710250854,-0.277503818274,2.76460623741
1.52319645882,0.494949489832,2.49212360382,-0.27675229311,2.76887583733
1.55492973328,0.494949489832,2.49463558197,-0.275936037302,2.77057170868
1.58666300774,0.494949489832,2.49463558197,-0.275060653687,2.76969623566
1.6183962822,0.494949489832,2.49212360382,-0.274132102728,2.76625561714
1.65012955666,0.494949489832,2.48710250854,-0.273156374693,2.76025891304
1.68186283112,0.494949489832,2.4795768261,-0.272139757872,2.75171661377
1.71359610558,0.494949489832,2.4695546627,-0.271088570356,2.74064326286
1.74532938004,0.494949489832,2.45704555511,-0.270009219646,2.72705483437
1.77706253529,0.494949489832,2.44206285477,-0.268908172846,2.71097111702
1.80879580975,0.494949489832,2.42462086678,-0.267791867256,2.69241285324
1.84052908421,0.494949489832,2.40473747253,-0.266666561365,2.67140412331
1.87226235867,0.494949489832,2.38243293762,-0.265538752079,2.6479716301
1.90399563313,0.494949489832,2.35772919655,-0.264414399862,2.622143507
1.93572890759,0.494949489832,2.3306517601,-0.263299643993,2.5939514637
1.96746218204,0.494949489832,2.30122733116,-0.262200176716,2.56342744827
1.9991953373,0.494949489832,2.26948595047,-0.261121630669,2.53060770035
2.03092861176,0.494949489832,2.2354593277,-0.260069131851,2.49552845955
2.06266188622,0.494949489832,2.1991815567,-0.259047865868,2.45822954178
2.09439516068,0.494949489832,2.16068959236,-0.25806248188,2.41875219345
2.12612843513,0.494949489832,2.12002205849,-0.257117211819,2.37713932991
2.15786170959,0.494949489832,2.07721972466,-0.256216198206,2.33343601227
2.18959498405,0.494949489832,2.03232574463,-0.255363106728,2.28768873215
2.22132825851,0.494949489832,1.98538553715,-0.254561334848,2.23994684219
2.25306153297,0.494949489832,1.93644607067,-0.253813624382,2.19025969505
2.28479480743,0.494949489832,1.88555681705,-0.253122776747,2.13867950439
2.31652784348,0.494949489832,1.83276951313,-0.252491056919,2.08526062965
2.34826135635,0.494949489832,1.77813577652,-0.251920074224,2.03005576134
2.3799943924,0.494949489832,1.72171235085,-0.251411646605,1.97312402725
2.41172790527,0.494949489832,1.66355466843,-0.250967055559,1.91452169418
2.44346094131,0.494949489832,1.60372269154,-0.250586897135,1.85430955887
2.47519421577,0.494949489832,1.54227554798,-0.250272095203,1.79254770279
2.50692749023,0.494949489832,1.4792753458,-0.250022798777,1.72929811478
2.53866076469,0.494949489832,1.41478562355,-0.249839052558,1.66462469101
2.57039403915,0.494949489832,1.3488714695,-0.249720811844,1.59859228134
2.60212731361,0.494949489832,1.28159916401,-0.249667674303,1.53126680851
2.63386058807,0.494949489832,1.21303617954,-0.249678701162,1.46271491051
2.66559386253,0.494949489832,1.1432518959,-0.249753415585,1.39300537109
2.69732713699,0.494949489832,1.07231640816,-0.249890655279,1.32220709324
2.72906041145,0.494949489832,1.00030124187,-0.250089079142,1.25039029121
2.76079368591,0.494949489832,0.927278757095,-0.250347852707,1.1776266098
2.79252696037,0.494949489832,0.853322684765,-0.250665485859,1.10398817062
2.82426023483,0.494949489832,0.778507351875,-0.251040011644,1.02954733372
2.85599327087,0.494949489832,0.702908694744,-0.251470208168,0.954378902912
2.88772678375,0.494949489832,0.626601040363,-0.251954197884,0.878555238247
2.91945981979,0.494949489832,0.549663722515,-0.252490520477,0.802154242992
2.95119309425,0.494949489832,0.472172319889,-0.253077477217,0.725249767303
2.98292636871,0.494949489832,0.394205480814,-0.253712743521,0.647918224335
3.01465964317,0.494949489832,0.315841734409,-0.25439491868,0.570236682892
3.04639291763,0.494949489832,0.23715993762,-0.255121856928,0.492281794548
3.07812619209,0.494949489832,0.158239349723,-0.255892246962,0.414131581783
3.10985946655,0.494949489832,0.0791594162583,-0.256703913212,0.33586332202
3.14159274101,0.494949489832,-2.18115417283e-07,-0.257554769516,0.2575545609
0,0.50505053997,0,-0.206952914596,0.206952914596
0.0317332595587,0.50505053997,0.0794800743461,-0.20992025733,0.289400339127
0.0634665191174,0.50505053997,0.158880144358,-0.212868988514,0.371749132872
0.095199778676,0.50505053997,0.23812019825,-0.215796723962,0.45391690731
0.126933038235,0.50505053997,0.317120522261,-0.21870085597,0.535821378231
0.158666297793,0.50505053997,0.395801484585,-0.22157856822,0.617380023003
0.190399557352,0.50505053997,0.474083960056,-0.224427342415,0.698511302471
0.222132816911,0.50505053997,0.551889061928,-0.227244451642,0.779133498669
0.253866076469,0.50505053997,0.629138410091,-0.230026558042,0.859164953232
0.285599350929,0.50505053997,0.7057543993,-0.23277053237,0.938524961472
0.317332595587,0.50505053997,0.781659603119,-0.235473677516,1.01713323593
0.349065840244,0.50505053997,0.856777727604,-0.238132551312,1.09491026402
0.380799114704,0.50505053997,0.931033313274,-0.240743950009,1.17177724838
0.412532389164,0.50505053997,1.00435137749,-0.243304252625,1.24765563011
0.444265633821,0.50505053997,1.07665801048,-0.245810464025,1.32246851921
0.475998878479,0.50505053997,1.14788067341,-0.248258903623,1.39613962173
0.507732152939,0.50505053997,1.21794748306,-0.250646144152,1.46859359741
0.539465427399,0.50505053997,1.28678798676,-0.252968639135,1.53975665569
0.571198701859,0.50505053997,1.35433268547,-0.255222946405,1.60955560207
0.602931916714,0.50505053997,1.42051374912,-0.257405489683,1.67791926861
0.634665191174,0.50505053997,1.48526453972,-0.259512841702,1.74477744102
0.666398465633,0.50505053997,1.54851961136,-0.261541515589,1.81006109715
0.698131680489,0.50505053997,1.61021542549,-0.263488143682,1.87370359898
0.729864954948,0.50505053997,1.67028999329,-0.265349209309,1.93563914299
0.761598229408,0.50505053997,1.72868299484,-0.267122000456,1.9958050251
0.793331503868,0.50505053997,1.78533494473,-0.268802911043,2.05413794518
0.825064778328,0.50505053997,1.84018945694,-0.270389139652,2.11057853699
0.856797993183,0.50505053997,1.89319097996,-0.271878004074,2.16506910324
0.888531267643,0.50505053997,1.94428622723,-0.273266792297,2.21755313873
0.920264542103,0.50505053997,1.99342370033,-0.274553269148,2.26797699928
0.951997756958,0.50505053997,2.04055380821,-0.27573505044,2.31628894806
0.983731031418,0.50505053997,2.08562970161,-0.276810377836,2.36244010925
1.01546430588,0.50505053997,2.12860512733,-0.277777552605,2.40638256073
1.04719758034,0.50505053997,2.16943740845,-0.278635323048,2.44807267189
1.0789308548,0.50505053997,2.20808529854,-0.279382735491,2.48746800423
1.11066412926,0.50505053997,2.24450993538,-0.280019134283,2.52452898026
1.14239740372,0.50505053997,2.27867436409,-0.280544102192,2.55921840668
1.17413055897,0.50505053997,2.3105442524,-0.280958086252,2.59150242805
1.20586383343,0.50505053997,2.34008765221,-0.281261354685,2.6213490963
1.23759710789,0.50505053997,2.36727499962,-0.281454890966,2.64872980118
1.26933038235,0.50505053997,2.39207839966,-0.281540125608,2.67361855507
1.30106365681,0.50505053997,2.41447353363,-0.28151884675,2.69599246979
1.33279693127,0.50505053997,2.43443727493,-0.281393289566,2.7158305645
1.36453020573,0.50505053997,2.45194959641,-0.281166106462,2.73311567307
1.39626336098,0.50505053997,2.46699333191,-0.280840396881,2.74783372879
1.42799663544,0.50505053997,2.47955274582,-0.280419737101,2.75997257233
1.4597299099,0.50505053997,2.48961567879,-0.279908031225,2.76952362061
1.49146318436,0.50505053997,2.4971716404,-0.279309719801,2.77648139
1.52319645882,0.50505053997,2.50221323967,-0.278629422188,2.78084278107
1.55492973328,0.50505053997,2.5047352314,-0.277872264385,2.78260755539
1.58666300774,0.50505053997,2.5047352314,-0.277043610811,2.78177881241
1.6183962822,0.50505053997,2.50221323967,-0.276149243116,2.77836251259
1.65012955666,0.50505053997,2.4971716404,-0.27519506216,2.77236676216
1.68186283112,0.50505053997,2.48961567879,-0.274187237024,2.76380300522
1.71359610558,0.50505053997,2.47955274582,-0.273132234812,2.75268507004
1.74532938004,0.50505053997,2.46699333191,-0.272036492825,2.73902988434
1.77706253529,0.50505053997,2.45194959641,-0.270906597376,2.72285628319
1.80879580975,0.50505053997,2.43443727493,-0.269749283791,2.70418643951
1.84052908421,0.50505053997,2.41447353363,-0.26857110858,2.68304467201
1.87226235867,0.50505053997,2.39207839966,-0.267378866673,2.65945720673
1.90399563313,0.50505053997,2.3672747612,-0.266179025173,2.63345384598
1.93572890759,0.50505053997,2.34008765221,-0.264978080988,2.6050658226
1.96746218204,0.50505053997,2.3105442524,-0.263782233,2.5743265152
1.9991953373,0.50505053997,2.27867412567,-0.262597680092,2.54127168655
2.03092861176,0.50505053997,2.24450969696,-0.261430263519,2.50593996048
2.06266188622,0.50505053997,2.20808529854,-0.260285437107,2.46837067604
2.09439516068,0.50505053997,2.16943740845,-0.259168803692,2.42860627174
2.12612843513,0.50505053997,2.12860512733,-0.258085131645,2.38669013977
2.15786170959,0.50505053997,2.0856294632,-0.257039397955,2.34266877174
2.18959498405,0.50505053997,2.04055380821,-0.256035447121,2.29658937454
2.22132825851,0.50505053997,1.99342358112,-0.255077809095,2.24850130081
2.25306153297,0.50505053997,1.94428598881,-0.254169732332,2.19845581055
2.28479480743,0.50505053997,1.89319074154,-0.253314554691,2.14650535583
2.31652784348,0.50505053997,1.84018957615,-0.2525151968,2.09270477295
2.34826135635,0.50505053997,1.78533470631,-0.251774251461,2.03710889816
2.3799943924,0.50505053997,1.72868299484,-0.251093715429,1.97977674007
2.41172790527,0.50505053997,1.67028975487,-0.250475406647,1.92076516151
2.44346094131,0.50505053997,1.6102155447,-0.249920919538,1.86013650894
2.47519421577,0.50505053997,1.54851961136,-0.24943138659,1.79795098305
2.50692749023,0.50505053997,1.4852643013,-0.249007418752,1.73427176476
2.53866076469,0.50505053997,1.4205135107,-0.248649761081,1.66916322708
2.57039403915,0.50505053997,1.35433256626,-0.248358637094,1.60269117355
2.60212731361,0.50505053997,1.28678774834,-0.248133912683,1.53492164612
2.63386058807,0.50505053997,1.21794724464,-0.247975364327,1.46592259407
2.66559386253,0.50505053997,1.14788043499,-0.247882649302,1.39576303959
2.69732713699,0.50505053997,1.07665777206,-0.247854873538,1.3245126009
2.72906041145,0.50505053997,1.00435101986,-0.247891172767,1.25224220753
2.76079368591,0.50505053997,0.931032955647,-0.247990772128,1.17902374268
2.79252696037,0.50505053997,0.856777429581,-0.248152345419,1.1049298048
2.82426023483,0.50505053997,0.781659185886,-0.248374536633,1.03003370762
2.85599327087,0.50505053997,0.705754458904,-0.248655900359,0.954410374165
2.88772678375,0.50505053997,0.629137933254,-0.248994916677,0.878132820129
2.91945981979,0.50505053997,0.551889121532,-0.249390169978,0.801279306412
2.95119309425,0.50505053997,0.474083960056,-0.249839827418,0.723923802376
2.98292636871,0.50505053997,0.395801454782,-0.250342190266,0.64614367485
3.01465964317,0.50505053997,0.317120432854,-0.250895410776,0.568015813828
3.04639291763,0.50505053997,0.238120108843,-0.251497745514,0.489617854357
3.07812619209,0.50505053997,0.158879995346,-0.252147674561,0.411027669907
3.10985946655,0.50505053997,0.0794799029827,-0.252842843533,0.332322746515
3.14159274101,0.50505053997,-2.18998479795e-07,-0.253582000732,0.253581792116
0,0.515151500702,0,-0.201413169503,0.201413169503
0.0317332595587,0.515151500702,0.0798005536199,-0.204474061728,0.284274607897
0.0634665191174,0.515151500702,0.15952077508,-0.207521140575,0.367041915655
0.095199778676,0.515151500702,0.23908033967,-0.210551872849,0.449632227421
0.126933038235,0.515151500702,0.318399220705,-0.213563531637,0.531962752342
0.158666297793,0.515151500702,0.397397428751,-0.216553717852,0.613951146603
0.190399557352,0.515151500702,0.475995540619,-0.219519749284,0.695515275002
0.222132816911,0.515151500702,0.55411440134,-0.222458586097,0.776573002338
0.253866076469,0.515151500702,0.631675243378,-0.225367620587,0.857042849064
0.285599350929,0.515151500702,0.70860016346,-0.228243410587,0.936843574047
0.317332595587,0.515151500702,0.784811377525,-0.23108305037,1.01589441299
0.349065840244,0.515151500702,0.860232412815,-0.233883172274,1.09411561489
0.380799114704,0.515151500702,0.934787392616,-0.236640691757,1.17142808437
0.412532389164,0.515151500702,1.00840103626,-0.239351838827,1.24775290489
0.444265633821,0.515151500702,1.08099925518,-0.242013454437,1.32301270962
0.475998878479,0.515151500702,1.15250909328,-0.244621679187,1.39713072777
0.507732152939,0.515151500702,1.22285854816,-0.247172996402,1.47003149986
0.539465427399,0.515151500702,1.29197657108,-0.249664053321,1.54164063931
0.571198701859,0.515151500702,1.35979354382,-0.252090543509,1.61188411713
0.602931916714,0.515151500702,1.42624151707,-0.254449158907,1.68069064617
0.634665191174,0.515151500702,1.49125337601,-0.256736069918,1.74798941612
0.666398465633,0.515151500702,1.55476355553,-0.25894755125,1.81371116638
0.698131680489,0.515151500702,1.61670815945,-0.26107993722,1.87778806686
0.729864954948,0.515151500702,1.67702496052,-0.26312944293,1.94015443325
0.761598229408,0.515151500702,1.73565328121,-0.26509270072,2.00074601173
0.793331503868,0.515151500702,1.7925337553,-0.266965985298,2.0594997406
0.825064778328,0.515151500702,1.84760951996,-0.268745988607,2.11635541916
0.856797993183,0.515151500702,1.90082466602,-0.270429491997,2.17125415802
0.888531267643,0.515151500702,1.95212590694,-0.272013455629,2.22413945198
0.920264542103,0.515151500702,2.00146150589,-0.273494660854,2.27495622635
0.951997756958,0.515151500702,2.0487818718,-0.274870693684,2.32365250587
0.983731031418,0.515151500702,2.09403920174,-0.276138961315,2.37017822266
1.01546430588,0.515151500702,2.13718819618,-0.277297258377,2.41448545456
1.04719758034,0.515151500702,2.17818498611,-0.278343737125,2.45652866364
1.0789308548,0.515151500702,2.21698880196,-0.279276460409,2.49626517296
1.11066412926,0.515151500702,2.25356030464,-0.280094534159,2.53365492821
1.14239740372,0.515151500702,2.28786230087,-0.280796676874,2.56865906715
1.17413055897,0.515151500702,2.31986069679,-0.28138256073,2.60124325752
1.20586383343,0.515151500702,2.34952330589,-0.281851947308,2.63137531281
1.23759710789,0.515151500702,2.37682032585,-0.282205164433,2.65902543068
1.26933038235,0.515151500702,2.40172386169,-0.282442748547,2.68416666985
1.30106365681,0.515151500702,2.42420911789,-0.282566010952,2.70677518845
1.33279693127,0.515151500702,2.44425344467,-0.282576441765,2.72683000565
1.36453020573,0.515151500702,2.46183633804,-0.282476216555,2.7443125248
1.39626336098,0.515151500702,2.47694063187,-0.282267898321,2.75920844078
1.42799663544,0.515151500702,2.48955082893,-0.281954348087,2.77150511742
1.4597299099,0.515151500702,2.49965429306,-0.281539022923,2.78119325638
1.49146318436,0.515151500702,2.50724077225,-0.28102594614,2.78826665878
1.52319645882,0.515151500702,2.5123026371,-0.280419379473,2.79272198677
1.55492973328,0.515151500702,2.51483488083,-0.279724091291,2.79455900192
1.58666300774,0.515151500702,2.51483488083,-0.278945207596,2.79378008842
1.6183962822,0.515151500702,2.5123026371,-0.278088182211,2.7903907299
1.65012955666,0.515151500702,2.50724077225,-0.277158886194,2.78439974785
1.68186283112,0.515151500702,2.49965429306,-0.276163429022,2.77581763268
1.71359610558,0.515151500702,2.48955082893,-0.275108128786,2.76465892792
1.74532938004,0.515151500702,2.47694063187,-0.273999601603,2.75094032288
1.77706253529,0.515151500702,2.46183633804,-0.272844523191,2.73468089104
1.80879580975,0.515151500702,2.44425344467,-0.271649867296,2.71590328217
1.84052908421,0.515151500702,2.42420911789,-0.270422518253,2.69463157654
1.87226235867,0.515151500702,2.40172386169,-0.269169420004,2.67089319229
1.90399563313,0.515151500702,2.37682008743,-0.267897486687,2.64471769333
1.93572890759,0.515151500702,2.34952330589,-0.266613543034,2.61613678932
1.96746218204,0.515151500702,2.31986069679,-0.26532459259,2.58518528938
1.9991953373,0.515151500702,2.28786230087,-0.264037042856,2.55189943314
2.03092861176,0.515151500702,2.25356006622,-0.262757301331,2.51631736755
2.06266188622,0.515151500702,2.21698856354,-0.261491686106,2.47848033905
2.09439516068,0.515151500702,2.17818498611,-0.260246157646,2.43843126297
2.12612843513,0.515151500702,2.13718795776,-0.259026169777,2.39621400833
2.15786170959,0.515151500702,2.09403920174,-0.257837206125,2.35187649727
2.18959498405,0.515151500702,2.0487818718,-0.256684243679,2.30546617508
2.22132825851,0.515151500702,2.00146150589,-0.255571842194,2.25703334808
2.25306153297,0.515151500702,1.95212566853,-0.254504323006,2.20662999153
2.28479480743,0.515151500702,1.9008244276,-0.253485739231,2.15431022644
2.31652784348,0.515151500702,1.84760963917,-0.252519488335,2.1001291275
2.34826135635,0.515151500702,1.79253351688,-0.251608580351,2.04414200783
2.3799943924,0.515151500702,1.73565328121,-0.250755876303,1.98640918732
2.41172790527,0.515151500702,1.6770247221,-0.249964103103,1.9269888401
2.44346094131,0.515151500702,1.61670827866,-0.249234572053,1.86594283581
2.47519421577,0.515151500702,1.55476355553,-0.248569533229,1.80333304405
2.50692749023,0.515151500702,1.4912532568,-0.247970283031,1.73922348022
2.53866076469,0.515151500702,1.42624139786,-0.247437492013,1.67367887497
2.57039403915,0.515151500702,1.35979342461,-0.246972084045,1.60676550865
2.60212731361,0.515151500702,1.29197633266,-0.246574595571,1.53855097294
2.63386058807,0.515151500702,1.22285830975,-0.246244773269,1.46910309792
2.66559386253,0.515151500702,1.15250897408,-0.24598300457,1.39849197865
2.69732713699,0.515151500702,1.08099913597,-0.245788440108,1.32678759098
2.72906041145,0.515151500702,1.00840079784,-0.245660915971,1.25406169891
2.76079368591,0.515151500702,0.934787034988,-0.245599344373,1.18038642406
2.79252696037,0.515151500702,0.860232114792,-0.245602980256,1.10583508015
2.82426023483,0.515151500702,0.784811019897,-0.245670497417,1.03048157692
2.85599327087,0.515151500702,0.708600223064,-0.245801001787,0.954401254654
2.88772678375,0.515151500702,0.631674706936,-0.245993033051,0.877667725086
2.91945981979,0.515151500702,0.55411440134,-0.246244803071,0.80035918951
2.95119309425,0.515151500702,0.475995540619,-0.246555253863,0.722550809383
2.98292636871,0.515151500702,0.397397398949,-0.246922433376,0.644319832325
3.01465964317,0.515151500702,0.318399131298,-0.247344791889,0.565743923187
3.04639291763,0.515151500702,0.239080250263,-0.247820317745,0.486900568008
3.07812619209,0.515151500702,0.159520626068,-0.248347461224,0.407868087292
3.10985946655,0.515151500702,0.0798003822565,-0.248924463987,0.328724861145
3.14159274101,0.515151500702,-2.19881528096e-07,-0.249549329281,0.249549105763
0,0.525252521038,0,-0.195937931538,0.195937931538
0.0317332595587,0.525252521038,0.0801210403442,-0.199089244008,0.279210269451
0.0634665191174,0.525252521038,0.160161420703,-0.202230975032,0.362392395735
0.095199778676,0.525252521038,0.240040510893,-0.205360919237,0.44540143013
0.126933038235,0.525252521038,0.319677919149,-0.208476707339,0.528154611588
0.158666297793,0.525252521038,0.398993432522,-0.211575478315,0.610568881035
0.190399557352,0.525252521038,0.477907180786,-0.214654624462,0.692561805248
0.222132816911,0.525252521038,0.556339740753,-0.217711433768,0.774051189423
0.253866076469,0.525252521038,0.634212076664,-0.2207429111,0.854954957962
0.285599350929,0.525252521038,0.71144592762,-0.223746225238,0.935192167759
0.317332595587,0.525252521038,0.787963271141,-0.226717889309,1.01468110085
0.349065840244,0.525252521038,0.863687217236,-0.22965490818,1.09334206581
0.380799114704,0.525252521038,0.938541591167,-0.232553735375,1.17109537125
0.412532389164,0.525252521038,1.01245093346,-0.235411003232,1.24786198139
0.444265633821,0.525252521038,1.0853407383,-0.238223046064,1.32356381416
0.475998878479,0.525252521038,1.15713775158,-0.240986168385,1.39812397957
0.507732152939,0.525252521038,1.22776961327,-0.243696704507,1.47146630287
0.539465427399,0.525252521038,1.29716527462,-0.246350988746,1.54351627827
0.571198701859,0.525252521038,1.36525464058,-0.24894464016,1.61419928074
0.602931916714,0.525252521038,1.43196940422,-0.251474380493,1.68344378471
0.634665191174,0.525252521038,1.4972423315,-0.253935784101,1.75117814541
0.666398465633,0.525252521038,1.5610076189,-0.256325036287,1.81733262539
0.698131680489,0.525252521038,1.62320101261,-0.258638054132,1.88183903694
0.729864954948,0.525252521038,1.68376004696,-0.260870963335,1.94463098049
0.761598229408,0.525252521038,1.742623806,-0.263019859791,2.00564360619
0.793331503868,0.525252521038,1.7997328043,-0.265080690384,2.06481361389
0.825064778328,0.525252521038,1.85502970219,-0.267049759626,2.12207937241
0.856797993183,0.525252521038,1.90845859051,-0.268923431635,2.17738199234
0.888531267643,0.525252521038,1.95996582508,-0.270697891712,2.2306637764
0.920264542103,0.525252521038,2.00949954987,-0.272369980812,2.28186941147
0.951997756958,0.525252521038,2.05700993538,-0.273936241865,2.33094620705
0.983731031418,0.525252521038,2.1024491787,-0.275393813848,2.37784290314
1.01546430588,0.525252521038,2.14577126503,-0.27673971653,2.42251110077
1.04719758034,0.525252521038,2.1869328022,-0.277971506119,2.46490430832
1.0789308548,0.525252521038,2.22589254379,-0.279086858034,2.50497937202
1.11066412926,0.525252521038,2.2626106739,-0.28008389473,2.54269456863
1.14239740372,0.525252521038,2.29705071449,-0.280961036682,2.57801175117
1.17413055897,0.525252521038,2.32917761803,-0.281716912985,2.6108944416
1.20586383343,0.525252521038,2.358959198,-0.282351016998,2.641310215
1.23759710789,0.525252521038,2.3863658905,-0.282862603664,2.66922855377
1.26933038235,0.525252521038,2.41136932373,-0.283251881599,2.69462108612
1.30106365681,0.525252521038,2.43394494057,-0.283519297838,2.7174642086
1.33279693127,0.525252521038,2.45406961441,-0.283665895462,2.73773550987
1.36453020573,0.525252521038,2.4717233181,-0.283693045378,2.75541639328
1.39626336098,0.525252521038,2.48688817024,-0.283602803946,2.77049088478
1.42799663544,0.525252521038,2.49954915047,-0.283397525549,2.78294658661
1.4597299099,0.525252521038,2.50969314575,-0.28308019042,2.79277324677
1.49146318436,0.525252521038,2.51731014252,-0.282654255629,2.79996442795
1.52319645882,0.525252521038,2.52239227295,-0.282123595476,2.80451583862
1.55492973328,0.525252521038,2.52493476868,-0.281492650509,2.80642747879
1.58666300774,0.525252521038,2.52493476868,-0.280766218901,2.80570101738
1.6183962822,0.525252521038,2.52239227295,-0.279949635267,2.80234193802
1.65012955666,0.525252521038,2.51731014252,-0.279048413038,2.79635858536
1.68186283112,0.525252521038,2.50969314575,-0.27806866169,2.78776168823
1.71359610558,0.525252521038,2.49954915047,-0.277016669512,2.77656579018
1.74532938004,0.525252521038,2.48688817024,-0.275899022818,2.76278710365
1.77706253529,0.525252521038,2.4717233181,-0.274722576141,2.74644589424
1.80879580975,0.525252521038,2.45406961441,-0.273494333029,2.72756385803
1.84052908421,0.525252521038,2.43394494057,-0.272221505642,2.70616650581
1.87226235867,0.525252521038,2.41136932373,-0.270911246538,2.68228054047
1.90399563313,0.525252521038,2.38636565208,-0.269570887089,2.65593647957
1.93572890759,0.525252521038,2.358959198,-0.268207758665,2.62716698647
1.96746218204,0.525252521038,2.32917761803,-0.266829013824,2.59600663185
1.9991953373,0.525252521038,2.29705047607,-0.265441775322,2.56249237061
2.03092861176,0.525252521038,2.2626106739,-0.264052987099,2.52666378021
2.06266188622,0.525252521038,2.22589230537,-0.262669473886,2.48856186867
2.09439516068,0.525252521038,2.1869328022,-0.261297613382,2.44823050499
2.12612843513,0.525252521038,2.14577126503,-0.259943813086,2.40571498871
2.15786170959,0.525252521038,2.10244894028,-0.258613973856,2.36106300354
2.18959498405,0.525252521038,2.05700993538,-0.257313758135,2.31432366371
2.22132825851,0.525252521038,2.00949954987,-0.256048560143,2.26554822922
2.25306153297,0.525252521038,1.95996558666,-0.254823058844,2.21478867531
2.28479480743,0.525252521038,1.90845823288,-0.253642082214,2.16210031509
2.31652784348,0.525252521038,1.8550298214,-0.252509653568,2.10753941536
2.34826135635,0.525252521038,1.79973244667,-0.251429617405,2.05116200447
2.3799943924,0.525252521038,1.742623806,-0.250405311584,1.99302911758
2.41172790527,0.525252521038,1.68375980854,-0.249439641833,1.93319940567
2.44346094131,0.525252521038,1.62320113182,-0.248535260558,1.87173640728
2.47519421577,0.525252521038,1.5610076189,-0.247694388032,1.80870199203
2.50692749023,0.525252521038,1.4972422123,-0.246918976307,1.744161129
2.53866076469,0.525252521038,1.43196928501,-0.246210455894,1.67817974091
2.57039403915,0.525252521038,1.36525452137,-0.245570018888,1.61082458496
2.60212731361,0.525252521038,1.2971650362,-0.244998440146,1.54216349125
2.63386058807,0.525252521038,1.22776937485,-0.244496285915,1.47226572037
2.66559386253,0.525252521038,1.15713751316,-0.244063735008,1.40120124817
2.69732713699,0.525252521038,1.08534049988,-0.243700936437,1.32904148102
2.72906041145,0.525252521038,1.01245057583,-0.24340762198,1.25585818291
2.76079368591,0.525252521038,0.93854123354,-0.243183135986,1.18172430992
2.79252696037,0.525252521038,0.863686919212,-0.243027046323,1.10671401024
2.82426023483,0.525252521038,0.787962913513,-0.24293808639,1.0309009552
2.85599327087,0.525252521038,0.711446046829,-0.24291549623,0.954361557961
2.88772678375,0.525252521038,0.634211599827,-0.242958202958,0.877169787884
2.91945981979,0.525252521038,0.556339800358,-0.243064597249,0.799404382706
2.95119309425,0.525252521038,0.477907180786,-0.243233427405,0.721140623093
2.98292636871,0.525252521038,0.398993402719,-0.243463277817,0.642456650734
3.01465964317,0.525252521038,0.319677859545,-0.243752330542,0.563430190086
3.04639291763,0.525252521038,0.240040421486,-0.244098767638,0.484139204025
3.07812619209,0.525252521038,0.160161271691,-0.244501113892,0.404662370682
3.10985946655,0.525252521038,0.0801208615303,-0.244957566261,0.325078427792
3.14159274101,0.525252521038,-2.20764590608e-07,-0.245466500521,0.245466277003
0,0.535353541374,0,-0.190537005663,0.190537005663
0.0317332595587,0.535353541374,0.0804415270686,-0.193775817752,0.27421733737
0.0634665191174,0.535353541374,0.160802081227,-0.197009265423,0.357811331749
0.095199778676,0.535353541374,0.241000682116,-0.200235188007,0.441235870123
0.126933038235,0.535353541374,0.320956647396,-0.203451171517,0.524407804012
0.158666297793,0.535353541374,0.40058940649,-0.206654965878,0.607244372368
0.190399557352,0.535353541374,0.479818820953,-0.209843456745,0.689662277699
0.222132816911,0.535353541374,0.558565139771,-0.213014408946,0.771579563618
0.253866076469,0.535353541374,0.636748969555,-0.216164514422,0.852913498878
0.285599350929,0.535353541374,0.714291751385,-0.219290673733,0.933582425117
0.317332595587,0.535353541374,0.791115164757,-0.222390219569,1.01350533962
0.349065840244,0.535353541374,0.867141962051,-0.225459545851,1.0926015377
0.380799114704,0.535353541374,0.942295789719,-0.228495046496,1.17079079151
0.412532389164,0.535353541374,1.01650071144,-0.231493636966,1.2479943037
0.444265633821,0.535353541374,1.0896821022,-0.234451368451,1.32413351536
0.475998878479,0.535353541374,1.16176629066,-0.237364515662,1.39913082123
0.507732152939,0.535353541374,1.23268067837,-0.240229234099,1.47290992737
0.539465427399,0.535353541374,1.30235397816,-0.243041753769,1.54539573193
0.571198701859,0.535353541374,1.37071573734,-0.245797649026,1.61651337147
0.602931916714,0.535353541374,1.43769729137,-0.248493254185,1.68619060516
0.634665191174,0.535353541374,1.50323140621,-0.251123934984,1.75435531139
0.666398465633,0.535353541374,1.56725168228,-0.253685712814,1.8209373951
0.698131680489,0.535353541374,1.62969386578,-0.256174266338,1.88586807251
0.729864954948,0.535353541374,1.6904951334,-0.258585363626,1.94908046722
0.761598229408,0.535353541374,1.74959445,-0.260914802551,2.01050925255
0.793331503868,0.535353541374,1.80693173409,-0.263158112764,2.07008981705
0.825064778328,0.535353541374,1.86244976521,-0.265311300755,2.12776112556
0.856797993183,0.535353541374,1.91609251499,-0.267370253801,2.1834628582
0.888531267643,0.535353541374,1.96780574322,-0.269330710173,2.23713636398
0.920264542103,0.535353541374,2.01753759384,-0.27118897438,2.28872656822
0.951997756958,0.535353541374,2.06523799896,-0.272941172123,2.33817911148
0.983731031418,0.535353541374,2.11085891724,-0.274583846331,2.38544273376
1.01546430588,0.535353541374,2.1543545723,-0.276113450527,2.43046808243
1.04719758034,0.535353541374,2.19568061829,-0.277527064085,2.47320771217
1.0789308548,0.535353541374,2.23479604721,-0.278821647167,2.51361775398
1.11066412926,0.535353541374,2.27166128159,-0.279994755983,2.55165600777
1.14239740372,0.535353541374,2.30623888969,-0.281044065952,2.58728289604
1.17413055897,0.535353541374,2.33849430084,-0.28196772933,2.62046194077
1.20586383343,0.535353541374,2.3683950901,-0.282764345407,2.65115952492
1.23759710789,0.535353541374,2.39591121674,-0.283432781696,2.67934393883
1.26933038235,0.535353541374,2.42101478577,-0.283972471952,2.70498728752
1.30106365681,0.535353541374,2.44368076324,-0.284383267164,2.72806406021
1.33279693127,0.535353541374,2.46388602257,-0.284665495157,2.74855160713
1.36453020573,0.535353541374,2.48161029816,-0.284819990396,2.76643037796
1.39626336098,0.535353541374,2.49683594704,-0.284848242998,2.78168416023
1.42799663544,0.535353541374,2.509547472,-0.284751981497,2.79429936409
1.4597299099,0.535353541374,2.51973199844,-0.284533709288,2.80426573753
1.49146318436,0.535353541374,2.52737951279,-0.284196406603,2.81157588959
1.52319645882,0.535353541374,2.5324819088,-0.283743619919,2.81622552872
1.55492973328,0.535353541374,2.53503441811,-0.283179223537,2.81821370125
1.58666300774,0.535353541374,2.53503441811,-0.282507836819,2.81754231453
1.6183962822,0.535353541374,2.5324819088,-0.281734406948,2.81421637535
1.65012955666,0.535353541374,2.52737951279,-0.280864387751,2.80824398994
1.68186283112,0.535353541374,2.51973199844,-0.279903650284,2.79963564873
1.71359610558,0.535353541374,2.509547472,-0.278858453035,2.78840589523
1.74532938004,0.535353541374,2.49683594704,-0.277735352516,2.77457141876
1.77706253529,0.535353541374,2.48161029816,-0.276541292667,2.75815153122
1.80879580975,0.535353541374,2.46388602257,-0.275283336639,2.73916935921
1.84052908421,0.535353541374,2.44368076324,-0.273968935013,2.71764969826
1.87226235867,0.535353541374,2.42101478577,-0.272605448961,2.69362020493
1.90399563313,0.535353541374,2.39591121674,-0.271200597286,2.66711187363
1.93572890759,0.535353541374,2.3683950901,-0.269762068987,2.63815712929
1.96746218204,0.535353541374,2.33849430084,-0.268297284842,2.60679149628
1.9991953373,0.535353541374,2.30623865128,-0.266813933849,2.57305264473
2.03092861176,0.535353541374,2.27166104317,-0.265319615602,2.53698062897
2.06266188622,0.535353541374,2.23479604721,-0.263821333647,2.49861741066
2.09439516068,0.535353541374,2.19568061829,-0.262326478958,2.45800709724
2.12612843513,0.535353541374,2.15435433388,-0.260841727257,2.41519594193
2.15786170959,0.535353541374,2.11085891724,-0.259373694658,2.37023258209
2.18959498405,0.535353541374,2.06523799896,-0.257928699255,2.32316660881
2.22132825851,0.535353541374,2.01753759384,-0.256512731314,2.27405023575
2.25306153297,0.535353541374,1.9678055048,-0.255131185055,2.22293663025
2.28479480743,0.535353541374,1.91609215736,-0.253789454699,2.16988158226
2.31652784348,0.535353541374,1.86245000362,-0.25249221921,2.11494231224
2.34826135635,0.535353541374,1.80693149567,-0.251243948936,2.05817556381
2.3799943924,0.535353541374,1.74959445,-0.250048667192,1.99964308739
2.41172790527,0.535353541374,1.69049489498,-0.248909816146,1.93940472603
2.44346094131,0.535353541374,1.62969398499,-0.247830793262,1.87752473354
2.47519421577,0.535353541374,1.56725168228,-0.246814191341,1.81406593323
2.50692749023,0.535353541374,1.503231287,-0.245862454176,1.74909377098
2.53866076469,0.535353541374,1.43769717216,-0.244977578521,1.68267476559
2.57039403915,0.535353541374,1.37071561813,-0.244161188602,1.61487674713
2.60212731361,0.535353541374,1.30235373974,-0.243414700031,1.54576849937
2.63386058807,0.535353541374,1.23268043995,-0.242738962173,1.47541940212
2.66559386253,0.535353541374,1.16176605225,-0.242134615779,1.40390062332
2.69732713699,0.535353541374,1.08968186378,-0.241601929069,1.33128380775
2.72906041145,0.535353541374,1.01650047302,-0.241141363978,1.2576417923
2.76079368591,0.535353541374,0.942295432091,-0.240752279758,1.18304777145
2.79252696037,0.535353541374,0.867141664028,-0.240434363484,1.10757601261
2.82426023483,0.535353541374,0.791114747524,-0.240187004209,1.03130173683
2.85599327087,0.535353541374,0.714291810989,-0.240009427071,0.95430123806
2.88772678375,0.535353541374,0.636748433113,-0.239900693297,0.876649141312
2.91945981979,0.535353541374,0.558565139771,-0.239859551191,0.798424720764
2.95119309425,0.535353541374,0.479818820953,-0.239884659648,0.719703495502
2.98292636871,0.535353541374,0.400589376688,-0.239974841475,0.640564203262
3.01465964317,0.535353541374,0.320956587791,-0.240128189325,0.561084747314
3.04639291763,0.535353541374,0.241000592709,-0.240343347192,0.481343924999
3.07812619209,0.535353541374,0.160801932216,-0.24061883986,0.401420772076
3.10985946655,0.535353541374,0.0804413482547,-0.24095235765,0.321393698454
3.14159274101,0.535353541374,-2.2164765312e-07,-0.241342693567,0.24134247005
0,0.545454502106,0,-0.185220018029,0.185220018029
0.0317332595587,0.545454502106,0.0807620063424,-0.188543081284,0.269305080175
0.0634665191174,0.545454502106,0.161442711949,-0.191865116358,0.353307843208
0.095199778676,0.545454502106,0.241960823536,-0.19518391788,0.437144756317
0.126933038235,0.545454502106,0.32223534584,-0.198497056961,0.520732402802
0.158666297793,0.545454502106,0.402185350657,-0.20180220902,0.603987574577
0.190399557352,0.545454502106,0.481730431318,-0.205096647143,0.68682706356
0.222132816911,0.545454502106,0.560790479183,-0.208377540112,0.769168019295
0.253866076469,0.545454502106,0.639285743237,-0.211642310023,0.850928068161
0.285599350929,0.545454502106,0.717137515545,-0.214887961745,0.932025492191
0.317332595587,0.545454502106,0.794266939163,-0.218110769987,1.01237773895
0.349065840244,0.545454502106,0.870596647263,-0.221308067441,1.09190475941
0.380799114704,0.545454502106,0.946049928665,-0.224476009607,1.17052590847
0.412532389164,0.545454502106,1.02055048943,-0.227611199021,1.24816167355
0.444265633821,0.545454502106,1.0940233469,-0.230709895492,1.32473325729
0.475998878479,0.545454502106,1.16639482975,-0.233768180013,1.40016305447
0.507732152939,0.545454502106,1.23759174347,-0.236782282591,1.47437405586
0.539465427399,0.545454502106,1.30754244328,-0.239747926593,1.54729032516
0.571198701859,0.545454502106,1.37617659569,-0.242660880089,1.61883747578
0.602931916714,0.545454502106,1.44342505932,-0.245517030358,1.68894207478
0.634665191174,0.545454502106,1.5092202425,-0.248311877251,1.75753211975
0.666398465633,0.545454502106,1.57349562645,-0.251040846109,1.82453644276
0.698131680489,0.545454502106,1.63618648052,-0.25369977951,1.88988626003
0.729864954948,0.545454502106,1.69723010063,-0.256283760071,1.9535138607
0.761598229408,0.545454502106,1.75656473637,-0.258788406849,2.01535320282
0.793331503868,0.545454502106,1.81413054466,-0.26120904088,2.07533955574
0.825064778328,0.545454502106,1.86986982822,-0.263541281223,2.13341116905
0.856797993183,0.545454502106,1.92372620106,-0.265780359507,2.18950653076
0.888531267643,0.545454502106,1.97564554214,-0.267921894789,2.24356746674
0.920264542103,0.545454502106,2.0255753994,-0.269961476326,2.29553699493
0.951997756958,0.545454502106,2.07346582413,-0.271894991398,2.34536075592
0.983731031418,0.545454502106,2.11926865578,-0.273718267679,2.39298701286
1.01546430588,0.545454502106,2.16293740273,-0.275427341461,2.43836474419
1.04719758034,0.545454502106,2.20442819595,-0.27701869607,2.48144698143
1.0789308548,0.545454502106,2.24369955063,-0.278488814831,2.52218842506
1.11066412926,0.545454502106,2.28071141243,-0.279834330082,2.56054568291
1.14239740372,0.545454502106,2.31542682648,-0.28105276823,2.59647965431
1.17413055897,0.545454502106,2.34781074524,-0.282141327858,2.62995195389
1.20586383343,0.545454502106,2.37783074379,-0.283098042011,2.6609287262
1.23759710789,0.545454502106,2.40545654297,-0.283921301365,2.68937778473
1.26933038235,0.545454502106,2.4306602478,-0.284609675407,2.71527004242
1.30106365681,0.545454502106,2.4534163475,-0.28516253829,2.73857879639
1.33279693127,0.545454502106,2.47370219231,-0.285579532385,2.75928163528
1.36453020573,0.545454502106,2.49149703979,-0.285860896111,2.77735805511
1.39626336098,0.545454502106,2.50678324699,-0.286007523537,2.79279088974
1.42799663544,0.545454502106,2.5195453167,-0.286020696163,2.80556607246
1.4597299099,0.545454502106,2.52977061272,-0.285902291536,2.81567287445
1.49146318436,0.545454502106,2.53744840622,-0.285654842854,2.82310318947
1.52319645882,0.545454502106,2.54257130623,-0.285281389952,2.82785272598
1.55492973328,0.545454502106,2.54513406754,-0.284785538912,2.82991957664
1.58666300774,0.545454502106,2.54513406754,-0.284171462059,2.8293056488
1.6183962822,0.545454502106,2.54257130623,-0.283443838358,2.82601523399
1.65012955666,0.545454502106,2.53744840622,-0.282607913017,2.82005643845
1.68186283112,0.545454502106,2.52977061272,-0.281669378281,2.811439991
1.71359610558,0.545454502106,2.5195453167,-0.280634373426,2.80017971992
1.74532938004,0.545454502106,2.50678324699,-0.279509454966,2.78629279137
1.77706253529,0.545454502106,2.49149703979,-0.278301537037,2.76979851723
1.80879580975,0.545454502106,2.47370219231,-0.277017831802,2.75072002411
1.84052908421,0.545454502106,2.4534163475,-0.275665819645,2.72908210754
1.87226235867,0.545454502106,2.4306602478,-0.274253278971,2.70491361618
1.90399563313,0.545454502106,2.40545654297,-0.272788047791,2.67824459076
1.93572890759,0.545454502106,2.37783074379,-0.271278053522,2.64910888672
1.96746218204,0.545454502106,2.34781074524,-0.269731372595,2.61754202843
1.9991953373,0.545454502106,2.31542682648,-0.268156021833,2.58358287811
2.03092861176,0.545454502106,2.28071141243,-0.266559660435,2.54727101326
2.06266188622,0.545454502106,2.24369931221,-0.26495051384,2.50864982605
2.09439516068,0.545454502106,2.20442819595,-0.263336062431,2.46776437759
2.12612843513,0.545454502106,2.16293716431,-0.261723577976,2.42466068268
2.15786170959,0.545454502106,2.11926841736,-0.260120421648,2.3793888092
2.18959498405,0.545454502106,2.07346582413,-0.258533507586,2.33199930191
2.22132825851,0.545454502106,2.0255753994,-0.256969153881,2.28254461288
2.25306153297,0.545454502106,1.97564518452,-0.255434036255,2.23107910156
2.28479480743,0.545454502106,1.92372584343,-0.253933489323,2.17765927315
2.31652784348,0.545454502106,1.86986994743,-0.252473205328,2.12234306335
2.34826135635,0.545454502106,1.81413030624,-0.251058250666,2.06518864632
2.3799943924,0.545454502106,1.75656473637,-0.249693140388,2.00625777245
2.41172790527,0.545454502106,1.697229743,-0.248382076621,1.94561183453
2.44346094131,0.545454502106,1.63618671894,-0.247128874063,1.8833155632
2.47519421577,0.545454502106,1.57349562645,-0.245936736465,1.81943237782
2.50692749023,0.545454502106,1.50922012329,-0.244808837771,1.75402891636
2.53866076469,0.545454502106,1.44342494011,-0.243747517467,1.68717241287
2.57039403915,0.545454502106,1.37617647648,-0.242754817009,1.61893129349
2.60212731361,0.545454502106,1.30754232407,-0.241832703352,1.54937505722
2.63386058807,0.545454502106,1.23759150505,-0.240982547402,1.47857403755
2.66559386253,0.545454502106,1.16639459133,-0.240205302835,1.40659987926
2.69732713699,0.545454502106,1.09402310848,-0.239501774311,1.3335249424
2.72906041145,0.545454502106,1.0205501318,-0.238871991634,1.25942206383
2.76079368591,0.545454502106,0.946049511433,-0.238316833973,1.18436634541
2.79252696037,0.545454502106,0.870596349239,-0.237835407257,1.1084318161
2.82426023483,0.545454502106,0.794266581535,-0.237427920103,1.03169453144
2.85599327087,0.545454502106,0.71713757515,-0.237093284726,0.954230844975
2.88772678375,0.545454502106,0.639285266399,-0.236831173301,0.876116454601
2.91945981979,0.545454502106,0.560790479183,-0.236640170217,0.797430634499
2.95119309425,0.545454502106,0.481730431318,-0.23651945591,0.71824991703
2.98292636871,0.545454502106,0.402185320854,-0.236467495561,0.638652801514
3.01465964317,0.545454502106,0.322235256433,-0.236483126879,0.558718383312
3.04639291763,0.545454502106,0.241960734129,-0.236564606428,0.478525340557
3.07812619209,0.545454502106,0.161442562938,-0.236710563302,0.39815312624
3.10985946655,0.545454502106,0.0807618275285,-0.236919030547,0.317680865526
3.14159274101,0.545454502106,-2.22530701421e-07,-0.237188413739,0.237188190222
0,0.555555582047,0,-0.179994821548,0.179994821548
0.0317332595587,0.555555582047,0.0810824930668,-0.183399900794,0.26448237896
0.0634665191174,0.555555582047,0.162083357573,-0.186807647347,0.348891019821
0.095199778676,0.555555582047,0.242920994759,-0.190216258168,0.433137238026
0.126933038235,0.555555582047,0.323514074087,-0.193623408675,0.517137467861
0.158666297793,0.555555582047,0.403781354427,-0.197026610374,0.600807964802
0.190399557352,0.555555582047,0.483642071486,-0.200423434377,0.684065520763
0.222132816911,0.555555582047,0.563015818596,-0.203811228275,0.766827046871
0.253866076469,0.555555582047,0.641822636127,-0.207186788321,0.849009394646
0.285599350929,0.555555582047,0.719983279705,-0.210547491908,0.930530786514
0.317332595587,0.555555582047,0.797418832779,-0.213889926672,1.01130878925
0.349065840244,0.555555582047,0.874051451683,-0.217210844159,1.09126234055
0.380799114704,0.555555582047,0.949804067612,-0.220506772399,1.17031085491
0.412532389164,0.555555582047,1.02460026741,-0.223774269223,1.24837458134
0.444265633821,0.555555582047,1.09836483002,-0.227009370923,1.32537424564
0.475998878479,0.555555582047,1.17102336884,-0.230208039284,1.40123140812
0.507732152939,0.555555582047,1.24250280857,-0.23336648941,1.47586929798
0.539465427399,0.555555582047,1.31273114681,-0.236480236053,1.54921138287
0.571198701859,0.555555582047,1.38163769245,-0.239545196295,1.62118291855
0.602931916714,0.555555582047,1.44915306568,-0.242556780577,1.69170987606
0.634665191174,0.555555582047,1.51520931721,-0.245510429144,1.76071977615
0.666398465633,0.555555582047,1.57973968983,-0.248401537538,1.82814121246
0.698131680489,0.555555582047,1.64267933369,-0.251225233078,1.89390456676
0.729864954948,0.555555582047,1.70396518707,-0.253976851702,1.95794200897
0.761598229408,0.555555582047,1.76353538036,-0.25665128231,2.02018666267
0.793331503868,0.555555582047,1.82132959366,-0.259243875742,2.08057355881
0.825064778328,0.555555582047,1.87729001045,-0.261749684811,2.13903975487
0.856797993183,0.555555582047,1.93136012554,-0.264163613319,2.19552373886
0.888531267643,0.555555582047,1.98348546028,-0.266480952501,2.24996638298
0.920264542103,0.555555582047,2.03361368179,-0.268696933985,2.30231070518
0.951997756958,0.555555582047,2.08169412613,-0.270806759596,2.35250091553
0.983731031418,0.555555582047,2.12767839432,-0.272805869579,2.4004843235
1.01546430588,0.555555582047,2.17152047157,-0.274689972401,2.44621038437
1.04719758034,0.555555582047,2.21317601204,-0.276454597712,2.48963069916
1.0789308548,0.555555582047,2.25260305405,-0.278096050024,2.53069901466
1.11066412926,0.555555582047,2.28976202011,-0.279610395432,2.56937241554
1.14239740372,0.555555582047,2.3246152401,-0.280994266272,2.60560941696
1.17413055897,0.555555582047,2.35712766647,-0.282244563103,2.63937234879
1.20586383343,0.555555582047,2.38726663589,-0.283358603716,2.67062520981
1.23759710789,0.555555582047,2.41500210762,-0.284333884716,2.69933605194
1.26933038235,0.555555582047,2.44030570984,-0.285168975592,2.72547459602
1.30106365681,0.555555582047,2.46315217018,-0.285862088203,2.74901437759
1.33279693127,0.555555582047,2.48351860046,-0.2864125669,2.76993107796
1.36453020573,0.555555582047,2.50138401985,-0.286819934845,2.7882039547
1.39626336098,0.555555582047,2.51673078537,-0.287084460258,2.80381536484
1.42799663544,0.555555582047,2.52954363823,-0.287207007408,2.81675052643
1.4597299099,0.555555582047,2.53980922699,-0.287188827991,2.82699799538
1.49146318436,0.555555582047,2.54751777649,-0.287032067776,2.83454990387
1.52319645882,0.555555582047,2.55266094208,-0.286739170551,2.83940005302
1.55492973328,0.555555582047,2.55523395538,-0.286313503981,2.84154748917
1.58666300774,0.555555582047,2.55523395538,-0.285758703947,2.84099268913
1.6183962822,0.555555582047,2.55266094208,-0.285079389811,2.8377404213
1.65012955666,0.555555582047,2.54751777649,-0.28428030014,2.83179807663
1.68186283112,0.555555582047,2.53980922699,-0.283367037773,2.82317638397
1.71359610558,0.555555582047,2.52954363823,-0.282345563173,2.8118891716
1.74532938004,0.555555582047,2.51673078537,-0.281222432852,2.79795312881
1.77706253529,0.555555582047,2.50138401985,-0.280004441738,2.78138852119
1.80879580975,0.555555582047,2.48351860046,-0.278698951006,2.76221752167
1.84052908421,0.555555582047,2.46315217018,-0.277313560247,2.74046564102
1.87226235867,0.555555582047,2.44030570984,-0.275856107473,2.71616172791
1.90399563313,0.555555582047,2.4150018692,-0.274334728718,2.68933653831
1.93572890759,0.555555582047,2.38726663589,-0.272757619619,2.66002416611
1.96746218204,0.555555582047,2.35712766647,-0.271133244038,2.62826085091
1.9991953373,0.555555582047,2.32461500168,-0.269469946623,2.5940849781
2.03092861176,0.555555582047,2.28976178169,-0.267776042223,2.55753779411
2.06266188622,0.555555582047,2.25260305405,-0.266059905291,2.51866292953
2.09439516068,0.555555582047,2.21317601204,-0.264329612255,2.4775056839
2.12612843513,0.555555582047,2.17152047157,-0.262593120337,2.4341135025
2.15786170959,0.555555582047,2.12767839432,-0.26085832715,2.38853669167
2.18959498405,0.555555582047,2.08169412613,-0.259132653475,2.3408267498
2.22132825851,0.555555582047,2.03361344337,-0.257423192263,2.29103660583
2.25306153297,0.555555582047,1.98348510265,-0.25573682785,2.23922204971
2.28479480743,0.555555582047,1.93135976791,-0.254080057144,2.18543982506
2.31652784348,0.555555582047,1.87729012966,-0.25245898962,2.12974905968
2.34826135635,0.555555582047,1.82132923603,-0.250879138708,2.07220840454
2.3799943924,0.555555582047,1.76353538036,-0.249345809221,2.01288127899
2.41172790527,0.555555582047,1.70396482944,-0.247863799334,1.95182859898
2.44346094131,0.555555582047,1.64267957211,-0.246437326074,1.88911688328
2.47519421577,0.555555582047,1.57973968983,-0.245070502162,1.82481014729
2.50692749023,0.555555582047,1.51520907879,-0.243766695261,1.75897574425
2.53866076469,0.555555582047,1.44915282726,-0.242529019713,1.69168186188
2.57039403915,0.555555582047,1.38163757324,-0.241360023618,1.62299764156
2.60212731361,0.555555582047,1.3127310276,-0.240262031555,1.55299305916
2.63386058807,0.555555582047,1.24250257015,-0.239236652851,1.48173928261
2.66559386253,0.555555582047,1.17102313042,-0.238285526633,1.40930867195
2.69732713699,0.555555582047,1.0983645916,-0.237409949303,1.3357745409
2.72906041145,0.555555582047,1.02460002899,-0.236610293388,1.26121032238
2.76079368591,0.555555582047,0.949803709984,-0.235887184739,1.18569087982
2.79252696037,0.555555582047,0.87405115366,-0.23524095118,1.10929214954
2.82426023483,0.555555582047,0.797418415546,-0.234671235085,1.03208971024
2.85599327087,0.555555582047,0.71998333931,-0.234177947044,0.954161286354
2.88772678375,0.555555582047,0.641822099686,-0.233760118484,0.87558221817
2.91945981979,0.555555582047,0.563015878201,-0.233417376876,0.796433269978
2.95119309425,0.555555582047,0.483642071486,-0.233148530126,0.716790616512
2.98292636871,0.555555582047,0.403781294823,-0.232952356339,0.636733651161
3.01465964317,0.555555582047,0.32351398468,-0.232827663422,0.556341648102
3.04639291763,0.555555582047,0.242920905352,-0.232773065567,0.475693970919
3.07812619209,0.555555582047,0.162083208561,-0.232786938548,0.39487016201
3.10985946655,0.555555582047,0.0810823142529,-0.232867896557,0.31395021081
3.14159274101,0.555555582047,-2.23413763933e-07,-0.23301383853,0.233013615012
0,0.565656542778,0,-0.174869641662,0.174869641662
0.0317332595587,0.565656542778,0.0814029797912,-0.178353965282,0.259756952524
0.0634665191174,0.565656542778,0.162724018097,-0.181844949722,0.344568967819
0.095199778676,0.565656542778,0.243881165981,-0.185340836644,0.429221987724
0.126933038235,0.565656542778,0.324792772532,-0.188839033246,0.513631820679
0.158666297793,0.565656542778,0.405377328396,-0.19233737886,0.597714722157
0.190399557352,0.565656542778,0.485553711653,-0.195833340287,0.681387066841
0.222132816911,0.565656542778,0.565241217613,-0.19932423532,0.764565467834
0.253866076469,0.565656542778,0.644359529018,-0.202807217836,0.847166776657
0.285599350929,0.565656542778,0.72282910347,-0.206279218197,0.929108321667
0.317332595587,0.565656542778,0.80057066679,-0.20973739028,1.01030802727
0.349065840244,0.565656542778,0.877506196499,-0.21317794919,1.09068417549
0.380799114704,0.565656542778,0.953558266163,-0.21659784019,1.17015612125
0.412532389164,0.565656542778,1.0286501646,-0.219993010163,1.24864315987
0.444265633821,0.565656542778,1.10270619392,-0.223359838128,1.32606601715
0.475998878479,0.565656542778,1.17565190792,-0.226694241166,1.40234613419
0.507732152939,0.565656542778,1.24741399288,-0.22999227047,1.47740626335
0.539465427399,0.565656542778,1.31791985035,-0.233249381185,1.55116927624
0.571198701859,0.565656542778,1.38709878922,-0.236461207271,1.62355995178
0.602931916714,0.565656542778,1.45488095284,-0.239623084664,1.6945040226
0.634665191174,0.565656542778,1.52119827271,-0.24273018539,1.76392841339
0.666398465633,0.565656542778,1.5859837532,-0.245777830482,1.83176159859
0.698131680489,0.565656542778,1.64917218685,-0.248761057854,1.89793324471
0.729864954948,0.565656542778,1.71070027351,-0.251674562693,1.9623748064
0.761598229408,0.565656542778,1.77050590515,-0.254513531923,2.02501940727
0.793331503868,0.565656542778,1.82852852345,-0.257272541523,2.08580112457
0.825064778328,0.565656542778,1.88471019268,-0.25994643569,2.14465665817
0.856797993183,0.565656542778,1.93899393082,-0.262529850006,2.20152378082
0.888531267643,0.565656542778,1.99132537842,-0.265017688274,2.2563431263
0.920264542103,0.565656542778,2.04165172577,-0.267404615879,2.30905628204
0.951997756958,0.565656542778,2.08992218971,-0.269685566425,2.35960769653
0.983731031418,0.565656542778,2.13608837128,-0.271855503321,2.407943964
1.01546430588,0.565656542778,2.18010377884,-0.273909598589,2.45401334763
1.04719758034,0.565656542778,2.22192382812,-0.275842994452,2.49776673317
1.0789308548,0.565656542778,2.26150679588,-0.277651250362,2.53915810585
1.11066412926,0.565656542778,2.29881262779,-0.279330134392,2.57814264297
1.14239740372,0.565656542778,2.3338034153,-0.280875533819,2.61467885971
1.17413055897,0.565656542778,2.36644434929,-0.282283961773,2.64872837067
1.20586383343,0.565656542778,2.396702528,-0.283551901579,2.68025445938
1.23759710789,0.565656542778,2.42454767227,-0.284676641226,2.70922422409
1.26933038235,0.565656542778,2.44995117188,-0.285655677319,2.7356069088
1.30106365681,0.565656542778,2.47288799286,-0.286486983299,2.75937509537
1.33279693127,0.565656542778,2.4933347702,-0.287169188261,2.78050398827
1.36453020573,0.565656542778,2.51127099991,-0.287701249123,2.79897212982
1.39626336098,0.565656542778,2.52667856216,-0.288082808256,2.81476140022
1.42799663544,0.565656542778,2.53954195976,-0.288314342499,2.82785630226
1.4597299099,0.565656542778,2.54984807968,-0.288396507502,2.83824467659
1.49146318436,0.565656542778,2.55758714676,-0.288330882788,2.84591794014
1.52319645882,0.565656542778,2.56275057793,-0.288119524717,2.85087013245
1.55492973328,0.565656542778,2.56533360481,-0.287765264511,2.85309886932
1.58666300774,0.565656542778,2.56533360481,-0.287271738052,2.85260534286
1.6183962822,0.565656542778,2.56275057793,-0.286642730236,2.84939336777
1.65012955666,0.565656542778,2.55758714676,-0.285883039236,2.84347009659
1.68186283112,0.565656542778,2.54984807968,-0.284997940063,2.83484601974
1.71359610558,0.565656542778,2.53954195976,-0.283993273973,2.82353520393
1.74532938004,0.565656542778,2.52667856216,-0.282875418663,2.80955410004
1.77706253529,0.565656542778,2.51127099991,-0.281651169062,2.79292225838
1.80879580975,0.565656542778,2.4933347702,-0.280327916145,2.77366256714
1.84052908421,0.565656542778,2.47288799286,-0.278913259506,2.75180125237
1.87226235867,0.565656542778,2.44995117188,-0.277415245771,2.72736644745
1.90399563313,0.565656542778,2.42454743385,-0.275842130184,2.70038962364
1.93572890759,0.565656542778,2.396702528,-0.274202525616,2.67090511322
1.96746218204,0.565656542778,2.36644434929,-0.272504895926,2.63894915581
1.9991953373,0.565656542778,2.3338034153,-0.27075818181,2.60456156731
2.03092861176,0.565656542778,2.29881238937,-0.268970966339,2.56778335571
2.06266188622,0.565656542778,2.26150655746,-0.267152160406,2.52865862846
2.09439516068,0.565656542778,2.22192382812,-0.265310287476,2.4872341156
2.12612843513,0.565656542778,2.18010354042,-0.263453930616,2.44355750084
2.15786170959,0.565656542778,2.13608813286,-0.261591345072,2.39767956734
2.18959498405,0.565656542778,2.08992218971,-0.259730517864,2.34965276718
2.22132825851,0.565656542778,2.04165148735,-0.257879257202,2.29953074455
2.25306153297,0.565656542778,1.99132502079,-0.256045013666,2.24737000465
2.28479480743,0.565656542778,1.9389936924,-0.254234850407,2.1932284832
2.31652784348,0.565656542778,1.88471031189,-0.252455472946,2.13716578484
2.34826135635,0.565656542778,1.82852828503,-0.250713050365,2.07924127579
2.3799943924,0.565656542778,1.77050590515,-0.249013543129,2.01951932907
2.41172790527,0.565656542778,1.71069991589,-0.247362151742,1.95806205273
2.44346094131,0.565656542778,1.64917242527,-0.245764032006,1.89493644238
2.47519421577,0.565656542778,1.5859837532,-0.244223564863,1.83020734787
2.50692749023,0.565656542778,1.5211981535,-0.24274481833,1.76394295692
2.53866076469,0.565656542778,1.45488083363,-0.241331100464,1.69621193409
2.57039403915,0.565656542778,1.3870985508,-0.239985927939,1.62708449364
2.60212731361,0.565656542778,1.31791973114,-0.238711759448,1.55663144588
2.63386058807,0.565656542778,1.24741375446,-0.237511113286,1.48492491245
2.66559386253,0.565656542778,1.1756516695,-0.236385732889,1.41203737259
2.69732713699,0.565656542778,1.10270595551,-0.235337033868,1.33804297447
2.72906041145,0.565656542778,1.02864980698,-0.234366312623,1.2630161047
2.76079368591,0.565656542778,0.953557908535,-0.233474388719,1.18703234196
2.79252696037,0.565656542778,0.877505898476,-0.232661709189,1.11016762257
2.82426023483,0.565656542778,0.800570309162,-0.231928363442,1.03249871731
2.85599327087,0.565656542778,0.722829163074,-0.231274291873,0.954103469849
2.88772678375,0.565656542778,0.644358992577,-0.23069909215,0.875058054924
2.91945981979,0.565656542778,0.565241217613,-0.230202376842,0.795443594456
2.95119309425,0.565656542778,0.485553711653,-0.229783073068,0.715336799622
2.98292636871,0.565656542778,0.405377298594,-0.22944059968,0.634817898273
3.01465964317,0.565656542778,0.324792712927,-0.229173362255,0.55396604538
3.04639291763,0.565656542778,0.243881076574,-0.228980183601,0.472861260176
3.07812619209,0.565656542778,0.162723854184,-0.228859707713,0.391583561897
3.10985946655,0.565656542778,0.0814028009772,-0.228810399771,0.310213208199
3.14159274101,0.565656542778,-2.24296826445e-07,-0.228830501437,0.22883027792
0,0.575757563114,0,-0.169851467013,0.169851467013
0.0317332595587,0.575757563114,0.081723459065,-0.173412933946,0.255136400461
0.0634665191174,0.575757563114,0.163364648819,-0.176984772086,0.340349435806
0.095199778676,0.575757563114,0.244841307402,-0.180565059185,0.425406366587
0.126933038235,0.575757563114,0.326071470976,-0.184151634574,0.510223090649
0.158666297793,0.575757563114,0.406973272562,-0.187742158771,0.594715416431
0.190399557352,0.575757563114,0.487465322018,-0.191334247589,0.678799569607
0.222132816911,0.575757563114,0.567466497421,-0.194925099611,0.76239156723
0.253866076469,0.575757563114,0.6468963027,-0.198512017727,0.845408320427
0.285599350929,0.575757563114,0.725674808025,-0.202091991901,0.927766799927
0.317332595587,0.575757563114,0.803722500801,-0.205661803484,1.00938427448
0.349065840244,0.575757563114,0.88096088171,-0.209218293428,1.09017920494
0.380799114704,0.575757563114,0.957312405109,-0.212757632136,1.17007005215
0.412532389164,0.575757563114,1.03269982338,-0.216276481748,1.24897634983
0.444265633821,0.575757563114,1.10704743862,-0.219770699739,1.32681810856
0.475998878479,0.575757563114,1.18028044701,-0.223236292601,1.40351676941
0.507732152939,0.575757563114,1.25232493877,-0.226669058204,1.47899401188
0.539465427399,0.575757563114,1.32310843468,-0.230064585805,1.55317306519
0.571198701859,0.575757563114,1.39255964756,-0.233418256044,1.6259778738
0.602931916714,0.575757563114,1.46060872078,-0.236725136638,1.69733381271
0.634665191174,0.575757563114,1.52718710899,-0.239980623126,1.76716768742
0.666398465633,0.575757563114,1.59222769737,-0.243179515004,1.83540725708
0.698131680489,0.575757563114,1.65566492081,-0.246316805482,1.90198171139
0.729864954948,0.575757563114,1.71743512154,-0.249386966228,1.96682214737
0.761598229408,0.575757563114,1.77747619152,-0.252384722233,2.02986097336
0.793331503868,0.575757563114,1.83572733402,-0.255304485559,2.09103178978
0.825064778328,0.575757563114,1.89213013649,-0.258140802383,2.15027093887
0.856797993183,0.575757563114,1.94662761688,-0.260888069868,2.20751571655
0.888531267643,0.575757563114,1.99916505814,-0.263540863991,2.26270580292
0.920264542103,0.575757563114,2.04968953133,-0.266093343496,2.31578278542
0.951997756958,0.575757563114,2.09815001488,-0.268540114164,2.36669015884
0.983731031418,0.575757563114,2.14449810982,-0.270875543356,2.41537356377
1.01546430588,0.575757563114,2.18868660927,-0.273094505072,2.46178102493
1.04719758034,0.575757563114,2.23067140579,-0.275191664696,2.5058631897
1.0789308548,0.575757563114,2.2704102993,-0.27716204524,2.54757237434
1.11066412926,0.575757563114,2.30786275864,-0.279000937939,2.58686375618
1.14239740372,0.575757563114,2.3429915905,-0.280703753233,2.62369537354
1.17413055897,0.575757563114,2.3757610321,-0.282266229391,2.65802717209
1.20586383343,0.575757563114,2.40613818169,-0.283684641123,2.68982291222
1.23759710789,0.575757563114,2.4340929985,-0.284955382347,2.71904850006
1.26933038235,0.575757563114,2.45959663391,-0.286075562239,2.74567222595
1.30106365681,0.575757563114,2.48262357712,-0.287042528391,2.76966619492
1.33279693127,0.575757563114,2.50315093994,-0.287854254246,2.79100513458
1.36453020573,0.575757563114,2.52115774155,-0.288509339094,2.80966711044
1.39626336098,0.575757563114,2.53662586212,-0.289006859064,2.82563281059
1.42799663544,0.575757563114,2.54954004288,-0.28934648633,2.8388864994
1.4597299099,0.575757563114,2.55988669395,-0.289528608322,2.84941530228
1.49146318436,0.575757563114,2.56765627861,-0.289554268122,2.85721063614
1.52319645882,0.575757563114,2.57283997536,-0.289425075054,2.86226511002
1.55492973328,0.575757563114,2.57543325424,-0.289143532515,2.86457681656
1.58666300774,0.575757563114,2.57543325424,-0.288712590933,2.86414575577
1.6183962822,0.575757563114,2.57283997536,-0.288135915995,2.86097598076
1.65012955666,0.575757563114,2.56765627861,-0.287417948246,2.85507416725
1.68186283112,0.575757563114,2.55988669395,-0.286563813686,2.84645056725
1.71359610558,0.575757563114,2.54954004288,-0.285579025745,2.83511900902
1.74532938004,0.575757563114,2.53662586212,-0.284469842911,2.82109570503
1.77706253529,0.575757563114,2.52115774155,-0.283243149519,2.80440092087
1.80879580975,0.575757563114,2.50315093994,-0.281906068325,2.78505706787
1.84052908421,0.575757563114,2.48262357712,-0.280466377735,2.76308989525
1.87226235867,0.575757563114,2.45959663391,-0.278932213783,2.73852872849
1.90399563313,0.575757563114,2.43409276009,-0.277311950922,2.71140480042
1.93572890759,0.575757563114,2.40613818169,-0.275614321232,2.68175244331
1.96746218204,0.575757563114,2.3757610321,-0.273848295212,2.64960932732
1.9991953373,0.575757563114,2.34299135208,-0.272022873163,2.61501431465
2.03092861176,0.575757563114,2.30786275864,-0.270147204399,2.57801008224
2.06266188622,0.575757563114,2.27041006088,-0.268230348825,2.53864049911
2.09439516068,0.575757563114,2.23067140579,-0.266281425953,2.49695277214
2.12612843513,0.575757563114,2.18868637085,-0.264309585094,2.45299601555
2.15786170959,0.575757563114,2.1444978714,-0.262323349714,2.40682125092
2.18959498405,0.575757563114,2.09815001488,-0.260331511497,2.35848140717
2.22132825851,0.575757563114,2.04968929291,-0.258342295885,2.30803155899
2.25306153297,0.575757563114,1.99916481972,-0.256363749504,2.25552845001
2.28479480743,0.575757563114,1.94662737846,-0.254403501749,2.20103096962
2.31652784348,0.575757563114,1.8921302557,-0.252468854189,2.1445991993
2.34826135635,0.575757563114,1.8357270956,-0.250566631556,2.08629369736
2.3799943924,0.575757563114,1.77747619152,-0.248703300953,2.02617955208
2.41172790527,0.575757563114,1.71743488312,-0.24688474834,1.96431958675
2.44346094131,0.575757563114,1.65566504002,-0.245116651058,1.90078163147
2.47519421577,0.575757563114,1.59222769737,-0.243403911591,1.83563160896
2.50692749023,0.575757563114,1.52718698978,-0.241751268506,1.76893830299
2.53866076469,0.575757563114,1.46060860157,-0.240162461996,1.70077109337
2.57039403915,0.575757563114,1.39255952835,-0.238641709089,1.63120126724
2.60212731361,0.575757563114,1.32310831547,-0.237191826105,1.56030011177
2.63386058807,0.575757563114,1.25232470036,-0.235815882683,1.48814058304
2.66559386253,0.575757563114,1.18028020859,-0.234515652061,1.41479587555
2.69732713699,0.575757563114,1.1070472002,-0.233293473721,1.34034061432
2.72906041145,0.575757563114,1.03269958496,-0.232150897384,1.26485049725
2.76079368591,0.575757563114,0.957311987877,-0.231089040637,1.18840098381
2.79252696037,0.575757563114,0.880960583687,-0.230108454823,1.11106908321
2.82426023483,0.575757563114,0.803722083569,-0.229210034013,1.03293216228
2.85599327087,0.575757563114,0.725674927235,-0.228393673897,0.954068601131
2.88772678375,0.575757563114,0.646895766258,-0.22765918076,0.874554932117
2.91945981979,0.575757563114,0.567466557026,-0.2270065099,0.794473052025
2.95119309425,0.575757563114,0.487465322018,-0.226434886456,0.713900208473
2.98292636871,0.575757563114,0.40697324276,-0.225943461061,0.632916688919
3.01465964317,0.575757563114,0.326071381569,-0.225531488657,0.551602840424
3.04639291763,0.575757563114,0.244841217995,-0.225197300315,0.470038533211
3.07812619209,0.575757563114,0.163364499807,-0.224939897656,0.388304412365
3.10985946655,0.575757563114,0.081723280251,-0.224757745862,0.306481033564
3.14159274101,0.575757563114,-2.25179874747e-07,-0.22464928031,0.224649056792
0,0.58585858345,0,-0.164946764708,0.164946764708
0.0317332595587,0.58585858345,0.0820439457893,-0.168583214283,0.250627160072
0.0634665191174,0.58585858345,0.164005294442,-0.172233760357,0.336239039898
0.095199778676,0.58585858345,0.245801478624,-0.175896286964,0.421697765589
0.126933038235,0.58585858345,0.327350199223,-0.179568573833,0.506918787956
0.158666297793,0.58585858345,0.408569246531,-0.183248475194,0.591817736626
0.190399557352,0.58585858345,0.489376962185,-0.186933770776,0.67631071806
0.222132816911,0.58585858345,0.569691896439,-0.190621480346,0.760313391685
0.253866076469,0.58585858345,0.649433195591,-0.194309175014,0.843742370605
0.285599350929,0.58585858345,0.72852063179,-0.197993397713,0.926514029503
0.317332595587,0.58585858345,0.806874334812,-0.201671421528,1.00854575634
0.349065840244,0.58585858345,0.884415686131,-0.2053399086,1.08975553513
0.380799114704,0.58585858345,0.961066603661,-0.208995223045,1.17006182671
0.412532389164,0.58585858345,1.03674972057,-0.212633252144,1.24938297272
0.444265633821,0.58585858345,1.11138880253,-0.216250523925,1.32763934135
0.475998878479,0.58585858345,1.18490898609,-0.219842836261,1.40475177765
0.507732152939,0.58585858345,1.25723600388,-0.223405793309,1.48064184189
0.539465427399,0.58585858345,1.32829713821,-0.226934820414,1.55523192883
0.571198701859,0.58585858345,1.39802074432,-0.230425268412,1.62844598293
0.602931916714,0.58585858345,1.46633660793,-0.233872354031,1.70020890236
0.634665191174,0.58585858345,1.5331761837,-0.237270981073,1.77044713497
0.666398465633,0.58585858345,1.59847176075,-0.240615814924,1.83908760548
0.698131680489,0.58585858345,1.66215777397,-0.24390155077,1.90605926514
0.729864954948,0.58585858345,1.72417020798,-0.247122660279,1.97129285336
0.761598229408,0.58585858345,1.78444683552,-0.250273615122,2.03472042084
0.793331503868,0.58585858345,1.84292638302,-0.253348559141,2.09627485275
0.825064778328,0.58585858345,1.89955031872,-0.256341785192,2.15589213371
0.856797993183,0.58585858345,1.95426154137,-0.259247243404,2.21350884438
0.888531267643,0.58585858345,2.00700497627,-0.262059122324,2.269064188
0.920264542103,0.58585858345,2.0577275753,-0.264771521091,2.32249903679
0.951997756958,0.58585858345,2.10637807846,-0.267378479242,2.37375664711
0.983731031418,0.58585858345,2.15290784836,-0.269874036312,2.42278194427
1.01546430588,0.58585858345,2.19726967812,-0.272252619267,2.46952223778
1.04719758034,0.58585858345,2.23941922188,-0.274508297443,2.51392745972
1.0789308548,0.58585858345,2.27931380272,-0.276636004448,2.55594968796
1.11066412926,0.58585858345,2.31691336632,-0.278630048037,2.59554338455
1.14239740372,0.58585858345,2.3521797657,-0.280485600233,2.63266539574
1.17413055897,0.58585858345,2.38507771492,-0.282197952271,2.66727566719
1.20586383343,0.58585858345,2.41557431221,-0.283762723207,2.69933700562
1.23759710789,0.58585858345,2.44363856316,-0.28517588973,2.72881436348
1.26933038235,0.58585858345,2.46924209595,-0.286433964968,2.75567603111
1.30106365681,0.58585858345,2.4923593998,-0.287533819675,2.77989315987
1.33279693127,0.58585858345,2.5129673481,-0.288472652435,2.80144000053
1.36453020573,0.58585858345,2.5310447216,-0.289248764515,2.82029342651
1.39626336098,0.58585858345,2.54657363892,-0.289860606194,2.83643436432
1.42799663544,0.58585858345,2.55953836441,-0.290307223797,2.84984564781
1.4597299099,0.58585858345,2.56992554665,-0.290588766336,2.86051440239
1.49146318436,0.58585858345,2.57772541046,-0.290705531836,2.86843085289
1.52319645882,0.58585858345,2.58292961121,-0.290658861399,2.87358856201
1.55492973328,0.58585858345,2.58553314209,-0.29045060277,2.87598371506
1.58666300774,0.58585858345,2.58553314209,-0.29008358717,2.87561678886
1.6183962822,0.58585858345,2.58292961121,-0.289560973644,2.87249064445
1.65012955666,0.58585858345,2.57772541046,-0.288886994123,2.86661243439
1.68186283112,0.58585858345,2.56992554665,-0.288066267967,2.8579916954
1.71359610558,0.58585858345,2.55953836441,-0.287104398012,2.84664273262
1.74532938004,0.58585858345,2.54657363892,-0.28600731492,2.83258104324
1.77706253529,0.58585858345,2.5310447216,-0.284781754017,2.81582641602
1.80879580975,0.58585858345,2.5129673481,-0.283434927464,2.79640221596
1.84052908421,0.58585858345,2.4923593998,-0.281974434853,2.77433395386
1.87226235867,0.58585858345,2.46924209595,-0.28040856123,2.74965071678
1.90399563313,0.58585858345,2.44363832474,-0.278745830059,2.7223842144
1.93572890759,0.58585858345,2.41557431221,-0.276995062828,2.69256925583
1.96746218204,0.58585858345,2.38507771492,-0.27516540885,2.66024303436
1.9991953373,0.58585858345,2.35217952728,-0.273266226053,2.62544584274
2.03092861176,0.58585858345,2.3169131279,-0.271306961775,2.58822011948
2.06266188622,0.58585858345,2.2793135643,-0.269297003746,2.54861068726
2.09439516068,0.58585858345,2.23941922188,-0.267245978117,2.5066652298
2.12612843513,0.58585858345,2.19726967812,-0.265163332224,2.46243309975
2.15786170959,0.58585858345,2.15290760994,-0.263058155775,2.41596579552
2.18959498405,0.58585858345,2.10637807846,-0.260939568281,2.36731767654
2.22132825851,0.58585858345,2.05772733688,-0.258816599846,2.31654405594
2.25306153297,0.58585858345,2.00700473785,-0.256697773933,2.26370239258
2.28479480743,0.58585858345,1.95426118374,-0.254591196775,2.20885229111
2.31652784348,0.58585858345,1.89955043793,-0.252504646778,2.1520550251
2.34826135635,0.58585858345,1.84292602539,-0.250445872545,2.09337186813
2.3799943924,0.58585858345,1.78444683552,-0.248421609402,2.03286838531
2.41172790527,0.58585858345,1.72416996956,-0.246438354254,1.97060835361
2.44346094131,0.58585858345,1.66215789318,-0.244502469897,1.90666031837
2.47519421577,0.58585858345,1.59847176075,-0.242619499564,1.84109127522
2.50692749023,0.58585858345,1.53317594528,-0.240794405341,1.77397036552
2.53866076469,0.58585858345,1.46633648872,-0.239032059908,1.70536851883
2.57039403915,0.58585858345,1.39802062511,-0.237336486578,1.63535714149
2.60212731361,0.58585858345,1.328297019,-0.235711529851,1.56400859356
2.63386058807,0.58585858345,1.25723576546,-0.234160169959,1.49139595032
2.66559386253,0.58585858345,1.18490874767,-0.232685372233,1.4175940752
2.69732713699,0.58585858345,1.11138856411,-0.231289491057,1.34267807007
2.72906041145,0.58585858345,1.03674936295,-0.229974418879,1.26672375202
2.76079368591,0.58585858345,0.961066186428,-0.228741616011,1.18980777264
2.79252696037,0.58585858345,0.884415388107,-0.227592393756,1.11200773716
2.82426023483,0.58585858345,0.806873977184,-0.226527288556,1.03340125084
2.85599327087,0.58585858345,0.728520691395,-0.225547045469,0.954067707062
2.88772678375,0.58585858345,0.649432659149,-0.224651888013,0.874084532261
2.91945981979,0.58585858345,0.569691956043,-0.223841294646,0.793533265591
2.95119309425,0.58585858345,0.489376962185,-0.223115354776,0.712492346764
2.98292636871,0.58585858345,0.408569216728,-0.222472950816,0.631042182446
3.01465964317,0.58585858345,0.327350109816,-0.221913591027,0.549263715744
3.04639291763,0.58585858345,0.245801389217,-0.22143612802,0.467237532139
3.07812619209,0.58585858345,0.164005145431,-0.221039280295,0.385044425726
3.10985946655,0.58585858345,0.0820437669754,-0.220721751451,0.302765518427
3.14159274101,0.58585858345,-2.26062937259e-07,-0.220481842756,0.220481619239
0,0.595959603786,0,-0.160161212087,0.160161212087
0.0317332595587,0.595959603786,0.0823644325137,-0.163870796561,0.246235221624
0.0634665191174,0.595959603786,0.164645954967,-0.167597934604,0.33224388957
0.095199778676,0.595959603786,0.246761649847,-0.171340242028,0.418101906776
0.126933038235,0.595959603786,0.328628927469,-0.1750959903,0.503724932671
0.158666297793,0.595959603786,0.410165250301,-0.178862959146,0.58902823925
0.190399557352,0.595959603786,0.491288602352,-0.182638511062,0.673927128315
0.222132816911,0.595959603786,0.571917295456,-0.186420485377,0.758337795734
0.253866076469,0.595959603786,0.651970028877,-0.190205574036,0.842175602913
0.285599350929,0.595959603786,0.731366455555,-0.19399112463,0.925357580185
0.317332595587,0.595959603786,0.810026228428,-0.197773873806,1.00780010223
0.349065840244,0.595959603786,0.887870430946,-0.201550632715,1.08942103386
0.380799114704,0.595959603786,0.964820802212,-0.205317661166,1.17013847828
0.412532389164,0.595959603786,1.04079949856,-0.209071189165,1.24987065792
0.444265633821,0.595959603786,1.11573028564,-0.212807491422,1.32853782177
0.475998878479,0.595959603786,1.18953764439,-0.216521903872,1.40605950356
0.507732152939,0.595959603786,1.26214718819,-0.2202103585,1.48235750198
0.539465427399,0.595959603786,1.33348584175,-0.223868235946,1.5573540926
0.571198701859,0.595959603786,1.40348184109,-0.227490887046,1.63097274303
0.602931916714,0.595959603786,1.4720646143,-0.23107278347,1.70313739777
0.634665191174,0.595959603786,1.5391651392,-0.234609261155,1.77377438545
0.666398465633,0.595959603786,1.60471582413,-0.238094612956,1.84281039238
0.698131680489,0.595959603786,1.66865062714,-0.241523593664,1.9101742506
0.729864954948,0.595959603786,1.73090529442,-0.244890272617,1.97579550743
0.761598229408,0.595959603786,1.79141736031,-0.248188748956,2.03960609436
0.793331503868,0.595959603786,1.85012531281,-0.25141325593,2.10153865814
0.825064778328,0.595959603786,1.90697050095,-0.254557609558,2.1615281105
0.856797993183,0.595959603786,1.96189546585,-0.257615566254,2.2195110321
0.888531267643,0.595959603786,2.01484489441,-0.260580778122,2.27542567253
0.920264542103,0.595959603786,2.06576561928,-0.263447284698,2.32921290398
0.951997756958,0.595959603786,2.11460614204,-0.266208767891,2.38081502914
0.983731031418,0.595959603786,2.16131782532,-0.2688588202,2.43017673492
1.01546430588,0.595959603786,2.20585298538,-0.271391361952,2.47724437714
1.04719758034,0.595959603786,2.24816703796,-0.273800373077,2.52196741104
1.0789308548,0.595959603786,2.28821754456,-0.27607986331,2.56429743767
1.11066412926,0.595959603786,2.32596373558,-0.278224110603,2.60418796539
1.14239740372,0.595959603786,2.3613679409,-0.280227690935,2.64159560204
1.17413055897,0.595959603786,2.39439439774,-0.282085478306,2.67647981644
1.20586383343,0.595959603786,2.42501020432,-0.283792465925,2.70880270004
1.23759710789,0.595959603786,2.45318412781,-0.285344183445,2.73852825165
1.26933038235,0.595959603786,2.47888755798,-0.286736518145,2.76562404633
1.30106365681,0.595959603786,2.50209546089,-0.287965983152,2.79006147385
1.33279693127,0.595959603786,2.52278375626,-0.289029240608,2.81181287766
1.36453020573,0.595959603786,2.54093170166,-0.289924114943,2.83085584641
1.39626336098,0.595959603786,2.55652117729,-0.29064822197,2.84716939926
1.42799663544,0.595959603786,2.56953644753,-0.291200578213,2.86073708534
1.4597299099,0.595959603786,2.57996439934,-0.291580498219,2.87154483795
1.49146318436,0.595959603786,2.58779478073,-0.291787952185,2.87958264351
1.52319645882,0.595959603786,2.59301924706,-0.291823804379,2.88484311104
1.55492973328,0.595959603786,2.59563279152,-0.291689485312,2.88732218742
1.58666300774,0.595959603786,2.59563279152,-0.291387408972,2.88702011108
1.6183962822,0.595959603786,2.59301924706,-0.290920257568,2.88393950462
1.65012955666,0.595959603786,2.58779478073,-0.290292203426,2.87808704376
1.68186283112,0.595959603786,2.57996439934,-0.289507389069,2.86947178841
1.71359610558,0.595959603786,2.56953644753,-0.288571238518,2.85810756683
1.74532938004,0.595959603786,2.55652117729,-0.287489444017,2.84401059151
1.77706253529,0.595959603786,2.54093170166,-0.28626871109,2.82720041275
1.80879580975,0.595959603786,2.52278375626,-0.284915983677,2.80769968033
1.84052908421,0.595959603786,2.50209546089,-0.283438950777,2.78553438187
1.87226235867,0.595959603786,2.47888755798,-0.281845867634,2.76073336601
1.90399563313,0.595959603786,2.45318388939,-0.280145376921,2.73332929611
1.93572890759,0.595959603786,2.42501020432,-0.27834635973,2.70335650444
1.96746218204,0.595959603786,2.39439439774,-0.276458203793,2.67085266113
1.9991953373,0.595959603786,2.3613679409,-0.274490356445,2.63585829735
2.03092861176,0.595959603786,2.32596373558,-0.272452682257,2.59841632843
2.06266188622,0.595959603786,2.28821730614,-0.270354837179,2.55857205391
2.09439516068,0.595959603786,2.24816703796,-0.268206804991,2.51637387276
2.12612843513,0.595959603786,2.20585274696,-0.266018360853,2.47187113762
2.15786170959,0.595959603786,2.1613175869,-0.263799250126,2.42511677742
2.18959498405,0.595959603786,2.11460614204,-0.261558890343,2.37616491318
2.22132825851,0.595959603786,2.06576538086,-0.259306758642,2.32507205009
2.25306153297,0.595959603786,2.01484465599,-0.257051885128,2.27189660072
2.28479480743,0.595959603786,1.96189510822,-0.25480312109,2.21669816971
2.31652784348,0.595959603786,1.90697062016,-0.252568632364,2.15953922272
2.34826135635,0.595959603786,1.85012495518,-0.250356733799,2.10048174858
2.3799943924,0.595959603786,1.79141736031,-0.248174726963,2.03959202766
2.41172790527,0.595959603786,1.730905056,-0.246029943228,1.97693502903
2.44346094131,0.595959603786,1.66865074635,-0.243928954005,1.91257965565
2.47519421577,0.595959603786,1.60471582413,-0.241877913475,1.8465937376
2.50692749023,0.595959603786,1.53916501999,-0.239882603288,1.77904760838
2.53866076469,0.595959603786,1.47206437588,-0.237948015332,1.71001243591
2.57039403915,0.595959603786,1.40348160267,-0.236079037189,1.63956069946
2.60212731361,0.595959603786,1.33348572254,-0.234279707074,1.56776547432
2.63386058807,0.595959603786,1.26214694977,-0.232553973794,1.49470090866
2.66559386253,0.595959603786,1.18953740597,-0.230904743075,1.42044210434
2.69732713699,0.595959603786,1.11573004723,-0.229335129261,1.34506511688
2.72906041145,0.595959603786,1.04079926014,-0.227847233415,1.26864647865
2.76079368591,0.595959603786,0.964820384979,-0.226443037391,1.19126343727
2.79252696037,0.595959603786,0.887870132923,-0.225124076009,1.11299419403
2.82426023483,0.595959603786,0.8100258708,-0.223891437054,1.03391730785
2.85599327087,0.595959603786,0.73136651516,-0.22274620831,0.954112708569
2.88772678375,0.595959603786,0.651969492435,-0.221688389778,0.873657882214
2.91945981979,0.595959603786,0.571917295456,-0.220718309283,0.79263561964
2.95119309425,0.595959603786,0.491288602352,-0.219835907221,0.711124539375
2.98292636871,0.595959603786,0.410165190697,-0.219040587544,0.62920576334
3.01465964317,0.595959603786,0.328628838062,-0.218331679702,0.546960532665
3.04639291763,0.595959603786,0.24676156044,-0.217708423734,0.464469969273
3.07812619209,0.595959603786,0.164645791054,-0.217169702053,0.381815493107
3.10985946655,0.595959603786,0.0823642462492,-0.21671409905,0.299078345299
3.14159274101,0.595959603786,-2.26945999771e-07,-0.216340407729,0.216340184212
0,0.606060624123,0,-0.155500128865,0.155500128865
0.0317332595587,0.606060624123,0.0826849117875,-0.159281089902,0.24196600914
0.0634665191174,0.606060624123,0.165286585689,-0.163082674146,0.328369259834
0.095199778676,0.606060624123,0.247721791267,-0.166902899742,0.41462469101
0.126933038235,0.606060624123,0.329907596111,-0.17073994875,0.500647544861
0.158666297793,0.606060624123,0.411761194468,-0.174591317773,0.586352527142
0.190399557352,0.606060624123,0.493200182915,-0.178454875946,0.671655058861
0.222132816911,0.606060624123,0.574142575264,-0.182327985764,0.756470561028
0.253866076469,0.606060624123,0.654506862164,-0.186207711697,0.84071457386
0.285599350929,0.606060624123,0.73421216011,-0.190091252327,0.924303412437
0.317332595587,0.606060624123,0.813178062439,-0.19397559762,1.00715363026
0.349065840244,0.606060624123,0.891325116158,-0.19785694778,1.08918201923
0.380799114704,0.606060624123,0.968574881554,-0.20173202455,1.17030692101
0.412532389164,0.606060624123,1.04484927654,-0.205597445369,1.25044667721
0.444265633821,0.606060624123,1.12007153034,-0.20944827795,1.32951974869
0.475998878479,0.606060624123,1.19416606426,-0.213280662894,1.40744674206
0.507732152939,0.606060624123,1.26705813408,-0.217090338469,1.48414850235
0.539465427399,0.606060624123,1.33867442608,-0.220872357488,1.55954682827
0.571198701859,0.606060624123,1.40894269943,-0.224622130394,1.63356482983
0.602931916714,0.606060624123,1.47779238224,-0.228334233165,1.7061265707
0.634665191174,0.606060624123,1.54515397549,-0.232003346086,1.77715730667
0.666398465633,0.606060624123,1.6109597683,-0.235624089837,1.84658384323
0.698131680489,0.606060624123,1.67514336109,-0.239190816879,1.91433417797
0.729864954948,0.606060624123,1.73764026165,-0.242697447538,1.98033773899
0.761598229408,0.606060624123,1.79838776588,-0.246137946844,2.04452562332
0.793331503868,0.606060624123,1.85732412338,-0.249506190419,2.10683035851
0.825064778328,0.606060624123,1.91439044476,-0.252795815468,2.16718626022
0.856797993183,0.606060624123,1.96952915192,-0.256000310183,2.2255294323
0.888531267643,0.606060624123,2.02268457413,-0.259113252163,2.28179788589
0.920264542103,0.606060624123,2.07380342484,-0.262128084898,2.33593153954
0.951997756958,0.606060624123,2.12283420563,-0.265038192272,2.3878724575
0.983731031418,0.606060624123,2.16972732544,-0.267836898565,2.4375641346
1.01546430588,0.606060624123,2.21443581581,-0.27051782608,2.48495364189
1.04719758034,0.606060624123,2.25691461563,-0.273074567318,2.52998924255
1.0789308548,0.606060624123,2.29712080956,-0.275500625372,2.57262134552
1.11066412926,0.606060624123,2.33501410484,-0.277790009975,2.61280417442
1.14239740372,0.606060624123,2.3705561161,-0.279936671257,2.65049266815
1.17413055897,0.606060624123,2.40371108055,-0.28193500638,2.68564605713
1.20586383343,0.606060624123,2.434445858,-0.283779710531,2.71822547913
1.23759710789,0.606060624123,2.46272921562,-0.285465866327,2.74819517136
1.26933038235,0.606060624123,2.48853302002,-0.286988675594,2.77552175522
1.30106365681,0.606060624123,2.51183104515,-0.288344293833,2.80017542839
1.33279693127,0.606060624123,2.53259992599,-0.289528995752,2.82212901115
1.36453020573,0.606060624123,2.5508184433,-0.290539801121,2.84135818481
1.39626336098,0.606060624123,2.56646847725,-0.291374206543,2.85784268379
1.42799663544,0.606060624123,2.57953453064,-0.292030572891,2.87156510353
1.4597299099,0.606060624123,2.59000301361,-0.292507559061,2.88251066208
1.49146318436,0.606060624123,2.59786391258,-0.292804956436,2.89066886902
1.52319645882,0.606060624123,2.60310864449,-0.292923152447,2.89603185654
1.55492973328,0.606060624123,2.60573244095,-0.292862921953,2.8985953331
1.58666300774,0.606060624123,2.60573244095,-0.29262650013,2.89835882187
1.6183962822,0.606060624123,2.60310864449,-0.292216300964,2.89532494545
1.65012955666,0.606060624123,2.59786391258,-0.291635751724,2.88949966431
1.68186283112,0.606060624123,2.59000301361,-0.290889143944,2.88089227676
1.71359610558,0.606060624123,2.57953453064,-0.289981395006,2.86951589584
1.74532938004,0.606060624123,2.56646847725,-0.288918077946,2.85538649559
1.77706253529,0.606060624123,2.5508184433,-0.28770545125,2.83852386475
1.80879580975,0.606060624123,2.53259992599,-0.286350756884,2.81895065308
1.84052908421,0.606060624123,2.51183104515,-0.284861475229,2.79669260979
1.87226235867,0.606060624123,2.48853302002,-0.283245772123,2.77177882195
1.90399563313,0.606060624123,2.46272921562,-0.281512230635,2.74424147606
1.93572890759,0.606060624123,2.434445858,-0.279669940472,2.71411585808
1.96746218204,0.606060624123,2.40371108055,-0.277728378773,2.68143939972
1.9991953373,0.606060624123,2.37055587769,-0.275697290897,2.64625310898
2.03092861176,0.606060624123,2.33501386642,-0.27358648181,2.60860037804
2.06266188622,0.606060624123,2.29712080956,-0.271406203508,2.56852698326
2.09439516068,0.606060624123,2.25691461563,-0.269166588783,2.52608108521
2.12612843513,0.606060624123,2.21443581581,-0.266877740622,2.48131346703
2.15786170959,0.606060624123,2.16972732544,-0.264549762011,2.43427705765
2.18959498405,0.606060624123,2.12283420563,-0.262192755938,2.38502693176
2.22132825851,0.606060624123,2.07380318642,-0.259816527367,2.33361959457
2.25306153297,0.606060624123,2.02268433571,-0.257430523634,2.28011488914
2.28479480743,0.606060624123,1.96952879429,-0.255043983459,2.22457265854
2.31652784348,0.606060624123,1.91439068317,-0.252666026354,2.16705679893
2.34826135635,0.606060624123,1.85732376575,-0.25030502677,2.10762882233
2.3799943924,0.606060624123,1.79838776588,-0.247969165444,2.04635691643
2.41172790527,0.606060624123,1.73763990402,-0.245665997267,1.98330593109
2.44346094131,0.606060624123,1.6751434803,-0.243402928114,1.91854643822
2.47519421577,0.606060624123,1.6109597683,-0.241186723113,1.85214650631
2.50692749023,0.606060624123,1.54515385628,-0.239023327827,1.7841771841
2.53866076469,0.606060624123,1.47779214382,-0.236918568611,1.71471071243
2.57039403915,0.606060624123,1.40894258022,-0.234877839684,1.64382040501
2.60212731361,0.606060624123,1.33867430687,-0.232905685902,1.57157993317
2.63386058807,0.606060624123,1.26705789566,-0.23100630939,1.49806416035
2.66559386253,0.606060624123,1.19416582584,-0.229183346033,1.42334914207
2.69732713699,0.606060624123,1.12007129192,-0.227440237999,1.34751152992
2.72906041145,0.606060624123,1.04484891891,-0.225779697299,1.27062857151
2.76079368591,0.606060624123,0.968574464321,-0.224203914404,1.19277834892
2.79252696037,0.606060624123,0.891324818134,-0.222714677453,1.11403954029
2.82426023483,0.606060624123,0.813177645206,-0.221313729882,1.03449141979
2.85599327087,0.606060624123,0.73421227932,-0.220002055168,0.954214334488
2.88772678375,0.606060624123,0.654506325722,-0.218780368567,0.873286724091
2.91945981979,0.606060624123,0.574142634869,-0.217649191618,0.791791796684
2.95119309425,0.606060624123,0.493200182915,-0.216608598828,0.709808766842
2.98292636871,0.606060624123,0.411761164665,-0.215658143163,0.627419292927
3.01465964317,0.606060624123,0.329907536507,-0.21479767561,0.544705212116
3.04639291763,0.606060624123,0.24772170186,-0.214026212692,0.461747914553
3.07812619209,0.606060624123,0.165286421776,-0.213343143463,0.378629565239
3.10985946655,0.606060624123,0.082684725523,-0.2127469033,0.295431613922
3.14159274101,0.606060624123,-2.27829048072e-07,-0.212236493826,0.212236270308
0,0.616161584854,0,-0.150967806578,0.150967806578
0.0317332595587,0.616161584854,0.0830053985119,-0.154818758368,0.23782415688
0.0634665191174,0.616161584854,0.165927231312,-0.158693060279,0.324620306492
0.095199778676,0.616161584854,0.24868196249,-0.1625893116,0.41127127409
0.126933038235,0.616161584854,0.331186324358,-0.166505470872,0.497691810131
0.158666297793,0.616161584854,0.413357168436,-0.170439004898,0.583796143532
0.190399557352,0.616161584854,0.495111823082,-0.174387991428,0.66949981451
0.222132816911,0.616161584854,0.576367974281,-0.17834956944,0.75471752882
0.253866076469,0.616161584854,0.65704369545,-0.182321175933,0.839364886284
0.285599350929,0.616161584854,0.737057983875,-0.186299860477,0.923357844353
0.317332595587,0.616161584854,0.81632989645,-0.190282315016,1.00661218166
0.349065840244,0.616161584854,0.894779920578,-0.194265156984,1.08904504776
0.380799114704,0.616161584854,0.972329080105,-0.198244839907,1.17057394981
0.412532389164,0.616161584854,1.04889905453,-0.202217787504,1.25111687183
0.444265633821,0.616161584854,1.12441289425,-0.206179410219,1.33059227467
0.475998878479,0.616161584854,1.19879460335,-0.21012571454,1.40892028809
0.507732152939,0.616161584854,1.27196931839,-0.21405223012,1.48602151871
0.539465427399,0.616161584854,1.34386312962,-0.217953965068,1.56181704998
0.571198701859,0.616161584854,1.4144037962,-0.221826136112,1.63622999191
0.602931916714,0.616161584854,1.48352026939,-0.225663349032,1.70918357372
0.634665191174,0.616161584854,1.55114305019,-0.229460209608,1.7806032896
0.666398465633,0.616161584854,1.61720383167,-0.2332110852,1.85041487217
0.698131680489,0.616161584854,1.68163621426,-0.236910119653,1.91854631901
0.729864954948,0.616161584854,1.74437534809,-0.240551263094,1.98492658138
0.761598229408,0.616161584854,1.80535829067,-0.244128167629,2.0494863987
0.793331503868,0.616161584854,1.86452305317,-0.247634395957,2.11215734482
0.825064778328,0.616161584854,1.92181062698,-0.251063585281,2.17287421227
0.856797993183,0.616161584854,1.9771630764,-0.254408895969,2.23157191277
0.888531267643,0.616161584854,2.03052449226,-0.2576636374,2.28818821907
0.920264542103,0.616161584854,2.08184146881,-0.260820865631,2.34266233444
0.951997756958,0.616161584854,2.13106226921,-0.263873815536,2.39493608475
0.983731031418,0.616161584854,2.1781373024,-0.266815543175,2.44495296478
1.01546430588,0.616161584854,2.22301912308,-0.269639104605,2.49265813828
1.04719758034,0.616161584854,2.26566243172,-0.272337704897,2.53800010681
1.0789308548,0.616161584854,2.30602455139,-0.274904817343,2.58092927933
1.11066412926,0.616161584854,2.34406471252,-0.277333825827,2.62139844894
1.14239740372,0.616161584854,2.37974429131,-0.279618412256,2.65936279297
1.17413055897,0.616161584854,2.41302776337,-0.281752467155,2.69478034973
1.20586383343,0.616161584854,2.44388175011,-0.283730268478,2.72761201859
1.23759710789,0.616161584854,2.47227478027,-0.285546272993,2.75782108307
1.26933038235,0.616161584854,2.49817848206,-0.28719574213,2.78537416458
1.30106365681,0.616161584854,2.52156686783,-0.288673758507,2.81024074554
1.33279693127,0.616161584854,2.54241609573,-0.289976596832,2.83239269257
1.36453020573,0.616161584854,2.56070542336,-0.291100561619,2.85180592537
1.39626336098,0.616161584854,2.57641625404,-0.292042732239,2.86845898628
1.42799663544,0.616161584854,2.58953285217,-0.292801052332,2.88233399391
1.4597299099,0.616161584854,2.6000418663,-0.293373793364,2.89341568947
1.49146318436,0.616161584854,2.60793328285,-0.293760150671,2.90169334412
1.52319645882,0.616161584854,2.61319828033,-0.293959975243,2.90715837479
1.55492973328,0.616161584854,2.6158323288,-0.293974071741,2.90980648994
1.58666300774,0.616161584854,2.6158323288,-0.293803751469,2.90963602066
1.6183962822,0.616161584854,2.61319828033,-0.293451488018,2.90664982796
1.65012955666,0.616161584854,2.60793328285,-0.292920082808,2.90085339546
1.68186283112,0.616161584854,2.6000418663,-0.292213618755,2.89225554466
1.71359610558,0.616161584854,2.58953285217,-0.291336715221,2.880869627
1.74532938004,0.616161584854,2.57641625404,-0.290294766426,2.86671113968
1.77706253529,0.616161584854,2.56070542336,-0.289093911648,2.84979939461
1.80879580975,0.616161584854,2.54241609573,-0.287741035223,2.83015704155
1.84052908421,0.616161584854,2.52156686783,-0.28624355793,2.80781030655
1.87226235867,0.616161584854,2.49817848206,-0.28460970521,2.78278827667
1.90399563313,0.616161584854,2.47227478027,-0.282848030329,2.75512290001
1.93572890759,0.616161584854,2.44388175011,-0.280967444181,2.72484922409
1.96746218204,0.616161584854,2.41302776337,-0.278977781534,2.69200563431
1.9991953373,0.616161584854,2.37974429131,-0.276888847351,2.65663313866
2.03092861176,0.616161584854,2.34406447411,-0.274710506201,2.6187748909
2.06266188622,0.616161584854,2.30602431297,-0.27245336771,2.57847762108
2.09439516068,0.616161584854,2.26566243172,-0.270127803087,2.535790205
2.12612843513,0.616161584854,2.22301888466,-0.267744153738,2.49076294899
2.15786170959,0.616161584854,2.17813706398,-0.265313029289,2.44344997406
2.18959498405,0.616161584854,2.13106226921,-0.262844771147,2.39390707016
2.22132825851,0.616161584854,2.08184146881,-0.260349601507,2.34219098091
2.25306153297,0.616161584854,2.03052425385,-0.257837563753,2.2883617878
2.28479480743,0.616161584854,1.97716271877,-0.255318373442,2.23248100281
2.31652784348,0.616161584854,1.92181074619,-0.252801388502,2.17461204529
2.34826135635,0.616161584854,1.86452281475,-0.250295758247,2.114818573
2.3799943924,0.616161584854,1.80535829067,-0.24781011045,2.05316829681
2.41172790527,0.616161584854,1.74437499046,-0.24535253644,1.9897274971
2.44346094131,0.616161584854,1.68163633347,-0.24293088913,1.9245672226
2.47519421577,0.616161584854,1.61720383167,-0.240552440286,1.85775625706
2.50692749023,0.616161584854,1.55114293098,-0.238223984838,1.78936696053
2.53866076469,0.616161584854,1.48352015018,-0.235951736569,1.71947193146
2.57039403915,0.616161584854,1.41440355778,-0.233741134405,1.64814472198
2.60212731361,0.616161584854,1.34386301041,-0.231597840786,1.5754609108
2.63386058807,0.616161584854,1.27196907997,-0.229526311159,1.50149536133
2.66559386253,0.616161584854,1.19879436493,-0.227530688047,1.42632508278
2.69732713699,0.616161584854,1.12441265583,-0.225614756346,1.35002744198
2.72906041145,0.616161584854,1.04889881611,-0.223781600595,1.2726804018
2.76079368591,0.616161584854,0.972328662872,-0.222034096718,1.19436275959
2.79252696037,0.616161584854,0.894779622555,-0.220374464989,1.11515402794
2.82426023483,0.616161584854,0.816329538822,-0.218804419041,1.03513395786
2.85599327087,0.616161584854,0.73705804348,-0.217325821519,0.954383850098
2.88772678375,0.616161584854,0.657043159008,-0.215939059854,0.87298220396
2.91945981979,0.616161584854,0.576368033886,-0.214645206928,0.791013240814
2.95119309425,0.616161584854,0.495111823082,-0.213444933295,0.708556771278
2.98292636871,0.616161584854,0.413357138634,-0.212337553501,0.625694692135
3.01465964317,0.616161584854,0.331186234951,-0.211323276162,0.542509496212
3.04639291763,0.616161584854,0.248681873083,-0.210401564837,0.45908343792
3.07812619209,0.616161584854,0.1659270823,-0.20957146585,0.375498533249
3.10985946655,0.616161584854,0.0830052122474,-0.208832323551,0.291837543249
3.14159274101,0.616161584854,-2.28712110584e-07,-0.208182439208,0.208182215691
0,0.626262664795,0,-0.146568268538,0.146568268538
0.0317332595587,0.626262664795,0.0833258852363,-0.150487571955,0.233813464642
0.0634665191174,0.626262664795,0.166567876935,-0.154433324933,0.321001201868
0.095199778676,0.626262664795,0.249642133713,-0.158403530717,0.408045649529
0.126933038235,0.626262664795,0.332465052605,-0.162396684289,0.494861721992
0.158666297793,0.626262664795,0.414953172207,-0.166410595179,0.581363797188
0.190399557352,0.626262664795,0.497023463249,-0.170442506671,0.667465984821
0.222132816911,0.626262664795,0.578593313694,-0.174490168691,0.753083467484
0.253866076469,0.626262664795,0.659580588341,-0.178551003337,0.838131606579
0.285599350929,0.626262664795,0.73990380764,-0.182621747255,0.922525525093
0.317332595587,0.626262664795,0.819481790066,-0.186699360609,1.00618112087
0.349065840244,0.626262664795,0.898234665394,-0.190780371428,1.08901500702
0.380799114704,0.626262664795,0.976083278656,-0.194861337543,1.1709445715
0.412532389164,0.626262664795,1.05294895172,-0.198938116431,1.25188708305
0.444265633821,0.626262664795,1.12875437737,-0.203006744385,1.33176112175
0.475998878479,0.626262664795,1.20342326164,-0.207062974572,1.41048622131
0.507732152939,0.626262664795,1.27688038349,-0.211101874709,1.4879822731
0.539465427399,0.626262664795,1.34905183315,-0.215118870139,1.56417071819
0.571198701859,0.626262664795,1.41986477375,-0.219108790159,1.63897359371
0.602931916714,0.626262664795,1.48924815655,-0.223066315055,1.7123144865
0.634665191174,0.626262664795,1.55713200569,-0.226985856891,1.78411781788
0.666398465633,0.626262664795,1.62344789505,-0.230861902237,1.85430979729
0.698131680489,0.626262664795,1.68812906742,-0.234688028693,1.92281711102
0.729864954948,0.626262664795,1.75111043453,-0.238458022475,1.98956847191
0.761598229408,0.626262664795,1.81232881546,-0.242165714502,2.05449461937
0.793331503868,0.626262664795,1.87172210217,-0.245804458857,2.11752653122
0.825064778328,0.626262664795,1.92923080921,-0.249367401004,2.17859816551
0.856797993183,0.626262664795,1.98479688168,-0.252847701311,2.23764467239
0.888531267643,0.626262664795,2.0383644104,-0.256238222122,2.29460263252
0.920264542103,0.626262664795,2.08987951279,-0.259532034397,2.34941148758
0.951997756958,0.626262664795,2.13929033279,-0.262721925974,2.40201234818
0.983731031418,0.626262664795,2.18654704094,-0.265800565481,2.45234751701
1.01546430588,0.626262664795,2.23160219193,-0.268760979176,2.5003631115
1.04719758034,0.626262664795,2.2744102478,-0.271595865488,2.5460062027
1.0789308548,0.626262664795,2.31492805481,-0.274298399687,2.5892264843
1.11066412926,0.626262664795,2.35311508179,-0.276861578226,2.62997674942
1.14239740372,0.626262664795,2.38893270493,-0.279278695583,2.66821146011
1.17413055897,0.626262664795,2.4223446846,-0.281543463469,2.70388817787
1.20586383343,0.626262664795,2.45331764221,-0.283649474382,2.73696708679
1.23759710789,0.626262664795,2.48182034492,-0.285591065884,2.76741147041
1.26933038235,0.626262664795,2.50782418251,-0.28736269474,2.79518699646
1.30106365681,0.626262664795,2.53130269051,-0.288959383965,2.82026195526
1.33279693127,0.626262664795,2.55223250389,-0.290376752615,2.8426091671
1.36453020573,0.626262664795,2.57059240341,-0.291610747576,2.86220312119
1.39626336098,0.626262664795,2.58636379242,-0.292658090591,2.87902188301
1.42799663544,0.626262664795,2.59953117371,-0.29351618886,2.89304733276
1.4597299099,0.626262664795,2.61008071899,-0.294182807207,2.9042634964
1.49146318436,0.626262664795,2.6180024147,-0.294656813145,2.91265916824
1.52319645882,0.626262664795,2.62328791618,-0.29493778944,2.91822576523
1.55492973328,0.626262664795,2.62593197823,-0.295025765896,2.92095780373
1.58666300774,0.626262664795,2.62593197823,-0.294922024012,2.92085409164
1.6183962822,0.626262664795,2.62328791618,-0.294628351927,2.91791629791
1.65012955666,0.626262664795,2.6180024147,-0.294147491455,2.91214990616
1.68186283112,0.626262664795,2.61008071899,-0.293483138084,2.90356397629
1.71359610558,0.626262664795,2.59953117371,-0.29263946414,2.89217066765
1.74532938004,0.626262664795,2.58636379242,-0.29162171483,2.87798547745
1.77706253529,0.626262664795,2.57059240341,-0.290435820818,2.86102819443
1.80879580975,0.626262664795,2.55223250389,-0.289088517427,2.84132099152
1.84052908421,0.626262664795,2.53130269051,-0.287586957216,2.81888961792
1.87226235867,0.626262664795,2.50782418251,-0.285939335823,2.79376363754
1.90399563313,0.626262664795,2.48182034492,-0.284154206514,2.76597452164
1.93572890759,0.626262664795,2.45331764221,-0.282240599394,2.73555827141
1.96746218204,0.626262664795,2.4223446846,-0.280208110809,2.70255279541
1.9991953373,0.626262664795,2.38893246651,-0.278066664934,2.66699910164
2.03092861176,0.626262664795,2.35311508179,-0.275826632977,2.62894177437
2.06266188622,0.626262664795,2.31492805481,-0.273498296738,2.58842635155
2.09439516068,0.626262664795,2.2744102478,-0.271092563868,2.54550290108
2.12612843513,0.626262664795,2.23160195351,-0.268620103598,2.5002219677
2.15786170959,0.626262664795,2.18654704094,-0.266091525555,2.4526386261
2.18959498405,0.626262664795,2.13929033279,-0.263517796993,2.40280818939
2.22132825851,0.626262664795,2.08987951279,-0.26090952754,2.35078907013
2.25306153297,0.626262664795,2.03836417198,-0.258276879787,2.29664111137
2.28479480743,0.626262664795,1.98479664326,-0.255630224943,2.24042677879
2.31652784348,0.626262664795,1.92923092842,-0.252979367971,2.18221020699
2.34826135635,0.626262664795,1.87172174454,-0.250333964825,2.12205576897
2.3799943924,0.626262664795,1.81232881546,-0.247703015804,2.06003189087
2.41172790527,0.626262664795,1.7511100769,-0.245095223188,1.9962053299
2.44346094131,0.626262664795,1.68812918663,-0.242518976331,1.93064820766
2.47519421577,0.626262664795,1.62344789505,-0.239981979132,1.86342990398
2.50692749023,0.626262664795,1.55713188648,-0.237491726875,1.79462361336
2.53866076469,0.626262664795,1.48924803734,-0.235054448247,1.72430253029
2.57039403915,0.626262664795,1.41986465454,-0.232676744461,1.652541399
2.60212731361,0.626262664795,1.34905171394,-0.230364382267,1.57941603661
2.63386058807,0.626262664795,1.27688014507,-0.228122398257,1.50500249863
2.66559386253,0.626262664795,1.20342302322,-0.225955441594,1.42937850952
2.69732713699,0.626262664795,1.12875413895,-0.223867833614,1.35262203217
2.72906041145,0.626262664795,1.05294859409,-0.221862912178,1.27481150627
2.76079368591,0.626262664795,0.976082861423,-0.219944149256,1.19602704048
2.79252696037,0.626262664795,0.898234367371,-0.218113899231,1.1163482666
2.82426023483,0.626262664795,0.819481372833,-0.216374531388,1.03585588932
2.85599327087,0.626262664795,0.739903867245,-0.214727863669,0.954631745815
2.88772678375,0.626262664795,0.659580051899,-0.213175460696,0.872755527496
2.91945981979,0.626262664795,0.578593373299,-0.211717873812,0.790311217308
2.95119309425,0.626262664795,0.497023463249,-0.210355967283,0.707379460335
2.98292636871,0.626262664795,0.414953112602,-0.209090292454,0.624043405056
3.01465964317,0.626262664795,0.332464963198,-0.207920283079,0.540385246277
3.04639291763,0.626262664795,0.249642029405,-0.206846117973,0.456488132477
3.07812619209,0.626262664795,0.166567727923,-0.205866932869,0.372434675694
3.10985946655,0.626262664795,0.0833256989717,-0.204981908202,0.288307607174
3.14159274101,0.626262664795,-2.29595173096e-07,-0.204190149903,0.204189926386
0,0.636363625526,0,-0.142304942012,0.142304942012
0.0317332595587,0.636363625526,0.0836463645101,-0.146291106939,0.229937463999
0.0634665191174,0.636363625526,0.167208522558,-0.150306403637,0.317514926195
0.095199778676,0.636363625526,0.250602275133,-0.154349341989,0.404951632023
0.126933038235,0.636363625526,0.333743721247,-0.158417761326,0.492161482573
0.158666297793,0.636363625526,0.416549116373,-0.162509605289,0.57905870676
0.190399557352,0.636363625526,0.498935073614,-0.166622698307,0.665557742119
0.222132816911,0.636363625526,0.580818653107,-0.170754089952,0.751572728157
0.253866076469,0.636363625526,0.662117362022,-0.174901306629,0.837018668652
0.285599350929,0.636363625526,0.742749512196,-0.179061502218,0.921810984612
0.317332595587,0.636363625526,0.822633564472,-0.183231323957,1.00586485863
0.349065840244,0.636363625526,0.901689350605,-0.187407374382,1.08909678459
0.380799114704,0.636363625526,0.979837357998,-0.191585958004,1.171423316
0.412532389164,0.636363625526,1.05699872971,-0.19576343894,1.25276219845
0.444265633821,0.636363625526,1.13309562206,-0.199935168028,1.33303081989
0.475998878479,0.636363625526,1.20805168152,-0.204097062349,1.41214871407
0.507732152939,0.636363625526,1.28179132938,-0.208244279027,1.49003565311
0.539465427399,0.636363625526,1.35424041748,-0.212372198701,1.56661260128
0.571198701859,0.636363625526,1.4253257513,-0.216475665569,1.64180135727
0.602931916714,0.636363625526,1.49497592449,-0.220548734069,1.71552467346
0.634665191174,0.636363625526,1.56312096119,-0.224586248398,1.78770720959
0.666398465633,0.636363625526,1.62969183922,-0.228581920266,1.85827374458
0.698131680489,0.636363625526,1.69462168217,-0.232529833913,1.92715156078
0.729864954948,0.636363625526,1.75784540176,-0.236423552036,1.9942688942
0.761598229408,0.636363625526,1.81929922104,-0.240256503224,2.05955576897
0.793331503868,0.636363625526,1.87892091274,-0.244021967053,2.1229429245
0.825064778328,0.636363625526,1.93665075302,-0.247713044286,2.18436384201
0.856797993183,0.636363625526,1.99243056774,-0.251322358847,2.24375295639
0.888531267643,0.636363625526,2.04620432854,-0.254842936993,2.30104732513
0.920264542103,0.636363625526,2.09791731834,-0.258267223835,2.35618448257
0.951997756958,0.636363625526,2.14751815796,-0.261588156223,2.40910625458
0.983731031418,0.636363625526,2.19495677948,-0.264798015356,2.45975470543
1.01546430588,0.636363625526,2.24018502235,-0.267889261246,2.5080742836
1.04719758034,0.636363625526,2.28315782547,-0.27085468173,2.554012537
1.0789308548,0.636363625526,2.32383155823,-0.273686945438,2.59751844406
1.11066412926,0.636363625526,2.36216545105,-0.276378750801,2.63854408264
1.14239740372,0.636363625526,2.39812064171,-0.278923153877,2.67704391479
1.17413055897,0.636363625526,2.431661129,-0.281313240528,2.71297430992
1.20586383343,0.636363625526,2.4627532959,-0.283542573452,2.74629592896
1.23759710789,0.636363625526,2.49136567116,-0.285604953766,2.77697062492
1.26933038235,0.636363625526,2.51746940613,-0.287494391203,2.80496382713
1.30106365681,0.636363625526,2.54103827477,-0.289205729961,2.83024406433
1.33279693127,0.636363625526,2.56204867363,-0.29073408246,2.85278272629
1.36453020573,0.636363625526,2.58047914505,-0.292074799538,2.87255382538
1.39626336098,0.636363625526,2.59631109238,-0.293224364519,2.88953542709
1.42799663544,0.636363625526,2.6095290184,-0.294179826975,2.90370893478
1.4597299099,0.636363625526,2.62011933327,-0.294938445091,2.91505765915
1.49146318436,0.636363625526,2.62807154655,-0.295498669147,2.9235701561
1.52319645882,0.636363625526,2.63337731361,-0.295859724283,2.9292371273
1.55492973328,0.636363625526,2.63603162766,-0.296021193266,2.93205285072
1.58666300774,0.636363625526,2.63603162766,-0.295983999968,2.93201565742
1.6183962822,0.636363625526,2.63337731361,-0.295749634504,2.92912697792
1.65012955666,0.636363625526,2.62807154655,-0.29532045126,2.92339205742
1.68186283112,0.636363625526,2.62011933327,-0.294699668884,2.91481900215
1.71359610558,0.636363625526,2.6095290184,-0.293891459703,2.9034204483
1.74532938004,0.636363625526,2.59631109238,-0.292900562286,2.88921165466
1.77706253529,0.636363625526,2.58047914505,-0.291732907295,2.87221193314
1.80879580975,0.636363625526,2.56204867363,-0.290394604206,2.85244321823
1.84052908421,0.636363625526,2.54103827477,-0.288893043995,2.82993125916
1.87226235867,0.636363625526,2.51746940613,-0.287236154079,2.80470561981
1.90399563313,0.636363625526,2.49136543274,-0.285432338715,2.77679777145
1.93572890759,0.636363625526,2.4627532959,-0.283490687609,2.7462439537
1.96746218204,0.636363625526,2.431661129,-0.281420856714,2.71308207512
1.9991953373,0.636363625526,2.39812064171,-0.279232591391,2.67735314369
2.03092861176,0.636363625526,2.36216521263,-0.276936411858,2.63910150528
2.06266188622,0.636363625526,2.32383131981,-0.274542957544,2.59837436676
2.09439516068,0.636363625526,2.28315782547,-0.272063136101,2.55522108078
2.12612843513,0.636363625526,2.24018502235,-0.269507706165,2.50969266891
2.15786170959,0.636363625526,2.19495654106,-0.266887962818,2.46184444427
2.18959498405,0.636363625526,2.14751815796,-0.2642146945,2.41173291206
2.22132825851,0.636363625526,2.09791731834,-0.261499077082,2.35941648483
2.25306153297,0.636363625526,2.0462038517,-0.258751809597,2.3049557209
2.28479480743,0.636363625526,1.99243032932,-0.25598320365,2.24841356277
2.31652784348,0.636363625526,1.93665099144,-0.253204017878,2.18985509872
2.34826135635,0.636363625526,1.87892055511,-0.250423967838,2.12934446335
2.3799943924,0.636363625526,1.81929922104,-0.247652664781,2.06695199013
2.41172790527,0.636363625526,1.75784504414,-0.24489928782,2.00274443626
2.44346094131,0.636363625526,1.69462192059,-0.24217274785,1.93679463863
2.47519421577,0.636363625526,1.62969183922,-0.239481285214,1.86917316914
2.50692749023,0.636363625526,1.56312072277,-0.236832529306,1.79995322227
2.53866076469,0.636363625526,1.49497580528,-0.234233796597,1.72920966148
2.57039403915,0.636363625526,1.4253256321,-0.23169182241,1.65701746941
2.60212731361,0.636363625526,1.35424029827,-0.229212984443,1.58345329762
2.63386058807,0.636363625526,1.28179109097,-0.226802825928,1.50859391689
2.66559386253,0.636363625526,1.2080514431,-0.224466308951,1.43251776695
2.69732713699,0.636363625526,1.13309538364,-0.222208365798,1.35530376434
2.72906041145,0.636363625526,1.05699837208,-0.22003275156,1.27703118324
2.76079368591,0.636363625526,0.97983700037,-0.217943206429,1.1977802515
2.79252696037,0.636363625526,0.901689052582,-0.215942755342,1.11763179302
2.82426023483,0.636363625526,0.822633206844,-0.214034289122,1.03666746616
2.85599327087,0.636363625526,0.7427495718,-0.212219417095,0.954968988895
2.88772678375,0.636363625526,0.662116825581,-0.210500255227,0.872617065907
2.91945981979,0.636363625526,0.580818712711,-0.208878085017,0.78969681263
2.95119309425,0.636363625526,0.498935073614,-0.207353681326,0.70628875494
2.98292636871,0.636363625526,0.416549056768,-0.205927744508,0.622476816177
3.01465964317,0.636363625526,0.333743661642,-0.204600542784,0.538344204426
3.04639291763,0.636363625526,0.250602185726,-0.203371673822,0.453973859549
3.07812619209,0.636363625526,0.167208358645,-0.202241286635,0.369449645281
3.10985946655,0.636363625526,0.0836461782455,-0.201208353043,0.284854531288
3.14159274101,0.636363625526,-2.30478221397e-07,-0.200271993876,0.200271770358
0,0.646464645863,0,-0.138180285692,0.138180285692
0.0317332595587,0.646464645863,0.0839668512344,-0.142232164741,0.226199015975
0.0634665191174,0.646464645863,0.167849168181,-0.14631600678,0.314165174961
0.095199778676,0.646464645863,0.251562446356,-0.15042977035,0.401992201805
0.126933038235,0.646464645863,0.335022449493,-0.154571667314,0.489594101906
0.158666297793,0.646464645863,0.418145090342,-0.158739671111,0.576884746552
0.190399557352,0.646464645863,0.500846743584,-0.162931382656,0.66377812624
0.222132816911,0.646464645863,0.583044052124,-0.167144298553,0.750188350677
0.253866076469,0.646464645863,0.664654254913,-0.1713758111,0.836030066013
0.285599350929,0.646464645863,0.74559533596,-0.175622612238,0.921217918396
0.317332595587,0.646464645863,0.825785458088,-0.179881796241,1.00566720963
0.349065840244,0.646464645863,0.905144155025,-0.184149846435,1.08929395676
0.380799114704,0.646464645863,0.983591556549,-0.188423037529,1.17201459408
0.412532389164,0.646464645863,1.06104850769,-0.192697420716,1.25374591351
0.444265633821,0.646464645863,1.13743698597,-0.196968778968,1.33440577984
0.475998878479,0.646464645863,1.21268033981,-0.201232776046,1.41391313076
0.507732152939,0.646464645863,1.28670251369,-0.205484300852,1.49218678474
0.539465427399,0.646464645863,1.35942912102,-0.209718838334,1.56914794445
0.571198701859,0.646464645863,1.43078684807,-0.21393096447,1.64471781254
0.602931916714,0.646464645863,1.50070393085,-0.218115016818,1.71881890297
0.634665191174,0.646464645863,1.56910991669,-0.222265407443,1.79137527943
0.666398465633,0.646464645863,1.6359359026,-0.226376071572,1.86231195927
0.698131680489,0.646464645863,1.70111453533,-0.230440750718,1.93155527115
0.729864954948,0.646464645863,1.7645804882,-0.234452858567,1.99903333187
0.761598229408,0.646464645863,1.82626974583,-0.238405585289,2.06467533112
0.793331503868,0.646464645863,1.88611984253,-0.242292284966,2.1284122467
0.825064778328,0.646464645863,1.94407093525,-0.246105507016,2.19017648697
0.856797993183,0.646464645863,2.00006461143,-0.249838292599,2.24990296364
0.888531267643,0.646464645863,2.05404424667,-0.253482967615,2.3075273037
0.920264542103,0.646464645863,2.10595560074,-0.257032126188,2.36298775673
0.951997756958,0.646464645863,2.15574622154,-0.260478049517,2.41622424126
0.983731031418,0.646464645863,2.20336651802,-0.263812988997,2.46717953682
1.01546430588,0.646464645863,2.24876832962,-0.267029434443,2.51579785347
1.04719758034,0.646464645863,2.29190540314,-0.270119518042,2.56202483177
1.0789308548,0.646464645863,2.33273530006,-0.273075699806,2.60581111908
1.11066412926,0.646464645863,2.37121582031,-0.275890558958,2.64710640907
1.14239740372,0.646464645863,2.40730905533,-0.278556704521,2.68586587906
1.17413055897,0.646464645863,2.44097805023,-0.281066954136,2.72204494476
1.20586383343,0.646464645863,2.472189188,-0.283414453268,2.75560355186
1.23759710789,0.646464645863,2.50091123581,-0.285592794418,2.78650403023
1.26933038235,0.646464645863,2.52711486816,-0.287595719099,2.81471061707
1.30106365681,0.646464645863,2.55077409744,-0.289417505264,2.84019160271
1.33279693127,0.646464645863,2.57186508179,-0.291052699089,2.86291790009
1.36453020573,0.646464645863,2.59036588669,-0.292496860027,2.88286280632
1.39626336098,0.646464645863,2.60625886917,-0.293745666742,2.90000462532
1.42799663544,0.646464645863,2.61952733994,-0.294795691967,2.91432309151
1.4597299099,0.646464645863,2.63015818596,-0.295644164085,2.92580223083
1.49146318436,0.646464645863,2.63814091682,-0.29628905654,2.93442988396
1.52319645882,0.646464645863,2.64346694946,-0.296728879213,2.94019579887
1.55492973328,0.646464645863,2.6461315155,-0.296963363886,2.9430949688
1.58666300774,0.646464645863,2.6461315155,-0.296992599964,2.94312405586
1.6183962822,0.646464645863,2.64346694946,-0.296817988157,2.94028496742
1.65012955666,0.646464645863,2.63814091682,-0.296441316605,2.93458223343
1.68186283112,0.646464645863,2.63015818596,-0.295865774155,2.92602396011
1.71359610558,0.646464645863,2.61952733994,-0.295094937086,2.91462230682
1.74532938004,0.646464645863,2.60625886917,-0.294133394957,2.90039229393
1.77706253529,0.646464645863,2.59036588669,-0.292986810207,2.8833527565
1.80879580975,0.646464645863,2.57186508179,-0.291661113501,2.86352610588
1.84052908421,0.646464645863,2.55077409744,-0.290163576603,2.84093761444
1.87226235867,0.646464645863,2.52711486816,-0.2885017097,2.81561660767
1.90399563313,0.646464645863,2.50091099739,-0.286683887243,2.78759479523
1.93572890759,0.646464645863,2.472189188,-0.284719318151,2.75690841675
1.96746218204,0.646464645863,2.44097805023,-0.282617300749,2.72359538078
1.9991953373,0.646464645863,2.40730881691,-0.28038790822,2.68769669533
2.03092861176,0.646464645863,2.37121582031,-0.278041541576,2.64925742149
2.06266188622,0.646464645863,2.33273506165,-0.275588929653,2.6083240509
2.09439516068,0.646464645863,2.29190540314,-0.273041009903,2.56494641304
2.12612843513,0.646464645863,2.2487680912,-0.270409017801,2.51917719841
2.15786170959,0.646464645863,2.20336651802,-0.267704159021,2.47107076645
2.18959498405,0.646464645863,2.15574622154,-0.264937758446,2.42068386078
2.22132825851,0.646464645863,2.10595536232,-0.262121021748,2.36807632446
2.25306153297,0.646464645863,2.05404376984,-0.259265005589,2.31330871582
2.28479480743,0.646464645863,2.0000641346,-0.256380677223,2.25644493103
2.31652784348,0.646464645863,1.94407117367,-0.253478765488,2.19754981995
2.34826135635,0.646464645863,1.88611960411,-0.250569730997,2.13668942451
2.3799943924,0.646464645863,1.82626974583,-0.247663348913,2.07393312454
2.41172790527,0.646464645863,1.76458013058,-0.244769498706,2.00934958458
2.44346094131,0.646464645863,1.70111465454,-0.241897404194,1.94301199913
2.47519421577,0.646464645863,1.6359359026,-0.239055588841,1.87499153614
2.50692749023,0.646464645863,1.56910979748,-0.236252591014,1.80536234379
2.53866076469,0.646464645863,1.50070369244,-0.233496159315,1.73419988155
2.57039403915,0.646464645863,1.43078660965,-0.230793327093,1.66157996655
2.60212731361,0.646464645863,1.3594288826,-0.228150993586,1.58757984638
2.63386058807,0.646464645863,1.28670227528,-0.225574925542,1.51227724552
2.66559386253,0.646464645863,1.21268010139,-0.223071187735,1.43575131893
2.69732713699,0.646464645863,1.13743674755,-0.220644697547,1.35808146
2.72906041145,0.646464645863,1.06104815006,-0.218299821019,1.27934801579
2.76079368591,0.646464645863,0.983591139317,-0.216040685773,1.19963181019
2.79252696037,0.646464645863,0.905143857002,-0.213870659471,1.11901450157
2.82426023483,0.646464645863,0.825785040855,-0.211792990565,1.03757798672
2.85599327087,0.646464645863,0.745595395565,-0.20981015265,0.955405533314
2.88772678375,0.646464645863,0.664653718472,-0.207924172282,0.872577905655
2.91945981979,0.646464645863,0.583044052124,-0.20613643527,0.789180517197
2.95119309425,0.646464645863,0.500846743584,-0.204448729753,0.705295443535
2.98292636871,0.646464645863,0.418145060539,-0.202861338854,0.621006369591
3.01465964317,0.646464645863,0.335022389889,-0.201375111938,0.536397516727
3.04639291763,0.646464645863,0.251562356949,-0.199990078807,0.451552450657
3.07812619209,0.646464645863,0.167849004269,-0.198706239462,0.366555243731
3.10985946655,0.646464645863,0.0839666649699,-0.197522893548,0.281489551067
3.14159274101,0.646464645863,-2.31361283909e-07,-0.196439653635,0.196439415216
0,0.656565666199,0,-0.134196564555,0.134196564555
0.0317332595587,0.656565666199,0.0842873379588,-0.138313025236,0.222600370646
0.0634665191174,0.656565666199,0.168489813805,-0.142463698983,0.310953497887
0.095199778676,0.656565666199,0.252522617579,-0.146647155285,0.399169772863
0.126933038235,0.656565666199,0.33630117774,-0.150860905647,0.487162083387
0.158666297793,0.656565666199,0.41974106431,-0.155103385448,0.574844479561
0.190399557352,0.656565666199,0.502758383751,-0.159371912479,0.66213029623
0.222132816911,0.656565666199,0.585269391537,-0.163664072752,0.748933434486
0.253866076469,0.656565666199,0.6671910882,-0.167977362871,0.835168480873
0.285599350929,0.656565666199,0.748441100121,-0.172308474779,0.920749545097
0.317332595587,0.656565666199,0.828937351704,-0.176654338837,1.00559163094
0.349065840244,0.656565666199,0.908598899841,-0.181011244655,1.08961009979
0.380799114704,0.656565666199,0.9873457551,-0.185375824571,1.17272162437
0.412532389164,0.656565666199,1.06509828568,-0.189743831754,1.25484216213
0.444265633821,0.656565666199,1.14177834988,-0.194111153483,1.33588945866
0.475998878479,0.656565666199,1.2173088789,-0.19847330451,1.41578221321
0.507732152939,0.656565666199,1.2916135788,-0.202825427055,1.49443900585
0.539465427399,0.656565666199,1.36461782455,-0.207162246108,1.57178008556
0.571198701859,0.656565666199,1.43624782562,-0.211478829384,1.64772665501
0.602931916714,0.656565666199,1.50643181801,-0.215769484639,1.72220134735
0.634665191174,0.656565666199,1.57509899139,-0.220027923584,1.79512691498
0.666398465633,0.656565666199,1.64217996597,-0.224248617887,1.86642861366
0.698131680489,0.656565666199,1.7076073885,-0.228424921632,1.93603229523
0.729864954948,0.656565666199,1.77131557465,-0.232550024986,2.00386571884
0.761598229408,0.656565666199,1.83324027061,-0.236617237329,2.06985759735
0.793331503868,0.656565666199,1.89331889153,-0.240619555116,2.13393855095
0.825064778328,0.656565666199,1.95149111748,-0.244549706578,2.19604086876
0.856797993183,0.656565666199,2.0076982975,-0.248399943113,2.25609827042
0.888531267643,0.656565666199,2.06188416481,-0.252162992954,2.31404709816
0.920264542103,0.656565666199,2.11399364471,-0.255831092596,2.3698246479
0.951997756958,0.656565666199,2.16397428513,-0.259395956993,2.42337036133
0.983731031418,0.656565666199,2.21177649498,-0.262850344181,2.47462677956
1.01546430588,0.656565666199,2.25735139847,-0.266185939312,2.52353739738
1.04719758034,0.656565666199,2.30065321922,-0.26939484477,2.5700480938
1.0789308548,0.656565666199,2.34163880348,-0.27246940136,2.61410808563
1.11066412926,0.656565666199,2.38026642799,-0.275401622057,2.65566802025
1.14239740372,0.656565666199,2.41649723053,-0.278183996677,2.6946811676
1.17413055897,0.656565666199,2.45029473305,-0.280809134245,2.73110389709
1.20586383343,0.656565666199,2.48162508011,-0.283269733191,2.76489472389
1.23759710789,0.656565666199,2.51045680046,-0.285559147596,2.79601597786
1.26933038235,0.656565666199,2.53676056862,-0.287670791149,2.82443141937
1.30106365681,0.656565666199,2.56050992012,-0.289598584175,2.8501086235
1.33279693127,0.656565666199,2.58168125153,-0.291337043047,2.87301826477
1.36453020573,0.656565666199,2.60025286674,-0.292880862951,2.89313364029
1.39626336098,0.656565666199,2.61620640755,-0.294225722551,2.9104321003
1.42799663544,0.656565666199,2.62952566147,-0.295367777348,2.92489337921
1.4597299099,0.656565666199,2.64019703865,-0.296303749084,2.93650078773
1.49146318436,0.656565666199,2.64821028709,-0.297031372786,2.94524168968
1.52319645882,0.656565666199,2.65355658531,-0.297548770905,2.95110535622
1.55492973328,0.656565666199,2.65623116493,-0.297855228186,2.95408630371
1.58666300774,0.656565666199,2.65623116493,-0.29795062542,2.95418167114
1.6183962822,0.656565666199,2.65355658531,-0.297835856676,2.95139241219
1.65012955666,0.656565666199,2.64821028709,-0.29751265049,2.94572305679
1.68186283112,0.656565666199,2.64019703865,-0.296983480453,2.9371805191
1.71359610558,0.656565666199,2.62952566147,-0.296251952648,2.92577767372
1.74532938004,0.656565666199,2.61620640755,-0.29532212019,2.91152858734
1.77706253529,0.656565666199,2.60025286674,-0.294199466705,2.89445233345
1.80879580975,0.656565666199,2.58168125153,-0.292889773846,2.87457108498
1.84052908421,0.656565666199,2.56050992012,-0.29139983654,2.85190963745
1.87226235867,0.656565666199,2.53676056862,-0.289737194777,2.8264977932
1.90399563313,0.656565666199,2.51045656204,-0.2879101336,2.79836678505
1.93572890759,0.656565666199,2.48162508011,-0.285927504301,2.76755261421
1.96746218204,0.656565666199,2.45029473305,-0.283798754215,2.73409342766
1.9991953373,0.656565666199,2.41649699211,-0.281533807516,2.69803071022
2.03092861176,0.656565666199,2.38026618958,-0.279143154621,2.65940928459
2.06266188622,0.656565666199,2.34163856506,-0.276637375355,2.61827588081
2.09439516068,0.656565666199,2.30065321922,-0.274027824402,2.57468104362
2.12612843513,0.656565666199,2.25735116005,-0.271325528622,2.52867674828
2.15786170959,0.656565666199,2.21177625656,-0.268542081118,2.48031830788
2.18959498405,0.656565666199,2.16397428513,-0.265688925982,2.4296631813
2.22132825851,0.656565666199,2.1139934063,-0.262777417898,2.37677073479
2.25306153297,0.656565666199,2.06188368797,-0.259819179773,2.32170295715
2.28479480743,0.656565666199,2.00769805908,-0.256825178862,2.26452326775
2.31652784348,0.656565666199,1.9514913559,-0.253806740046,2.20529818535
2.34826135635,0.656565666199,1.8933185339,-0.25077444315,2.14409303665
2.3799943924,0.656565666199,1.83324027061,-0.247738704085,2.08097887039
2.41172790527,0.656565666199,1.77131521702,-0.244709819555,2.01602506638
2.44346094131,0.656565666199,1.70760750771,-0.241697147489,1.9493046999
2.47519421577,0.656565666199,1.64217996597,-0.238710224628,1.880890131
2.50692749023,0.656565666199,1.57509875298,-0.235757529736,1.81085634232
2.53866076469,0.656565666199,1.50643157959,-0.232847288251,1.73927891254
2.57039403915,0.656565666199,1.43624770641,-0.229987248778,1.66623497009
2.60212731361,0.656565666199,1.36461758614,-0.227184742689,1.59180235863
2.63386058807,0.656565666199,1.29161334038,-0.22444601357,1.51605939865
2.66559386253,0.656565666199,1.21730864048,-0.221777707338,1.43908631802
2.69732713699,0.656565666199,1.14177811146,-0.219184696674,1.36096286774
2.72906041145,0.656565666199,1.06509804726,-0.216672375798,1.28177046776
2.76079368591,0.656565666199,0.987345337868,-0.214245006442,1.20159029961
2.79252696037,0.656565666199,0.908598601818,-0.211906537414,1.12050509453
2.82426023483,0.656565666199,0.828936934471,-0.209660664201,1.03859758377
2.85599327087,0.656565666199,0.74844121933,-0.207509845495,0.955951094627
2.88772678375,0.656565666199,0.667190551758,-0.205456748605,0.872647285461
2.91945981979,0.656565666199,0.585269451141,-0.203503340483,0.788772821426
2.95119309425,0.656565666199,0.502758383751,-0.201651275158,0.704409658909
2.98292636871,0.656565666199,0.419741034508,-0.19990170002,0.619642734528
3.01465964317,0.656565666199,0.336301088333,-0.19825515151,0.534556269646
3.04639291763,0.656565666199,0.252522528172,-0.196712270379,0.449234783649
3.07812619209,0.656565666199,0.168489664793,-0.195273280144,0.363762944937
3.10985946655,0.656565666199,0.0842871442437,-0.193937689066,0.278224825859
3.14159274101,0.656565666199,-2.32244346421e-07,-0.192704886198,0.192704647779
0,0.66666662693,0,-0.130355641246,0.130355641246
0.0317332595587,0.66666662693,0.0846078172326,-0.134535551071,0.219143360853
0.0634665191174,0.66666662693,0.169130459428,-0.138752087951,0.307882547379
0.095199778676,0.66666662693,0.253482758999,-0.143003433943,0.396486192942
0.126933038235,0.66666662693,0.337579876184,-0.147287666798,0.484867542982
0.158666297793,0.66666662693,0.421337008476,-0.151602715254,0.572939753532
0.190399557352,0.66666662693,0.504669964314,-0.155946135521,0.660616099834
0.222132816911,0.66666662693,0.587494730949,-0.160315752029,0.747810482979
0.253866076469,0.66666662693,0.669727921486,-0.16470824182,0.834436178207
0.285599350929,0.66666662693,0.751286864281,-0.169121205807,0.920408070087
0.317332595587,0.66666662693,0.83208912611,-0.173550873995,1.00564002991
0.349065840244,0.66666662693,0.912053585052,-0.177993968129,1.09004759789
0.380799114704,0.66666662693,0.991099834442,-0.182446926832,1.17354679108
0.412532389164,0.66666662693,1.06914806366,-0.186905518174,1.25605356693
0.444265633821,0.66666662693,1.14611971378,-0.191365286708,1.33748495579
0.475998878479,0.66666662693,1.22193729877,-0.195821940899,1.41775918007
0.507732152939,0.66666662693,1.2965246439,-0.200270399451,1.49679505825
0.539465427399,0.66666662693,1.36980640888,-0.204705789685,1.57451224327
0.571198701859,0.66666662693,1.44170880318,-0.209122627974,1.65083146095
0.602931916714,0.66666662693,1.51215958595,-0.213515073061,1.72567462921
0.634665191174,0.66666662693,1.58108782768,-0.217877313495,1.79896509647
0.666398465633,0.66666662693,1.64842391014,-0.222203016281,1.87062692642
0.698131680489,0.66666662693,1.71410012245,-0.226485773921,1.94058585167
0.729864954948,0.66666662693,1.77805042267,-0.230718940496,2.00876927376
0.761598229408,0.66666662693,1.84021067619,-0.234895437956,2.07510614395
0.793331503868,0.66666662693,1.9005177021,-0.23900796473,2.13952565193
0.825064778328,0.66666662693,1.9589111805,-0.24304920435,2.20196032524
0.856797993183,0.66666662693,2.01533198357,-0.24701154232,2.26234340668
0.888531267643,0.66666662693,2.06972384453,-0.250887095928,2.32061100006
0.920264542103,0.66666662693,2.12203145027,-0.254668235779,2.37669968605
0.951997756958,0.66666662693,2.17220234871,-0.25834658742,2.43054890633
0.983731031418,0.66666662693,2.2201859951,-0.261914372444,2.48210048676
1.01546430588,0.66666662693,2.2659342289,-0.265363276005,2.5312974453
1.04719758034,0.66666662693,2.30940079689,-0.268685281277,2.57808613777
1.0789308548,0.66666662693,2.3505423069,-0.271872103214,2.62241435051
1.11066412926,0.66666662693,2.38931679726,-0.274916082621,2.66423296928
1.14239740372,0.66666662693,2.42568516731,-0.277809292078,2.7034945488
1.17413055897,0.66666662693,2.45961117744,-0.280543863773,2.74015498161
1.20586383343,0.66666662693,2.4910607338,-0.283112615347,2.77417325974
1.23759710789,0.66666662693,2.52000212669,-0.28550812602,2.80551028252
1.26933038235,0.66666662693,2.54640579224,-0.287723869085,2.83412957191
1.30106365681,0.66666662693,2.57024550438,-0.289753377438,2.85999894142
1.33279693127,0.66666662693,2.59149742126,-0.291590809822,2.88308811188
1.36453020573,0.66666662693,2.61013960838,-0.293230682611,2.9033703804
1.39626336098,0.66666662693,2.6261537075,-0.294668227434,2.92082190514
1.42799663544,0.66666662693,2.63952374458,-0.295899361372,2.93542313576
1.4597299099,0.66666662693,2.65023565292,-0.296920537949,2.94715619087
1.49146318436,0.66666662693,2.65827918053,-0.297728717327,2.95600795746
1.52319645882,0.66666662693,2.66364598274,-0.298322170973,2.96196818352
1.55492973328,0.66666662693,2.66633081436,-0.298699736595,2.96503067017
1.58666300774,0.66666662693,2.66633081436,-0.298860877752,2.96519160271
1.6183962822,0.66666662693,2.66364598274,-0.298806101084,2.96245217323
1.65012955666,0.66666662693,2.65827918053,-0.298536837101,2.95681595802
1.68186283112,0.66666662693,2.65023565292,-0.298055261374,2.94829082489
1.71359610558,0.66666662693,2.63952374458,-0.297364443541,2.93688821793
1.74532938004,0.66666662693,2.6261537075,-0.296468555927,2.92262220383
1.77706253529,0.66666662693,2.61013960838,-0.295372486115,2.9055120945
1.80879580975,0.66666662693,2.59149742126,-0.294081866741,2.88557934761
1.84052908421,0.66666662693,2.57024550438,-0.292603343725,2.8628487587
1.87226235867,0.66666662693,2.54640579224,-0.290944129229,2.83734989166
1.90399563313,0.66666662693,2.52000188828,-0.289112299681,2.80911421776
1.93572890759,0.66666662693,2.4910607338,-0.28711655736,2.77817726135
1.96746218204,0.66666662693,2.45961117744,-0.284966409206,2.74457764626
1.9991953373,0.66666662693,2.42568516731,-0.282671540976,2.70835661888
2.03092861176,0.66666662693,2.38931655884,-0.280242443085,2.66955900192
2.06266188622,0.66666662693,2.35054206848,-0.277689754963,2.62823176384
2.09439516068,0.66666662693,2.30940079689,-0.275024682283,2.58442544937
2.12612843513,0.66666662693,2.2659342289,-0.272258728743,2.53819298744
2.15786170959,0.66666662693,2.2201859951,-0.269403159618,2.48958921432
2.18959498405,0.66666662693,2.17220234871,-0.266469806433,2.43867206573
2.22132825851,0.66666662693,2.12203121185,-0.263470292091,2.38550138474
2.25306153297,0.66666662693,2.06972336769,-0.260416299105,2.33013963699
2.28479480743,0.66666662693,2.01533174515,-0.257319152355,2.27265095711
2.31652784348,0.66666662693,1.95891129971,-0.254190534353,2.21310186386
2.34826135635,0.66666662693,1.90051734447,-0.251041203737,2.15155863762
2.3799943924,0.66666662693,1.84021067619,-0.247882172465,2.08809280396
2.41172790527,0.66666662693,1.77805018425,-0.244723841548,2.02277398109
2.44346094131,0.66666662693,1.71410024166,-0.241576388478,1.95567667484
2.47519421577,0.66666662693,1.64842391014,-0.238449141383,1.88687300682
2.50692749023,0.66666662693,1.58108770847,-0.235351607203,1.81643927097
2.53866076469,0.66666662693,1.51215946674,-0.232292279601,1.74445176125
2.57039403915,0.66666662693,1.44170868397,-0.229279279709,1.67098796368
2.60212731361,0.66666662693,1.36980617046,-0.226320296526,1.59612643719
2.63386058807,0.66666662693,1.29652440548,-0.223422408104,1.51994681358
2.66559386253,0.66666662693,1.22193706036,-0.220592170954,1.44252920151
2.69732713699,0.66666662693,1.14611947536,-0.217835664749,1.36395514011
2.72906041145,0.66666662693,1.06914770603,-0.215157970786,1.28430569172
2.76079368591,0.66666662693,0.991099476814,-0.212564408779,1.20366382599
2.79252696037,0.66666662693,0.912053287029,-0.210058897734,1.12211215496
2.82426023483,0.66666662693,0.832088768482,-0.207645505667,1.03973424435
2.85599327087,0.66666662693,0.751286923885,-0.205327630043,0.956614553928
2.88772678375,0.66666662693,0.669727385044,-0.203107699752,0.872835099697
2.91945981979,0.66666662693,0.587494790554,-0.200988709927,0.788483500481
2.95119309425,0.66666662693,0.504669964314,-0.198971912265,0.703641891479
2.98292636871,0.66666662693,0.421336978674,-0.197059065104,0.618396043777
3.01465964317,0.66666662693,0.337579786777,-0.195251375437,0.532831192017
3.04639291763,0.66666662693,0.253482669592,-0.193549260497,0.447031915188
3.07812619209,0.66666662693,0.169130295515,-0.191953480244,0.361083775759
3.10985946655,0.66666662693,0.0846076235175,-0.190463602543,0.275071233511
3.14159274101,0.66666662693,-2.33127394722e-07,-0.189079537988,0.189079299569
0,0.676767706871,0,-0.126658543944,0.126658543944
0.0317332595587,0.676767706871,0.0849283114076,-0.130901038647,0.215829342604
0.0634665191174,0.676767706871,0.169771119952,-0.135182082653,0.304953217506
0.095199778676,0.676767706871,0.254442960024,-0.13950021565,0.393943190575
0.126933038235,0.676767706871,0.338858604431,-0.143853262067,0.482711851597
0.158666297793,0.676767706871,0.422933042049,-0.148239210248,0.571172237396
0.190399557352,0.676767706871,0.506581664085,-0.152655959129,0.659237623215
0.222132816911,0.676767706871,0.589720189571,-0.157100498676,0.746820688248
0.253866076469,0.676767706871,0.672264873981,-0.161570370197,0.833835244179
0.285599350929,0.676767706871,0.75413274765,-0.166062667966,0.920195400715
0.317332595587,0.676767706871,0.83524107933,-0.170573830605,1.00581490993
0.349065840244,0.676767706871,0.915508449078,-0.175100296736,1.09060871601
0.380799114704,0.676767706871,0.994854152203,-0.179638504982,1.17449259758
0.412532389164,0.676767706871,1.07319796085,-0.18418417871,1.25738215446
0.444265633821,0.676767706871,1.1504611969,-0.188733235002,1.339194417
0.475998878479,0.676767706871,1.22656607628,-0.193280786276,1.41984689236
0.507732152939,0.676767706871,1.30143582821,-0.197822123766,1.49925792217
0.539465427399,0.676767706871,1.37499523163,-0.202351793647,1.57734704018
0.571198701859,0.676767706871,1.44717001915,-0.206864744425,1.65403473377
0.602931916714,0.676767706871,1.51788759232,-0.21135482192,1.72924244404
0.634665191174,0.676767706871,1.5870770216,-0.215816065669,1.80289304256
0.666398465633,0.676767706871,1.65466809273,-0.22024230659,1.87491035461
0.698131680489,0.676767706871,1.72059309483,-0.224626719952,1.94521975517
0.729864954948,0.676767706871,1.78478574753,-0.228962704539,2.01374840736
0.761598229408,0.676767706871,1.84718132019,-0.233243152499,2.0804245472
0.793331503868,0.676767706871,1.90771687031,-0.237460583448,2.14517736435
0.825064778328,0.676767706871,1.96633148193,-0.241607427597,2.20793890953
0.856797993183,0.676767706871,2.02296614647,-0.245676040649,2.26864218712
0.888531267643,0.676767706871,2.07756400108,-0.249658599496,2.32722258568
0.920264542103,0.676767706871,2.13006973267,-0.253546983004,2.38361668587
0.951997756958,0.676767706871,2.18043065071,-0.257332891226,2.43776345253
0.983731031418,0.676767706871,2.22859621048,-0.261008471251,2.48960471153
1.01546430588,0.676767706871,2.27451777458,-0.264564931393,2.53908276558
1.04719758034,0.676767706871,2.31814885139,-0.267994195223,2.58614301682
1.0789308548,0.676767706871,2.35944604874,-0.271287947893,2.63073396683
1.11066412926,0.676767706871,2.39836740494,-0.274438142776,2.67280554771
1.14239740372,0.676767706871,2.43487381935,-0.27743640542,2.71231031418
1.17413055897,0.676767706871,2.4689283371,-0.280275225639,2.74920368195
1.20586383343,0.676767706871,2.50049686432,-0.282946616411,2.78344345093
1.23759710789,0.676767706871,2.52954769135,-0.285443514585,2.81499123573
1.26933038235,0.676767706871,2.55605149269,-0.287758588791,2.84381008148
1.30106365681,0.676767706871,2.57998156548,-0.289885491133,2.86986708641
1.33279693127,0.676767706871,2.60131406784,-0.291817814112,2.89313197136
1.36453020573,0.676767706871,2.62002682686,-0.293549984694,2.91357684135
1.39626336098,0.676767706871,2.63610172272,-0.295076787472,2.93117856979
1.42799663544,0.676767706871,2.64952206612,-0.296393960714,2.94591593742
1.4597299099,0.676767706871,2.66027474403,-0.297497600317,2.95777225494
1.49146318436,0.676767706871,2.66834878922,-0.298384457827,2.96673321724
1.52319645882,0.676767706871,2.67373585701,-0.299052447081,2.97278833389
1.55492973328,0.676767706871,2.67643094063,-0.299499750137,2.97593069077
1.58666300774,0.676767706871,2.67643094063,-0.299725949764,2.97615695
1.6183962822,0.676767706871,2.67373585701,-0.299731045961,2.97346687317
1.65012955666,0.676767706871,2.66834878922,-0.299516111612,2.96786499023
1.68186283112,0.676767706871,2.66027474403,-0.299082934856,2.95935773849
1.71359610558,0.676767706871,2.64952206612,-0.298434555531,2.94795656204
1.74532938004,0.676767706871,2.63610172272,-0.297574669123,2.93367648125
1.77706253529,0.676767706871,2.62002682686,-0.296507626772,2.91653442383
1.80879580975,0.676767706871,2.60131406784,-0.295239269733,2.89655327797
1.84052908421,0.676767706871,2.57998156548,-0.293775588274,2.87375712395
1.87226235867,0.676767706871,2.55605149269,-0.292123705149,2.84817528725
1.90399563313,0.676767706871,2.52954769135,-0.290291488171,2.81983923912
1.93572890759,0.676767706871,2.50049686432,-0.28828766942,2.78878450394
1.96746218204,0.676767706871,2.4689283371,-0.286121159792,2.75504946709
1.9991953373,0.676767706871,2.43487358093,-0.283801913261,2.7186756134
2.03092861176,0.676767706871,2.39836740494,-0.281340241432,2.67970752716
2.06266188622,0.676767706871,2.35944581032,-0.278746813536,2.63819265366
2.09439516068,0.676767706871,2.31814885139,-0.276032745838,2.59418153763
2.12612843513,0.676767706871,2.27451753616,-0.273209393024,2.54772686958
2.15786170959,0.676767706871,2.22859597206,-0.270288467407,2.49888443947
2.18959498405,0.676767706871,2.18043065071,-0.267281651497,2.44771242142
2.22132825851,0.676767706871,2.13006949425,-0.264200866222,2.39427042007
2.25306153297,0.676767706871,2.07756352425,-0.261057853699,2.33862137794
2.28479480743,0.676767706871,2.02296590805,-0.257864236832,2.28083014488
2.31652784348,0.676767706871,1.96633160114,-0.254631996155,2.22096347809
2.34826135635,0.676767706871,1.90771651268,-0.251372307539,2.15908885002
2.3799943924,0.676767706871,1.84718132019,-0.248096212745,2.09527754784
2.41172790527,0.676767706871,1.7847853899,-0.244814604521,2.02959990501
2.44346094131,0.676767706871,1.72059321404,-0.241537854075,1.96213102341
2.47519421577,0.676767706871,1.65466809273,-0.238276109099,1.89294421673
2.50692749023,0.676767706871,1.58707678318,-0.235038980842,1.82211577892
2.53866076469,0.676767706871,1.51788747311,-0.231835350394,1.7497228384
2.57039403915,0.676767706871,1.44716978073,-0.228674024343,1.67584383488
2.60212731361,0.676767706871,1.37499499321,-0.225562945008,1.60055792332
2.63386058807,0.676767706871,1.30143558979,-0.222509711981,1.52394533157
2.66559386253,0.676767706871,1.22656583786,-0.219521135092,1.44608700275
2.69732713699,0.676767706871,1.15046095848,-0.216603890061,1.36706483364
2.72906041145,0.676767706871,1.07319772243,-0.213763698936,1.28696143627
2.76079368591,0.676767706871,0.99485373497,-0.21100589633,1.2058596611
2.79252696037,0.676767706871,0.915508151054,-0.208335250616,1.12384343147
2.82426023483,0.676767706871,0.835240662098,-0.205756038427,1.04099667072
2.85599327087,0.676767706871,0.754132807255,-0.203271880746,0.9574046731
2.88772678375,0.676767706871,0.672264277935,-0.200886100531,0.873150348663
2.91945981979,0.676767706871,0.589720189571,-0.198601365089,0.788321554661
2.95119309425,0.676767706871,0.506581664085,-0.196419924498,0.703001618385
2.98292636871,0.676767706871,0.422933012247,-0.19434376061,0.617276787758
3.01465964317,0.676767706871,0.338858544827,-0.192373886704,0.53123241663
3.04639291763,0.676767706871,0.254442840815,-0.190511614084,0.444954454899
3.07812619209,0.676767706871,0.169770956039,-0.188757389784,0.358528345823
3.10985946655,0.676767706871,0.0849281176925,-0.187111824751,0.272039949894
3.14159274101,0.676767706871,-2.34010471445e-07,-0.185574263334,0.185574024916
0,0.686868667603,0,-0.12310615927,0.12310615927
0.0317332595587,0.686868667603,0.0852487906814,-0.127410024405,0.212658822536
0.0634665191174,0.686868667603,0.170411750674,-0.131754651666,0.30216640234
0.095199778676,0.686868667603,0.255403101444,-0.136138260365,0.391541361809
0.126933038235,0.686868667603,0.340137302876,-0.140558764338,0.480696082115
0.158666297793,0.686868667603,0.424528986216,-0.145014062524,0.569543063641
0.190399557352,0.686868667603,0.508493244648,-0.149502083659,0.657995343208
0.222132816911,0.686868667603,0.591945469379,-0.154019907117,0.745965361595
0.253866076469,0.686868667603,0.674801647663,-0.158565044403,0.833366692066
0.285599350929,0.686868667603,0.756978452206,-0.16313418746,0.920112609863
0.317332595587,0.686868667603,0.838392913342,-0.16772416234,1.00611710548
0.349065840244,0.686868667603,0.918963134289,-0.172331407666,1.09129452705
0.380799114704,0.686868667603,0.998608231544,-0.176952168345,1.17556035519
0.412532389164,0.686868667603,1.07724773884,-0.181581914425,1.25882959366
0.444265633821,0.686868667603,1.1548024416,-0.18621686101,1.3410192728
0.475998878479,0.686868667603,1.23119449615,-0.190851777792,1.42204630375
0.507732152939,0.686868667603,1.3063467741,-0.195482060313,1.50182878971
0.539465427399,0.686868667603,1.38018381596,-0.200102478266,1.58028626442
0.571198701859,0.686868667603,1.45263087749,-0.204707249999,1.6573381424
0.602931916714,0.686868667603,1.52361536026,-0.20929068327,1.73290610313
0.634665191174,0.686868667603,1.59306585789,-0.213846608996,1.80691242218
0.666398465633,0.686868667603,1.6609120369,-0.218368366361,1.87928044796
0.698131680489,0.686868667603,1.72708582878,-0.222849875689,1.94993567467
0.729864954948,0.686868667603,1.79152059555,-0.227283716202,2.01880431175
0.761598229408,0.686868667603,1.85415172577,-0.231662988663,2.08581471443
0.793331503868,0.686868667603,1.91491568089,-0.235980033875,2.15089559555
0.825064778328,0.686868667603,1.97375142574,-0.24022719264,2.21397852898
0.856797993183,0.686868667603,2.03059983253,-0.244396850467,2.27499675751
0.888531267643,0.686868667603,2.0854036808,-0.24848075211,2.33388447762
0.920264542103,0.686868667603,2.13810753822,-0.252470761538,2.39057826996
0.951997756958,0.686868667603,2.18865847588,-0.2563585639,2.44501709938
0.983731031418,0.686868667603,2.2370057106,-0.260135948658,2.49714159966
1.01546430588,0.686868667603,2.28310060501,-0.26379430294,2.54689502716
1.04719758034,0.686868667603,2.32689642906,-0.267325162888,2.59422159195
1.0789308548,0.686868667603,2.36834955215,-0.270720094442,2.63906955719
1.11066412926,0.686868667603,2.4074177742,-0.273970782757,2.68138861656
1.14239740372,0.686868667603,2.44406175613,-0.277068912983,2.72113060951
1.17413055897,0.686868667603,2.47824478149,-0.280006587505,2.7582514286
1.20586383343,0.686868667603,2.50993251801,-0.282775580883,2.79270815849
1.23759710789,0.686868667603,2.53909301758,-0.285368680954,2.82446169853
1.26933038235,0.686868667603,2.56569695473,-0.287778526545,2.85347557068
1.30106365681,0.686868667603,2.58971738815,-0.289998173714,2.87971544266
1.33279693127,0.686868667603,2.61113023758,-0.292021334171,2.90315151215
1.36453020573,0.686868667603,2.6299135685,-0.293842017651,2.92375564575
1.39626336098,0.686868667603,2.64604902267,-0.295454740524,2.9415037632
1.42799663544,0.686868667603,2.65952014923,-0.296854764223,2.95637488365
1.4597299099,0.686868667603,2.67031335831,-0.298038303852,2.96835160255
1.49146318436,0.686868667603,2.67841792107,-0.299001514912,2.97741937637
1.52319645882,0.686868667603,2.68382525444,-0.299742162228,2.98356747627
1.55492973328,0.686868667603,2.68653035164,-0.300258219242,2.98678851128
1.58666300774,0.686868667603,2.68653035164,-0.300548523664,2.98707890511
1.6183962822,0.686868667603,2.68382525444,-0.300613254309,2.98443841934
1.65012955666,0.686868667603,2.67841792107,-0.30045285821,2.97887086868
1.68186283112,0.686868667603,2.67031335831,-0.300069004297,2.97038245201
1.71359610558,0.686868667603,2.65952014923,-0.299464255571,2.958984375
1.74532938004,0.686868667603,2.64604902267,-0.298641949892,2.94469094276
1.77706253529,0.686868667603,2.6299135685,-0.297606527805,2.9275200367
1.80879580975,0.686868667603,2.61113023758,-0.296363025904,2.90749335289
1.84052908421,0.686868667603,2.58971738815,-0.294917553663,2.88463497162
1.87226235867,0.686868667603,2.56569695473,-0.293276906013,2.85897397995
1.90399563313,0.686868667603,2.53909301758,-0.291448742151,2.83054184914
1.93572890759,0.686868667603,2.50993251801,-0.289441376925,2.79937386513
1.96746218204,0.686868667603,2.47824478149,-0.287263870239,2.76550865173
1.9991953373,0.686868667603,2.44406151772,-0.284925788641,2.72898721695
2.03092861176,0.686868667603,2.40741753578,-0.282437384129,2.68985486031
2.06266188622,0.686868667603,2.36834931374,-0.279809176922,2.64815855026
2.09439516068,0.686868667603,2.32689642906,-0.277052313089,2.60394883156
2.12612843513,0.686868667603,2.28310036659,-0.274178296328,2.55727863312
2.15786170959,0.686868667603,2.2370057106,-0.27119871974,2.50820446014
2.18959498405,0.686868667603,2.18865847588,-0.268125295639,2.45678377151
2.22132825851,0.686868667603,2.1381072998,-0.264970093966,2.40307736397
2.25306153297,0.686868667603,2.08540320396,-0.261744946241,2.34714818001
2.28479480743,0.686868667603,2.03059959412,-0.258461952209,2.28906154633
2.31652784348,0.686868667603,1.97375166416,-0.255133002996,2.22888469696
2.34826135635,0.686868667603,1.91491532326,-0.25176936388,2.16668462753
2.3799943924,0.686868667603,1.85415172577,-0.24838283658,2.10253453255
2.41172790527,0.686868667603,1.79152035713,-0.244984313846,2.03650474548
2.44346094131,0.686868667603,1.72708594799,-0.241584777832,1.96867072582
2.47519421577,0.686868667603,1.6609120369,-0.238194346428,1.89910638332
2.50692749023,0.686868667603,1.59306561947,-0.234823077917,1.82788872719
2.53866076469,0.686868667603,1.52361524105,-0.231480628252,1.7550958395
2.57039403915,0.686868667603,1.45263075829,-0.228175982833,1.68080675602
2.60212731361,0.686868667603,1.38018357754,-0.224917173386,1.60510075092
2.63386058807,0.686868667603,1.30634653568,-0.221712782979,1.52805936337
2.66559386253,0.686868667603,1.23119425774,-0.218569844961,1.4497641325
2.69732713699,0.686868667603,1.15480220318,-0.215495437384,1.37029767036
2.72906041145,0.686868667603,1.07724738121,-0.212495625019,1.28974294662
2.76079368591,0.686868667603,0.998607814312,-0.209576398134,1.20818424225
2.79252696037,0.686868667603,0.918962836266,-0.206742852926,1.12570571899
2.82426023483,0.686868667603,0.838392496109,-0.203999564052,1.04239201546
2.85599327087,0.686868667603,0.756978571415,-0.201350718737,0.958329319954
2.88772678375,0.686868667603,0.674801111221,-0.19879975915,0.873600840569
2.91945981979,0.686868667603,0.591945528984,-0.196350395679,0.788295924664
2.95119309425,0.686868667603,0.508493244648,-0.194004490972,0.702497720718
2.98292636871,0.686868667603,0.424528956413,-0.191764548421,0.616293489933
3.01465964317,0.686868667603,0.340137213469,-0.189632460475,0.529769659042
3.04639291763,0.686868667603,0.255403012037,-0.187608972192,0.44301199913
3.07812619209,0.686868667603,0.170411601663,-0.185695543885,0.356107145548
3.10985946655,0.686868667603,0.0852485969663,-0.18389248848,0.269141077995
3.14159274101,0.686868667603,-2.34893519746e-07,-0.182200059295,0.182199820876
0,0.696969687939,0,-0.119698755443,0.119698755443
0.0317332595587,0.696969687939,0.0855692774057,-0.124063245952,0.209632515907
0.0634665191174,0.696969687939,0.171052411199,-0.128470316529,0.299522727728
0.095199778676,0.696969687939,0.256363272667,-0.132918074727,0.389281332493
0.126933038235,0.696969687939,0.341416031122,-0.137404620647,0.47882065177
0.158666297793,0.696969687939,0.426124989986,-0.14192764461,0.568052649498
0.190399557352,0.696969687939,0.510404884815,-0.146485313773,0.65689021349
0.222132816911,0.696969687939,0.594170868397,-0.151074558496,0.745245456696
0.253866076469,0.696969687939,0.677338540554,-0.155692532659,0.833031058311
0.285599350929,0.696969687939,0.75982427597,-0.160336509347,0.920160770416
0.317332595587,0.696969687939,0.841544747353,-0.165003195405,1.00654792786
0.349065840244,0.696969687939,0.922417938709,-0.169688358903,1.09210634232
0.380799114704,0.696969687939,1.0023624897,-0.174388602376,1.17675113678
0.412532389164,0.696969687939,1.08129751682,-0.17909951508,1.26039707661
0.444265633821,0.696969687939,1.1591438055,-0.183816939592,1.34296071529
0.475998878479,0.696969687939,1.23582303524,-0.188536122441,1.42435920238
0.507732152939,0.696969687939,1.31125795841,-0.193251639605,1.50450956821
0.539465427399,0.696969687939,1.38537240028,-0.197958827019,1.5833312273
0.571198701859,0.696969687939,1.45809197426,-0.202651664615,1.66074359417
0.602931916714,0.696969687939,1.52934336662,-0.207324042916,1.73666739464
0.634665191174,0.696969687939,1.59905481339,-0.211970284581,1.81102514267
0.666398465633,0.696969687939,1.66715610027,-0.216583415866,1.88373947144
0.698131680489,0.696969687939,1.73357868195,-0.221156924963,1.95473563671
0.729864954948,0.696969687939,1.79825568199,-0.225684002042,2.02393960953
0.761598229408,0.696969687939,1.86112225056,-0.230156734586,2.09127902985
0.793331503868,0.696969687939,1.92211461067,-0.234568402171,2.15668296814
0.825064778328,0.696969687939,1.98117160797,-0.238910615444,2.22008228302
0.856797993183,0.696969687939,2.03823375702,-0.243175670505,2.28140950203
0.888531267643,0.696969687939,2.09324359894,-0.247355550528,2.34059906006
0.920264542103,0.696969687939,2.1461455822,-0.251441717148,2.39758729935
0.951997756958,0.696969687939,2.19688653946,-0.255425870419,2.45231246948
0.983731031418,0.696969687939,2.24541568756,-0.259299457073,2.50471520424
1.01546430588,0.696969687939,2.29168367386,-0.263054102659,2.55473780632
1.04719758034,0.696969687939,2.33564424515,-0.26668086648,2.60232520103
1.0789308548,0.696969687939,2.37725305557,-0.27017134428,2.64742445946
1.11066412926,0.696969687939,2.41646814346,-0.273517131805,2.68998527527
1.14239740372,0.696969687939,2.45325016975,-0.276709735394,2.72995996475
1.17413055897,0.696969687939,2.48756170273,-0.279740959406,2.76730275154
1.20586383343,0.696969687939,2.51936841011,-0.282602518797,2.80197095871
1.23759710789,0.696969687939,2.54863858223,-0.285287052393,2.83392572403
1.26933038235,0.696969687939,2.57534241676,-0.287786722183,2.86312913895
1.30106365681,0.696969687939,2.59945321083,-0.290094912052,2.88954806328
1.33279693127,0.696969687939,2.62094640732,-0.292204678059,2.91315102577
1.36453020573,0.696969687939,2.63980054855,-0.294109880924,2.93391036987
1.39626336098,0.696969687939,2.65599656105,-0.295804858208,2.95180130005
1.42799663544,0.696969687939,2.66951847076,-0.297284901142,2.9668033123
1.4597299099,0.696969687939,2.680352211,-0.298545390368,2.97889757156
1.49146318436,0.696969687939,2.68848729134,-0.29958280921,2.98807001114
1.52319645882,0.696969687939,2.69391489029,-0.300394207239,2.99430918694
1.55492973328,0.696969687939,2.69663023949,-0.300977408886,2.99760770798
1.58666300774,0.696969687939,2.69663023949,-0.301331102848,2.99796128273
1.6183962822,0.696969687939,2.69391489029,-0.301454871893,2.99536967278
1.65012955666,0.696969687939,2.68848729134,-0.301349163055,2.98983645439
1.68186283112,0.696969687939,2.680352211,-0.301015198231,2.98136734962
1.71359610558,0.696969687939,2.66951847076,-0.300455242395,2.96997380257
1.74532938004,0.696969687939,2.65599656105,-0.299672335386,2.95566892624
1.77706253529,0.696969687939,2.63980054855,-0.298670619726,2.93847107887
1.80879580975,0.696969687939,2.62094640732,-0.297454863787,2.9184012413
1.84052908421,0.696969687939,2.59945321083,-0.296030849218,2.89548397064
1.87226235867,0.696969687939,2.57534241676,-0.294405043125,2.86974740028
1.90399563313,0.696969687939,2.54863858223,-0.292585074902,2.84122371674
1.93572890759,0.696969687939,2.51936841011,-0.290578693151,2.80994701385
1.96746218204,0.696969687939,2.48756170273,-0.288395226002,2.77595686913
1.9991953373,0.696969687939,2.45324993134,-0.286043554544,2.73929357529
2.03092861176,0.696969687939,2.41646814346,-0.28353407979,2.70000219345
2.06266188622,0.696969687939,2.37725305557,-0.280877262354,2.65813040733
2.09439516068,0.696969687939,2.33564424515,-0.2780841887,2.61372852325
2.12612843513,0.696969687939,2.29168367386,-0.275166034698,2.56684970856
2.15786170959,0.696969687939,2.24541544914,-0.27213421464,2.51754975319
2.18959498405,0.696969687939,2.19688653946,-0.269001245499,2.46588778496
2.22132825851,0.696969687939,2.14614534378,-0.265778571367,2.41192388535
2.25306153297,0.696969687939,2.0932431221,-0.262478530407,2.35572171211
2.28479480743,0.696969687939,2.0382335186,-0.259113103151,2.29734659195
2.31652784348,0.696969687939,1.98117184639,-0.255694329739,2.23686623573
2.34826135635,0.696969687939,1.92211425304,-0.252233862877,2.17434811592
2.3799943924,0.696969687939,1.86112225056,-0.248743623495,2.10986590385
2.41172790527,0.696969687939,1.79825544357,-0.245235010982,2.04349040985
2.44346094131,0.696969687939,1.73357880116,-0.241718888283,1.97529768944
2.47519421577,0.696969687939,1.66715610027,-0.238205984235,1.90536212921
2.50692749023,0.696969687939,1.59905469418,-0.23470672965,1.83376145363
2.53866076469,0.696969687939,1.5293431282,-0.231231093407,1.76057422161
2.57039403915,0.696969687939,1.45809185505,-0.227788150311,1.68587994576
2.60212731361,0.696969687939,1.38537228107,-0.224387004972,1.60975933075
2.63386058807,0.696969687939,1.31125771999,-0.221036016941,1.53229379654
2.66559386253,0.696969687939,1.23582279682,-0.217742934823,1.45356571674
2.69732713699,0.696969687939,1.15914356709,-0.214515224099,1.37365877628
2.72906041145,0.696969687939,1.0812972784,-0.211359351873,1.29265666008
2.76079368591,0.696969687939,1.00236201286,-0.208281755447,1.21064376831
2.79252696037,0.696969687939,0.922417581081,-0.205287784338,1.12770533562
2.82426023483,0.696969687939,0.84154433012,-0.202382922173,1.04392719269
2.85599327087,0.696969687939,0.759824335575,-0.199571222067,0.95939552784
2.88772678375,0.696969687939,0.677337944508,-0.19685678184,0.874194741249
2.91945981979,0.696969687939,0.594170928001,-0.194243311882,0.788414239883
2.95119309425,0.696969687939,0.510404884815,-0.191733673215,0.702138543129
2.98292636871,0.696969687939,0.426124930382,-0.189330339432,0.615455269814
3.01465964317,0.696969687939,0.341415941715,-0.187035575509,0.528451502323
3.04639291763,0.696969687939,0.25636318326,-0.184850841761,0.441214025021
3.07812619209,0.696969687939,0.171052247286,-0.182777360082,0.353829622269
3.10985946655,0.696969687939,0.0855690836906,-0.180815771222,0.266384840012
3.14159274101,0.696969687939,-2.35776582258e-07,-0.178967043757,0.178966805339
0,0.707070708275,0,-0.116436183453,0.116436183453
0.0317332595587,0.707070708275,0.0858897566795,-0.120860539377,0.206750303507
0.0634665191174,0.707070708275,0.171693056822,-0.125328779221,0.297021836042
0.095199778676,0.707070708275,0.25732344389,-0.129839465022,0.387162923813
0.126933038235,0.707070708275,0.342694759369,-0.134390965104,0.477085709572
0.158666297793,0.707070708275,0.427720963955,-0.138980358839,0.566701292992
0.190399557352,0.707070708275,0.512316524982,-0.143605753779,0.655922293663
0.222132816911,0.707070708275,0.596396207809,-0.148264482617,0.744660675526
0.253866076469,0.707070708275,0.67987537384,-0.15295368433,0.83282905817
0.285599350929,0.707070708275,0.762670099735,-0.157670155168,0.920340240002
0.317332595587,0.707070708275,0.844696640968,-0.162410527468,1.00710713863
0.349065840244,0.707070708275,0.925872683525,-0.167171284556,1.09304392338
0.380799114704,0.707070708275,1.00611662865,-0.171948373318,1.17806506157
0.412532389164,0.707070708275,1.08534741402,-0.176737561822,1.26208496094
0.444265633821,0.707070708275,1.16348528862,-0.181534484029,1.34501981735
0.475998878479,0.707070708275,1.24045169353,-0.186334267259,1.42678594589
0.507732152939,0.707070708275,1.31616902351,-0.191131845117,1.50730085373
0.539465427399,0.707070708275,1.39056110382,-0.195921838284,1.58648300171
0.571198701859,0.707070708275,1.46355307102,-0.200698584318,1.66425168514
0.602931916714,0.707070708275,1.53507125378,-0.205456033349,1.74052727222
0.634665191174,0.707070708275,1.60504388809,-0.210188090801,1.8152320385
0.666398465633,0.707070708275,1.67340016365,-0.214888125658,1.88828825951
0.698131680489,0.707070708275,1.74007153511,-0.219549372792,1.95962095261
0.729864954948,0.707070708275,1.80499076843,-0.224164381623,2.02915525436
0.761598229408,0.707070708275,1.86809277534,-0.228726267815,2.09681892395
0.793331503868,0.707070708275,1.92931354046,-0.233227282763,2.16254091263
0.825064778328,0.707070708275,1.9885917902,-0.237659409642,2.22625112534
0.856797993183,0.707070708275,2.0458676815,-0.242014676332,2.28788232803
0.888531267643,0.707070708275,2.10108351707,-0.246285006404,2.34736847878
0.920264542103,0.707070708275,2.15418362617,-0.250461876392,2.40464544296
0.951997756958,0.707070708275,2.20511460304,-0.254536956549,2.45965147018
0.983731031418,0.707070708275,2.2538254261,-0.25850135088,2.51232671738
1.01546430588,0.707070708275,2.30026698112,-0.262346416712,2.56261348724
1.04719758034,0.707070708275,2.34439206123,-0.266063839197,2.61045598984
1.0789308548,0.707070708275,2.38615679741,-0.269644320011,2.65580105782
1.11066412926,0.707070708275,2.42551875114,-0.273079752922,2.69859838486
1.14239740372,0.707070708275,2.46243834496,-0.276361525059,2.73879981041
1.17413055897,0.707070708275,2.49687838554,-0.279480874538,2.77635931969
1.20586383343,0.707070708275,2.52880430222,-0.282430231571,2.81123447418
1.23759710789,0.707070708275,2.55818414688,-0.285201132298,2.84338521957
1.26933038235,0.707070708275,2.5849878788,-0.287786215544,2.87277412415
1.30106365681,0.707070708275,2.60918903351,-0.290178239346,2.89936733246
1.33279693127,0.707070708275,2.63076281548,-0.29237049818,2.92313337326
1.36453020573,0.707070708275,2.64968752861,-0.294356435537,2.94404387474
1.39626336098,0.707070708275,2.66594433784,-0.296130269766,2.9620745182
1.42799663544,0.707070708275,2.6795167923,-0.297686994076,2.97720384598
1.4597299099,0.707070708275,2.69039106369,-0.299021780491,2.98941278458
1.49146318436,0.707070708275,2.69855642319,-0.300130933523,2.9986872673
1.52319645882,0.707070708275,2.70400452614,-0.301011025906,3.00501561165
1.55492973328,0.707070708275,2.70673012733,-0.301659941673,3.0083899498
1.58666300774,0.707070708275,2.70673012733,-0.302075952291,3.00880599022
1.6183962822,0.707070708275,2.70400452614,-0.302258402109,3.00626301765
1.65012955666,0.707070708275,2.69855642319,-0.302207320929,3.00076365471
1.68186283112,0.707070708275,2.69039106369,-0.301923632622,2.99231481552
1.71359610558,0.707070708275,2.6795167923,-0.301409453154,2.98092627525
1.74532938004,0.707070708275,2.66594433784,-0.300667494535,2.96661186218
1.77706253529,0.707070708275,2.64968752861,-0.299701452255,2.94938898087
1.80879580975,0.707070708275,2.63076281548,-0.298515915871,2.92927885056
1.84052908421,0.707070708275,2.60918903351,-0.2971162498,2.90630531311
1.87226235867,0.707070708275,2.5849878788,-0.295509070158,2.88049697876
1.90399563313,0.707070708275,2.55818390846,-0.293701082468,2.85188508034
1.93572890759,0.707070708275,2.52880430222,-0.291700392962,2.82050466537
1.96746218204,0.707070708275,2.49687838554,-0.28951561451,2.78639411926
1.9991953373,0.707070708275,2.46243810654,-0.287155866623,2.74959397316
2.03092861176,0.707070708275,2.42551851273,-0.284630984068,2.7101495266
2.06266188622,0.707070708275,2.38615655899,-0.281951516867,2.66810798645
2.09439516068,0.707070708275,2.34439206123,-0.279128193855,2.6235203743
2.12612843513,0.707070708275,2.30026674271,-0.276172339916,2.57643914223
2.15786170959,0.707070708275,2.2538254261,-0.273095399141,2.52692079544
2.18959498405,0.707070708275,2.20511460304,-0.269909620285,2.47502422333
2.22132825851,0.707070708275,2.15418338776,-0.266626536846,2.42080998421
2.25306153297,0.707070708275,2.10108304024,-0.263258606195,2.36434173584
2.28479480743,0.707070708275,2.04586744308,-0.259817957878,2.30568552017
2.31652784348,0.707070708275,1.98859202862,-0.256316512823,2.24490857124
2.34826135635,0.707070708275,1.92931330204,-0.252766400576,2.18207979202
2.3799943924,0.707070708275,1.86809277534,-0.249179512262,2.11727237701
2.41172790527,0.707070708275,1.80499053001,-0.245567455888,2.05055809021
2.44346094131,0.707070708275,1.74007165432,-0.241941586137,1.98201322556
2.47519421577,0.707070708275,1.67340016365,-0.238312751055,1.9117128849
2.50692749023,0.707070708275,1.60504364967,-0.234691902995,1.83973550797
2.53866076469,0.707070708275,1.53507113457,-0.231088802218,1.76615989208
2.57039403915,0.707070708275,1.4635528326,-0.227513596416,1.69106638432
2.60212731361,0.707070708275,1.39056098461,-0.223975360394,1.6145362854
2.63386058807,0.707070708275,1.3161687851,-0.220482945442,1.53665173054
2.66559386253,0.707070708275,1.24045145512,-0.217044368386,1.4574958086
2.69732713699,0.707070708275,1.1634850502,-0.21366751194,1.37715256214
2.72906041145,0.707070708275,1.08534705639,-0.210359498858,1.29570651054
2.76079368591,0.707070708275,1.00611627102,-0.20712697506,1.21324324608
2.79252696037,0.707070708275,0.925872385502,-0.203976005316,1.12984836102
2.82426023483,0.707070708275,0.844696223736,-0.200911775231,1.04560804367
2.85599327087,0.707070708275,0.76267015934,-0.19793958962,0.960609734058
2.88772678375,0.707070708275,0.679874837399,-0.195063561201,0.874938368797
2.91945981979,0.707070708275,0.596396267414,-0.192287698388,0.788683950901
2.95119309425,0.707070708275,0.512316524982,-0.18961520493,0.701931715012
2.98292636871,0.707070708275,0.427720934153,-0.187049329281,0.614770293236
3.01465964317,0.707070708275,0.342694669962,-0.184592276812,0.527286946774
3.04639291763,0.707070708275,0.25732332468,-0.182245925069,0.439569234848
3.07812619209,0.707070708275,0.171692892909,-0.180011719465,0.351704597473
3.10985946655,0.707070708275,0.085889570415,-0.177891150117,0.263780713081
3.14159274101,0.707070708275,-2.3665964477e-07,-0.175884768367,0.175884529948
0,0.717171728611,0,-0.113318286836,0.113318286836
0.0317332595587,0.717171728611,0.0862102359533,-0.117801114917,0.20401135087
0.0634665191174,0.717171728611,0.172333687544,-0.122329831123,0.294663518667
0.095199778676,0.717171728611,0.25828358531,-0.126902550459,0.385186135769
0.126933038235,0.717171728611,0.343973428011,-0.131517156959,0.475490570068
0.158666297793,0.717171728611,0.429316908121,-0.136171281338,0.565488219261
0.190399557352,0.717171728611,0.514228105545,-0.140863195062,0.655091285706
0.222132816911,0.717171728611,0.598621547222,-0.14558956027,0.74421107769
0.253866076469,0.717171728611,0.682412207127,-0.150347784162,0.832759976387
0.285599350929,0.717171728611,0.765515804291,-0.15513458848,0.920650362968
0.317332595587,0.717171728611,0.847848415375,-0.159946680069,1.00779509544
0.349065840244,0.717171728611,0.929327368736,-0.164780408144,1.09410774708
0.380799114704,0.717171728611,1.00987076759,-0.169631585479,1.17950236797
0.412532389164,0.717171728611,1.089397192,-0.174496009946,1.26389324665
0.444265633821,0.717171728611,1.16782653332,-0.179369315505,1.34719586372
0.475998878479,0.717171728611,1.24508011341,-0.184246465564,1.42932653427
0.507732152939,0.717171728611,1.32108008862,-0.189122393727,1.51020252705
0.539465427399,0.717171728611,1.39574968815,-0.193991795182,1.58974146843
0.571198701859,0.717171728611,1.46901392937,-0.198848739266,1.66786265373
0.602931916714,0.717171728611,1.54079902172,-0.203687369823,1.74448633194
0.634665191174,0.717171728611,1.61103272438,-0.208501070738,1.81953382492
0.666398465633,0.717171728611,1.67964410782,-0.213283523917,1.89292764664
0.698131680489,0.717171728611,1.74656414986,-0.218027532101,1.96459174156
0.729864954948,0.717171728611,1.81172573566,-0.222726464272,2.03445219994
0.761598229408,0.717171728611,1.87506318092,-0.227372333407,2.10243558884
0.793331503868,0.717171728611,1.93651235104,-0.231957525015,2.16846990585
0.825064778328,0.717171728611,1.99601185322,-0.236474499106,2.23248624802
0.856797993183,0.717171728611,2.05350136757,-0.240915000439,2.29441642761
0.888531267643,0.717171728611,2.10892319679,-0.245270594954,2.35419368744
0.920264542103,0.717171728611,2.16222143173,-0.249532848597,2.41175436974
0.951997756958,0.717171728611,2.21334266663,-0.253693193197,2.46703577042
0.983731031418,0.717171728611,2.26223516464,-0.257743090391,2.51997828484
1.01546430588,0.717171728611,2.30884981155,-0.261673420668,2.57052326202
1.04719758034,0.717171728611,2.3531396389,-0.265475839376,2.61861538887
1.0789308548,0.717171728611,2.39506030083,-0.269141256809,2.66420149803
1.11066412926,0.717171728611,2.43456912041,-0.272661030293,2.70723009109
1.14239740372,0.717171728611,2.47162628174,-0.276026397943,2.74765276909
1.17413055897,0.717171728611,2.50619482994,-0.279229223728,2.78542399406
1.20586383343,0.717171728611,2.5382399559,-0.282260835171,2.82050085068
1.23759710789,0.717171728611,2.56772947311,-0.28511351347,2.85284304619
1.26933038235,0.717171728611,2.59463334084,-0.287779271603,2.88241267204
1.30106365681,0.717171728611,2.61892461777,-0.290251076221,2.90917563438
1.33279693127,0.717171728611,2.64057898521,-0.29252153635,2.93310046196
1.36453020573,0.717171728611,2.65957427025,-0.294584363699,2.95415854454
1.39626336098,0.717171728611,2.6758916378,-0.296433508396,2.97232508659
1.42799663544,0.717171728611,2.68951487541,-0.298063665628,2.98757863045
1.4597299099,0.717171728611,2.70042967796,-0.299470037222,2.99989962578
1.49146318436,0.717171728611,2.70862555504,-0.300648272038,3.00927376747
1.52319645882,0.717171728611,2.71409392357,-0.301595449448,3.01568937302
1.55492973328,0.717171728611,2.71682953835,-0.302308350801,3.01913785934
1.58666300774,0.717171728611,2.71682953835,-0.302785605192,3.01961517334
1.6183962822,0.717171728611,2.71409392357,-0.303025841713,3.01711988449
1.65012955666,0.717171728611,2.70862555504,-0.303029090166,3.0116546154
1.68186283112,0.717171728611,2.70042967796,-0.302796185017,3.00322580338
1.71359610558,0.717171728611,2.68951487541,-0.302328586578,2.99184346199
1.74532938004,0.717171728611,2.6758916378,-0.301628887653,2.97752046585
1.77706253529,0.717171728611,2.65957427025,-0.300700306892,2.96027469635
1.80879580975,0.717171728611,2.64057898521,-0.299547344446,2.94012641907
1.84052908421,0.717171728611,2.61892461777,-0.298175185919,2.91709971428
1.87226235867,0.717171728611,2.59463334084,-0.296589553356,2.8912229538
1.90399563313,0.717171728611,2.5677292347,-0.294797599316,2.86252689362
1.93572890759,0.717171728611,2.5382399559,-0.292806714773,2.83104658127
1.96746218204,0.717171728611,2.50619482994,-0.290625393391,2.79682016373
1.9991953373,0.717171728611,2.47162628174,-0.28826251626,2.75988888741
2.03092861176,0.717171728611,2.43456888199,-0.285727977753,2.72029685974
2.06266188622,0.717171728611,2.39506006241,-0.283031612635,2.67809176445
2.09439516068,0.717171728611,2.3531396389,-0.280184298754,2.63332390785
2.12612843513,0.717171728611,2.30884957314,-0.277197390795,2.58604693413
2.15786170959,0.717171728611,2.26223492622,-0.274082005024,2.53631687164
2.18959498405,0.717171728611,2.21334266663,-0.270850151777,2.48419284821
2.22132825851,0.717171728611,2.16222143173,-0.267513900995,2.42973542213
2.25306153297,0.717171728611,2.10892295837,-0.264085233212,2.37300825119
2.28479480743,0.717171728611,2.05350112915,-0.260576367378,2.31407737732
2.31652784348,0.717171728611,1.99601197243,-0.256999641657,2.25301170349
2.34826135635,0.717171728611,1.93651211262,-0.253367066383,2.189879179
2.3799943924,0.717171728611,1.87506318092,-0.249690949917,2.12475419044
2.41172790527,0.717171728611,1.81172537804,-0.245982572436,2.05770802498
2.44346094131,0.717171728611,1.74656438828,-0.242253929377,1.98881828785
2.47519421577,0.717171728611,1.67964410782,-0.238516062498,1.91816020012
2.50692749023,0.717171728611,1.61103260517,-0.234779700637,1.84581232071
2.53866076469,0.717171728611,1.54079890251,-0.231055915356,1.77185487747
2.57039403915,0.717171728611,1.46901381016,-0.2273542732,1.69636809826
2.60212731361,0.717171728611,1.39574956894,-0.22368465364,1.61943423748
2.63386058807,0.717171728611,1.3210798502,-0.220056131482,1.54113602638
2.66559386253,0.717171728611,1.24507987499,-0.216477200389,1.46155703068
2.69732713699,0.717171728611,1.1678262949,-0.212955966592,1.38078224659
2.72906041145,0.717171728611,1.08939683437,-0.209500178695,1.29889702797
2.76079368591,0.717171728611,1.00987029076,-0.206116601825,1.21598684788
2.79252696037,0.717171728611,0.929327070713,-0.202811837196,1.13213896751
2.82426023483,0.717171728611,0.847848057747,-0.199591740966,1.04743981361
2.85599327087,0.717171728611,0.765515863895,-0.196461558342,0.961977422237
2.88772678375,0.717171728611,0.68241161108,-0.193426117301,0.875837743282
2.91945981979,0.717171728611,0.598621606827,-0.190489679575,0.789111256599
2.95119309425,0.717171728611,0.514228105545,-0.187656104565,0.70188421011
2.98292636871,0.717171728611,0.429316878319,-0.184928417206,0.614245295525
3.01465964317,0.717171728611,0.343973368406,-0.18230985105,0.526283204556
3.04639291763,0.717171728611,0.258283495903,-0.179802060127,0.43808555603
3.07812619209,0.717171728611,0.172333523631,-0.177407383919,0.349740922451
3.10985946655,0.717171728611,0.0862100496888,-0.175127118826,0.261337161064
3.14159274101,0.717171728611,-2.37542693071e-07,-0.172962397337,0.172962158918
0,0.727272748947,0,-0.110343888402,0.110343888402
0.0317332595587,0.727272748947,0.0865307226777,-0.114884756505,0.201415479183
0.0634665191174,0.727272748947,0.172974333167,-0.119472794235,0.292447119951
0.095199778676,0.727272748947,0.259243756533,-0.124105997384,0.383349746466
0.126933038235,0.727272748947,0.345252156258,-0.128782615066,0.474034786224
0.158666297793,0.727272748947,0.43091288209,-0.133500397205,0.564413309097
0.190399557352,0.727272748947,0.516139745712,-0.138256758451,0.654396533966
0.222132816911,0.727272748947,0.600846946239,-0.143049150705,0.743896126747
0.253866076469,0.727272748947,0.684949040413,-0.14787440002,0.832823455334
0.285599350929,0.727272748947,0.768361628056,-0.152729377151,0.921091020107
0.317332595587,0.727272748947,0.85100030899,-0.157611042261,1.00861132145
0.349065840244,0.727272748947,0.932782173157,-0.162514910102,1.09529709816
0.380799114704,0.727272748947,1.01362490654,-0.167437642813,1.18106257915
0.412532389164,0.727272748947,1.09344696999,-0.17237457633,1.26582157612
0.444265633821,0.727272748947,1.17216789722,-0.177321016788,1.34948897362
0.475998878479,0.727272748947,1.24970877171,-0.182272478938,1.43198120594
0.507732152939,0.727272748947,1.32599115372,-0.187223419547,1.51321458817
0.539465427399,0.727272748947,1.40093839169,-0.192168518901,1.59310686588
0.571198701859,0.727272748947,1.47447502613,-0.197101846337,1.67157685757
0.602931916714,0.727272748947,1.54652690887,-0.202017396688,1.74854433537
0.634665191174,0.727272748947,1.61702167988,-0.206908792257,1.82393050194
0.666398465633,0.727272748947,1.6858881712,-0.211769461632,1.89765763283
0.698131680489,0.727272748947,1.75305700302,-0.216592118144,1.96964907646
0.729864954948,0.727272748947,1.81846082211,-0.221369951963,2.03983068466
0.761598229408,0.727272748947,1.88203370571,-0.22609513998,2.10812878609
0.793331503868,0.727272748947,1.94371140003,-0.230760246515,2.17447161674
0.825064778328,0.727272748947,2.00343203545,-0.23535707593,2.23878908157
0.856797993183,0.727272748947,2.06113529205,-0.239877402782,2.30101275444
0.888531267643,0.727272748947,2.11676311493,-0.244313180447,2.36107635498
0.920264542103,0.727272748947,2.17025947571,-0.248655632138,2.41891503334
0.951997756958,0.727272748947,2.22157073021,-0.25289618969,2.47446680069
0.983731031418,0.727272748947,2.2706451416,-0.257026076317,2.52767133713
1.01546430588,0.727272748947,2.3174328804,-0.261036336422,2.57846927643
1.04719758034,0.727272748947,2.36188745499,-0.264918446541,2.62680578232
1.0789308548,0.727272748947,2.40396380424,-0.268663406372,2.67262721062
1.11066412926,0.727272748947,2.44361948967,-0.272262334824,2.71588182449
1.14239740372,0.727272748947,2.48081469536,-0.27570655942,2.75652122498
1.17413055897,0.727272748947,2.51551175117,-0.278987497091,2.79449915886
1.20586383343,0.727272748947,2.54767584801,-0.282096713781,2.82977247238
1.23759710789,0.727272748947,2.57727503777,-0.285026490688,2.86230158806
1.26933038235,0.727272748947,2.60427880287,-0.287768512964,2.89204740524
1.30106365681,0.727272748947,2.62866044044,-0.290315389633,2.91897583008
1.33279693127,0.727272748947,2.65039515495,-0.292660117149,2.94305515289
1.36453020573,0.727272748947,2.66946125031,-0.294796079397,2.9642572403
1.39626336098,0.727272748947,2.68583917618,-0.296717077494,2.98255634308
1.42799663544,0.727272748947,2.69951295853,-0.298417508602,2.99793052673
1.4597299099,0.727272748947,2.71046853065,-0.29989233613,3.01036095619
1.49146318436,0.727272748947,2.71869492531,-0.301137536764,3.01983237267
1.52319645882,0.727272748947,2.72418355942,-0.302149266005,3.02633285522
1.55492973328,0.727272748947,2.72692942619,-0.302924633026,3.02985405922
1.58666300774,0.727272748947,2.72692942619,-0.303461819887,3.03039121628
1.6183962822,0.727272748947,2.72418355942,-0.303759247065,3.02794289589
1.65012955666,0.727272748947,2.71869492531,-0.303816765547,3.02251172066
1.68186283112,0.727272748947,2.71046853065,-0.303634703159,3.01410317421
1.71359610558,0.727272748947,2.69951295853,-0.3032143116,3.00272727013
1.74532938004,0.727272748947,2.68583917618,-0.302557975054,2.98839712143
1.77706253529,0.727272748947,2.66946125031,-0.301668584347,2.97112989426
1.80879580975,0.727272748947,2.65039515495,-0.300550431013,2.95094561577
1.84052908421,0.727272748947,2.62866044044,-0.29920810461,2.92786860466
1.87226235867,0.727272748947,2.60427880287,-0.297647595406,2.90192651749
1.90399563313,0.727272748947,2.57727479935,-0.295875072479,2.87314987183
1.93572890759,0.727272748947,2.54767584801,-0.293898254633,2.84157419205
1.96746218204,0.727272748947,2.51551175117,-0.291724890471,2.80723667145
1.9991953373,0.727272748947,2.48081445694,-0.289364099503,2.77017855644
2.03092861176,0.727272748947,2.44361948967,-0.286824762821,2.73044419289
2.06266188622,0.727272748947,2.40396356583,-0.284117519855,2.68808102608
2.09439516068,0.727272748947,2.36188745499,-0.281252294779,2.64313983917
2.12612843513,0.727272748947,2.3174328804,-0.278240501881,2.59567332268
2.15786170959,0.727272748947,2.27064490318,-0.275093317032,2.54573822021
2.18959498405,0.727272748947,2.22157073021,-0.27182251215,2.49339318275
2.22132825851,0.727272748947,2.17025947571,-0.268439978361,2.43869948387
2.25306153297,0.727272748947,2.11676287651,-0.264957755804,2.38172054291
2.28479480743,0.727272748947,2.06113481522,-0.261388123035,2.32252287865
2.31652784348,0.727272748947,2.00343203545,-0.257743537426,2.26117563248
2.34826135635,0.727272748947,1.9437110424,-0.254035830498,2.19774675369
2.3799943924,0.727272748947,1.88203370571,-0.250277400017,2.13231110573
2.41172790527,0.727272748947,1.81846046448,-0.24648013711,2.06494069099
2.44346094131,0.727272748947,1.75305724144,-0.242655798793,1.99571299553
2.47519421577,0.727272748947,1.6858881712,-0.238815754652,1.92470395565
2.50692749023,0.727272748947,1.61702156067,-0.234971240163,1.85199284554
2.53866076469,0.727272748947,1.54652678967,-0.231132999063,1.77765977383
2.57039403915,0.727272748947,1.47447478771,-0.227311402559,1.70178616047
2.60212731361,0.727272748947,1.40093827248,-0.223516464233,1.62445473671
2.63386058807,0.727272748947,1.3259909153,-0.219757586718,1.54574847221
2.66559386253,0.727272748947,1.24970853329,-0.21604372561,1.465752244
2.69732713699,0.727272748947,1.17216765881,-0.212383344769,1.38455104828
2.72906041145,0.727272748947,1.09344661236,-0.208784326911,1.30223095417
2.76079368591,0.727272748947,1.01362454891,-0.205254152417,1.21887874603
2.79252696037,0.727272748947,0.932781815529,-0.201799586415,1.13458144665
2.82426023483,0.727272748947,0.850999891758,-0.198426887393,1.04942679405
2.85599327087,0.727272748947,0.76836168766,-0.195142000914,0.963503718376
2.88772678375,0.727272748947,0.684948503971,-0.191949695349,0.876898169518
2.91945981979,0.727272748947,0.600846946239,-0.188855081797,0.789702057838
2.95119309425,0.727272748947,0.516139745712,-0.185862183571,0.702001929283
2.98292636871,0.727272748947,0.430912852287,-0.18297444284,0.613887310028
3.01465964317,0.727272748947,0.345252066851,-0.180194988847,0.525447070599
3.04639291763,0.727272748947,0.259243637323,-0.177526712418,0.436770349741
3.07812619209,0.727272748947,0.172974184155,-0.17497164011,0.347945809364
3.10985946655,0.727272748947,0.0865305289626,-0.172531694174,0.259062230587
3.14159274101,0.727272748947,-2.38425769794e-07,-0.170207962394,0.170207723975
0,0.737373709679,0,-0.107512153685,0.107512153685
0.0317332595587,0.737373709679,0.0868512094021,-0.112110152841,0.198961362243
0.0634665191174,0.737373709679,0.173614993691,-0.116756394506,0.290371388197
0.095199778676,0.737373709679,0.260203927755,-0.121449351311,0.381653279066
0.126933038235,0.737373709679,0.346530884504,-0.126186609268,0.472717493773
0.158666297793,0.737373709679,0.43250888586,-0.130966246128,0.563475131989
0.190399557352,0.737373709679,0.51805138588,-0.13578568399,0.65383708477
0.222132816911,0.737373709679,0.603072285652,-0.14064194262,0.743714213371
0.253866076469,0.737373709679,0.687485933304,-0.145532354712,0.833018302917
0.285599350929,0.737373709679,0.771207392216,-0.150453731418,0.921661138535
0.317332595587,0.737373709679,0.854152202606,-0.155402213335,1.00955438614
0.349065840244,0.737373709679,0.936236917973,-0.160374164581,1.09661102295
0.380799114704,0.737373709679,1.0173791647,-0.16536565125,1.18274486065
0.412532389164,0.737373709679,1.09749674797,-0.170372143388,1.26786887646
0.444265633821,0.737373709679,1.17650938034,-0.175388991833,1.35189843178
0.475998878479,0.737373709679,1.25433731079,-0.180411413312,1.43474876881
0.507732152939,0.737373709679,1.33090221882,-0.185433998704,1.51633620262
0.539465427399,0.737373709679,1.40612709522,-0.190451309085,1.5965783596
0.571198701859,0.737373709679,1.47993600368,-0.195457458496,1.67539346218
0.602931916714,0.737373709679,1.55225491524,-0.200446173549,1.75270104408
0.634665191174,0.737373709679,1.62301075459,-0.20541125536,1.82842206955
0.666398465633,0.737373709679,1.69213223457,-0.210345894098,1.90247809887
0.698131680489,0.737373709679,1.75954985619,-0.215242832899,1.97479271889
0.729864954948,0.737373709679,1.82519590855,-0.220095202327,2.04529118538
0.761598229408,0.737373709679,1.8890042305,-0.224895238876,2.11389946938
0.793331503868,0.737373709679,1.95091032982,-0.229635253549,2.18054556847
0.825064778328,0.737373709679,2.01085209846,-0.234307035804,2.24515914917
0.856797993183,0.737373709679,2.06876921654,-0.238902449608,2.30767154694
0.888531267643,0.737373709679,2.12460303307,-0.243413314223,2.36801624298
0.920264542103,0.737373709679,2.17829751968,-0.247830718756,2.42612814903
0.951997756958,0.737373709679,2.22979879379,-0.252146452665,2.48194527626
0.983731031418,0.737373709679,2.27905488014,-0.256351232529,2.53540611267
1.01546430588,0.737373709679,2.32601618767,-0.260436475277,2.58645272255
1.04719758034,0.737373709679,2.37063527107,-0.264393031597,2.63502836227
1.0789308548,0.737373709679,2.41286754608,-0.26821231842,2.6810798645
1.11066412926,0.737373709679,2.45267009735,-0.271885305643,2.7245554924
1.14239740372,0.737373709679,2.49000287056,-0.275403290987,2.76540613174
1.17413055897,0.737373709679,2.52482843399,-0.278757482767,2.80358600616
1.20586383343,0.737373709679,2.55711174011,-0.281939685345,2.83905148506
1.23759710789,0.737373709679,2.58682060242,-0.284941703081,2.8717622757
1.26933038235,0.737373709679,2.61392426491,-0.287755519152,2.90167975426
1.30106365681,0.737373709679,2.63839626312,-0.290373414755,2.92876958847
1.33279693127,0.737373709679,2.66021156311,-0.292788356543,2.95299983025
1.36453020573,0.737373709679,2.67934823036,-0.294993698597,2.97434186935
1.39626336098,0.737373709679,2.69578695297,-0.296982765198,2.99276971817
1.42799663544,0.737373709679,2.70951128006,-0.298750370741,3.0082616806
1.4597299099,0.737373709679,2.72050738335,-0.300291091204,3.02079844475
1.49146318436,0.737373709679,2.72876429558,-0.301600545645,3.03036475182
1.52319645882,0.737373709679,2.73427319527,-0.302674800158,3.03694796562
1.55492973328,0.737373709679,2.73702931404,-0.303511083126,3.04054045677
1.58666300774,0.737373709679,2.73702931404,-0.304106712341,3.04113602638
1.6183962822,0.737373709679,2.73427319527,-0.30446049571,3.03873372078
1.65012955666,0.737373709679,2.72876429558,-0.304571658373,3.03333592415
1.68186283112,0.737373709679,2.72050738335,-0.304440498352,3.0249478817
1.71359610558,0.737373709679,2.70951128006,-0.304067999125,3.01357936859
1.74532938004,0.737373709679,2.69578695297,-0.303455919027,2.99924278259
1.77706253529,0.737373709679,2.67934823036,-0.302607446909,2.98195576668
1.80879580975,0.737373709679,2.66021156311,-0.301525980234,2.96173763275
1.84052908421,0.737373709679,2.63839626312,-0.30021622777,2.93861246109
1.87226235867,0.737373709679,2.61392426491,-0.298683553934,2.91260790825
1.90399563313,0.737373709679,2.586820364,-0.296934127808,2.88375449181
1.93572890759,0.737373709679,2.55711174011,-0.294975221157,2.85208702087
1.96746218204,0.737373709679,2.52482843399,-0.292814195156,2.81764268875
1.9991953373,0.737373709679,2.49000263214,-0.290460050106,2.78046274185
2.03092861176,0.737373709679,2.45266985893,-0.287921667099,2.74059152603
2.06266188622,0.737373709679,2.41286730766,-0.28520873189,2.69807600975
2.09439516068,0.737373709679,2.37063527107,-0.282331675291,2.65296697617
2.12612843513,0.737373709679,2.32601594925,-0.279301315546,2.6053173542
2.15786170959,0.737373709679,2.27905464172,-0.276128798723,2.55518341064
2.18959498405,0.737373709679,2.22979879379,-0.272825658321,2.50262451172
2.22132825851,0.737373709679,2.17829751968,-0.269403845072,2.44770145416
2.25306153297,0.737373709679,2.12460279465,-0.265875279903,2.39047813416
2.28479480743,0.737373709679,2.0687687397,-0.262252211571,2.33102083206
2.31652784348,0.737373709679,2.01085233688,-0.258547157049,2.26939940453
2.34826135635,0.737373709679,1.9509100914,-0.25477167964,2.20568180084
2.3799943924,0.737373709679,1.8890042305,-0.250938594341,2.13994288445
2.41172790527,0.737373709679,1.82519555092,-0.247059643269,2.07225513458
2.44346094131,0.737373709679,1.7595500946,-0.243146926165,2.00269699097
2.47519421577,0.737373709679,1.69213223457,-0.239211946726,1.9313441515
2.50692749023,0.737373709679,1.62301063538,-0.235266208649,1.85827684402
2.53866076469,0.737373709679,1.55225467682,-0.231320440769,1.78357505798
2.57039403915,0.737373709679,1.47993588448,-0.22738558054,1.70732140541
2.60212731361,0.737373709679,1.40612697601,-0.223471626639,1.62959861755
2.63386058807,0.737373709679,1.3309019804,-0.21958848834,1.55049049854
2.66559386253,0.737373709679,1.25433707237,-0.215745389462,1.47008252144
2.69732713699,0.737373709679,1.17650914192,-0.211951375008,1.38846051693
2.72906041145,0.737373709679,1.09749650955,-0.208214133978,1.30571067333
2.76079368591,0.737373709679,1.01737868786,-0.204542174935,1.22192084789
2.79252696037,0.737373709679,0.936236619949,-0.200942099094,1.13717865944
2.82426023483,0.737373709679,0.854151785374,-0.197420924902,1.05157268047
2.85599327087,0.737373709679,0.771207511425,-0.193984597921,0.965192079544
2.88772678375,0.737373709679,0.687485337257,-0.190638884902,0.878124237061
2.91945981979,0.737373709679,0.603072345257,-0.187388733029,0.790461063385
2.95119309425,0.737373709679,0.51805138588,-0.184238508344,0.702289879322
2.98292636871,0.737373709679,0.432508826256,-0.181192502379,0.613701343536
3.01465964317,0.737373709679,0.346530795097,-0.178254008293,0.524784803391
3.04639291763,0.737373709679,0.260203808546,-0.175426274538,0.435630083084
3.07812619209,0.737373709679,0.173614829779,-0.172711580992,0.34632641077
3.10985946655,0.737373709679,0.086851015687,-0.170112162828,0.256963193417
3.14159274101,0.737373709679,-2.39308832306e-07,-0.167629554868,0.167629316449
0,0.747474789619,0,-0.104821629822,0.104821629822
0.0317332595587,0.747474789619,0.0871716886759,-0.109475754201,0.196647435427
0.0634665191174,0.747474789619,0.174255624413,-0.114179469645,0.288435101509
0.095199778676,0.747474789619,0.261164069176,-0.118930526078,0.380094587803
0.126933038235,0.747474789619,0.347809582949,-0.123727500439,0.471537083387
0.158666297793,0.747474789619,0.434104830027,-0.128567352891,0.562672197819
0.190399557352,0.747474789619,0.519963026047,-0.133448287845,0.653411328793
0.222132816911,0.747474789619,0.605297625065,-0.138366892934,0.743664503098
0.253866076469,0.747474789619,0.690022706985,-0.14332075417,0.833343446255
0.285599350929,0.747474789619,0.774053156376,-0.148305758834,0.922358930111
0.317332595587,0.747474789619,0.857303977013,-0.153319120407,1.01062309742
0.349065840244,0.747474789619,0.939691603184,-0.158356755972,1.09804832935
0.380799114704,0.747474789619,1.02113318443,-0.163414239883,1.18454742432
0.412532389164,0.747474789619,1.10154652596,-0.168487593532,1.27003407478
0.444265633821,0.747474789619,1.18085062504,-0.173571884632,1.35442256927
0.475998878479,0.747474789619,1.25896573067,-0.178662329912,1.43762803078
0.507732152939,0.747474789619,1.33581328392,-0.183753281832,1.51956653595
0.539465427399,0.747474789619,1.41131567955,-0.188839316368,1.60015499592
0.571198701859,0.747474789619,1.48539698124,-0.193914577365,1.6793115139
0.602931916714,0.747474789619,1.55798268318,-0.198972702026,1.75695538521
0.634665191174,0.747474789619,1.62899959087,-0.204007431865,1.83300697803
0.666398465633,0.747474789619,1.69837617874,-0.209011927247,1.90738809109
0.698131680489,0.747474789619,1.76604259014,-0.213979065418,1.98002171516
0.729864954948,0.747474789619,1.83193087578,-0.218901544809,2.05083250999
0.761598229408,0.747474789619,1.89597463608,-0.223771810532,2.11974644661
0.793331503868,0.747474789619,1.9581091404,-0.228582009673,2.18669104576
0.825064778328,0.747474789619,2.01827216148,-0.233324170113,2.25159645081
0.856797993183,0.747474789619,2.0764029026,-0.237990036607,2.31439304352
0.888531267643,0.747474789619,2.13244271278,-0.242571175098,2.37501382828
0.920264542103,0.747474789619,2.18633556366,-0.247058853507,2.43339443207
0.951997756958,0.747474789619,2.23802661896,-0.251444488764,2.48947119713
0.983731031418,0.747474789619,2.28746461868,-0.255719155073,2.54318380356
1.01546430588,0.747474789619,2.3345990181,-0.25987419486,2.59447312355
1.04719758034,0.747474789619,2.37938284874,-0.263900279999,2.64328312874
1.0789308548,0.747474789619,2.42177081108,-0.267788887024,2.6895596981
1.11066412926,0.747474789619,2.46172046661,-0.27153095603,2.73325133324
1.14239740372,0.747474789619,2.49919104576,-0.275117695332,2.77430868149
1.17413055897,0.747474789619,2.53414511681,-0.278540730476,2.81268596649
1.20586383343,0.747474789619,2.56654763222,-0.281791120768,2.84833884239
1.23759710789,0.747474789619,2.59636592865,-0.284860908985,2.88122677803
1.26933038235,0.747474789619,2.62356972694,-0.287741810083,2.91131162643
1.30106365681,0.747474789619,2.64813184738,-0.290426671505,2.93855857849
1.33279693127,0.747474789619,2.67002773285,-0.292908012867,2.96293568611
1.36453020573,0.747474789619,2.689234972,-0.295178860426,2.98441386223
1.39626336098,0.747474789619,2.70573425293,-0.29723277688,3.00296711922
1.42799663544,0.747474789619,2.71950936317,-0.299064218998,3.01857352257
1.4597299099,0.747474789619,2.73054599762,-0.300667971373,3.03121399879
1.49146318436,0.747474789619,2.73883318901,-0.30203923583,3.04087233543
1.52319645882,0.747474789619,2.7443625927,-0.303173959255,3.04753661156
1.55492973328,0.747474789619,2.74712872505,-0.30406922102,3.05119800568
1.58666300774,0.747474789619,2.74712872505,-0.304722160101,3.05185079575
1.6183962822,0.747474789619,2.7443625927,-0.305131286383,3.04949378967
1.65012955666,0.747474789619,2.73883318901,-0.305295705795,3.04412889481
1.68186283112,0.747474789619,2.73054599762,-0.305215328932,3.03576135635
1.71359610558,0.747474789619,2.71950936317,-0.304890990257,3.02440023422
1.74532938004,0.747474789619,2.70573425293,-0.304324418306,3.01005864143
1.77706253529,0.747474789619,2.689234972,-0.303517878056,2.99275279045
1.80879580975,0.747474789619,2.67002773285,-0.302475124598,2.97250294685
1.84052908421,0.747474789619,2.64813184738,-0.30120024085,2.94933199883
1.87226235867,0.747474789619,2.62356972694,-0.299698114395,2.92326784134
1.90399563313,0.747474789619,2.59636569023,-0.297975212336,2.89434099197
1.93572890759,0.747474789619,2.56654763222,-0.296037554741,2.86258506775
1.96746218204,0.747474789619,2.53414511681,-0.293893396854,2.82803845406
1.9991953373,0.747474789619,2.49919080734,-0.291550427675,2.79074120522
2.03092861176,0.747474789619,2.4617202282,-0.289017647505,2.7507379055
2.06266188622,0.747474789619,2.42177081108,-0.286304831505,2.70807552338
2.09439516068,0.747474789619,2.37938284874,-0.283421576023,2.66280436516
2.12612843513,0.747474789619,2.3345990181,-0.28037878871,2.61497783661
2.15786170959,0.747474789619,2.28746438026,-0.277187407017,2.56465172768
2.18959498405,0.747474789619,2.23802661896,-0.273858696222,2.51188540459
2.22132825851,0.747474789619,2.18633532524,-0.270404547453,2.4567399025
2.25306153297,0.747474789619,2.13244247437,-0.266836732626,2.39927911758
2.28479480743,0.747474789619,2.07640242577,-0.263167560101,2.33957004547
2.31652784348,0.747474789619,2.0182723999,-0.259408950806,2.27768135071
2.34826135635,0.747474789619,1.95810890198,-0.255573451519,2.2136824131
2.3799943924,0.747474789619,1.89597463608,-0.251673072577,2.14764761925
2.41172790527,0.747474789619,1.83193051815,-0.247720092535,2.07965064049
2.44346094131,0.747474789619,1.76604270935,-0.243726506829,2.00976920128
2.47519421577,0.747474789619,1.69837617874,-0.239703908563,1.9380800724
2.50692749023,0.747474789619,1.62899947166,-0.23566415906,1.86466360092
2.53866076469,0.747474789619,1.55798244476,-0.231617972255,1.78960037231
2.57039403915,0.747474789619,1.48539686203,-0.227576568723,1.71297347546
2.60212731361,0.747474789619,1.41131556034,-0.223550334573,1.63486588001
2.63386058807,0.747474789619,1.3358130455,-0.219549432397,1.555362463
2.66559386253,0.747474789619,1.25896549225,-0.215583324432,1.47454881668
2.69732713699,0.747474789619,1.18085038662,-0.211661100388,1.39251148701
2.72906041145,0.747474789619,1.10154616833,-0.207791447639,1.30933761597
2.76079368591,0.747474789619,1.02113282681,-0.203982561827,1.22511541843
2.79252696037,0.747474789619,0.939691305161,-0.200241759419,1.13993310928
2.82426023483,0.747474789619,0.85730355978,-0.196576550603,1.05388009548
2.85599327087,0.747474789619,0.774053215981,-0.192992836237,0.967046022415
2.88772678375,0.747474789619,0.690022170544,-0.189497098327,0.879519283772
2.91945981979,0.747474789619,0.605297684669,-0.186094418168,0.791392087936
2.95119309425,0.747474789619,0.519963026047,-0.182790011168,0.702753067017
2.98292636871,0.747474789619,0.434104770422,-0.179587811232,0.613692581654
3.01465964317,0.747474789619,0.347809493542,-0.176492124796,0.52430164814
3.04639291763,0.747474789619,0.261163979769,-0.173506259918,0.434670239687
3.07812619209,0.747474789619,0.174255460501,-0.170633077621,0.344888538122
3.10985946655,0.747474789619,0.0871714949608,-0.167874917388,0.25504642725
3.14159274101,0.747474789619,-2.40191866396e-07,-0.16523386538,0.165233626962
0,0.757575750351,0,-0.10227060318,0.10227060318
0.0317332595587,0.757575750351,0.0874921754003,-0.106980152428,0.194472327828
0.0634665191174,0.757575750351,0.174896270037,-0.111740007997,0.286636292934
0.095199778676,0.757575750351,0.262124240398,-0.116548426449,0.378672659397
0.126933038235,0.757575750351,0.349088281393,-0.12140327692,0.470491558313
0.158666297793,0.757575750351,0.435700803995,-0.126302361488,0.562003135681
0.190399557352,0.757575750351,0.521874666214,-0.131243005395,0.653117656708
0.222132816911,0.757575750351,0.607523024082,-0.136222168803,0.743745207787
0.253866076469,0.757575750351,0.692559599876,-0.1412371099,0.833796739578
0.285599350929,0.757575750351,0.776898980141,-0.14628456533,0.923183560371
0.317332595587,0.757575750351,0.860455870628,-0.151360332966,1.0118162632
0.349065840244,0.757575750351,0.943146407604,-0.156461015344,1.09960746765
0.380799114704,0.757575750351,1.02488744259,-0.161582231522,1.18646967411
0.412532389164,0.757575750351,1.10559642315,-0.166719570756,1.272315979
0.444265633821,0.757575750351,1.18519198895,-0.171868413687,1.35706043243
0.475998878479,0.757575750351,1.26359438896,-0.17702370882,1.44061803818
0.507732152939,0.757575750351,1.34072434902,-0.182179644704,1.52290403843
0.539465427399,0.757575750351,1.41650438309,-0.187331184745,1.60383558273
0.571198701859,0.757575750351,1.490858078,-0.192471936345,1.68333005905
0.602931916714,0.757575750351,1.56371057034,-0.197595864534,1.76130640507
0.634665191174,0.757575750351,1.63498866558,-0.202696353197,1.83768498898
0.666398465633,0.757575750351,1.70462024212,-0.20776681602,1.91238701344
0.698131680489,0.757575750351,1.77253544331,-0.212799757719,1.98533523083
0.729864954948,0.757575750351,1.83866596222,-0.217788338661,2.05645418167
0.761598229408,0.757575750351,1.90294516087,-0.222724467516,2.12566971779
0.793331503868,0.757575750351,1.96530818939,-0.227600410581,2.19290852547
0.825064778328,0.757575750351,2.0256922245,-0.232408419251,2.25810074806
0.856797993183,0.757575750351,2.08403682709,-0.237139806151,2.32117652893
0.888531267643,0.757575750351,2.14028263092,-0.241786330938,2.38206887245
0.920264542103,0.757575750351,2.19437360764,-0.24633949995,2.44071316719
0.951997756958,0.757575750351,2.24625468254,-0.25079023838,2.49704504013
0.983731031418,0.757575750351,2.29587435722,-0.25512996316,2.55100440979
1.01546430588,0.757575750351,2.34318232536,-0.259349673986,2.60253190994
1.04719758034,0.757575750351,2.38813066483,-0.263440668583,2.6515712738
1.0789308548,0.757575750351,2.43067455292,-0.267393767834,2.69806838036
1.11066412926,0.757575750351,2.47077083588,-0.271200209856,2.74197101593
1.14239740372,0.757575750351,2.50837922096,-0.27485114336,2.78323030472
1.17413055897,0.757575750351,2.54346179962,-0.278337955475,2.8217997551
1.20586383343,0.757575750351,2.57598352432,-0.281651854515,2.85763549805
1.23759710789,0.757575750351,2.60591125488,-0.284785181284,2.89069652557
1.26933038235,0.757575750351,2.63321518898,-0.28772932291,2.92094445229
1.30106365681,0.757575750351,2.65786767006,-0.290476858616,2.94834446907
1.33279693127,0.757575750351,2.67984414101,-0.293020576239,2.97286462784
1.36453020573,0.757575750351,2.69912195206,-0.295353323221,2.99447536469
1.39626336098,0.757575750351,2.71568202972,-0.297468960285,3.0131509304
1.42799663544,0.757575750351,2.72950768471,-0.299361109734,3.02886867523
1.4597299099,0.757575750351,2.74058485031,-0.301025032997,3.0416097641
1.49146318436,0.757575750351,2.74890255928,-0.302455365658,3.05135798454
1.52319645882,0.757575750351,2.75445222855,-0.303648591042,3.05810070038
1.55492973328,0.757575750351,2.7572286129,-0.304600894451,3.06182956696
1.58666300774,0.757575750351,2.7572286129,-0.305309832096,3.06253838539
1.6183962822,0.757575750351,2.75445222855,-0.305773288012,3.06022548676
1.65012955666,0.757575750351,2.74890255928,-0.305990368128,3.05489301682
1.68186283112,0.757575750351,2.74058485031,-0.305960655212,3.04654550552
1.71359610558,0.757575750351,2.72950768471,-0.305684894323,3.03519248962
1.74532938004,0.757575750351,2.71568202972,-0.305164158344,3.02084612846
1.77706253529,0.757575750351,2.69912195206,-0.304401010275,3.00352287292
1.80879580975,0.757575750351,2.67984414101,-0.303398579359,2.98324275017
1.84052908421,0.757575750351,2.65786767006,-0.30216050148,2.96002817154
1.87226235867,0.757575750351,2.63321518898,-0.300691753626,2.93390703201
1.90399563313,0.757575750351,2.60591125488,-0.298998117447,2.90490937233
1.93572890759,0.757575750351,2.57598352432,-0.297085851431,2.87306928635
1.96746218204,0.757575750351,2.54346179962,-0.294962078333,2.83842396736
1.9991953373,0.757575750351,2.50837898254,-0.292634785175,2.80101370811
2.03092861176,0.757575750351,2.47077059746,-0.290112793446,2.7608833313
2.06266188622,0.757575750351,2.4306743145,-0.287404894829,2.71807909012
2.09439516068,0.757575750351,2.38813066483,-0.284521013498,2.67265176773
2.12612843513,0.757575750351,2.34318208694,-0.281471788883,2.62465381622
2.15786170959,0.757575750351,2.2958741188,-0.278267920017,2.57414197922
2.18959498405,0.757575750351,2.24625468254,-0.274920016527,2.52117466927
2.22132825851,0.757575750351,2.19437336922,-0.27144035697,2.46581363678
2.25306153297,0.757575750351,2.1402823925,-0.267840355635,2.40812277794
2.28479480743,0.757575750351,2.08403635025,-0.264132142067,2.34816837311
2.31652784348,0.757575750351,2.02569246292,-0.260327666998,2.28602004051
2.34826135635,0.757575750351,1.96530783176,-0.256439387798,2.22174715996
2.3799943924,0.757575750351,1.90294516087,-0.25247952342,2.15542459488
2.41172790527,0.757575750351,1.83866560459,-0.248459994793,2.08712553978
2.44346094131,0.757575750351,1.77253556252,-0.244392871857,2.01692843437
2.47519421577,0.757575750351,1.70462024212,-0.240290373564,1.94491064548
2.50692749023,0.757575750351,1.63498842716,-0.236163720489,1.87115216255
2.53866076469,0.757575750351,1.56371045113,-0.232024461031,1.79573488235
2.57039403915,0.757575750351,1.49085783958,-0.227883771062,1.71874165535
2.60212731361,0.757575750351,1.41650426388,-0.223752140999,1.64025640488
2.63386058807,0.757575750351,1.3407241106,-0.219639956951,1.56036400795
2.66559386253,0.757575750351,1.26359415054,-0.215557277203,1.47915148735
2.69732713699,0.757575750351,1.18519175053,-0.211513191462,1.39670491219
2.72906041145,0.757575750351,1.10559606552,-0.207516655326,1.31311273575
2.76079368591,0.757575750351,1.02488696575,-0.203576251864,1.22846317291
2.79252696037,0.757575750351,0.943146049976,-0.199699997902,1.14284610748
2.82426023483,0.757575750351,0.860455453396,-0.195895135403,1.0563505888
2.85599327087,0.757575750351,0.776899039745,-0.192168712616,0.969067752361
2.88772678375,0.757575750351,0.69255900383,-0.188526719809,0.881085753441
2.91945981979,0.757575750351,0.607523024082,-0.184975370765,0.792498409748
2.95119309425,0.757575750351,0.521874666214,-0.181519597769,0.703394293785
2.98292636871,0.757575750351,0.435700774193,-0.178164258599,0.613865017891
3.01465964317,0.757575750351,0.349088221788,-0.174913764,0.524001955986
3.04639291763,0.757575750351,0.262124121189,-0.171771645546,0.433895766735
3.07812619209,0.757575750351,0.174896106124,-0.168741434813,0.343637526035
3.10985946655,0.757575750351,0.0874919816852,-0.165825605392,0.253317594528
3.14159274101,0.757575750351,-2.41074928908e-07,-0.163026586175,0.163026347756
0,0.767676770687,0,-0.0998573005199,0.0998573005199
0.0317332595587,0.767676770687,0.0878126621246,-0.104621082544,0.192433744669
0.0634665191174,0.767676770687,0.175536930561,-0.109436102211,0.284973025322
0.095199778676,0.767676770687,0.263084411621,-0.11430067569,0.377385079861
0.126933038235,0.767676770687,0.35036700964,-0.119212396443,0.469579398632
0.158666297793,0.767676770687,0.437296807766,-0.124168902636,0.561465740204
0.190399557352,0.767676770687,0.523786306381,-0.129167601466,0.652953922749
0.222132816911,0.767676770687,0.609748363495,-0.13420586288,0.743954241276
0.253866076469,0.767676770687,0.695096433163,-0.139280155301,0.834376573563
0.285599350929,0.767676770687,0.779744744301,-0.144387319684,0.924132049084
0.317332595587,0.767676770687,0.863607764244,-0.149523466825,1.01313126087
0.349065840244,0.767676770687,0.94660115242,-0.154684886336,1.10128605366
0.380799114704,0.767676770687,1.02864158154,-0.159867271781,1.18850886822
0.412532389164,0.767676770687,1.10964620113,-0.165066063404,1.27471232414
0.444265633821,0.767676770687,1.18953335285,-0.170276373625,1.35980975628
0.475998878479,0.767676770687,1.26822292805,-0.175493478775,1.44371640682
0.507732152939,0.767676770687,1.34563553333,-0.180711597204,1.52634716034
0.539465427399,0.767676770687,1.42169308662,-0.185925155878,1.6076182127
0.571198701859,0.767676770687,1.49631905556,-0.19112791121,1.68744695187
0.602931916714,0.767676770687,1.56943845749,-0.196314096451,1.76575255394
0.634665191174,0.767676770687,1.64097762108,-0.201476663351,1.84245431423
0.666398465633,0.767676770687,1.7108643055,-0.206608965993,1.91747331619
0.698131680489,0.767676770687,1.77902829647,-0.211703971028,1.9907323122
0.729864954948,0.767676770687,1.84540104866,-0.216754227877,2.06215524673
0.761598229408,0.767676770687,1.90991580486,-0.221751943231,2.1316678524
0.793331503868,0.767676770687,1.97250711918,-0.226689353585,2.19919657707
0.825064778328,0.767676770687,2.03311252594,-0.231558606029,2.26467108727
0.856797993183,0.767676770687,2.09167051315,-0.236351147294,2.32802176476
0.888531267643,0.767676770687,2.14812254906,-0.241058409214,2.38918089867
0.920264542103,0.767676770687,2.20241165161,-0.245672315359,2.44808387756
0.951997756958,0.767676770687,2.25448298454,-0.250183552504,2.50466656685
0.983731031418,0.767676770687,2.30428433418,-0.254583567381,2.55886793137
1.01546430588,0.767676770687,2.35176539421,-0.258863568306,2.61062908173
1.04719758034,0.767676770687,2.39687848091,-0.263014435768,2.65989303589
1.0789308548,0.767676770687,2.43957805634,-0.267027407885,2.70660543442
1.11066412926,0.767676770687,2.47982144356,-0.270893454552,2.7507147789
1.14239740372,0.767676770687,2.51756739616,-0.274603873491,2.79217123985
1.17413055897,0.767676770687,2.55277848244,-0.278150081635,2.83092856407
1.20586383343,0.767676770687,2.58541941643,-0.281523376703,2.86694288254
1.23759710789,0.767676770687,2.61545681953,-0.284715563059,2.900172472
1.26933038235,0.767676770687,2.64286088943,-0.287718832493,2.93057966232
1.30106365681,0.767676770687,2.66760349274,-0.29052528739,2.95812869072
1.33279693127,0.767676770687,2.68966031075,-0.293127566576,2.98278784752
1.36453020573,0.767676770687,2.70900893211,-0.295518755913,3.00452756882
1.39626336098,0.767676770687,2.7256295681,-0.297692298889,3.02332186699
1.42799663544,0.767676770687,2.73950576782,-0.299642473459,3.03914833069
1.4597299099,0.767676770687,2.750623703,-0.301363557577,3.05198717117
1.49146318436,0.767676770687,2.75897192955,-0.302850872278,3.06182289124
1.52319645882,0.767676770687,2.7645418644,-0.304100185633,3.06864213943
1.55492973328,0.767676770687,2.76732850075,-0.305107861757,3.0724363327
1.58666300774,0.767676770687,2.76732850075,-0.305871039629,3.07319951057
1.6183962822,0.767676770687,2.7645418644,-0.306387811899,3.0709297657
1.65012955666,0.767676770687,2.75897192955,-0.306656986475,3.06562900543
1.68186283112,0.767676770687,2.750623703,-0.306677669287,3.05730128288
1.71359610558,0.767676770687,2.73950576782,-0.306450605392,3.04595637321
1.74532938004,0.767676770687,2.7256295681,-0.305976510048,3.03160619736
1.77706253529,0.767676770687,2.70900893211,-0.305257678032,3.01426649094
1.80879580975,0.767676770687,2.68966031075,-0.304296851158,2.99395704269
1.84052908421,0.767676770687,2.66760349274,-0.303097784519,2.97070121765
1.87226235867,0.767676770687,2.64286088943,-0.301664829254,2.94452571869
1.90399563313,0.767676770687,2.61545681953,-0.300003409386,2.91546010971
1.93572890759,0.767676770687,2.58541941643,-0.298119485378,2.88353896141
1.96746218204,0.767676770687,2.55277848244,-0.296020120382,2.84879851341
1.9991953373,0.767676770687,2.51756739616,-0.293712973595,2.81128025055
2.03092861176,0.767676770687,2.47982120514,-0.291206002235,2.77102708817
2.06266188622,0.767676770687,2.43957805634,-0.288508117199,2.72808623314
2.09439516068,0.767676770687,2.39687848091,-0.285629242659,2.68250775337
2.12612843513,0.767676770687,2.35176515579,-0.282579213381,2.63434433937
2.15786170959,0.767676770687,2.30428409576,-0.279368579388,2.58365273476
2.18959498405,0.767676770687,2.25448298454,-0.276008248329,2.53049135208
2.22132825851,0.767676770687,2.20241141319,-0.272509664297,2.47492098808
2.25306153297,0.767676770687,2.14812231064,-0.268884390593,2.41700673103
2.28479480743,0.767676770687,2.09167027473,-0.265144169331,2.35681438446
2.31652784348,0.767676770687,2.03311276436,-0.261301398277,2.29441404343
2.34826135635,0.767676770687,1.97250676155,-0.257367789745,2.2298746109
2.3799943924,0.767676770687,1.90991580486,-0.253355622292,2.16327142715
2.41172790527,0.767676770687,1.84540069103,-0.249277025461,2.09467768669
2.44346094131,0.767676770687,1.77902841568,-0.245144367218,2.0241727829
2.47519421577,0.767676770687,1.7108643055,-0.240969210863,1.95183348656
2.50692749023,0.767676770687,1.64097750187,-0.236763387918,1.87774085999
2.53866076469,0.767676770687,1.56943833828,-0.232538476586,1.80197679996
2.57039403915,0.767676770687,1.49631893635,-0.228305652738,1.72462463379
2.60212731361,0.767676770687,1.42169296741,-0.224075630307,1.64576864243
2.63386058807,0.767676770687,1.34563529491,-0.219859421253,1.56549477577
2.66559386253,0.767676770687,1.26822268963,-0.215666502714,1.48388922215
2.69732713699,0.767676770687,1.18953311443,-0.211506903172,1.40104007721
2.72906041145,0.767676770687,1.10964584351,-0.207389712334,1.31703555584
2.76079368591,0.767676770687,1.02864122391,-0.203323826194,1.231965065
2.79252696037,0.767676770687,0.946600854397,-0.199317291379,1.14591813087
2.82426023483,0.767676770687,0.863607347012,-0.195378273726,1.05898559093
2.85599327087,0.767676770687,0.77974486351,-0.191513493657,0.971258342266
2.88772678375,0.767676770687,0.695095896721,-0.187729880214,0.882825791836
2.91945981979,0.767676770687,0.6097484231,-0.184033662081,0.793782114983
2.95119309425,0.767676770687,0.523786306381,-0.180430009961,0.704216301441
2.98292636871,0.767676770687,0.437296748161,-0.176924690604,0.614221453667
3.01465964317,0.767676770687,0.350366920233,-0.173522204161,0.523889124393
3.04639291763,0.767676770687,0.263084292412,-0.170226290822,0.433310568333
3.07812619209,0.767676770687,0.175536766648,-0.167040869594,0.342577636242
3.10985946655,0.767676770687,0.0878124684095,-0.163969069719,0.251781523228
3.14159274101,0.767676770687,-2.4195799142e-07,-0.161013379693,0.161013141274
0,0.777777791023,0,-0.0975794643164,0.0975794643164
0.0317332595587,0.777777791023,0.0881331413984,-0.102396510541,0.190529644489
0.0634665191174,0.777777791023,0.176177561283,-0.107265807688,0.283443361521
0.095199778676,0.777777791023,0.264044553041,-0.112185284495,0.376229822636
0.126933038235,0.777777791023,0.351645708084,-0.117152325809,0.468798041344
0.158666297793,0.777777791023,0.438892751932,-0.122165068984,0.561057806015
0.190399557352,0.777777791023,0.525697886944,-0.127220481634,0.652918338776
0.222132816911,0.777777791023,0.611973702908,-0.13231575489,0.744289457798
0.253866076469,0.777777791023,0.697633266449,-0.137447535992,0.835080802441
0.285599350929,0.777777791023,0.782590508461,-0.142612352967,0.925202846527
0.317332595587,0.777777791023,0.866759538651,-0.14780677855,1.0145663023
0.349065840244,0.777777791023,0.950055837631,-0.153026610613,1.10308241844
0.380799114704,0.777777791023,1.03239572048,-0.158267557621,1.19066333771
0.412532389164,0.777777791023,1.11369597912,-0.163524985313,1.27722096443
0.444265633821,0.777777791023,1.19387471676,-0.168794319034,1.36266899109
0.475998878479,0.777777791023,1.27285146713,-0.174070000648,1.44692146778
0.507732152939,0.777777791023,1.35054647923,-0.179346829653,1.52989327908
0.539465427399,0.777777791023,1.42688167095,-0.184619277716,1.61150097847
0.571198701859,0.777777791023,1.50178003311,-0.189880669117,1.69166064262
0.602931916714,0.777777791023,1.57516622543,-0.195125430822,1.77029168606
0.634665191174,0.777777791023,1.64696645737,-0.200346246362,1.84731268883
0.666398465633,0.777777791023,1.71710824966,-0.205536961555,1.92264521122
0.698131680489,0.777777791023,1.78552103043,-0.210689812899,1.99621081352
0.729864954948,0.777777791023,1.85213589668,-0.21579785645,2.06793379784
0.761598229408,0.777777791023,1.91688609123,-0.22085288167,2.1377389431
0.793331503868,0.777777791023,1.97970592976,-0.225847661495,2.20555353165
0.825064778328,0.777777791023,2.04053258896,-0.230773791671,2.27130627632
0.856797993183,0.777777791023,2.09930419922,-0.23562297225,2.33492708206
0.888531267643,0.777777791023,2.15596222878,-0.240386709571,2.39634895325
0.920264542103,0.777777791023,2.21044945717,-0.245056688786,2.45550608635
0.951997756958,0.777777791023,2.26271080971,-0.249623969197,2.51233482361
0.983731031418,0.777777791023,2.3126938343,-0.254079729319,2.56677365303
1.01546430588,0.777777791023,2.36034822464,-0.258415222168,2.61876344681
1.04719758034,0.777777791023,2.40562605858,-0.262621492147,2.66824746132
1.0789308548,0.777777791023,2.44848155975,-0.266689687967,2.71517133713
1.11066412926,0.777777791023,2.4888715744,-0.27061098814,2.75948262215
1.14239740372,0.777777791023,2.52675557137,-0.274376362562,2.80113196373
1.17413055897,0.777777791023,2.56209516525,-0.277977526188,2.84007263184
1.20586383343,0.777777791023,2.59485507011,-0.281405866146,2.87626099586
1.23759710789,0.777777791023,2.62500214577,-0.284653186798,2.90965533257
1.26933038235,0.777777791023,2.65250611305,-0.28771135211,2.94021749496
1.30106365681,0.777777791023,2.67733931541,-0.290572673082,2.96791195869
1.33279693127,0.777777791023,2.69947648048,-0.293229937553,2.99270629883
1.36453020573,0.777777791023,2.71889567375,-0.295676141977,3.01457190514
1.39626336098,0.777777791023,2.73557686806,-0.297904521227,3.03348135948
1.42799663544,0.777777791023,2.74950385094,-0.299909323454,3.04941320419
1.4597299099,0.777777791023,2.76066231728,-0.30168518424,3.06234741211
1.49146318436,0.777777791023,2.7690410614,-0.303226828575,3.07226800919
1.52319645882,0.777777791023,2.77463126183,-0.304530233145,3.07916140556
1.55492973328,0.777777791023,2.77742791176,-0.305591344833,3.08301925659
1.58666300774,0.777777791023,2.77742791176,-0.306407481432,3.08383536339
1.6183962822,0.777777791023,2.77463126183,-0.306976526976,3.0816078186
1.65012955666,0.777777791023,2.7690410614,-0.307296842337,3.07633781433
1.68186283112,0.777777791023,2.76066231728,-0.30736759305,3.06802988052
1.71359610558,0.777777791023,2.74950385094,-0.307189196348,3.05669307709
1.74532938004,0.777777791023,2.73557686806,-0.30676227808,3.04233908653
1.77706253529,0.777777791023,2.71889567375,-0.306088715792,3.02498435974
1.80879580975,0.777777791023,2.69947648048,-0.305170863867,3.00464725494
1.84052908421,0.777777791023,2.67733931541,-0.304012566805,2.98135185242
1.87226235867,0.777777791023,2.65250611305,-0.302617460489,2.95512366295
1.90399563313,0.777777791023,2.62500214577,-0.300990998745,2.92599320412
1.93572890759,0.777777791023,2.59485507011,-0.299138784409,2.89399385452
1.96746218204,0.777777791023,2.56209516525,-0.297067165375,2.85916233063
1.9991953373,0.777777791023,2.52675533295,-0.294783890247,2.82153916359
2.03092861176,0.777777791023,2.4888715744,-0.292296350002,2.78116798401
2.06266188622,0.777777791023,2.44848132133,-0.289613693953,2.73809504509
2.09439516068,0.777777791023,2.40562605858,-0.286744743586,2.69237089157
2.12612843513,0.777777791023,2.36034822464,-0.283699542284,2.64404773712
2.15786170959,0.777777791023,2.3126938343,-0.280488282442,2.59318208694
2.18959498405,0.777777791023,2.26271080971,-0.277121514082,2.53983235359
2.22132825851,0.777777791023,2.21044921875,-0.273610591888,2.48405981064
2.25306153297,0.777777791023,2.15596199036,-0.269966840744,2.4259288311
2.28479480743,0.777777791023,2.0993039608,-0.266201913357,2.36550593376
2.31652784348,0.777777791023,2.04053258896,-0.262327462435,2.30286002159
2.34826135635,0.777777791023,1.97970557213,-0.258355826139,2.23806142807
2.3799943924,0.777777791023,1.91688609123,-0.254299104214,2.17118525505
2.41172790527,0.777777791023,1.85213565826,-0.250169187784,2.10230493546
2.44346094131,0.777777791023,1.78552114964,-0.2459782511,2.03149938583
2.47519421577,0.777777791023,1.71710824966,-0.241738274693,1.95884656906
2.50692749023,0.777777791023,1.64696633816,-0.237460762262,1.88442707062
2.53866076469,0.777777791023,1.57516610622,-0.233157545328,1.80832362175
2.57039403915,0.777777791023,1.5017799139,-0.228840097785,1.73062002659
2.60212731361,0.777777791023,1.42688155174,-0.224519133568,1.65140068531
2.63386058807,0.777777791023,1.35054624081,-0.220205575228,1.57075178623
2.66559386253,0.777777791023,1.27285122871,-0.215909674764,1.48876094818
2.69732713699,0.777777791023,1.19387447834,-0.21164123714,1.40551567078
2.72906041145,0.777777791023,1.11369562149,-0.207409828901,1.32110548019
2.76079368591,0.777777791023,1.03239524364,-0.203224480152,1.2356197834
2.79252696037,0.777777791023,0.950055539608,-0.199093908072,1.14914941788
2.82426023483,0.777777791023,0.866759121418,-0.195025712252,1.06178486347
2.85599327087,0.777777791023,0.782590568066,-0.191027924418,0.973618507385
2.88772678375,0.777777791023,0.697632670403,-0.187107339501,0.884739995003
2.91945981979,0.777777791023,0.611973762512,-0.183270454407,0.795244216919
2.95119309425,0.777777791023,0.525697886944,-0.179523482919,0.705221354961
2.98292636871,0.777777791023,0.438892692327,-0.17587159574,0.614764273167
3.01465964317,0.777777791023,0.351645618677,-0.172319889069,0.523965477943
3.04639291763,0.777777791023,0.264044433832,-0.168873056769,0.4329174757
3.07812619209,0.777777791023,0.17617739737,-0.165534988046,0.341712385416
3.10985946655,0.777777791023,0.0881329476833,-0.16230891645,0.250441849232
3.14159274101,0.777777791023,-2.42841025511e-07,-0.159198060632,0.159197822213
0,0.787878751755,0,-0.0954348444939,0.0954348444939
0.0317332595587,0.787878751755,0.0884536281228,-0.100304305553,0.188757926226
0.0634665191174,0.787878751755,0.176818206906,-0.105226822197,0.282045036554
0.095199778676,0.787878751755,0.265004724264,-0.110199794173,0.375204503536
0.126933038235,0.787878751755,0.352924436331,-0.115221209824,0.468145638704
0.158666297793,0.787878751755,0.440488725901,-0.120288409293,0.560777127743
0.190399557352,0.787878751755,0.527609527111,-0.125398591161,0.653008103371
0.222132816911,0.787878751755,0.61419904232,-0.130549073219,0.74474811554
0.253866076469,0.787878751755,0.70017015934,-0.135736480355,0.835906624794
0.285599350929,0.787878751755,0.785436272621,-0.140957131982,0.926393389702
0.317332595587,0.787878751755,0.869911432266,-0.146207541227,1.0161190033
0.349065840244,0.787878751755,0.953510642052,-0.151483044028,1.10499370098
0.380799114704,0.787878751755,1.03614985943,-0.156780153513,1.19292998314
0.412532389164,0.787878751755,1.1177457571,-0.162093892694,1.2798396349
0.444265633821,0.787878751755,1.19821608067,-0.167419120669,1.36563515663
0.475998878479,0.787878751755,1.27748000622,-0.172750815749,1.45023083687
0.507732152939,0.787878751755,1.35545766354,-0.178083434701,1.53354108334
0.539465427399,0.787878751755,1.43207037449,-0.183411329985,1.61548173428
0.571198701859,0.787878751755,1.50724112988,-0.18872821331,1.69596934319
0.602931916714,0.787878751755,1.5808942318,-0.194027721882,1.77492189407
0.634665191174,0.787878751755,1.65295553207,-0.199303612113,1.85225915909
0.666398465633,0.787878751755,1.72335231304,-0.204548612237,1.92790091038
0.698131680489,0.787878751755,1.79201388359,-0.209755674005,2.00176954269
0.729864954948,0.787878751755,1.85887098312,-0.214917257428,2.07378816605
0.761598229408,0.787878751755,1.92385661602,-0.220026060939,2.14388275146
0.793331503868,0.787878751755,1.98690497875,-0.225073829293,2.21197891235
0.825064778328,0.787878751755,2.04795265198,-0.230052530766,2.27800512314
0.856797993183,0.787878751755,2.1069381237,-0.234954029322,2.34189224243
0.888531267643,0.787878751755,2.16380214691,-0.239770099521,2.40357232094
0.920264542103,0.787878751755,2.21848750114,-0.244491964579,2.46297955513
0.951997756958,0.787878751755,2.27093887329,-0.249110549688,2.52004933357
0.983731031418,0.787878751755,2.32110381126,-0.253617763519,2.57472157478
1.01546430588,0.787878751755,2.36893153191,-0.258004337549,2.62693595886
1.04719758034,0.787878751755,2.41437387466,-0.2622615695,2.67663550377
1.0789308548,0.787878751755,2.45738530159,-0.266380548477,2.72376585007
1.11066412926,0.787878751755,2.49792218208,-0.270352572203,2.76827478409
1.14239740372,0.787878751755,2.53594374657,-0.274168789387,2.81011247635
1.17413055897,0.787878751755,2.57141184807,-0.27782073617,2.84923267365
1.20586383343,0.787878751755,2.60429096222,-0.281300008297,2.88559103012
1.23759710789,0.787878751755,2.63454771042,-0.284598171711,2.91914582253
1.26933038235,0.787878751755,2.66215157509,-0.287707388401,2.94985890388
1.30106365681,0.787878751755,2.68707513809,-0.290620088577,2.97769522667
1.33279693127,0.787878751755,2.70929288864,-0.293328642845,3.0026216507
1.36453020573,0.787878751755,2.72878241539,-0.295826464891,3.02460885048
1.39626336098,0.787878751755,2.74552464485,-0.29810667038,3.04363131523
1.42799663544,0.787878751755,2.75950217247,-0.300163447857,3.05966567993
1.4597299099,0.787878751755,2.77070093155,-0.301990926266,3.07269191742
1.49146318436,0.787878751755,2.77911019325,-0.303584575653,3.08269476891
1.52319645882,0.787878751755,2.78472089767,-0.304939687252,3.08966064453
1.55492973328,0.787878751755,2.78752779961,-0.306052565575,3.09358024597
1.58666300774,0.787878751755,2.78752779961,-0.3069203794,3.0944480896
1.6183962822,0.787878751755,2.78472089767,-0.307540297508,3.09226131439
1.65012955666,0.787878751755,2.77911019325,-0.307911157608,3.08702135086
1.68186283112,0.787878751755,2.77070093155,-0.308031648397,3.07873249054
1.71359610558,0.787878751755,2.75950217247,-0.30790168047,3.06740379333
1.74532938004,0.787878751755,2.74552464485,-0.307522296906,3.05304694176
1.77706253529,0.787878751755,2.72878241539,-0.306894659996,3.03567695618
1.80879580975,0.787878751755,2.70929288864,-0.306021302938,3.01531410217
1.84052908421,0.787878751755,2.68707513809,-0.304905086756,2.99198031425
1.87226235867,0.787878751755,2.66215157509,-0.303550124168,2.96570158005
1.90399563313,0.787878751755,2.634547472,-0.301960855722,2.93650841713
1.93572890759,0.787878751755,2.60429096222,-0.300143063068,2.90443396568
1.96746218204,0.787878751755,2.57141184807,-0.298102736473,2.86951446533
1.9991953373,0.787878751755,2.53594374657,-0.295846968889,2.83179068565
2.03092861176,0.787878751755,2.49792194366,-0.293383389711,2.79130530357
2.06266188622,0.787878751755,2.45738506317,-0.290720194578,2.74810528755
2.09439516068,0.787878751755,2.41437387466,-0.287866234779,2.70223999023
2.12612843513,0.787878751755,2.36893129349,-0.284831315279,2.65376257896
2.15786170959,0.787878751755,2.32110357285,-0.28162509203,2.60272860527
2.18959498405,0.787878751755,2.27093887329,-0.278257995844,2.54919695854
2.22132825851,0.787878751755,2.21848726273,-0.274740993977,2.4932281971
2.25306153297,0.787878751755,2.16380190849,-0.271085172892,2.43488717079
2.28479480743,0.787878751755,2.10693788528,-0.267302125692,2.37423992157
2.31652784348,0.787878751755,2.0479528904,-0.263403624296,2.31135654449
2.34826135635,0.787878751755,1.98690462112,-0.259401202202,2.24630594254
2.3799943924,0.787878751755,1.92385661602,-0.255307227373,2.1791639328
2.41172790527,0.787878751755,1.85887074471,-0.25113338232,2.11000418663
2.44346094131,0.787878751755,1.7920140028,-0.246891841292,2.03890585899
2.47519421577,0.787878751755,1.72335231304,-0.242594391108,1.96594667435
2.50692749023,0.787878751755,1.65295529366,-0.238253071904,1.89120841026
2.53866076469,0.787878751755,1.58089399338,-0.233879357576,1.81477332115
2.57039403915,0.787878751755,1.50724089146,-0.229484751821,1.73672568798
2.60212731361,0.787878751755,1.43207013607,-0.22508020699,1.65715038776
2.63386058807,0.787878751755,1.35545730591,-0.22067669034,1.57613396645
2.66559386253,0.787878751755,1.2774797678,-0.216284766793,1.49376451969
2.69732713699,0.787878751755,1.19821584225,-0.211914479733,1.41013026237
2.72906041145,0.787878751755,1.11774539948,-0.207575440407,1.32532083988
2.76079368591,0.787878751755,1.0361495018,-0.203277245164,1.23942673206
2.79252696037,0.787878751755,0.953510284424,-0.19902831316,1.15253853798
2.82426023483,0.787878751755,0.869911015034,-0.194837123156,1.06474816799
2.85599327087,0.787878751755,0.78543639183,-0.190711647272,0.9761480093
2.88772678375,0.787878751755,0.700169563293,-0.186659246683,0.886828780174
2.91945981979,0.787878751755,0.614199101925,-0.182686626911,0.796885728836
2.95119309425,0.787878751755,0.527609527111,-0.178800314665,0.706409811974
2.98292636871,0.787878751755,0.440488696098,-0.175005972385,0.615494668484
3.01465964317,0.787878751755,0.352924346924,-0.171309128404,0.524233460426
3.04639291763,0.787878751755,0.265004605055,-0.16771440208,0.432718992233
3.07812619209,0.787878751755,0.176818042994,-0.164226144552,0.341044187546
3.10985946655,0.787878751755,0.0884534344077,-0.160848423839,0.249301850796
3.14159274101,0.787878751755,-2.43724088023e-07,-0.157584741712,0.157584503293
0,0.797979831696,0,-0.0934207588434,0.0934207588434
0.0317332595587,0.797979831696,0.0887741148472,-0.0983419120312,0.187116026878
0.0634665191174,0.797979831696,0.177458867431,-0.103316374123,0.280775249004
0.095199778676,0.797979831696,0.265964895487,-0.108341813087,0.374306708574
0.126933038235,0.797979831696,0.354203134775,-0.113415755332,0.467618882656
0.158666297793,0.797979831696,0.442084699869,-0.118536069989,0.56062078476
0.190399557352,0.797979831696,0.529521167278,-0.123699612916,0.653220772743
0.222132816911,0.797979831696,0.616424441338,-0.128903523088,0.745327949524
0.253866076469,0.797979831696,0.702706992626,-0.134144514799,0.836851477623
0.285599350929,0.797979831696,0.788282096386,-0.139419019222,0.927701115608
0.317332595587,0.797979831696,0.873063266277,-0.144723042846,1.01778626442
0.349065840244,0.797979831696,0.956965386868,-0.150052458048,1.10701787472
0.380799114704,0.797979831696,1.03990411758,-0.1554030478,1.19530713558
0.412532389164,0.797979831696,1.1217956543,-0.160770177841,1.28256583214
0.444265633821,0.797979831696,1.20255744457,-0.166148513556,1.36870598793
0.475998878479,0.797979831696,1.2821085453,-0.171533331275,1.45364189148
0.507732152939,0.797979831696,1.36036872864,-0.176918655634,1.53728735447
0.539465427399,0.797979831696,1.43725907803,-0.182298868895,1.61955797672
0.571198701859,0.797979831696,1.51270210743,-0.187667936087,1.70037007332
0.602931916714,0.797979831696,1.58662211895,-0.193019255996,1.77964138985
0.634665191174,0.797979831696,1.65894448757,-0.198346316814,1.85729074478
0.666398465633,0.797979831696,1.72959637642,-0.203641980886,1.93323838711
0.698131680489,0.797979831696,1.79850661755,-0.208899274468,2.00740599632
0.729864954948,0.797979831696,1.86560606956,-0.214110940695,2.07971692085
0.761598229408,0.797979831696,1.93082726002,-0.219269156456,2.15009641647
0.793331503868,0.797979831696,1.99410390854,-0.224366053939,2.21846985817
0.825064778328,0.797979831696,2.055372715,-0.229393452406,2.2847661972
0.856797993183,0.797979831696,2.11457204819,-0.234343320131,2.34891533852
0.888531267643,0.797979831696,2.17164206505,-0.239207148552,2.41084909439
0.920264542103,0.797979831696,2.22652554512,-0.243976488709,2.47050213814
0.951997756958,0.797979831696,2.27916693687,-0.248642399907,2.52780938148
0.983731031418,0.797979831696,2.3295135498,-0.253196537495,2.58271002769
1.01546430588,0.797979831696,2.37751460075,-0.257629811764,2.63514447212
1.04719758034,0.797979831696,2.42312145233,-0.26193395257,2.68505549431
1.0789308548,0.797979831696,2.46628880501,-0.266099542379,2.73238825798
1.11066412926,0.797979831696,2.50697255135,-0.270118117332,2.77709054947
1.14239740372,0.797979831696,2.54513216019,-0.273981034756,2.81911325455
1.17413055897,0.797979831696,2.5807287693,-0.277679741383,2.85840845108
1.20586383343,0.797979831696,2.61372685432,-0.281205773354,2.89493274689
1.23759710789,0.797979831696,2.64409327507,-0.284551054239,2.92864441872
1.26933038235,0.797979831696,2.67179727554,-0.287707746029,2.95950508118
1.30106365681,0.797979831696,2.69681096077,-0.290668010712,2.98747897148
1.33279693127,0.797979831696,2.7191092968,-0.293424636126,3.01253390312
1.36453020573,0.797979831696,2.73866939545,-0.29597055912,3.03463983536
1.39626336098,0.797979831696,2.75547218323,-0.29829955101,3.05377173424
1.42799663544,0.797979831696,2.769500494,-0.300405234098,3.0699057579
1.4597299099,0.797979831696,2.78073978424,-0.302282214165,3.08302211761
1.49146318436,0.797979831696,2.78917956352,-0.303925246,3.09310483932
1.52319645882,0.797979831696,2.79481053352,-0.305330216885,3.10014081001
1.55492973328,0.797979831696,2.79762768745,-0.306493103504,3.10412073135
1.58666300774,0.797979831696,2.79762768745,-0.307410538197,3.10503816605
1.6183962822,0.797979831696,2.79481053352,-0.308080345392,3.10289096832
1.65012955666,0.797979831696,2.78917956352,-0.308500677347,3.09768033028
1.68186283112,0.797979831696,2.78073978424,-0.308670371771,3.0894100666
1.71359610558,0.797979831696,2.769500494,-0.308589160442,3.07808971405
1.74532938004,0.797979831696,2.75547218323,-0.30825740099,3.06372952461
1.77706253529,0.797979831696,2.73866939545,-0.307676404715,3.04634571075
1.80879580975,0.797979831696,2.7191092968,-0.306848317385,3.02595758438
1.84052908421,0.797979831696,2.69681096077,-0.305775851011,3.00258684158
1.87226235867,0.797979831696,2.67179727554,-0.304462641478,2.97625994682
1.90399563313,0.797979831696,2.64409303665,-0.302913099527,2.94700622559
1.93572890759,0.797979831696,2.61372685432,-0.301132410765,2.91485929489
1.96746218204,0.797979831696,2.5807287693,-0.299126446247,2.87985515594
1.9991953373,0.797979831696,2.54513192177,-0.296901881695,2.84203386307
2.03092861176,0.797979831696,2.50697255135,-0.29446592927,2.80143857002
2.06266188622,0.797979831696,2.46628856659,-0.291826725006,2.7581152916
2.09439516068,0.797979831696,2.42312145233,-0.288992494345,2.71211385727
2.12612843513,0.797979831696,2.37751436234,-0.285972625017,2.66348695755
2.15786170959,0.797979831696,2.3295135498,-0.282776862383,2.61229038239
2.18959498405,0.797979831696,2.27916693687,-0.279415369034,2.55858230591
2.22132825851,0.797979831696,2.2265253067,-0.275898337364,2.50242376328
2.25306153297,0.797979831696,2.17164182663,-0.272237122059,2.44387888908
2.28479480743,0.797979831696,2.11457180977,-0.268442720175,2.38301444054
2.31652784348,0.797979831696,2.05537295341,-0.264526844025,2.31989979744
2.34826135635,0.797979831696,1.99410355091,-0.260500818491,2.2546043396
2.3799943924,0.797979831696,1.93082726002,-0.256376832724,2.18720412254
2.41172790527,0.797979831696,1.86560583115,-0.252166450024,2.11777234077
2.44346094131,0.797979831696,1.79850685596,-0.247882023454,2.04638886452
2.47519421577,0.797979831696,1.72959637642,-0.243534937501,1.97313129902
2.50692749023,0.797979831696,1.65894436836,-0.239137351513,1.89808177948
2.53866076469,0.797979831696,1.58662188053,-0.234700515866,1.8213224411
2.57039403915,0.797979831696,1.51270198822,-0.230236366391,1.74293839931
2.60212731361,0.797979831696,1.43725883961,-0.225755691528,1.66301453114
2.63386058807,0.797979831696,1.36036849022,-0.221269786358,1.58163833618
2.66559386253,0.797979831696,1.28210830688,-0.216789141297,1.49889743328
2.69732713699,0.797979831696,1.20255720615,-0.212323993444,1.4148812294
2.72906041145,0.797979831696,1.12179529667,-0.207884281874,1.32967960835
2.76079368591,0.797979831696,1.03990364075,-0.203479588032,1.24338316917
2.79252696037,0.797979831696,0.956965088844,-0.199118897319,1.15608394146
2.82426023483,0.797979831696,0.873062849045,-0.194810852408,1.06787371635
2.85599327087,0.797979831696,0.788282155991,-0.190563723445,0.978845894337
2.88772678375,0.797979831696,0.70270639658,-0.186384767294,0.889091134071
2.91945981979,0.797979831696,0.616424500942,-0.182281702757,0.798706173897
2.95119309425,0.797979831696,0.529521167278,-0.178260877728,0.707782030106
2.98292636871,0.797979831696,0.442084670067,-0.174328416586,0.616413116455
3.01465964317,0.797979831696,0.354203045368,-0.17049023509,0.524693250656
3.04639291763,0.797979831696,0.265964776278,-0.166751295328,0.432716071606
3.07812619209,0.797979831696,0.177458688617,-0.163116514683,0.340575218201
3.10985946655,0.797979831696,0.0887739136815,-0.159589931369,0.248363852501
3.14159274101,0.797979831696,-2.44607178956e-07,-0.156175389886,0.156175151467
0,0.808080792427,0,-0.0915348753333,0.0915348753333
0.0317332595587,0.808080792427,0.089094594121,-0.0965065658092,0.18560115993
0.0634665191174,0.808080792427,0.178099498153,-0.101531676948,0.27963116765
0.095199778676,0.808080792427,0.266925036907,-0.10660803318,0.373533070087
0.126933038235,0.808080792427,0.35548183322,-0.111733578146,0.467215418816
0.158666297793,0.808080792427,0.443680644035,-0.116905383766,0.560586035252
0.190399557352,0.808080792427,0.531432747841,-0.122120544314,0.653553307056
0.222132816911,0.808080792427,0.61864978075,-0.127376243472,0.746026039124
0.253866076469,0.808080792427,0.705243825912,-0.1326687783,0.837912619114
0.285599350929,0.808080792427,0.791127860546,-0.137995004654,0.9291228652
0.317332595587,0.808080792427,0.876215100288,-0.14335052669,1.01956558228
0.349065840244,0.808080792427,0.960420072079,-0.148731231689,1.10915136337
0.380799114704,0.808080792427,1.04365813732,-0.154133245349,1.19779133797
0.412532389164,0.808080792427,1.12584531307,-0.159551084042,1.28539633751
0.444265633821,0.808080792427,1.20689880848,-0.164979860187,1.37187862396
0.475998878479,0.808080792427,1.28673708439,-0.170414865017,1.4571518898
0.507732152939,0.808080792427,1.36527967453,-0.175850018859,1.54112970829
0.539465427399,0.808080792427,1.44244766235,-0.181279420853,1.62372708321
0.571198701859,0.808080792427,1.51816308498,-0.186697259545,1.70486032963
0.602931916714,0.808080792427,1.59234988689,-0.192096993327,1.78444683552
0.634665191174,0.808080792427,1.66493344307,-0.197471663356,1.86240506172
0.666398465633,0.808080792427,1.73584032059,-0.202814683318,1.93865501881
0.698131680489,0.808080792427,1.8049993515,-0.208118826151,2.01311826706
0.729864954948,0.808080792427,1.8723410368,-0.213376685977,2.08571767807
0.761598229408,0.808080792427,1.93779754639,-0.218580543995,2.15637803078
0.793331503868,0.808080792427,2.00130271912,-0.223722532392,2.225025177
0.825064778328,0.808080792427,2.06279277802,-0.228794753551,2.29158759117
0.856797993183,0.808080792427,2.12220573425,-0.233788684011,2.35599446297
0.888531267643,0.808080792427,2.17948198318,-0.238696321845,2.41817831993
0.920264542103,0.808080792427,2.23456335068,-0.243509054184,2.47807240486
0.951997756958,0.808080792427,2.28739476204,-0.248218223453,2.53561306
0.983731031418,0.808080792427,2.33792328835,-0.252815276384,2.59073853493
1.01546430588,0.808080792427,2.38609743118,-0.257291406393,2.64338874817
1.04719758034,0.808080792427,2.43186926842,-0.261637926102,2.69350719452
1.0789308548,0.808080792427,2.47519230843,-0.26584610343,2.74103832245
1.11066412926,0.808080792427,2.51602292061,-0.269907295704,2.78593015671
1.14239740372,0.808080792427,2.55432009697,-0.273812800646,2.82813286781
1.17413055897,0.808080792427,2.5900452137,-0.27755433321,2.8675994873
1.20586383343,0.808080792427,2.62316250801,-0.281123429537,2.90428590775
1.23759710789,0.808080792427,2.6536386013,-0.284512013197,2.9381506443
1.26933038235,0.808080792427,2.68144249916,-0.287712424994,2.96915483475
1.30106365681,0.808080792427,2.70654654503,-0.290716856718,2.99726343155
1.33279693127,0.808080792427,2.72892546654,-0.293518006802,3.02244353294
1.36453020573,0.808080792427,2.74855613708,-0.296109348536,3.04466557503
1.39626336098,0.808080792427,2.76541948318,-0.298483908176,3.06390333176
1.42799663544,0.808080792427,2.7794983387,-0.300635755062,3.08013415337
1.4597299099,0.808080792427,2.79077839851,-0.302559256554,3.09333753586
1.49146318436,0.808080792427,2.79924869537,-0.304249823093,3.10349845886
1.52319645882,0.808080792427,2.80490016937,-0.305702477694,3.11060261726
1.55492973328,0.808080792427,2.80772709846,-0.306913435459,3.11464047432
1.58666300774,0.808080792427,2.80772709846,-0.307879388332,3.1156065464
1.6183962822,0.808080792427,2.80490016937,-0.308597713709,3.11349797249
1.65012955666,0.808080792427,2.79924869537,-0.309066623449,3.10831522942
1.68186283112,0.808080792427,2.79077839851,-0.309284925461,3.10006332397
1.71359610558,0.808080792427,2.7794983387,-0.309251904488,3.0887503624
1.74532938004,0.808080792427,2.76541948318,-0.308967977762,3.07438755035
1.77706253529,0.808080792427,2.74855613708,-0.308434247971,3.05699038506
1.80879580975,0.808080792427,2.72892546654,-0.307652294636,3.03657770157
1.84052908421,0.808080792427,2.70654654503,-0.306624859571,3.0131714344
1.87226235867,0.808080792427,2.68144249916,-0.305355101824,2.98679757118
1.90399563313,0.808080792427,2.65363836288,-0.303847432137,2.95748567581
1.93572890759,0.808080792427,2.62316250801,-0.302106261253,2.92526865005
1.96746218204,0.808080792427,2.5900452137,-0.30013769865,2.89018297195
1.9991953373,0.808080792427,2.55431985855,-0.297947525978,2.85226726532
2.03092861176,0.808080792427,2.51602268219,-0.295542806387,2.81156539917
2.06266188622,0.808080792427,2.47519207001,-0.292931497097,2.76812362671
2.09439516068,0.808080792427,2.43186926842,-0.290121555328,2.72199082375
2.12612843513,0.808080792427,2.38609743118,-0.287121832371,2.67321920395
2.15786170959,0.808080792427,2.33792304993,-0.283941864967,2.62186479568
2.18959498405,0.808080792427,2.28739476204,-0.280591338873,2.56798601151
2.22132825851,0.808080792427,2.23456311226,-0.277080386877,2.51164340973
2.25306153297,0.808080792427,2.17948150635,-0.273419797421,2.45290136337
2.28479480743,0.808080792427,2.12220549583,-0.26962056756,2.3918261528
2.31652784348,0.808080792427,2.06279301643,-0.265694051981,2.32848715782
2.34826135635,0.808080792427,2.0013024807,-0.261651456356,2.26295399666
2.3799943924,0.808080792427,1.93779754639,-0.257504582405,2.19530200958
2.41172790527,0.808080792427,1.87234067917,-0.253265142441,2.12560582161
2.44346094131,0.808080792427,1.80499958992,-0.248945057392,2.05394458771
2.47519421577,0.808080792427,1.73584032059,-0.24455589056,1.98039627075
2.50692749023,0.808080792427,1.66493320465,-0.240109592676,1.90504276752
2.53866076469,0.808080792427,1.59234964848,-0.235617518425,1.8279671669
2.57039403915,0.808080792427,1.51816284657,-0.231091365218,1.74925422668
2.60212731361,0.808080792427,1.44244742393,-0.22654235363,1.66898977757
2.63386058807,0.808080792427,1.36527943611,-0.221981614828,1.58726108074
2.66559386253,0.808080792427,1.28673684597,-0.217419371009,1.50415623188
2.69732713699,0.808080792427,1.20689857006,-0.212866812944,1.4197653532
2.72906041145,0.808080792427,1.12584495544,-0.208333492279,1.33417844772
2.76079368591,0.808080792427,1.04365777969,-0.203829348087,1.24748706818
2.79252696037,0.808080792427,0.960419774055,-0.199363589287,1.15978336334
2.82426023483,0.808080792427,0.876214683056,-0.194944962859,1.07115960121
2.85599327087,0.808080792427,0.791127920151,-0.190582081676,0.981710016727
2.88772678375,0.808080792427,0.705243229866,-0.186282619834,0.891525864601
2.91945981979,0.808080792427,0.61864978075,-0.182054236531,0.80070400238
2.95119309425,0.808080792427,0.531432747841,-0.177904218435,0.709336996078
2.98292636871,0.808080792427,0.443680614233,-0.1738383919,0.617519021034
3.01465964317,0.808080792427,0.355481743813,-0.169863387942,0.525345146656
3.04639291763,0.808080792427,0.266924917698,-0.165984243155,0.432909160852
3.07812619209,0.808080792427,0.17809933424,-0.162206411362,0.340305745602
3.10985946655,0.808080792427,0.0890943929553,-0.158534169197,0.247628569603
3.14159274101,0.808080792427,-2.45490213047e-07,-0.154971942306,0.154971703887
0,0.818181812763,0,-0.0897741466761,0.0897741466761
0.0317332595587,0.818181812763,0.0894150808454,-0.094795204699,0.184210285544
0.0634665191174,0.818181812763,0.178740143776,-0.0998701155186,0.278610259295
0.095199778676,0.818181812763,0.26788520813,-0.104996263981,0.372881472111
0.126933038235,0.818181812763,0.356760561466,-0.110171578825,0.466932147741
0.158666297793,0.818181812763,0.445276647806,-0.115393437445,0.560670077801
0.190399557352,0.818181812763,0.533344388008,-0.120658636093,0.654003024101
0.222132816911,0.818181812763,0.620875120163,-0.12596412003,0.746839225292
0.253866076469,0.818181812763,0.707780659199,-0.13130658865,0.839087247849
0.285599350929,0.818181812763,0.793973624706,-0.136682152748,0.930655777454
0.317332595587,0.818181812763,0.879366934299,-0.142087176442,1.02145409584
0.349065840244,0.818181812763,0.963874876499,-0.147516801953,1.11139166355
0.380799114704,0.818181812763,1.04741239548,-0.152967378497,1.20037972927
0.412532389164,0.818181812763,1.12989521027,-0.158433511853,1.28832876682
0.444265633821,0.818181812763,1.21124017239,-0.163910359144,1.37515056133
0.475998878479,0.818181812763,1.29136562347,-0.169392600656,1.46075820923
0.507732152939,0.818181812763,1.37019085884,-0.174874469638,1.54506528378
0.539465427399,0.818181812763,1.44763636589,-0.18035005033,1.62798643112
0.571198701859,0.818181812763,1.52362418175,-0.185813605785,1.70943784714
0.602931916714,0.818181812763,1.59807777405,-0.191258326173,1.78933608532
0.634665191174,0.818181812763,1.67092239857,-0.196677520871,1.86759996414
0.666398465633,0.818181812763,1.74208438396,-0.202064320445,1.94414865971
0.698131680489,0.818181812763,1.81149220467,-0.207411542535,2.0189037323
0.729864954948,0.818181812763,1.87907612324,-0.212711974978,2.09178805351
0.761598229408,0.818181812763,1.94476819038,-0.217957824469,2.16272592545
0.793331503868,0.818181812763,2.00850176811,-0.223141223192,2.2316429615
0.825064778328,0.818181812763,2.07021307945,-0.228254139423,2.29846715927
0.856797993183,0.818181812763,2.12983965874,-0.233288615942,2.36312818527
0.888531267643,0.818181812763,2.18732190132,-0.238236099482,2.42555809021
0.920264542103,0.818181812763,2.24260139465,-0.243088379502,2.48568987846
0.951997756958,0.818181812763,2.29562306404,-0.247836798429,2.54345989227
0.983731031418,0.818181812763,2.34633302689,-0.252472758293,2.59880590439
1.01546430588,0.818181812763,2.39468073845,-0.256987541914,2.65166831017
1.04719758034,0.818181812763,2.44061684608,-0.261372745037,2.70198965073
1.0789308548,0.818181812763,2.48409581184,-0.265619397163,2.74971532822
1.11066412926,0.818181812763,2.52507352829,-0.26971924305,2.79479265213
1.14239740372,0.818181812763,2.56350827217,-0.273663520813,2.83717179298
1.17413055897,0.818181812763,2.59936189651,-0.277444213629,2.87680602074
1.20586383343,0.818181812763,2.63259840012,-0.281052708626,2.91365098953
1.23759710789,0.818181812763,2.66318416595,-0.284481137991,2.94766521454
1.26933038235,0.818181812763,2.6910879612,-0.287721842527,2.97880983353
1.30106365681,0.818181812763,2.71628236771,-0.290767043829,3.00704932213
1.33279693127,0.818181812763,2.73874163628,-0.293609708548,3.03235125542
1.36453020573,0.818181812763,2.75844311714,-0.296243011951,3.05468606949
1.39626336098,0.818181812763,2.77536725998,-0.298660308123,3.0740275383
1.42799663544,0.818181812763,2.78949666023,-0.300855726004,3.09035229683
1.4597299099,0.818181812763,2.80081725121,-0.302823632956,3.10364079475
1.49146318436,0.818181812763,2.80931806564,-0.304559051991,3.11387705803
1.52319645882,0.818181812763,2.81498980522,-0.306057184935,3.12104701996
1.55492973328,0.818181812763,2.81782698631,-0.307314544916,3.12514162064
1.58666300774,0.818181812763,2.81782698631,-0.308327376842,3.12615442276
1.6183962822,0.818181812763,2.81498980522,-0.309093147516,3.12408304214
1.65012955666,0.818181812763,2.80931806564,-0.309609860182,3.11892795563
1.68186283112,0.818181812763,2.80081725121,-0.309875965118,3.11069321632
1.71359610558,0.818181812763,2.78949666023,-0.309890955687,3.09938764572
1.74532938004,0.818181812763,2.77536725998,-0.309654951096,3.08502221107
1.77706253529,0.818181812763,2.75844311714,-0.309168606997,3.06761169434
1.80879580975,0.818181812763,2.73874163628,-0.308433711529,3.04717540741
1.84052908421,0.818181812763,2.71628236771,-0.30745229125,3.02373456955
1.87226235867,0.818181812763,2.6910879612,-0.306227624416,2.99731564522
1.90399563313,0.818181812763,2.66318392754,-0.304763525724,2.96794748306
1.93572890759,0.818181812763,2.63259840012,-0.303064316511,2.93566274643
1.96746218204,0.818181812763,2.59936189651,-0.301135450602,2.90049743652
1.9991953373,0.818181812763,2.56350827217,-0.298982918262,2.86249113083
2.03092861176,0.818181812763,2.52507328987,-0.2966132164,2.82168650627
2.06266188622,0.818181812763,2.48409581184,-0.294033616781,2.77812933922
2.09439516068,0.818181812763,2.44061684608,-0.291252195835,2.73186898232
2.12612843513,0.818181812763,2.39468050003,-0.288277328014,2.68295788765
2.15786170959,0.818181812763,2.34633302689,-0.285117894411,2.63145089149
2.18959498405,0.818181812763,2.29562306404,-0.281783550978,2.57740664482
2.22132825851,0.818181812763,2.24260139465,-0.278284400702,2.52088570595
2.25306153297,0.818181812763,2.18732142448,-0.274630606174,2.46195197105
2.28479480743,0.818181812763,2.12983942032,-0.270832747221,2.40067219734
2.31652784348,0.818181812763,2.07021307945,-0.266901999712,2.33711504936
2.34826135635,0.818181812763,2.00850129128,-0.262849569321,2.2713508606
2.3799943924,0.818181812763,1.94476819038,-0.258686929941,2.20345520973
2.41172790527,0.818181812763,1.87907576561,-0.254425674677,2.13350152969
2.44346094131,0.818181812763,1.81149244308,-0.250077277422,2.0615696907
2.47519421577,0.818181812763,1.74208438396,-0.245653584599,1.98773801327
2.50692749023,0.818181812763,1.67092227936,-0.241165965796,1.91208827496
2.53866076469,0.818181812763,1.59807765484,-0.236626446247,1.83470416069
2.57039403915,0.818181812763,1.52362394333,-0.232045829296,1.75566983223
2.60212731361,0.818181812763,1.44763612747,-0.22743614018,1.67507231236
2.63386058807,0.818181812763,1.37019062042,-0.222807869315,1.59299850464
2.66559386253,0.818181812763,1.29136538506,-0.218171939254,1.50953733921
2.69732713699,0.818181812763,1.21123993397,-0.21353931725,1.42477929592
2.72906041145,0.818181812763,1.12989485264,-0.208919465542,1.33881425858
2.76079368591,0.818181812763,1.04741191864,-0.204322934151,1.25173485279
2.79252696037,0.818181812763,0.963874518871,-0.199758991599,1.16363346577
2.82426023483,0.818181812763,0.879366517067,-0.195236459374,1.07460296154
2.85599327087,0.818181812763,0.793973743916,-0.190764144063,0.984737873077
2.88772678375,0.818181812763,0.707780063152,-0.186350509524,0.894130587578
2.91945981979,0.818181812763,0.620875179768,-0.182002902031,0.802878081799
2.95119309425,0.818181812763,0.533344388008,-0.177728787065,0.711073160172
2.98292636871,0.818181812763,0.445276588202,-0.173534974456,0.618811547756
3.01465964317,0.818181812763,0.356760472059,-0.169427722692,0.526188194752
3.04639291763,0.818181812763,0.267885088921,-0.165413081646,0.433298170567
3.07812619209,0.818181812763,0.178739979863,-0.161496162415,0.340236127377
3.10985946655,0.818181812763,0.0894148796797,-0.157682076097,0.247096955776
3.14159274101,0.818181812763,-2.46373275559e-07,-0.153975039721,0.153974786401
0,0.828282833099,0,-0.088136062026,0.088136062026
0.0317332595587,0.828282833099,0.0897355675697,-0.0932051166892,0.18294069171
0.0634665191174,0.828282833099,0.179380789399,-0.0983283370733,0.277709126472
0.095199778676,0.828282833099,0.268845379353,-0.103503227234,0.372348606586
0.126933038235,0.828282833099,0.358039259911,-0.108726993203,0.466766238213
0.158666297793,0.828282833099,0.446872621775,-0.113997191191,0.560869812965
0.190399557352,0.828282833099,0.535256028175,-0.119310572743,0.654566586018
0.222132816911,0.828282833099,0.62310051918,-0.124664008617,0.747764527798
0.253866076469,0.828282833099,0.71031755209,-0.130054354668,0.840371906757
0.285599350929,0.828282833099,0.796819448471,-0.135477498174,0.932296931744
0.317332595587,0.828282833099,0.882518827915,-0.140929549932,1.02344834805
0.349065840244,0.828282833099,0.967329621315,-0.1464060992,1.11373567581
0.380799114704,0.828282833099,1.05116653442,-0.151902765036,1.20306932926
0.412532389164,0.828282833099,1.13394498825,-0.157414540648,1.2913595438
0.444265633821,0.828282833099,1.21558153629,-0.162936747074,1.37851834297
0.475998878479,0.828282833099,1.29599428177,-0.168463349342,1.46445763111
0.507732152939,0.828282833099,1.37510192394,-0.173989102244,1.54909098148
0.539465427399,0.828282833099,1.45282506943,-0.179508134723,1.63233315945
0.571198701859,0.828282833099,1.5290851593,-0.18501418829,1.7140994072
0.602931916714,0.828282833099,1.6038056612,-0.190500542521,1.79430615902
0.634665191174,0.828282833099,1.67691147327,-0.195960894227,1.8728723526
0.666398465633,0.828282833099,1.74832844734,-0.201388210058,1.9497166872
0.698131680489,0.828282833099,1.81798505783,-0.206775218248,2.02476024628
0.729864954948,0.828282833099,1.88581120968,-0.212114647031,2.09792590141
0.761598229408,0.828282833099,1.95173871517,-0.217398703098,2.16913747787
0.793331503868,0.828282833099,2.01570057869,-0.222619920969,2.23832058907
0.825064778328,0.828282833099,2.07763314247,-0.227769985795,2.30540323257
0.856797993183,0.828282833099,2.13747358322,-0.232840880752,2.37031435966
0.888531267643,0.828282833099,2.19516181946,-0.237824723125,2.43298649788
0.920264542103,0.828282833099,2.25063943863,-0.242712602019,2.49335193634
0.951997756958,0.828282833099,2.30385112762,-0.247496336699,2.55134749413
0.983731031418,0.828282833099,2.35474300385,-0.252167284489,2.60691022873
1.01546430588,0.828282833099,2.4032638073,-0.256717115641,2.65998101234
1.04719758034,0.828282833099,2.44936466217,-0.261136949062,2.71050167084
1.0789308548,0.828282833099,2.49299955368,-0.265418708324,2.75841832161
1.11066412926,0.828282833099,2.53412389755,-0.269553422928,2.80367732048
1.14239740372,0.828282833099,2.57269668579,-0.273533076048,2.84622979164
1.17413055897,0.828282833099,2.60867881775,-0.277349025011,2.88602781296
1.20586383343,0.828282833099,2.64203429222,-0.280993282795,2.92302751541
1.23759710789,0.828282833099,2.67272973061,-0.284458190203,2.95718789101
1.26933038235,0.828282833099,2.70073366165,-0.287735790014,2.98846936226
1.30106365681,0.828282833099,2.72601819038,-0.290818661451,3.01683688164
1.33279693127,0.828282833099,2.74855804443,-0.293699681759,3.0422577858
1.36453020573,0.828282833099,2.7683300972,-0.296372056007,3.064702034
1.39626336098,0.828282833099,2.78531479836,-0.298829376698,3.08414411545
1.42799663544,0.828282833099,2.79949498177,-0.301065683365,3.10056066513
1.4597299099,0.828282833099,2.8108561039,-0.303075432777,3.11393165588
1.49146318436,0.828282833099,2.81938719749,-0.304853737354,3.12424087524
1.52319645882,0.828282833099,2.82507944107,-0.306395500898,3.13147497177
1.55492973328,0.828282833099,2.82792687416,-0.307697355747,3.1356241703
1.58666300774,0.828282833099,2.82792687416,-0.308755487204,3.13668227196
1.6183962822,0.828282833099,2.82507944107,-0.309567421675,3.13464689255
1.65012955666,0.828282833099,2.81938719749,-0.310130596161,3.12951779366
1.68186283112,0.828282833099,2.8108561039,-0.310444176197,3.12130022049
1.71359610558,0.828282833099,2.79949498177,-0.310506790876,3.11000180244
1.74532938004,0.828282833099,2.78531479836,-0.310318499804,3.09563326836
1.77706253529,0.828282833099,2.7683300972,-0.309880048037,3.07821011543
1.80879580975,0.828282833099,2.74855804443,-0.309192657471,3.0577507019
1.84052908421,0.828282833099,2.72601819038,-0.308258235455,3.03427648544
1.87226235867,0.828282833099,2.70073366165,-0.307080030441,3.00781369209
1.90399563313,0.828282833099,2.67272949219,-0.305661201477,2.97839069366
1.93572890759,0.828282833099,2.64203429222,-0.304006010294,2.94604039192
1.96746218204,0.828282833099,2.60867881775,-0.302119523287,2.91079831123
1.9991953373,0.828282833099,2.57269644737,-0.300007164478,2.87270355225
2.03092861176,0.828282833099,2.53412389755,-0.297675669193,2.83179950714
2.06266188622,0.828282833099,2.49299931526,-0.295131504536,2.78813076019
2.09439516068,0.828282833099,2.44936466217,-0.292382568121,2.74174714088
2.12612843513,0.828282833099,2.40326356888,-0.289436787367,2.69270038605
2.15786170959,0.828282833099,2.35474276543,-0.28630271554,2.64104557037
2.18959498405,0.828282833099,2.30385112762,-0.282989948988,2.58684110641
2.22132825851,0.828282833099,2.25063943863,-0.27950784564,2.53014731407
2.25306153297,0.828282833099,2.19516134262,-0.275866389275,2.4710278511
2.28479480743,0.828282833099,2.1374733448,-0.272076100111,2.40954947472
2.31652784348,0.828282833099,2.07763338089,-0.268147617579,2.34578108788
2.34826135635,0.828282833099,2.01570034027,-0.264091968536,2.27979230881
2.3799943924,0.828282833099,1.95173871517,-0.259920299053,2.21165895462
2.41172790527,0.828282833099,1.88581085205,-0.255644232035,2.14145517349
2.44346094131,0.828282833099,1.81798517704,-0.251274734735,2.06925988197
2.47519421577,0.828282833099,1.74832844734,-0.246823623776,1.99515211582
2.50692749023,0.828282833099,1.67691123486,-0.242302522063,1.91921377182
2.53866076469,0.828282833099,1.60380554199,-0.23772276938,1.84152829647
2.57039403915,0.828282833099,1.52908504009,-0.233095660806,1.762180686
2.60212731361,0.828282833099,1.45282483101,-0.228432670236,1.68125748634
2.63386058807,0.828282833099,1.37510168552,-0.223744541407,1.59884619713
2.66559386253,0.828282833099,1.29599392414,-0.219042643905,1.51503658295
2.69732713699,0.828282833099,1.21558129787,-0.214337095618,1.42991840839
2.72906041145,0.828282833099,1.13394463062,-0.209638550878,1.3435832262
2.76079368591,0.828282833099,1.0511661768,-0.204956844449,1.25612306595
2.79252696037,0.828282833099,0.967329323292,-0.200301617384,1.16763091087
2.82426023483,0.828282833099,0.882518410683,-0.195682048798,1.07820045948
2.85599327087,0.828282833099,0.796819508076,-0.191107273102,0.987926781178
2.88772678375,0.828282833099,0.710316956043,-0.186585411429,0.896902382374
2.91945981979,0.828282833099,0.623100578785,-0.182124570012,0.805225133896
2.95119309425,0.828282833099,0.535256028175,-0.177732437849,0.712988495827
2.98292636871,0.828282833099,0.446872591972,-0.173416078091,0.620288670063
3.01465964317,0.828282833099,0.358039200306,-0.169181883335,0.527221083641
3.04639291763,0.828282833099,0.268845260143,-0.165036171675,0.433881431818
3.07812619209,0.828282833099,0.179380625486,-0.160984829068,0.340365469456
3.10985946655,0.828282833099,0.0897353664041,-0.157032772899,0.246768146753
3.14159274101,0.828282833099,-2.47256338071e-07,-0.153185039759,0.153184786439
0,0.838383853436,0,-0.0866170525551,0.0866170525551
0.0317332595587,0.838383853436,0.0900560542941,-0.0917334333062,0.1817894876
0.0634665191174,0.838383853436,0.180021449924,-0.0969035774469,0.27692502737
0.095199778676,0.838383853436,0.269805550575,-0.102125413716,0.371930956841
0.126933038235,0.838383853436,0.359317988157,-0.107396200299,0.466714203358
0.158666297793,0.838383853436,0.448468625546,-0.112713173032,0.561181783676
0.190399557352,0.838383853436,0.537167668343,-0.118073143065,0.655240833759
0.222132816911,0.838383853436,0.625325918198,-0.123472958803,0.748798847198
0.253866076469,0.838383853436,0.712854385376,-0.128908917308,0.841763317585
0.285599350929,0.838383853436,0.799665272236,-0.134377688169,0.934042930603
0.317332595587,0.838383853436,0.885670721531,-0.139874637127,1.02554535866
0.349065840244,0.838383853436,0.970784425735,-0.145395740867,1.1161801815
0.380799114704,0.838383853436,1.05492079258,-0.15093614161,1.20585691929
0.412532389164,0.838383853436,1.13799488544,-0.156491264701,1.29448616505
0.444265633821,0.838383853436,1.2199229002,-0.162055581808,1.38197851181
0.475998878479,0.838383853436,1.30062282085,-0.167624115944,1.4682469368
0.507732152939,0.838383853436,1.38001310825,-0.17319098115,1.5532040596
0.539465427399,0.838383853436,1.45801377296,-0.178750231862,1.63676404953
0.571198701859,0.838383853436,1.53454625607,-0.184295549989,1.71884179115
0.602931916714,0.838383853436,1.60953366756,-0.189820840955,1.79935455322
0.634665191174,0.838383853436,1.68290042877,-0.195319056511,1.87821948528
0.666398465633,0.838383853436,1.75457251072,-0.20078356564,1.95535612106
0.698131680489,0.838383853436,1.824477911,-0.206206932664,2.03068494797
0.729864954948,0.838383853436,1.89254629612,-0.211581781507,2.10412812233
0.761598229408,0.838383853436,1.95870923996,-0.216900885105,2.17561006546
0.793331503868,0.838383853436,2.02289962769,-0.222156107426,2.24505567551
0.825064778328,0.838383853436,2.08505344391,-0.227339804173,2.31239318848
0.856797993183,0.838383853436,2.14510750771,-0.232443794608,2.37755131721
0.888531267643,0.838383853436,2.20300173759,-0.237460002303,2.44046163559
0.920264542103,0.838383853436,2.2586774826,-0.242379948497,2.5010573864
0.951997756958,0.838383853436,2.31207919121,-0.247195333242,2.55927443504
0.983731031418,0.838383853436,2.36315274239,-0.251897752285,2.61505055428
1.01546430588,0.838383853436,2.41184687614,-0.256478846073,2.66832566261
1.04719758034,0.838383853436,2.45811247826,-0.260930091143,2.7190425396
1.0789308548,0.838383853436,2.5019030571,-0.265242904425,2.76714587212
1.11066412926,0.838383853436,2.54317450523,-0.269408851862,2.8125834465
1.14239740372,0.838383853436,2.58188486099,-0.273420214653,2.85530519485
1.17413055897,0.838383853436,2.61799550056,-0.277268052101,2.89526367188
1.20586383343,0.838383853436,2.65147018433,-0.28094497323,2.93241524696
1.23759710789,0.838383853436,2.68227505684,-0.284442782402,2.96671772003
1.26933038235,0.838383853436,2.71037912369,-0.287754029036,2.99813318253
1.30106365681,0.838383853436,2.73575401306,-0.290871411562,3.02662539482
1.33279693127,0.838383853436,2.75837445259,-0.293787837029,3.05216217041
1.36453020573,0.838383853436,2.77821707726,-0.29649668932,3.07471370697
1.39626336098,0.838383853436,2.79526233673,-0.298991292715,3.09425354004
1.42799663544,0.838383853436,2.8094933033,-0.301266044378,3.11075925827
1.4597299099,0.838383853436,2.82089495659,-0.303315401077,3.12421035767
1.49146318436,0.838383853436,2.82945656776,-0.305133998394,3.13459062576
1.52319645882,0.838383853436,2.83516907692,-0.306717544794,3.14188671112
1.55492973328,0.838383853436,2.83802652359,-0.308062285185,3.14608883858
1.58666300774,0.838383853436,2.83802652359,-0.309164255857,3.14719080925
1.6183962822,0.838383853436,2.83516907692,-0.310021013021,3.14519000053
1.65012955666,0.838383853436,2.82945656776,-0.310629963875,3.14008665085
1.68186283112,0.838383853436,2.82089495659,-0.310990005732,3.13188505173
1.71359610558,0.838383853436,2.8094933033,-0.311099857092,3.12059307098
1.74532938004,0.838383853436,2.79526233673,-0.310959160328,3.10622143745
1.77706253529,0.838383853436,2.77821707726,-0.3105686903,3.08878564835
1.80879580975,0.838383853436,2.75837445259,-0.309929281473,3.06830382347
1.84052908421,0.838383853436,2.73575401306,-0.309042870998,3.04479694366
1.87226235867,0.838383853436,2.71037912369,-0.307912021875,3.01829123497
1.90399563313,0.838383853436,2.68227505684,-0.30654001236,2.9888150692
1.93572890759,0.838383853436,2.65147018433,-0.304930865765,2.9564011097
1.96746218204,0.838383853436,2.61799550056,-0.303088873625,2.92108440399
1.9991953373,0.838383853436,2.58188486099,-0.301019668579,2.88290452957
2.03092861176,0.838383853436,2.54317426682,-0.298729032278,2.84190320969
2.06266188622,0.838383853436,2.5019030571,-0.296223908663,2.79812693596
2.09439516068,0.838383853436,2.45811247826,-0.293510943651,2.75162339211
2.12612843513,0.838383853436,2.41184687614,-0.290598362684,2.70244526863
2.15786170959,0.838383853436,2.36315274239,-0.287494450808,2.65064716339
2.18959498405,0.838383853436,2.31207919121,-0.284207731485,2.5962870121
2.22132825851,0.838383853436,2.2586774826,-0.280747801065,2.53942537308
2.25306153297,0.838383853436,2.20300126076,-0.277124345303,2.48012566566
2.28479480743,0.838383853436,2.14510703087,-0.273347139359,2.41845417023
2.31652784348,0.838383853436,2.08505344391,-0.269427120686,2.35448050499
2.34826135635,0.838383853436,2.02289938927,-0.265374481678,2.28827381134
2.3799943924,0.838383853436,1.95870923996,-0.261200577021,2.21990990639
2.41172790527,0.838383853436,1.89254593849,-0.256916224957,2.14946222305
2.44346094131,0.838383853436,1.8244780302,-0.252532988787,2.0770111084
2.47519421577,0.838383853436,1.75457251072,-0.24806176126,2.00263428688
2.50692749023,0.838383853436,1.68290030956,-0.243514418602,1.92641472816
2.53866076469,0.838383853436,1.60953342915,-0.238901913166,1.84843540192
2.57039403915,0.838383853436,1.53454601765,-0.234235674143,1.76878166199
2.60212731361,0.838383853436,1.45801353455,-0.229527115822,1.68754065037
2.63386058807,0.838383853436,1.38001275063,-0.224787086248,1.60479986668
2.66559386253,0.838383853436,1.30062258244,-0.22002646327,1.52064907551
2.69732713699,0.838383853436,1.21992266178,-0.215255916119,1.4351785183
2.72906041145,0.838383853436,1.13799452782,-0.210485905409,1.34848046303
2.76079368591,0.838383853436,1.05492031574,-0.20572642982,1.26064670086
2.79252696037,0.838383853436,0.970784068108,-0.200987070799,1.17177116871
2.82426023483,0.838383853436,0.885670304298,-0.196277588606,1.08194792271
2.85599327087,0.838383853436,0.799665331841,-0.191606894135,0.991272211075
2.88772678375,0.838383853436,0.71285378933,-0.186983630061,0.899837434292
2.91945981979,0.838383853436,0.625325918198,-0.182416066527,0.807741999626
2.95119309425,0.838383853436,0.537167668343,-0.17791198194,0.715079665184
2.98292636871,0.838383853436,0.448468565941,-0.173478677869,0.621947228909
3.01465964317,0.838383853436,0.35931789875,-0.169122979045,0.528440892696
3.04639291763,0.838383853436,0.269805431366,-0.164851889014,0.434657335281
3.07812619209,0.838383853436,0.18002127111,-0.160670518875,0.340691804886
3.10985946655,0.838383853436,0.0900558531284,-0.156585246325,0.246641099453
3.14159274101,0.838383853436,-2.48139400583e-07,-0.152600646019,0.152600392699
0,0.848484873772,0,-0.0852143391967,0.0852143391967
0.0317332595587,0.848484873772,0.0903765410185,-0.0903764665127,0.180753007531
0.0634665191174,0.848484873772,0.180662095547,-0.0955926030874,0.276254713535
0.095199778676,0.848484873772,0.270765721798,-0.100860267878,0.371625989676
0.126933038235,0.848484873772,0.360596716404,-0.106176353991,0.466773062944
0.158666297793,0.848484873772,0.450064599514,-0.111538298428,0.561602890491
0.190399557352,0.848484873772,0.53907930851,-0.116943016648,0.656022310257
0.222132816911,0.848484873772,0.62755125761,-0.122387334704,0.749938607216
0.253866076469,0.848484873772,0.715391278267,-0.127867460251,0.843258738518
0.285599350929,0.848484873772,0.802511036396,-0.133379280567,0.935890316963
0.317332595587,0.848484873772,0.888822555542,-0.138918921351,1.02774143219
0.349065840244,0.848484873772,0.974239170551,-0.144482165575,1.11872136593
0.380799114704,0.848484873772,1.05867493153,-0.150064006448,1.20873892307
0.412532389164,0.848484873772,1.14204466343,-0.155659645796,1.29770433903
0.444265633821,0.848484873772,1.22426438332,-0.161264061928,1.38552844524
0.475998878479,0.848484873772,1.30525135994,-0.166871592402,1.47212290764
0.507732152939,0.848484873772,1.38492417336,-0.172476813197,1.55740094185
0.539465427399,0.848484873772,1.4632024765,-0.178073346615,1.64127588272
0.571198701859,0.848484873772,1.54000735283,-0.183655276895,1.72366261482
0.602931916714,0.848484873772,1.61526155472,-0.189216181636,1.80447769165
0.634665191174,0.848484873772,1.68888938427,-0.194749191403,1.88363862038
0.666398465633,0.848484873772,1.7608165741,-0.200247555971,1.96106410027
0.698131680489,0.848484873772,1.83097076416,-0.205703943968,2.03667473793
0.729864954948,0.848484873772,1.89928138256,-0.21111112833,2.1103925705
0.761598229408,0.848484873772,1.96567976475,-0.21646168828,2.18214154243
0.793331503868,0.848484873772,2.03009867668,-0.221747711301,2.25184631348
0.825064778328,0.848484873772,2.09247350693,-0.226961433887,2.31943488121
0.856797993183,0.848484873772,2.15274143219,-0.232094883919,2.3848361969
0.888531267643,0.848484873772,2.21084165573,-0.237139984965,2.44798159599
0.920264542103,0.848484873772,2.26671552658,-0.242088451982,2.50880408287
0.951997756958,0.848484873772,2.32030725479,-0.246932119131,2.56723928452
0.983731031418,0.848484873772,2.37156271935,-0.251662433147,2.6232252121
1.01546430588,0.848484873772,2.42043018341,-0.256271153688,2.6767013073
1.04719758034,0.848484873772,2.46686029434,-0.260750174522,2.72761058807
1.0789308548,0.848484873772,2.51080679893,-0.265090674162,2.7758975029
1.11066412926,0.848484873772,2.5522248745,-0.269284695387,2.82150959969
1.14239740372,0.848484873772,2.59107327461,-0.273324221373,2.86439752579
1.17413055897,0.848484873772,2.6273124218,-0.277200937271,2.90451335907
1.20586383343,0.848484873772,2.66090607643,-0.280907005072,2.9418129921
1.23759710789,0.848484873772,2.69182062149,-0.28443479538,2.97625541687
1.26933038235,0.848484873772,2.72002458572,-0.287776708603,3.00780129433
1.30106365681,0.848484873772,2.74548983574,-0.290925592184,3.03641533852
1.33279693127,0.848484873772,2.76819062233,-0.293874591589,3.06206512451
1.36453020573,0.848484873772,2.78810405731,-0.296616852283,3.08472084999
1.39626336098,0.848484873772,2.80521011353,-0.299146324396,3.10435652733
1.42799663544,0.848484873772,2.81949138641,-0.301456898451,3.12094831467
1.4597299099,0.848484873772,2.83093380928,-0.303543448448,3.13447713852
1.49146318436,0.848484873772,2.83952593803,-0.305400729179,3.144926548
1.52319645882,0.848484873772,2.84525871277,-0.307024121284,3.15228271484
1.55492973328,0.848484873772,2.84812641144,-0.308409750462,3.15653610229
1.58666300774,0.848484873772,2.84812641144,-0.309554189444,3.15768051147
1.6183962822,0.848484873772,2.84525871277,-0.310454547405,3.15571331978
1.65012955666,0.848484873772,2.83952593803,-0.311108231544,3.15063428879
1.68186283112,0.848484873772,2.83093380928,-0.311514019966,3.14244794846
1.71359610558,0.848484873772,2.81949138641,-0.311670362949,3.13116168976
1.74532938004,0.848484873772,2.80521011353,-0.31157720089,3.11678743362
1.77706253529,0.848484873772,2.78810405731,-0.311234652996,3.09933876991
1.80879580975,0.848484873772,2.76819062233,-0.31064376235,3.07883429527
1.84052908421,0.848484873772,2.74548983574,-0.309806019068,3.05529594421
1.87226235867,0.848484873772,2.72002458572,-0.308723509312,3.02874803543
1.90399563313,0.848484873772,2.69182062149,-0.307399749756,2.99922037125
1.93572890759,0.848484873772,2.66090607643,-0.305838048458,2.96674418449
1.96746218204,0.848484873772,2.6273124218,-0.304042756557,2.93135523796
1.9991953373,0.848484873772,2.59107303619,-0.302018970251,2.89309191704
2.03092861176,0.848484873772,2.5522248745,-0.299772292376,2.85199713707
2.06266188622,0.848484873772,2.51080656052,-0.297308802605,2.80811548233
2.09439516068,0.848484873772,2.46686029434,-0.294635772705,2.76149606705
2.12612843513,0.848484873772,2.42042994499,-0.291760146618,2.71219015121
2.15786170959,0.848484873772,2.37156248093,-0.288690328598,2.66025280952
2.18959498405,0.848484873772,2.32030725479,-0.285434365273,2.60574150085
2.22132825851,0.848484873772,2.26671552658,-0.282001614571,2.54871702194
2.25306153297,0.848484873772,2.21084117889,-0.278401345015,2.48924255371
2.28479480743,0.848484873772,2.15274095535,-0.274643093348,2.42738413811
2.31652784348,0.848484873772,2.09247374535,-0.270737081766,2.36321091652
2.34826135635,0.848484873772,2.03009819984,-0.26669383049,2.29679203033
2.3799943924,0.848484873772,1.96567976475,-0.262523919344,2.2282037735
2.41172790527,0.848484873772,1.89928102493,-0.258238226175,2.15751934052
2.44346094131,0.848484873772,1.83097088337,-0.253847777843,2.08481860161
2.47519421577,0.848484873772,1.7608165741,-0.249363705516,2.01018023491
2.50692749023,0.848484873772,1.68888926506,-0.244797021151,1.93368625641
2.53866076469,0.848484873772,1.6152613163,-0.240159422159,1.85542070866
2.57039403915,0.848484873772,1.54000711441,-0.23546166718,1.77546882629
2.60212731361,0.848484873772,1.46320223808,-0.230714932084,1.69391715527
2.63386058807,0.848484873772,1.38492393494,-0.22593036294,1.61085426807
2.66559386253,0.848484873772,1.30525112152,-0.221118628979,1.5263698101
2.69732713699,0.848484873772,1.2242641449,-0.21629075706,1.44055485725
2.72906041145,0.848484873772,1.1420443058,-0.211456462741,1.35350072384
2.76079368591,0.848484873772,1.0586745739,-0.206626668572,1.26530122757
2.79252696037,0.848484873772,0.974238872528,-0.201810851693,1.17604970932
2.82426023483,0.848484873772,0.888822138309,-0.197018548846,1.08584070206
2.85599327087,0.848484873772,0.802511155605,-0.192258939147,0.994770109653
2.88772678375,0.848484873772,0.71539068222,-0.187541171908,0.90293186903
2.91945981979,0.848484873772,0.627551317215,-0.182873472571,0.810424804688
2.95119309425,0.848484873772,0.53907930851,-0.178263649344,0.717342972755
2.98292636871,0.848484873772,0.450064539909,-0.173719778657,0.623784303665
3.01465964317,0.848484873772,0.360596626997,-0.169248476624,0.529845118523
3.04639291763,0.848484873772,0.270765602589,-0.164856776595,0.435622394085
3.07812619209,0.848484873772,0.180661931634,-0.160551130772,0.341213047504
3.10985946655,0.848484873772,0.0903763398528,-0.156337320805,0.246713668108
3.14159274101,0.848484873772,-2.49022463095e-07,-0.152220323682,0.152220070362
0,0.858585834503,0,-0.0839247703552,0.0839247703552
0.0317332595587,0.858585834503,0.0906970202923,-0.0891316756606,0.179828703403
0.0634665191174,0.858585834503,0.181302726269,-0.0943921357393,0.275694847107
0.095199778676,0.858585834503,0.271725863218,-0.0997037217021,0.371429592371
0.126933038235,0.858585834503,0.361875414848,-0.105063952506,0.466939359903
0.158666297793,0.858585834503,0.45166054368,-0.110469400883,0.562129974365
0.190399557352,0.858585834503,0.540990948677,-0.115917272866,0.656908214092
0.222132816911,0.858585834503,0.629776597023,-0.121403858066,0.75118046999
0.253866076469,0.858585834503,0.717928051949,-0.126925870776,0.844853937626
0.285599350929,0.858585834503,0.805356800556,-0.132479026914,0.937835812569
0.317332595587,0.858585834503,0.891974389553,-0.138059169054,1.03003358841
0.349065840244,0.858585834503,0.977693855762,-0.14366222918,1.12135612965
0.380799114704,0.858585834503,1.06242907047,-0.149283066392,1.21171212196
0.412532389164,0.858585834503,1.14609444141,-0.154917016625,1.30101144314
0.444265633821,0.858585834503,1.22860562801,-0.160558611155,1.38916420937
0.475998878479,0.858585834503,1.30987989902,-0.166202500463,1.47608244419
0.507732152939,0.858585834503,1.38983511925,-0.171843230724,1.56167840958
0.539465427399,0.858585834503,1.46839094162,-0.177474364638,1.64586532116
0.571198701859,0.858585834503,1.54546821117,-0.183089837432,1.72855806351
0.602931916714,0.858585834503,1.62098932266,-0.18868342042,1.80967271328
0.634665191174,0.858585834503,1.69487833977,-0.194248184562,1.88912653923
0.666398465633,0.858585834503,1.76706051826,-0.199777185917,1.96683764458
0.698131680489,0.858585834503,1.83746349812,-0.205263599753,2.04272699356
0.729864954948,0.858585834503,1.90601634979,-0.210699692369,2.11671614647
0.761598229408,0.858585834503,1.97265017033,-0.216078624129,2.18872880936
0.793331503868,0.858585834503,2.03729748726,-0.221391916275,2.25868940353
0.825064778328,0.858585834503,2.09989356995,-0.226632490754,2.32652616501
0.856797993183,0.858585834503,2.16037511826,-0.231791898608,2.39216709137
0.888531267643,0.858585834503,2.21868133545,-0.236862659454,2.4555439949
0.920264542103,0.858585834503,2.27475357056,-0.241836264729,2.51658987999
0.951997756958,0.858585834503,2.32853507996,-0.246704697609,2.57523965836
0.983731031418,0.858585834503,2.37997245789,-0.251459509134,2.63143205643
1.01546430588,0.858585834503,2.42901301384,-0.256092756987,2.68510580063
1.04719758034,0.858585834503,2.47560787201,-0.260595858097,2.7362036705
1.0789308548,0.858585834503,2.51971030235,-0.264960974455,2.78467130661
1.11066412926,0.858585834503,2.56127524376,-0.269179731607,2.83045506477
1.14239740372,0.858585834503,2.6002612114,-0.273244291544,2.87350559235
1.17413055897,0.858585834503,2.6366288662,-0.277146488428,2.91377544403
1.20586383343,0.858585834503,2.67034173012,-0.280878603458,2.95122027397
1.23759710789,0.858585834503,2.70136594772,-0.28443339467,2.98579931259
1.26933038235,0.858585834503,2.72967004776,-0.28780323267,3.01747322083
1.30106365681,0.858585834503,2.75522542,-0.290980696678,3.04620599747
1.33279693127,0.858585834503,2.77800679207,-0.293959647417,3.07196640968
1.36453020573,0.858585834503,2.79799079895,-0.29673281312,3.09472370148
1.39626336098,0.858585834503,2.81515741348,-0.299294561148,3.11445188522
1.42799663544,0.858585834503,2.82948946953,-0.30163872242,3.13112831116
1.4597299099,0.858585834503,2.84097242355,-0.303760409355,3.14473295212
1.49146318436,0.858585834503,2.84959506989,-0.305654108524,3.1552491188
1.52319645882,0.858585834503,2.8553481102,-0.307315409184,3.16266345978
1.55492973328,0.858585834503,2.85822606087,-0.308740466833,3.16696643829
1.58666300774,0.858585834503,2.85822606087,-0.309925794601,3.16815185547
1.6183962822,0.858585834503,2.8553481102,-0.310868322849,3.16621637344
1.65012955666,0.858585834503,2.84959506989,-0.311565995216,3.16116094589
1.68186283112,0.858585834503,2.84097242355,-0.312016576529,3.15298891068
1.71359610558,0.858585834503,2.82948946953,-0.3122189641,3.14170837402
1.74532938004,0.858585834503,2.81515741348,-0.312172919512,3.12733030319
1.77706253529,0.858585834503,2.79799079895,-0.311878502369,3.10986924171
1.80879580975,0.858585834503,2.77800679207,-0.311336040497,3.08934283257
1.84052908421,0.858585834503,2.75522542,-0.310547471046,3.06577301025
1.87226235867,0.858585834503,2.72967004776,-0.309514462948,3.03918457031
1.90399563313,0.858585834503,2.7013657093,-0.308239966631,3.00960564613
1.93572890759,0.858585834503,2.67034173012,-0.306727319956,2.97706913948
1.96746218204,0.858585834503,2.6366288662,-0.304980456829,2.94160938263
1.9991953373,0.858585834503,2.60026097298,-0.303004294634,2.90326523781
2.03092861176,0.858585834503,2.56127500534,-0.300803869963,2.86207890511
2.06266188622,0.858585834503,2.51971006393,-0.298385262489,2.81809520721
2.09439516068,0.858585834503,2.47560787201,-0.295755147934,2.77136301994
2.12612843513,0.858585834503,2.42901277542,-0.292920202017,2.72193288803
2.15786170959,0.858585834503,2.37997221947,-0.289888262749,2.66986036301
2.18959498405,0.858585834503,2.32853507996,-0.286667466164,2.61520242691
2.22132825851,0.858585834503,2.27475333214,-0.28326639533,2.55801963806
2.25306153297,0.858585834503,2.21868085861,-0.279694229364,2.49837517738
2.28479480743,0.858585834503,2.16037464142,-0.275960057974,2.43633460999
2.31652784348,0.858585834503,2.09989356995,-0.272073984146,2.37196755409
2.34826135635,0.858585834503,2.03729701042,-0.268045723438,2.30534267426
2.3799943924,0.858585834503,1.97265017033,-0.263886094093,2.23653626442
2.41172790527,0.858585834503,1.90601599216,-0.259605288506,2.16562128067
2.44346094131,0.858585834503,1.83746361732,-0.255214363337,2.09267807007
2.47519421577,0.858585834503,1.76706051826,-0.250724047422,2.01778459549
2.50692749023,0.858585834503,1.69487810135,-0.246145576239,1.94102370739
2.53866076469,0.858585834503,1.62098920345,-0.241489887238,1.86247909069
2.57039403915,0.858585834503,1.54546809196,-0.236767709255,1.78223586082
2.60212731361,0.858585834503,1.46839082241,-0.231990411878,1.70038127899
2.63386058807,0.858585834503,1.38983488083,-0.227168768644,1.61700367928
2.66559386253,0.858585834503,1.30987966061,-0.222313717008,1.53219342232
2.69732713699,0.858585834503,1.2286053896,-0.217435717583,1.44604110718
2.72906041145,0.858585834503,1.14609408379,-0.212545230985,1.35863935947
2.76079368591,0.858585834503,1.06242859364,-0.207652509212,1.27008104324
2.79252696037,0.858585834503,0.977693557739,-0.202767416835,1.18046092987
2.82426023483,0.858585834503,0.891973972321,-0.197899803519,1.08987379074
2.85599327087,0.858585834503,0.805356860161,-0.193058595061,0.998415470123
2.88772678375,0.858585834503,0.717927455902,-0.188253134489,0.906180620193
2.91945981979,0.858585834503,0.629776656628,-0.183492079377,0.813268721104
2.95119309425,0.858585834503,0.540990948677,-0.178783342242,0.71977430582
2.98292636871,0.858585834503,0.451660513878,-0.174134910107,0.625795423985
3.01465964317,0.858585834503,0.361875325441,-0.169554188848,0.53142952919
3.04639291763,0.858585834503,0.271725744009,-0.1650480479,0.436773777008
3.07812619209,0.858585834503,0.181302562356,-0.160623386502,0.341925948858
3.10985946655,0.858585834503,0.0906968191266,-0.156286105514,0.246982932091
3.14159274101,0.858585834503,-2.49905497185e-07,-0.152041912079,0.152041658759
0,0.868686854839,0,-0.0827448144555,0.0827448144555
0.0317332595587,0.868686854839,0.0910175070167,-0.0879952907562,0.179012805223
0.0634665191174,0.868686854839,0.181943386793,-0.093298882246,0.275242269039
0.095199778676,0.868686854839,0.272686034441,-0.0986531078815,0.371339142323
0.126933038235,0.868686854839,0.363154113293,-0.104055531323,0.467209637165
0.158666297793,0.868686854839,0.453256517649,-0.109502799809,0.562759339809
0.190399557352,0.868686854839,0.542902588844,-0.114991925657,0.657894492149
0.222132816911,0.868686854839,0.632001936436,-0.120519176126,0.75252109766
0.253866076469,0.868686854839,0.720464944839,-0.126080945134,0.846545875072
0.285599350929,0.868686854839,0.808202564716,-0.131673291326,0.939875841141
0.317332595587,0.868686854839,0.895126283169,-0.137291967869,1.03241825104
0.349065840244,0.868686854839,0.981148660183,-0.142932295799,1.12408089638
0.380799114704,0.868686854839,1.06618320942,-0.148590013385,1.2147731781
0.412532389164,0.868686854839,1.1501442194,-0.154259562492,1.30440378189
0.444265633821,0.868686854839,1.23294699192,-0.159935906529,1.39288294315
0.475998878479,0.868686854839,1.31450843811,-0.165613800287,1.4801222086
0.507732152939,0.868686854839,1.39474630356,-0.171287074685,1.56603336334
0.539465427399,0.868686854839,1.47357964516,-0.176949903369,1.65052950382
0.571198701859,0.868686854839,1.55092930794,-0.18259626627,1.7335255146
0.602931916714,0.868686854839,1.62671720982,-0.188219502568,1.81493675709
0.634665191174,0.868686854839,1.70086729527,-0.19381301105,1.89468026161
0.666398465633,0.868686854839,1.77330458164,-0.199369639158,1.9726742506
0.698131680489,0.868686854839,1.84395635128,-0.204882696271,2.04883909225
0.729864954948,0.868686854839,1.91275143623,-0.210344940424,2.12309646606
0.761598229408,0.868686854839,1.97962069511,-0.215748503804,2.19536924362
0.793331503868,0.868686854839,2.04449653625,-0.221086427569,2.26558303833
0.825064778328,0.868686854839,2.10731363297,-0.22635038197,2.33366394043
0.856797993183,0.868686854839,2.16800904274,-0.23153282702,2.39954185486
0.888531267643,0.868686854839,2.22652125359,-0.236625805497,2.46314716339
0.920264542103,0.868686854839,2.28279161453,-0.241621315479,2.52441287041
0.951997756958,0.868686854839,2.33676314354,-0.246511206031,2.58327436447
0.983731031418,0.868686854839,2.38838219643,-0.251287311316,2.63966941833
1.01546430588,0.868686854839,2.43759632111,-0.25594162941,2.69353795052
1.04719758034,0.868686854839,2.4843556881,-0.260466068983,2.74482178688
1.0789308548,0.868686854839,2.52861380577,-0.264852374792,2.79346609116
1.11066412926,0.868686854839,2.57032585144,-0.269092798233,2.83941864967
1.14239740372,0.868686854839,2.6094493866,-0.273179203272,2.88262867928
1.17413055897,0.868686854839,2.64594554901,-0.277103990316,2.92304944992
1.20586383343,0.868686854839,2.67977762222,-0.280859440565,2.96063709259
1.23759710789,0.868686854839,2.71091151237,-0.284438073635,2.99534964561
1.26933038235,0.868686854839,2.7393155098,-0.287832915783,3.02714848518
1.30106365681,0.868686854839,2.76496148109,-0.291036486626,3.05599784851
1.33279693127,0.868686854839,2.78782320023,-0.294042497873,3.08186578751
1.36453020573,0.868686854839,2.80787777901,-0.29684445262,3.10472226143
1.39626336098,0.868686854839,2.82510495186,-0.299436122179,3.12454104424
1.42799663544,0.868686854839,2.83948779106,-0.30181157589,3.14129924774
1.4597299099,0.868686854839,2.85101127625,-0.303966075182,3.15497732162
1.49146318436,0.868686854839,2.85966420174,-0.305894464254,3.16555857658
1.52319645882,0.868686854839,2.86543774605,-0.307591825724,3.17302966118
1.55492973328,0.868686854839,2.8683257103,-0.30905470252,3.17738032341
1.58666300774,0.868686854839,2.8683257103,-0.310279577971,3.17860531807
1.6183962822,0.868686854839,2.86543774605,-0.311263114214,3.17670083046
1.65012955666,0.868686854839,2.85966420174,-0.312003225088,3.17166733742
1.68186283112,0.868686854839,2.85101127625,-0.312497884035,3.16350913048
1.71359610558,0.868686854839,2.83948779106,-0.31274586916,3.15223360062
1.74532938004,0.868686854839,2.82510495186,-0.312746465206,3.13785147667
1.77706253529,0.868686854839,2.80787777901,-0.312499940395,3.12037777901
1.80879580975,0.868686854839,2.78782320023,-0.312006473541,3.09982967377
1.84052908421,0.868686854839,2.76496148109,-0.311267286539,3.07622885704
1.87226235867,0.868686854839,2.7393155098,-0.310284465551,3.04959988594
1.90399563313,0.868686854839,2.71091127396,-0.309060275555,3.01997160912
1.93572890759,0.868686854839,2.67977762222,-0.3075979352,2.98737549782
1.96746218204,0.868686854839,2.64594554901,-0.305901348591,2.951846838
1.9991953373,0.868686854839,2.6094493866,-0.303974509239,2.91342401505
2.03092861176,0.868686854839,2.57032561302,-0.30182287097,2.87214851379
2.06266188622,0.868686854839,2.52861356735,-0.299451619387,2.82806515694
2.09439516068,0.868686854839,2.4843556881,-0.296867311001,2.7812230587
2.12612843513,0.868686854839,2.43759608269,-0.294076263905,2.73167228699
2.15786170959,0.868686854839,2.38838195801,-0.291086018085,2.67946791649
2.18959498405,0.868686854839,2.33676314354,-0.287904471159,2.6246676445
2.22132825851,0.868686854839,2.28279137611,-0.284539461136,2.56733083725
2.25306153297,0.868686854839,2.22652077675,-0.280999898911,2.50752067566
2.28479480743,0.868686854839,2.1680085659,-0.277294844389,2.44530344009
2.31652784348,0.868686854839,2.10731387138,-0.273433834314,2.3807477951
2.34826135635,0.868686854839,2.04449605942,-0.269426494837,2.31392264366
2.3799943924,0.868686854839,1.97962069511,-0.265282839537,2.24490356445
2.41172790527,0.868686854839,1.91275107861,-0.261013358831,2.17376446724
2.44346094131,0.868686854839,1.84395647049,-0.256628394127,2.10058498383
2.47519421577,0.868686854839,1.77330458164,-0.252138614655,2.02544307709
2.50692749023,0.868686854839,1.70086717606,-0.247554957867,1.94842219353
2.53866076469,0.868686854839,1.62671709061,-0.242887958884,1.86960506439
2.57039403915,0.868686854839,1.55092906952,-0.238148868084,1.78907799721
2.60212731361,0.868686854839,1.47357952595,-0.233348295093,1.70692777634
2.63386058807,0.868686854839,1.39474606514,-0.228497281671,1.62324333191
2.66559386253,0.868686854839,1.31450819969,-0.22360612452,1.53811430931
2.69732713699,0.868686854839,1.2329467535,-0.218685701489,1.45163249969
2.72906041145,0.868686854839,1.15014386177,-0.213746368885,1.36389017105
2.76079368591,0.868686854839,1.06618285179,-0.208798214793,1.27498102188
2.79252696037,0.868686854839,0.981148302555,-0.203851386905,1.18499970436
2.82426023483,0.868686854839,0.895125806332,-0.198915675282,1.09404146671
2.85599327087,0.868686854839,0.808202683926,-0.194000169635,1.00220286846
2.88772678375,0.868686854839,0.720464348793,-0.189114421606,0.909578800201
2.91945981979,0.868686854839,0.63200199604,-0.184266939759,0.816268920898
2.95119309425,0.868686854839,0.542902588844,-0.179465964437,0.72236853838
2.98292636871,0.868686854839,0.453256487846,-0.174719542265,0.627976059914
3.01465964317,0.868686854839,0.363154053688,-0.170035719872,0.53318977356
3.04639291763,0.868686854839,0.272685915232,-0.165421396494,0.438107311726
3.07812619209,0.868686854839,0.181943207979,-0.160883441567,0.342826664448
3.10985946655,0.868686854839,0.0910172984004,-0.156428292394,0.247445583344
3.14159274101,0.868686854839,-2.50788588119e-07,-0.152061954141,0.152061700821
0,0.878787875175,0,-0.0816715732217,0.0816715732217
0.0317332595587,0.878787875175,0.091337993741,-0.0869639888406,0.178301990032
0.0634665191174,0.878787875175,0.182584032416,-0.0923092737794,0.274893313646
0.095199778676,0.878787875175,0.273646205664,-0.0977049991488,0.371351212263
0.126933038235,0.878787875175,0.364432841539,-0.103147827089,0.467580676079
0.158666297793,0.878787875175,0.45485252142,-0.108635179698,0.563487708569
0.190399557352,0.878787875175,0.544814229012,-0.114163704216,0.658977925777
0.222132816911,0.878787875175,0.634227335453,-0.119729757309,0.753957092762
0.253866076469,0.878787875175,0.723001778126,-0.125329464674,0.848331212997
0.285599350929,0.878787875175,0.811048388481,-0.130958944559,0.942007303238
0.317332595587,0.878787875175,0.89827811718,-0.136613860726,1.03489196301
0.349065840244,0.878787875175,0.984603404999,-0.142289325595,1.12689268589
0.380799114704,0.878787875175,1.06993746758,-0.147981315851,1.21791875362
0.412532389164,0.878787875175,1.15419411659,-0.153684064746,1.30787813663
0.444265633821,0.878787875175,1.23728847504,-0.159392610192,1.39668107033
0.475998878479,0.878787875175,1.31913709641,-0.165101647377,1.48423874378
0.507732152939,0.878787875175,1.39965736866,-0.170805037022,1.57046246529
0.539465427399,0.878787875175,1.47876834869,-0.176496952772,1.65526533127
0.571198701859,0.878787875175,1.55639028549,-0.182171195745,1.73856151104
0.602931916714,0.878787875175,1.63244521618,-0.187821164727,1.820266366
0.634665191174,0.878787875175,1.70685636997,-0.193440467119,1.90029680729
0.666398465633,0.878787875175,1.77954864502,-0.199022188783,1.9785708189
0.698131680489,0.878787875175,1.85044920444,-0.204558953643,2.05500817299
0.729864954948,0.878787875175,1.91948652267,-0.210044011474,2.12953042984
0.761598229408,0.878787875175,1.9865912199,-0.215469613671,2.20206093788
0.793331503868,0.878787875175,2.05169534683,-0.220828428864,2.27252388
0.825064778328,0.878787875175,2.1147339344,-0.226112812757,2.34084677696
0.856797993183,0.878787875175,2.17564272881,-0.231315076351,2.40695786476
0.888531267643,0.878787875175,2.23436117172,-0.236427262425,2.47078847885
0.920264542103,0.878787875175,2.29082965851,-0.241441339254,2.53227090836
0.951997756958,0.878787875175,2.34499144554,-0.246349647641,2.59134101868
0.983731031418,0.878787875175,2.39679193497,-0.251143962145,2.64793586731
1.01546430588,0.878787875175,2.44617938995,-0.255816370249,2.70199584961
1.04719758034,0.878787875175,2.49310350418,-0.260358989239,2.75346255302
1.0789308548,0.878787875175,2.53751754761,-0.264763683081,2.80228114128
1.11066412926,0.878787875175,2.5793762207,-0.269022613764,2.84839892387
1.14239740372,0.878787875175,2.61863780022,-0.273128122091,2.8917658329
1.17413055897,0.878787875175,2.65526247025,-0.277072578669,2.93233513832
1.20586383343,0.878787875175,2.68921351433,-0.280848503113,2.97006201744
1.23759710789,0.878787875175,2.72045707703,-0.284448444843,3.00490546227
1.26933038235,0.878787875175,2.74896097183,-0.287865519524,3.03682661057
1.30106365681,0.878787875175,2.77469730377,-0.291092664003,3.06578993797
1.33279693127,0.878787875175,2.79763960838,-0.294123440981,3.09176301956
1.36453020573,0.878787875175,2.81776475906,-0.296951413155,3.11471605301
1.39626336098,0.878787875175,2.83505272865,-0.29957062006,3.13462328911
1.42799663544,0.878787875175,2.84948611259,-0.30197557807,3.15146160126
1.4597299099,0.878787875175,2.86105012894,-0.304160863161,3.1652109623
1.49146318436,0.878787875175,2.86973357201,-0.30612167716,3.17585515976
1.52319645882,0.878787875175,2.8755273819,-0.307853609324,3.18338108063
1.55492973328,0.878787875175,2.87842559814,-0.309352725744,3.18777823448
1.58666300774,0.878787875175,2.87842559814,-0.310615450144,3.1890411377
1.6183962822,0.878787875175,2.8755273819,-0.311638832092,3.18716621399
1.65012955666,0.878787875175,2.86973357201,-0.312420397997,3.1821539402
1.68186283112,0.878787875175,2.86105012894,-0.312958329916,3.17400836945
1.71359610558,0.878787875175,2.84948611259,-0.313251316547,3.16273736954
1.74532938004,0.878787875175,2.83505272865,-0.313298106194,3.14835071564
1.77706253529,0.878787875175,2.81776475906,-0.313099205494,3.13086390495
1.80879580975,0.878787875175,2.79763960838,-0.312654525042,3.11029410362
1.84052908421,0.878787875175,2.77469730377,-0.311965316534,3.0866625309
1.87226235867,0.878787875175,2.74896097183,-0.31103309989,3.05999398232
1.90399563313,0.878787875175,2.72045683861,-0.309859961271,3.03031682968
1.93572890759,0.878787875175,2.68921351433,-0.30844938755,2.99766302109
1.96746218204,0.878787875175,2.65526247025,-0.306804150343,2.96206665039
1.9991953373,0.878787875175,2.6186375618,-0.3049287498,2.9235663414
2.03092861176,0.878787875175,2.5793762207,-0.302827656269,2.88220381737
2.06266188622,0.878787875175,2.53751730919,-0.300506263971,2.83802366257
2.09439516068,0.878787875175,2.49310350418,-0.297970473766,2.79107403755
2.12612843513,0.878787875175,2.44617915154,-0.295226722956,2.7414059639
2.15786170959,0.878787875175,2.39679193497,-0.29228168726,2.68907356262
2.18959498405,0.878787875175,2.34499144554,-0.289142817259,2.6341342926
2.22132825851,0.878787875175,2.29082942009,-0.28581777215,2.57664728165
2.25306153297,0.878787875175,2.23436069489,-0.282315611839,2.51667642593
2.28479480743,0.878787875175,2.17564249039,-0.278644353151,2.45428681374
2.31652784348,0.878787875175,2.1147339344,-0.274813532829,2.38954734802
2.34826135635,0.878787875175,2.05169510841,-0.27083209157,2.32252717018
2.3799943924,0.878787875175,1.9865912199,-0.266710281372,2.25330162048
2.41172790527,0.878787875175,1.91948616505,-0.262457728386,2.18194389343
2.44346094131,0.878787875175,1.85044932365,-0.258084982634,2.10853433609
2.47519421577,0.878787875175,1.77954864502,-0.253602296114,2.03315091133
2.50692749023,0.878787875175,1.70685613155,-0.249019876122,1.95587599277
2.53866076469,0.878787875175,1.63244497776,-0.244348943233,1.87679386139
2.57039403915,0.878787875175,1.55639016628,-0.239599600434,1.79598975182
2.60212731361,0.878787875175,1.47876822948,-0.234783023596,1.71355128288
2.63386058807,0.878787875175,1.39965713024,-0.229909479618,1.62956666946
2.66559386253,0.878787875175,1.31913673878,-0.224989831448,1.54412651062
2.69732713699,0.878787875175,1.23728811741,-0.220034494996,1.4573225975
2.72906041145,0.878787875175,1.15419375896,-0.215053707361,1.36924743652
2.76079368591,0.878787875175,1.06993699074,-0.21005782485,1.27999484539
2.79252696037,0.878787875175,0.984603106976,-0.205056861043,1.18965995312
2.82426023483,0.878787875175,0.898277699947,-0.20006044209,1.09833812714
2.85599327087,0.878787875175,0.81104850769,-0.195078209043,1.00612676144
2.88772678375,0.878787875175,0.723001182079,-0.190119102597,0.913120269775
2.91945981979,0.878787875175,0.634227395058,-0.185192227364,0.819419622421
2.95119309425,0.878787875175,0.544814229012,-0.180306062102,0.725120306015
2.98292636871,0.878787875175,0.454852461815,-0.175468668342,0.630321145058
3.01465964317,0.878787875175,0.364432752132,-0.170688092709,0.535120844841
3.04639291763,0.878787875175,0.273646086454,-0.16597186029,0.439617931843
3.07812619209,0.878787875175,0.182583853602,-0.161326915026,0.343910753727
3.10985946655,0.878787875175,0.0913377851248,-0.156759485602,0.248097270727
3.14159274101,0.878787875175,-2.51671650631e-07,-0.15227638185,0.152276128531
0,0.888888895512,0,-0.0807014331222,0.0807014331222
0.0317332595587,0.888888895512,0.0916584730148,-0.08603451401,0.177692979574
0.0634665191174,0.888888895512,0.183224663138,-0.0914202257991,0.274644881487
0.095199778676,0.888888895512,0.274606347084,-0.096855416894,0.371461749077
0.126933038235,0.888888895512,0.365711539984,-0.102337375283,0.468048930168
0.158666297793,0.888888895512,0.456448465586,-0.10786344111,0.564311921597
0.190399557352,0.888888895512,0.546725809574,-0.113429322839,0.660155117512
0.222132816911,0.888888895512,0.636452674866,-0.119031988084,0.755484640598
0.253866076469,0.888888895512,0.725538611412,-0.124667592347,0.850206196308
0.285599350929,0.888888895512,0.813894152641,-0.130332008004,0.944226145744
0.317332595587,0.888888895512,0.901429951191,-0.136020734906,1.0374506712
0.349065840244,0.888888895512,0.98805809021,-0.141729578376,1.12978768349
0.380799114704,0.888888895512,1.07369160652,-0.147453352809,1.22114491463
0.412532389164,0.888888895512,1.15824377537,-0.153187081218,1.31143081188
0.444265633821,0.888888895512,1.24162971973,-0.158925279975,1.40055501461
0.475998878479,0.888888895512,1.32376551628,-0.164662793279,1.48842835426
0.507732152939,0.888888895512,1.40456843376,-0.170393705368,1.57496213913
0.539465427399,0.888888895512,1.48395693302,-0.176112130284,1.66006910801
0.571198701859,0.888888895512,1.56185126305,-0.181811332703,1.74366259575
0.602931916714,0.888888895512,1.63817298412,-0.187485396862,1.82565832138
0.634665191174,0.888888895512,1.71284520626,-0.193127632141,1.9059728384
0.666398465633,0.888888895512,1.78579258919,-0.198731288314,1.9845238924
0.698131680489,0.888888895512,1.85694181919,-0.204288929701,2.06123065948
0.729864954948,0.888888895512,1.9262213707,-0.209793820977,2.13601517677
0.761598229408,0.888888895512,1.99356162548,-0.215238392353,2.20880007744
0.793331503868,0.888888895512,2.05889415741,-0.220615446568,2.27950954437
0.825064778328,0.888888895512,2.122153759,-0.225917309523,2.34807109833
0.856797993183,0.888888895512,2.18327641487,-0.231136292219,2.41441273689
0.888531267643,0.888888895512,2.24220085144,-0.236264586449,2.4784655571
0.920264542103,0.888888895512,2.29886746407,-0.241294622421,2.54016208649
0.951997756958,0.888888895512,2.35321927071,-0.246218219399,2.5994374752
0.983731031418,0.888888895512,2.40520167351,-0.251027733088,2.656229496
1.01546430588,0.888888895512,2.45476222038,-0.255715250969,2.71047735214
1.04719758034,0.888888895512,2.50185108185,-0.260273098946,2.76212406158
1.0789308548,0.888888895512,2.54642081261,-0.264693200588,2.8111140728
1.11066412926,0.888888895512,2.58842658997,-0.268968015909,2.85739469528
1.14239740372,0.888888895512,2.627825737,-0.273089796305,2.90091562271
1.17413055897,0.888888895512,2.66457891464,-0.277051210403,2.94163012505
1.20586383343,0.888888895512,2.69864916801,-0.28084474802,2.97949385643
1.23759710789,0.888888895512,2.73000240326,-0.284463465214,3.01446580887
1.26933038235,0.888888895512,2.75860643387,-0.287900388241,3.04650688171
1.30106365681,0.888888895512,2.78443288803,-0.291148453951,3.07558131218
1.33279693127,0.888888895512,2.80745577812,-0.294201552868,3.10165739059
1.36453020573,0.888888895512,2.8276515007,-0.297053575516,3.12470507622
1.39626336098,0.888888895512,2.84500002861,-0.299698233604,3.14469814301
1.42799663544,0.888888895512,2.85948419571,-0.302130311728,3.16161441803
1.4597299099,0.888888895512,2.87108874321,-0.304344415665,3.17543315887
1.49146318436,0.888888895512,2.87980270386,-0.306336134672,3.18613886833
1.52319645882,0.888888895512,2.88561677933,-0.308100759983,3.19371747971
1.55492973328,0.888888895512,2.88852524757,-0.309634536505,3.19815969467
1.58666300774,0.888888895512,2.88852524757,-0.310933887959,3.19945907593
1.6183962822,0.888888895512,2.88561677933,-0.311995744705,3.19761252403
1.65012955666,0.888888895512,2.87980270386,-0.312817960978,3.19262075424
1.68186283112,0.888888895512,2.87108874321,-0.313398182392,3.184486866
1.71359610558,0.888888895512,2.85948419571,-0.313735187054,3.17321944237
1.74532938004,0.888888895512,2.84500002861,-0.31382805109,3.1588280201
1.77706253529,0.888888895512,2.8276515007,-0.313676387072,3.14132785797
1.80879580975,0.888888895512,2.80745577812,-0.313280463219,3.12073612213
1.84052908421,0.888888895512,2.78443288803,-0.312641263008,3.09707403183
1.87226235867,0.888888895512,2.75860643387,-0.311760038137,3.0703663826
1.90399563313,0.888888895512,2.73000216484,-0.310639083385,3.04064130783
1.93572890759,0.888888895512,2.69864916801,-0.309280574322,3.00792980194
1.96746218204,0.888888895512,2.66457891464,-0.30768853426,2.9722673893
1.9991953373,0.888888895512,2.627825737,-0.305865734816,2.93369150162
2.03092861176,0.888888895512,2.58842635155,-0.303817421198,2.89224386215
2.06266188622,0.888888895512,2.54642081261,-0.301548063755,2.84796881676
2.09439516068,0.888888895512,2.50185108185,-0.299063354731,2.80091452599
2.12612843513,0.888888895512,2.45476222038,-0.296369314194,2.75113153458
2.15786170959,0.888888895512,2.40520143509,-0.293472409248,2.69867372513
2.18959498405,0.888888895512,2.35321927071,-0.290379852057,2.64359903336
2.22132825851,0.888888895512,2.29886722565,-0.287099003792,2.58596611023
2.25306153297,0.888888895512,2.24220061302,-0.283638000488,2.52583861351
2.28479480743,0.888888895512,2.18327617645,-0.280004829168,2.46328091621
2.31652784348,0.888888895512,2.12215399742,-0.276208996773,2.3983631134
2.34826135635,0.888888895512,2.05889391899,-0.272258788347,2.33115267754
2.3799943924,0.888888895512,1.99356162548,-0.268164128065,2.26172566414
2.41172790527,0.888888895512,1.92622113228,-0.263934463263,2.19015550613
2.44346094131,0.888888895512,1.85694205761,-0.259579539299,2.11652159691
2.47519421577,0.888888895512,1.78579258919,-0.255109876394,2.04090237617
2.50692749023,0.888888895512,1.71284508705,-0.250535547733,1.96338057518
2.53866076469,0.888888895512,1.6381727457,-0.245866909623,1.88403964043
2.57039403915,0.888888895512,1.56185114384,-0.241114363074,1.80296552181
2.60212731361,0.888888895512,1.48395681381,-0.236288636923,1.72024548054
2.63386058807,0.888888895512,1.40456807613,-0.23140001297,1.6359680891
2.66559386253,0.888888895512,1.32376527786,-0.226458877325,1.55022418499
2.69732713699,0.888888895512,1.24162948132,-0.221476152539,1.46310567856
2.72906041145,0.888888895512,1.15824341774,-0.216461315751,1.37470471859
2.76079368591,0.888888895512,1.07369112968,-0.211425200105,1.28511631489
2.79252696037,0.888888895512,0.988057792187,-0.206377446651,1.19443523884
2.82426023483,0.888888895512,0.901429533958,-0.201327696443,1.1027572155
2.85599327087,0.888888895512,0.813894212246,-0.196285799146,1.01017999649
2.88772678375,0.888888895512,0.725538015366,-0.191260889173,0.916798889637
2.91945981979,0.888888895512,0.636452674866,-0.186262086034,0.822714745998
2.95119309425,0.888888895512,0.546725809574,-0.181297704577,0.728023529053
2.98292636871,0.888888895512,0.456448405981,-0.176376178861,0.632824599743
3.01465964317,0.888888895512,0.365711450577,-0.171505942941,0.537217378616
3.04639291763,0.888888895512,0.274606227875,-0.166694194078,0.441300421953
3.07812619209,0.888888895512,0.183224499226,-0.161948233843,0.345172733068
3.10985946655,0.888888895512,0.0916582643986,-0.157275021076,0.248933285475
3.14159274101,0.888888895512,-2.52554684721e-07,-0.152681097388,0.152680844069
0,0.898989915848,0,-0.0798310935497,0.0798310935497
0.0317332595587,0.898989915848,0.0919789597392,-0.0852036997676,0.177182659507
0.0634665191174,0.898989915848,0.183865323663,-0.090627849102,0.274493157864
0.095199778676,0.898989915848,0.275566518307,-0.0961012840271,0.371667802334
0.126933038235,0.898989915848,0.36699026823,-0.101620689034,0.468610942364
0.158666297793,0.898989915848,0.458044439554,-0.107183068991,0.565227508545
0.190399557352,0.898989915848,0.548637449741,-0.112784825265,0.661422252655
0.222132816911,0.898989915848,0.638678014278,-0.118422456086,0.757100462914
0.253866076469,0.898989915848,0.728075504303,-0.124092057347,0.852167546749
0.285599350929,0.898989915848,0.816739916801,-0.129789099097,0.9465290308
0.317332595587,0.898989915848,0.904581785202,-0.135509833694,1.0400916338
0.349065840244,0.898989915848,0.99151289463,-0.141249373555,1.13276231289
0.380799114704,0.898989915848,1.07744574547,-0.147002756596,1.22444844246
0.412532389164,0.898989915848,1.16229367256,-0.152764886618,1.31505858898
0.444265633821,0.898989915848,1.24597108364,-0.15853048861,1.40450155735
0.475998878479,0.898989915848,1.32839405537,-0.164294049144,1.49268805981
0.507732152939,0.898989915848,1.40947949886,-0.170049890876,1.57952940464
0.539465427399,0.898989915848,1.48914563656,-0.175791844726,1.66493749619
0.571198701859,0.898989915848,1.56731235981,-0.181513518095,1.74882590771
0.602931916714,0.898989915848,1.64390087128,-0.18720908463,1.83111000061
0.634665191174,0.898989915848,1.71883416176,-0.192871406674,1.91170561314
0.666398465633,0.898989915848,1.79203665257,-0.198494136333,1.99053072929
0.698131680489,0.898989915848,1.86343467236,-0.204069897532,2.06750464439
0.729864954948,0.898989915848,1.93295645714,-0.209591820836,2.14254832268
0.761598229408,0.898989915848,2.00053215027,-0.215052694082,2.21558475494
0.793331503868,0.898989915848,2.06609320641,-0.220444828272,2.28653812408
0.825064778328,0.898989915848,2.12957406044,-0.225761324167,2.35533547401
0.856797993183,0.898989915848,2.19091033936,-0.230994179845,2.4219045639
0.888531267643,0.898989915848,2.25004076958,-0.236135706306,2.48617649078
0.920264542103,0.898989915848,2.30690550804,-0.241178616881,2.54808402061
0.951997756958,0.898989915848,2.36144733429,-0.246114775538,2.60756206512
0.983731031418,0.898989915848,2.41361165047,-0.250936836004,2.66454839706
1.01546430588,0.898989915848,2.46334552765,-0.255636692047,2.7189822197
1.04719758034,0.898989915848,2.51059889793,-0.260206967592,2.77080583572
1.0789308548,0.898989915848,2.55532455444,-0.264639735222,2.81996440887
1.11066412926,0.898989915848,2.59747695923,-0.268927544355,2.86640453339
1.14239740372,0.898989915848,2.63701415062,-0.273063063622,2.91007709503
1.17413055897,0.898989915848,2.67389583588,-0.277038753033,2.95093464851
1.20586383343,0.898989915848,2.70808506012,-0.280847638845,2.98893260956
1.23759710789,0.898989915848,2.73954796791,-0.284482508898,3.02403044701
1.26933038235,0.898989915848,2.7682518959,-0.287936657667,3.05618858337
1.30106365681,0.898989915848,2.79416871071,-0.291203469038,3.08537220955
1.33279693127,0.898989915848,2.81727194786,-0.294276922941,3.1115489006
1.36453020573,0.898989915848,2.83753848076,-0.29715052247,3.13468909264
1.39626336098,0.898989915848,2.85494756699,-0.299818575382,3.15476608276
1.42799663544,0.898989915848,2.86948227882,-0.302275836468,3.1717581749
1.4597299099,0.898989915848,2.8811275959,-0.304517060518,3.18564462662
1.49146318436,0.898989915848,2.88987207413,-0.306537866592,3.19640994072
1.52319645882,0.898989915848,2.89570641518,-0.308333426714,3.20403981209
1.55492973328,0.898989915848,2.898624897,-0.309900343418,3.20852518082
1.58666300774,0.898989915848,2.898624897,-0.31123483181,3.20985984802
1.6183962822,0.898989915848,2.89570641518,-0.312334209681,3.20804071426
1.65012955666,0.898989915848,2.88987207413,-0.313195705414,3.20306777954
1.68186283112,0.898989915848,2.8811275959,-0.313817292452,3.19494485855
1.71359610558,0.898989915848,2.86948227882,-0.314197719097,3.18368005753
1.74532938004,0.898989915848,2.85494756699,-0.314335733652,3.16928339005
1.77706253529,0.898989915848,2.83753848076,-0.314231157303,3.15176963806
1.80879580975,0.898989915848,2.81727194786,-0.313883960247,3.13115596771
1.84052908421,0.898989915848,2.79416871071,-0.313294768333,3.10746335983
1.87226235867,0.898989915848,2.7682518959,-0.312465250492,3.08071708679
1.90399563313,0.898989915848,2.73954772949,-0.311396509409,3.05094432831
1.93572890759,0.898989915848,2.70808506012,-0.31009170413,3.01817679405
1.96746218204,0.898989915848,2.67389583588,-0.30855306983,2.9824488163
1.9991953373,0.898989915848,2.6370139122,-0.306784808636,2.94379878044
2.03092861176,0.898989915848,2.59747695923,-0.304790496826,2.90226745605
2.06266188622,0.898989915848,2.55532431602,-0.302575111389,2.85789942741
2.09439516068,0.898989915848,2.51059889793,-0.300143748522,2.81074261665
2.12612843513,0.898989915848,2.46334528923,-0.297501981258,2.76084733009
2.15786170959,0.898989915848,2.41361141205,-0.294656425714,2.70826792717
2.18959498405,0.898989915848,2.36144733429,-0.291613280773,2.65306067467
2.22132825851,0.898989915848,2.30690526962,-0.288379997015,2.59528517723
2.25306153297,0.898989915848,2.25004053116,-0.284963965416,2.53500461578
2.28479480743,0.898989915848,2.19091010094,-0.281373649836,2.47228384018
2.31652784348,0.898989915848,2.12957406044,-0.277616709471,2.40719079971
2.34826135635,0.898989915848,2.06609296799,-0.27370262146,2.33979558945
2.3799943924,0.898989915848,2.00053215027,-0.269640177488,2.27017235756
2.41172790527,0.898989915848,1.93295621872,-0.265438318253,2.19839453697
2.44346094131,0.898989915848,1.86343491077,-0.261107385159,2.12454223633
2.47519421577,0.898989915848,1.79203665257,-0.256656765938,2.0486934185
2.50692749023,0.898989915848,1.71883404255,-0.252096444368,1.97093045712
2.53866076469,0.898989915848,1.64390063286,-0.247436627746,1.89133727551
2.57039403915,0.898989915848,1.56731212139,-0.242687597871,1.80999970436
2.60212731361,0.898989915848,1.48914551735,-0.237859398127,1.72700488567
2.63386058807,0.898989915848,1.40947926044,-0.232962608337,1.64244186878
2.66559386253,0.898989915848,1.32839381695,-0.228007346392,1.55640113354
2.69732713699,0.898989915848,1.24597084522,-0.223004058003,1.46897494793
2.72906041145,0.898989915848,1.16229331493,-0.217962890863,1.38025617599
2.76079368591,0.898989915848,1.07744526863,-0.212893545628,1.29033875465
2.79252696037,0.898989915848,0.991512537003,-0.207806661725,1.19931924343
2.82426023483,0.898989915848,0.90458136797,-0.202710941434,1.1072922945
2.85599327087,0.898989915848,0.816740036011,-0.197617217898,1.01435720921
2.88772678375,0.898989915848,0.728074848652,-0.192533731461,0.920608580112
2.91945981979,0.898989915848,0.638678073883,-0.187469944358,0.826148033142
2.95119309425,0.898989915848,0.548637449741,-0.182434722781,0.731072187424
2.98292636871,0.898989915848,0.458044409752,-0.177436321974,0.635480761528
3.01465964317,0.898989915848,0.366990178823,-0.172483071685,0.539473235607
3.04639291763,0.898989915848,0.275566399097,-0.167582601309,0.443149000406
3.07812619209,0.898989915848,0.183865144849,-0.162742435932,0.34660756588
3.10985946655,0.898989915848,0.091978751123,-0.157969519496,0.249948263168
3.14159274101,0.898989915848,-2.53437747233e-07,-0.153270617127,0.153270363808
0,0.909090876579,0,-0.0790575146675,0.0790575146675
0.0317332595587,0.909090876579,0.092299439013,-0.0844677761197,0.176767215133
0.0634665191174,0.909090876579,0.184505969286,-0.0899293422699,0.274435311556
0.095199778676,0.909090876579,0.276526689529,-0.0954391509295,0.371965825558
0.126933038235,0.909090876579,0.368268966675,-0.100994184613,0.469263136387
0.158666297793,0.909090876579,0.459640443325,-0.106591194868,0.566231608391
0.190399557352,0.909090876579,0.550549089909,-0.112227119505,0.662776231766
0.222132816911,0.909090876579,0.640903413296,-0.117897681892,0.758801102638
0.253866076469,0.909090876579,0.730612337589,-0.123599082232,0.854211449623
0.285599350929,0.909090876579,0.819585740566,-0.129327103496,0.948912858963
0.317332595587,0.909090876579,0.907733678818,-0.13507732749,1.04281103611
0.349065840244,0.909090876579,0.994967639446,-0.140845298767,1.13581299782
0.380799114704,0.909090876579,1.08119988441,-0.146626055241,1.22782588005
0.412532389164,0.909090876579,1.16634345055,-0.152414232492,1.31875765324
0.444265633821,0.909090876579,1.25031244755,-0.158204853535,1.40851736069
0.475998878479,0.909090876579,1.33302271366,-0.163992002606,1.49701476097
0.507732152939,0.909090876579,1.41439056396,-0.169770166278,1.58416068554
0.539465427399,0.909090876579,1.4943343401,-0.175533100963,1.66986739635
0.571198701859,0.909090876579,1.57277333736,-0.181274950504,1.75404834747
0.602931916714,0.909090876579,1.64962875843,-0.186988860369,1.836617589
0.634665191174,0.909090876579,1.72482323647,-0.192668944597,1.91749215126
0.666398465633,0.909090876579,1.79828071594,-0.19830776751,1.99658846855
0.698131680489,0.909090876579,1.86992752552,-0.203898876905,2.07382631302
0.729864954948,0.909090876579,1.93969154358,-0.20943517983,2.14912676811
0.761598229408,0.909090876579,2.00750279427,-0.214909255505,2.22241210938
0.793331503868,0.909090876579,2.0732922554,-0.220314115286,2.29360628128
0.825064778328,0.909090876579,2.13699412346,-0.225642129779,2.36263632774
0.856797993183,0.909090876579,2.19854426384,-0.230886161327,2.42943048477
0.888531267643,0.909090876579,2.25788068771,-0.236038386822,2.49391913414
0.920264542103,0.909090876579,2.31494355202,-0.24109145999,2.55603504181
0.951997756958,0.909090876579,2.36967539787,-0.246037438512,2.61571288109
0.983731031418,0.909090876579,2.42202138901,-0.250869095325,2.67289042473
1.01546430588,0.909090876579,2.4719285965,-0.25557872653,2.72750735283
1.04719758034,0.909090876579,2.51934671402,-0.260158628225,2.77950525284
1.0789308548,0.909090876579,2.56422805786,-0.264601618052,2.82882976532
1.11066412926,0.909090876579,2.60652756691,-0.268900096416,2.87542772293
1.14239740372,0.909090876579,2.64620232582,-0.273046672344,2.91924905777
1.17413055897,0.909090876579,2.68321251869,-0.277034193277,2.96024680138
1.20586383343,0.909090876579,2.71752095222,-0.280855953693,2.99837684631
1.23759710789,0.909090876579,2.74909329414,-0.284504681826,3.03359794617
1.26933038235,0.909090876579,2.77789759636,-0.287974029779,3.06587171555
1.30106365681,0.909090876579,2.80390453339,-0.291257500648,3.09516191483
1.33279693127,0.909090876579,2.82708835602,-0.294348716736,3.12143707275
1.36453020573,0.909090876579,2.84742546082,-0.297241806984,3.14466714859
1.39626336098,0.909090876579,2.86489534378,-0.299931466579,3.16482686996
1.42799663544,0.909090876579,2.87948060036,-0.302411884069,3.18189239502
1.4597299099,0.909090876579,2.89116644859,-0.304678559303,3.19584512711
1.49146318436,0.909090876579,2.89994120598,-0.306726455688,3.20666766167
1.52319645882,0.909090876579,2.90579605103,-0.30855178833,3.21434783936
1.55492973328,0.909090876579,2.90872478485,-0.310150295496,3.21887516975
1.58666300774,0.909090876579,2.90872478485,-0.311518609524,3.22024345398
1.6183962822,0.909090876579,2.90579605103,-0.312654107809,3.21845006943
1.65012955666,0.909090876579,2.89994120598,-0.313553869724,3.2134950161
1.68186283112,0.909090876579,2.89116644859,-0.314215958118,3.20538234711
1.71359610558,0.909090876579,2.87948060036,-0.314638793468,3.19411945343
1.74532938004,0.909090876579,2.86489534378,-0.314821779728,3.1797170639
1.77706253529,0.909090876579,2.84742546082,-0.314763724804,3.16218924522
1.80879580975,0.909090876579,2.82708835602,-0.314465105534,3.14155340195
1.84052908421,0.909090876579,2.80390453339,-0.313926011324,3.11783051491
1.87226235867,0.909090876579,2.77789759636,-0.313147842884,3.09104537964
1.90399563313,0.909090876579,2.74909329414,-0.312132239342,3.06122541428
1.93572890759,0.909090876579,2.71752095222,-0.31088116765,3.02840209007
1.96746218204,0.909090876579,2.68321251869,-0.309397578239,2.99260997772
1.9991953373,0.909090876579,2.6462020874,-0.307684570551,2.95388674736
2.03092861176,0.909090876579,2.60652732849,-0.305746078491,2.91227340698
2.06266188622,0.909090876579,2.56422805786,-0.30358633399,2.86781430244
2.09439516068,0.909090876579,2.51934671402,-0.301210403442,2.82055711746
2.12612843513,0.909090876579,2.47192835808,-0.298623472452,2.77055191994
2.15786170959,0.909090876579,2.42202115059,-0.295831561089,2.71785259247
2.18959498405,0.909090876579,2.36967539787,-0.292840719223,2.6625161171
2.22132825851,0.909090876579,2.3149433136,-0.289658099413,2.60460138321
2.25306153297,0.909090876579,2.2578804493,-0.286290794611,2.54417133331
2.28479480743,0.909090876579,2.19854402542,-0.282746702433,2.48129081726
2.31652784348,0.909090876579,2.13699436188,-0.279033541679,2.41602802277
2.34826135635,0.909090876579,2.07329177856,-0.275159686804,2.34845137596
2.3799943924,0.909090876579,2.00750279427,-0.271134227514,2.27863693237
2.41172790527,0.909090876579,1.93969130516,-0.266965687275,2.20665693283
2.44346094131,0.909090876579,1.86992776394,-0.262663781643,2.13259148598
2.47519421577,0.909090876579,1.79828071594,-0.258237808943,2.05651855469
2.50692749023,0.909090876579,1.72482299805,-0.253697574139,1.97852063179
2.53866076469,0.909090876579,1.64962863922,-0.249052837491,1.89868152142
2.57039403915,0.909090876579,1.57277321815,-0.244313359261,1.81708657742
2.60212731361,0.909090876579,1.49433422089,-0.239489480853,1.73382365704
2.63386058807,0.909090876579,1.41439032555,-0.234591349959,1.64898169041
2.66559386253,0.909090876579,1.33302247524,-0.229628697038,1.56265115738
2.69732713699,0.909090876579,1.25031220913,-0.224612250924,1.47492444515
2.72906041145,0.909090876579,1.16634309292,-0.219551563263,1.38589465618
2.76079368591,0.909090876579,1.08119952679,-0.214456737041,1.29565620422
2.79252696037,0.909090876579,0.994967341423,-0.209337607026,1.20430493355
2.82426023483,0.909090876579,0.907733261585,-0.204203680158,1.11193692684
2.85599327087,0.909090876579,0.819585800171,-0.199065238237,1.01865100861
2.88772678375,0.909090876579,0.730611741543,-0.19393055141,0.924542307854
2.91945981979,0.909090876579,0.6409034729,-0.18880943954,0.829712927341
2.95119309425,0.909090876579,0.550549089909,-0.183710455894,0.734259545803
2.98292636871,0.909090876579,0.45964038372,-0.178642258048,0.63828265667
3.01465964317,0.909090876579,0.368268877268,-0.173612847924,0.541881740093
3.04639291763,0.909090876579,0.27652657032,-0.168630480766,0.445157051086
3.07812619209,0.909090876579,0.184505790472,-0.16370280087,0.348208606243
3.10985946655,0.909090876579,0.0922992378473,-0.158836871386,0.251136124134
3.14159274101,0.909090876579,-2.54320809745e-07,-0.154039636254,0.154039382935
0,0.919191896915,0,-0.0783768296242,0.0783768296242
0.0317332595587,0.919191896915,0.0926199182868,-0.0838235467672,0.176443457603
0.0634665191174,0.919191896915,0.185146600008,-0.0893207043409,0.274467289448
0.095199778676,0.919191896915,0.27748683095,-0.0948654413223,0.372352272272
0.126933038235,0.919191896915,0.369547665119,-0.100454702973,0.470002353191
0.158666297793,0.919191896915,0.461236387491,-0.106084637344,0.567321002483
0.190399557352,0.919191896915,0.552460670471,-0.111752405763,0.664213061333
0.222132816911,0.919191896915,0.643128752708,-0.117453865707,0.760582625866
0.253866076469,0.919191896915,0.733149170876,-0.123185150325,0.856334328651
0.285599350929,0.919191896915,0.822431445122,-0.128941789269,0.95137321949
0.317332595587,0.919191896915,0.910885512829,-0.134719654918,1.04560518265
0.349065840244,0.919191896915,0.998422384262,-0.140514045954,1.13893640041
0.380799114704,0.919191896915,1.08495402336,-0.146319568157,1.23127365112
0.412532389164,0.919191896915,1.17039322853,-0.152131617069,1.322524786
0.444265633821,0.919191896915,1.25465381145,-0.15794467926,1.41259849072
0.475998878479,0.919191896915,1.33765113354,-0.163752928376,1.50140404701
0.507732152939,0.919191896915,1.41930162907,-0.1695510149,1.58885264397
0.539465427399,0.919191896915,1.49952292442,-0.175332725048,1.67485570908
0.571198701859,0.919191896915,1.57823431492,-0.18109177053,1.75932610035
0.602931916714,0.919191896915,1.65535652637,-0.186821907759,1.84217846394
0.634665191174,0.919191896915,1.73081207275,-0.192516669631,1.92332875729
0.666398465633,0.919191896915,1.80452466011,-0.198169320822,2.00269389153
0.698131680489,0.919191896915,1.87642025948,-0.203773230314,2.08019351959
0.729864954948,0.919191896915,1.94642651081,-0.209321051836,2.15574765205
0.761598229408,0.919191896915,2.01447319984,-0.214806005359,2.22927927971
0.793331503868,0.919191896915,2.08049106598,-0.220220670104,2.30071163177
0.825064778328,0.919191896915,2.14441418648,-0.225557863712,2.36997199059
0.856797993183,0.919191896915,2.20617794991,-0.23081022501,2.43698811531
0.888531267643,0.919191896915,2.26572036743,-0.235970422626,2.50169086456
0.920264542103,0.919191896915,2.32298135757,-0.241030782461,2.56401205063
0.951997756958,0.919191896915,2.37790346146,-0.245984271169,2.62388777733
0.983731031418,0.919191896915,2.43043112755,-0.250823050737,2.68125414848
1.01546430588,0.919191896915,2.48051142693,-0.255539566278,2.73605108261
1.04719758034,0.919191896915,2.52809429169,-0.260127067566,2.78822135925
1.0789308548,0.919191896915,2.57313156128,-0.26457759738,2.83770918846
1.11066412926,0.919191896915,2.61557793617,-0.268884003162,2.88446187973
1.14239740372,0.919191896915,2.65539050102,-0.27303943038,2.928429842
1.17413055897,0.919191896915,2.69252920151,-0.277036726475,2.96956586838
1.20586383343,0.919191896915,2.72695684433,-0.280868887901,3.00782585144
1.23759710789,0.919191896915,2.75863862038,-0.284529179335,3.04316782951
1.26933038235,0.919191896915,2.78754281998,-0.288011491299,3.07555437088
1.30106365681,0.919191896915,2.81364011765,-0.29130923748,3.10494947433
1.33279693127,0.919191896915,2.83690452576,-0.294416427612,3.13132095337
1.36453020573,0.919191896915,2.85731220245,-0.297327309847,3.1546394825
1.39626336098,0.919191896915,2.87484264374,-0.30003657937,3.17487931252
1.42799663544,0.919191896915,2.88947868347,-0.302538394928,3.1920170784
1.4597299099,0.919191896915,2.90120506287,-0.304828584194,3.20603370667
1.49146318436,0.919191896915,2.91001033783,-0.306902378798,3.21691274643
1.52319645882,0.919191896915,2.91588544846,-0.30875530839,3.22464084625
1.55492973328,0.919191896915,2.91882443428,-0.310383975506,3.22920846939
1.58666300774,0.919191896915,2.91882443428,-0.311785131693,3.23060965538
1.6183962822,0.919191896915,2.91588544846,-0.312955498695,3.22884082794
1.65012955666,0.919191896915,2.91001033783,-0.313892573118,3.22390294075
1.68186283112,0.919191896915,2.90120506287,-0.314594328403,3.21579933167
1.71359610558,0.919191896915,2.88947868347,-0.315058976412,3.20453763008
1.74532938004,0.919191896915,2.87484264374,-0.315285772085,3.19012832642
1.77706253529,0.919191896915,2.85731220245,-0.315273910761,3.17258620262
1.80879580975,0.919191896915,2.83690452576,-0.315023422241,3.151927948
1.84052908421,0.919191896915,2.81364011765,-0.31453448534,3.12817454338
1.87226235867,0.919191896915,2.78754281998,-0.313808143139,3.10135102272
1.90399563313,0.919191896915,2.75863862038,-0.31284558773,3.0714840889
1.93572890759,0.919191896915,2.72695684433,-0.311649173498,3.03860592842
1.96746218204,0.919191896915,2.69252920151,-0.310221135616,3.00275039673
1.9991953373,0.919191896915,2.6553902626,-0.308564484119,2.96395468712
2.03092861176,0.919191896915,2.61557769775,-0.3066829741,2.92226076126
2.06266188622,0.919191896915,2.57313132286,-0.30458047986,2.87771177292
2.09439516068,0.919191896915,2.52809429169,-0.302261531353,2.83035588264
2.12612843513,0.919191896915,2.48051142693,-0.299731492996,2.78024291992
2.15786170959,0.919191896915,2.43043088913,-0.296995490789,2.72742629051
2.18959498405,0.919191896915,2.37790346146,-0.294059991837,2.67196345329
2.22132825851,0.919191896915,2.32298135757,-0.290931075811,2.61391234398
2.25306153297,0.919191896915,2.26572012901,-0.287615776062,2.55333590508
2.28479480743,0.919191896915,2.20617771149,-0.28412130475,2.49029898643
2.31652784348,0.919191896915,2.1444144249,-0.280455559492,2.42487001419
2.34826135635,0.919191896915,2.08049058914,-0.276626497507,2.35711717606
2.3799943924,0.919191896915,2.01447319984,-0.272642582655,2.2871158123
2.41172790527,0.919191896915,1.94642615318,-0.268512070179,2.21493816376
2.44346094131,0.919191896915,1.87642037868,-0.264244407415,2.1406648159
2.47519421577,0.919191896915,1.80452466011,-0.259848356247,2.06437301636
2.50692749023,0.919191896915,1.73081195354,-0.25533375144,1.98614573479
2.53866076469,0.919191896915,1.65535640717,-0.250709712505,1.90606617928
2.57039403915,0.919191896915,1.5782340765,-0.245986297727,1.82422041893
2.60212731361,0.919191896915,1.49952280521,-0.241172999144,1.74069583416
2.63386058807,0.919191896915,1.41930139065,-0.236279949546,1.65558135509
2.66559386253,0.919191896915,1.33765089512,-0.231317058206,1.56896793842
2.69732713699,0.919191896915,1.25465357304,-0.226293906569,1.48094749451
2.72906041145,0.919191896915,1.1703928709,-0.221220880747,1.39161372185
2.76079368591,0.919191896915,1.08495366573,-0.216107428074,1.30106115341
2.79252696037,0.919191896915,0.998422026634,-0.210963696241,1.20938575268
2.82426023483,0.919191896915,0.910885035992,-0.205798909068,1.11668395996
2.85599327087,0.919191896915,0.822431564331,-0.200622797012,1.02305436134
2.88772678375,0.919191896915,0.733148515224,-0.195444628596,0.928593158722
2.91945981979,0.919191896915,0.643128752708,-0.1902731359,0.833401918411
2.95119309425,0.919191896915,0.552460670471,-0.185117974877,0.737578630447
2.98292636871,0.919191896915,0.461236327887,-0.179986894131,0.641223192215
3.01465964317,0.919191896915,0.369547575712,-0.174888893962,0.544436454773
3.04639291763,0.919191896915,0.27748671174,-0.169831708074,0.447318434715
3.07812619209,0.919191896915,0.185146421194,-0.16482321918,0.349969625473
3.10985946655,0.919191896915,0.0926197171211,-0.159870803356,0.252490520477
3.14159274101,0.919191896915,-2.55203843835e-07,-0.154981508851,0.154981255531
0,0.929292917252,0,-0.0777859836817,0.0777859836817
0.0317332595587,0.929292917252,0.0929404050112,-0.0832675471902,0.176207959652
0.0634665191174,0.929292917252,0.185787245631,-0.0887990295887,0.274586260319
0.095199778676,0.929292917252,0.278447002172,-0.0943767800927,0.372823774815
0.126933038235,0.929292917252,0.370826393366,-0.0999981611967,0.470824539661
0.158666297793,0.929292917252,0.46283236146,-0.105659432709,0.568491816521
0.190399557352,0.929292917252,0.554372310638,-0.111357316375,0.665729641914
0.222132816911,0.929292917252,0.645354092121,-0.117087841034,0.762441933155
0.253866076469,0.929292917252,0.735686004162,-0.122846864164,0.858532845974
0.285599350929,0.929292917252,0.825277268887,-0.12863022089,0.953907489777
0.317332595587,0.929292917252,0.91403734684,-0.13443352282,1.04847085476
0.349065840244,0.929292917252,1.00187706947,-0.140251860023,1.1421289444
0.380799114704,0.929292917252,1.08870828152,-0.146080255508,1.23478853703
0.412532389164,0.929292917252,1.17444300652,-0.151913821697,1.32635688782
0.444265633821,0.929292917252,1.25899517536,-0.157746896148,1.41674208641
0.475998878479,0.929292917252,1.34227979183,-0.163573905826,1.50585365295
0.507732152939,0.929292917252,1.42421269417,-0.169389367104,1.59360206127
0.539465427399,0.929292917252,1.50471162796,-0.175187155604,1.67989873886
0.571198701859,0.929292917252,1.58369541168,-0.180961221457,1.76465666294
0.602931916714,0.929292917252,1.66108453274,-0.186704799533,1.84778928757
0.634665191174,0.929292917252,1.73680114746,-0.192412018776,1.92921316624
0.666398465633,0.929292917252,1.81076872349,-0.19807587564,2.00884461403
0.698131680489,0.929292917252,1.88291311264,-0.203689783812,2.08660292625
0.729864954948,0.929292917252,1.95316159725,-0.209246650338,2.1624083519
0.761598229408,0.929292917252,2.02144360542,-0.214739665389,2.2361831665
0.793331503868,0.929292917252,2.08768987656,-0.22016172111,2.30785155296
0.825064778328,0.929292917252,2.1518342495,-0.225505411625,2.37733960152
0.856797993183,0.929292917252,2.21381187439,-0.230763733387,2.44457554817
0.888531267643,0.929292917252,2.27356028557,-0.23592941463,2.5094897747
0.920264542103,0.929292917252,2.33101940155,-0.240994796157,2.5720140934
0.951997756958,0.929292917252,2.38613152504,-0.245952919126,2.63208436966
0.983731031418,0.929292917252,2.43884086609,-0.250796467066,2.68963742256
1.01546430588,0.929292917252,2.48909473419,-0.255517989397,2.74461269379
1.04719758034,0.929292917252,2.53684210777,-0.260110110044,2.79695224762
1.0789308548,0.929292917252,2.58203530312,-0.264565914869,2.84660124779
1.11066412926,0.929292917252,2.62462830544,-0.268878221512,2.89350652695
1.14239740372,0.929292917252,2.66457867622,-0.273040145636,2.93761873245
1.17413055897,0.929292917252,2.70184588432,-0.277044564486,2.97889041901
1.20586383343,0.929292917252,2.73639273643,-0.280885130167,3.01727795601
1.23759710789,0.929292917252,2.76818418503,-0.284555286169,3.05273938179
1.26933038235,0.929292917252,2.79718828201,-0.288048416376,3.0852367878
1.30106365681,0.929292917252,2.82337594032,-0.291358619928,3.11473464966
1.33279693127,0.929292917252,2.84672093391,-0.294479757547,3.14120078087
1.36453020573,0.929292917252,2.86719894409,-0.297406643629,3.16460561752
1.39626336098,0.929292917252,2.88479042053,-0.300133377314,3.18492388725
1.42799663544,0.929292917252,2.899477005,-0.302655220032,3.20213222504
1.4597299099,0.929292917252,2.91124391556,-0.304967105389,3.21621108055
1.49146318436,0.929292917252,2.9200797081,-0.307065039873,3.22714471817
1.52319645882,0.929292917252,2.9259750843,-0.308944642544,3.23491978645
1.55492973328,0.929292917252,2.92892408371,-0.310602217913,3.23952627182
1.58666300774,0.929292917252,2.92892408371,-0.312034487724,3.24095869064
1.6183962822,0.929292917252,2.9259750843,-0.313238501549,3.23921346664
1.65012955666,0.929292917252,2.9200797081,-0.314211666584,3.23429131508
1.68186283112,0.929292917252,2.91124391556,-0.314952105284,3.22619605064
1.71359610558,0.929292917252,2.899477005,-0.315457910299,3.2149348259
1.74532938004,0.929292917252,2.88479042053,-0.315727978945,3.20051836967
1.77706253529,0.929292917252,2.86719894409,-0.315761804581,3.18296074867
1.80879580975,0.929292917252,2.84672093391,-0.315559059381,3.1622800827
1.84052908421,0.929292917252,2.82337594032,-0.315120011568,3.13849592209
1.87226235867,0.929292917252,2.79718828201,-0.314445257187,3.1116335392
1.90399563313,0.929292917252,2.76818394661,-0.313536226749,3.08172011375
1.93572890759,0.929292917252,2.73639273643,-0.312394589186,3.04878735542
1.96746218204,0.929292917252,2.70184588432,-0.311022669077,3.01286864281
1.9991953373,0.929292917252,2.66457843781,-0.309423476458,2.97400188446
2.03092861176,0.929292917252,2.62462830544,-0.307599842548,2.93222808838
2.06266188622,0.929292917252,2.5820350647,-0.305555909872,2.88759088516
2.09439516068,0.929292917252,2.53684210777,-0.303295761347,2.84013795853
2.12612843513,0.929292917252,2.48909449577,-0.300824403763,2.78991889954
2.15786170959,0.929292917252,2.43884086609,-0.298146665096,2.73698759079
2.18959498405,0.929292917252,2.38613152504,-0.295268625021,2.68140006065
2.22132825851,0.929292917252,2.33101940155,-0.292196214199,2.62321567535
2.25306153297,0.929292917252,2.27356004715,-0.288935780525,2.56249570847
2.28479480743,0.929292917252,2.21381163597,-0.285494565964,2.49930620193
2.31652784348,0.929292917252,2.15183448792,-0.28187969327,2.43371415138
2.34826135635,0.929292917252,2.08768963814,-0.278099358082,2.36578893661
2.3799943924,0.929292917252,2.02144360542,-0.274161070585,2.29560470581
2.41172790527,0.929292917252,1.95316123962,-0.270073264837,2.22323441505
2.44346094131,0.929292917252,1.88291323185,-0.265844225883,2.14875745773
2.47519421577,0.929292917252,1.81076872349,-0.261483550072,2.07225227356
2.50692749023,0.929292917252,1.73680090904,-0.256999731064,1.99380064011
2.53866076469,0.929292917252,1.66108429432,-0.252402335405,1.91348659992
2.57039403915,0.929292917252,1.58369517326,-0.24770064652,1.83139586449
2.60212731361,0.929292917252,1.50471138954,-0.242903977633,1.74761533737
2.63386058807,0.929292917252,1.42421245575,-0.238022595644,1.66223502159
2.66559386253,0.929292917252,1.3422794342,-0.233065620065,1.57534503937
2.69732713699,0.929292917252,1.25899493694,-0.228042915463,1.48703789711
2.72906041145,0.929292917252,1.17444264889,-0.222964271903,1.39740693569
2.76079368591,0.929292917252,1.08870780468,-0.217839390039,1.30654716492
2.79252696037,0.929292917252,1.00187683105,-0.212677925825,1.21455478668
2.82426023483,0.929292917252,0.914036929607,-0.20748950541,1.12152647972
2.85599327087,0.929292917252,0.825277388096,-0.202283114195,1.02756047249
2.88772678375,0.929292917252,0.735685408115,-0.197068333626,0.932753741741
2.91945981979,0.929292917252,0.645354151726,-0.191854372621,0.837208509445
2.95119309425,0.929292917252,0.554372310638,-0.18664970994,0.741021990776
2.98292636871,0.929292917252,0.462832331657,-0.181463316083,0.644295632839
3.01465964317,0.929292917252,0.370826303959,-0.176303848624,0.547130167484
3.04639291763,0.929292917252,0.278446882963,-0.171178907156,0.449625790119
3.07812619209,0.929292917252,0.185787081718,-0.166096836329,0.351883918047
3.10985946655,0.929292917252,0.0929402038455,-0.161064684391,0.254004895687
3.14159274101,0.929292917252,-2.56086906347e-07,-0.156090140343,0.156089887023
0,0.939393937588,0,-0.0772814452648,0.0772814452648
0.0317332595587,0.939393937588,0.0932608917356,-0.0827965885401,0.176057487726
0.0634665191174,0.939393937588,0.186427906156,-0.0883603021502,0.274788200855
0.095199778676,0.939393937588,0.279407173395,-0.0939695909619,0.373376756907
0.126933038235,0.939393937588,0.372105121613,-0.0996214449406,0.471726566553
0.158666297793,0.939393937588,0.464428335428,-0.105312228203,0.569740533829
0.190399557352,0.939393937588,0.556283950806,-0.111038327217,0.667322278023
0.222132816911,0.939393937588,0.647579491138,-0.116795964539,0.764375448227
0.253866076469,0.939393937588,0.738222897053,-0.122580930591,0.860803842545
0.285599350929,0.939393937588,0.828123092651,-0.128388896585,0.956511974335
0.317332595587,0.939393937588,0.917189240456,-0.134215191007,1.05140447617
0.349065840244,0.939393937588,1.00533187389,-0.140055432916,1.14538729191
0.380799114704,0.939393937588,1.09246242046,-0.145904704928,1.23836708069
0.412532389164,0.939393937588,1.17849290371,-0.151757121086,1.3302500248
0.444265633821,0.939393937588,1.26333653927,-0.157607883215,1.42094445229
0.475998878479,0.939393937588,1.34690833092,-0.163451582193,1.51035988331
0.507732152939,0.939393937588,1.42912387848,-0.169282227755,1.59840607643
0.539465427399,0.939393937588,1.5099003315,-0.175093531609,1.68499386311
0.571198701859,0.939393937588,1.58915638924,-0.180879846215,1.77003622055
0.602931916714,0.939393937588,1.66681241989,-0.186634793878,1.85344719887
0.634665191174,0.939393937588,1.74279010296,-0.192351862788,1.93514192104
0.666398465633,0.939393937588,1.81701278687,-0.198024407029,2.0150372982
0.698131680489,0.939393937588,1.88940596581,-0.203646063805,2.0930519104
0.729864954948,0.939393937588,1.95989668369,-0.209209486842,2.16910624504
0.761598229408,0.939393937588,2.02841424942,-0.214708179235,2.24312233925
0.793331503868,0.939393937588,2.09488892555,-0.220134928823,2.31502389908
0.825064778328,0.939393937588,2.15925455093,-0.225482836366,2.38473749161
0.856797993183,0.939393937588,2.22144579887,-0.230744615197,2.45219039917
0.888531267643,0.939393937588,2.2814002037,-0.235913172364,2.51731348038
0.920264542103,0.939393937588,2.33905744553,-0.240981355309,2.58003878593
0.951997756958,0.939393937588,2.39435958862,-0.245941981673,2.64030146599
0.983731031418,0.939393937588,2.44725084305,-0.250787705183,2.69803857803
1.01546430588,0.939393937588,2.49767780304,-0.255511492491,2.75318932533
1.04719758034,0.939393937588,2.54558992386,-0.260106474161,2.80569648743
1.0789308548,0.939393937588,2.59093880653,-0.264565318823,2.85550403595
1.11066412926,0.939393937588,2.63367891312,-0.268881201744,2.90256023407
1.14239740372,0.939393937588,2.67376685143,-0.273047626019,2.94681453705
1.17413055897,0.939393937588,2.71116256714,-0.27705731988,2.98821997643
1.20586383343,0.939393937588,2.74582862854,-0.280904352665,3.0267329216
1.23759710789,0.939393937588,2.77772974968,-0.284581899643,3.06231164932
1.26933038235,0.939393937588,2.80683398247,-0.28808388114,3.0949177742
1.30106365681,0.939393937588,2.833111763,-0.291404664516,3.12451648712
1.33279693127,0.939393937588,2.85653710365,-0.294538080692,3.15107512474
1.36453020573,0.939393937588,2.87708592415,-0.297478735447,3.17456459999
1.39626336098,0.939393937588,2.89473795891,-0.300221592188,3.1949596405
1.42799663544,0.939393937588,2.90947508812,-0.302761524916,3.21223664284
1.4597299099,0.939393937588,2.92128276825,-0.305094063282,3.22637677193
1.49146318436,0.939393937588,2.93014907837,-0.307214528322,3.23736357689
1.52319645882,0.939393937588,2.93606472015,-0.309119045734,3.24518370628
1.55492973328,0.939393937588,2.93902397156,-0.310804367065,3.24982833862
1.58666300774,0.939393937588,2.93902397156,-0.312266498804,3.25129055977
1.6183962822,0.939393937588,2.93606472015,-0.31350299716,3.24956774712
1.65012955666,0.939393937588,2.93014907837,-0.314511269331,3.2446603775
1.68186283112,0.939393937588,2.92128276825,-0.315289258957,3.23657202721
1.71359610558,0.939393937588,2.90947508812,-0.315835416317,3.22531056404
1.74532938004,0.939393937588,2.89473795891,-0.316148221493,3.21088624001
1.77706253529,0.939393937588,2.87708592415,-0.31622710824,3.1933131218
1.80879580975,0.939393937588,2.85653710365,-0.316071689129,3.17260885239
1.84052908421,0.939393937588,2.833111763,-0.315682113171,3.14879393578
1.87226235867,0.939393937588,2.80683398247,-0.315059006214,3.12189292908
1.90399563313,0.939393937588,2.77772951126,-0.314203500748,3.09193301201
1.93572890759,0.939393937588,2.74582862854,-0.313116848469,3.0589454174
1.96746218204,0.939393937588,2.71116256714,-0.311801701784,3.02296423912
1.9991953373,0.939393937588,2.67376685143,-0.310260355473,2.98402714729
2.03092861176,0.939393937588,2.6336786747,-0.308495849371,2.94217443466
2.06266188622,0.939393937588,2.59093856812,-0.306511580944,2.89745020866
2.09439516068,0.939393937588,2.54558992386,-0.304311722517,2.84990167618
2.12612843513,0.939393937588,2.49767756462,-0.301900416613,2.79957795143
2.15786170959,0.939393937588,2.44725060463,-0.299282848835,2.74653339386
2.18959498405,0.939393937588,2.39435958862,-0.296464413404,2.69082403183
2.22132825851,0.939393937588,2.33905744553,-0.293450832367,2.63250827789
2.25306153297,0.939393937588,2.28139996529,-0.29024836421,2.5716483593
2.28479480743,0.939393937588,2.22144532204,-0.286863297224,2.50830864906
2.31652784348,0.939393937588,2.15925478935,-0.283302992582,2.44255781174
2.34826135635,0.939393937588,2.09488868713,-0.279574602842,2.37446331978
2.3799943924,0.939393937588,2.02841424942,-0.275685846806,2.30410003662
2.41172790527,0.939393937588,1.95989632607,-0.271644800901,2.23154115677
2.44346094131,0.939393937588,1.88940608501,-0.267459630966,2.15686559677
2.47519421577,0.939393937588,1.81701278687,-0.263138532639,2.0801513195
2.50692749023,0.939393937588,1.74278998375,-0.258691072464,2.00148105621
2.53866076469,0.939393937588,1.66681218147,-0.254125207663,1.92093741894
2.57039403915,0.939393937588,1.58915627003,-0.24945102632,1.83860731125
2.60212731361,0.939393937588,1.50990009308,-0.244677066803,1.75457715988
2.63386058807,0.939393937588,1.42912352085,-0.239813119173,1.66893661022
2.66559386253,0.939393937588,1.3469080925,-0.234868273139,1.58177638054
2.69732713699,0.939393937588,1.26333630085,-0.22985252738,1.49318885803
2.72906041145,0.939393937588,1.17849254608,-0.224774852395,1.40326738358
2.76079368591,0.939393937588,1.09246194363,-0.21964533627,1.3121073246
2.79252696037,0.939393937588,1.00533151627,-0.214473307133,1.21980476379
2.82426023483,0.939393937588,0.917188823223,-0.209267899394,1.12645673752
2.85599327087,0.939393937588,0.828123152256,-0.204038694501,1.03216183186
2.88772678375,0.939393937588,0.738222241402,-0.198794588447,0.937016844749
2.91945981979,0.939393937588,0.647579491138,-0.193545132875,0.841124653816
2.95119309425,0.939393937588,0.556283950806,-0.188298672438,0.744582653046
2.98292636871,0.939393937588,0.464428305626,-0.183064311743,0.647492647171
3.01465964317,0.939393937588,0.372105032206,-0.177850306034,0.549955368042
3.04639291763,0.939393937588,0.279407054186,-0.172664806247,0.452071845531
3.07812619209,0.939393937588,0.186427727342,-0.167515933514,0.353943645954
3.10985946655,0.939393937588,0.0932606831193,-0.162411019206,0.255671709776
3.14159274101,0.939393937588,-2.56969997281e-07,-0.157358050346,0.157357797027
0,0.949494957924,0,-0.076860062778,0.076860062778
0.0317332595587,0.949494957924,0.0935813710093,-0.082406938076,0.175988316536
0.0634665191174,0.949494957924,0.187068536878,-0.0880014747381,0.275070011616
0.095199778676,0.949494957924,0.280367314816,-0.0936406850815,0.374007999897
0.126933038235,0.949494957924,0.373383790255,-0.0993212163448,0.472705006599
0.158666297793,0.949494957924,0.466024279594,-0.105039708316,0.571063995361
0.190399557352,0.949494957924,0.558195590973,-0.11079223454,0.668987810612
0.222132816911,0.949494957924,0.649804770947,-0.116574898362,0.766379654408
0.253866076469,0.949494957924,0.740759670734,-0.122383661568,0.863143324852
0.285599350929,0.949494957924,0.830968797207,-0.128214165568,0.959182977676
0.317332595587,0.949494957924,0.920341014862,-0.134061694145,1.05440270901
0.349065840244,0.949494957924,1.0087865591,-0.139921575785,1.14870810509
0.380799114704,0.949494957924,1.09621655941,-0.145788878202,1.24200546741
0.412532389164,0.949494957924,1.18254256248,-0.151658594608,1.33420109749
0.444265633821,0.949494957924,1.26767790318,-0.157524898648,1.42520284653
0.475998878479,0.949494957924,1.35153675079,-0.163382768631,1.51491951942
0.507732152939,0.949494957924,1.43403482437,-0.169225931168,1.60326075554
0.539465427399,0.949494957924,1.51508891582,-0.17504876852,1.69013762474
0.571198701859,0.949494957924,1.59461736679,-0.180844902992,1.77546226978
0.602931916714,0.949494957924,1.67254018784,-0.186608627439,1.85914885998
0.634665191174,0.949494957924,1.74877893925,-0.192333340645,1.94111227989
0.666398465633,0.949494957924,1.82325673103,-0.198012262583,2.02126908302
0.698131680489,0.949494957924,1.89589858055,-0.203638762236,2.09953737259
0.729864954948,0.949494957924,1.96663165092,-0.209206774831,2.17583847046
0.761598229408,0.949494957924,2.035384655,-0.214708670974,2.25009322166
0.793331503868,0.949494957924,2.10208773613,-0.220137864351,2.32222557068
0.825064778328,0.949494957924,2.16667437553,-0.225487574935,2.39216184616
0.856797993183,0.949494957924,2.22907948494,-0.230750590563,2.4598300457
0.888531267643,0.949494957924,2.28924012184,-0.235919743776,2.52515983582
0.920264542103,0.949494957924,2.3470954895,-0.240988269448,2.58808374405
0.951997756958,0.949494957924,2.40258741379,-0.245948880911,2.64853620529
0.983731031418,0.949494957924,2.45566034317,-0.250794827938,2.70645523071
1.01546430588,0.949494957924,2.50626087189,-0.255519092083,2.76178002357
1.04719758034,0.949494957924,2.55433750153,-0.260114550591,2.81445217133
1.0789308548,0.949494957924,2.59984230995,-0.26457425952,2.86441659927
1.11066412926,0.949494957924,2.64272928238,-0.268891870975,2.91162109375
1.14239740372,0.949494957924,2.68295502663,-0.273060441017,2.95601558685
1.17413055897,0.949494957924,2.72047924995,-0.27707362175,2.9975528717
1.20586383343,0.949494957924,2.75526428223,-0.280924886465,3.03618907928
1.23759710789,0.949494957924,2.78727507591,-0.284608066082,3.0718832016
1.26933038235,0.949494957924,2.81647920609,-0.288117349148,3.10459661484
1.30106365681,0.949494957924,2.84284734726,-0.291446655989,3.13429403305
1.33279693127,0.949494957924,2.86635327339,-0.294590562582,3.16094374657
1.36453020573,0.949494957924,2.88697266579,-0.297543823719,3.1845164299
1.39626336098,0.949494957924,2.90468525887,-0.300301015377,3.20498633385
1.42799663544,0.949494957924,2.91947317123,-0.302857488394,3.22233057022
1.4597299099,0.949494957924,2.93132138252,-0.305208712816,3.23653006554
1.49146318436,0.949494957924,2.9402179718,-0.307350426912,3.24756836891
1.52319645882,0.949494957924,2.94615411758,-0.309278666973,3.25543284416
1.55492973328,0.949494957924,2.94912362099,-0.310989975929,3.26011371613
1.58666300774,0.949494957924,2.94912362099,-0.312481075525,3.26160478592
1.6183962822,0.949494957924,2.94615411758,-0.313749134541,3.25990319252
1.65012955666,0.949494957924,2.9402179718,-0.314791500568,3.25500941277
1.68186283112,0.949494957924,2.93132138252,-0.31560626626,3.24692773819
1.71359610558,0.949494957924,2.91947317123,-0.316191643476,3.23566484451
1.74532938004,0.949494957924,2.90468525887,-0.316546410322,3.22123169899
1.77706253529,0.949494957924,2.88697266579,-0.316669613123,3.20364236832
1.80879580975,0.949494957924,2.86635327339,-0.316561162472,3.18291449547
1.84052908421,0.949494957924,2.84284734726,-0.316220849752,3.1590681076
1.87226235867,0.949494957924,2.81647920609,-0.315649032593,3.13212823868
1.90399563313,0.949494957924,2.78727483749,-0.314846873283,3.10212182999
1.93572890759,0.949494957924,2.75526428223,-0.313815832138,3.06908011436
1.96746218204,0.949494957924,2.72047924995,-0.312557637691,3.03303694725
1.9991953373,0.949494957924,2.68295478821,-0.311074793339,2.99402952194
2.03092861176,0.949494957924,2.64272904396,-0.30936974287,2.95209884644
2.06266188622,0.949494957924,2.59984207153,-0.307446211576,2.90728831291
2.09439516068,0.949494957924,2.55433750153,-0.305307477713,2.85964488983
2.12612843513,0.949494957924,2.50626063347,-0.302957981825,2.8092186451
2.15786170959,0.949494957924,2.45566034317,-0.300402343273,2.75606274605
2.18959498405,0.949494957924,2.40258741379,-0.297645658255,2.70023298264
2.22132825851,0.949494957924,2.34709525108,-0.294693082571,2.64178824425
2.25306153297,0.949494957924,2.289239645,-0.291550785303,2.58079051971
2.28479480743,0.949494957924,2.22907924652,-0.288224756718,2.51730394363
2.31652784348,0.949494957924,2.16667461395,-0.284721910954,2.4513964653
2.34826135635,0.949494957924,2.10208749771,-0.28104904294,2.38313651085
2.3799943924,0.949494957924,2.035384655,-0.277213692665,2.31259822845
2.41172790527,0.949494957924,1.9666312933,-0.273223042488,2.23985433578
2.44346094131,0.949494957924,1.89589881897,-0.269085586071,2.16498446465
2.47519421577,0.949494957924,1.82325673103,-0.264809131622,2.08806586266
2.50692749023,0.949494957924,1.74877882004,-0.260402292013,2.00918102264
2.53866076469,0.949494957924,1.67253994942,-0.255873650312,1.92841362953
2.57039403915,0.949494957924,1.59461712837,-0.251231610775,1.84584879875
2.60212731361,0.949494957924,1.51508867741,-0.246486023068,1.76157474518
2.63386058807,0.949494957924,1.43403458595,-0.241645604372,1.67568016052
2.66559386253,0.949494957924,1.35153651237,-0.236719027162,1.58825552464
2.69732713699,0.949494957924,1.26767754555,-0.231716439128,1.49939393997
2.72906041145,0.949494957924,1.18254220486,-0.226646378636,1.4091886282
2.76079368591,0.949494957924,1.09621608257,-0.221518844366,1.31773495674
2.79252696037,0.949494957924,1.00878620148,-0.216342687607,1.22512888908
2.82426023483,0.949494957924,0.92034059763,-0.211127325892,1.13146793842
2.85599327087,0.949494957924,0.830968916416,-0.20588234067,1.03685128689
2.88772678375,0.949494957924,0.740759074688,-0.200616121292,0.94137519598
2.91945981979,0.949494957924,0.649804830551,-0.195338264108,0.845143079758
2.95119309425,0.949494957924,0.558195590973,-0.190057203174,0.748252809048
2.98292636871,0.949494957924,0.466024249792,-0.184782117605,0.650806367397
3.01465964317,0.949494957924,0.373383700848,-0.179520770907,0.552904486656
3.04639291763,0.949494957924,0.280367195606,-0.17428176105,0.454648971558
3.07812619209,0.949494957924,0.187068358064,-0.169073268771,0.356141626835
3.10985946655,0.949494957924,0.0935811623931,-0.163902908564,0.257484078407
3.14159274101,0.949494957924,-2.57853031371e-07,-0.158778175712,0.158777922392
0,0.95959597826,0,-0.0765182897449,0.0765182897449
0.0317332595587,0.95959597826,0.0939018577337,-0.0820955112576,0.175997376442
0.0634665191174,0.95959597826,0.187709182501,-0.0877193585038,0.275428533554
0.095199778676,0.95959597826,0.281327486038,-0.0933867245913,0.374714195728
0.126933038235,0.95959597826,0.374662518501,-0.0990941897035,0.473756700754
0.158666297793,0.95959597826,0.467620283365,-0.10483828932,0.572458565235
0.190399557352,0.95959597826,0.56010723114,-0.110615253448,0.670722484589
0.222132816911,0.95959597826,0.652030169964,-0.116421028972,0.768451213837
0.253866076469,0.95959597826,0.743296563625,-0.122251644731,0.865548193455
0.285599350929,0.95959597826,0.833814620972,-0.128102645278,0.961917281151
0.317332595587,0.95959597826,0.923492908478,-0.133969083428,1.05746197701
0.349065840244,0.95959597826,1.01224136353,-0.139846771955,1.15208816528
0.380799114704,0.95959597826,1.09997069836,-0.145730212331,1.24570095539
0.412532389164,0.95959597826,1.18659245968,-0.151614710689,1.33820712566
0.444265633821,0.95959597826,1.27201926708,-0.157494276762,1.42951357365
0.475998878479,0.95959597826,1.35616540909,-0.163363814354,1.51952922344
0.507732152939,0.95959597826,1.43894588947,-0.169217482209,1.60816335678
0.539465427399,0.95959597826,1.52027761936,-0.175049483776,1.69532704353
0.571198701859,0.95959597826,1.60007834435,-0.180853530765,1.78093183041
0.602931916714,0.95959597826,1.67826807499,-0.186623707414,1.8648917675
0.634665191174,0.95959597826,1.75476801395,-0.192353352904,1.94712138176
0.666398465633,0.95959597826,1.82950079441,-0.198036402464,2.02753710747
0.698131680489,0.95959597826,1.90239143372,-0.203665986657,2.10605740547
0.729864954948,0.95959597826,1.97336673737,-0.209235787392,2.18260240555
0.761598229408,0.95959597826,2.04235506058,-0.214738547802,2.25709366798
0.793331503868,0.95959597826,2.10928678513,-0.220168188214,2.32945489883
0.825064778328,0.95959597826,2.17409467697,-0.225517272949,2.39961194992
0.856797993183,0.95959597826,2.23671340942,-0.230779051781,2.46749258041
0.888531267643,0.95959597826,2.29708003998,-0.235946938396,2.53302693367
0.920264542103,0.95959597826,2.35513353348,-0.241013526917,2.59614706039
0.951997756958,0.95959597826,2.41081547737,-0.245972454548,2.65678787231
0.983731031418,0.95959597826,2.46407032013,-0.250816315413,2.71488666534
1.01546430588,0.95959597826,2.51484394073,-0.255538642406,2.77038264275
1.04719758034,0.95959597826,2.56308531761,-0.260132670403,2.8232178688
1.0789308548,0.95959597826,2.60874581337,-0.264591425657,2.87333726883
1.11066412926,0.95959597826,2.65177965164,-0.268908590078,2.92068815231
1.14239740372,0.95959597826,2.69214320183,-0.273077785969,2.96522092819
1.17413055897,0.95959597826,2.72979593277,-0.277092218399,3.00688815117
1.20586383343,0.95959597826,2.76470017433,-0.2809458673,3.04564595222
1.23759710789,0.95959597826,2.79682064056,-0.284633278847,3.0814538002
1.26933038235,0.95959597826,2.82612466812,-0.288147807121,3.11427259445
1.30106365681,0.95959597826,2.85258340836,-0.291484177113,3.14406752586
1.33279693127,0.95959597826,2.87616968155,-0.294637024403,3.17080664635
1.36453020573,0.95959597826,2.89685964584,-0.297600865364,3.194460392
1.39626336098,0.95959597826,2.91463303566,-0.30037099123,3.21500396729
1.42799663544,0.95959597826,2.92947149277,-0.302942633629,3.23241424561
1.4597299099,0.95959597826,2.94136023521,-0.30531129241,3.24667143822
1.49146318436,0.95959597826,2.95028734207,-0.307472586632,3.25776004791
1.52319645882,0.95959597826,2.95624375343,-0.309423297644,3.26566696167
1.55492973328,0.95959597826,2.95922327042,-0.311159491539,3.27038288116
1.58666300774,0.95959597826,2.95922327042,-0.312678188086,3.27190136909
1.6183962822,0.95959597826,2.95624375343,-0.313976556063,3.27022027969
1.65012955666,0.95959597826,2.95028734207,-0.315051972866,3.26533937454
1.68186283112,0.95959597826,2.94136023521,-0.315902531147,3.25726270676
1.71359610558,0.95959597826,2.92947149277,-0.316526442766,3.24599790573
1.74532938004,0.95959597826,2.91463303566,-0.316922456026,3.23155546188
1.77706253529,0.95959597826,2.89685964584,-0.317089468241,3.21394920349
1.80879580975,0.95959597826,2.87616968155,-0.317027211189,3.19319677353
1.84052908421,0.95959597826,2.85258340836,-0.316735655069,3.16931915283
1.87226235867,0.95959597826,2.82612466812,-0.316215157509,3.14233970642
1.90399563313,0.95959597826,2.79682040215,-0.315466195345,3.11228656769
1.93572890759,0.95959597826,2.76470017433,-0.314490646124,3.07919073105
1.96746218204,0.95959597826,2.72979593277,-0.313289672136,3.0430855751
1.9991953373,0.95959597826,2.69214296341,-0.311865419149,3.00400829315
2.03092861176,0.95959597826,2.65177941322,-0.310220927,2.96200037003
2.06266188622,0.95959597826,2.60874557495,-0.308358460665,2.91710400581
2.09439516068,0.95959597826,2.56308531761,-0.306282401085,2.86936759949
2.12612843513,0.95959597826,2.51484370232,-0.303995788097,2.81883955002
2.15786170959,0.95959597826,2.46407008171,-0.301503568888,2.76557374001
2.18959498405,0.95959597826,2.41081547737,-0.298809796572,2.70962524414
2.22132825851,0.95959597826,2.35513329506,-0.295920610428,2.65105390549
2.25306153297,0.95959597826,2.29707956314,-0.292840659618,2.58992028236
2.28479480743,0.95959597826,2.23671293259,-0.289576113224,2.52628898621
2.31652784348,0.95959597826,2.17409491539,-0.286133527756,2.46022844315
2.34826135635,0.95959597826,2.10928630829,-0.282519340515,2.3918056488
2.3799943924,0.95959597826,2.04235506058,-0.278740644455,2.32109570503
2.41172790527,0.95959597826,1.97336637974,-0.274804204702,2.24817061424
2.44346094131,0.95959597826,1.90239167213,-0.270718306303,2.17311000824
2.47519421577,0.95959597826,1.82950079441,-0.266490489244,2.09599137306
2.50692749023,0.95959597826,1.75476777554,-0.262129038572,2.0168967247
2.53866076469,0.95959597826,1.67826795578,-0.257642000914,1.9359099865
2.57039403915,0.95959597826,1.60007822514,-0.253038048744,1.85311627388
2.60212731361,0.95959597826,1.52027738094,-0.248325705528,1.76860308647
2.63386058807,0.95959597826,1.43894565105,-0.243513956666,1.68245959282
2.66559386253,0.95959597826,1.35616505146,-0.238611713052,1.59477674961
2.69732713699,0.95959597826,1.27201902866,-0.233628094196,1.50564718246
2.72906041145,0.95959597826,1.18659210205,-0.228571996093,1.41516411304
2.76079368591,0.95959597826,1.09997034073,-0.223452791572,1.3234231472
2.79252696037,0.95959597826,1.0122410059,-0.218279361725,1.23052036762
2.82426023483,0.95959597826,0.923492491245,-0.213060930371,1.13655340672
2.85599327087,0.95959597826,0.833814680576,-0.207806780934,1.04162144661
2.88772678375,0.95959597826,0.743295907974,-0.202525228262,0.945821166039
2.91945981979,0.95959597826,0.652030229568,-0.197226241231,0.849256455898
2.95119309425,0.95959597826,0.56010723114,-0.191917657852,0.752024888992
2.98292636871,0.95959597826,0.467620223761,-0.18660877645,0.65422898531
3.01465964317,0.95959597826,0.374662429094,-0.181307345629,0.555969774723
3.04639291763,0.95959597826,0.281327366829,-0.176022097468,0.457349479198
3.07812619209,0.95959597826,0.187709003687,-0.170761168003,0.35847017169
3.10985946655,0.95959597826,0.0939016491175,-0.16553221643,0.259433865547
3.14159274101,0.95959597826,-2.58736093883e-07,-0.160342946649,0.160342693329
0,0.969696998596,0,-0.0762530490756,0.0762530490756
0.0317332595587,0.969696998596,0.0942223444581,-0.0818588584661,0.176081210375
0.0634665191174,0.969696998596,0.188349843025,-0.0875103473663,0.275860190392
0.095199778676,0.969696998596,0.282287657261,-0.0932040959597,0.375491738319
0.126933038235,0.969696998596,0.375941246748,-0.0989368334413,0.474878072739
0.158666297793,0.969696998596,0.469216257334,-0.104704663157,0.57392090559
0.190399557352,0.969696998596,0.562018871307,-0.110504321754,0.672523200512
0.222132816911,0.969696998596,0.654255568981,-0.116331271827,0.770586848259
0.253866076469,0.969696998596,0.745833396912,-0.122181788087,0.868015170097
0.285599350929,0.969696998596,0.836660444736,-0.12805108726,0.964711546898
0.317332595587,0.969696998596,0.926644802094,-0.133934676647,1.06057953835
0.349065840244,0.969696998596,1.01569616795,-0.139827698469,1.15552389622
0.380799114704,0.969696998596,1.10372495651,-0.145725339651,1.24945032597
0.412532389164,0.969696998596,1.19064223766,-0.151622250676,1.34226453304
0.444265633821,0.969696998596,1.27636063099,-0.157513067126,1.43387365341
0.475998878479,0.969696998596,1.36079394817,-0.163392439485,1.52418637276
0.507732152939,0.969696998596,1.44385707378,-0.16925419867,1.61311125755
0.539465427399,0.969696998596,1.5254663229,-0.175092816353,1.70055913925
0.571198701859,0.969696998596,1.60553944111,-0.180902332067,1.78644180298
0.602931916714,0.969696998596,1.68399596214,-0.186676666141,1.87067258358
0.634665191174,0.969696998596,1.76075696945,-0.192409440875,1.95316636562
0.666398465633,0.969696998596,1.83574485779,-0.198094218969,2.03383898735
0.698131680489,0.969696998596,1.90888428688,-0.203724518418,2.11260890961
0.729864954948,0.969696998596,1.98010182381,-0.209293752909,2.18939566612
0.761598229408,0.969696998596,2.04932570457,-0.214795708656,2.26412153244
0.793331503868,0.969696998596,2.11648583412,-0.220223173499,2.33670902252
0.825064778328,0.969696998596,2.18151473999,-0.225569739938,2.40708446503
0.856797993183,0.969696998596,2.24434733391,-0.230828434229,2.47517585754
0.888531267643,0.969696998596,2.30491995811,-0.235992625356,2.54091262817
0.920264542103,0.969696998596,2.36317157745,-0.241055443883,2.60422706604
0.951997756958,0.969696998596,2.41904354095,-0.246010199189,2.66505384445
0.983731031418,0.969696998596,2.47248005867,-0.250850200653,2.72333025932
1.01546430588,0.969696998596,2.52342700958,-0.255568891764,2.77899599075
1.04719758034,0.969696998596,2.57183289528,-0.260159164667,2.83199214935
1.0789308548,0.969696998596,2.61764955521,-0.264615267515,2.88226485252
1.11066412926,0.969696998596,2.66083025932,-0.268930196762,2.92976045609
1.14239740372,0.969696998596,2.70133161545,-0.273097902536,2.97442960739
1.17413055897,0.969696998596,2.739112854,-0.27711224556,3.01622509956
1.20586383343,0.969696998596,2.77413606644,-0.280966669321,3.05510282516
1.23759710789,0.969696998596,2.80636620522,-0.284656226635,3.09102249146
1.26933038235,0.969696998596,2.83577036858,-0.288174569607,3.12394499779
1.30106365681,0.969696998596,2.86231923103,-0.291516423225,3.15383577347
1.33279693127,0.969696998596,2.88598585129,-0.294676542282,3.18066239357
1.36453020573,0.969696998596,2.9067466259,-0.297649621964,3.20439624786
1.39626336098,0.969696998596,2.92458057404,-0.300430983305,3.22501158714
1.42799663544,0.969696998596,2.9394698143,-0.30301630497,3.24248600006
1.4597299099,0.969696998596,2.95139908791,-0.3054009974,3.25680017471
1.49146318436,0.969696998596,2.96035671234,-0.307581067085,3.26793766022
1.52319645882,0.969696998596,2.96633338928,-0.309552878141,3.27588629723
1.55492973328,0.969696998596,2.96932315826,-0.311312645674,3.28063583374
1.58666300774,0.969696998596,2.96932315826,-0.31285789609,3.28218102455
1.6183962822,0.969696998596,2.96633338928,-0.31418544054,3.28051877022
1.65012955666,0.969696998596,2.96035671234,-0.315292865038,3.27564954758
1.68186283112,0.969696998596,2.95139908791,-0.316178023815,3.26757717133
1.71359610558,0.969696998596,2.9394698143,-0.316839486361,3.25630927086
1.74532938004,0.969696998596,2.92458057404,-0.31727591157,3.24185657501
1.77706253529,0.969696998596,2.9067466259,-0.317486077547,3.22423267365
1.80879580975,0.969696998596,2.88598585129,-0.317469775677,3.20345568657
1.84052908421,0.969696998596,2.86231923103,-0.317226529121,3.17954587936
1.87226235867,0.969696998596,2.83577036858,-0.316756755114,3.15252709389
1.90399563313,0.969696998596,2.8063659668,-0.316061109304,3.12242698669
1.93572890759,0.969696998596,2.77413606644,-0.315140664577,3.08927679062
1.96746218204,0.969696998596,2.739112854,-0.313996821642,3.05310964584
1.9991953373,0.969696998596,2.70133137703,-0.312631845474,3.0139632225
2.03092861176,0.969696998596,2.6608300209,-0.311047941446,2.97187805176
2.06266188622,0.969696998596,2.61764931679,-0.309247761965,2.92689704895
2.09439516068,0.969696998596,2.57183289528,-0.307234674692,2.87906765938
2.12612843513,0.969696998596,2.52342677116,-0.3050121665,2.82843899727
2.15786170959,0.969696998596,2.47248005867,-0.302584379911,2.77506446838
2.18959498405,0.969696998596,2.41904354095,-0.299955785275,2.71899938583
2.22132825851,0.969696998596,2.36317133904,-0.297131031752,2.66030240059
2.25306153297,0.969696998596,2.30491948128,-0.294115632772,2.59903502464
2.28479480743,0.969696998596,2.24434685707,-0.290914773941,2.53526163101
2.31652784348,0.969696998596,2.18151497841,-0.287535041571,2.46904993057
2.34826135635,0.969696998596,2.11648535728,-0.283982127905,2.40046739578
2.3799943924,0.969696998596,2.04932570457,-0.280262976885,2.32958865166
2.41172790527,0.969696998596,1.98010146618,-0.276384502649,2.25648593903
2.44346094131,0.969696998596,1.9088845253,-0.272353768349,2.18123817444
2.47519421577,0.969696998596,1.83574485779,-0.268178671598,2.10392355919
2.50692749023,0.969696998596,1.76075685024,-0.263866603374,2.02462339401
2.53866076469,0.969696998596,1.68399584293,-0.259425610304,1.94342148304
2.57039403915,0.969696998596,1.6055393219,-0.254864215851,1.86040353775
2.60212731361,0.969696998596,1.52546608448,-0.250190377235,1.77565646172
2.63386058807,0.969696998596,1.44385683537,-0.24541297555,1.68926978111
2.66559386253,0.969696998596,1.36079370975,-0.240540444851,1.601334095
2.69732713699,0.969696998596,1.27636039257,-0.235581547022,1.51194190979
2.72906041145,0.969696998596,1.19064188004,-0.230545073748,1.42118692398
2.76079368591,0.969696998596,1.10372447968,-0.225440591574,1.32916510105
2.79252696037,0.969696998596,1.01569581032,-0.220275968313,1.23597180843
2.82426023483,0.969696998596,0.926644325256,-0.215061172843,1.141705513
2.85599327087,0.969696998596,0.836660504341,-0.209804400802,1.04646492004
2.88772678375,0.969696998596,0.745832800865,-0.204514712095,0.950347542763
2.91945981979,0.969696998596,0.654255568981,-0.199201270938,0.85345685482
2.95119309425,0.969696998596,0.562018871307,-0.193872183561,0.755891084671
2.98292636871,0.969696998596,0.469216227531,-0.188536390662,0.657752633095
3.01465964317,0.969696998596,0.375941157341,-0.183202087879,0.55914324522
3.04639291763,0.969696998596,0.282287538052,-0.177878007293,0.460165560246
3.07812619209,0.969696998596,0.188349664211,-0.172571659088,0.360921323299
3.10985946655,0.969696998596,0.0942221358418,-0.167291417718,0.26151356101
3.14159274101,0.969696998596,-2.59619156395e-07,-0.162044420838,0.162044167519
0,0.979797959328,0,-0.0760610848665,0.0760610848665
0.0317332595587,0.979797959328,0.0945428237319,-0.0816939771175,0.1762368083
0.0634665191174,0.979797959328,0.188990473747,-0.0873712301254,0.276361703873
0.095199778676,0.979797959328,0.283247798681,-0.0930895879865,0.376337379217
0.126933038235,0.979797959328,0.377219945192,-0.0988456681371,0.476065605879
0.158666297793,0.979797959328,0.4708122015,-0.104635640979,0.57544785738
0.190399557352,0.979797959328,0.56393045187,-0.110455900431,0.674386382103
0.222132816911,0.979797959328,0.656480848789,-0.116302333772,0.77278316021
0.253866076469,0.979797959328,0.748370230198,-0.122170507908,0.870540738106
0.285599350929,0.979797959328,0.839506149292,-0.12805621326,0.967562377453
0.317332595587,0.979797959328,0.9297965765,-0.133954912424,1.06375145912
0.349065840244,0.979797959328,1.01915085316,-0.139861255884,1.15901207924
0.380799114704,0.979797959328,1.10747897625,-0.145770937204,1.25324988365
0.412532389164,0.979797959328,1.19469201565,-0.151678115129,1.34637010098
0.444265633821,0.979797959328,1.2807019949,-0.157577961683,1.43827998638
0.475998878479,0.979797959328,1.36542248726,-0.163464605808,1.52888703346
0.507732152939,0.979797959328,1.44876801968,-0.169332608581,1.61810064316
0.539465427399,0.979797959328,1.53065490723,-0.175176143646,1.70583105087
0.571198701859,0.979797959328,1.61100041866,-0.180988892913,1.79198932648
0.602931916714,0.979797959328,1.68972373009,-0.186765104532,1.87648880482
0.634665191174,0.979797959328,1.76674592495,-0.192498683929,1.95924460888
0.666398465633,0.979797959328,1.84198880196,-0.198183104396,2.04017186165
0.698131680489,0.979797959328,1.91537702084,-0.20381218195,2.11918926239
0.729864954948,0.979797959328,1.98683667183,-0.209378957748,2.19621562958
0.761598229408,0.979797959328,2.05629611015,-0.21487750113,2.27117371559
0.793331503868,0.979797959328,2.1236846447,-0.22030082345,2.34398555756
0.825064778328,0.979797959328,2.18893480301,-0.225642740726,2.41457748413
0.856797993183,0.979797959328,2.25198101997,-0.230896174908,2.48287725449
0.888531267643,0.979797959328,2.31275963783,-0.236054837704,2.54881453514
0.920264542103,0.979797959328,2.37120938301,-0.241111785173,2.61232113838
0.951997756958,0.979797959328,2.42727160454,-0.24606077373,2.67333245277
0.983731031418,0.979797959328,2.48088979721,-0.250894904137,2.73178482056
1.01546430588,0.979797959328,2.53201007843,-0.255607873201,2.78761792183
1.04719758034,0.979797959328,2.58058047295,-0.260193169117,2.84077358246
1.0789308548,0.979797959328,2.62655282021,-0.264644503593,2.89119720459
1.11066412926,0.979797959328,2.66988039017,-0.268955469131,2.9388358593
1.14239740372,0.979797959328,2.71051955223,-0.273120075464,2.9836397171
1.17413055897,0.979797959328,2.7484292984,-0.277132332325,3.02556157112
1.20586383343,0.979797959328,2.78357172012,-0.280986368656,3.06455802917
1.23759710789,0.979797959328,2.81591153145,-0.284676283598,3.10058784485
1.26933038235,0.979797959328,2.84541559219,-0.288196712732,3.13361239433
1.30106365681,0.979797959328,2.87205481529,-0.29154253006,3.16359734535
1.33279693127,0.979797959328,2.89580202103,-0.294708490372,3.1905105114
1.36453020573,0.979797959328,2.91663336754,-0.297689378262,3.2143228054
1.39626336098,0.979797959328,2.93452787399,-0.300480931997,3.23500871658
1.42799663544,0.979797959328,2.949467659,-0.303078472614,3.25254607201
1.4597299099,0.979797959328,2.96143770218,-0.305477678776,3.26691532135
1.49146318436,0.979797959328,2.97042584419,-0.307675004005,3.27810096741
1.52319645882,0.979797959328,2.97642278671,-0.309666633606,3.28608942032
1.55492973328,0.979797959328,2.97942280769,-0.311449199915,3.29087209702
1.58666300774,0.979797959328,2.97942280769,-0.313019543886,3.29244232178
1.6183962822,0.979797959328,2.97642278671,-0.314375609159,3.29079842567
1.65012955666,0.979797959328,2.97042584419,-0.315513789654,3.28593969345
1.68186283112,0.979797959328,2.96143770218,-0.31643307209,3.27787065506
1.71359610558,0.979797959328,2.949467659,-0.317131251097,3.2665989399
1.74532938004,0.979797959328,2.93452787399,-0.317607015371,3.25213479996
1.77706253529,0.979797959328,2.91663336754,-0.317859739065,3.2344930172
1.80879580975,0.979797959328,2.89580202103,-0.317888528109,3.21369051933
1.84052908421,0.979797959328,2.87205481529,-0.317693054676,3.18974781036
1.87226235867,0.979797959328,2.84541559219,-0.317273586988,3.16268920898
1.90399563313,0.979797959328,2.81591129303,-0.316630810499,3.13254213333
1.93572890759,0.979797959328,2.78357172012,-0.315765500069,3.09933710098
1.96746218204,0.979797959328,2.7484292984,-0.314679116011,3.06310844421
1.9991953373,0.979797959328,2.71051931381,-0.313373267651,3.02389264107
2.03092861176,0.979797959328,2.66988039017,-0.311850368977,2.98173069954
2.06266188622,0.979797959328,2.62655282021,-0.310112774372,2.93666553497
2.09439516068,0.979797959328,2.58058047295,-0.308163374662,2.88874387741
2.12612843513,0.979797959328,2.53200984001,-0.306005865335,2.83801579475
2.15786170959,0.979797959328,2.48088955879,-0.303643614054,2.78453326225
2.18959498405,0.979797959328,2.42727160454,-0.301081091166,2.72835278511
2.22132825851,0.979797959328,2.37120914459,-0.298322737217,2.6695318222
2.25306153297,0.979797959328,2.312759161,-0.2953735888,2.6081328392
2.28479480743,0.979797959328,2.25198054314,-0.292238384485,2.54421901703
2.31652784348,0.979797959328,2.18893504143,-0.288923680782,2.47785878181
2.34826135635,0.979797959328,2.12368416786,-0.285434693098,2.40911889076
2.3799943924,0.979797959328,2.05629611015,-0.281778007746,2.33807420731
2.41172790527,0.979797959328,1.98683643341,-0.277960270643,2.26479673386
2.44346094131,0.979797959328,1.91537725925,-0.273988336325,2.18936562538
2.47519421577,0.979797959328,1.84198880196,-0.269869297743,2.1118581295
2.50692749023,0.979797959328,1.76674568653,-0.265610635281,2.03235626221
2.53866076469,0.979797959328,1.68972361088,-0.261220186949,1.95094382763
2.57039403915,0.979797959328,1.61100018024,-0.256705582142,1.86770582199
2.60212731361,0.979797959328,1.53065466881,-0.252074867487,1.78272950649
2.63386058807,0.979797959328,1.44876778126,-0.247336596251,1.69610440731
2.66559386253,0.979797959328,1.36542212963,-0.242498978972,1.6079211235
2.69732713699,0.979797959328,1.28070163727,-0.237570598722,1.51827228069
2.72906041145,0.979797959328,1.19469165802,-0.232559755445,1.42725145817
2.76079368591,0.979797959328,1.10747861862,-0.227475315332,1.33495390415
2.79252696037,0.979797959328,1.01915049553,-0.222326114774,1.24147665501
2.82426023483,0.979797959328,0.929796159267,-0.217121019959,1.14691722393
2.85599327087,0.979797959328,0.839506268501,-0.21186837554,1.05137467384
2.88772678375,0.979797959328,0.748369574547,-0.206577047706,0.954946637154
2.91945981979,0.979797959328,0.656480908394,-0.201255753636,0.857736647129
2.95119309425,0.979797959328,0.56393045187,-0.195913225412,0.759843707085
2.98292636871,0.979797959328,0.470812171698,-0.190557539463,0.661369681358
3.01465964317,0.979797959328,0.377219855785,-0.185197666287,0.562417507172
3.04639291763,0.979797959328,0.283247679472,-0.179841294885,0.463088989258
3.07812619209,0.979797959328,0.188990294933,-0.174496769905,0.363487064838
3.10985946655,0.979797959328,0.0945426151156,-0.169171988964,0.26371461153
3.14159274101,0.979797959328,-2.60502190486e-07,-0.163874387741,0.163874134421
0,0.989898979664,0,-0.0759389996529,0.0759389996529
0.0317332595587,0.989898979664,0.0948633104563,-0.0815972164273,0.176460534334
0.0634665191174,0.989898979664,0.18963111937,-0.0872988700867,0.276929974556
0.095199778676,0.989898979664,0.284207969904,-0.0930400341749,0.377247989178
0.126933038235,0.989898979664,0.378498643637,-0.0988177135587,0.477316349745
0.158666297793,0.989898979664,0.472408205271,-0.104628026485,0.577036261559
0.190399557352,0.989898979664,0.565842092037,-0.110466949642,0.676309049129
0.222132816911,0.989898979664,0.658706247807,-0.116330809891,0.775037050247
0.253866076469,0.989898979664,0.750907063484,-0.122214943171,0.873121976852
0.285599350929,0.989898979664,0.842351973057,-0.128114953637,0.970466911793
0.317332595587,0.989898979664,0.932948470116,-0.134026363492,1.06697487831
0.349065840244,0.989898979664,1.02260565758,-0.139944434166,1.16255009174
0.380799114704,0.989898979664,1.11123323441,-0.145863771439,1.25709700584
0.412532389164,0.989898979664,1.19874179363,-0.151779562235,1.35052132607
0.444265633821,0.989898979664,1.2850433588,-0.157686233521,1.44272959232
0.475998878479,0.989898979664,1.37005102634,-0.163578316569,1.53362929821
0.507732152939,0.989898979664,1.45367920399,-0.169450104237,1.62312936783
0.539465427399,0.989898979664,1.53584361076,-0.175296217203,1.71113979816
0.571198701859,0.989898979664,1.61646139622,-0.181110098958,1.79757153988
0.602931916714,0.989898979664,1.69545173645,-0.186886236072,1.88233792782
0.634665191174,0.989898979664,1.77273488045,-0.192618623376,1.96535348892
0.666398465633,0.989898979664,1.84823286533,-0.198300480843,2.04653334618
0.698131680489,0.989898979664,1.921869874,-0.203925818205,2.1257956028
0.729864954948,0.989898979664,1.99357175827,-0.209488376975,2.20306015015
0.761598229408,0.989898979664,2.06326651573,-0.214981645346,2.27824807167
0.793331503868,0.989898979664,2.13088345528,-0.220399037004,2.35128259659
0.825064778328,0.989898979664,2.19635510445,-0.225734114647,2.42208909988
0.856797993183,0.989898979664,2.25961494446,-0.230980619788,2.49059557915
0.888531267643,0.989898979664,2.32059955597,-0.236131712794,2.55673122406
0.920264542103,0.989898979664,2.37924742699,-0.241181239486,2.62042856216
0.951997756958,0.989898979664,2.43549966812,-0.24612210691,2.68162178993
0.983731031418,0.989898979664,2.48929977417,-0.250948727131,2.7402484417
1.01546430588,0.989898979664,2.54059314728,-0.255654275417,2.7962474823
1.04719758034,0.989898979664,2.58932828903,-0.260232508183,2.84956073761
1.0789308548,0.989898979664,2.63545656204,-0.26467743516,2.90013408661
1.11066412926,0.989898979664,2.67893099785,-0.268982887268,2.94791388512
1.14239740372,0.989898979664,2.71970772743,-0.273142844439,2.99285054207
1.17413055897,0.989898979664,2.75774598122,-0.277151614428,3.03489756584
1.20586383343,0.989898979664,2.79300761223,-0.281003266573,3.074010849
1.23759710789,0.989898979664,2.82545685768,-0.284692585468,3.11014938354
1.26933038235,0.989898979664,2.85506105423,-0.288213789463,3.14327478409
1.30106365681,0.989898979664,2.88179063797,-0.291562080383,3.17335271835
1.33279693127,0.989898979664,2.90561842918,-0.294732242823,3.20035076141
1.36453020573,0.989898979664,2.9265203476,-0.29771977663,3.22424006462
1.39626336098,0.989898979664,2.94447565079,-0.300520092249,3.24499583244
1.42799663544,0.989898979664,2.95946598053,-0.303128659725,3.26259469986
1.4597299099,0.989898979664,2.97147655487,-0.305541336536,3.2770178318
1.49146318436,0.989898979664,2.98049497604,-0.307754635811,3.28824949265
1.52319645882,0.989898979664,2.98651242256,-0.309764802456,3.29627728462
1.55492973328,0.989898979664,2.98952245712,-0.311568796635,3.30109119415
1.58666300774,0.989898979664,2.98952245712,-0.313163489103,3.30268597603
1.6183962822,0.989898979664,2.98651242256,-0.314546316862,3.30105876923
1.65012955666,0.989898979664,2.98049497604,-0.315714806318,3.29620981216
1.68186283112,0.989898979664,2.97147655487,-0.316666990519,3.2881436348
1.71359610558,0.989898979664,2.95946598053,-0.317400991917,3.27686691284
1.74532938004,0.989898979664,2.94447565079,-0.31791561842,3.26239132881
1.77706253529,0.989898979664,2.9265203476,-0.318210124969,3.24473047256
1.80879580975,0.989898979664,2.90561842918,-0.318283230066,3.22390174866
1.84052908421,0.989898979664,2.88179063797,-0.318135082722,3.19992566109
1.87226235867,0.989898979664,2.85506105423,-0.317765623331,3.17282676697
1.90399563313,0.989898979664,2.82545685768,-0.317175298929,3.14263224602
1.93572890759,0.989898979664,2.79300761223,-0.316364914179,3.10937261581
1.96746218204,0.989898979664,2.75774598122,-0.315335452557,3.07308149338
1.9991953373,0.989898979664,2.71970772743,-0.31408894062,3.03379678726
2.03092861176,0.989898979664,2.67893075943,-0.312627136707,2.99155783653
2.06266188622,0.989898979664,2.63545632362,-0.310952186584,2.94640851021
2.09439516068,0.989898979664,2.58932828903,-0.3090672791,2.89839553833
2.12612843513,0.989898979664,2.54059290886,-0.306975245476,2.84756803513
2.15786170959,0.989898979664,2.48929953575,-0.304679572582,2.79397916794
2.18959498405,0.989898979664,2.43549966812,-0.302184253931,2.73768401146
2.22132825851,0.989898979664,2.37924718857,-0.299493581057,2.67874073982
2.25306153297,0.989898979664,2.32059907913,-0.296612203121,2.61721134186
2.28479480743,0.989898979664,2.25961446762,-0.29354467988,2.55315923691
2.31652784348,0.989898979664,2.19635510445,-0.290296763182,2.48665189743
2.34826135635,0.989898979664,2.13088321686,-0.286874204874,2.41775751114
2.3799943924,0.989898979664,2.06326651573,-0.283282756805,2.34654927254
2.41172790527,0.989898979664,1.99357151985,-0.279528349638,2.27309989929
2.44346094131,0.989898979664,1.92187011242,-0.275618046522,2.19748806953
2.47519421577,0.989898979664,1.84823286533,-0.271558612585,2.11979150772
2.50692749023,0.989898979664,1.77273476124,-0.267357081175,2.04009175301
2.53866076469,0.989898979664,1.69545149803,-0.263020634651,1.95847213268
2.57039403915,0.989898979664,1.61646127701,-0.25855717063,1.87501847744
2.60212731361,0.989898979664,1.53584337234,-0.253974527121,1.78981792927
2.63386058807,0.989898979664,1.45367884636,-0.249279916286,1.70295882225
2.66559386253,0.989898979664,1.37005078793,-0.244482189417,1.61453294754
2.69732713699,0.989898979664,1.28504312038,-0.239589199424,1.52463233471
2.72906041145,0.989898979664,1.198741436,-0.234609231353,1.43335068226
2.76079368591,0.989898979664,1.11123275757,-0.229551106691,1.34078383446
2.79252696037,0.989898979664,1.02260529995,-0.224422991276,1.24702835083
2.82426023483,0.989898979664,0.932947993279,-0.219233453274,1.15218138695
2.85599327087,0.989898979664,0.842352032661,-0.213991314173,1.05634331703
2.88772678375,0.989898979664,0.750906467438,-0.208704918623,0.959611415863
2.91945981979,0.989898979664,0.658706307411,-0.203382655978,0.862088978291
2.95119309425,0.989898979664,0.565842092037,-0.1980330199,0.763875126839
2.98292636871,0.989898979664,0.472408145666,-0.192664712667,0.665072858334
3.01465964317,0.989898979664,0.37849855423,-0.187285602093,0.565784156322
3.04639291763,0.989898979664,0.284207850695,-0.181904241443,0.466112077236
3.07812619209,0.989898979664,0.189630940557,-0.17652836442,0.366159319878
3.10985946655,0.989898979664,0.09486310184,-0.171166300774,0.266029417515
3.14159274101,0.989898979664,-2.61385252998e-07,-0.165825128555,0.165824860334
0,1,0,-0.0758837610483,0.0758837610483
0.0317332595587,1,0.0951837971807,-0.08156593889,0.176749736071
0.0634665191174,1,0.190271764994,-0.0872898250818,0.277561604977
0.095199778676,1,0.285168111324,-0.0930523052812,0.378220409155
0.126933038235,1,0.379777371883,-0.0988497287035,0.478627085686
0.158666297793,1,0.474004179239,-0.1046782583,0.578682422638
0.190399557352,1,0.567753732204,-0.110534369946,0.67828810215
0.222132816911,1,0.660931587219,-0.11641357094,0.777345180511
0.253866076469,1,0.753443956375,-0.122311733663,0.875755667686
0.285599350929,1,0.845197796822,-0.128224253654,0.973422050476
0.317332595587,1,0.936100363731,-0.134146541357,1.07024693489
0.349065840244,1,1.02606034279,-0.140073955059,1.16613435745
0.380799114704,1,1.11498737335,-0.146001145244,1.26098847389
0.412532389164,1,1.20279169083,-0.151922985911,1.35471463203
0.444265633821,1,1.28938472271,-0.157834514976,1.44721925259
0.475998878479,1,1.37467956543,-0.163729920983,1.53840947151
0.507732152939,1,1.45859026909,-0.169603839517,1.6281940937
0.539465427399,1,1.5410323143,-0.175450056791,1.71648240089
0.571198701859,1,1.62192249298,-0.181263566017,1.803186059
0.602931916714,1,1.7011796236,-0.187037408352,1.88821697235
0.634665191174,1,1.77872395515,-0.19276638329,1.97149038315
0.666398465633,1,1.85447692871,-0.198443889618,2.05292081833
0.698131680489,1,1.92836272717,-0.204063758254,2.13242650032
0.729864954948,1,2.00030684471,-0.209619939327,2.20992684364
0.761598229408,1,2.07023715973,-0.215105906129,2.28534317017
0.793331503868,1,2.13808250427,-0.220515474677,2.35859799385
0.825064778328,1,2.20377516747,-0.225842148066,2.42961740494
0.856797993183,1,2.26724863052,-0.231079563498,2.49832820892
0.888531267643,1,2.32843947411,-0.236221328378,2.56466078758
0.920264542103,1,2.38728547096,-0.241261154413,2.62854671478
0.951997756958,1,2.4437277317,-0.246192917228,2.68992066383
0.983731031418,1,2.49770951271,-0.251010119915,2.74871969223
1.01546430588,1,2.54917621613,-0.255706578493,2.80488276482
1.04719758034,1,2.59807610512,-0.260276556015,2.85835266113
1.0789308548,1,2.64436006546,-0.264713317156,2.90907335281
1.11066412926,1,2.68798160553,-0.269011706114,2.95699334145
1.14239740372,1,2.72889614105,-0.273165494204,3.00206160545
1.17413055897,1,2.76706290245,-0.277169287205,3.04423213005
1.20586383343,1,2.80244350433,-0.281017035246,3.08346056938
1.23759710789,1,2.83500242233,-0.284703969955,3.11970639229
1.26933038235,1,2.86470675468,-0.288224816322,3.15293169022
1.30106365681,1,2.89152646065,-0.291574209929,3.18310070038
1.33279693127,1,2.91543483734,-0.294747561216,3.21018242836
1.36453020573,1,2.93640732765,-0.297740370035,3.23414778709
1.39626336098,1,2.95442318916,-0.300547987223,3.25497126579
1.42799663544,1,2.96946430206,-0.303166240454,3.27263045311
1.4597299099,1,2.98151540756,-0.305591255426,3.2871067524
1.49146318436,1,2.99056434631,-0.307819515467,3.29838395119
1.52319645882,1,2.99660205841,-0.309847295284,3.3064494133
1.55492973328,1,2.99962234497,-0.311671733856,3.31129407883
1.58666300774,1,2.99962234497,-0.313289374113,3.31291174889
1.6183962822,1,2.99660205841,-0.314698278904,3.31130027771
1.65012955666,1,2.99056434631,-0.315895795822,3.30646014214
1.68186283112,1,2.98151540756,-0.316879808903,3.29839515686
1.71359610558,1,2.96946430206,-0.317649126053,3.28711342812
1.74532938004,1,2.95442318916,-0.318201541901,3.27262473106
1.77706253529,1,2.93640732765,-0.318536937237,3.25494432449
1.80879580975,1,2.91543483734,-0.31865388155,3.23408865929
1.84052908421,1,2.89152646065,-0.318552345037,3.21007871628
1.87226235867,1,2.86470675468,-0.318232059479,3.18293881416
1.90399563313,1,2.83500242233,-0.317693859339,3.15269637108
1.93572890759,1,2.80244350433,-0.316938012838,3.11938142776
1.96746218204,1,2.76706290245,-0.315965473652,3.0830283165
1.9991953373,1,2.72889590263,-0.314778238535,3.04367423058
2.03092861176,1,2.68798136711,-0.313377469778,3.00135874748
2.06266188622,1,2.64436006546,-0.311765700579,2.95612573624
2.09439516068,1,2.59807610512,-0.309945493937,2.90802168846
2.12612843513,1,2.54917621613,-0.307919591665,2.85709571838
2.15786170959,1,2.49770927429,-0.305691093206,2.80340027809
2.18959498405,1,2.4437277317,-0.303263932467,2.74699163437
2.22132825851,1,2.38728523254,-0.300641924143,2.68792724609
2.25306153297,1,2.32843899727,-0.297829598188,2.62626862526
2.28479480743,1,2.26724839211,-0.294831126928,2.56207942963
2.31652784348,1,2.20377540588,-0.291652262211,2.49542760849
2.34826135635,1,2.13808202744,-0.288297653198,2.42637968063
2.3799943924,1,2.07023715973,-0.284773498774,2.35501074791
2.41172790527,1,2.00030660629,-0.281085282564,2.28139185905
2.44346094131,1,1.92836284637,-0.277239561081,2.20560240746
2.47519421577,1,1.85447692871,-0.273242801428,2.12771964073
2.50692749023,1,1.77872371674,-0.269101649523,2.04782533646
2.53866076469,1,1.70117950439,-0.264823168516,1.96600270271
2.57039403915,1,1.62192225456,-0.260414659977,1.88233685493
2.60212731361,1,1.54103207588,-0.255883574486,1.79691565037
2.63386058807,1,1.45859003067,-0.251237273216,1.70982730389
2.66559386253,1,1.37467932701,-0.246483981609,1.62116336823
2.69732713699,1,1.28938448429,-0.241631612182,1.53101611137
2.72906041145,1,1.2027913332,-0.236687898636,1.43947923183
2.76079368591,1,1.11498689651,-0.23166140914,1.34664833546
2.79252696037,1,1.02605998516,-0.226559832692,1.25261986256
2.82426023483,1,0.936099886894,-0.221392050385,1.15749192238
2.85599327087,1,0.845197856426,-0.216166421771,1.0613642931
2.88772678375,1,0.753443360329,-0.210890620947,0.964334011078
2.91945981979,1,0.660931646824,-0.205573961139,0.866505622864
2.95119309425,1,0.567753732204,-0.200223863125,0.767977595329
2.98292636871,1,0.474004149437,-0.194849327207,0.668853461742
3.01465964317,1,0.379777282476,-0.189457759261,0.569235026836
3.04639291763,1,0.285168021917,-0.184058472514,0.46922647953
3.07812619209,1,0.19027158618,-0.178658246994,0.368929833174
3.10985946655,1,0.0951835811138,-0.173265531659,0.268449127674
3.14159274101,1,-2.6226831551e-07,-0.167888045311,0.16788777709
