x,t,f_true,f_pred,abs_error
0,0,0,0.0202595703304,0.0202595703304
0.0317332595587,0,0.0462698452175,0.0346582829952,0.0116115622222
0.0634665191174,0,0.092493109405,0.0493340604007,0.0431590490043
0.095199778676,0,0.138623222709,0.0643013343215,0.0743218883872
0.126933038235,0,0.184613779187,0.079573340714,0.105040438473
0.158666297793,0,0.230418428779,0.0951659604907,0.135252475739
0.190399557352,0,0.275991052389,0.111093446612,0.164897605777
0.222132816911,0,0.321285814047,0.127371996641,0.193913817406
0.253866076469,0,0.366257041693,0.144016623497,0.222240418196
0.285599350929,0,0.410859525204,0.161042198539,0.249817326665
0.317332595587,0,0.455048233271,0.178463473916,0.276584744453
0.349065840244,0,0.498778760433,0.196293801069,0.302484959364
0.380799114704,0,0.542007088661,0.21454551816,0.327461570501
0.412532389164,0,0.584689676762,0.233228310943,0.351461350918
0.444265633821,0,0.626783490181,0.252350509167,0.374432981014
0.475998878479,0,0.668246209621,0.271916300058,0.396329909563
0.507732152939,0,0.709036111832,0.291926801205,0.417109310627
0.539465427399,0,0.749112010002,0.31237873435,0.436733275652
0.571198701859,0,0.788433611393,0.33326330781,0.455170303583
0.602931916714,0,0.82696133852,0.354566991329,0.472394347191
0.634665191174,0,0.86465638876,0.376269459724,0.488386929035
0.666398465633,0,0.901480793953,0.398344308138,0.503136515617
0.698131680489,0,0.937397420406,0.420757800341,0.516639590263
0.729864954948,0,0.972370266914,0.443469256163,0.528900980949
0.761598229408,0,1.00636410713,0.466431766748,0.539932370186
0.793331503868,0,1.03934442997,0.489591389894,0.549753069878
0.825064778328,0,1.07127833366,0.512888371944,0.55838996172
0.856797993183,0,1.1021335125,0.536257743835,0.565875768661
0.888531267643,0,1.13187897205,0.559630215168,0.572248756886
0.920264542103,0,1.16048455238,0.582933306694,0.577551245689
0.951997756958,0,1.18792176247,0.60609203577,0.581829726696
0.983731031418,0,1.21416294575,0.629030823708,0.58513212204
1.01546430588,0,1.23918139935,0.651673972607,0.587507426739
1.04719758034,0,1.26295220852,0.673946022987,0.589006185532
1.0789308548,0,1.28545129299,0.695771694183,0.589679598808
1.11066412926,0,1.30665612221,0.717076957226,0.589579164982
1.14239740372,0,1.32654511929,0.737787723541,0.588757395744
1.17413055897,0,1.34509837627,0.75782752037,0.587270855904
1.20586383343,0,1.36229729652,0.777117073536,0.585180222988
1.23759710789,0,1.37812459469,0.795571625233,0.582552969456
1.26933038235,0,1.3925640583,0.813098728657,0.579465329647
1.30106365681,0,1.40560150146,0.829594969749,0.576006531715
1.33279693127,0,1.41722357273,0.844946086407,0.572277486324
1.36453020573,0,1.42741847038,0.859024584293,0.568393886089
1.39626336098,0,1.43617618084,0.871691346169,0.564484834671
1.42799663544,0,1.44348788261,0.882798433304,0.56068944931
1.4597299099,0,1.44934594631,0.892193317413,0.557152628899
1.49146318436,0,1.4537447691,0.899725914001,0.554018855095
1.52319645882,0,1.45667982101,0.905256390572,0.551423430443
1.55492973328,0,1.45814800262,0.908665955067,0.549482047558
1.58666300774,0,1.45814800262,0.909864425659,0.548283576965
1.6183962822,0,1.45667982101,0.908798694611,0.547881126404
1.65012955666,0,1.4537447691,0.905459403992,0.548285365105
1.68186283112,0,1.44934594631,0.899881064892,0.54946488142
1.71359610558,0,1.44348788261,0.892141640186,0.551346242428
1.74532938004,0,1.43617618084,0.8823569417,0.55381923914
1.77706253529,0,1.42741847038,0.870673298836,0.556745171547
1.80879580975,0,1.41722357273,0.857257723808,0.559965848923
1.84052908421,0,1.40560150146,0.842287659645,0.56331384182
1.87226235867,0,1.3925640583,0.825942218304,0.56662184
1.90399563313,0,1.37812447548,0.808394789696,0.569729685783
1.93572890759,0,1.36229729652,0.78980755806,0.572489738464
1.96746218204,0,1.34509837627,0.770328402519,0.574769973755
1.9991953373,0,1.32654500008,0.750088572502,0.576456427574
2.03092861176,0,1.306656003,0.729203343391,0.577452659607
2.06266188622,0,1.28545129299,0.707772374153,0.577678918839
2.09439516068,0,1.26295220852,0.685882210732,0.577069997787
2.12612843513,0,1.23918128014,0.663606107235,0.575575172901
2.15786170959,0,1.21416282654,0.641008496284,0.573154330254
2.18959498405,0,1.18792176247,0.618145287037,0.56977647543
2.22132825851,0,1.16048455238,0.595065951347,0.565418601036
2.25306153297,0,1.13187873363,0.571817100048,0.560061633587
2.28479480743,0,1.10213327408,0.548440337181,0.553692936897
2.31652784348,0,1.07127845287,0.524976849556,0.546301603317
2.34826135635,0,1.03934419155,0.501465678215,0.537878513336
2.3799943924,0,1.00636410713,0.477946788073,0.528417348862
2.41172790527,0,0.9723700881,0.454458445311,0.517911672592
2.44346094131,0,0.937397539616,0.431040793657,0.506356716156
2.47519421577,0,0.901480793953,0.407732188702,0.493748605251
2.50692749023,0,0.864656329155,0.384571403265,0.48008492589
2.53866076469,0,0.826961219311,0.361596912146,0.465364307165
2.57039403915,0,0.788433492184,0.338845193386,0.449588298798
2.60212731361,0,0.749111890793,0.316352248192,0.432759642601
2.63386058807,0,0.709035933018,0.294150352478,0.41488558054
2.66559386253,0,0.668246090412,0.27227139473,0.395974695683
2.69732713699,0,0.626783370972,0.250742673874,0.376040697098
2.72906041145,0,0.584689497948,0.229589417577,0.355100095272
2.76079368591,0,0.542006909847,0.208832785487,0.333174109459
2.79252696037,0,0.498778581619,0.18849042058,0.310288161039
2.82426023483,0,0.455048024654,0.168577030301,0.286471009254
2.85599327087,0,0.410859584808,0.149103239179,0.261756360531
2.88772678375,0,0.36625674367,0.130075618625,0.236181125045
2.91945981979,0,0.321285843849,0.111498661339,0.20978718996
2.95119309425,0,0.275991052389,0.0933727771044,0.182618275285
2.98292636871,0,0.230418398976,0.0756957679987,0.154722630978
3.01465964317,0,0.184613734484,0.0584629662335,0.126150771976
3.04639291763,0,0.138623178005,0.0416675396264,0.0969556421041
3.07812619209,0,0.0924930274487,0.0253002457321,0.0671927779913
3.10985946655,0,0.0462697409093,0.00935077667236,0.036918964237
3.14159274101,0,-1.2749138989e-07,-0.00619323458523,0.00619310699403
0,0.0101010100916,0,0.0164589844644,0.0164589844644
0.0317332595587,0.0101010100916,0.0462716147304,0.0309229381382,0.0153486765921
0.0634665191174,0.0101010100916,0.0924966484308,0.04566321522,0.0468334332108
0.095199778676,0.0101010100916,0.138628527522,0.0606935881078,0.077934935689
0.126933038235,0.0101010100916,0.184620842338,0.0760289356112,0.108591906726
0.158666297793,0.0101010100916,0.230427235365,0.0916846841574,0.138742551208
0.190399557352,0.0101010100916,0.276001632214,0.107677184045,0.168324440718
0.222132816911,0.0101010100916,0.321298122406,0.12402240932,0.197275713086
0.253866076469,0.0101010100916,0.366271048784,0.140736848116,0.225534200668
0.285599350929,0.0101010100916,0.41087526083,0.157837465405,0.253037810326
0.317332595587,0.0101010100916,0.455065637827,0.175340056419,0.279725581408
0.349065840244,0.0101010100916,0.49879783392,0.193260401487,0.305537432432
0.380799114704,0.0101010100916,0.542027831078,0.211612701416,0.330415129662
0.412532389164,0.0101010100916,0.584712028503,0.230410009623,0.354302018881
0.444265633821,0.0101010100916,0.626807451248,0.24966301024,0.37714445591
0.475998878479,0.0101010100916,0.668271780014,0.269379973412,0.398891806602
0.507732152939,0.0101010100916,0.709063231945,0.289565771818,0.419497460127
0.539465427399,0.0101010100916,0.749140679836,0.310220867395,0.438919812441
0.571198701859,0.0101010100916,0.788463771343,0.331341862679,0.457121908665
0.602931916714,0.0101010100916,0.826992988586,0.352919816971,0.474073171616
0.634665191174,0.0101010100916,0.864689469337,0.374939352274,0.489750117064
0.666398465633,0.0101010100916,0.901515305042,0.397379100323,0.50413620472
0.698131680489,0.0101010100916,0.937433302402,0.420211642981,0.517221689224
0.729864954948,0.0101010100916,0.972407460213,0.443401366472,0.529006123543
0.761598229408,0.0101010100916,1.00640249252,0.466906428337,0.539496064186
0.793331503868,0.0101010100916,1.03938412666,0.490677863359,0.548706293106
0.825064778328,0.0101010100916,1.07131934166,0.514660179615,0.556659162045
0.856797993183,0.0101010100916,1.10217559338,0.538792252541,0.563383340836
0.888531267643,0.0101010100916,1.13192224503,0.563008010387,0.568914234638
0.920264542103,0.0101010100916,1.16052901745,0.587236523628,0.57329249382
0.951997756958,0.0101010100916,1.18796718121,0.611403882504,0.576563298702
0.983731031418,0.0101010100916,1.21420931816,0.635433495045,0.578775823116
1.01546430588,0.0101010100916,1.23922884464,0.659247636795,0.579981207848
1.04719758034,0.0101010100916,1.26300048828,0.682766139507,0.580234348774
1.0789308548,0.0101010100916,1.28550052643,0.705908358097,0.579592168331
1.11066412926,0.0101010100916,1.3067060709,0.728592038155,0.578114032745
1.14239740372,0.0101010100916,1.32659590244,0.750732183456,0.575863718987
1.17413055897,0.0101010100916,1.34514987469,0.772239506245,0.572910368443
1.20586383343,0.0101010100916,1.36234939098,0.79301995039,0.569329440594
1.23759710789,0.0101010100916,1.37817728519,0.812972068787,0.565205216408
1.26933038235,0.0101010100916,1.39261734486,0.831982910633,0.560634434223
1.30106365681,0.0101010100916,1.40565526485,0.849928498268,0.555726766586
1.33279693127,0.0101010100916,1.41727781296,0.866672217846,0.550605595112
1.36453020573,0.0101010100916,1.42747306824,0.882063746452,0.545409321785
1.39626336098,0.0101010100916,1.43623113632,0.895941138268,0.540289998055
1.42799663544,0.0101010100916,1.44354307652,0.908134281635,0.53540879488
1.4597299099,0.0101010100916,1.44940137863,0.918470203876,0.530931174755
1.49146318436,0.0101010100916,1.45380043983,0.926780343056,0.527020096779
1.52319645882,0.0101010100916,1.45673549175,0.932910978794,0.523824512959
1.55492973328,0.0101010100916,1.45820379257,0.936730802059,0.521472990513
1.58666300774,0.0101010100916,1.45820379257,0.938142895699,0.520060896873
1.6183962822,0.0101010100916,1.45673549175,0.937090456486,0.519645035267
1.65012955666,0.0101010100916,1.45380043983,0.933565318584,0.52023512125
1.68186283112,0.0101010100916,1.44940137863,0.927607059479,0.521794319153
1.71359610558,0.0101010100916,1.44354307652,0.919302999973,0.524240076542
1.74532938004,0.0101010100916,1.43623113632,0.908783018589,0.527448117733
1.77706253529,0.0101010100916,1.42747306824,0.896209359169,0.531263709068
1.80879580975,0.0101010100916,1.41727781296,0.881768643856,0.535509169102
1.84052908421,0.0101010100916,1.40565526485,0.865659296513,0.539995968342
1.87226235867,0.0101010100916,1.39261734486,0.848082840443,0.544534504414
1.90399563313,0.0101010100916,1.37817716599,0.829234659672,0.548942506313
1.93572890759,0.0101010100916,1.36234939098,0.809298336506,0.553051054478
1.96746218204,0.0101010100916,1.34514987469,0.788441419601,0.556708455086
1.9991953373,0.0101010100916,1.32659578323,0.766813278198,0.559782505035
2.03092861176,0.0101010100916,1.30670595169,0.744544684887,0.562161266804
2.06266188622,0.0101010100916,1.28550040722,0.72174936533,0.563751041889
2.09439516068,0.0101010100916,1.26300048828,0.698524177074,0.564476311207
2.12612843513,0.0101010100916,1.23922872543,0.674952566624,0.56427615881
2.15786170959,0.0101010100916,1.21420919895,0.651105463505,0.563103735447
2.18959498405,0.0101010100916,1.18796718121,0.627044916153,0.560922265053
2.22132825851,0.0101010100916,1.16052889824,0.602824807167,0.557704091072
2.25306153297,0.0101010100916,1.13192200661,0.578493773937,0.55342823267
2.28479480743,0.0101010100916,1.10217547417,0.554095864296,0.548079609871
2.31652784348,0.0101010100916,1.07131934166,0.529672622681,0.541646718979
2.34826135635,0.0101010100916,1.03938400745,0.505263805389,0.534120202065
2.3799943924,0.0101010100916,1.00640249252,0.480908364058,0.525494098663
2.41172790527,0.0101010100916,0.972407281399,0.456644415855,0.515762865543
2.44346094131,0.0101010100916,0.937433362007,0.432509541512,0.504923820496
2.47519421577,0.0101010100916,0.901515305042,0.40854164958,0.492973655462
2.50692749023,0.0101010100916,0.864689409733,0.384776651859,0.479912757874
2.53866076469,0.0101010100916,0.826992869377,0.361251026392,0.465741842985
2.57039403915,0.0101010100916,0.788463652134,0.337999224663,0.450464427471
2.60212731361,0.0101010100916,0.749140560627,0.315053939819,0.434086620808
2.63386058807,0.0101010100916,0.709063053131,0.292445987463,0.416617065668
2.66559386253,0.0101010100916,0.668271660805,0.270203262568,0.398068398237
2.69732713699,0.0101010100916,0.626807332039,0.248350635171,0.378456711769
2.72906041145,0.0101010100916,0.584711909294,0.226910412312,0.357801496983
2.76079368591,0.0101010100916,0.542027652264,0.205901011825,0.336126625538
2.79252696037,0.0101010100916,0.498797655106,0.18533731997,0.313460350037
2.82426023483,0.0101010100916,0.455065429211,0.165230363607,0.289835065603
2.85599327087,0.0101010100916,0.410875290632,0.145588845015,0.265286445618
2.88772678375,0.0101010100916,0.366270750761,0.126416221261,0.2398545295
2.91945981979,0.0101010100916,0.321298122406,0.10771496594,0.213583156466
2.95119309425,0.0101010100916,0.276001632214,0.0894819498062,0.186519682407
2.98292636871,0.0101010100916,0.230427220464,0.0717137828469,0.158713430166
3.01465964317,0.0101010100916,0.184620797634,0.0544030889869,0.130217701197
3.04639291763,0.0101010100916,0.138628482819,0.0375409014523,0.101087585092
3.07812619209,0.0101010100916,0.0924965664744,0.0211165174842,0.0713800489902
3.10985946655,0.0101010100916,0.0462715141475,0.00511807342991,0.0411534421146
3.14159274101,0.0101010100916,-1.27496278424e-07,-0.0104685137048,0.0104683861136
0,0.0202020201832,0,0.0127114793286,0.0127114793286
0.0317332595587,0.0202020201832,0.0462768897414,0.0272473413497,0.0190295483917
0.0634665191174,0.0202020201832,0.0925071910024,0.0420581512153,0.0504490397871
0.095199778676,0.0202020201832,0.138644322753,0.0571577064693,0.0814866125584
0.126933038235,0.0202020201832,0.184641882777,0.0725622102618,0.112079672515
0.158666297793,0.0202020201832,0.230453491211,0.0882871076465,0.142166376114
0.190399557352,0.0202020201832,0.276033073664,0.104349695146,0.171683371067
0.222132816911,0.0202020201832,0.321334719658,0.120766632259,0.200568079948
0.253866076469,0.0202020201832,0.366312772036,0.137555837631,0.228756934404
0.285599350929,0.0202020201832,0.410922080278,0.154735192657,0.256186902523
0.317332595587,0.0202020201832,0.455117493868,0.172322705388,0.282794773579
0.349065840244,0.0202020201832,0.498854666948,0.190335735679,0.308518946171
0.380799114704,0.0202020201832,0.542089641094,0.208791017532,0.333298623562
0.412532389164,0.0202020201832,0.584778666496,0.22770370543,0.357074975967
0.444265633821,0.0202020201832,0.626878917217,0.247088089585,0.379790842533
0.475998878479,0.0202020201832,0.66834795475,0.26695561409,0.40139234066
0.507732152939,0.0202020201832,0.709143996239,0.287314802408,0.42182919383
0.539465427399,0.0202020201832,0.749226033688,0.308170825243,0.441055208445
0.571198701859,0.0202020201832,0.788553595543,0.329524248838,0.459029346704
0.602931916714,0.0202020201832,0.82708722353,0.35137116909,0.47571605444
0.634665191174,0.0202020201832,0.864787995815,0.373701840639,0.491086155176
0.666398465633,0.0202020201832,0.901618003845,0.396499812603,0.505118191242
0.698131680489,0.0202020201832,0.937540113926,0.419743359089,0.517796754837
0.729864954948,0.0202020201832,0.972518265247,0.443402409554,0.529115855694
0.761598229408,0.0202020201832,1.00651717186,0.46744042635,0.53907674551
0.793331503868,0.0202020201832,1.0395026207,0.491813927889,0.54768872261
0.825064778328,0.0202020201832,1.07144141197,0.516471862793,0.554969549179
0.856797993183,0.0202020201832,1.10230123997,0.541356801987,0.560944437981
0.888531267643,0.0202020201832,1.13205122948,0.566406548023,0.565644681454
0.920264542103,0.0202020201832,1.16066122055,0.591552257538,0.569108963013
0.951997756958,0.0202020201832,1.18810260296,0.616720914841,0.571381688118
0.983731031418,0.0202020201832,1.21434772015,0.641836166382,0.572511553764
1.01546430588,0.0202020201832,1.23936998844,0.666817069054,0.572552919388
1.04719758034,0.0202020201832,1.26314437389,0.6915807724,0.571563601494
1.0789308548,0.0202020201832,1.28564703465,0.716040313244,0.569606721401
1.11066412926,0.0202020201832,1.3068549633,0.740105211735,0.566749751568
1.14239740372,0.0202020201832,1.32674705982,0.763680100441,0.563066959381
1.17413055897,0.0202020201832,1.34530305862,0.786663293839,0.558639764786
1.20586383343,0.0202020201832,1.36250460148,0.808945000172,0.553559601307
1.23759710789,0.0202020201832,1.37833428383,0.830405533314,0.547928750515
1.26933038235,0.0202020201832,1.39277601242,0.850912570953,0.541863441467
1.30106365681,0.0202020201832,1.40581536293,0.870320737362,0.535494625568
1.33279693127,0.0202020201832,1.41743922234,0.888470113277,0.528969109058
1.36453020573,0.0202020201832,1.42763578892,0.905186533928,0.52244925499
1.39626336098,0.0202020201832,1.43639481068,0.920285105705,0.516109704971
1.42799663544,0.0202020201832,1.44370758533,0.933572947979,0.510134637356
1.4597299099,0.0202020201832,1.44956660271,0.944856524467,0.504710078239
1.49146318436,0.0202020201832,1.45396614075,0.95394974947,0.500016391277
1.52319645882,0.0202020201832,1.45690155029,0.960683465004,0.496218085289
1.55492973328,0.0202020201832,1.45836997032,0.964915752411,0.493454217911
1.58666300774,0.0202020201832,1.45836997032,0.966542541981,0.491827428341
1.6183962822,0.0202020201832,1.45690155029,0.965505123138,0.491396427155
1.65012955666,0.0202020201832,1.45396614075,0.961795568466,0.492170572281
1.68186283112,0.0202020201832,1.44956660271,0.955460131168,0.494106471539
1.71359610558,0.0202020201832,1.44370758533,0.94659537077,0.497112214565
1.74532938004,0.0202020201832,1.43639481068,0.935343921185,0.501050889492
1.77706253529,0.0202020201832,1.42763578892,0.921884894371,0.505750894547
1.80879580975,0.0202020201832,1.41743922234,0.906423389912,0.511015832424
1.84052908421,0.0202020201832,1.40581536293,0.889178335667,0.516637027264
1.87226235867,0.0202020201832,1.39277601242,0.870373249054,0.522402763367
1.90399563313,0.0202020201832,1.37833428383,0.850225269794,0.528109014034
1.93572890759,0.0202020201832,1.36250460148,0.82893872261,0.533565878868
1.96746218204,0.0202020201832,1.34530305862,0.806701600552,0.538601458073
1.9991953373,0.0202020201832,1.32674694061,0.783680558205,0.543066382408
2.03092861176,0.0202020201832,1.30685484409,0.760023117065,0.546831727028
2.06266188622,0.0202020201832,1.28564691544,0.735855638981,0.549791276455
2.09439516068,0.0202020201832,1.26314437389,0.711287617683,0.55185675621
2.12612843513,0.0202020201832,1.23936998844,0.686411201954,0.552958786488
2.15786170959,0.0202020201832,1.21434760094,0.661305367947,0.55304223299
2.18959498405,0.0202020201832,1.18810260296,0.636037826538,0.552064776421
2.22132825851,0.0202020201832,1.16066110134,0.610666811466,0.549994289875
2.25306153297,0.0202020201832,1.13205099106,0.585243821144,0.546807169914
2.28479480743,0.0202020201832,1.10230112076,0.559815347195,0.542485773563
2.31652784348,0.0202020201832,1.07144141197,0.534423708916,0.537017703056
2.34826135635,0.0202020201832,1.03950238228,0.509108781815,0.530393600464
2.3799943924,0.0202020201832,1.00651717186,0.48390981555,0.522607326508
2.41172790527,0.0202020201832,0.972518086433,0.458863049746,0.51365506649
2.44346094131,0.0202020201832,0.937540173531,0.434005707502,0.503534436226
2.47519421577,0.0202020201832,0.901618003845,0.409373342991,0.492244660854
2.50692749023,0.0202020201832,0.864787936211,0.385000258684,0.479787677526
2.53866076469,0.0202020201832,0.827087104321,0.360920399427,0.466166704893
2.57039403915,0.0202020201832,0.788553535938,0.337165981531,0.451387554407
2.60212731361,0.0202020201832,0.749225914478,0.313766866922,0.435459047556
2.63386058807,0.0202020201832,0.709143877029,0.290750950575,0.418392926455
2.66559386253,0.0202020201832,0.668347775936,0.268143713474,0.400204062462
2.69732713699,0.0202020201832,0.626878738403,0.245967045426,0.380911707878
2.72906041145,0.0202020201832,0.584778487682,0.224239781499,0.360538721085
2.76079368591,0.0202020201832,0.542089402676,0.202977403998,0.339111983776
2.79252696037,0.0202020201832,0.498854488134,0.182192221284,0.316662251949
2.82426023483,0.0202020201832,0.455117285252,0.161892428994,0.293224871159
2.85599327087,0.0202020201832,0.410922110081,0.142083108425,0.268839001656
2.88772678375,0.0202020201832,0.366312474012,0.122765444219,0.243547022343
2.91945981979,0.0202020201832,0.32133474946,0.103939279914,0.217395469546
2.95119309425,0.0202020201832,0.276033073664,0.0855991989374,0.190433874726
2.98292636871,0.0202020201832,0.23045347631,0.0677387490869,0.162714719772
3.01465964317,0.0202020201832,0.184641838074,0.0503489933908,0.134292840958
3.04639291763,0.0202020201832,0.138644278049,0.0334191434085,0.105225130916
3.07812619209,0.0202020201832,0.0925071015954,0.016936223954,0.0755708813667
3.10985946655,0.0202020201832,0.0462767854333,0.000886656343937,0.0453901290894
3.14159274101,0.0202020201832,-1.27510801917e-07,-0.0147444372997,0.0147443097085
0,0.0303030312061,0,0.00901538413018,0.00901538413018
0.0317332595587,0.0303030312061,0.0462855994701,0.0236295834184,0.0226560160518
0.0634665191174,0.0303030312061,0.0925246030092,0.0385166965425,0.0540079064667
0.095199778676,0.0303030312061,0.138670429587,0.0536924563348,0.0849779695272
0.126933038235,0.0303030312061,0.184676632285,0.0691718459129,0.115504786372
0.158666297793,0.0303030312061,0.230496868491,0.0849721282721,0.145524740219
0.190399557352,0.0303030312061,0.276085019112,0.101110219955,0.174974799156
0.222132816911,0.0303030312061,0.32139518857,0.117604419589,0.203790768981
0.253866076469,0.0303030312061,0.36638173461,0.134473413229,0.231908321381
0.285599350929,0.0303030312061,0.410999417305,0.151736438274,0.259262979031
0.317332595587,0.0303030312061,0.455203145742,0.16941280663,0.285790324211
0.349065840244,0.0303030312061,0.498948574066,0.187521845102,0.311426728964
0.380799114704,0.0303030312061,0.542191624641,0.206082552671,0.33610907197
0.412532389164,0.0303030312061,0.584888756275,0.225113138556,0.359775602818
0.444265633821,0.0303030312061,0.626996874809,0.244629874825,0.382367014885
0.475998878479,0.0303030312061,0.668473720551,0.264648109674,0.403825610876
0.507732152939,0.0303030312061,0.709277510643,0.285180300474,0.424097210169
0.539465427399,0.0303030312061,0.749367058277,0.306235074997,0.44313198328
0.571198701859,0.0303030312061,0.788702011108,0.327818155289,0.46088385582
0.602931916714,0.0303030312061,0.827242851257,0.349930346012,0.477312505245
0.634665191174,0.0303030312061,0.8649507761,0.372566848993,0.492383927107
0.666398465633,0.0303030312061,0.901787698269,0.395717203617,0.506070494652
0.698131680489,0.0303030312061,0.937716543674,0.419364869595,0.51835167408
0.729864954948,0.0303030312061,0.972701311111,0.443485528231,0.529215812683
0.761598229408,0.0303030312061,1.00670671463,0.468048393726,0.538658320904
0.793331503868,0.0303030312061,1.03969824314,0.493014723063,0.546683549881
0.825064778328,0.0303030312061,1.07164299488,0.5183390975,0.553303897381
0.856797993183,0.0303030312061,1.10250866413,0.543968498707,0.558540165424
0.888531267643,0.0303030312061,1.13226425648,0.569843232632,0.562421023846
0.920264542103,0.0303030312061,1.16087973118,0.595898211002,0.564981520176
0.951997756958,0.0303030312061,1.18832623959,0.622061192989,0.566265046597
0.983731031418,0.0303030312061,1.21457624435,0.648255467415,0.566320776939
1.01546430588,0.0303030312061,1.23960328102,0.674399614334,0.565203666687
1.04719758034,0.0303030312061,1.26338219643,0.700405478477,0.562976717949
1.0789308548,0.0303030312061,1.2858890295,0.726181924343,0.55970710516
1.11066412926,0.0303030312061,1.30710101128,0.751629471779,0.555471539497
1.14239740372,0.0303030312061,1.32699680328,0.776642620564,0.55035418272
1.17413055897,0.0303030312061,1.34555637836,0.80110669136,0.544449687004
1.20586383343,0.0303030312061,1.36276113987,0.82489657402,0.537864565849
1.23759710789,0.0303030312061,1.37859380245,0.847873866558,0.530719935894
1.26933038235,0.0303030312061,1.39303815365,0.869886517525,0.523151636124
1.30106365681,0.0303030312061,1.40608000755,0.89076679945,0.515313208103
1.33279693127,0.0303030312061,1.41770601273,0.910331130028,0.507374882698
1.36453020573,0.0303030312061,1.42790448666,0.928381204605,0.499523282051
1.39626336098,0.0303030312061,1.43666517735,0.944708049297,0.491957128048
1.42799663544,0.0303030312061,1.44397926331,0.959096908569,0.484882354736
1.4597299099,0.0303030312061,1.44983947277,0.971332907677,0.478506565094
1.49146318436,0.0303030312061,1.45423972607,0.981211841106,0.47302788496
1.52319645882,0.0303030312061,1.45717573166,0.98855048418,0.468625247478
1.55492973328,0.0303030312061,1.45864439011,0.993196487427,0.465447902679
1.58666300774,0.0303030312061,1.45864439011,0.995039284229,0.463605105877
1.6183962822,0.0303030312061,1.45717573166,0.99401807785,0.463157653809
1.65012955666,0.0303030312061,1.45423972607,0.990127205849,0.464112520218
1.68186283112,0.0303030312061,1.44983947277,0.983418524265,0.466420948505
1.71359610558,0.0303030312061,1.44397926331,0.973998427391,0.469980835915
1.74532938004,0.0303030312061,1.43666517735,0.962022185326,0.47464299202
1.77706253529,0.0303030312061,1.42790448666,0.947684824467,0.480219662189
1.80879580975,0.0303030312061,1.41770601273,0.931209564209,0.486496448517
1.84052908421,0.0303030312061,1.40608000755,0.912836015224,0.493243992329
1.87226235867,0.0303030312061,1.39303815365,0.892808139324,0.500230014324
1.90399563313,0.0303030312061,1.37859368324,0.871364533901,0.507229149342
1.93572890759,0.0303030312061,1.36276113987,0.848730385303,0.514030754566
1.96746218204,0.0303030312061,1.34555637836,0.825113356113,0.520443022251
1.9991953373,0.0303030312061,1.32699668407,0.800698399544,0.526298284531
2.03092861176,0.0303030312061,1.30710089207,0.775648117065,0.531452775002
2.06266188622,0.0303030312061,1.28588891029,0.750103652477,0.535785257816
2.09439516068,0.0303030312061,1.26338219643,0.724185943604,0.539196252823
2.12612843513,0.0303030312061,1.23960328102,0.697996973991,0.54160630703
2.15786170959,0.0303030312061,1.21457612514,0.671623587608,0.542952537537
2.18959498405,0.0303030312061,1.18832623959,0.645139336586,0.543186903
2.22132825851,0.0303030312061,1.16087961197,0.618607401848,0.542272210121
2.25306153297,0.0303030312061,1.13226413727,0.592082858086,0.540181279182
2.28479480743,0.0303030312061,1.10250854492,0.565613806248,0.536894738674
2.31652784348,0.0303030312061,1.07164311409,0.539244413376,0.532398700714
2.34826135635,0.0303030312061,1.03969812393,0.513014554977,0.526683568954
2.3799943924,0.0303030312061,1.00670671463,0.486963689327,0.519743025303
2.41172790527,0.0303030312061,0.972701132298,0.461126744747,0.51157438755
2.44346094131,0.0303030312061,0.937716662884,0.435540288687,0.502176403999
2.47519421577,0.0303030312061,0.901787698269,0.410237401724,0.491550296545
2.50692749023,0.0303030312061,0.864950716496,0.38525146246,0.479699254036
2.53866076469,0.0303030312061,0.827242791653,0.360613286495,0.466629505157
2.57039403915,0.0303030312061,0.788701951504,0.336353063583,0.45234888792
2.60212731361,0.0303030312061,0.749366939068,0.31249755621,0.436869382858
2.63386058807,0.0303030312061,0.709277331829,0.28907212615,0.420205205679
2.66559386253,0.0303030312061,0.668473601341,0.266098946333,0.402374655008
2.69732713699,0.0303030312061,0.6269967556,0.243596866727,0.383399903774
2.72906041145,0.0303030312061,0.584888577461,0.22158177197,0.363306820393
2.76079368591,0.0303030312061,0.542191445827,0.200066402555,0.342125058174
2.79252696037,0.0303030312061,0.498948395252,0.179059401155,0.319889008999
2.82426023483,0.0303030312061,0.455202937126,0.158566012979,0.296636939049
2.85599327087,0.0303030312061,0.410999447107,0.138588771224,0.272410690784
2.88772678375,0.0303030312061,0.366381436586,0.119125641882,0.247255802155
2.91945981979,0.0303030312061,0.321395218372,0.100173853338,0.221221357584
2.95119309425,0.0303030312061,0.276085019112,0.0817255675793,0.194359451532
2.98292636871,0.0303030312061,0.23049685359,0.0637719854712,0.166724860668
3.01465964317,0.0303030312061,0.184676587582,0.0463019534945,0.138374626637
3.04639291763,0.0303030312061,0.138670369983,0.02930258587,0.109367787838
3.07812619209,0.0303030312061,0.0925245136023,0.012759141624,0.0797653719783
3.10985946655,0.0303030312061,0.046285495162,-0.00334330555052,0.0496288016438
3.14159274101,0.0303030312061,-1.27534804051e-07,-0.0190213508904,0.0190212242305
0,0.0404040403664,0,0.0053683319129,0.0053683319129
0.0317332595587,0.0404040403664,0.046297699213,0.020067198202,0.026230501011
0.0634665191174,0.0404040403664,0.0925487875938,0.0350380800664,0.0575107075274
0.095199778676,0.0404040403664,0.138706669211,0.0502961836755,0.0884104818106
0.126933038235,0.0404040403664,0.184724912047,0.0658572912216,0.118867620826
0.158666297793,0.0404040403664,0.230557128787,0.0817388594151,0.148818269372
0.190399557352,0.0404040403664,0.276157200336,0.0979588925838,0.178198307753
0.222132816911,0.0404040403664,0.321479231119,0.114535816014,0.206943422556
0.253866076469,0.0404040403664,0.366477519274,0.131489887834,0.23498763144
0.285599350929,0.0404040403664,0.411106854677,0.148841500282,0.262265354395
0.317332595587,0.0404040403664,0.455322146416,0.16661144793,0.288710713387
0.349065840244,0.0404040403664,0.499078989029,0.184820562601,0.314258426428
0.380799114704,0.0404040403664,0.542333364487,0.203490450978,0.33884292841
0.412532389164,0.0404040403664,0.585041642189,0.222641140223,0.362400501966
0.444265633821,0.0404040403664,0.627160787582,0.242292478681,0.384868323803
0.475998878479,0.0404040403664,0.668648481369,0.262462437153,0.406186044216
0.507732152939,0.0404040403664,0.709462881088,0.283167421818,0.42629545927
0.539465427399,0.0404040403664,0.74956291914,0.304420292377,0.445142626762
0.571198701859,0.0404040403664,0.788908183575,0.326231390238,0.462676793337
0.602931916714,0.0404040403664,0.827459096909,0.348605811596,0.478853285313
0.634665191174,0.0404040403664,0.865176916122,0.371544390917,0.493632525206
0.666398465633,0.0404040403664,0.902023434639,0.395042151213,0.506981253624
0.698131680489,0.0404040403664,0.937961697578,0.41908800602,0.518873691559
0.729864954948,0.0404040403664,0.972955584526,0.443663746119,0.52929186821
0.761598229408,0.0404040403664,1.00696980953,0.468743771315,0.538226008415
0.793331503868,0.0404040403664,1.03997004032,0.494295269251,0.545674800873
0.825064778328,0.0404040403664,1.07192313671,0.520277917385,0.551645219326
0.856797993183,0.0404040403664,1.10279691219,0.546642720699,0.556154191494
0.888531267643,0.0404040403664,1.13256025314,0.573335111141,0.559225142002
0.920264542103,0.0404040403664,1.16118311882,0.600291132927,0.560891985893
0.951997756958,0.0404040403664,1.18863689899,0.627441227436,0.561195671558
0.983731031418,0.0404040403664,1.2148938179,0.654708862305,0.560184955597
1.01546430588,0.0404040403664,1.23992741108,0.68201059103,0.557916820049
1.04719758034,0.0404040403664,1.26371240616,0.709256052971,0.554456353188
1.0789308548,0.0404040403664,1.28622508049,0.736346662045,0.549878418446
1.11066412926,0.0404040403664,1.3074426651,0.763176679611,0.544265985489
1.14239740372,0.0404040403664,1.32734370232,0.789629459381,0.537714242935
1.17413055897,0.0404040403664,1.34590804577,0.8155772686,0.530330777168
1.20586383343,0.0404040403664,1.36311733723,0.840879023075,0.522238314152
1.23759710789,0.0404040403664,1.37895417213,0.865378439426,0.513575732708
1.26933038235,0.0404040403664,1.39340233803,0.888902127743,0.504500210285
1.30106365681,0.0404040403664,1.40644752979,0.91126036644,0.495187163353
1.33279693127,0.0404040403664,1.41807663441,0.932244956493,0.485831677914
1.36453020573,0.0404040403664,1.42827773094,0.951634168625,0.476643562317
1.39626336098,0.0404040403664,1.43704068661,0.969194114208,0.467846572399
1.42799663544,0.0404040403664,1.44435679913,0.984686493874,0.459670305252
1.4597299099,0.0404040403664,1.4502184391,0.997876763344,0.452341675758
1.49146318436,0.0404040403664,1.45461988449,1.00854253769,0.446077346802
1.52319645882,0.0404040403664,1.45755660534,1.01648676395,0.441069841385
1.55492973328,0.0404040403664,1.45902574062,1.02154695988,0.437478780746
1.58666300774,0.0404040403664,1.45902574062,1.02360665798,0.435419082642
1.6183962822,0.0404040403664,1.45755660534,1.02260375023,0.43495285511
1.65012955666,0.0404040403664,1.45461988449,1.01853489876,0.436084985733
1.68186283112,0.0404040403664,1.4502184391,1.01145851612,0.438759922981
1.71359610558,0.0404040403664,1.44435679913,1.00148999691,0.442866802216
1.74532938004,0.0404040403664,1.43704068661,0.988798081875,0.448242604733
1.77706253529,0.0404040403664,1.42827773094,0.973592460155,0.454685270786
1.80879580975,0.0404040403664,1.41807663441,0.956114113331,0.461962521076
1.84052908421,0.0404040403664,1.40644752979,0.936622262001,0.469825267792
1.87226235867,0.0404040403664,1.39340233803,0.915380895138,0.47802144289
1.90399563313,0.0404040403664,1.37895405293,0.89264947176,0.486304581165
1.93572890759,0.0404040403664,1.36311733723,0.868673861027,0.4944434762
1.96746218204,0.0404040403664,1.34590804577,0.843680500984,0.502227544785
1.9991953373,0.0404040403664,1.32734358311,0.817872464657,0.50947111845
2.03092861176,0.0404040403664,1.30744254589,0.791428565979,0.516013979912
2.06266188622,0.0404040403664,1.28622508049,0.76450419426,0.52172088623
2.09439516068,0.0404040403664,1.26371240616,0.737231850624,0.526480555534
2.12612843513,0.0404040403664,1.23992729187,0.709723412991,0.53020387888
2.15786170959,0.0404040403664,1.21489369869,0.682074129581,0.532819569111
2.18959498405,0.0404040403664,1.18863689899,0.654364466667,0.534272432327
2.22132825851,0.0404040403664,1.16118311882,0.626662015915,0.534521102905
2.25306153297,0.0404040403664,1.13256013393,0.599025547504,0.53353458643
2.28479480743,0.0404040403664,1.10279679298,0.571505784988,0.531291007996
2.31652784348,0.0404040403664,1.07192325592,0.544148683548,0.527774572372
2.34826135635,0.0404040403664,1.03996992111,0.516994595528,0.522975325584
2.3799943924,0.0404040403664,1.00696980953,0.490082770586,0.516887068748
2.41172790527,0.0404040403664,0.972955405712,0.463447362185,0.509508013725
2.44346094131,0.0404040403664,0.937961757183,0.437124371529,0.500837385654
2.47519421577,0.0404040403664,0.902023434639,0.411144852638,0.490878582001
2.50692749023,0.0404040403664,0.865176796913,0.385540127754,0.479636669159
2.53866076469,0.0404040403664,0.827459037304,0.360339075327,0.467119961977
2.57039403915,0.0404040403664,0.78890812397,0.335568457842,0.453339666128
2.60212731361,0.0404040403664,0.749562859535,0.311253488064,0.438309371471
2.63386058807,0.0404040403664,0.709462761879,0.287415713072,0.422047048807
2.66559386253,0.0404040403664,0.66864836216,0.264074593782,0.404573768377
2.69732713699,0.0404040403664,0.627160668373,0.241245642304,0.38591504097
2.72906041145,0.0404040403664,0.585041463375,0.218941688538,0.366099774837
2.76079368591,0.0404040403664,0.542333185673,0.197172001004,0.34516119957
2.79252696037,0.0404040403664,0.499078810215,0.175942197442,0.323136627674
2.82426023483,0.0404040403664,0.455321937799,0.155254364014,0.300067573786
2.85599327087,0.0404040403664,0.41110688448,0.135108202696,0.275998681784
2.88772678375,0.0404040403664,0.366477221251,0.115498848259,0.250978380442
2.91945981979,0.0404040403664,0.321479231119,0.0964203700423,0.225058853626
2.95119309425,0.0404040403664,0.276157200336,0.0778625905514,0.198294609785
2.98292636871,0.0404040403664,0.230557098985,0.0598146095872,0.170742481947
3.01465964317,0.0404040403664,0.184724867344,0.0422625802457,0.142462283373
3.04639291763,0.0404040403664,0.138706624508,0.0251916199923,0.113515004516
3.07812619209,0.0404040403664,0.0925487056375,0.00858594942838,0.0839627534151
3.10985946655,0.0404040403664,0.0462975949049,-0.0075719403103,0.0538695342839
3.14159274101,0.0404040403664,-1.27568142716e-07,-0.0232994742692,0.0232993476093
0,0.0505050495267,0,0.00176790263504,0.00176790263504
0.0317332595587,0.0505050495267,0.046313110739,0.0165587496012,0.0297543611377
0.0634665191174,0.0505050495267,0.0925795957446,0.0316199734807,0.0609596222639
0.095199778676,0.0505050495267,0.13875284791,0.0469672307372,0.0917856171727
0.126933038235,0.0505050495267,0.18478640914,0.0626166984439,0.122169710696
0.158666297793,0.0505050495267,0.230633884668,0.0785861909389,0.152047693729
0.190399557352,0.0505050495267,0.276249140501,0.094894349575,0.181354790926
0.222132816911,0.0505050495267,0.321586251259,0.111560635269,0.21002560854
0.253866076469,0.0505050495267,0.366599500179,0.128605678678,0.237993821502
0.285599350929,0.0505050495267,0.411243706942,0.146051317453,0.265192389488
0.317332595587,0.0505050495267,0.455473721027,0.163919657469,0.291554063559
0.349065840244,0.0505050495267,0.499245136976,0.182233780622,0.317011356354
0.380799114704,0.0505050495267,0.542513906956,0.201016202569,0.341497719288
0.412532389164,0.0505050495267,0.585236430168,0.220290511847,0.364945918322
0.444265633821,0.0505050495267,0.627369582653,0.240079164505,0.387290418148
0.475998878479,0.0505050495267,0.668871104717,0.260402917862,0.408468186855
0.507732152939,0.0505050495267,0.709699094296,0.281281650066,0.428417444229
0.539465427399,0.0505050495267,0.749812483788,0.302732855082,0.447079628706
0.571198701859,0.0505050495267,0.789170861244,0.324770659208,0.464400202036
0.602931916714,0.0505050495267,0.827734589577,0.347405493259,0.480329096317
0.634665191174,0.0505050495267,0.865464925766,0.370643407106,0.49482151866
0.666398465633,0.0505050495267,0.902323722839,0.394484788179,0.507838964462
0.698131680489,0.0505050495267,0.938273966312,0.418924152851,0.519349813461
0.729864954948,0.0505050495267,0.973279476166,0.443949103355,0.52933037281
0.761598229408,0.0505050495267,1.00730502605,0.469540297985,0.537764728069
0.793331503868,0.0505050495267,1.0403162241,0.495670199394,0.544646024704
0.825064778328,0.0505050495267,1.07228004932,0.522303402424,0.5499766469
0.856797993183,0.0505050495267,1.10316407681,0.549396753311,0.553767323494
0.888531267643,0.0505050495267,1.13293731213,0.576898336411,0.556038975716
0.920264542103,0.0505050495267,1.16156971455,0.604748368263,0.556821346283
0.951997756958,0.0505050495267,1.18903255463,0.63287883997,0.556153714657
0.983731031418,0.0505050495267,1.21529817581,0.661213636398,0.554084539413
1.01546430588,0.0505050495267,1.24034011364,0.68966782093,0.550672292709
1.04719758034,0.0505050495267,1.26413309574,0.71814763546,0.545985460281
1.0789308548,0.0505050495267,1.28665328026,0.746549785137,0.540103495121
1.11066412926,0.0505050495267,1.30787789822,0.774760127068,0.533117771149
1.14239740372,0.0505050495267,1.32778549194,0.802651405334,0.525134086609
1.17413055897,0.0505050495267,1.34635615349,0.830082833767,0.516273319721
1.20586383343,0.0505050495267,1.36357116699,0.856897711754,0.506673455238
1.23759710789,0.0505050495267,1.37941324711,0.882920384407,0.496492862701
1.26933038235,0.0505050495267,1.39386618137,0.90795737505,0.485908806324
1.30106365681,0.0505050495267,1.40691578388,0.931795597076,0.475120186806
1.33279693127,0.0505050495267,1.41854870319,0.954202473164,0.46434623003
1.36453020573,0.0505050495267,1.4287532568,0.974931716919,0.453821539879
1.39626336098,0.0505050495267,1.4375191927,0.993725180626,0.44379401207
1.42799663544,0.0505050495267,1.44483757019,1.01032149792,0.434516072273
1.4597299099,0.0505050495267,1.45070123672,1.02446568012,0.426235556602
1.49146318436,0.0505050495267,1.45510411263,1.03591763973,0.419186472893
1.52319645882,0.0505050495267,1.45804190636,1.04446661472,0.413575291634
1.55492973328,0.0505050495267,1.45951151848,1.04994046688,0.409571051598
1.58666300774,0.0505050495267,1.45951151848,1.05221807957,0.407293438911
1.6183962822,0.0505050495267,1.45804190636,1.05123579502,0.406806111336
1.65012955666,0.0505050495267,1.45510411263,1.04699373245,0.408110380173
1.68186283112,0.0505050495267,1.45070123672,1.03955614567,0.411145091057
1.71359610558,0.0505050495267,1.44483757019,1.02904856205,0.415789008141
1.74532938004,0.0505050495267,1.4375191927,1.01565134525,0.421867847443
1.77706253529,0.0505050495267,1.4287532568,0.999590575695,0.429162681103
1.80879580975,0.0505050495267,1.41854870319,0.981122851372,0.437425851822
1.84052908421,0.0505050495267,1.40691578388,0.960526049137,0.446389734745
1.87226235867,0.0505050495267,1.39386618137,0.938084185123,0.45578199625
1.90399563313,0.0505050495267,1.3794131279,0.914076387882,0.465336740017
1.93572890759,0.0505050495267,1.36357116699,0.888768553734,0.474802613258
1.96746218204,0.0505050495267,1.34635615349,0.862405478954,0.483950674534
1.9991953373,0.0505050495267,1.32778549194,0.835208535194,0.492576956749
2.03092861176,0.0505050495267,1.30787777901,0.807372748852,0.500505030155
2.06266188622,0.0505050495267,1.28665316105,0.77906703949,0.507586121559
2.09439516068,0.0505050495267,1.26413309574,0.750436365604,0.513696730137
2.12612843513,0.0505050495267,1.24034011364,0.72160333395,0.51873677969
2.15786170959,0.0505050495267,1.21529817581,0.692671477795,0.522626698017
2.18959498405,0.0505050495267,1.18903255463,0.663727581501,0.525304973125
2.22132825851,0.0505050495267,1.16156959534,0.63484531641,0.526724278927
2.25306153297,0.0505050495267,1.13293707371,0.606086850166,0.526850223541
2.28479480743,0.0505050495267,1.10316383839,0.577506244183,0.525657594204
2.31652784348,0.0505050495267,1.07228016853,0.549150884151,0.523129284382
2.34826135635,0.0505050495267,1.04031610489,0.521062195301,0.519253909588
2.3799943924,0.0505050495267,1.00730502605,0.493279397488,0.514025628567
2.41172790527,0.0505050495267,0.973279297352,0.46583712101,0.507442176342
2.44346094131,0.0505050495267,0.938274025917,0.438769102097,0.49950492382
2.47519421577,0.0505050495267,0.902323722839,0.412105411291,0.490218311548
2.50692749023,0.0505050495267,0.865464806557,0.385875493288,0.479589313269
2.53866076469,0.0505050495267,0.827734529972,0.360105633736,0.467628896236
2.57039403915,0.0505050495267,0.789170742035,0.334820449352,0.454350292683
2.60212731361,0.0505050495267,0.749812364578,0.310041695833,0.439770668745
2.63386058807,0.0505050495267,0.709698975086,0.285788565874,0.423910409212
2.66559386253,0.0505050495267,0.668870925903,0.262076556683,0.406794369221
2.69732713699,0.0505050495267,0.627369463444,0.238918706775,0.388450741768
2.72906041145,0.0505050495267,0.585236251354,0.216323897243,0.368912339211
2.76079368591,0.0505050495267,0.542513728142,0.194298267365,0.348215460777
2.79252696037,0.0505050495267,0.499244958162,0.172844186425,0.326400756836
2.82426023483,0.0505050495267,0.455473512411,0.151960894465,0.303512632847
2.85599327087,0.0505050495267,0.411243766546,0.131644681096,0.279599070549
2.88772678375,0.0505050495267,0.366599202156,0.11188736558,0.254711836576
2.91945981979,0.0505050495267,0.321586251259,0.0926808193326,0.228905439377
2.95119309425,0.0505050495267,0.276249140501,0.0740120336413,0.202237099409
2.98292636871,0.0505050495267,0.230633854866,0.0558676086366,0.174766242504
3.01465964317,0.0505050495267,0.184786364436,0.0382317379117,0.146554619074
3.04639291763,0.0505050495267,0.138752803206,0.0210874564946,0.117665350437
3.07812619209,0.0505050495267,0.0925795137882,0.00441683735698,0.0881626754999
3.10985946655,0.0505050495267,0.0463130064309,-0.0117991259322,0.0581121332943
3.14159274101,0.0505050495267,-1.2761060475e-07,-0.0275787450373,0.0275786165148
0,0.0606060624123,0,-0.00178782641888,0.00178782641888
0.0317332595587,0.0606060624123,0.0463318005204,0.0131018608809,0.0332299396396
0.0634665191174,0.0606060624123,0.0926169529557,0.028260551393,0.0643564015627
0.095199778676,0.0606060624123,0.138808846474,0.0437042228878,0.0951046198606
0.126933038235,0.0606060624123,0.18486097455,0.0594489835203,0.125411987305
0.158666297793,0.0606060624123,0.23072694242,0.0755135864019,0.155213356018
0.190399557352,0.0606060624123,0.276360601187,0.0919162854552,0.184444308281
0.222132816911,0.0606060624123,0.321716010571,0.108677983284,0.213038027287
0.253866076469,0.0606060624123,0.366747438908,0.125820398331,0.240927040577
0.285599350929,0.0606060624123,0.411409646273,0.143365994096,0.268043637276
0.317332595587,0.0606060624123,0.45565751195,0.161338299513,0.294319212437
0.349065840244,0.0606060624123,0.499446600676,0.179762199521,0.319684386253
0.380799114704,0.0606060624123,0.542732834816,0.198662549257,0.344070285559
0.412532389164,0.0606060624123,0.585472583771,0.2180647403,0.367407858372
0.444265633821,0.0606060624123,0.627622723579,0.237993255258,0.389629483223
0.475998878479,0.0606060624123,0.669140994549,0.258473217487,0.410667777061
0.507732152939,0.0606060624123,0.709985435009,0.279527813196,0.430457621813
0.539465427399,0.0606060624123,0.750115036964,0.301178395748,0.448936641216
0.571198701859,0.0606060624123,0.789489269257,0.323443025351,0.466046243906
0.602931916714,0.0606060624123,0.828068614006,0.346337735653,0.481730878353
0.634665191174,0.0606060624123,0.86581414938,0.369872957468,0.495941191912
0.666398465633,0.0606060624123,0.902687847614,0.394055306911,0.508632540703
0.698131680489,0.0606060624123,0.938652575016,0.418884545565,0.519767999649
0.729864954948,0.0606060624123,0.97367221117,0.444354683161,0.529317498207
0.761598229408,0.0606060624123,1.00771152973,0.470451503992,0.537260055542
0.793331503868,0.0606060624123,1.04073607922,0.497153639793,0.543582439423
0.825064778328,0.0606060624123,1.07271265984,0.524431407452,0.548281252384
0.856797993183,0.0606060624123,1.10360920429,0.552246153355,0.551363050938
0.888531267643,0.0606060624123,1.13339447975,0.580550312996,0.552844166756
0.920264542103,0.0606060624123,1.16203844547,0.609287559986,0.552750885487
0.951997756958,0.0606060624123,1.18951237202,0.638391435146,0.551120936871
0.983731031418,0.0606060624123,1.21578860283,0.667786896229,0.5480017066
1.01546430588,0.0606060624123,1.24084067345,0.697387576103,0.543453097343
1.04719758034,0.0606060624123,1.26464319229,0.727096796036,0.537546396255
1.0789308548,0.0606060624123,1.28717243671,0.75680577755,0.530366659164
1.11066412926,0.0606060624123,1.30840563774,0.786392450333,0.522013187408
1.14239740372,0.0606060624123,1.3283213377,0.81571906805,0.51260226965
1.17413055897,0.0606060624123,1.34689939022,0.844631612301,0.50226777792
1.20586383343,0.0606060624123,1.36412131786,0.872957229614,0.491164088249
1.23759710789,0.0606060624123,1.37996983528,0.900501608849,0.479468226433
1.26933038235,0.0606060624123,1.39442873001,0.927049934864,0.467378795147
1.30106365681,0.0606060624123,1.40748345852,0.952365815639,0.455117642879
1.33279693127,0.0606060624123,1.4191211462,0.976193189621,0.442927956581
1.36453020573,0.0606060624123,1.42932975292,0.998259902,0.431069850922
1.39626336098,0.0606060624123,1.43809914589,1.0182839632,0.419815182686
1.42799663544,0.0606060624123,1.44542062283,1.03598117828,0.409439444542
1.4597299099,0.0606060624123,1.45128655434,1.05107581615,0.400210738182
1.49146318436,0.0606060624123,1.45569133759,1.06331110001,0.392380237579
1.52319645882,0.0606060624123,1.4586302042,1.07246267796,0.386167526245
1.55492973328,0.0606060624123,1.46010041237,1.0783495903,0.381750822067
1.58666300774,0.0606060624123,1.46010041237,1.08084595203,0.379254460335
1.6183962822,0.0606060624123,1.4586302042,1.07988727093,0.378742933273
1.65012955666,0.0606060624123,1.45569133759,1.07547736168,0.380213975906
1.68186283112,0.0606060624123,1.45128655434,1.06768667698,0.383599877357
1.71359610558,0.0606060624123,1.44542062283,1.056650877,0.388769745827
1.74532938004,0.0606060624123,1.43809914589,1.04256272316,0.395536422729
1.77706253529,0.0606060624123,1.42932975292,1.0256613493,0.403668403625
1.80879580975,0.0606060624123,1.4191211462,1.00622081757,0.412900328636
1.84052908421,0.0606060624123,1.40748345852,0.984536111355,0.422947347164
1.87226235867,0.0606060624123,1.39442873001,0.96090978384,0.433518946171
1.90399563313,0.0606060624123,1.37996971607,0.935640096664,0.444329619408
1.93572890759,0.0606060624123,1.36412131786,0.909012079239,0.455109238625
1.96746218204,0.0606060624123,1.34689939022,0.881289541721,0.465609848499
1.9991953373,0.0606060624123,1.32832121849,0.852710902691,0.4756103158
2.03092861176,0.0606060624123,1.30840551853,0.823487043381,0.484918475151
2.06266188622,0.0606060624123,1.28717243671,0.793801248074,0.493371188641
2.09439516068,0.0606060624123,1.26464319229,0.763810992241,0.50083220005
2.12612843513,0.0606060624123,1.24084055424,0.73364931345,0.507191240788
2.15786170959,0.0606060624123,1.21578848362,0.703428268433,0.512360215187
2.18959498405,0.0606060624123,1.18951237202,0.673242807388,0.516269564629
2.22132825851,0.0606060624123,1.16203832626,0.643171012402,0.518867313862
2.25306153297,0.0606060624123,1.13339424133,0.613280713558,0.520113527775
2.28479480743,0.0606060624123,1.10360908508,0.583628475666,0.519980609417
2.31652784348,0.0606060624123,1.07271277905,0.554264008999,0.518448770046
2.34826135635,0.0606060624123,1.0407358408,0.525230288506,0.515505552292
2.3799943924,0.0606060624123,1.00771152973,0.496566623449,0.51114487648
2.41172790527,0.0606060624123,0.973672032356,0.46830752492,0.505364537239
2.44346094131,0.0606060624123,0.938652634621,0.440485626459,0.498167008162
2.47519421577,0.0606060624123,0.902687847614,0.413129806519,0.489558041096
2.50692749023,0.0606060624123,0.865814089775,0.386267215014,0.479546874762
2.53866076469,0.0606060624123,0.828068494797,0.359922349453,0.468146145344
2.57039403915,0.0606060624123,0.789489209652,0.334116995335,0.455372214317
2.60212731361,0.0606060624123,0.75011497736,0.308869838715,0.441245138645
2.63386058807,0.0606060624123,0.7099853158,0.284196943045,0.425788372755
2.66559386253,0.0606060624123,0.66914087534,0.260110974312,0.409029901028
2.69732713699,0.0606060624123,0.62762260437,0.23662096262,0.39100164175
2.72906041145,0.0606060624123,0.585472404957,0.21373309195,0.371739327908
2.76079368591,0.0606060624123,0.542732596397,0.191449567676,0.351283013821
2.79252696037,0.0606060624123,0.499446421862,0.16976942122,0.329676985741
2.82426023483,0.0606060624123,0.455657303333,0.148688748479,0.306968569756
2.85599327087,0.0606060624123,0.411409705877,0.128200411797,0.283209294081
2.88772678375,0.0606060624123,0.366747140884,0.108293801546,0.258453339338
2.91945981979,0.0606060624123,0.321716040373,0.0889572054148,0.232758834958
2.95119309425,0.0606060624123,0.276360601187,0.0701756551862,0.206184953451
2.98292636871,0.0606060624123,0.230726927519,0.0519327521324,0.178794175386
3.01465964317,0.0606060624123,0.184860929847,0.0342105999589,0.150650322437
3.04639291763,0.0606060624123,0.138808786869,0.0169902257621,0.121818557382
3.07812619209,0.0606060624123,0.0926168709993,0.000251903198659,0.0923649668694
3.10985946655,0.0606060624123,0.0463316962123,-0.0160246677697,0.062356363982
3.14159274101,0.0606060624123,-1.27662104887e-07,-0.0318600535393,0.0318599268794
0,0.0707070678473,0,-0.00530128274113,0.00530128274113
0.0317332595587,0.0707070678473,0.0463536791503,0.00969451479614,0.0366591662169
0.0634665191174,0.0707070678473,0.0926606953144,0.0249580554664,0.0677026361227
0.095199778676,0.0707070678473,0.138874396682,0.0405050478876,0.0983693450689
0.126933038235,0.0707070678473,0.184948265553,0.0563526973128,0.128595560789
0.158666297793,0.0707070678473,0.230835899711,0.0725188851357,0.158317014575
0.190399557352,0.0707070678473,0.276491105556,0.0890237092972,0.187467396259
0.222132816911,0.0707070678473,0.32186794281,0.105887845159,0.215980097651
0.253866076469,0.0707070678473,0.366920650005,0.123134255409,0.243786394596
0.285599350929,0.0707070678473,0.411603957415,0.140785828233,0.270818114281
0.317332595587,0.0707070678473,0.45587271452,0.158868327737,0.297004401684
0.349065840244,0.0707070678473,0.499682456255,0.177407622337,0.322274833918
0.380799114704,0.0707070678473,0.542989134789,0.196430876851,0.346558272839
0.412532389164,0.0707070678473,0.585749030113,0.215965136886,0.369783878326
0.444265633821,0.0707070678473,0.627919137478,0.236038401723,0.391880750656
0.475998878479,0.0707070678473,0.669456958771,0.256678134203,0.412778824568
0.507732152939,0.0707070678473,0.710320770741,0.277910977602,0.432409793139
0.539465427399,0.0707070678473,0.750469267368,0.299762427807,0.450706839561
0.571198701859,0.0707070678473,0.78986209631,0.322255432606,0.467606663704
0.602931916714,0.0707070678473,0.82845968008,0.345409810543,0.483049869537
0.634665191174,0.0707070678473,0.866223037243,0.369242042303,0.49698099494
0.666398465633,0.0707070678473,0.903114140034,0.393763393164,0.509350776672
0.698131680489,0.0707070678473,0.939095854759,0.418980300426,0.520115554333
0.729864954948,0.0707070678473,0.974132061005,0.444891810417,0.529240250587
0.761598229408,0.0707070678473,1.00818741322,0.47149053216,0.536696910858
0.793331503868,0.0707070678473,1.04122757912,0.498760282993,0.542467296124
0.825064778328,0.0707070678473,1.07321929932,0.526676952839,0.546542346478
0.856797993183,0.0707070678473,1.10413038731,0.555207073689,0.548923313618
0.888531267643,0.0707070678473,1.13392972946,0.584307610989,0.549622118473
0.920264542103,0.0707070678473,1.16258716583,0.613925695419,0.548661470413
0.951997756958,0.0707070678473,1.19007408619,0.643996655941,0.546077430248
0.983731031418,0.0707070678473,1.21636271477,0.674446225166,0.541916489601
1.01546430588,0.0707070678473,1.2414265871,0.705187261105,0.536239326
1.04719758034,0.0707070678473,1.26524043083,0.736119747162,0.52912068367
1.0789308548,0.0707070678473,1.28778040409,0.767129778862,0.520650625229
1.11066412926,0.0707070678473,1.3090236187,0.798087060452,0.510936558247
1.14239740372,0.0707070678473,1.32894861698,0.828843832016,0.500104784966
1.17413055897,0.0707070678473,1.34753549099,0.859232246876,0.488303244114
1.20586383343,0.0707070678473,1.36476552486,0.889063179493,0.475702345371
1.23759710789,0.0707070678473,1.38062155247,0.918123781681,0.462497770786
1.26933038235,0.0707070678473,1.39508724213,0.946177601814,0.448909640312
1.30106365681,0.0707070678473,1.40814816952,0.972965240479,0.435182929039
1.33279693127,0.0707070678473,1.41979134083,0.998206138611,0.421585202217
1.36453020573,0.0707070678473,1.43000483513,1.02160382271,0.408401012421
1.39626336098,0.0707070678473,1.43877840042,1.04285204411,0.395926356316
1.42799663544,0.0707070678473,1.44610321522,1.06164395809,0.384459257126
1.4597299099,0.0707070678473,1.45197200775,1.07768332958,0.374288678169
1.49146318436,0.0707070678473,1.45637881756,1.09069728851,0.365681529045
1.52319645882,0.0707070678473,1.45931911469,1.10044777393,0.358871340752
1.55492973328,0.0707070678473,1.4607899189,1.10674619675,0.354043722153
1.58666300774,0.0707070678473,1.4607899189,1.10946190357,0.351328015327
1.6183962822,0.0707070678473,1.45931911469,1.10853075981,0.350788354874
1.65012955666,0.0707070678473,1.45637881756,1.10395956039,0.352419257164
1.68186283112,0.0707070678473,1.45197200775,1.09582567215,0.356146335602
1.71359610558,0.0707070678473,1.44610321522,1.08427476883,0.361828446388
1.74532938004,0.0707070678473,1.43877840042,1.06951057911,0.369267821312
1.77706253529,0.0707070678473,1.43000483513,1.05178701878,0.378217816353
1.80879580975,0.0707070678473,1.41979134083,1.03139281273,0.388398528099
1.84052908421,0.0707070678473,1.40814816952,1.00863945484,0.399508714676
1.87226235867,0.0707070678473,1.39508724213,0.983847975731,0.411239266396
1.90399563313,0.0707070678473,1.38062143326,0.957334518433,0.423286914825
1.93572890759,0.0707070678473,1.36476552486,0.929402470589,0.435363054276
1.96746218204,0.0707070678473,1.34753549099,0.900333404541,0.447202086449
1.9991953373,0.0707070678473,1.32894849777,0.870382785797,0.458565711975
2.03092861176,0.0707070678473,1.30902349949,0.839777588844,0.469245910645
2.06266188622,0.0707070678473,1.28778028488,0.808715164661,0.47906512022
2.09439516068,0.0707070678473,1.26524043083,0.777365326881,0.487875103951
2.12612843513,0.0707070678473,1.2414265871,0.745872139931,0.495554447174
2.15786170959,0.0707070678473,1.21636271477,0.714357376099,0.502005338669
2.18959498405,0.0707070678473,1.19007408619,0.682922661304,0.507151424885
2.22132825851,0.0707070678473,1.16258716583,0.6516533494,0.510933816433
2.25306153297,0.0707070678473,1.13392949104,0.620621085167,0.513308405876
2.28479480743,0.0707070678473,1.1041302681,0.589886903763,0.514243364334
2.31652784348,0.0707070678473,1.07321941853,0.559502363205,0.513717055321
2.34826135635,0.0707070678473,1.0412273407,0.529512166977,0.511715173721
2.3799943924,0.0707070678473,1.00818741322,0.499956607819,0.508230805397
2.41172790527,0.0707070678473,0.974131882191,0.470870196819,0.503261685371
2.44346094131,0.0707070678473,0.939095914364,0.442284733057,0.496811181307
2.47519421577,0.0707070678473,0.903114140034,0.414227694273,0.488886445761
2.50692749023,0.0707070678473,0.866222977638,0.386724710464,0.479498267174
2.53866076469,0.0707070678473,0.828459560871,0.359797686338,0.468661874533
2.57039403915,0.0707070678473,0.789862036705,0.33346581459,0.456396222115
2.60212731361,0.0707070678473,0.750469207764,0.307744920254,0.44272428751
2.63386058807,0.0707070678473,0.710320591927,0.28264772892,0.427672863007
2.66559386253,0.0707070678473,0.669456839561,0.258183479309,0.411273360252
2.69732713699,0.0707070678473,0.627919018269,0.234358400106,0.393560618162
2.72906041145,0.0707070678473,0.585748910904,0.211173921824,0.37457498908
2.76079368591,0.0707070678473,0.542988955975,0.188630029559,0.354358911514
2.79252696037,0.0707070678473,0.499682277441,0.166721314192,0.332960963249
2.82426023483,0.0707070678473,0.455872476101,0.1454410851,0.310431391001
2.85599327087,0.0707070678473,0.411603987217,0.124778613448,0.286825358868
2.88772678375,0.0707070678473,0.36692032218,0.104720197618,0.262200117111
2.91945981979,0.0707070678473,0.321867972612,0.085251532495,0.236616432667
2.95119309425,0.0707070678473,0.276491105556,0.0663544610143,0.210136651993
2.98292636871,0.0707070678473,0.230835884809,0.0480106770992,0.18282520771
3.01465964317,0.0707070678473,0.184948220849,0.0301995538175,0.154748663306
3.04639291763,0.0707070678473,0.138874337077,0.0129005378112,0.125973805785
3.07812619209,0.0707070678473,0.0926606059074,-0.00390855129808,0.0965691581368
3.10985946655,0.0707070678473,0.0463535748422,-0.0202489681542,0.0666025429964
3.14159274101,0.0707070678473,-1.27722387333e-07,-0.0361430756748,0.0361429490149
0,0.0808080807328,0,-0.00877491105348,0.00877491105348
0.0317332595587,0.0808080807328,0.0463787168264,0.00633474392816,0.0400439724326
0.0634665191174,0.0808080807328,0.0927107483149,0.0217106379569,0.0710001140833
0.095199778676,0.0808080807328,0.138949409127,0.0373687148094,0.101580694318
0.126933038235,0.0808080807328,0.185048177838,0.0533261112869,0.131722062826
0.158666297793,0.0808080807328,0.230960592628,0.0696017295122,0.161358863115
0.190399557352,0.0808080807328,0.276640474796,0.0862156450748,0.190424829721
0.222132816911,0.0808080807328,0.322041809559,0.10318954289,0.218852266669
0.253866076469,0.0808080807328,0.367118835449,0.120546467602,0.246572375298
0.285599350929,0.0808080807328,0.41182628274,0.138311341405,0.273514926434
0.317332595587,0.0808080807328,0.456118941307,0.156510338187,0.299608588219
0.349065840244,0.0808080807328,0.499952375889,0.175171256065,0.324781119823
0.380799114704,0.0808080807328,0.543282449245,0.194322839379,0.348959624767
0.412532389164,0.0808080807328,0.586065471172,0.213994637132,0.372070848942
0.444265633821,0.0808080807328,0.628258287907,0.234217151999,0.394041121006
0.475998878479,0.0808080807328,0.669818580151,0.255020529032,0.414798051119
0.507732152939,0.0808080807328,0.710704445839,0.276435524225,0.434268921614
0.539465427399,0.0808080807328,0.750874638557,0.298490792513,0.452383846045
0.571198701859,0.0808080807328,0.790288805962,0.321213543415,0.469075262547
0.602931916714,0.0808080807328,0.828907132149,0.344629049301,0.484278082848
0.634665191174,0.0808080807328,0.866690933704,0.368758410215,0.497932523489
0.666398465633,0.0808080807328,0.903601944447,0.393618613482,0.509983301163
0.698131680489,0.0808080807328,0.939603090286,0.419221609831,0.520381450653
0.729864954948,0.0808080807328,0.974658250809,0.44557261467,0.529085636139
0.761598229408,0.0808080807328,1.00873196125,0.472669839859,0.536062121391
0.793331503868,0.0808080807328,1.04179000854,0.500503480434,0.541286528111
0.825064778328,0.0808080807328,1.07379901409,0.529054641724,0.544744372368
0.856797993183,0.0808080807328,1.10472679138,0.558295369148,0.546431422234
0.888531267643,0.0808080807328,1.13454222679,0.588187098503,0.546355128288
0.920264542103,0.0808080807328,1.16321516037,0.618679583073,0.544535577297
0.951997756958,0.0808080807328,1.19071698189,0.649711251259,0.541005730629
0.983731031418,0.0808080807328,1.21701979637,0.681208491325,0.535811305046
1.01546430588,0.0808080807328,1.24209725857,0.713083386421,0.529013872147
1.04719758034,0.0808080807328,1.26592385769,0.745232284069,0.52069157362
1.0789308548,0.0808080807328,1.2884759903,0.777536213398,0.510939776897
1.11066412926,0.0808080807328,1.30973064899,0.809857189655,0.499873459339
1.14239740372,0.0808080807328,1.32966649532,0.842036128044,0.487630367279
1.17413055897,0.0808080807328,1.34826338291,0.8738925457,0.474370837212
1.20586383343,0.0808080807328,1.36550271511,0.905220031738,0.460282683372
1.23759710789,0.0808080807328,1.38136732578,0.93578761816,0.445579707623
1.26933038235,0.0808080807328,1.39584076405,0.965337216854,0.430503547192
1.30106365681,0.0808080807328,1.40890884399,0.993586421013,0.415322422981
1.33279693127,0.0808080807328,1.42055821419,1.02023077011,0.400327444077
1.36453020573,0.0808080807328,1.43077719212,1.0449488163,0.385828375816
1.39626336098,0.0808080807328,1.43955552578,1.06741070747,0.372144818306
1.42799663544,0.0808080807328,1.44688439369,1.08728730679,0.359597086906
1.4597299099,0.0808080807328,1.45275628567,1.10426306725,0.348493218422
1.49146318436,0.0808080807328,1.45716547966,1.11804842949,0.339117050171
1.52319645882,0.0808080807328,1.46010732651,1.12839376926,0.331713557243
1.55492973328,0.0808080807328,1.46157896519,1.13510143757,0.326477527618
1.58666300774,0.0808080807328,1.46157896519,1.13803744316,0.323541522026
1.6183962822,0.0808080807328,1.46010732651,1.13713788986,0.322969436646
1.65012955666,0.0808080807328,1.45716547966,1.13241279125,0.324752688408
1.68186283112,0.0808080807328,1.45275628567,1.12394750118,0.328808784485
1.71359610558,0.0808080807328,1.44688439369,1.11189579964,0.334988594055
1.74532938004,0.0808080807328,1.43955552578,1.09647381306,0.343081712723
1.77706253529,0.0808080807328,1.43077719212,1.07794809341,0.352829098701
1.80879580975,0.0808080807328,1.42055821419,1.05662202835,0.363936185837
1.84052908421,0.0808080807328,1.40890884399,1.03282344341,0.376085400581
1.87226235867,0.0808080807328,1.39584076405,1.00688898563,0.388951778412
1.90399563313,0.0808080807328,1.38136720657,0.979152560234,0.402214646339
1.93572890759,0.0808080807328,1.36550271511,0.949935317039,0.415567398071
1.96746218204,0.0808080807328,1.34826338291,0.919535756111,0.428727626801
1.9991953373,0.0808080807328,1.32966637611,0.888226091862,0.441440284252
2.03092861176,0.0808080807328,1.30973052979,0.856248497963,0.453482031822
2.06266188622,0.0808080807328,1.28847587109,0.823814868927,0.464661002159
2.09439516068,0.0808080807328,1.26592385769,0.79110789299,0.474815964699
2.12612843513,0.0808080807328,1.24209713936,0.758282482624,0.483814656734
2.15786170959,0.0808080807328,1.21701967716,0.725470006466,0.491549670696
2.18959498405,0.0808080807328,1.19071698189,0.692780077457,0.49793690443
2.22132825851,0.0808080807328,1.16321516037,0.66030472517,0.5029104352
2.25306153297,0.0808080807328,1.13454198837,0.628121197224,0.506420791149
2.28479480743,0.0808080807328,1.10472667217,0.596293866634,0.508432805538
2.31652784348,0.0808080807328,1.0737991333,0.564877986908,0.508921146393
2.34826135635,0.0808080807328,1.04178977013,0.533920288086,0.50786948204
2.3799943924,0.0808080807328,1.00873196125,0.503461718559,0.505270242691
2.41172790527,0.0808080807328,0.974658071995,0.473536908627,0.501121163368
2.44346094131,0.0808080807328,0.939603209496,0.444177418947,0.495425790548
2.47519421577,0.0808080807328,0.903601944447,0.415409982204,0.488191962242
2.50692749023,0.0808080807328,0.8666908741,0.387257665396,0.479433208704
2.53866076469,0.0808080807328,0.828907072544,0.359740614891,0.469166457653
2.57039403915,0.0808080807328,0.790288686752,0.332875102758,0.457413583994
2.60212731361,0.0808080807328,0.750874578953,0.306674391031,0.444200187922
2.63386058807,0.0808080807328,0.71070432663,0.281147688627,0.429556638002
2.66559386253,0.0808080807328,0.669818460941,0.256300657988,0.413517802954
2.69732713699,0.0808080807328,0.628258168697,0.232135742903,0.396122425795
2.72906041145,0.0808080807328,0.586065292358,0.208651691675,0.377413600683
2.76079368591,0.0808080807328,0.543282210827,0.185843974352,0.357438236475
2.79252696037,0.0808080807328,0.499952197075,0.163704022765,0.336248159409
2.82426023483,0.0808080807328,0.456118732691,0.142221242189,0.313897490501
2.85599327087,0.0808080807328,0.411826312542,0.121381938457,0.290444374084
2.88772678375,0.0808080807328,0.367118537426,0.101169288158,0.265949249268
2.91945981979,0.0808080807328,0.322041809559,0.0815657749772,0.240476042032
2.95119309425,0.0808080807328,0.276640474796,0.0625507161021,0.214089751244
2.98292636871,0.0808080807328,0.230960577726,0.0441029518843,0.186857625842
3.01465964317,0.0808080807328,0.185048133135,0.0261999256909,0.158848211169
3.04639291763,0.0808080807328,0.138949349523,0.0088189644739,0.130130380392
3.07812619209,0.0808080807328,0.0927106589079,-0.00806392263621,0.10077457875
3.10985946655,0.0808080807328,0.0463786162436,-0.0244718343019,0.0708504468203
3.14159274101,0.0808080807328,-1.27791381033e-07,-0.0404280424118,0.0404279157519
0,0.0909090936184,0,-0.0122107462958,0.0122107462958
0.0317332595587,0.0909090936184,0.0464068315923,0.00302016362548,0.0433866679668
0.0634665191174,0.0909090936184,0.0927669480443,0.0185159742832,0.0742509737611
0.095199778676,0.0909090936184,0.13903363049,0.0342927053571,0.104740925133
0.126933038235,0.0909090936184,0.185160338879,0.0503680668771,0.134792268276
0.158666297793,0.0909090936184,0.231100603938,0.0667607784271,0.164339825511
0.190399557352,0.0909090936184,0.276808172464,0.0834911689162,0.193316996098
0.222132816911,0.0909090936184,0.322237014771,0.100582003593,0.221655011177
0.253866076469,0.0909090936184,0.36734136939,0.118057288229,0.249284088612
0.285599350929,0.0909090936184,0.412075906992,0.135942280293,0.276133626699
0.317332595587,0.0909090936184,0.456395447254,0.154264777899,0.302130669355
0.349065840244,0.0909090936184,0.500255405903,0.173053711653,0.32720169425
0.380799114704,0.0909090936184,0.543611764908,0.19233995676,0.351271808147
0.412532389164,0.0909090936184,0.586420714855,0.21215519309,0.374265521765
0.444265633821,0.0909090936184,0.628639161587,0.232532098889,0.396107077599
0.475998878479,0.0909090936184,0.670224606991,0.253504306078,0.416720300913
0.507732152939,0.0909090936184,0.711135268211,0.275105208158,0.436030060053
0.539465427399,0.0909090936184,0.75132983923,0.29736790061,0.45396193862
0.571198701859,0.0909090936184,0.790767848492,0.320323854685,0.470443993807
0.602931916714,0.0909090936184,0.829409599304,0.344002604485,0.48540699482
0.634665191174,0.0909090936184,0.867216289043,0.368430495262,0.498785793781
0.666398465633,0.0909090936184,0.904149711132,0.393630355597,0.510519385338
0.698131680489,0.0909090936184,0.940172672272,0.419618934393,0.520553708076
0.729864954948,0.0909090936184,0.975249052048,0.446408212185,0.528840839863
0.761598229408,0.0909090936184,1.00934350491,0.474002093077,0.535341382027
0.793331503868,0.0909090936184,1.04242146015,0.502396821976,0.540024638176
0.825064778328,0.0909090936184,1.07444989681,0.531579315662,0.54287058115
0.856797993183,0.0909090936184,1.10539650917,0.561526477337,0.543870031834
0.888531267643,0.0909090936184,1.13522994518,0.592204213142,0.54302573204
0.920264542103,0.0909090936184,1.16392028332,0.62356621027,0.540354073048
0.951997756958,0.0909090936184,1.19143867493,0.655552864075,0.535885810852
0.983731031418,0.0909090936184,1.21775758266,0.688091576099,0.529666006565
1.01546430588,0.0909090936184,1.24285018444,0.721092700958,0.521757483482
1.04719758034,0.0909090936184,1.26669120789,0.754451096058,0.512240111828
1.0789308548,0.0909090936184,1.28925704956,0.788040399551,0.501216650009
1.11066412926,0.0909090936184,1.31052458286,0.821715950966,0.488808631897
1.14239740372,0.0909090936184,1.33047246933,0.855307459831,0.475165009499
1.17413055897,0.0909090936184,1.3490806818,0.888620734215,0.460459947586
1.20586383343,0.0909090936184,1.36633050442,0.921433448792,0.444897055626
1.23759710789,0.0909090936184,1.38220465183,0.95349496603,0.428709685802
1.26933038235,0.0909090936184,1.39668691158,0.984526634216,0.412160277367
1.30106365681,0.0909090936184,1.40976285934,1.01422309875,0.39553976059
1.33279693127,0.0909090936184,1.4214193821,1.04225587845,0.379163503647
1.36453020573,0.0909090936184,1.43164455891,1.06827938557,0.36336517334
1.39626336098,0.0909090936184,1.44042813778,1.09194076061,0.348487377167
1.42799663544,0.0909090936184,1.44776141644,1.11288928986,0.334872126579
1.4597299099,0.0909090936184,1.45363688469,1.13078999519,0.322846889496
1.49146318436,0.0909090936184,1.45804870129,1.14533805847,0.312710642815
1.52319645882,0.0909090936184,1.46099245548,1.1562718153,0.304720640182
1.55492973328,0.0909090936184,1.46246492863,1.16338634491,0.299078583717
1.58666300774,0.0909090936184,1.46246492863,1.16654336452,0.295921564102
1.6183962822,0.0909090936184,1.46099245548,1.16568005085,0.295312404633
1.65012955666,0.0909090936184,1.45804870129,1.16081047058,0.297238230705
1.68186283112,0.0909090936184,1.45363688469,1.15202605724,0.301610827446
1.71359610558,0.0909090936184,1.44776141644,1.1394906044,0.308270812035
1.74532938004,0.0909090936184,1.44042813778,1.12343096733,0.316997170448
1.77706253529,0.0909090936184,1.43164455891,1.10412573814,0.327518820763
1.80879580975,0.0909090936184,1.4214193821,1.08189284801,0.339526534081
1.84052908421,0.0909090936184,1.40976285934,1.05707406998,0.352688789368
1.87226235867,0.0909090936184,1.39668691158,1.03002202511,0.366664886475
1.90399563313,0.0909090936184,1.38220453262,1.00108718872,0.381117343903
1.93572890759,0.0909090936184,1.36633050442,0.970606267452,0.395724236965
1.96746218204,0.0909090936184,1.3490806818,0.938894987106,0.410185694695
1.9991953373,0.0909090936184,1.33047235012,0.906241834164,0.424230515957
2.03092861176,0.0909090936184,1.31052446365,0.872903645039,0.437620818615
2.06266188622,0.0909090936184,1.28925693035,0.839106619358,0.450150310993
2.09439516068,0.0909090936184,1.26669120789,0.805046617985,0.461644589901
2.12612843513,0.0909090936184,1.24285006523,0.77088946104,0.471960604191
2.15786170959,0.0909090936184,1.21775746346,0.736776769161,0.480980694294
2.18959498405,0.0909090936184,1.19143867493,0.702826499939,0.488612174988
2.22132825851,0.0909090936184,1.16392028332,0.669137597084,0.494782686234
2.25306153297,0.0909090936184,1.13522982597,0.63579338789,0.499436438084
2.28479480743,0.0909090936184,1.10539627075,0.602862596512,0.50253367424
2.31652784348,0.0909090936184,1.07445001602,0.570404350758,0.504045665264
2.34826135635,0.0909090936184,1.04242134094,0.53846681118,0.503954529762
2.3799943924,0.0909090936184,1.00934350491,0.507093429565,0.50225007534
2.41172790527,0.0909090936184,0.975248873234,0.476319074631,0.498929798603
2.44346094131,0.0909090936184,0.940172731876,0.446174889803,0.493997842073
2.47519421577,0.0909090936184,0.904149711132,0.416686326265,0.487463384867
2.50692749023,0.0909090936184,0.867216229439,0.38787534833,0.479340881109
2.53866076469,0.0909090936184,0.8294095397,0.359759777784,0.469649761915
2.57039403915,0.0909090936184,0.790767729282,0.332352936268,0.458414793015
2.60212731361,0.0909090936184,0.75132972002,0.305665612221,0.4456641078
2.63386058807,0.0909090936184,0.711135149002,0.279702931643,0.43143221736
2.66559386253,0.0909090936184,0.670224487782,0.254468053579,0.415756434202
2.69732713699,0.0909090936184,0.628638982773,0.229959174991,0.398679792881
2.72906041145,0.0909090936184,0.586420536041,0.206171274185,0.380249261856
2.76079368591,0.0909090936184,0.543611586094,0.183095633984,0.36051595211
2.79252696037,0.0909090936184,0.500255227089,0.160720959306,0.339534282684
2.82426023483,0.0909090936184,0.456395208836,0.139032557607,0.31736266613
2.85599327087,0.0909090936184,0.412075966597,0.11801341176,0.294062554836
2.88772678375,0.0909090936184,0.367341071367,0.0976432263851,0.269697844982
2.91945981979,0.0909090936184,0.322237044573,0.0779020339251,0.244335010648
2.95119309425,0.0909090936184,0.276808172464,0.0587657056749,0.218042463064
2.98292636871,0.0909090936184,0.231100574136,0.0402109734714,0.190889596939
3.01465964317,0.0909090936184,0.185160294175,0.022212754935,0.162947535515
3.04639291763,0.0909090936184,0.139033585787,0.00474633881822,0.134287253022
3.07812619209,0.0909090936184,0.0927668586373,-0.0122138401493,0.104980699718
3.10985946655,0.0909090936184,0.0464067272842,-0.0286928638816,0.0750995874405
3.14159274101,0.0909090936184,-1.27868844402e-07,-0.044715244323,0.0447151176631
0,0.101010099053,0,-0.0156113421544,0.0156113421544
0.0317332595587,0.101010099053,0.0464379899204,-0.00025144033134,0.0466894283891
0.0634665191174,0.101010099053,0.0928292348981,0.0153722791001,0.0774569585919
0.095199778676,0.101010099053,0.139126986265,0.0312759205699,0.107851065695
0.126933038235,0.101010099053,0.185284659266,0.0474766343832,0.137808024883
0.158666297793,0.101010099053,0.231255754828,0.0639941245317,0.167261630297
0.190399557352,0.101010099053,0.276994019747,0.080849416554,0.196144610643
0.222132816911,0.101010099053,0.322453379631,0.0980651527643,0.224388226867
0.253866076469,0.101010099053,0.367588013411,0.115665979683,0.251922041178
0.285599350929,0.101010099053,0.412352591753,0.133678749204,0.278673827648
0.317332595587,0.101010099053,0.456701874733,0.152131974697,0.304569900036
0.349065840244,0.101010099053,0.500591337681,0.171056106687,0.329535245895
0.380799114704,0.101010099053,0.543976783752,0.190483883023,0.35349291563
0.412532389164,0.101010099053,0.586814463139,0.210448622704,0.376365840435
0.444265633821,0.101010099053,0.629061222076,0.230986088514,0.398075133562
0.475998878479,0.101010099053,0.670674622059,0.25213265419,0.418541967869
0.507732152939,0.101010099053,0.711612701416,0.273924797773,0.437687903643
0.539465427399,0.101010099053,0.751834273338,0.296399414539,0.455434858799
0.571198701859,0.101010099053,0.791298747063,0.319591909647,0.471706837416
0.602931916714,0.101010099053,0.8299664855,0.343537181616,0.486429303885
0.634665191174,0.101010099053,0.867798566818,0.368266046047,0.499532520771
0.666398465633,0.101010099053,0.904756784439,0.393806636333,0.510950148106
0.698131680489,0.101010099053,0.940803945065,0.420181900263,0.520622014999
0.729864954948,0.101010099053,0.975903809071,0.447409629822,0.528494179249
0.761598229408,0.101010099053,1.01002120972,0.475499719381,0.534521460533
0.793331503868,0.101010099053,1.04312133789,0.504453718662,0.538667619228
0.825064778328,0.101010099053,1.07517135143,0.534265100956,0.540906250477
0.856797993183,0.101010099053,1.106138587,0.564915716648,0.54122287035
0.888531267643,0.101010099053,1.13599216938,0.596375405788,0.539616763592
0.920264542103,0.101010099053,1.16470181942,0.628601968288,0.536099851131
0.951997756958,0.101010099053,1.19223868847,0.661538004875,0.530700683594
0.983731031418,0.101010099053,1.21857511997,0.695111513138,0.523463606834
1.01546430588,0.101010099053,1.24368464947,0.72923207283,0.514452576637
1.04719758034,0.101010099053,1.26754176617,0.763790667057,0.50375109911
1.0789308548,0.101010099053,1.29012262821,0.798656761646,0.491465866566
1.11066412926,0.101010099053,1.31140446663,0.833676040173,0.477728426456
1.14239740372,0.101010099053,1.33136582375,0.868668138981,0.462697684765
1.17413055897,0.101010099053,1.34998643398,0.903424501419,0.446561932564
1.20586383343,0.101010099053,1.3672478199,0.937707185745,0.429540634155
1.23759710789,0.101010099053,1.38313269615,0.971246600151,0.411886096001
1.26933038235,0.101010099053,1.39762461185,1.00374281406,0.393881797791
1.30106365681,0.101010099053,1.4107093811,1.03486776352,0.375841617584
1.33279693127,0.101010099053,1.42237377167,1.06426990032,0.358103871346
1.36453020573,0.101010099053,1.43260574341,1.09158027172,0.341025471687
1.39626336098,0.101010099053,1.44139528275,1.11642289162,0.324972391129
1.42799663544,0.101010099053,1.44873344898,1.1384267807,0.310306668282
1.4597299099,0.101010099053,1.45461285114,1.15723860264,0.297374248505
1.49146318436,0.101010099053,1.45902776718,1.17253816128,0.286489605904
1.52319645882,0.101010099053,1.46197330952,1.18405282497,0.277920484543
1.55492973328,0.101010099053,1.46344685555,1.19157063961,0.271876215935
1.58666300774,0.101010099053,1.46344685555,1.19495010376,0.268496751785
1.6183962822,0.101010099053,1.46197330952,1.19412839413,0.26784491539
1.65012955666,0.101010099053,1.45902776718,1.18912434578,0.269903421402
1.68186283112,0.101010099053,1.45461285114,1.18003571033,0.274577140808
1.71359610558,0.101010099053,1.44873344898,1.16703498363,0.281698465347
1.74532938004,0.101010099053,1.44139528275,1.15035939217,0.291035890579
1.77706253529,0.101010099053,1.43260574341,1.13030028343,0.302305459976
1.80879580975,0.101010099053,1.42237377167,1.10718750954,0.315186262131
1.84052908421,0.101010099053,1.4107093811,1.08137667179,0.329332709312
1.87226235867,0.101010099053,1.39762461185,1.05323517323,0.344389438629
1.90399563313,0.101010099053,1.38313257694,1.02312862873,0.360003948212
1.93572890759,0.101010099053,1.3672478199,0.991409122944,0.375838696957
1.96746218204,0.101010099053,1.34998643398,0.95840805769,0.391578376293
1.9991953373,0.101010099053,1.33136570454,0.924429476261,0.406936228275
2.03092861176,0.101010099053,1.31140434742,0.889744579792,0.421659767628
2.06266188622,0.101010099053,1.290122509,0.854594826698,0.435527682304
2.09439516068,0.101010099053,1.26754176617,0.819187760353,0.448354005814
2.12612843513,0.101010099053,1.24368453026,0.783701300621,0.459983229637
2.15786170959,0.101010099053,1.21857511997,0.748287022114,0.470288097858
2.18959498405,0.101010099053,1.19223868847,0.713072121143,0.479166567326
2.22132825851,0.101010099053,1.16470170021,0.678163230419,0.486538469791
2.25306153297,0.101010099053,1.13599193096,0.643649458885,0.492342472076
2.28479480743,0.101010099053,1.10613846779,0.609605193138,0.496533274651
2.31652784348,0.101010099053,1.07517147064,0.57609307766,0.499078392982
2.34826135635,0.101010099053,1.04312121868,0.543164253235,0.499956965446
2.3799943924,0.101010099053,1.01002120972,0.510863959789,0.499157249928
2.41172790527,0.101010099053,0.975903630257,0.479227781296,0.496675848961
2.44346094131,0.101010099053,0.940804004669,0.448287367821,0.492516636848
2.47519421577,0.101010099053,0.904756784439,0.418066978455,0.486689805984
2.50692749023,0.101010099053,0.867798507214,0.388587117195,0.479211390018
2.53866076469,0.101010099053,0.829966425896,0.359863728285,0.470102697611
2.57039403915,0.101010099053,0.791298687458,0.331907629967,0.459391057491
2.60212731361,0.101010099053,0.751834213734,0.304725885391,0.447108328342
2.63386058807,0.101010099053,0.711612582207,0.278321266174,0.433291316032
2.66559386253,0.101010099053,0.67067450285,0.252692192793,0.417982310057
2.69732713699,0.101010099053,0.629061102867,0.227833911777,0.401227176189
2.72906041145,0.101010099053,0.586814284325,0.203737154603,0.383077144623
2.76079368591,0.101010099053,0.543976545334,0.18038970232,0.363586843014
2.79252696037,0.101010099053,0.500591158867,0.157776281238,0.342814862728
2.82426023483,0.101010099053,0.456701666117,0.135878503323,0.320823162794
2.85599327087,0.101010099053,0.412352651358,0.114675730467,0.297676920891
2.88772678375,0.101010099053,0.367587715387,0.0941451191902,0.273442596197
2.91945981979,0.101010099053,0.322453379631,0.0742621719837,0.248191207647
2.95119309425,0.101010099053,0.276994019747,0.0550015643239,0.221992462873
2.98292636871,0.101010099053,0.231255739927,0.036336183548,0.194919556379
3.01465964317,0.101010099053,0.185284614563,0.0182390604168,0.167045548558
3.04639291763,0.101010099053,0.139126926661,0.000683422200382,0.138443499804
3.07812619209,0.101010099053,0.0928291454911,-0.016358204186,0.109187349677
3.10985946655,0.101010099053,0.0464378856122,-0.032912183553,0.0793500691652
3.14159274101,0.101010099053,-1.27954706386e-07,-0.0490045100451,0.0490043833852
0,0.111111111939,0,-0.0189796425402,0.0189796425402
0.0317332595587,0.111111111939,0.0464721061289,-0.00348185468465,0.0499539598823
0.0634665191174,0.111111111939,0.0928974300623,0.0122776227072,0.0806198045611
0.095199778676,0.111111111939,0.13922919333,0.0283159650862,0.110913231969
0.126933038235,0.111111111939,0.185420781374,0.0446506440639,0.14077013731
0.158666297793,0.111111111939,0.231425657868,0.0613013505936,0.170124307275
0.190399557352,0.111111111939,0.277197510004,0.078288950026,0.198908567429
0.222132816911,0.111111111939,0.322690248489,0.0956376791,0.227052569389
0.253866076469,0.111111111939,0.367858052254,0.113372348249,0.254485696554
0.285599350929,0.111111111939,0.41265553236,0.131520539522,0.281134992838
0.317332595587,0.111111111939,0.457037389278,0.150112226605,0.306925177574
0.349065840244,0.111111111939,0.500959098339,0.169179260731,0.331779837608
0.380799114704,0.111111111939,0.544376373291,0.188755512238,0.355620861053
0.412532389164,0.111111111939,0.587245583534,0.208876982331,0.378368616104
0.444265633821,0.111111111939,0.629523336887,0.22958175838,0.399941563606
0.475998878479,0.111111111939,0.671167314053,0.250908613205,0.420258700848
0.507732152939,0.111111111939,0.712135493755,0.272897690535,0.439237803221
0.539465427399,0.111111111939,0.752386629581,0.295589476824,0.456797152758
0.571198701859,0.111111111939,0.791880071163,0.319023668766,0.472856402397
0.602931916714,0.111111111939,0.830576241016,0.343239068985,0.487337172031
0.634665191174,0.111111111939,0.868436098099,0.36827236414,0.500163733959
0.666398465633,0.111111111939,0.905421435833,0.394156694412,0.511264741421
0.698131680489,0.111111111939,0.941495060921,0.420920789242,0.520574271679
0.729864954948,0.111111111939,0.976620793343,0.448587983847,0.528032779694
0.761598229408,0.111111111939,1.01076316833,0.477174252272,0.533588886261
0.793331503868,0.111111111939,1.04388773441,0.506687581539,0.537200152874
0.825064778328,0.111111111939,1.07596123219,0.537126362324,0.538834869862
0.856797993183,0.111111111939,1.10695123672,0.568477571011,0.538473665714
0.888531267643,0.111111111939,1.13682675362,0.600716292858,0.536110460758
0.920264542103,0.111111111939,1.1655575037,0.63380330801,0.53175419569
0.951997756958,0.111111111939,1.19311451912,0.66768348217,0.525431036949
0.983731031418,0.111111111939,1.21947038174,0.702285587788,0.517184793949
1.01546430588,0.111111111939,1.24459826946,0.73751783371,0.507080435753
1.04719758034,0.111111111939,1.26847290993,0.7732681036,0.495204806328
1.0789308548,0.111111111939,1.29107046127,0.809399604797,0.481670856476
1.11066412926,0.111111111939,1.31236791611,0.845750272274,0.466617643833
1.14239740372,0.111111111939,1.33234381676,0.882128536701,0.450215280056
1.17413055897,0.111111111939,1.35097825527,0.918312251568,0.432666003704
1.20586383343,0.111111111939,1.36825227737,0.954046905041,0.414205372334
1.23759710789,0.111111111939,1.38414883614,0.989043593407,0.395105242729
1.26933038235,0.111111111939,1.39865148067,1.02298259735,0.375668883324
1.30106365681,0.111111111939,1.41174578667,1.05551338196,0.356232404709
1.33279693127,0.111111111939,1.42341864109,1.08626127243,0.33715736866
1.36453020573,0.111111111939,1.43365824223,1.11483550072,0.318822741508
1.39626336098,0.111111111939,1.44245421886,1.14083766937,0.301616549492
1.42799663544,0.111111111939,1.44979786873,1.16387712955,0.285920739174
1.4597299099,0.111111111939,1.45568156242,1.18358314037,0.27209842205
1.49146318436,0.111111111939,1.4600995779,1.19962120056,0.260478377342
1.52319645882,0.111111111939,1.46304738522,1.21170842648,0.25133895874
1.55492973328,0.111111111939,1.46452200413,1.2196252346,0.244896769524
1.58666300774,0.111111111939,1.46452200413,1.22322809696,0.241293907166
1.6183962822,0.111111111939,1.46304738522,1.22245442867,0.240592956543
1.65012955666,0.111111111939,1.4600995779,1.2173268795,0.242772698402
1.68186283112,0.111111111939,1.45568156242,1.20794987679,0.247731685638
1.71359610558,0.111111111939,1.44979786873,1.19450426102,0.255293607712
1.74532938004,0.111111111939,1.44245421886,1.17723762989,0.265216588974
1.77706253529,0.111111111939,1.43365824223,1.15645170212,0.277206540108
1.80879580975,0.111111111939,1.42341864109,1.13248860836,0.29093003273
1.84052908421,0.111111111939,1.41174578667,1.10571682453,0.306028962135
1.87226235867,0.111111111939,1.39865148067,1.07651686668,0.322134613991
1.90399563313,0.111111111939,1.38414871693,1.04526793957,0.338880777359
1.93572890759,0.111111111939,1.36825227737,1.01233720779,0.35591506958
1.96746218204,0.111111111939,1.35097825527,0.978070914745,0.372907340527
1.9991953373,0.111111111939,1.33234381676,0.942787408829,0.389556407928
2.03092861176,0.111111111939,1.3123677969,0.906773149967,0.405594646931
2.06266188622,0.111111111939,1.29107034206,0.87028247118,0.420787870884
2.09439516068,0.111111111939,1.26847290993,0.833536267281,0.434936642647
2.12612843513,0.111111111939,1.24459815025,0.796724736691,0.447873413563
2.15786170959,0.111111111939,1.21947026253,0.760009527206,0.459460735321
2.18959498405,0.111111111939,1.19311451912,0.723527312279,0.469587206841
2.22132825851,0.111111111939,1.16555738449,0.687392294407,0.478165090084
2.25306153297,0.111111111939,1.1368265152,0.65170109272,0.485125422478
2.28479480743,0.111111111939,1.10695111752,0.616533219814,0.490417897701
2.31652784348,0.111111111939,1.07596135139,0.581955909729,0.494005441666
2.34826135635,0.111111111939,1.04388749599,0.548023939133,0.495863556862
2.3799943924,0.111111111939,1.01076316833,0.514784455299,0.495978713036
2.41172790527,0.111111111939,0.976620614529,0.482274383307,0.494346231222
2.44346094131,0.111111111939,0.94149518013,0.450525701046,0.490969479084
2.47519421577,0.111111111939,0.905421435833,0.419561982155,0.485859453678
2.50692749023,0.111111111939,0.868436038494,0.389402836561,0.479033201933
2.53866076469,0.111111111939,0.830576181412,0.360061645508,0.470514535904
2.57039403915,0.111111111939,0.791880011559,0.331547230482,0.460332781076
2.60212731361,0.111111111939,0.752386510372,0.303863078356,0.448523432016
2.63386058807,0.111111111939,0.712135374546,0.277008771896,0.43512660265
2.66559386253,0.111111111939,0.671167194843,0.250979334116,0.420187860727
2.69732713699,0.111111111939,0.629523217678,0.225765705109,0.403757512569
2.72906041145,0.111111111939,0.58724540472,0.201354771852,0.385890632868
2.76079368591,0.111111111939,0.544376194477,0.177730768919,0.366645425558
2.79252696037,0.111111111939,0.500958919525,0.154873877764,0.346085041761
2.82426023483,0.111111111939,0.457037180662,0.132762566209,0.324274599552
2.85599327087,0.111111111939,0.412655562162,0.111372441053,0.301283121109
2.88772678375,0.111111111939,0.36785775423,0.0906769484282,0.277180790901
2.91945981979,0.111111111939,0.322690278292,0.0706490278244,0.252041250467
2.95119309425,0.111111111939,0.277197510004,0.0512596331537,0.225937873125
2.98292636871,0.111111111939,0.231425628066,0.0324797704816,0.198945850134
3.01465964317,0.111111111939,0.18542073667,0.0142799839377,0.171140760183
3.04639291763,0.111111111939,0.139229133725,-0.00336883496493,0.142597973347
3.07812619209,0.111111111939,0.0928973406553,-0.0204960033298,0.113393343985
3.10985946655,0.111111111939,0.0464720018208,-0.0371293500066,0.0836013555527
3.14159274101,0.111111111939,-1.28048696979e-07,-0.0532963462174,0.0532962195575
0,0.121212124825,0,-0.0223173797131,0.0223173797131
0.0317332595587,0.121212124825,0.0465091429651,-0.00667417887598,0.0531833209097
0.0634665191174,0.121212124825,0.0929714664817,0.00923009682447,0.0837413668633
0.095199778676,0.121212124825,0.139340147376,0.0254114232957,0.113928720355
0.126933038235,0.121212124825,0.18556855619,0.0418883152306,0.143680244684
0.158666297793,0.121212124825,0.23161008954,0.0586801208556,0.17292997241
0.190399557352,0.121212124825,0.27741843462,0.0758092179894,0.201609224081
0.222132816911,0.121212124825,0.322947442532,0.0932989865541,0.229648455977
0.253866076469,0.121212124825,0.368151217699,0.111175917089,0.256975293159
0.285599350929,0.121212124825,0.412984400988,0.129467844963,0.283516556025
0.317332595587,0.121212124825,0.457401633263,0.148206010461,0.309195637703
0.349065840244,0.121212124825,0.50135833025,0.167423576117,0.333934754133
0.380799114704,0.121212124825,0.5448102355,0.187156319618,0.357653915882
0.412532389164,0.121212124825,0.5877135396,0.207442030311,0.380271494389
0.444265633821,0.121212124825,0.630025088787,0.228321164846,0.401703923941
0.475998878479,0.121212124825,0.671702206135,0.249835476279,0.421866714954
0.507732152939,0.121212124825,0.712703049183,0.272027820349,0.440675228834
0.539465427399,0.121212124825,0.752986252308,0.29494291544,0.458043336868
0.571198701859,0.121212124825,0.792511165142,0.31862398982,0.473887175322
0.602931916714,0.121212124825,0.831238150597,0.343114882708,0.488123267889
0.634665191174,0.121212124825,0.869128227234,0.368457019329,0.500671207905
0.666398465633,0.121212124825,0.906143009663,0.394688665867,0.511454343796
0.698131680489,0.121212124825,0.942245423794,0.421844363213,0.520401060581
0.729864954948,0.121212124825,0.977399110794,0.449953317642,0.527445793152
0.761598229408,0.121212124825,1.0115686655,0.479037314653,0.532531380653
0.793331503868,0.121212124825,1.04471969604,0.509110271931,0.535609424114
0.825064778328,0.121212124825,1.07681870461,0.540176093578,0.536642611027
0.856797993183,0.121212124825,1.10783350468,0.572226762772,0.535606741905
0.888531267643,0.121212124825,1.13773274422,0.605242073536,0.532490670681
0.920264542103,0.121212124825,1.16648638248,0.639185547829,0.527300834656
0.951997756958,0.121212124825,1.19406545162,0.674005389214,0.520060062408
0.983731031418,0.121212124825,1.22044229507,0.70962959528,0.510812699795
1.01546430588,0.121212124825,1.24559020996,0.745965719223,0.499624490738
1.04719758034,0.121212124825,1.2694838047,0.782897353172,0.48658645153
1.0789308548,0.121212124825,1.29209935665,0.820282757282,0.471816599369
1.11066412926,0.121212124825,1.31341385841,0.857950985432,0.455462872982
1.14239740372,0.121212124825,1.33340573311,0.895698785782,0.437706947327
1.17413055897,0.121212124825,1.35205495358,0.933290779591,0.418764173985
1.20586383343,0.121212124825,1.36934280396,0.97045558691,0.398887217045
1.23759710789,0.121212124825,1.38525187969,1.00688624382,0.378365635872
1.26933038235,0.121212124825,1.39976608753,1.0422424078,0.357523679733
1.30106365681,0.121212124825,1.41287088394,1.07615196705,0.336718916893
1.33279693127,0.121212124825,1.42455303669,1.10821866989,0.316334366798
1.36453020573,0.121212124825,1.43480074406,1.13802921772,0.296771526337
1.39626336098,0.121212124825,1.44360375404,1.16516566277,0.278438091278
1.42799663544,0.121212124825,1.45095324516,1.18921768665,0.26173555851
1.4597299099,0.121212124825,1.45684158802,1.20979809761,0.24704349041
1.49146318436,0.121212124825,1.46126317978,1.22655975819,0.234703421593
1.52319645882,0.121212124825,1.46421337128,1.23920857906,0.225004792213
1.55492973328,0.121212124825,1.46568918228,1.24752008915,0.218169093132
1.58666300774,0.121212124825,1.46568918228,1.25134718418,0.2143419981
1.6183962822,0.121212124825,1.46421337128,1.25062859058,0.213584780693
1.65012955666,0.121212124825,1.46126317978,1.24539005756,0.215873122215
1.68186283112,0.121212124825,1.45684158802,1.23574221134,0.221099376678
1.71359610558,0.121212124825,1.45095324516,1.22187423706,0.229079008102
1.74532938004,0.121212124825,1.44360375404,1.2040425539,0.239561200142
1.77706253529,0.121212124825,1.43480074406,1.1825594902,0.252241253853
1.80879580975,0.121212124825,1.42455303669,1.15777814388,0.266774892807
1.84052908421,0.121212124825,1.41287088394,1.13007855415,0.282792329788
1.87226235867,0.121212124825,1.39976608753,1.099853158,0.299912929535
1.90399563313,0.121212124825,1.38525176048,1.06749427319,0.317757487297
1.93572890759,0.121212124825,1.36934280396,1.03338265419,0.335960149765
1.96746218204,0.121212124825,1.35205495358,0.997877895832,0.354177057743
1.9991953373,0.121212124825,1.3334056139,0.961313009262,0.372092604637
2.03092861176,0.121212124825,1.3134137392,0.923988461494,0.38942527771
2.06266188622,0.121212124825,1.29209923744,0.886171638966,0.405927598476
2.09439516068,0.121212124825,1.2694838047,0.848097085953,0.42138671875
2.12612843513,0.121212124825,1.24559009075,0.809966027737,0.435624063015
2.15786170959,0.121212124825,1.22044217587,0.771951675415,0.44849050045
2.18959498405,0.121212124825,1.19406545162,0.734200119972,0.45986533165
2.22132825851,0.121212124825,1.16648626328,0.696834445,0.469651818275
2.25306153297,0.121212124825,1.1377325058,0.659958183765,0.477774322033
2.28479480743,0.121212124825,1.10783326626,0.623657643795,0.484175622463
2.31652784348,0.121212124825,1.07681882381,0.588004350662,0.488814473152
2.34826135635,0.121212124825,1.04471945763,0.553057253361,0.491662204266
2.3799943924,0.121212124825,1.0115686655,0.518866240978,0.492702424526
2.41172790527,0.121212124825,0.97739893198,0.485469609499,0.491929322481
2.44346094131,0.121212124825,0.942245483398,0.452900201082,0.489345282316
2.47519421577,0.121212124825,0.906143009663,0.42118152976,0.484961479902
2.50692749023,0.121212124825,0.869128108025,0.390331804752,0.478796303272
2.53866076469,0.121212124825,0.831238090992,0.360362499952,0.47087559104
2.57039403915,0.121212124825,0.792511105537,0.331279784441,0.461231321096
2.60212731361,0.121212124825,0.752986133099,0.303084611893,0.449901521206
2.63386058807,0.121212124825,0.712702929974,0.275772899389,0.436930030584
2.66559386253,0.121212124825,0.671702086926,0.249335512519,0.422366559505
2.69732713699,0.121212124825,0.630024909973,0.223760128021,0.406264781952
2.72906041145,0.121212124825,0.587713360786,0.199029311538,0.388684034348
2.76079368591,0.121212124825,0.544809997082,0.175123110414,0.369686901569
2.79252696037,0.121212124825,0.501358151436,0.152018144727,0.34934002161
2.82426023483,0.121212124825,0.457401394844,0.129688456655,0.327712953091
2.85599327087,0.121212124825,0.41298443079,0.108106538653,0.304877877235
2.88772678375,0.121212124825,0.368150919676,0.0872416943312,0.280909240246
2.91945981979,0.121212124825,0.322947442532,0.0670643150806,0.255883127451
2.95119309425,0.121212124825,0.27741843462,0.0475421585143,0.229876279831
2.98292636871,0.121212124825,0.231610074639,0.0286435931921,0.202966481447
3.01465964317,0.121212124825,0.185568511486,0.0103366989642,0.175231814384
3.04639291763,0.121212124825,0.139340102673,-0.00740985479206,0.146749958396
3.07812619209,0.121212124825,0.0929713770747,-0.0246267616749,0.11759813875
3.10985946655,0.121212124825,0.0465090386569,-0.0413440912962,0.0878531336784
3.14159274101,0.121212124825,-1.28150745127e-07,-0.0575900264084,0.0575898997486
0,0.13131313026,0,-0.0256268940866,0.0256268940866
0.0317332595587,0.13131313026,0.0465490147471,-0.0098295873031,0.0563786029816
0.0634665191174,0.13131313026,0.0930511653423,0.00622731074691,0.0868238508701
0.095199778676,0.13131313026,0.139459609985,0.0225604753941,0.116899132729
0.126933038235,0.13131313026,0.185727640986,0.0391880720854,0.146539568901
0.158666297793,0.13131313026,0.231808647513,0.0561301335692,0.175678521395
0.190399557352,0.13131313026,0.277656257153,0.0734088867903,0.204247370362
0.222132816911,0.13131313026,0.323224306107,0.0910486280918,0.232175678015
0.253866076469,0.13131313026,0.368466854095,0.109076090157,0.259390771389
0.285599350929,0.13131313026,0.413338452578,0.127520442009,0.285818010569
0.317332595587,0.13131313026,0.457793772221,0.146413445473,0.311380326748
0.349065840244,0.13131313026,0.501788139343,0.165790051222,0.335998088121
0.380799114704,0.13131313026,0.545277297497,0.185687303543,0.359589993954
0.412532389164,0.13131313026,0.588217437267,0.206145510077,0.382071912289
0.444265633821,0.13131313026,0.630565166473,0.22720657289,0.403358578682
0.475998878479,0.13131313026,0.672278106213,0.248915508389,0.423362612724
0.507732152939,0.13131313026,0.713314056396,0.271318584681,0.441995471716
0.539465427399,0.13131313026,0.753631770611,0.294463425875,0.459168344736
0.571198701859,0.13131313026,0.793190598488,0.318398267031,0.474792331457
0.602931916714,0.13131313026,0.83195078373,0.34317034483,0.4887804389
0.634665191174,0.13131313026,0.869873285294,0.368826597929,0.501046657562
0.666398465633,0.13131313026,0.906919896603,0.39541053772,0.511509358883
0.698131680489,0.13131313026,0.94305318594,0.422961890697,0.520091295242
0.729864954948,0.13131313026,0.97823703289,0.451515853405,0.526721179485
0.761598229408,0.13131313026,1.01243591309,0.481100082397,0.531335830688
0.793331503868,0.13131313026,1.04561531544,0.511734426022,0.533880889416
0.825064778328,0.13131313026,1.07774186134,0.543427824974,0.534314036369
0.856797993183,0.13131313026,1.10878324509,0.576177656651,0.532605588436
0.888531267643,0.13131313026,1.13870811462,0.609967648983,0.528740465641
0.920264542103,0.13131313026,1.16748642921,0.644765019417,0.522721409798
0.951997756958,0.13131313026,1.19508910179,0.680519223213,0.514569878578
0.983731031418,0.13131313026,1.22148859501,0.717159450054,0.504329144955
1.01546430588,0.13131313026,1.24665796757,0.754590749741,0.492067217827
1.04719758034,0.13131313026,1.27057218552,0.792693912983,0.477878272533
1.0789308548,0.13131313026,1.29320704937,0.831319868565,0.461887180805
1.11066412926,0.13131313026,1.31453979015,0.870289683342,0.444250106812
1.14239740372,0.13131313026,1.33454883099,0.909388363361,0.425160467625
1.17413055897,0.13131313026,1.3532140255,0.948366701603,0.404847323895
1.20586383343,0.13131313026,1.37051665783,0.986937224865,0.383579432964
1.23759710789,0.13131313026,1.38643944263,1.0247746706,0.361664772034
1.26933038235,0.13131313026,1.40096616745,1.0615183115,0.339447855949
1.30106365681,0.13131313026,1.41408216953,1.09677600861,0.317306160927
1.33279693127,0.13131313026,1.42577433586,1.13012993336,0.295644402504
1.36453020573,0.13131313026,1.43603086472,1.16114652157,0.274884343147
1.39626336098,0.13131313026,1.44484138489,1.1893876791,0.255453705788
1.42799663544,0.13131313026,1.4521971941,1.21442568302,0.237771511078
1.4597299099,0.13131313026,1.45809054375,1.23585855961,0.222231984138
1.49146318436,0.13131313026,1.4625159502,1.25332581997,0.209190130234
1.52319645882,0.13131313026,1.4654686451,1.26652526855,0.198943376541
1.55492973328,0.13131313026,1.4669457674,1.27522587776,0.191719889641
1.58666300774,0.13131313026,1.4669457674,1.27927827835,0.187667489052
1.6183962822,0.13131313026,1.4654686451,1.27862155437,0.186847090721
1.65012955666,0.13131313026,1.4625159502,1.27328562737,0.189230322838
1.68186283112,0.13131313026,1.45809054375,1.26338613033,0.194704413414
1.71359610558,0.13131313026,1.4521971941,1.24911987782,0.203077316284
1.74532938004,0.13131313026,1.44484138489,1.23075175285,0.214089632034
1.77706253529,0.13131313026,1.43603086472,1.2086032629,0.227427601814
1.80879580975,0.13131313026,1.42577433586,1.18303763866,0.242736697197
1.84052908421,0.13131313026,1.41408216953,1.15444540977,0.259636759758
1.87226235867,0.13131313026,1.40096616745,1.12323045731,0.277735710144
1.90399563313,0.13131313026,1.38643932343,1.08979642391,0.296642899513
1.93572890759,0.13131313026,1.37051665783,1.05453634262,0.315980315208
1.96746218204,0.13131313026,1.3532140255,1.01782310009,0.335390925407
1.9991953373,0.13131313026,1.33454871178,0.980002760887,0.35454595089
2.03092861176,0.13131313026,1.31453967094,0.941388964653,0.373150706291
2.06266188622,0.13131313026,1.29320704937,0.90226328373,0.39094376564
2.09439516068,0.13131313026,1.27057218552,0.862872064114,0.407700121403
2.12612843513,0.13131313026,1.24665796757,0.823429584503,0.423228383064
2.15786170959,0.13131313026,1.2214884758,0.784119486809,0.437368988991
2.18959498405,0.13131313026,1.19508910179,0.745098471642,0.44999063015
2.22132825851,0.13131313026,1.16748631001,0.70649856329,0.460987746716
2.25306153297,0.13131313026,1.13870787621,0.668431043625,0.470276832581
2.28479480743,0.13131313026,1.10878300667,0.630988776684,0.477794229984
2.31652784348,0.13131313026,1.07774198055,0.594249010086,0.483492970467
2.34826135635,0.13131313026,1.04561507702,0.558275043964,0.487340033054
2.3799943924,0.13131313026,1.01243591309,0.523119926453,0.489315986633
2.41172790527,0.13131313026,0.978236854076,0.488824307919,0.489412546158
2.44346094131,0.13131313026,0.943053305149,0.455421537161,0.487631767988
2.47519421577,0.13131313026,0.906919896603,0.422935634851,0.483984261751
2.50692749023,0.13131313026,0.869873225689,0.391383260489,0.4784899652
2.53866076469,0.13131313026,0.831950724125,0.360774874687,0.471175849438
2.57039403915,0.13131313026,0.793190538883,0.331113755703,0.46207678318
2.60212731361,0.13131313026,0.753631651402,0.302398324013,0.451233327389
2.63386058807,0.13131313026,0.713313937187,0.274620354176,0.438693583012
2.66559386253,0.13131313026,0.672277927399,0.247767731547,0.42451018095
2.69732713699,0.13131313026,0.630565047264,0.221823126078,0.408741921186
2.72906041145,0.13131313026,0.588217258453,0.196765989065,0.391451269388
2.76079368591,0.13131313026,0.545277118683,0.17257194221,0.372705161572
2.79252696037,0.13131313026,0.501787960529,0.149213224649,0.35257473588
2.82426023483,0.13131313026,0.457793533802,0.126660078764,0.331133455038
2.85599327087,0.13131313026,0.41333848238,0.104881152511,0.308457314968
2.88772678375,0.13131313026,0.368466556072,0.0838422700763,0.284624278545
2.91945981979,0.13131313026,0.323224306107,0.0635106861591,0.259713619947
2.95119309425,0.13131313026,0.277656257153,0.0438512302935,0.233805030584
2.98292636871,0.13131313026,0.231808632612,0.0248293094337,0.206979319453
3.01465964317,0.13131313026,0.185727596283,0.00641063880175,0.179316952825
3.04639291763,0.13131313026,0.139459550381,-0.0114384861663,0.150898039341
3.07812619209,0.13131313026,0.0930510833859,-0.0287500619888,0.121801145375
3.10985946655,0.13131313026,0.046548910439,-0.0455560348928,0.0921049416065
3.14159274101,0.13131313026,-1.28260609245e-07,-0.0618859641254,0.0618858374655
0,0.141414135695,0,-0.0289106816053,0.0289106816053
0.0317332595587,0.141414135695,0.0465916879475,-0.0129508050159,0.0595424920321
0.0634665191174,0.141414135695,0.0931364670396,0.00326763745397,0.0898688286543
0.095199778676,0.141414135695,0.139587447047,0.0197612047195,0.119826242328
0.126933038235,0.141414135695,0.185897901654,0.0365484394133,0.149349465966
0.158666297793,0.141414135695,0.232021152973,0.0536495149136,0.17837163806
0.190399557352,0.141414135695,0.277910798788,0.0710869953036,0.206823796034
0.222132816911,0.141414135695,0.323520600796,0.0888855233788,0.234635084867
0.253866076469,0.141414135695,0.368804633617,0.107072465122,0.261732161045
0.285599350929,0.141414135695,0.413717359304,0.12567782402,0.288039535284
0.317332595587,0.141414135695,0.458213418722,0.144734889269,0.313478529453
0.349065840244,0.141414135695,0.502248108387,0.164279192686,0.337968915701
0.380799114704,0.141414135695,0.545777142048,0.184349521995,0.361427605152
0.412532389164,0.141414135695,0.588756620884,0.204988464713,0.38376814127
0.444265633821,0.141414135695,0.631143212318,0.226240128279,0.40490308404
0.475998878479,0.141414135695,0.672894358635,0.248151957989,0.424742400646
0.507732152939,0.141414135695,0.71396791935,0.270773530006,0.443194389343
0.539465427399,0.141414135695,0.754322648048,0.294155985117,0.460166662931
0.571198701859,0.141414135695,0.793917715549,0.318351149559,0.47556656599
0.602931916714,0.141414135695,0.832713425159,0.343411713839,0.489301711321
0.634665191174,0.141414135695,0.870670735836,0.369388103485,0.501282632351
0.666398465633,0.141414135695,0.907751262188,0.39632999897,0.511421263218
0.698131680489,0.141414135695,0.943917691708,0.424282193184,0.519635498524
0.729864954948,0.141414135695,0.979133784771,0.453285574913,0.525848209858
0.761598229408,0.141414135695,1.01336407661,0.483373761177,0.529990315437
0.793331503868,0.141414135695,1.04657375813,0.514571547508,0.532002210617
0.825064778328,0.141414135695,1.07872986794,0.546894133091,0.531835734844
0.856797993183,0.141414135695,1.10979962349,0.580343663692,0.529455959797
0.888531267643,0.141414135695,1.13975191116,0.614907205105,0.524844706059
0.920264542103,0.141414135695,1.16855657101,0.650556087494,0.518000483513
0.951997756958,0.141414135695,1.19618463516,0.687240540981,0.508944094181
0.983731031418,0.141414135695,1.22260832787,0.724889993668,0.497718334198
1.01546430588,0.141414135695,1.24780082703,0.763408064842,0.484392762184
1.04719758034,0.141414135695,1.27173697948,0.802670836449,0.469066143036
1.0789308548,0.141414135695,1.29439258575,0.842523634434,0.451868951321
1.11066412926,0.141414135695,1.31574487686,0.882776916027,0.432967960835
1.14239740372,0.141414135695,1.33577215672,0.923206090927,0.412566065788
1.17413055897,0.141414135695,1.35445451736,0.96354675293,0.390907764435
1.20586383343,0.141414135695,1.37177300453,1.00349497795,0.368278026581
1.23759710789,0.141414135695,1.38771045208,1.04270851612,0.345001935959
1.26933038235,0.141414135695,1.40225040913,1.08080649376,0.321443915367
1.30106365681,0.141414135695,1.41537845135,1.11737692356,0.298001527786
1.33279693127,0.141414135695,1.42708134651,1.15198278427,0.275098562241
1.36453020573,0.141414135695,1.4373472929,1.18417036533,0.253176927567
1.39626336098,0.141414135695,1.4461659193,1.2134834528,0.232682466507
1.42799663544,0.141414135695,1.45352840424,1.23947846889,0.214049935341
1.4597299099,0.141414135695,1.45942723751,1.26173830032,0.197688937187
1.49146318436,0.141414135695,1.46385669708,1.27989244461,0.183964252472
1.52319645882,0.141414135695,1.46681201458,1.29362940788,0.173182606697
1.55492973328,0.141414135695,1.46829044819,1.30271279812,0.16557765007
1.58666300774,0.141414135695,1.46829044819,1.30699157715,0.16129887104
1.6183962822,0.141414135695,1.46681201458,1.30640482903,0.160407185555
1.65012955666,0.141414135695,1.46385669708,1.30098557472,0.16287112236
1.68186283112,0.141414135695,1.45942723751,1.29085505009,0.168572187424
1.71359610558,0.141414135695,1.45352840424,1.27621603012,0.177312374115
1.74532938004,0.141414135695,1.4461659193,1.25734138489,0.188824534416
1.77706253529,0.141414135695,1.4373472929,1.23456156254,0.202785730362
1.80879580975,0.141414135695,1.42708134651,1.20824801922,0.218833327293
1.84052908421,0.141414135695,1.41537845135,1.17880117893,0.236577272415
1.87226235867,0.141414135695,1.40225040913,1.14663434029,0.25561606884
1.90399563313,0.141414135695,1.38771033287,1.11216211319,0.275548219681
1.93572890759,0.141414135695,1.37177300453,1.07578861713,0.295984387398
1.96746218204,0.141414135695,1.35445451736,1.03789877892,0.316555738449
1.9991953373,0.141414135695,1.33577215672,0.998851060867,0.336921095848
2.03092861176,0.141414135695,1.31574475765,0.958972394466,0.356772363186
2.06266188622,0.141414135695,1.29439246655,0.918556451797,0.375836014748
2.09439516068,0.141414135695,1.27173697948,0.877863526344,0.39387345314
2.12612843513,0.141414135695,1.24780070782,0.837118864059,0.410681843758
2.15786170959,0.141414135695,1.22260820866,0.796518743038,0.426089465618
2.18959498405,0.141414135695,1.19618463516,0.756229162216,0.439955472946
2.22132825851,0.141414135695,1.16855657101,0.716392576694,0.452163994312
2.25306153297,0.141414135695,1.13975179195,0.677128136158,0.462623655796
2.28479480743,0.141414135695,1.10979950428,0.638536095619,0.471263408661
2.31652784348,0.141414135695,1.07872986794,0.600699961185,0.47802990675
2.34826135635,0.141414135695,1.04657363892,0.563688099384,0.482885539532
2.3799943924,0.141414135695,1.01336407661,0.527556419373,0.485807657242
2.41172790527,0.141414135695,0.979133605957,0.492348879576,0.486784726381
2.44346094131,0.141414135695,0.943917810917,0.458099812269,0.485817998648
2.47519421577,0.141414135695,0.907751262188,0.424833893776,0.482917368412
2.50692749023,0.141414135695,0.870670616627,0.39256682992,0.478103786707
2.53866076469,0.141414135695,0.832713365555,0.361307621002,0.471405744553
2.57039403915,0.141414135695,0.793917655945,0.331057697535,0.46285995841
2.60212731361,0.141414135695,0.754322528839,0.301811635494,0.452510893345
2.63386058807,0.141414135695,0.71396780014,0.273558616638,0.440409183502
2.66559386253,0.141414135695,0.672894239426,0.246282011271,0.426612228155
2.69732713699,0.141414135695,0.631143093109,0.21996113658,0.41118195653
2.72906041145,0.141414135695,0.58875644207,0.194570571184,0.394185870886
2.76079368591,0.141414135695,0.545776963234,0.170081794262,0.375695168972
2.79252696037,0.141414135695,0.502247929573,0.146463125944,0.355784803629
2.82426023483,0.141414135695,0.458213210106,0.12368093431,0.334532260895
2.85599327087,0.141414135695,0.413717389107,0.101699501276,0.312017887831
2.88772678375,0.141414135695,0.368804305792,0.080481685698,0.288322627544
2.91945981979,0.141414135695,0.323520630598,0.0599910132587,0.263529628515
2.95119309425,0.141414135695,0.277910798788,0.0401888713241,0.237721920013
2.98292636871,0.141414135695,0.232021123171,0.0210385322571,0.210982590914
3.01465964317,0.141414135695,0.185897856951,0.00250277947634,0.183395072818
3.04639291763,0.141414135695,0.139587402344,-0.0154533898458,0.15504078567
3.07812619209,0.141414135695,0.0931363776326,-0.0328648164868,0.126001194119
3.10985946655,0.141414135695,0.0465915836394,-0.0497643314302,0.0963559150696
3.14159274101,0.141414135695,-1.28378189856e-07,-0.0661833658814,0.0661832392216
0,0.151515156031,0,-0.032171048224,0.032171048224
0.0317332595587,0.151515156031,0.0466370917857,-0.0160397700965,0.0626768618822
0.0634665191174,0.151515156031,0.093227237463,0.000348975881934,0.0928782597184
0.095199778676,0.151515156031,0.139723494649,0.0170121751726,0.122711315751
0.126933038235,0.151515156031,0.186079069972,0.0339679345489,0.152111142874
0.158666297793,0.151515156031,0.232247263193,0.051237128675,0.181010127068
0.190399557352,0.151515156031,0.278181612492,0.068842343986,0.209339261055
0.222132816911,0.151515156031,0.323835879564,0.0868089050055,0.237026974559
0.253866076469,0.151515156031,0.369164049625,0.105164624751,0.263999432325
0.285599350929,0.151515156031,0.414120554924,0.123940512538,0.290180027485
0.317332595587,0.151515156031,0.458659976721,0.143170535564,0.315489441156
0.349065840244,0.151515156031,0.50273758173,0.162891745567,0.339845836163
0.380799114704,0.151515156031,0.546309053898,0.183144599199,0.363164454699
0.412532389164,0.151515156031,0.589330434799,0.203973039985,0.385357379913
0.444265633821,0.151515156031,0.631758332253,0.225423812866,0.406334519386
0.475998878479,0.151515156031,0.673550128937,0.247547447681,0.426002681255
0.507732152939,0.151515156031,0.714663743973,0.270395934582,0.444267809391
0.539465427399,0.151515156031,0.755057752132,0.294024348259,0.461033403873
0.571198701859,0.151515156031,0.794691443443,0.318488150835,0.476203292608
0.602931916714,0.151515156031,0.833524942398,0.343844026327,0.489680916071
0.634665191174,0.151515156031,0.871519267559,0.370148122311,0.501371145248
0.666398465633,0.151515156031,0.908635914326,0.397454410791,0.511181473732
0.698131680489,0.151515156031,0.944837629795,0.425813823938,0.519023776054
0.729864954948,0.151515156031,0.980087995529,0.455271929502,0.524816036224
0.761598229408,0.151515156031,1.01435160637,0.485868304968,0.528483271599
0.793331503868,0.151515156031,1.04759371281,0.517633795738,0.529959917068
0.825064778328,0.151515156031,1.07978105545,0.550588011742,0.529193043709
0.856797993183,0.151515156031,1.11088120937,0.584737956524,0.52614325285
0.888531267643,0.151515156031,1.14086270332,0.620075404644,0.520787298679
0.920264542103,0.151515156031,1.16969537735,0.656572937965,0.513122439384
0.951997756958,0.151515156031,1.1973503828,0.694183707237,0.503166675568
0.983731031418,0.151515156031,1.22379982471,0.732836008072,0.490963816643
1.01546430588,0.151515156031,1.24901688099,0.772431850433,0.476585030556
1.04719758034,0.151515156031,1.27297627926,0.81284224987,0.460134029388
1.0789308548,0.151515156031,1.29565405846,0.8539057374,0.441748321056
1.11066412926,0.151515156031,1.31702709198,0.895423948765,0.421603143215
1.14239740372,0.151515156031,1.33707404137,0.937160074711,0.399913966656
1.17413055897,0.151515156031,1.35577452183,0.978835463524,0.376939058304
1.20586383343,0.151515156031,1.37310993671,1.02013099194,0.352978944778
1.23759710789,0.151515156031,1.38906276226,1.06068611145,0.32837665081
1.26933038235,0.151515156031,1.40361690521,1.10010206699,0.303514838219
1.30106365681,0.151515156031,1.41675782204,1.13794744015,0.278810381889
1.33279693127,0.151515156031,1.42847216129,1.17376589775,0.254706263542
1.36453020573,0.151515156031,1.43874800205,1.20708596706,0.231662034988
1.39626336098,0.151515156031,1.44757521152,1.23743522167,0.210139989853
1.42799663544,0.151515156031,1.45494496822,1.26435422897,0.19059073925
1.4597299099,0.151515156031,1.46084952354,1.28741407394,0.1734354496
1.49146318436,0.151515156031,1.46528327465,1.30623316765,0.159050107002
1.52319645882,0.151515156031,1.46824157238,1.32049322128,0.147748351097
1.55492973328,0.151515156031,1.4697214365,1.32995247841,0.139768958092
1.58666300774,0.151515156031,1.4697214365,1.33445775509,0.135263681412
1.6183962822,0.151515156031,1.46824157238,1.33394956589,0.134292006493
1.65012955666,0.151515156031,1.46528327465,1.32846236229,0.136820912361
1.68186283112,0.151515156031,1.46084952354,1.31812226772,0.142727255821
1.71359610558,0.151515156031,1.45494496822,1.30313813686,0.15180683136
1.74532938004,0.151515156031,1.44757521152,1.28378915787,0.163786053658
1.77706253529,0.151515156031,1.43874800205,1.26041305065,0.178334951401
1.80879580975,0.151515156031,1.42847216129,1.23338985443,0.195082306862
1.84052908421,0.151515156031,1.41675782204,1.2031276226,0.213630199432
1.87226235867,0.151515156031,1.40361690521,1.17004942894,0.233567476273
1.90399563313,0.151515156031,1.38906276226,1.134578228,0.254484534264
1.93572890759,0.151515156031,1.37310993671,1.09712874889,0.27598118782
1.96746218204,0.151515156031,1.35577452183,1.05809640884,0.297678112984
1.9991953373,0.151515156031,1.33707392216,1.01785171032,0.319222211838
2.03092861176,0.151515156031,1.31702697277,0.976734280586,0.340292692184
2.06266188622,0.151515156031,1.29565393925,0.935049831867,0.36060410738
2.09439516068,0.151515156031,1.27297627926,0.893071055412,0.379905223846
2.12612843513,0.151515156031,1.24901676178,0.851036548615,0.397980213165
2.15786170959,0.151515156031,1.22379970551,0.809152781963,0.414646923542
2.18959498405,0.151515156031,1.1973503828,0.767597973347,0.429752409458
2.22132825851,0.151515156031,1.16969537735,0.726523280144,0.443172097206
2.25306153297,0.151515156031,1.14086258411,0.686057686806,0.454804897308
2.28479480743,0.151515156031,1.11088097095,0.646308898926,0.464572072029
2.31652784348,0.151515156031,1.07978117466,0.607366859913,0.472414314747
2.34826135635,0.151515156031,1.0475935936,0.56930565834,0.478287935257
2.3799943924,0.151515156031,1.01435160637,0.532185733318,0.482165873051
2.41172790527,0.151515156031,0.980087816715,0.496053218842,0.484034597874
2.44346094131,0.151515156031,0.9448376894,0.460945188999,0.483892500401
2.47519421577,0.151515156031,0.908635914326,0.4268861413,0.481749773026
2.50692749023,0.151515156031,0.87151914835,0.393891990185,0.477627158165
2.53866076469,0.151515156031,0.833524882793,0.361970156431,0.471554726362
2.57039403915,0.151515156031,0.794691383839,0.331119775772,0.463571608067
2.60212731361,0.151515156031,0.755057632923,0.301332831383,0.45372480154
2.63386058807,0.151515156031,0.714663624763,0.272594720125,0.442068904638
2.66559386253,0.151515156031,0.673550009727,0.244885414839,0.428664594889
2.69732713699,0.151515156031,0.631758153439,0.218179821968,0.41357833147
2.72906041145,0.151515156031,0.589330255985,0.192448183894,0.39688205719
2.76079368591,0.151515156031,0.546308815479,0.167657837272,0.378650963306
2.79252696037,0.151515156031,0.502737402916,0.143772855401,0.358964562416
2.82426023483,0.151515156031,0.458659768105,0.120755255222,0.337904512882
2.85599327087,0.151515156031,0.414120584726,0.098565749824,0.315554827452
2.88772678375,0.151515156031,0.369163751602,0.077162951231,0.292000800371
2.91945981979,0.151515156031,0.323835909367,0.0565075203776,0.267328381538
2.95119309425,0.151515156031,0.278181612492,0.0365574508905,0.241624161601
2.98292636871,0.151515156031,0.232247248292,0.0172732044011,0.214974045753
3.01465964317,0.151515156031,0.186079025269,-0.00138443149626,0.187463462353
3.04639291763,0.151515156031,0.139723435044,-0.0194535553455,0.15917699039
3.07812619209,0.151515156031,0.093227148056,-0.0369701087475,0.130197256804
3.10985946655,0.151515156031,0.0466369874775,-0.0539689771831,0.100605964661
3.14159274101,0.151515156031,-1.28503302221e-07,-0.0704823210835,0.0704821944237
0,0.161616161466,0,-0.0354103930295,0.0354103930295
0.0317332595587,0.161616161466,0.0466851703823,-0.0190989039838,0.0657840743661
0.0634665191174,0.161616161466,0.0933233425021,-0.00253042858094,0.0958537682891
0.095199778676,0.161616161466,0.139867529273,0.014311385341,0.125556141138
0.126933038235,0.161616161466,0.18627089262,0.0314452573657,0.154825627804
0.158666297793,0.161616161466,0.23248668015,0.048891749233,0.183594927192
0.190399557352,0.161616161466,0.27846840024,0.0666742473841,0.211794152856
0.222132816911,0.161616161466,0.32416972518,0.0848182439804,0.239351481199
0.253866076469,0.161616161466,0.36954459548,0.103352315724,0.266192287207
0.285599350929,0.161616161466,0.41454744339,0.122307933867,0.292239516973
0.317332595587,0.161616161466,0.459132790565,0.141720592976,0.31741219759
0.349065840244,0.161616161466,0.503255844116,0.161628052592,0.341627776623
0.380799114704,0.161616161466,0.546872198582,0.182072877884,0.364799320698
0.412532389164,0.161616161466,0.589937925339,0.203100278974,0.386837661266
0.444265633821,0.161616161466,0.632409572601,0.224759876728,0.407649695873
0.475998878479,0.161616161466,0.674244463444,0.247104421258,0.427140057087
0.507732152939,0.161616161466,0.715400457382,0.270189017057,0.445211440325
0.539465427399,0.161616161466,0.755836129189,0.294072061777,0.461764067411
0.571198701859,0.161616161466,0.795510649681,0.318812966347,0.476697683334
0.602931916714,0.161616161466,0.834384202957,0.344473540783,0.489910662174
0.634665191174,0.161616161466,0.872417628765,0.37111312151,0.501304507256
0.666398465633,0.161616161466,0.909572601318,0.398791730404,0.510780870914
0.698131680489,0.161616161466,0.945811569691,0.427564948797,0.518246650696
0.729864954948,0.161616161466,0.981098353863,0.457484155893,0.523614168167
0.761598229408,0.161616161466,1.01539731026,0.488594770432,0.526802539825
0.793331503868,0.161616161466,1.04867362976,0.520931661129,0.527741968632
0.825064778328,0.161616161466,1.0808942318,0.554521203041,0.526373028755
0.856797993183,0.161616161466,1.11202633381,0.589373886585,0.522652447224
0.888531267643,0.161616161466,1.14203882217,0.625484585762,0.516554236412
0.920264542103,0.161616161466,1.17090117931,0.662830114365,0.508071064949
0.951997756958,0.161616161466,1.19858467579,0.701362729073,0.497221946716
0.983731031418,0.161616161466,1.22506129742,0.741011559963,0.484049737453
1.01546430588,0.161616161466,1.25030446053,0.781674981117,0.468629479408
1.04719758034,0.161616161466,1.27428853512,0.823220014572,0.451068520546
1.0789308548,0.161616161466,1.29698967934,0.865477383137,0.4315122962
1.11066412926,0.161616161466,1.31838476658,0.908239483833,0.410145282745
1.14239740372,0.161616161466,1.33845233917,0.951257050037,0.387195289135
1.17413055897,0.161616161466,1.35717213154,0.994237720966,0.362934410572
1.20586383343,0.161616161466,1.37452542782,1.03684699535,0.337678432465
1.23759710789,0.161616161466,1.39049470425,1.07870638371,0.311788320541
1.26933038235,0.161616161466,1.40506386757,1.119399786,0.285664081573
1.30106365681,0.161616161466,1.41821825504,1.1584777832,0.25974047184
1.33279693127,0.161616161466,1.42994463444,1.19546616077,0.234478473663
1.36453020573,0.161616161466,1.44023120403,1.22987735271,0.210353851318
1.39626336098,0.161616161466,1.44906747341,1.26122331619,0.187844157219
1.42799663544,0.161616161466,1.4564447403,1.28903114796,0.167413592339
1.4597299099,0.161616161466,1.4623554945,1.31286072731,0.149494767189
1.49146318436,0.161616161466,1.46679377556,1.33232188225,0.134471893311
1.52319645882,0.161616161466,1.46975505352,1.34708857536,0.122666478157
1.55492973328,0.161616161466,1.47123646736,1.35691618919,0.114320278168
1.58666300774,0.161616161466,1.47123646736,1.3616489172,0.109587550163
1.6183962822,0.161616161466,1.46975505352,1.36122715473,0.108527898788
1.65012955666,0.161616161466,1.46679377556,1.35568797588,0.111105799675
1.68186283112,0.161616161466,1.4623554945,1.34516096115,0.117194533348
1.71359610558,0.161616161466,1.4564447403,1.32986021042,0.126584529877
1.74532938004,0.161616161466,1.44906747341,1.31007027626,0.138997197151
1.77706253529,0.161616161466,1.44023120403,1.28613567352,0.15409553051
1.80879580975,0.161616161466,1.42994463444,1.25844299793,0.171501636505
1.84052908421,0.161616161466,1.41821825504,1.22740745544,0.190810799599
1.87226235867,0.161616161466,1.40506386757,1.19345927238,0.211604595184
1.90399563313,0.161616161466,1.39049470425,1.15703046322,0.233464241028
1.93572890759,0.161616161466,1.37452542782,1.11854398251,0.255981445312
1.96746218204,0.161616161466,1.35717213154,1.0784059763,0.278766155243
1.9991953373,0.161616161466,1.33845221996,1.03699755669,0.301454663277
2.03092861176,0.161616161466,1.31838464737,0.994669377804,0.323715269566
2.06266188622,0.161616161466,1.29698956013,0.951740264893,0.345249295235
2.09439516068,0.161616161466,1.27428853512,0.908494770527,0.365793764591
2.12612843513,0.161616161466,1.25030434132,0.865183234215,0.385121107101
2.15786170959,0.161616161466,1.22506129742,0.822025001049,0.403036296368
2.18959498405,0.161616161466,1.19858467579,0.779208660126,0.419376015663
2.22132825851,0.161616161466,1.17090117931,0.736896693707,0.434004485607
2.25306153297,0.161616161466,1.14203858376,0.695226669312,0.446811914444
2.28479480743,0.161616161466,1.1120262146,0.654314875603,0.457711338997
2.31652784348,0.161616161466,1.08089435101,0.61425870657,0.466635644436
2.34826135635,0.161616161466,1.04867351055,0.575137674809,0.473535835743
2.3799943924,0.161616161466,1.01539731026,0.537017405033,0.478379905224
2.41172790527,0.161616161466,0.981098175049,0.499947488308,0.481150686741
2.44346094131,0.161616161466,0.9458116889,0.463967204094,0.481844484806
2.47519421577,0.161616161466,0.909572601318,0.429102122784,0.480470478535
2.50692749023,0.161616161466,0.87241756916,0.395368099213,0.477049469948
2.53866076469,0.161616161466,0.834384143353,0.362771123648,0.471613019705
2.57039403915,0.161616161466,0.795510590076,0.331308603287,0.46420198679
2.60212731361,0.161616161466,0.755836009979,0.300969570875,0.454866439104
2.63386058807,0.161616161466,0.715400338173,0.271736353636,0.443663984537
2.66559386253,0.161616161466,0.674244344234,0.243584677577,0.430659651756
2.69732713699,0.161616161466,0.632409453392,0.216485604644,0.415923833847
2.72906041145,0.161616161466,0.589937746525,0.190404623747,0.399533122778
2.76079368591,0.161616161466,0.546872019768,0.165305301547,0.38156670332
2.79252696037,0.161616161466,0.503255665302,0.141146838665,0.362108826637
2.82426023483,0.161616161466,0.459132581949,0.117887206376,0.341245383024
2.85599327087,0.161616161466,0.414547502995,0.095483019948,0.319064497948
2.88772678375,0.161616161466,0.369544297457,0.0738894119859,0.295654892921
2.91945981979,0.161616161466,0.32416972518,0.0530630387366,0.271106690168
2.95119309425,0.161616161466,0.27846840024,0.0329592972994,0.245509102941
2.98292636871,0.161616161466,0.232486665249,0.0135354902595,0.218951180577
3.01465964317,0.161616161466,0.186270847917,-0.00525011401623,0.191520959139
3.04639291763,0.161616161466,0.139867469668,-0.0234373621643,0.163304835558
3.07812619209,0.161616161466,0.0933232530951,-0.0410649366677,0.134388193488
3.10985946655,0.161616161466,0.0466850660741,-0.0581685639918,0.104853630066
3.14159274101,0.161616161466,-1.28635775809e-07,-0.0747824907303,0.0747823640704
0,0.171717166901,0,-0.0386308208108,0.0386308208108
0.0317332595587,0.171717166901,0.0467358604074,-0.0221295617521,0.0688654184341
0.0634665191174,0.171717166901,0.0934246703982,-0.00537245441228,0.0987971276045
0.095199778676,0.171717166901,0.140019387007,0.0116575080901,0.128361880779
0.126933038235,0.171717166901,0.186473146081,0.028978690505,0.157494455576
0.158666297793,0.171717166901,0.232739105821,0.0466121695936,0.186126932502
0.190399557352,0.171717166901,0.278770744801,0.0645815357566,0.214189201593
0.222132816911,0.171717166901,0.324521690607,0.0829127281904,0.241608962417
0.253866076469,0.171717166901,0.369945853949,0.101634941995,0.268310904503
0.285599350929,0.171717166901,0.414997547865,0.120780430734,0.29421710968
0.317332595587,0.171717166901,0.459631294012,0.140385091305,0.319246202707
0.349065840244,0.171717166901,0.503802239895,0.16048926115,0.343312978745
0.380799114704,0.171717166901,0.547466039658,0.181135684252,0.366330355406
0.412532389164,0.171717166901,0.590578496456,0.202372297645,0.38820618391
0.444265633821,0.171717166901,0.633096218109,0.224250391126,0.408845841885
0.475998878479,0.171717166901,0.674976527691,0.246825516224,0.428151011467
0.507732152939,0.171717166901,0.716177225113,0.270155966282,0.446021258831
0.539465427399,0.171717166901,0.756656765938,0.294303387403,0.462353378534
0.571198701859,0.171717166901,0.796374440193,0.319331228733,0.47704321146
0.602931916714,0.171717166901,0.835290193558,0.345305174589,0.489985018969
0.634665191174,0.171717166901,0.873364925385,0.37228935957,0.501075565815
0.666398465633,0.171717166901,0.910560190678,0.400348484516,0.510211706161
0.698131680489,0.171717166901,0.94683855772,0.42954364419,0.517294883728
0.729864954948,0.171717166901,0.982163608074,0.459931582212,0.522232055664
0.761598229408,0.171717166901,1.01649975777,0.49156203866,0.524937748909
0.793331503868,0.171717166901,1.04981231689,0.524476766586,0.525335550308
0.825064778328,0.171717166901,1.08206784725,0.558705151081,0.523362696171
0.856797993183,0.171717166901,1.1132338047,0.594263017178,0.518970787525
0.888531267643,0.171717166901,1.1432788372,0.631148576736,0.512130260468
0.920264542103,0.171717166901,1.17217254639,0.669340193272,0.502832353115
0.951997756958,0.171717166901,1.1998860836,0.70879137516,0.491094708443
0.983731031418,0.171717166901,1.22639143467,0.749429285526,0.476962149143
1.01546430588,0.171717166901,1.25166201591,0.791150510311,0.460511505604
1.04719758034,0.171717166901,1.27567219734,0.833815932274,0.441856265068
1.0789308548,0.171717166901,1.29839789867,0.877249002457,0.421148896217
1.11066412926,0.171717166901,1.31981623173,0.92123156786,0.398584663868
1.14239740372,0.171717166901,1.33990561962,0.965503394604,0.374402225018
1.17413055897,0.171717166901,1.35864567757,1.00975763798,0.348888039589
1.20586383343,0.171717166901,1.37601780891,1.05364334583,0.322374463081
1.23759710789,0.171717166901,1.3920044899,1.0967669487,0.295237541199
1.26933038235,0.171717166901,1.40658950806,1.13869452477,0.267894983292
1.30106365681,0.171717166901,1.41975820065,1.17895972729,0.240798473358
1.33279693127,0.171717166901,1.43149733543,1.21707236767,0.214424967766
1.36453020573,0.171717166901,1.44179499149,1.25252938271,0.189265608788
1.39626336098,0.171717166901,1.45064079762,1.28482949734,0.165811300278
1.42799663544,0.171717166901,1.45802617073,1.3134881258,0.14453804493
1.4597299099,0.171717166901,1.46394324303,1.33805584908,0.125887393951
1.49146318436,0.171717166901,1.46838641167,1.35813319683,0.110253214836
1.52319645882,0.171717166901,1.47135090828,1.37338995934,0.0979609489441
1.55492973328,0.171717166901,1.47283387184,1.38357651234,0.0892573595047
1.58666300774,0.171717166901,1.47283387184,1.38853645325,0.0842974185944
1.6183962822,0.171717166901,1.47135090828,1.38820981979,0.0831410884857
1.65012955666,0.171717166901,1.46838641167,1.38263511658,0.0857512950897
1.68186283112,0.171717166901,1.46394324303,1.37194538116,0.0919978618622
1.71359610558,0.171717166901,1.45802617073,1.35635745525,0.101668715477
1.74532938004,0.171717166901,1.45064079762,1.3361620903,0.114478707314
1.77706253529,0.171717166901,1.44179499149,1.31170797348,0.130087018013
1.80879580975,0.171717166901,1.43149733543,1.28338754177,0.148109793663
1.84052908421,0.171717166901,1.41975820065,1.25162172318,0.16813647747
1.87226235867,0.171717166901,1.40658950806,1.21684777737,0.18974173069
1.90399563313,0.171717166901,1.39200437069,1.17950415611,0.212500214577
1.93572890759,0.171717166901,1.37601780891,1.14002239704,0.235995411873
1.96746218204,0.171717166901,1.35864567757,1.09881711006,0.259828567505
1.9991953373,0.171717166901,1.33990550041,1.05627977848,0.283625721931
2.03092861176,0.171717166901,1.31981611252,1.01277172565,0.307044386864
2.06266188622,0.171717166901,1.29839777946,0.968623399734,0.32977437973
2.09439516068,0.171717166901,1.27567219734,0.92413175106,0.351540446281
2.12612843513,0.171717166901,1.25166189671,0.879559099674,0.372102797031
2.15786170959,0.171717166901,1.22639143467,0.835137248039,0.39125418663
2.18959498405,0.171717166901,1.1998860836,0.791065812111,0.408820271492
2.22132825851,0.171717166901,1.17217242718,0.747518122196,0.424654304981
2.25306153297,0.171717166901,1.14327859879,0.704641520977,0.438637077808
2.28479480743,0.171717166901,1.11323356628,0.662562012672,0.450671553612
2.31652784348,0.171717166901,1.08206796646,0.621383845806,0.460684120655
2.34826135635,0.171717166901,1.04981207848,0.581193029881,0.468619048595
2.3799943924,0.171717166901,1.01649975777,0.542061388493,0.474438369274
2.41172790527,0.171717166901,0.98216342926,0.504041492939,0.478121936321
2.44346094131,0.171717166901,0.946838617325,0.467176020145,0.479662597179
2.47519421577,0.171717166901,0.910560190678,0.431491434574,0.479068756104
2.50692749023,0.171717166901,0.873364806175,0.397004246712,0.476360559464
2.53866076469,0.171717166901,0.835290074348,0.363719552755,0.471570521593
2.57039403915,0.171717166901,0.796374320984,0.331632703543,0.464741617441
2.60212731361,0.171717166901,0.756656706333,0.300730288029,0.455926418304
2.63386058807,0.171717166901,0.716177105904,0.270991057158,0.445186048746
2.66559386253,0.171717166901,0.674976408482,0.242387130857,0.432589292526
2.69732713699,0.171717166901,0.6330960989,0.21488468349,0.418211400509
2.72906041145,0.171717166901,0.590578317642,0.188446134329,0.402132183313
2.76079368591,0.171717166901,0.547465801239,0.163029506803,0.384436309338
2.79252696037,0.171717166901,0.503802061081,0.138589859009,0.365212202072
2.82426023483,0.171717166901,0.459631085396,0.115081138909,0.344549953938
2.85599327087,0.171717166901,0.41499760747,0.0924554690719,0.322542130947
2.88772678375,0.171717166901,0.369945526123,0.0706642270088,0.299281299114
2.91945981979,0.171717166901,0.324521720409,0.0496608763933,0.274860858917
2.95119309425,0.171717166901,0.278770744801,0.0293970704079,0.249373674393
2.98292636871,0.171717166901,0.232739090919,0.00982762593776,0.222911462188
3.01465964317,0.171717166901,0.186473101377,-0.0090920990333,0.195565193892
3.04639291763,0.171717166901,0.140019342303,-0.0274039171636,0.167423263192
3.07812619209,0.171717166901,0.0934245809913,-0.0451481938362,0.138572782278
3.10985946655,0.171717166901,0.0467357560992,-0.0623629800975,0.109098732471
3.14159274101,0.171717166901,-1.28775440089e-07,-0.0790828764439,0.079082749784
0,0.181818187237,0,-0.041834756732,0.041834756732
0.0317332595587,0.181818187237,0.046789098531,-0.0251342393458,0.0719233378768
0.0634665191174,0.181818187237,0.0935310944915,-0.0081787025556,0.101709797978
0.095199778676,0.181818187237,0.140178889036,0.00904883444309,0.131130054593
0.126933038235,0.181818187237,0.186685562134,0.0265669114888,0.16011865437
0.158666297793,0.181818187237,0.233004242182,0.0443975105882,0.188606739044
0.190399557352,0.181818187237,0.279088318348,0.0625636056066,0.216524720192
0.222132816911,0.181818187237,0.324891358614,0.0810917690396,0.243799597025
0.253866076469,0.181818187237,0.370367258787,0.100012138486,0.2703551054
0.285599350929,0.181818187237,0.415470302105,0.119357414544,0.296112895012
0.317332595587,0.181818187237,0.460154891014,0.139164850116,0.320990025997
0.349065840244,0.181818187237,0.504376173019,0.159475401044,0.344900786877
0.380799114704,0.181818187237,0.548089683056,0.180333822966,0.36775586009
0.412532389164,0.181818187237,0.591251254082,0.201789900661,0.38946133852
0.444265633821,0.181818187237,0.633817434311,0.223897024989,0.409920394421
0.475998878479,0.181818187237,0.675745427608,0.246713429689,0.429031997919
0.507732152939,0.181818187237,0.716993093491,0.270300090313,0.446693003178
0.539465427399,0.181818187237,0.757518708706,0.29472219944,0.462796509266
0.571198701859,0.181818187237,0.797281622887,0.32004699111,0.477234631777
0.602931916714,0.181818187237,0.836241722107,0.346343994141,0.489897727966
0.634665191174,0.181818187237,0.87435978651,0.373682707548,0.500677108765
0.666398465633,0.181818187237,0.911597430706,0.402131646872,0.509465813637
0.698131680489,0.181818187237,0.947917163372,0.431757599115,0.516159534454
0.729864954948,0.181818187237,0.983282446861,0.462622016668,0.520660400391
0.761598229408,0.181818187237,1.01765775681,0.494780570269,0.522877216339
0.793331503868,0.181818187237,1.05100822449,0.528278768063,0.522729456425
0.825064778328,0.181818187237,1.08330047131,0.563151299953,0.520149171352
0.856797993183,0.181818187237,1.11450195312,0.599417567253,0.515084385872
0.888531267643,0.181818187237,1.14458119869,0.637079238892,0.507501959801
0.920264542103,0.181818187237,1.17350780964,0.676115691662,0.497392117977
0.951997756958,0.181818187237,1.20125293732,0.716481387615,0.484771549702
0.983731031418,0.181818187237,1.22778856754,0.758102118969,0.469686448574
1.01546430588,0.181818187237,1.25308787823,0.800869882107,0.45221799612
1.04719758034,0.181818187237,1.27712535858,0.844640612602,0.432484745979
1.0789308548,0.181818187237,1.29987692833,0.889229357243,0.410647571087
1.11066412926,0.181818187237,1.32131969929,0.934408605099,0.386911094189
1.14239740372,0.181818187237,1.34143197536,0.979904592037,0.361527383327
1.17413055897,0.181818187237,1.36019337177,1.02539718151,0.334796190262
1.20586383343,0.181818187237,1.37758529186,1.07052063942,0.307064652443
1.23759710789,0.181818187237,1.39359021187,1.11486458778,0.278725624084
1.26933038235,0.181818187237,1.40819180012,1.15797924995,0.250212550163
1.30106365681,0.181818187237,1.42137551308,1.19938349724,0.221992015839
1.33279693127,0.181818187237,1.43312799931,1.23857104778,0.194556951523
1.36453020573,0.181818187237,1.44343733788,1.27502632141,0.168411016464
1.39626336098,0.181818187237,1.452293396,1.3082357645,0.144057631493
1.42799663544,0.181818187237,1.45968699455,1.33770501614,0.121981978416
1.4597299099,0.181818187237,1.46561086178,1.36297547817,0.102635383606
1.49146318436,0.181818187237,1.47005915642,1.38364243507,0.086416721344
1.52319645882,0.181818187237,1.47302699089,1.39937007427,0.0736569166183
1.55492973328,0.181818187237,1.47451174259,1.40990662575,0.0646051168442
1.58666300774,0.181818187237,1.47451174259,1.4150929451,0.059418797493
1.6183962822,0.181818187237,1.47302699089,1.41486978531,0.0581572055817
1.65012955666,0.181818187237,1.47005915642,1.40927684307,0.0607823133469
1.68186283112,0.181818187237,1.46561086178,1.39844846725,0.0671623945236
1.71359610558,0.181818187237,1.45968699455,1.38260483742,0.077082157135
1.74532938004,0.181818187237,1.452293396,1.36203980446,0.0902535915375
1.77706253529,0.181818187237,1.44343733788,1.33710646629,0.106330871582
1.80879580975,0.181818187237,1.43312799931,1.30820155144,0.124926447868
1.84052908421,0.181818187237,1.42137551308,1.27575087547,0.145624637604
1.87226235867,0.181818187237,1.40819180012,1.24019634724,0.167995452881
1.90399563313,0.181818187237,1.39359009266,1.20198321342,0.191606879234
1.93572890759,0.181818187237,1.37758529186,1.16154980659,0.216035485268
1.96746218204,0.181818187237,1.36019337177,1.11931800842,0.24087536335
1.9991953373,0.181818187237,1.34143185616,1.07568848133,0.265743374825
2.03092861176,0.181818187237,1.32131958008,1.03103303909,0.290286540985
2.06266188622,0.181818187237,1.29987692833,0.985693752766,0.314183175564
2.09439516068,0.181818187237,1.27712535858,0.939978420734,0.337146937847
2.12612843513,0.181818187237,1.25308775902,0.894162714481,0.358925044537
2.15786170959,0.181818187237,1.22778844833,0.848489582539,0.379298865795
2.18959498405,0.181818187237,1.20125293732,0.803170800209,0.398082137108
2.22132825851,0.181818187237,1.17350780964,0.758391082287,0.415116727352
2.25306153297,0.181818187237,1.14458096027,0.714308023453,0.430272936821
2.28479480743,0.181818187237,1.11450171471,0.671056330204,0.443445384502
2.31652784348,0.181818187237,1.08330059052,0.628749668598,0.454550921917
2.34826135635,0.181818187237,1.05100798607,0.587480485439,0.463527500629
2.3799943924,0.181818187237,1.01765775681,0.547326147556,0.470331609249
2.41172790527,0.181818187237,0.983282268047,0.508344471455,0.474937796593
2.44346094131,0.181818187237,0.947917222977,0.470580637455,0.477336585522
2.47519421577,0.181818187237,0.911597430706,0.434063673019,0.477533757687
2.50692749023,0.181818187237,0.874359726906,0.398810148239,0.475549578667
2.53866076469,0.181818187237,0.836241602898,0.364824652672,0.471416950226
2.57039403915,0.181818187237,0.797281503677,0.332100957632,0.465180546045
2.60212731361,0.181818187237,0.757518649101,0.30062276125,0.456895887852
2.63386058807,0.181818187237,0.716992914677,0.270366281271,0.446626633406
2.66559386253,0.181818187237,0.675745308399,0.241299360991,0.434445947409
2.69732713699,0.181818187237,0.633817255497,0.21338430047,0.420432955027
2.72906041145,0.181818187237,0.591251075268,0.186578765512,0.404672324657
2.76079368591,0.181818187237,0.548089444637,0.160835951567,0.387253493071
2.79252696037,0.181818187237,0.504375994205,0.136107295752,0.368268698454
2.82426023483,0.181818187237,0.460154682398,0.112341634929,0.347813040018
2.85599327087,0.181818187237,0.415470331907,0.0894870758057,0.325983256102
2.88772678375,0.181818187237,0.370366960764,0.0674914345145,0.302875518799
2.91945981979,0.181818187237,0.324891388416,0.0463040731847,0.278587311506
2.95119309425,0.181818187237,0.279088318348,0.0258737523109,0.2532145679
2.98292636871,0.181818187237,0.233004212379,0.00615174043924,0.226852476597
3.01465964317,0.181818187237,0.18668551743,-0.0129082547501,0.199593767524
3.04639291763,0.181818187237,0.140178844333,-0.031351197511,0.171530038118
3.07812619209,0.181818187237,0.0935310050845,-0.0492186509073,0.142749652267
3.10985946655,0.181818187237,0.0467889942229,-0.0665504038334,0.113339394331
3.14159274101,0.181818187237,-1.28922138742e-07,-0.0833828449249,0.0833827182651
0,0.191919192672,0,-0.0450237505138,0.0450237505138
0.0317332595587,0.191919192672,0.0468448363245,-0.0281145237386,0.0749593600631
0.0634665191174,0.191919192672,0.0936425179243,-0.0109508493915,0.104593366385
0.095199778676,0.191919192672,0.14034588635,0.00648372992873,0.133862152696
0.126933038235,0.191919192672,0.186907961965,0.0242089778185,0.162698984146
0.158666297793,0.191919192672,0.233281806111,0.0422462671995,0.191035538912
0.190399557352,0.191919192672,0.279420793056,0.0606193952262,0.218801394105
0.222132816911,0.191919192672,0.325278401375,0.0793551802635,0.245923221111
0.253866076469,0.191919192672,0.37080848217,0.0984841287136,0.272324353456
0.285599350929,0.191919192672,0.415965259075,0.11803945899,0.297925800085
0.317332595587,0.191919192672,0.460703074932,0.138060227036,0.322642862797
0.349065840244,0.191919192672,0.504977047443,0.158587798476,0.346389234066
0.380799114704,0.191919192672,0.548742592335,0.179669082165,0.36907351017
0.412532389164,0.191919192672,0.591955602169,0.201355233788,0.390600383282
0.444265633821,0.191919192672,0.634572446346,0.223702400923,0.410870045424
0.475998878479,0.191919192672,0.676550447941,0.246770396829,0.429780066013
0.507732152939,0.191919192672,0.71784722805,0.270624220371,0.447223007679
0.539465427399,0.191919192672,0.758421123028,0.295331895351,0.463089227676
0.571198701859,0.191919192672,0.798231363297,0.320964634418,0.477266728878
0.602931916714,0.191919192672,0.837237894535,0.347595721483,0.489642173052
0.634665191174,0.191919192672,0.875401437283,0.37529912591,0.50010228157
0.666398465633,0.191919192672,0.912683427334,0.404148191214,0.508535265923
0.698131680489,0.191919192672,0.949046373367,0.43421459198,0.514831781387
0.729864954948,0.191919192672,0.98445379734,0.465564697981,0.518889069557
0.761598229408,0.191919192672,1.01886999607,0.498258858919,0.520611166954
0.793331503868,0.191919192672,1.05226027966,0.532347977161,0.519912302494
0.825064778328,0.191919192672,1.08459103107,0.567870259285,0.51672077179
0.856797993183,0.191919192672,1.11582958698,0.604848980904,0.510980606079
0.888531267643,0.191919192672,1.14594471455,0.643288075924,0.502656638622
0.920264542103,0.191919192672,1.17490589619,0.683168888092,0.491737008095
0.951997756958,0.191919192672,1.20268392563,0.724445164204,0.478238761425
0.983731031418,0.191919192672,1.22925114632,0.767040669918,0.462210476398
1.01546430588,0.191919192672,1.25458061695,0.810843467712,0.443737149239
1.04719758034,0.191919192672,1.27864682674,0.855703294277,0.422943532467
1.0789308548,0.191919192672,1.301425457,0.901427030563,0.399998426437
1.11066412926,0.191919192672,1.32289373875,0.947776019573,0.375117719173
1.14239740372,0.191919192672,1.34302997589,0.994464278221,0.34856569767
1.17413055897,0.191919192672,1.36181378365,1.04115831852,0.320655465126
1.20586383343,0.191919192672,1.37922644615,1.08747708797,0.291749358177
1.23759710789,0.191919192672,1.39525043964,1.13299548626,0.262254953384
1.26933038235,0.191919192672,1.40986931324,1.17724812031,0.232621192932
1.30106365681,0.191919192672,1.42306876183,1.21973919868,0.203329563141
1.33279693127,0.191919192672,1.43483519554,1.25995051861,0.174884676933
1.36453020573,0.191919192672,1.44515693188,1.2973536253,0.14780330658
1.39626336098,0.191919192672,1.45402348042,1.33142459393,0.12259888649
1.42799663544,0.191919192672,1.46142590046,1.36166143417,0.0997644662857
1.4597299099,0.191919192672,1.46735692024,1.38759851456,0.0797584056854
1.49146318436,0.191919192672,1.47181034088,1.40882611275,0.0629842281342
1.52319645882,0.191919192672,1.47478175163,1.4250048399,0.0497769117355
1.55492973328,0.191919192672,1.47626829147,1.43588006496,0.0403882265091
1.58666300774,0.191919192672,1.47626829147,1.4412920475,0.0349762439728
1.6183962822,0.191919192672,1.47478175163,1.44118058681,0.0336011648178
1.65012955666,0.191919192672,1.47181034088,1.43558621407,0.0362241268158
1.68186283112,0.191919192672,1.46735692024,1.42464435101,0.0427125692368
1.71359610558,0.191919192672,1.46142590046,1.40857708454,0.052848815918
1.74532938004,0.191919192672,1.45402348042,1.3876799345,0.0663435459137
1.77706253529,0.191919192672,1.44515693188,1.36230909824,0.0828478336334
1.80879580975,0.191919192672,1.43483519554,1.33286428452,0.101970911026
1.84052908421,0.191919192672,1.42306876183,1.29977500439,0.123293757439
1.87226235867,0.191919192672,1.40986931324,1.26348745823,0.146381855011
1.90399563313,0.191919192672,1.39525032043,1.22445130348,0.170799016953
1.93572890759,0.191919192672,1.37922644615,1.18311083317,0.196115612984
1.96746218204,0.191919192672,1.36181378365,1.13989496231,0.221918821335
1.9991953373,0.191919192672,1.34302985668,1.09521257877,0.247817277908
2.03092861176,0.191919192672,1.32289373875,1.04944491386,0.273448824883
2.06266188622,0.191919192672,1.301425457,1.00294435024,0.298481106758
2.09439516068,0.191919192672,1.27864682674,0.956030905247,0.322615921497
2.12612843513,0.191919192672,1.25458049774,0.908991396427,0.345589101315
2.15786170959,0.191919192672,1.22925114632,0.86208152771,0.367169618607
2.18959498405,0.191919192672,1.20268392563,0.815525770187,0.387158155441
2.22132825851,0.191919192672,1.17490577698,0.769518792629,0.405386984348
2.25306153297,0.191919192672,1.14594447613,0.724230229855,0.421714246273
2.28479480743,0.191919192672,1.11582946777,0.67980414629,0.436025321484
2.31652784348,0.191919192672,1.08459103107,0.636363089085,0.44822794199
2.34826135635,0.191919192672,1.05226004124,0.594007253647,0.45825278759
2.3799943924,0.191919192672,1.01886999607,0.552820444107,0.466049551964
2.41172790527,0.191919192672,0.984453618526,0.512865424156,0.47158819437
2.44346094131,0.191919192672,0.949046492577,0.474190860987,0.47485563159
2.47519421577,0.191919192672,0.912683427334,0.436828225851,0.475855201483
2.50692749023,0.191919192672,0.875401318073,0.400794774294,0.474606543779
2.53866076469,0.191919192672,0.83723783493,0.36609518528,0.471142649651
2.57039403915,0.191919192672,0.798231303692,0.332721531391,0.465509772301
2.60212731361,0.191919192672,0.758421063423,0.300655841827,0.457765221596
2.63386058807,0.191919192672,0.717847108841,0.269870191813,0.447976917028
2.66559386253,0.191919192672,0.676550328732,0.240329146385,0.436221182346
2.69732713699,0.191919192672,0.634572327137,0.211990699172,0.422581613064
2.72906041145,0.191919192672,0.591955423355,0.184808433056,0.407146990299
2.76079368591,0.191919192672,0.548742353916,0.158730626106,0.39001172781
2.79252696037,0.191919192672,0.504976868629,0.133703961968,0.371272921562
2.82426023483,0.191919192672,0.460702836514,0.10967323184,0.351029604673
2.85599327087,0.191919192672,0.415965288877,0.0865821912885,0.32938310504
2.88772678375,0.191919192672,0.370808184147,0.0643744245172,0.30643376708
2.91945981979,0.191919192672,0.325278431177,0.0429957173765,0.282282710075
2.95119309425,0.191919192672,0.279420793056,0.0223918184638,0.257028967142
2.98292636871,0.191919192672,0.23328179121,0.00251090805978,0.230770885944
3.01465964317,0.191919192672,0.186907917261,-0.0166964456439,0.203604370356
3.04639291763,0.191919192672,0.140345826745,-0.0352768003941,0.175622627139
3.07812619209,0.191919192672,0.0936424285173,-0.0532746501267,0.146917074919
3.10985946655,0.191919192672,0.0468447320163,-0.0707301944494,0.117574930191
3.14159274101,0.191919192672,-1.29075715449e-07,-0.087681889534,0.0876817628741
0,0.202020198107,0,-0.0482001267374,0.0482001267374
0.0317332595587,0.202020198107,0.0469030067325,-0.0310726799071,0.0779756903648
0.0634665191174,0.202020198107,0.0937587991357,-0.0136909419671,0.107449740171
0.095199778676,0.202020198107,0.140520170331,0.00396134424955,0.136558830738
0.126933038235,0.202020198107,0.187140062451,0.0219038538635,0.165236204863
0.158666297793,0.202020198107,0.233571499586,0.0401581637561,0.193413332105
0.190399557352,0.202020198107,0.279767751694,0.0587483979762,0.221019357443
0.222132816911,0.202020198107,0.325682342052,0.0777022242546,0.247980117798
0.253866076469,0.202020198107,0.371268957853,0.0970499664545,0.274218976498
0.285599350929,0.202020198107,0.416481792927,0.116826690733,0.299655109644
0.317332595587,0.202020198107,0.461275160313,0.137071281672,0.324203878641
0.349065840244,0.202020198107,0.505604088306,0.157827183604,0.347776889801
0.380799114704,0.202020198107,0.549423992634,0.179142132401,0.370281875134
0.412532389164,0.202020198107,0.592690646648,0.201069697738,0.39162093401
0.444265633821,0.202020198107,0.635360479355,0.22366771102,0.411692768335
0.475998878479,0.202020198107,0.677390575409,0.24699947238,0.430391103029
0.507732152939,0.202020198107,0.718738615513,0.271131873131,0.447606742382
0.539465427399,0.202020198107,0.75936293602,0.296136766672,0.463226169348
0.571198701859,0.202020198107,0.799222648144,0.322088509798,0.477134138346
0.602931916714,0.202020198107,0.838277578354,0.349065035582,0.489212542772
0.634665191174,0.202020198107,0.876488506794,0.377144396305,0.499344110489
0.666398465633,0.202020198107,0.91381675005,0.406404584646,0.507412195206
0.698131680489,0.202020198107,0.950224876404,0.436921954155,0.513302922249
0.729864954948,0.202020198107,0.985676288605,0.468767315149,0.516909003258
0.761598229408,0.202020198107,1.02013528347,0.502006411552,0.518128871918
0.793331503868,0.202020198107,1.05356693268,0.536693871021,0.516873061657
0.825064778328,0.202020198107,1.08593785763,0.572872340679,0.513065516949
0.856797993183,0.202020198107,1.11721527576,0.610567748547,0.506647527218
0.888531267643,0.202020198107,1.14736771584,0.64978659153,0.497581124306
0.920264542103,0.202020198107,1.17636477947,0.690510749817,0.485854029655
0.951997756958,0.202020198107,1.20417749882,0.732693493366,0.471484005451
0.983731031418,0.202020198107,1.23077762127,0.776255846024,0.454521775246
1.01546430588,0.202020198107,1.25613856316,0.821081340313,0.435057222843
1.04719758034,0.202020198107,1.28023457527,0.867012917995,0.413221657276
1.0789308548,0.202020198107,1.30304157734,0.913848459721,0.389193117619
1.11066412926,0.202020198107,1.32453656197,0.961338758469,0.363197803497
1.14239740372,0.202020198107,1.34469771385,1.00918591022,0.335511803627
1.17413055897,0.202020198107,1.36350488663,1.05704152584,0.306463360786
1.20586383343,0.202020198107,1.38093912601,1.10451102257,0.276428103447
1.23759710789,0.202020198107,1.39698302746,1.15115475655,0.245828270912
1.26933038235,0.202020198107,1.41162014008,1.19649302959,0.215127110481
1.30106365681,0.202020198107,1.42483592033,1.24001741409,0.184818506241
1.33279693127,0.202020198107,1.43661701679,1.2811974287,0.155419588089
1.36453020573,0.202020198107,1.44695150852,1.31949532032,0.127456188202
1.39626336098,0.202020198107,1.45582902431,1.35437846184,0.101450562477
1.42799663544,0.202020198107,1.46324074268,1.38533806801,0.077902674675
1.4597299099,0.202020198107,1.46917903423,1.41190338135,0.0572756528854
1.49146318436,0.202020198107,1.47363805771,1.43366122246,0.0399768352509
1.52319645882,0.202020198107,1.47661316395,1.45026957989,0.0263435840607
1.55492973328,0.202020198107,1.47810149193,1.46147215366,0.0166293382645
1.58666300774,0.202020198107,1.47810149193,1.46710801125,0.0109934806824
1.6183962822,0.202020198107,1.47661316395,1.46711599827,0.00949716567993
1.65012955666,0.202020198107,1.47363805771,1.46153724194,0.012100815773
1.68186283112,0.202020198107,1.46917903423,1.450507164,0.0186718702316
1.71359610558,0.202020198107,1.46324074268,1.43424832821,0.0289924144745
1.74532938004,0.202020198107,1.45582902431,1.4130576849,0.0427713394165
1.77706253529,0.202020198107,1.44695150852,1.38729214668,0.0596593618393
1.80879580975,0.202020198107,1.43661701679,1.35735332966,0.0792636871338
1.84052908421,0.202020198107,1.42483592033,1.32367348671,0.101162433624
1.87226235867,0.202020198107,1.41162014008,1.28670120239,0.124918937683
1.90399563313,0.202020198107,1.39698290825,1.24689042568,0.150092482567
1.93572890759,0.202020198107,1.38093912601,1.2046892643,0.176249861717
1.96746218204,0.202020198107,1.36350488663,1.16053366661,0.202971220016
1.9991953373,0.202020198107,1.34469759464,1.11483943462,0.229858160019
2.03092861176,0.202020198107,1.32453644276,1.0679962635,0.256540179253
2.06266188622,0.202020198107,1.30304145813,1.02036678791,0.282674670219
2.09439516068,0.202020198107,1.28023457527,0.972282111645,0.307952463627
2.12612843513,0.202020198107,1.25613844395,0.924041330814,0.332097113132
2.15786170959,0.202020198107,1.23077750206,0.875911533833,0.354865968227
2.18959498405,0.202020198107,1.20417749882,0.828129887581,0.376047611237
2.22132825851,0.202020198107,1.17636477947,0.780903100967,0.395461678505
2.25306153297,0.202020198107,1.14736747742,0.73441183567,0.412955641747
2.28479480743,0.202020198107,1.11721503735,0.688810288906,0.42840474844
2.31652784348,0.202020198107,1.08593785763,0.644230544567,0.441707313061
2.34826135635,0.202020198107,1.05356681347,0.600781261921,0.452785551548
2.3799943924,0.202020198107,1.02013528347,0.558552622795,0.461582660675
2.41172790527,0.202020198107,0.985676109791,0.517612934113,0.468063175678
2.44346094131,0.202020198107,0.950224995613,0.47801566124,0.472209334373
2.47519421577,0.202020198107,0.91381675005,0.439794123173,0.474022626877
2.50692749023,0.202020198107,0.876488387585,0.402967691422,0.473520696163
2.53866076469,0.202020198107,0.838277459145,0.367540597916,0.470736861229
2.57039403915,0.202020198107,0.799222528934,0.333504080772,0.465718448162
2.60212731361,0.202020198107,0.759362876415,0.300837755203,0.458525121212
2.63386058807,0.202020198107,0.718738496304,0.269510596991,0.449227899313
2.66559386253,0.202020198107,0.6773904562,0.239483758807,0.437906682491
2.69732713699,0.202020198107,0.635360360146,0.210711434484,0.424648940563
2.72906041145,0.202020198107,0.592690467834,0.183141738176,0.409548729658
2.76079368591,0.202020198107,0.54942381382,0.156719386578,0.392704427242
2.79252696037,0.202020198107,0.505603909492,0.131385788321,0.37421810627
2.82426023483,0.202020198107,0.461274951696,0.107081234455,0.354193717241
2.85599327087,0.202020198107,0.416481822729,0.0837452113628,0.332736611366
2.88772678375,0.202020198107,0.371268630028,0.0613175742328,0.309951066971
2.91945981979,0.202020198107,0.325682342052,0.0397400707006,0.285942256451
2.95119309425,0.202020198107,0.279767751694,0.0189547333866,0.26081302762
2.98292636871,0.202020198107,0.233571469784,-0.00109284184873,0.234664306045
3.01465964317,0.202020198107,0.187140017748,-0.0204544775188,0.207594498992
3.04639291763,0.202020198107,0.140520110726,-0.0391799286008,0.179700046778
3.07812619209,0.202020198107,0.0937587097287,-0.0573142431676,0.151072949171
3.10985946655,0.202020198107,0.0469029024243,-0.0749007537961,0.12180365622
3.14159274101,0.202020198107,-1.2923599968e-07,-0.0919784605503,0.0919783338904
0,0.212121218443,0,-0.0513659380376,0.0513659380376
0.0317332595587,0.212121218443,0.0469635464251,-0.0340099111199,0.0809734612703
0.0634665191174,0.212121218443,0.0938798189163,-0.0164002105594,0.110280029476
0.095199778676,0.212121218443,0.140701532364,0.00147996097803,0.139221578836
0.126933038235,0.212121218443,0.187381610274,0.0196502488106,0.167731359601
0.158666297793,0.212121218443,0.233872979879,0.0381322465837,0.19574072957
0.190399557352,0.212121218443,0.280128866434,0.056950557977,0.223178312182
0.222132816911,0.212121218443,0.32610270381,0.0761327818036,0.249969929457
0.253866076469,0.212121218443,0.371748149395,0.0957107394934,0.276037395
0.285599350929,0.212121218443,0.417019337416,0.115719303489,0.301300048828
0.317332595587,0.212121218443,0.461870551109,0.1361990273,0.325671523809
0.349065840244,0.212121218443,0.506256699562,0.157194316387,0.349062383175
0.380799114704,0.212121218443,0.550133168697,0.178754642606,0.371378540993
0.412532389164,0.212121218443,0.593455672264,0.200935170054,0.392520487309
0.444265633821,0.212121218443,0.636180520058,0.223796144128,0.412384390831
0.475998878479,0.212121218443,0.678264915943,0.247402817011,0.430862098932
0.507732152939,0.212121218443,0.719666302204,0.271825700998,0.447840601206
0.539465427399,0.212121218443,0.760343074799,0.297139644623,0.463203430176
0.571198701859,0.212121218443,0.800254225731,0.32342299819,0.476831227541
0.602931916714,0.212121218443,0.83935958147,0.350757062435,0.488602519035
0.634665191174,0.212121218443,0.877619802952,0.379224479198,0.498395323753
0.666398465633,0.212121218443,0.914996266365,0.408907473087,0.506088793278
0.698131680489,0.212121218443,0.951451361179,0.439886629581,0.511564731598
0.729864954948,0.212121218443,0.986948549747,0.472238123417,0.514710426331
0.761598229408,0.212121218443,1.02145195007,0.506031632423,0.51542031765
0.793331503868,0.212121218443,1.05492675304,0.541325867176,0.513600885868
0.825064778328,0.212121218443,1.08733952045,0.578166902065,0.509172618389
0.856797993183,0.212121218443,1.11865723133,0.616584122181,0.50207310915
0.888531267643,0.212121218443,1.14884865284,0.65658468008,0.492263972759
0.920264542103,0.212121218443,1.17788314819,0.698151409626,0.479731738567
0.951997756958,0.212121218443,1.20573174953,0.741236150265,0.46449559927
0.983731031418,0.212121218443,1.23236620426,0.78575694561,0.446609258652
1.01546430588,0.212121218443,1.2577599287,0.831591665745,0.426168262959
1.04719758034,0.212121218443,1.28188705444,0.878576397896,0.403310656548
1.0789308548,0.212121218443,1.30472350121,0.926499605179,0.378223896027
1.11066412926,0.212121218443,1.32624614239,0.975101113319,0.351145029068
1.14239740372,0.212121218443,1.34643340111,1.0240701437,0.322363257408
1.17413055897,0.212121218443,1.36526477337,1.0730458498,0.292218923569
1.20586383343,0.212121218443,1.38272154331,1.12161910534,0.261102437973
1.23759710789,0.212121218443,1.39878606796,1.16933655739,0.229449510574
1.26933038235,0.212121218443,1.41344213486,1.21570634842,0.197735786438
1.30106365681,0.212121218443,1.42667496204,1.26020765305,0.166467308998
1.33279693127,0.212121218443,1.43847131729,1.30230009556,0.136171221733
1.36453020573,0.212121218443,1.44881916046,1.34143733978,0.107381820679
1.39626336098,0.212121218443,1.45770812035,1.37708067894,0.0806274414062
1.42799663544,0.212121218443,1.46512937546,1.4087164402,0.056412935257
1.4597299099,0.212121218443,1.4710752964,1.43587052822,0.0352047681808
1.49146318436,0.212121218443,1.47554016113,1.45812642574,0.0174137353897
1.52319645882,0.212121218443,1.47851908207,1.4751418829,0.00337719917297
1.55492973328,0.212121218443,1.4800093174,1.48665869236,0.00664937496185
1.58666300774,0.212121218443,1.4800093174,1.49251544476,0.0125061273575
1.6183962822,0.212121218443,1.47851908207,1.49265122414,0.014132142067
1.65012955666,0.212121218443,1.47554016113,1.48710489273,0.0115647315979
1.68186283112,0.212121218443,1.4710752964,1.4760119915,0.00493669509888
1.71359610558,0.212121218443,1.46512937546,1.45959460735,0.00553476810455
1.74532938004,0.212121218443,1.45770812035,1.43814921379,0.0195589065552
1.77706253529,0.212121218443,1.44881916046,1.41203248501,0.0367866754532
1.80879580975,0.212121218443,1.43847131729,1.38164663315,0.0568246841431
1.84052908421,0.212121218443,1.42667496204,1.34742498398,0.0792499780655
1.87226235867,0.212121218443,1.41344213486,1.30981791019,0.103624224663
1.90399563313,0.212121218443,1.39878606796,1.26928162575,0.129504442215
1.93572890759,0.212121218443,1.38272154331,1.22626841068,0.156453132629
1.96746218204,0.212121218443,1.36526477337,1.18121945858,0.184045314789
1.9991953373,0.212121218443,1.3464332819,1.13455569744,0.211877584457
2.03092861176,0.212121218443,1.32624602318,1.08667623997,0.239569783211
2.06266188622,0.212121218443,1.304723382,1.0379524231,0.2667709589
2.09439516068,0.212121218443,1.28188705444,0.988725781441,0.293161273003
2.12612843513,0.212121218443,1.25775980949,0.939307451248,0.318452358246
2.15786170959,0.212121218443,1.23236620426,0.889976680279,0.342389523983
2.18959498405,0.212121218443,1.20573174953,0.840982913971,0.364748835564
2.22132825851,0.212121218443,1.17788314819,0.792545199394,0.385337948799
2.25306153297,0.212121218443,1.14884841442,0.7448554039,0.403993010521
2.28479480743,0.212121218443,1.11865711212,0.698079109192,0.42057800293
2.31652784348,0.212121218443,1.08733952045,0.652357876301,0.434981644154
2.34826135635,0.212121218443,1.05492663383,0.607808828354,0.447117805481
2.3799943924,0.212121218443,1.02145195007,0.564529895782,0.456922054291
2.41172790527,0.212121218443,0.986948370934,0.522595643997,0.464352726936
2.44346094131,0.212121218443,0.951451480389,0.482063531876,0.469387948513
2.47519421577,0.212121218443,0.914996266365,0.4429705441,0.472025722265
2.50692749023,0.212121218443,0.877619683743,0.405337840319,0.472281843424
2.53866076469,0.212121218443,0.839359462261,0.369169920683,0.470189541578
2.57039403915,0.212121218443,0.800254106522,0.334457010031,0.465797096491
2.60212731361,0.212121218443,0.760343015194,0.301176995039,0.459166020155
2.63386058807,0.212121218443,0.719666182995,0.269296109676,0.450370073318
2.66559386253,0.212121218443,0.678264796734,0.238771572709,0.439493238926
2.69732713699,0.212121218443,0.636180400848,0.209553495049,0.4266269207
2.72906041145,0.212121218443,0.59345549345,0.181585639715,0.411869853735
2.76079368591,0.212121218443,0.550132930279,0.154808357358,0.395324587822
2.79252696037,0.212121218443,0.506256520748,0.129157856107,0.377098679543
2.82426023483,0.212121218443,0.461870312691,0.104570403695,0.357299923897
2.85599327087,0.212121218443,0.41701939702,0.0809810012579,0.336038410664
2.88772678375,0.212121218443,0.371747851372,0.0583248846233,0.313422977924
2.91945981979,0.212121218443,0.326102733612,0.0365402288735,0.289562493563
2.95119309425,0.212121218443,0.280128866434,0.0155658489093,0.264563024044
2.98292636871,0.212121218443,0.233872950077,-0.00465577561408,0.238528728485
3.01465964317,0.212121218443,0.187381565571,-0.0241796299815,0.211561203003
3.04639291763,0.212121218443,0.14070148766,-0.0430570431054,0.18375852704
3.07812619209,0.212121218443,0.0938797295094,-0.0613359846175,0.155215710402
3.10985946655,0.212121218443,0.046963442117,-0.0790607482195,0.126024186611
3.14159274101,0.212121218443,-1.29402806692e-07,-0.0962717831135,0.0962716564536
0,0.222222223878,0,-0.0545225180686,0.0545225180686
0.0317332595587,0.222222223878,0.047026399523,-0.0369278974831,0.0839542970061
0.0634665191174,0.222222223878,0.0940054580569,-0.0190796367824,0.113085091114
0.095199778676,0.222222223878,0.140889853239,-0.00096130464226,0.14185115695
0.126933038235,0.222222223878,0.187632381916,0.0174471139908,0.170185267925
0.158666297793,0.222222223878,0.23418597877,0.0361674875021,0.198018491268
0.190399557352,0.222222223878,0.28050377965,0.0552245900035,0.225279182196
0.222132816911,0.222222223878,0.326539129019,0.0746465325356,0.251892596483
0.253866076469,0.222222223878,0.372245669365,0.0944654494524,0.277780234814
0.285599350929,0.222222223878,0.417577475309,0.11471772939,0.30285975337
0.317332595587,0.222222223878,0.462488681078,0.135444074869,0.327044606209
0.349065840244,0.222222223878,0.506934225559,0.156690433621,0.350243806839
0.380799114704,0.222222223878,0.550869464874,0.178507879376,0.372361600399
0.412532389164,0.222222223878,0.594249904156,0.200953155756,0.3932967484
0.444265633821,0.222222223878,0.637031972408,0.224088937044,0.412943035364
0.475998878479,0.222222223878,0.679172694683,0.247983336449,0.431189358234
0.507732152939,0.222222223878,0.720629513264,0.272709488869,0.447920024395
0.539465427399,0.222222223878,0.761360704899,0.298345297575,0.463015407324
0.571198701859,0.222222223878,0.801325201988,0.324972599745,0.476352602243
0.602931916714,0.222222223878,0.840482890606,0.352676808834,0.487806081772
0.634665191174,0.222222223878,0.878794372082,0.381544619799,0.497249752283
0.666398465633,0.222222223878,0.916220843792,0.411662578583,0.504558265209
0.698131680489,0.222222223878,0.95272475481,0.443115949631,0.50960880518
0.729864954948,0.222222223878,0.988269388676,0.475984692574,0.512284696102
0.761598229408,0.222222223878,1.02281904221,0.51034283638,0.512476205826
0.793331503868,0.222222223878,1.05633866787,0.546252727509,0.510085940361
0.825064778328,0.222222223878,1.08879470825,0.583763897419,0.505030810833
0.856797993183,0.222222223878,1.1201543808,0.622907578945,0.497246801853
0.888531267643,0.222222223878,1.15038621426,0.66369253397,0.486693680286
0.920264542103,0.222222223878,1.17945957184,0.70610076189,0.473358809948
0.951997756958,0.222222223878,1.20734536648,0.750082552433,0.457262814045
0.983731031418,0.222222223878,1.23401558399,0.7955519557,0.438463628292
1.01546430588,0.222222223878,1.25944316387,0.842381834984,0.417061328888
1.04719758034,0.222222223878,1.28360259533,0.890399456024,0.393203139305
1.0789308548,0.222222223878,1.30646967888,0.93938434124,0.367085337639
1.11066412926,0.222222223878,1.32802116871,0.989065229893,0.338955938816
1.14239740372,0.222222223878,1.34823536873,1.03911828995,0.309117078781
1.17413055897,0.222222223878,1.36709201336,1.08916962147,0.277922391891
1.20586383343,0.222222223878,1.38457214832,1.13879752159,0.245774626732
1.23759710789,0.222222223878,1.40065813065,1.18753492832,0.213123202324
1.26933038235,0.222222223878,1.41533374786,1.23487901688,0.180454730988
1.30106365681,0.222222223878,1.42858433723,1.28029882908,0.148285508156
1.33279693127,0.222222223878,1.44039642811,1.32324504852,0.117151379585
1.36453020573,0.222222223878,1.45075809956,1.36316514015,0.087592959404
1.39626336098,0.222222223878,1.45965898037,1.39951515198,0.060143828392
1.42799663544,0.222222223878,1.46709024906,1.43177866936,0.0353115797043
1.4597299099,0.222222223878,1.47304415703,1.45947945118,0.0135647058487
1.49146318436,0.222222223878,1.47751486301,1.4822010994,0.00468623638153
1.52319645882,0.222222223878,1.48049783707,1.49959909916,0.0191012620926
1.55492973328,0.222222223878,1.48199009895,1.51141679287,0.0294266939163
1.58666300774,0.222222223878,1.48199009895,1.51749122143,0.0355011224747
1.6183962822,0.222222223878,1.48049783707,1.51776111126,0.0372632741928
1.65012955666,0.222222223878,1.47751486301,1.5122641325,0.0347492694855
1.68186283112,0.222222223878,1.47304415703,1.50113379955,0.0280896425247
1.71359610558,0.222222223878,1.46709024906,1.48459088802,0.0175006389618
1.74532938004,0.222222223878,1.45965898037,1.46292960644,0.00327062606812
1.77706253529,0.222222223878,1.45075809956,1.43650603294,0.0142520666122
1.80879580975,0.222222223878,1.44039642811,1.40572094917,0.0346754789352
1.84052908421,0.222222223878,1.42858433723,1.37100744247,0.0575768947601
1.87226235867,0.222222223878,1.41533374786,1.33281624317,0.0825175046921
1.90399563313,0.222222223878,1.40065813065,1.29160547256,0.109052658081
1.93572890759,0.222222223878,1.38457214832,1.24783015251,0.136741995811
1.96746218204,0.222222223878,1.36709201336,1.20193481445,0.165157198906
1.9991953373,0.222222223878,1.34823524952,1.15434706211,0.193888187408
2.03092861176,0.222222223878,1.3280210495,1.10547196865,0.222549080849
2.06266188622,0.222222223878,1.30646955967,1.05568981171,0.250779747963
2.09439516068,0.222222223878,1.28360259533,1.00535297394,0.278249621391
2.12612843513,0.222222223878,1.25944316387,0.954783320427,0.304659843445
2.15786170959,0.222222223878,1.23401546478,0.904272675514,0.329742789268
2.18959498405,0.222222223878,1.20734536648,0.854082405567,0.353262960911
2.22132825851,0.222222223878,1.17945957184,0.804444670677,0.375014901161
2.25306153297,0.222222223878,1.15038597584,0.755562841892,0.394823133945
2.28479480743,0.222222223878,1.12015426159,0.707614004612,0.412540256977
2.31652784348,0.222222223878,1.08879482746,0.660749316216,0.428045511246
2.34826135635,0.222222223878,1.05633842945,0.615096151829,0.441242277622
2.3799943924,0.222222223878,1.02281904221,0.570759654045,0.452059388161
2.41172790527,0.222222223878,0.988269209862,0.527821242809,0.460447967052
2.44346094131,0.222222223878,0.952724814415,0.486343353987,0.466381460428
2.47519421577,0.222222223878,0.916220843792,0.446366727352,0.46985411644
2.50692749023,0.222222223878,0.878794252872,0.407914549112,0.47087970376
2.53866076469,0.222222223878,0.840482831001,0.37099224329,0.469490587711
2.57039403915,0.222222223878,0.801325142384,0.335589438677,0.465735703707
2.60212731361,0.222222223878,0.76136058569,0.301682412624,0.459678173065
2.63386058807,0.222222223878,0.72062933445,0.269234448671,0.451394885778
2.66559386253,0.222222223878,0.679172515869,0.238199874759,0.440972626209
2.69732713699,0.222222223878,0.637031853199,0.208524122834,0.428507745266
2.72906041145,0.222222223878,0.594249725342,0.180147245526,0.414102494717
2.76079368591,0.222222223878,0.550869226456,0.153004109859,0.397865116596
2.79252696037,0.222222223878,0.506934046745,0.127026900649,0.379907131195
2.82426023483,0.222222223878,0.462488472462,0.102146662772,0.360341817141
2.85599327087,0.222222223878,0.417577505112,0.0782943218946,0.339283168316
2.88772678375,0.222222223878,0.372245371342,0.0554008036852,0.316844582558
2.91945981979,0.222222223878,0.326539158821,0.0334005579352,0.293138593435
2.95119309425,0.222222223878,0.28050377965,0.0122288689017,0.268274903297
2.98292636871,0.222222223878,0.234185948968,-0.00817530881613,0.242361262441
3.01465964317,0.222222223878,0.187632337213,-0.0278689824045,0.215501323342
3.04639291763,0.222222223878,0.140889793634,-0.0469067394733,0.187796533108
3.07812619209,0.222222223878,0.09400536865,-0.0653378739953,0.159343242645
3.10985946655,0.222222223878,0.0470262952149,-0.0832084789872,0.130234777927
3.14159274101,0.222222223878,-1.29575994379e-07,-0.100560605526,0.100560478866
0,0.232323229313,0,-0.0576720125973,0.0576720125973
0.0317332595587,0.232323229313,0.047091498971,-0.0398278944194,0.0869193971157
0.0634665191174,0.232323229313,0.0941355898976,-0.0217307060957,0.115866295993
0.095199778676,0.232323229313,0.141084879637,-0.00336331781,0.144448190928
0.126933038235,0.232323229313,0.187892124057,0.0152941560373,0.172597974539
0.158666297793,0.232323229313,0.234510153532,0.0342635810375,0.200246572495
0.190399557352,0.232323229313,0.280892074108,0.0535706430674,0.227321431041
0.222132816911,0.232323229313,0.326991140842,0.0732436999679,0.253747433424
0.253866076469,0.232323229313,0.372760951519,0.0933155342937,0.279445409775
0.285599350929,0.232323229313,0.418155491352,0.113822437823,0.30433306098
0.317332595587,0.232323229313,0.463128894567,0.134807214141,0.328321695328
0.349065840244,0.232323229313,0.507635951042,0.156316548586,0.351319402456
0.380799114704,0.232323229313,0.551631987095,0.178403168917,0.373228818178
0.412532389164,0.232323229313,0.595072507858,0.201125949621,0.393946558237
0.444265633821,0.232323229313,0.637913823128,0.224549219012,0.413364589214
0.475998878479,0.232323229313,0.680112838745,0.248743772507,0.431369066238
0.507732152939,0.232323229313,0.721626996994,0.273785859346,0.447841137648
0.539465427399,0.232323229313,0.762414574623,0.299756497145,0.462658077478
0.571198701859,0.232323229313,0.802434444427,0.326741337776,0.475693106651
0.602931916714,0.232323229313,0.841646373272,0.354829162359,0.486817210913
0.634665191174,0.232323229313,0.880010843277,0.384110629559,0.495900213718
0.666398465633,0.232323229313,0.917489111423,0.414676576853,0.502812504768
0.698131680489,0.232323229313,0.954043567181,0.446616083384,0.507427453995
0.729864954948,0.232323229313,0.989637434483,0.480014234781,0.509623169899
0.761598229408,0.232323229313,1.02423489094,0.514947354794,0.509287536144
0.793331503868,0.232323229313,1.05780088902,0.55148255825,0.506318330765
0.825064778328,0.232323229313,1.0903018713,0.589671194553,0.500630676746
0.856797993183,0.232323229313,1.12170493603,0.62954646349,0.492158472538
0.888531267643,0.232323229313,1.15197861195,0.671118378639,0.480860233307
0.920264542103,0.232323229313,1.18109226227,0.714366853237,0.466725409031
0.951997756958,0.232323229313,1.20901668072,0.759240686893,0.449775993824
0.983731031418,0.232323229313,1.2357237339,0.805648803711,0.430074930191
1.01546430588,0.232323229313,1.26118659973,0.853457808495,0.407728791237
1.04719758034,0.232323229313,1.28537940979,0.902487277985,0.382892131805
1.0789308548,0.232323229313,1.3082780838,0.952506184578,0.355771899223
1.11066412926,0.232323229313,1.32985949516,1.00323176384,0.326627731323
1.14239740372,0.232323229313,1.35010170937,1.05432891846,0.295772790909
1.17413055897,0.232323229313,1.36898434162,1.1054097414,0.26357460022
1.20586383343,0.232323229313,1.38648867607,1.15604043007,0.230448246002
1.23759710789,0.232323229313,1.40259706974,1.20574271679,0.196854352951
1.26933038235,0.232323229313,1.41729295254,1.25400221348,0.163290739059
1.30106365681,0.232323229313,1.43056190014,1.30027985573,0.130282044411
1.33279693127,0.232323229313,1.44239032269,1.34401977062,0.098370552063
1.36453020573,0.232323229313,1.45276629925,1.38466382027,0.068102478981
1.39626336098,0.232323229313,1.46167957783,1.42166602612,0.040013551712
1.42799663544,0.232323229313,1.46912109852,1.45450735092,0.0146137475967
1.4597299099,0.232323229313,1.47508323193,1.48271274567,0.00762951374054
1.49146318436,0.232323229313,1.4795601368,1.50586485863,0.0263047218323
1.52319645882,0.232323229313,1.48254728317,1.52362132072,0.0410740375519
1.55492973328,0.232323229313,1.48404157162,1.53572452068,0.0516829490662
1.58666300774,0.232323229313,1.48404157162,1.54201257229,0.0579710006714
1.6183962822,0.232323229313,1.48254728317,1.54242241383,0.0598751306534
1.65012955666,0.232323229313,1.4795601368,1.53699052334,0.0574303865433
1.68186283112,0.232323229313,1.47508323193,1.52584826946,0.0507650375366
1.71359610558,0.232323229313,1.46912109852,1.50921237469,0.0400912761688
1.74532938004,0.232323229313,1.46167957783,1.4873752594,0.025695681572
1.77706253529,0.232323229313,1.45276629925,1.46068918705,0.00792288780212
1.80879580975,0.232323229313,1.44239032269,1.42955315113,0.0128371715546
1.84052908421,0.232323229313,1.43056190014,1.39439809322,0.0361638069153
1.87226235867,0.232323229313,1.41729295254,1.35567498207,0.0616179704666
1.90399563313,0.232323229313,1.40259695053,1.31384181976,0.0887551307678
1.93572890759,0.232323229313,1.38648867607,1.26935529709,0.117133378983
1.96746218204,0.232323229313,1.36898434162,1.22266292572,0.146321415901
1.9991953373,0.232323229313,1.35010159016,1.17419672012,0.175904870033
2.03092861176,0.232323229313,1.32985937595,1.12436890602,0.205490469933
2.06266188622,0.232323229313,1.3082780838,1.07356715202,0.234710931778
2.09439516068,0.232323229313,1.28537940979,1.02215385437,0.26322555542
2.12612843513,0.232323229313,1.26118648052,0.970461368561,0.290725111961
2.15786170959,0.232323229313,1.2357237339,0.918793916702,0.3169298172
2.18959498405,0.232323229313,1.20901668072,0.867425620556,0.341591060162
2.22132825851,0.232323229313,1.18109214306,0.816600680351,0.364491462708
2.25306153297,0.232323229313,1.15197849274,0.766534984112,0.385443508625
2.28479480743,0.232323229313,1.12170481682,0.717417120934,0.404287695885
2.31652784348,0.232323229313,1.09030199051,0.669409811497,0.420892179012
2.34826135635,0.232323229313,1.05780076981,0.622648954391,0.435151815414
2.3799943924,0.232323229313,1.02423489094,0.577248752117,0.446986138821
2.41172790527,0.232323229313,0.989637255669,0.533297359943,0.456339895725
2.44346094131,0.232323229313,0.954043626785,0.490863293409,0.463180333376
2.47519421577,0.232323229313,0.917489111423,0.449991226196,0.467497885227
2.50692749023,0.232323229313,0.880010724068,0.410706788301,0.469303935766
2.53866076469,0.232323229313,0.841646254063,0.373016625643,0.46862962842
2.57039403915,0.232323229313,0.802434384823,0.336910277605,0.465524107218
2.60212731361,0.232323229313,0.762414515018,0.302362680435,0.460051834583
2.63386058807,0.232323229313,0.721626877785,0.269334614277,0.452292263508
2.66559386253,0.232323229313,0.680112659931,0.237776905298,0.442335754633
2.69732713699,0.232323229313,0.637913644314,0.207631528378,0.430282115936
2.72906041145,0.232323229313,0.595072329044,0.178833439946,0.416238903999
2.76079368591,0.232323229313,0.551631748676,0.151313215494,0.400318533182
2.79252696037,0.232323229313,0.507635772228,0.12499846518,0.382637321949
2.82426023483,0.232323229313,0.463128656149,0.0998153910041,0.363313257694
2.85599327087,0.232323229313,0.418155550957,0.0756905451417,0.342465013266
2.88772678375,0.232323229313,0.372760653496,0.0525503046811,0.320210337639
2.91945981979,0.232323229313,0.326991170645,0.0303255096078,0.296665668488
2.95119309425,0.232323229313,0.280892074108,0.00894744601101,0.271944642067
2.98292636871,0.232323229313,0.23451012373,-0.0116474954411,0.246157616377
3.01465964317,0.232323229313,0.187892079353,-0.0315200798213,0.2194121629
3.04639291763,0.232323229313,0.141084820032,-0.0507259704173,0.191810786724
3.07812619209,0.232323229313,0.0941355004907,-0.0693173334002,0.163452833891
3.10985946655,0.232323229313,0.0470913909376,-0.0873421728611,0.134433567524
3.14159274101,0.232323229313,-1.29755363787e-07,-0.104842811823,0.104842685163
0,0.242424249649,0,-0.0608153678477,0.0608153678477
0.0317332595587,0.242424249649,0.0471587963402,-0.042711596936,0.0898703932762
0.0634665191174,0.242424249649,0.0942701175809,-0.024354595691,0.118624716997
0.095199778676,0.242424249649,0.141286492348,-0.00572691019624,0.147013396025
0.126933038235,0.242424249649,0.18816062808,0.0131903719157,0.174970254302
0.158666297793,0.242424249649,0.234845280647,0.0324205420911,0.202424734831
0.190399557352,0.242424249649,0.281293481588,0.0519888736308,0.229304611683
0.222132816911,0.242424249649,0.327458441257,0.0719246715307,0.255533754826
0.253866076469,0.242424249649,0.373293668032,0.092260338366,0.281033337116
0.285599350929,0.242424249649,0.418753087521,0.113034270704,0.305718809366
0.317332595587,0.242424249649,0.463790744543,0.134289607406,0.329501152039
0.349065840244,0.242424249649,0.508361399174,0.156074181199,0.352287232876
0.380799114704,0.242424249649,0.552420318127,0.178442537785,0.373977780342
0.412532389164,0.242424249649,0.595922887325,0.201455190778,0.394467711449
0.444265633821,0.242424249649,0.638825416565,0.225178912282,0.413646519184
0.475998878479,0.242424249649,0.681084752083,0.249687448144,0.43139731884
0.507732152939,0.242424249649,0.722658276558,0.275058746338,0.44759953022
0.539465427399,0.242424249649,0.76350414753,0.301377803087,0.462126344442
0.571198701859,0.242424249649,0.803581237793,0.328733503819,0.474847733974
0.602931916714,0.242424249649,0.842849135399,0.357218801975,0.485630333424
0.634665191174,0.242424249649,0.881268441677,0.386927902699,0.494340538979
0.666398465633,0.242424249649,0.918800294399,0.41795539856,0.50084489584
0.698131680489,0.242424249649,0.955406963825,0.450394690037,0.505012273788
0.729864954948,0.242424249649,0.991051673889,0.484333842993,0.506717801094
0.761598229408,0.242424249649,1.02569854259,0.519853770733,0.505844771862
0.793331503868,0.242424249649,1.05931258202,0.557023704052,0.502288877964
0.825064778328,0.242424249649,1.09186005592,0.59589779377,0.495962262154
0.856797993183,0.242424249649,1.12330794334,0.636510193348,0.486797749996
0.888531267643,0.242424249649,1.15362489223,0.678870499134,0.474754393101
0.920264542103,0.242424249649,1.1827801466,0.72295820713,0.459821939468
0.951997756958,0.242424249649,1.21074450016,0.76871740818,0.44202709198
0.983731031418,0.242424249649,1.23748970032,0.816053211689,0.421436488628
1.01546430588,0.242424249649,1.26298892498,0.864824831486,0.398164093494
1.04719758034,0.242424249649,1.28721642494,0.914843022823,0.372373402119
1.0789308548,0.242424249649,1.3101477623,0.9658665061,0.344281256199
1.11066412926,0.242424249649,1.33175992966,1.0176012516,0.314158678055
1.14239740372,0.242424249649,1.35203111172,1.06969928741,0.282331824303
1.17413055897,0.242424249649,1.37094080448,1.12176179886,0.249179005623
1.20586383343,0.242424249649,1.38847017288,1.17334198952,0.215128183365
1.23759710789,0.242424249649,1.40460145473,1.22395098209,0.180650472641
1.26933038235,0.242424249649,1.41931843758,1.27306580544,0.146252632141
1.30106365681,0.242424249649,1.43260622025,1.32013916969,0.112467050552
1.33279693127,0.242424249649,1.44445168972,1.36461079121,0.0798408985138
1.36453020573,0.242424249649,1.45484244823,1.40591931343,0.0489231348038
1.39626336098,0.242424249649,1.46376848221,1.44351744652,0.0202510356903
1.42799663544,0.242424249649,1.47122061253,1.47688651085,0.00566589832306
1.4597299099,0.242424249649,1.47719120979,1.50555205345,0.0283608436584
1.49146318436,0.242424249649,1.48167455196,1.52909970284,0.0474251508713
1.52319645882,0.242424249649,1.48466587067,1.54718804359,0.0625221729279
1.55492973328,0.242424249649,1.48616230488,1.55956149101,0.0733991861343
1.58666300774,0.242424249649,1.48616230488,1.56605780125,0.0798954963684
1.6183962822,0.242424249649,1.48466587067,1.56661319733,0.0819473266602
1.65012955666,0.242424249649,1.48167455196,1.56126153469,0.0795869827271
1.68186283112,0.242424249649,1.47719120979,1.55013144016,0.0729402303696
1.71359610558,0.242424249649,1.47122061253,1.53343558311,0.0622149705887
1.74532938004,0.242424249649,1.46376848221,1.51146161556,0.0476931333542
1.77706253529,0.242424249649,1.45484244823,1.48455774784,0.0297152996063
1.80879580975,0.242424249649,1.44445168972,1.45311939716,0.00866770744324
1.84052908421,0.242424249649,1.43260622025,1.4175747633,0.0150314569473
1.87226235867,0.242424249649,1.41931843758,1.37837207317,0.0409463644028
1.90399563313,0.242424249649,1.40460133553,1.33596909046,0.0686322450638
1.93572890759,0.242424249649,1.38847017288,1.29082345963,0.0976467132568
1.96746218204,0.242424249649,1.37094080448,1.24338448048,0.127556324005
1.9991953373,0.242424249649,1.35203099251,1.19408810139,0.157942891121
2.03092861176,0.242424249649,1.33175981045,1.14335179329,0.188408017159
2.06266188622,0.242424249649,1.31014764309,1.09157109261,0.218576550484
2.09439516068,0.242424249649,1.28721642494,1.03911721706,0.248099207878
2.12612843513,0.242424249649,1.26298880577,0.986333072186,0.276655733585
2.15786170959,0.242424249649,1.23748970032,0.933534502983,0.303955197334
2.18959498405,0.242424249649,1.21074450016,0.881007969379,0.329736530781
2.22132825851,0.242424249649,1.18278002739,0.829010725021,0.353769302368
2.25306153297,0.242424249649,1.15362477303,0.77777159214,0.375853180885
2.28479480743,0.242424249649,1.12330782413,0.727490723133,0.395817101002
2.31652784348,0.242424249649,1.09186005592,0.678342044353,0.41351801157
2.34826135635,0.242424249649,1.05931246281,0.630471646786,0.428840816021
2.3799943924,0.242424249649,1.02569854259,0.58400285244,0.441695690155
2.41172790527,0.242424249649,0.991051495075,0.539031088352,0.452020406723
2.44346094131,0.242424249649,0.955407083035,0.495631545782,0.459775537252
2.47519421577,0.242424249649,0.918800294399,0.453852564096,0.464947730303
2.50692749023,0.242424249649,0.881268322468,0.413723349571,0.467544972897
2.53866076469,0.242424249649,0.842849075794,0.375252366066,0.467596709728
2.57039403915,0.242424249649,0.803581118584,0.338429182768,0.465151935816
2.60212731361,0.242424249649,0.763504087925,0.303227126598,0.460276961327
2.63386058807,0.242424249649,0.722658157349,0.269605338573,0.453052818775
2.66559386253,0.242424249649,0.681084632874,0.237511307001,0.443573325872
2.69732713699,0.242424249649,0.638825297356,0.206883177161,0.431942105293
2.72906041145,0.242424249649,0.595922708511,0.177651822567,0.418270885944
2.76079368591,0.242424249649,0.552420079708,0.149742931128,0.402677148581
2.79252696037,0.242424249649,0.508361279964,0.123079441488,0.385281831026
2.82426023483,0.242424249649,0.463790535927,0.0975827798247,0.366207748652
2.85599327087,0.242424249649,0.418753117323,0.0731750279665,0.345578074455
2.88772678375,0.242424249649,0.373293370008,0.0497783608735,0.323514997959
2.91945981979,0.242424249649,0.32745847106,0.0273191854358,0.300139278173
2.95119309425,0.242424249649,0.281293481588,0.00572564080358,0.275567829609
2.98292636871,0.242424249649,0.234845265746,-0.0150692304596,0.249914497137
3.01465964317,0.242424249649,0.188160583377,-0.035129006952,0.223289594054
3.04639291763,0.242424249649,0.141286447644,-0.0545121245086,0.195798575878
3.07812619209,0.242424249649,0.0942700281739,-0.0732725635171,0.167542591691
3.10985946655,0.242424249649,0.0471586883068,-0.0914592295885,0.138617917895
3.14159274101,0.242424249649,-1.2994080123e-07,-0.109117127955,0.109117001295
0,0.252525240183,0,-0.0639543756843,0.0639543756843
0.0317332595587,0.252525240183,0.0472282171249,-0.045579649508,0.0928078666329
0.0634665191174,0.252525240183,0.0944088920951,-0.026951931417,0.121360823512
0.095199778676,0.252525240183,0.141494482756,-0.00805320497602,0.149547681212
0.126933038235,0.252525240183,0.188437625766,0.0111357131973,0.1773019135
0.158666297793,0.252525240183,0.235191002488,0.0306380353868,0.204552963376
0.190399557352,0.252525240183,0.281707584858,0.0504792332649,0.231228351593
0.222132816911,0.252525240183,0.327940523624,0.0706890076399,0.257251501083
0.253866076469,0.252525240183,0.373843193054,0.0913012176752,0.28254199028
0.285599350929,0.252525240183,0.419369548559,0.112354271114,0.307015269995
0.317332595587,0.252525240183,0.464473485947,0.133891895413,0.330581605434
0.349065840244,0.252525240183,0.509109795094,0.155964493752,0.353145301342
0.380799114704,0.252525240183,0.5532335639,0.178627416492,0.374606132507
0.412532389164,0.252525240183,0.596800208092,0.201943397522,0.39485681057
0.444265633821,0.252525240183,0.63976585865,0.225980907679,0.413784950972
0.475998878479,0.252525240183,0.682087421417,0.250816345215,0.431271076202
0.507732152939,0.252525240183,0.723722100258,0.27653118968,0.447190910578
0.539465427399,0.252525240183,0.764628112316,0.303213089705,0.461415022612
0.571198701859,0.252525240183,0.804764151573,0.330954194069,0.473809957504
0.602931916714,0.252525240183,0.844089925289,0.359850883484,0.484239041805
0.634665191174,0.252525240183,0.882565796375,0.39000171423,0.492564082146
0.666398465633,0.252525240183,0.920152902603,0.421504914761,0.498647987843
0.698131680489,0.252525240183,0.956813454628,0.454457134008,0.502356290817
0.729864954948,0.252525240183,0.992510616779,0.488950371742,0.503560245037
0.761598229408,0.252525240183,1.02720856667,0.525068640709,0.502139925957
0.793331503868,0.252525240183,1.06087207794,0.562883675098,0.497988402843
0.825064778328,0.252525240183,1.09346735477,0.602451086044,0.49101626873
0.856797993183,0.252525240183,1.12496161461,0.643805623055,0.481155991554
0.888531267643,0.252525240183,1.15532314777,0.686956465244,0.468366682529
0.920264542103,0.252525240183,1.18452131748,0.731880486012,0.45264083147
0.951997756958,0.252525240183,1.21252679825,0.778518915176,0.434007883072
0.983731031418,0.252525240183,1.23931145668,0.826769888401,0.412541568279
1.01546430588,0.252525240183,1.26484823227,0.876486182213,0.388362050056
1.04719758034,0.252525240183,1.2891112566,0.927468299866,0.361642956734
1.0789308548,0.252525240183,1.31207644939,0.97946536541,0.332611083984
1.11066412926,0.252525240183,1.33372044563,1.03217148781,0.301548957825
1.14239740372,0.252525240183,1.35402143002,1.08522677422,0.2687946558
1.17413055897,0.252525240183,1.37295901775,1.13822031021,0.234738707542
1.20586383343,0.252525240183,1.39051413536,1.19069457054,0.199819564819
1.23759710789,0.252525240183,1.40666925907,1.24215090275,0.164518356323
1.26933038235,0.252525240183,1.42140781879,1.29205882549,0.129348993301
1.30106365681,0.252525240183,1.434715271,1.33986508846,0.0948501825333
1.33279693127,0.252525240183,1.44657802582,1.38500535488,0.0615726709366
1.36453020573,0.252525240183,1.45698416233,1.42691779137,0.0300663709641
1.39626336098,0.252525240183,1.46592330933,1.46505439281,0.000868916511536
1.42799663544,0.252525240183,1.4733864069,1.49889934063,0.0255129337311
1.4597299099,0.252525240183,1.47936582565,1.52798080444,0.0486149787903
1.49146318436,0.252525240183,1.48385572433,1.55188775063,0.0680320262909
1.52319645882,0.252525240183,1.48685157299,1.57028114796,0.0834295749664
1.55492973328,0.252525240183,1.48835015297,1.58290791512,0.094557762146
1.58666300774,0.252525240183,1.48835015297,1.58960604668,0.101255893707
1.6183962822,0.252525240183,1.48685157299,1.59031116962,0.103459596634
1.65012955666,0.252525240183,1.48385572433,1.58505487442,0.101199150085
1.68186283112,0.252525240183,1.47936582565,1.57396030426,0.0945944786072
1.71359610558,0.252525240183,1.4733864069,1.55723643303,0.0838500261307
1.74532938004,0.252525240183,1.46592330933,1.53516483307,0.0692415237427
1.77706253529,0.252525240183,1.45698416233,1.50808787346,0.0511037111282
1.80879580975,0.252525240183,1.44657802582,1.47639596462,0.0298179388046
1.84052908421,0.252525240183,1.434715271,1.44051265717,0.00579738616943
1.87226235867,0.252525240183,1.42140781879,1.40088379383,0.0205240249634
1.90399563313,0.252525240183,1.40666913986,1.35796511173,0.0487040281296
1.93572890759,0.252525240183,1.39051413536,1.31221342087,0.0783007144928
1.96746218204,0.252525240183,1.37295901775,1.26407980919,0.108879208565
1.9991953373,0.252525240183,1.35402131081,1.21400284767,0.140018463135
2.03092861176,0.252525240183,1.33372032642,1.1624045372,0.171315789223
2.06266188622,0.252525240183,1.31207633018,1.10968756676,0.202388763428
2.09439516068,0.252525240183,1.2891112566,1.05623042583,0.232880830765
2.12612843513,0.252525240183,1.26484811306,1.00238788128,0.262460231781
2.15786170959,0.252525240183,1.23931133747,0.948485970497,0.290825366974
2.18959498405,0.252525240183,1.21252679825,0.894824147224,0.317702651024
2.22132825851,0.252525240183,1.18452131748,0.841671943665,0.342849373817
2.25306153297,0.252525240183,1.15532302856,0.78927141428,0.366051614285
2.28479480743,0.252525240183,1.1249614954,0.737835228443,0.387126266956
2.31652784348,0.252525240183,1.09346747398,0.687548935413,0.40591853857
2.34826135635,0.252525240183,1.06087183952,0.638568818569,0.422303020954
2.3799943924,0.252525240183,1.02720856667,0.591027855873,0.436180710793
2.41172790527,0.252525240183,0.99251049757,0.545029699802,0.447480797768
2.44346094131,0.252525240183,0.956813514233,0.500655472279,0.456158041954
2.47519421577,0.252525240183,0.920152902603,0.457959145308,0.462193757296
2.50692749023,0.252525240183,0.882565677166,0.416973501444,0.465592175722
2.53866076469,0.252525240183,0.84408980608,0.377708643675,0.466381162405
2.57039403915,0.252525240183,0.804764091969,0.340154677629,0.464609414339
2.60212731361,0.252525240183,0.764628052711,0.304284483194,0.460343569517
2.63386058807,0.252525240183,0.723721981049,0.270055145025,0.453666836023
2.66559386253,0.252525240183,0.682087242603,0.237411528826,0.444675713778
2.69732713699,0.252525240183,0.639765739441,0.206287547946,0.433478176594
2.72906041145,0.252525240183,0.596800029278,0.176610007882,0.420190036297
2.76079368591,0.252525240183,0.553233325481,0.148300260305,0.404933065176
2.79252696037,0.252525240183,0.50910961628,0.121276289225,0.387833327055
2.82426023483,0.252525240183,0.46447327733,0.0954549834132,0.369018286467
2.85599327087,0.252525240183,0.419369578362,0.0707534477115,0.348616123199
2.88772678375,0.252525240183,0.373842895031,0.0470900684595,0.326752841473
2.91945981979,0.252525240183,0.327940523624,0.0243867449462,0.303553789854
2.95119309425,0.252525240183,0.281707584858,0.00256823468953,0.279139339924
2.98292636871,0.252525240183,0.235190987587,-0.0184362456203,0.253627240658
3.01465964317,0.252525240183,0.188437581062,-0.0386924371123,0.227130025625
3.04639291763,0.252525240183,0.141494438052,-0.0582615844905,0.199756026268
3.07812619209,0.252525240183,0.0944088026881,-0.0771997645497,0.171608567238
3.10985946655,0.252525240183,0.0472281128168,-0.0955577343702,0.142785847187
3.14159274101,0.252525240183,-1.30132079335e-07,-0.11338147521,0.11338134855
0,0.262626260519,0,-0.0670900866389,0.0670900866389
0.0317332595587,0.262626260519,0.0472997091711,-0.0484336651862,0.0957333743572
0.0634665191174,0.262626260519,0.0945517942309,-0.02952356264,0.124075353146
0.095199778676,0.262626260519,0.141708672047,-0.0103424722329,0.152051150799
0.126933038235,0.262626260519,0.188722863793,0.00912982597947,0.179593041539
0.158666297793,0.262626260519,0.23554700613,0.028915669769,0.206631332636
0.190399557352,0.262626260519,0.282133996487,0.0490417852998,0.233092218637
0.222132816911,0.262626260519,0.328436911106,0.0695380344987,0.258898884058
0.253866076469,0.262626260519,0.374409079552,0.090438619256,0.283970475197
0.285599350929,0.262626260519,0.420004338026,0.111783124506,0.30822122097
0.317332595587,0.262626260519,0.465176552534,0.133616372943,0.331560194492
0.349065840244,0.262626260519,0.509880423546,0.155989736319,0.353890687227
0.380799114704,0.262626260519,0.554070949554,0.178960159421,0.375110805035
0.412532389164,0.262626260519,0.597703576088,0.202592581511,0.395110994577
0.444265633821,0.262626260519,0.640734255314,0.226957798004,0.41377645731
0.475998878479,0.262626260519,0.683119893074,0.252134382725,0.430985510349
0.507732152939,0.262626260519,0.724817633629,0.278206795454,0.446610838175
0.539465427399,0.262626260519,0.765785515308,0.305265843868,0.46051967144
0.571198701859,0.262626260519,0.805982351303,0.333407104015,0.472575247288
0.602931916714,0.262626260519,0.845367610455,0.362730234861,0.482637375593
0.634665191174,0.262626260519,0.883901715279,0.393337488174,0.490564227104
0.666398465633,0.262626260519,0.921545684338,0.425330758095,0.496214926243
0.698131680489,0.262626260519,0.958261728287,0.458810091019,0.499451637268
0.729864954948,0.262626260519,0.994013011456,0.493870764971,0.500142216682
0.761598229408,0.262626260519,1.02876341343,0.530599355698,0.498164057732
0.793331503868,0.262626260519,1.06247782707,0.569069325924,0.493408501148
0.825064778328,0.262626260519,1.09512257576,0.609337806702,0.485784769058
0.856797993183,0.262626260519,1.12666451931,0.651439964771,0.475224554539
0.888531267643,0.262626260519,1.15707194805,0.695382833481,0.461689114571
0.920264542103,0.262626260519,1.18631434441,0.741140961647,0.445173382759
0.951997756958,0.262626260519,1.21436226368,0.788650333881,0.425711929798
0.983731031418,0.262626260519,1.24118733406,0.837803065777,0.403384268284
1.01546430588,0.262626260519,1.26676273346,0.888444066048,0.378318667412
1.04719758034,0.262626260519,1.29106259346,0.940364480019,0.350698113441
1.0789308548,0.262626260519,1.31406259537,0.993301868439,0.320760726929
1.11066412926,0.262626260519,1.33573925495,1.04693925381,0.288800001144
1.14239740372,0.262626260519,1.35607099533,1.1009054184,0.255165576935
1.17413055897,0.262626260519,1.3750371933,1.1547781229,0.220259070396
1.20586383343,0.262626260519,1.39261889458,1.20808947086,0.184529423714
1.23759710789,0.262626260519,1.40879845619,1.26033246517,0.14846599102
1.26933038235,0.262626260519,1.42355942726,1.3109703064,0.112589120865
1.30106365681,0.262626260519,1.43688690662,1.35944509506,0.0774418115616
1.33279693127,0.262626260519,1.44876766205,1.40519058704,0.0435770750046
1.36453020573,0.262626260519,1.4591896534,1.44764459133,0.0115450620651
1.39626336098,0.262626260519,1.46814227104,1.48626255989,0.0181202888489
1.42799663544,0.262626260519,1.47561657429,1.52053117752,0.0449146032333
1.4597299099,0.262626260519,1.48160505295,1.54998338223,0.068378329277
1.49146318436,0.262626260519,1.48610186577,1.57421207428,0.0881102085114
1.52319645882,0.262626260519,1.48910212517,1.59288346767,0.103781342506
1.55492973328,0.262626260519,1.49060308933,1.60574567318,0.115142583847
1.58666300774,0.262626260519,1.49060308933,1.61263859272,0.122035503387
1.6183962822,0.262626260519,1.48910212517,1.6134968996,0.124394774437
1.65012955666,0.262626260519,1.48610186577,1.60834860802,0.122246742249
1.68186283112,0.262626260519,1.48160505295,1.59731280804,0.115707755089
1.71359610558,0.262626260519,1.47561657429,1.58059227467,0.104975700378
1.74532938004,0.262626260519,1.46814227104,1.55846118927,0.0903189182281
1.77706253529,0.262626260519,1.4591896534,1.53125536442,0.0720657110214
1.80879580975,0.262626260519,1.44876766205,1.49935853481,0.0505908727646
1.84052908421,0.262626260519,1.43688690662,1.46318876743,0.0263018608093
1.87226235867,0.262626260519,1.42355942726,1.42318725586,0.000372171401978
1.90399563313,0.262626260519,1.40879833698,1.37980663776,0.0289916992188
1.93572890759,0.262626260519,1.39261889458,1.33350336552,0.0591155290604
1.96746218204,0.262626260519,1.3750371933,1.2847276926,0.0903095006943
1.9991953373,0.262626260519,1.35607087612,1.23392117023,0.122149705887
2.03092861176,0.262626260519,1.33573925495,1.18150901794,0.154230237007
2.06266188622,0.262626260519,1.31406247616,1.12789988518,0.186162590981
2.09439516068,0.262626260519,1.29106259346,1.07348048687,0.21758210659
2.12612843513,0.262626260519,1.26676273346,1.01861441135,0.248148322105
2.15786170959,0.262626260519,1.24118733406,0.963639438152,0.277547895908
2.18959498405,0.262626260519,1.21436226368,0.908866941929,0.305495321751
2.22132825851,0.262626260519,1.1863142252,0.854579687119,0.331734538078
2.25306153297,0.262626260519,1.15707182884,0.801032721996,0.356039106846
2.28479480743,0.262626260519,1.12666428089,0.748450815678,0.378213465214
2.31652784348,0.262626260519,1.09512257576,0.697032094002,0.398090481758
2.34826135635,0.262626260519,1.06247770786,0.646943867207,0.415533840656
2.3799943924,0.262626260519,1.02876341343,0.598328828812,0.430434584618
2.41172790527,0.262626260519,0.994012832642,0.551299035549,0.442713797092
2.44346094131,0.262626260519,0.958261847496,0.505942344666,0.452319502831
2.47519421577,0.262626260519,0.921545684338,0.462319195271,0.459226489067
2.50692749023,0.262626260519,0.883901596069,0.420465350151,0.463436245918
2.53866076469,0.262626260519,0.845367491245,0.380394220352,0.464973270893
2.57039403915,0.262626260519,0.805982232094,0.342096328735,0.463885903358
2.60212731361,0.262626260519,0.765785455704,0.305544376373,0.46024107933
2.63386058807,0.262626260519,0.724817454815,0.27069362998,0.454123824835
2.66559386253,0.262626260519,0.68311971426,0.237486362457,0.445633351803
2.69732713699,0.262626260519,0.640734136105,0.205852895975,0.434881240129
2.72906041145,0.262626260519,0.597703397274,0.17571644485,0.421986937523
2.76079368591,0.262626260519,0.554070711136,0.146992921829,0.407077789307
2.79252696037,0.262626260519,0.509880244732,0.119596190751,0.390284061432
2.82426023483,0.262626260519,0.465176343918,0.0934385806322,0.371737778187
2.85599327087,0.262626260519,0.420004367828,0.0684322267771,0.351572155952
2.88772678375,0.262626260519,0.374408781528,0.0444911420345,0.329917639494
2.91945981979,0.262626260519,0.328436940908,0.0215334706008,0.306903481483
2.95119309425,0.262626260519,0.282133996487,-0.000520477071404,0.282654464245
2.98292636871,0.262626260519,0.235546991229,-0.0217442549765,0.257291257381
3.01465964317,0.262626260519,0.18872281909,-0.04220681265,0.230929628015
3.04639291763,0.262626260519,0.141708612442,-0.0619715489447,0.203680157661
3.07812619209,0.262626260519,0.0945517122746,-0.081096932292,0.175648644567
3.10985946655,0.262626260519,0.0472996011376,-0.0996353328228,0.14693492651
3.14159274101,0.262626260519,-1.30329070203e-07,-0.117633894086,0.117633767426
0,0.272727280855,0,-0.0702232345939,0.0702232345939
0.0317332595587,0.272727280855,0.0473732016981,-0.0512735061347,0.0986467078328
0.0634665191174,0.272727280855,0.0946987122297,-0.0320696495473,0.126768365502
0.095199778676,0.272727280855,0.141928851604,-0.0125943729654,0.154523223639
0.126933038235,0.272727280855,0.189016088843,0.00717248162255,0.181843608618
0.158666297793,0.272727280855,0.23591299355,0.0272542573512,0.208658739924
0.190399557352,0.272727280855,0.282572358847,0.0476773679256,0.234894990921
0.222132816911,0.272727280855,0.328947216272,0.0684721916914,0.260475039482
0.253866076469,0.272727280855,0.374990820885,0.0896737426519,0.285317063332
0.285599350929,0.272727280855,0.420656919479,0.111322335899,0.30933457613
0.317332595587,0.272727280855,0.465899348259,0.133464217186,0.332435131073
0.349065840244,0.272727280855,0.510672688484,0.156151309609,0.354521393776
0.380799114704,0.272727280855,0.554931879044,0.179442852736,0.375489026308
0.412532389164,0.272727280855,0.598632276058,0.203405469656,0.395226806402
0.444265633821,0.272727280855,0.641729831696,0.228112399578,0.413617432117
0.475998878479,0.272727280855,0.684181272984,0.253644496202,0.430536776781
0.507732152939,0.272727280855,0.725943803787,0.280089050531,0.445854753256
0.539465427399,0.272727280855,0.766975402832,0.307540386915,0.459435015917
0.571198701859,0.272727280855,0.80723464489,0.336096704006,0.471137940884
0.602931916714,0.272727280855,0.846681118011,0.365861862898,0.480819255114
0.634665191174,0.272727280855,0.885275065899,0.396940559149,0.48833450675
0.666398465633,0.272727280855,0.922977566719,0.429438859224,0.493538707495
0.698131680489,0.272727280855,0.959750652313,0.463459968567,0.496290683746
0.729864954948,0.272727280855,0.995557487011,0.499101281166,0.496456205845
0.761598229408,0.272727280855,1.03036189079,0.536452054977,0.493909835815
0.793331503868,0.272727280855,1.06412875652,0.575587332249,0.488541424274
0.825064778328,0.272727280855,1.09682404995,0.61656498909,0.48025906086
0.856797993183,0.272727280855,1.12841510773,0.659418940544,0.468996167183
0.888531267643,0.272727280855,1.15886974335,0.704154729843,0.454715013504
0.920264542103,0.272727280855,1.18815755844,0.750743150711,0.43741440773
0.951997756958,0.272727280855,1.21624910831,0.799114704132,0.417134404182
0.983731031418,0.272727280855,1.24311590195,0.849154770374,0.393961131573
1.01546430588,0.272727280855,1.26873099804,0.90069937706,0.368031620979
1.04719758034,0.272727280855,1.29306864738,0.953529655933,0.339538991451
1.0789308548,0.272727280855,1.31610429287,1.00737273693,0.308731555939
1.11066412926,0.272727280855,1.33781468868,1.06190037727,0.275914311409
1.14239740372,0.272727280855,1.35817801952,1.11672949791,0.241448521614
1.17413055897,0.272727280855,1.37717366219,1.1714271307,0.205746531487
1.20586383343,0.272727280855,1.3947827816,1.22551739216,0.169265389442
1.23759710789,0.272727280855,1.41098737717,1.27848529816,0.13250207901
1.26933038235,0.272727280855,1.42577123642,1.3297880888,0.0959831476212
1.30106365681,0.272727280855,1.43911957741,1.37886619568,0.0602533817291
1.33279693127,0.272727280855,1.45101881027,1.42515230179,0.0258665084839
1.36453020573,0.272727280855,1.46145689487,1.4680866003,0.00662970542908
1.39626336098,0.272727280855,1.4704233408,1.50712740421,0.0367040634155
1.42799663544,0.272727280855,1.47790944576,1.54176700115,0.0638575553894
1.4597299099,0.272727280855,1.48390722275,1.57154417038,0.0876369476318
1.49146318436,0.272727280855,1.48841094971,1.59605765343,0.10764670372
1.52319645882,0.272727280855,1.49141585827,1.61497795582,0.123562097549
1.55492973328,0.272727280855,1.49291908741,1.62805736065,0.135138273239
1.58666300774,0.272727280855,1.49291908741,1.63513708115,0.142217993736
1.6183962822,0.272727280855,1.49141585827,1.63615047932,0.144734621048
1.65012955666,0.272727280855,1.48841094971,1.63112294674,0.142711997032
1.68186283112,0.272727280855,1.48390722275,1.62016773224,0.136260509491
1.71359610558,0.272727280855,1.47790944576,1.60348033905,0.125570893288
1.74532938004,0.272727280855,1.4704233408,1.58132719994,0.110903859138
1.77706253529,0.272727280855,1.46145689487,1.55403625965,0.0925793647766
1.80879580975,0.272727280855,1.45101881027,1.52198255062,0.0709637403488
1.84052908421,0.272727280855,1.43911957741,1.48557806015,0.0464584827423
1.87226235867,0.272727280855,1.42577123642,1.44525802135,0.019486784935
1.90399563313,0.272727280855,1.41098737717,1.40147078037,0.00951659679413
1.93572890759,0.272727280855,1.3947827816,1.35467028618,0.0401124954224
1.96746218204,0.272727280855,1.37717366219,1.30530667305,0.0718669891357
1.9991953373,0.272727280855,1.35817790031,1.25382232666,0.104355573654
2.03092861176,0.272727280855,1.33781468868,1.20064616203,0.137168526649
2.06266188622,0.272727280855,1.31610417366,1.14619123936,0.169912934303
2.09439516068,0.272727280855,1.29306864738,1.09085178375,0.202216863632
2.12612843513,0.272727280855,1.26873099804,1.03499996662,0.233731031418
2.15786170959,0.272727280855,1.24311578274,0.978984713554,0.264131069183
2.18959498405,0.272727280855,1.21624910831,0.923129081726,0.293120026588
2.22132825851,0.272727280855,1.18815755844,0.867728948593,0.320428609848
2.25306153297,0.272727280855,1.15886962414,0.813052117825,0.345817506313
2.28479480743,0.272727280855,1.12841486931,0.759336531162,0.369078338146
2.31652784348,0.272727280855,1.09682416916,0.706792652607,0.390031516552
2.34826135635,0.272727280855,1.0641285181,0.655599653721,0.408528864384
2.3799943924,0.272727280855,1.03036189079,0.605909883976,0.424452006817
2.41172790527,0.272727280855,0.995557308197,0.557844817638,0.437712490559
2.44346094131,0.272727280855,0.959750771523,0.511499583721,0.448251187801
2.47519421577,0.272727280855,0.922977566719,0.466940432787,0.456037133932
2.50692749023,0.272727280855,0.885275006294,0.424208074808,0.461066931486
2.53866076469,0.272727280855,0.846680998802,0.383318126202,0.463362872601
2.57039403915,0.272727280855,0.807234585285,0.344263374805,0.46297121048
2.60212731361,0.272727280855,0.766975283623,0.307015746832,0.459959536791
2.63386058807,0.272727280855,0.725943684578,0.27152967453,0.454414010048
2.66559386253,0.272727280855,0.684181153774,0.237744703889,0.446436464787
2.69732713699,0.272727280855,0.641729712486,0.205588266253,0.436141431332
2.72906041145,0.272727280855,0.598632097244,0.174978539348,0.423653542995
2.76079368591,0.272727280855,0.554931640625,0.145828649402,0.409102976322
2.79252696037,0.272727280855,0.51067250967,0.118046790361,0.392625719309
2.82426023483,0.272727280855,0.46589910984,0.0915406048298,0.374358505011
2.85599327087,0.272727280855,0.420656979084,0.0662176534534,0.35443931818
2.88772678375,0.272727280855,0.374990522861,0.0419876202941,0.333002895117
2.91945981979,0.272727280855,0.328947246075,0.0187641903758,0.310183048248
2.95119309425,0.272727280855,0.282572358847,-0.00353552680463,0.286107897758
2.98292636871,0.272727280855,0.235912978649,-0.0249889679253,0.26090195775
3.01465964317,0.272727280855,0.18901604414,-0.0456678085029,0.234683856368
3.04639291763,0.272727280855,0.141928792,-0.0656380876899,0.20756688714
3.07812619209,0.272727280855,0.0946986228228,-0.0849603712559,0.179658994079
3.10985946655,0.272727280855,0.0473730936646,-0.103688709438,0.151061803102
3.14159274101,0.272727280855,-1.30531560671e-07,-0.121871575713,0.121871441603
0,0.282828271389,0,-0.0733549073339,0.0733549073339
0.0317332595587,0.282828271389,0.0474486276507,-0.0541003756225,0.101548999548
0.0634665191174,0.282828271389,0.0948494896293,-0.0345908664167,0.129440352321
0.095199778676,0.282828271389,0.142154827714,-0.014809624292,0.156964451075
0.126933038235,0.282828271389,0.189317032695,0.00526420399547,0.184052824974
0.158666297793,0.282828271389,0.236288607121,0.0256540607661,0.210634544492
0.190399557352,0.282828271389,0.283022284508,0.0463862493634,0.236636042595
0.222132816911,0.282828271389,0.329470962286,0.0674925148487,0.261978447437
0.253866076469,0.282828271389,0.375587880611,0.0890077725053,0.286580115557
0.285599350929,0.282828271389,0.42132666707,0.110973671079,0.310352981091
0.317332595587,0.282828271389,0.466641128063,0.133436799049,0.333204329014
0.349065840244,0.282828271389,0.511485755444,0.156451389194,0.355034351349
0.380799114704,0.282828271389,0.555815398693,0.180077940226,0.375737458467
0.412532389164,0.282828271389,0.599585354328,0.204384952784,0.395200401545
0.444265633821,0.282828271389,0.642751574516,0.229447752237,0.413303822279
0.475998878479,0.282828271389,0.685270607471,0.255350321531,0.42992028594
0.507732152939,0.282828271389,0.727099657059,0.282182395458,0.4449172616
0.539465427399,0.282828271389,0.76819652319,0.310040861368,0.458155661821
0.571198701859,0.282828271389,0.808519899845,0.339027881622,0.469492018223
0.602931916714,0.282828271389,0.848029196262,0.36925047636,0.478778719902
0.634665191174,0.282828271389,0.886684596539,0.400816261768,0.48586833477
0.666398465633,0.282828271389,0.924447119236,0.433835029602,0.490612089634
0.698131680489,0.282828271389,0.961278736591,0.468411922455,0.492866814137
0.729864954948,0.282828271389,0.997142553329,0.50464785099,0.492494702339
0.761598229408,0.282828271389,1.03200244904,0.542633116245,0.48936933279
0.793331503868,0.282828271389,1.06582295895,0.58244407177,0.483378887177
0.825064778328,0.282828271389,1.09857046604,0.62413829565,0.474432170391
0.856797993183,0.282828271389,1.13021171093,0.667748510838,0.462463200092
0.888531267643,0.282828271389,1.16071486473,0.71327739954,0.447437465191
0.920264542103,0.282828271389,1.19004940987,0.760691523552,0.429357886314
0.951997756958,0.282828271389,1.21818554401,0.809915184975,0.408270359039
0.983731031418,0.282828271389,1.24509513378,0.860826551914,0.384268581867
1.01546430588,0.282828271389,1.27075111866,0.913251876831,0.357499241829
1.04719758034,0.282828271389,1.29512739182,0.966962575912,0.328164815903
1.0789308548,0.282828271389,1.31819975376,1.02167463303,0.296525120735
1.11066412926,0.282828271389,1.33994472027,1.07704842091,0.262896299362
1.14239740372,0.282828271389,1.36034047604,1.13269066811,0.22764980793
1.17413055897,0.282828271389,1.37936639786,1.18815851212,0.191207885742
1.20586383343,0.282828271389,1.39700341225,1.24296748638,0.154035925865
1.23759710789,0.282828271389,1.41323399544,1.29659676552,0.116637229919
1.26933038235,0.282828271389,1.42804133892,1.34849977493,0.0795415639877
1.30106365681,0.282828271389,1.44141089916,1.39811515808,0.0432957410812
1.33279693127,0.282828271389,1.4533290863,1.44487726688,0.00845181941986
1.36453020573,0.282828271389,1.463783741,1.48822903633,0.0244452953339
1.39626336098,0.282828271389,1.47276449203,1.52763473988,0.0548702478409
1.42799663544,0.282828271389,1.48026251793,1.56259298325,0.0823304653168
1.4597299099,0.282828271389,1.48626983166,1.59264934063,0.106379508972
1.49146318436,0.282828271389,1.49078071117,1.61740934849,0.126628637314
1.52319645882,0.282828271389,1.49379050732,1.63654971123,0.142759203911
1.55492973328,0.282828271389,1.49529612064,1.64982712269,0.154531002045
1.58666300774,0.282828271389,1.49529612064,1.65708458424,0.161788463593
1.6183962822,0.282828271389,1.49379050732,1.65825414658,0.164463639259
1.65012955666,0.282828271389,1.49078071117,1.65335798264,0.162577271461
1.68186283112,0.282828271389,1.48626983166,1.6425037384,0.156233906746
1.71359610558,0.282828271389,1.48026251793,1.62587845325,0.145615935326
1.74532938004,0.282828271389,1.47276449203,1.60373997688,0.130975484848
1.77706253529,0.282828271389,1.463783741,1.57640659809,0.112622857094
1.80879580975,0.282828271389,1.4533290863,1.5442442894,0.0909152030945
1.84052908421,0.282828271389,1.44141089916,1.50765621662,0.0662453174591
1.87226235867,0.282828271389,1.42804133892,1.46707105637,0.0390297174454
1.90399563313,0.282828271389,1.41323387623,1.42293226719,0.00969839096069
1.93572890759,0.282828271389,1.39700341225,1.37569022179,0.0213131904602
1.96746218204,0.282828271389,1.37936639786,1.32579338551,0.053573012352
1.9991953373,0.282828271389,1.36034035683,1.27368485928,0.086655497551
2.03092861176,0.282828271389,1.33994472027,1.21979570389,0.12014901638
2.06266188622,0.282828271389,1.31819963455,1.16454339027,0.153656244278
2.09439516068,0.282828271389,1.29512739182,1.10832798481,0.186799407005
2.12612843513,0.282828271389,1.27075099945,1.0515307188,0.219220280647
2.15786170959,0.282828271389,1.24509513378,0.994510173798,0.250584959984
2.18959498405,0.282828271389,1.21818554401,0.937601149082,0.280584394932
2.22132825851,0.282828271389,1.19004929066,0.88111269474,0.308936595917
2.25306153297,0.282828271389,1.16071474552,0.825325250626,0.335389494896
2.28479480743,0.282828271389,1.13021147251,0.770490467548,0.359721004963
2.31652784348,0.282828271389,1.09857046604,0.716831445694,0.381739020348
2.34826135635,0.282828271389,1.06582283974,0.664538264275,0.401284575462
2.3799943924,0.282828271389,1.03200244904,0.613775253296,0.41822719574
2.41172790527,0.282828271389,0.997142374516,0.564672410488,0.432469964027
2.44346094131,0.282828271389,0.961278855801,0.517333328724,0.443945527077
2.47519421577,0.282828271389,0.924447119236,0.47183033824,0.452616780996
2.50692749023,0.282828271389,0.886684477329,0.428209513426,0.458474963903
2.53866076469,0.282828271389,0.848029077053,0.386489629745,0.461539447308
2.57039403915,0.282828271389,0.80851984024,0.346664786339,0.461855053902
2.60212731361,0.282828271389,0.768196463585,0.308708310127,0.459488153458
2.63386058807,0.282828271389,0.727099478245,0.272572785616,0.454526692629
2.66559386253,0.282828271389,0.685270488262,0.238196060061,0.4470744133
2.69732713699,0.282828271389,0.642751395702,0.205501928926,0.437249481678
2.72906041145,0.282828271389,0.599585175514,0.174405768514,0.425179421902
2.76079368591,0.282828271389,0.555815160275,0.144815608859,0.410999536514
2.79252696037,0.282828271389,0.51148557663,0.116635531187,0.394850045443
2.82426023483,0.282828271389,0.466640919447,0.0897679179907,0.376873016357
2.85599327087,0.282828271389,0.421326726675,0.0641164258122,0.357210308313
2.88772678375,0.282828271389,0.375587582588,0.0395855158567,0.33600205183
2.91945981979,0.282828271389,0.329470992088,0.0160852055997,0.313385784626
2.95119309425,0.282828271389,0.283022284508,-0.00647164601833,0.289493918419
2.98292636871,0.282828271389,0.236288592219,-0.0281652957201,0.264453887939
3.01465964317,0.282828271389,0.189316987991,-0.0490711480379,0.238388136029
3.04639291763,0.282828271389,0.142154768109,-0.0692574754357,0.211412250996
3.07812619209,0.282828271389,0.0948494002223,-0.088786765933,0.183636158705
3.10985946655,0.282828271389,0.0474485196173,-0.107715196908,0.15516372025
3.14159274101,0.282828271389,-1.30739394422e-07,-0.126092046499,0.126091912389
0,0.292929291725,0,-0.0764855667949,0.0764855667949
0.0317332595587,0.292929291725,0.0475259386003,-0.0569142587483,0.104440197349
0.0634665191174,0.292929291725,0.0950040370226,-0.0370876528323,0.13209168613
0.095199778676,0.292929291725,0.142386451364,-0.0169877931476,0.159374237061
0.126933038235,0.292929291725,0.189625516534,0.00340516678989,0.186220347881
0.158666297793,0.292929291725,0.236673623323,0.024115504697,0.212558120489
0.190399557352,0.292929291725,0.283483445644,0.0451698116958,0.238313630223
0.222132816911,0.292929291725,0.330007821321,0.066599868238,0.263407945633
0.253866076469,0.292929291725,0.376199871302,0.0884423106909,0.287757575512
0.285599350929,0.292929291725,0.422013193369,0.110738322139,0.311274886131
0.317332595587,0.292929291725,0.467401474714,0.133536607027,0.333864867687
0.349065840244,0.292929291725,0.512319147587,0.156892448664,0.355426698923
0.380799114704,0.292929291725,0.556721031666,0.180867984891,0.375853061676
0.412532389164,0.292929291725,0.600562334061,0.205533519387,0.395028829575
0.444265633821,0.292929291725,0.64379888773,0.230967268348,0.412831604481
0.475998878479,0.292929291725,0.686387181282,0.257254779339,0.429132401943
0.507732152939,0.292929291725,0.728284358978,0.284489780664,0.443794578314
0.539465427399,0.292929291725,0.76944822073,0.312771469355,0.456676751375
0.571198701859,0.292929291725,0.809837341309,0.342205286026,0.467632055283
0.602931916714,0.292929291725,0.849410951138,0.372901171446,0.476509779692
0.634665191174,0.292929291725,0.888129353523,0.404970169067,0.483159184456
0.666398465633,0.292929291725,0.925953388214,0.438524514437,0.487428873777
0.698131680489,0.292929291725,0.962845087051,0.473672538996,0.489172548056
0.729864954948,0.292929291725,0.998767316341,0.510516405106,0.488250911236
0.761598229408,0.292929291725,1.03368389606,0.549148380756,0.484535515308
0.793331503868,0.292929291725,1.06755959988,0.5896448493,0.477914750576
0.825064778328,0.292929291725,1.10036039352,0.632062673569,0.468297719955
0.856797993183,0.292929291725,1.13205325603,0.676432847977,0.455620408058
0.888531267643,0.292929291725,1.16260623932,0.722754478455,0.439851760864
0.920264542103,0.292929291725,1.19198846817,0.77098852396,0.42099994421
0.951997756958,0.292929291725,1.22017049789,0.821053087711,0.399117410183
0.983731031418,0.292929291725,1.24712395668,0.87281781435,0.37430614233
1.01546430588,0.292929291725,1.27282166481,0.926099300385,0.346722364426
1.04719758034,0.292929291725,1.29723775387,0.980658888817,0.316578865051
1.0789308548,0.292929291725,1.32034766674,1.03620159626,0.28414607048
1.11066412926,0.292929291725,1.34212803841,1.09237647057,0.249751567841
1.14239740372,0.292929291725,1.36255705357,1.14878034592,0.213776707649
1.17413055897,0.292929291725,1.3816139698,1.20496177673,0.176652193069
1.20586383343,0.292929291725,1.39927971363,1.26042842865,0.138851284981
1.23759710789,0.292929291725,1.41553664207,1.31465482712,0.100881814957
1.26933038235,0.292929291725,1.43036818504,1.36709225178,0.0632759332657
1.30106365681,0.292929291725,1.44375956059,1.41717898846,0.0265805721283
1.33279693127,0.292929291725,1.45569705963,1.46435201168,0.00865495204926
1.36453020573,0.292929291725,1.46616888046,1.50805938244,0.041890501976
1.39626336098,0.292929291725,1.47516429424,1.54777145386,0.0726071596146
1.42799663544,0.292929291725,1.48267447948,1.58299529552,0.10032081604
1.4597299099,0.292929291725,1.48869156837,1.61328446865,0.124592900276
1.49146318436,0.292929291725,1.49320983887,1.63825321198,0.145043373108
1.52319645882,0.292929291725,1.49622452259,1.65758466721,0.161360144615
1.55492973328,0.292929291725,1.4977325201,1.67103993893,0.173307418823
1.58666300774,0.292929291725,1.4977325201,1.67846512794,0.180732607841
1.6183962822,0.292929291725,1.49622452259,1.67979085445,0.183566331863
1.65012955666,0.292929291725,1.49320983887,1.67503607273,0.181826233864
1.68186283112,0.292929291725,1.48869156837,1.66430127621,0.175609707832
1.71359610558,0.292929291725,1.48267447948,1.64776611328,0.165091633797
1.74532938004,0.292929291725,1.47516429424,1.62567746639,0.15051317215
1.77706253529,0.292929291725,1.46616888046,1.59834289551,0.132174015045
1.80879580975,0.292929291725,1.45569705963,1.56611871719,0.110421657562
1.84052908421,0.292929291725,1.44375956059,1.52939808369,0.0856385231018
1.87226235867,0.292929291725,1.43036818504,1.48860144615,0.0582332611084
1.90399563313,0.292929291725,1.41553664207,1.44416666031,0.0286300182343
1.93572890759,0.292929291725,1.39927971363,1.39653885365,0.00274085998535
1.96746218204,0.292929291725,1.3816139698,1.34616458416,0.035449385643
1.9991953373,0.292929291725,1.36255693436,1.29348623753,0.0690706968307
2.03092861176,0.292929291725,1.34212803841,1.23893654346,0.103191494942
2.06266188622,0.292929291725,1.32034754753,1.18293654919,0.137410998344
2.09439516068,0.292929291725,1.29723775387,1.1258918047,0.171345949173
2.12612843513,0.292929291725,1.2728215456,1.06819117069,0.204630374908
2.15786170959,0.292929291725,1.24712383747,1.0102032423,0.236920595169
2.18959498405,0.292929291725,1.22017049789,0.952273726463,0.267896771431
2.22132825851,0.292929291725,1.19198834896,0.894723653793,0.297264695168
2.25306153297,0.292929291725,1.1626060009,0.837847352028,0.324758648872
2.28479480743,0.292929291725,1.13205301762,0.781910002232,0.350143015385
2.31652784348,0.292929291725,1.10036051273,0.727146923542,0.373213589191
2.34826135635,0.292929291725,1.06755948067,0.673761487007,0.39379799366
2.3799943924,0.292929291725,1.03368389606,0.621927976608,0.411755919456
2.41172790527,0.292929291725,0.998767137527,0.571786761284,0.426980376244
2.44346094131,0.292929291725,0.962845146656,0.523449838161,0.439395308495
2.47519421577,0.292929291725,0.925953388214,0.47699674964,0.448956638575
2.50692749023,0.292929291725,0.888129293919,0.432478308678,0.455650985241
2.53866076469,0.292929291725,0.849410891533,0.38991728425,0.459493607283
2.57039403915,0.292929291725,0.809837222099,0.349310547113,0.460526674986
2.60212731361,0.292929291725,0.769448161125,0.310631334782,0.458816826344
2.63386058807,0.292929291725,0.728284239769,0.273832321167,0.454451918602
2.66559386253,0.292929291725,0.686387062073,0.238849267364,0.447537779808
2.69732713699,0.292929291725,0.643798708916,0.205603539944,0.438195168972
2.72906041145,0.292929291725,0.600562155247,0.174006417394,0.426555752754
2.76079368591,0.292929291725,0.556720852852,0.143962323666,0.412758529186
2.79252696037,0.292929291725,0.512318968773,0.115370355546,0.396948605776
2.82426023483,0.292929291725,0.467401266098,0.0881284922361,0.379272758961
2.85599327087,0.292929291725,0.422013223171,0.0621355511248,0.359877675772
2.88772678375,0.292929291725,0.376199543476,0.0372915975749,0.338907957077
2.91945981979,0.292929291725,0.330007821321,0.0135023696348,0.316505461931
2.95119309425,0.292929291725,0.283483445644,-0.00932296831161,0.29280641675
2.98292636871,0.292929291725,0.236673593521,-0.0312684886158,0.267942070961
3.01465964317,0.292929291725,0.18962547183,-0.0524120517075,0.242037519813
3.04639291763,0.292929291725,0.142386391759,-0.0728252530098,0.215211644769
3.07812619209,0.292929291725,0.0950039476156,-0.0925723090768,0.187576264143
3.10985946655,0.292929291725,0.0475258342922,-0.111710995436,0.159236833453
3.14159274101,0.292929291725,-1.30952429345e-07,-0.130292475224,0.130292341113
0,0.303030312061,0,-0.0796151533723,0.0796151533723
0.0317332595587,0.303030312061,0.0476050637662,-0.0597150884569,0.107320152223
0.0634665191174,0.303030312061,0.0951622053981,-0.0395587421954,0.134720951319
0.095199778676,0.303030312061,0.142623513937,-0.0191283673048,0.161751881242
0.126933038235,0.303030312061,0.189941212535,0.0015966175124,0.188344597816
0.158666297793,0.303030312061,0.237067654729,0.0226396545768,0.214428007603
0.190399557352,0.303030312061,0.283955395222,0.0440292805433,0.239926114678
0.222132816911,0.303030312061,0.330557227135,0.0657962486148,0.264760971069
0.253866076469,0.303030312061,0.376826196909,0.0879785940051,0.288847595453
0.285599350929,0.303030312061,0.422715783119,0.110618799925,0.312096983194
0.317332595587,0.303030312061,0.468179643154,0.133766025305,0.334413617849
0.349065840244,0.303030312061,0.513172090054,0.157476827502,0.35569524765
0.380799114704,0.303030312061,0.557647943497,0.181815847754,0.375832080841
0.412532389164,0.303030312061,0.601562201977,0.206854835153,0.394707381725
0.444265633821,0.303030312061,0.644870698452,0.232674404979,0.412196278572
0.475998878479,0.303030312061,0.687529921532,0.25936254859,0.428167372942
0.507732152939,0.303030312061,0.729496896267,0.28701582551,0.442481070757
0.539465427399,0.303030312061,0.77072930336,0.315736621618,0.454992681742
0.571198701859,0.303030312061,0.811185598373,0.345633357763,0.46555224061
0.602931916714,0.303030312061,0.850825130939,0.376818746328,0.474006384611
0.634665191174,0.303030312061,0.889607965946,0.409407287836,0.48020067811
0.666398465633,0.303030312061,0.927495002747,0.443512588739,0.483982414007
0.698131680489,0.303030312061,0.964448094368,0.47924643755,0.485201656818
0.729864954948,0.303030312061,1.00043010712,0.516712665558,0.483717441559
0.761598229408,0.303030312061,1.03540492058,0.556003153324,0.479401767254
0.793331503868,0.303030312061,1.06933701038,0.597194969654,0.47214204073
0.825064778328,0.303030312061,1.10219240189,0.640343546867,0.461848855019
0.856797993183,0.303030312061,1.1339379549,0.685476541519,0.448461413383
0.888531267643,0.303030312061,1.16454184055,0.732588946819,0.431952893734
0.920264542103,0.303030312061,1.19397294521,0.781635940075,0.412337005138
0.951997756958,0.303030312061,1.2222019434,0.832528471947,0.389673471451
0.983731031418,0.303030312061,1.24920022488,0.885127365589,0.364072859287
1.01546430588,0.303030312061,1.27494072914,0.939238727093,0.335702002048
1.04719758034,0.303030312061,1.29939746857,0.994613826275,0.304783642292
1.0789308548,0.303030312061,1.32254588604,1.05094647408,0.271599411964
1.11066412926,0.303030312061,1.34436249733,1.10787570477,0.236486792564
1.14239740372,0.303030312061,1.36482548714,1.16498851776,0.199836969376
1.17413055897,0.303030312061,1.38391411304,1.22182524204,0.162088871002
1.20586383343,0.303030312061,1.40160942078,1.27788758278,0.123721837997
1.23759710789,0.303030312061,1.41789340973,1.33264636993,0.0852470397949
1.26933038235,0.303030312061,1.43274962902,1.38555169106,0.0471979379654
1.30106365681,0.303030312061,1.44616317749,1.43604338169,0.0101197957993
1.33279693127,0.303030312061,1.4581207037,1.48356246948,0.0254417657852
1.36453020573,0.303030312061,1.46860980988,1.5275632143,0.0589534044266
1.39626336098,0.303030312061,1.47762024403,1.5675239563,0.0899037122726
1.42799663544,0.303030312061,1.48514294624,1.60296070576,0.117817759514
1.4597299099,0.303030312061,1.49117004871,1.63343751431,0.142267465591
1.49146318436,0.303030312061,1.49569582939,1.65857672691,0.162880897522
1.52319645882,0.303030312061,1.49871551991,1.67806911469,0.17935359478
1.55492973328,0.303030312061,1.50022614002,1.69168221951,0.191456079483
1.58666300774,0.303030312061,1.50022614002,1.69926357269,0.199037432671
1.6183962822,0.303030312061,1.49871551991,1.70074462891,0.202029109001
1.65012955666,0.303030312061,1.49569582939,1.69613909721,0.200443267822
1.68186283112,0.303030312061,1.49117004871,1.685541749,0.194371700287
1.71359610558,0.303030312061,1.48514294624,1.66912221909,0.183979272842
1.74532938004,0.303030312061,1.47762024403,1.6471170187,0.169496774673
1.77706253529,0.303030312061,1.46860980988,1.61982214451,0.151212334633
1.80879580975,0.303030312061,1.4581207037,1.58758175373,0.129461050034
1.84052908421,0.303030312061,1.44616317749,1.5507787466,0.104615569115
1.87226235867,0.303030312061,1.43274962902,1.50982415676,0.0770745277405
1.90399563313,0.303030312061,1.41789329052,1.46514821053,0.0472549200058
1.93572890759,0.303030312061,1.40160942078,1.41719079018,0.0155813694
1.96746218204,0.303030312061,1.38391411304,1.36639547348,0.0175186395645
1.9991953373,0.303030312061,1.36482536793,1.31320285797,0.0516225099564
2.03092861176,0.303030312061,1.34436249733,1.25804650784,0.0863159894943
2.06266188622,0.303030312061,1.32254576683,1.20134997368,0.121195793152
2.09439516068,0.303030312061,1.29939746857,1.14352452755,0.155872941017
2.12612843513,0.303030312061,1.27494060993,1.08496534824,0.189975261688
2.15786170959,0.303030312061,1.24920010567,1.02604949474,0.223150610924
2.18959498405,0.303030312061,1.2222019434,0.967134356499,0.255067586899
2.22132825851,0.303030312061,1.193972826,0.908552885056,0.285419940948
2.25306153297,0.303030312061,1.16454160213,0.850612342358,0.313929259777
2.28479480743,0.303030312061,1.13393783569,0.793591320515,0.340346515179
2.31652784348,0.303030312061,1.1021925211,0.737738370895,0.3644541502
2.34826135635,0.303030312061,1.06933677197,0.683269679546,0.386067092419
2.3799943924,0.303030312061,1.03540492058,0.630370557308,0.40503436327
2.41172790527,0.303030312061,1.00042998791,0.57919216156,0.421237826347
2.44346094131,0.303030312061,0.964448213577,0.529855251312,0.434592962265
2.47519421577,0.303030312061,0.927495002747,0.482446014881,0.445048987865
2.50692749023,0.303030312061,0.889607906342,0.437022000551,0.45258590579
2.53866076469,0.303030312061,0.85082501173,0.393609851599,0.457215160131
2.57039403915,0.303030312061,0.811185479164,0.352209180593,0.458976298571
2.60212731361,0.303030312061,0.770729184151,0.312794387341,0.45793479681
2.63386058807,0.303030312061,0.729496777058,0.275318086147,0.45417869091
2.66559386253,0.303030312061,0.687529802322,0.239714324474,0.447815477848
2.69732713699,0.303030312061,0.644870579243,0.205902382731,0.43896818161
2.72906041145,0.303030312061,0.601562023163,0.173789843917,0.427772164345
2.76079368591,0.303030312061,0.557647705078,0.143277406693,0.414370298386
2.79252696037,0.303030312061,0.51317191124,0.114259362221,0.398912549019
2.82426023483,0.303030312061,0.468179434538,0.0866298526525,0.381549596786
2.85599327087,0.303030312061,0.422715842724,0.0602824762464,0.362433373928
2.88772678375,0.303030312061,0.376825869083,0.0351125113666,0.341713368893
2.91945981979,0.303030312061,0.330557256937,0.0110222510993,0.319535017014
2.95119309425,0.303030312061,0.283955395222,-0.0120835965499,0.296038985252
2.98292636871,0.303030312061,0.237067639828,-0.0342927835882,0.271360427141
3.01465964317,0.303030312061,0.189941167831,-0.0556859560311,0.245627120137
3.04639291763,0.303030312061,0.142623454332,-0.0763371065259,0.218960553408
3.07812619209,0.303030312061,0.0951621159911,-0.0963129773736,0.191475093365
3.10985946655,0.303030312061,0.0476049594581,-0.11567299068,0.163277953863
3.14159274101,0.303030312061,-1.31170438067e-07,-0.134469389915,0.134469255805
0,0.313131302595,0,-0.0827443376184,0.0827443376184
0.0317332595587,0.313131302595,0.0476859398186,-0.0625029355288,0.110188871622
0.0634665191174,0.313131302595,0.0953238755465,-0.0420044027269,0.137328281999
0.095199778676,0.313131302595,0.142865806818,-0.0212306305766,0.164096444845
0.126933038235,0.313131302595,0.190263912082,-0.000161085277796,0.190424993634
0.158666297793,0.313131302595,0.237470403314,0.0212280899286,0.216242313385
0.190399557352,0.313131302595,0.284437805414,0.0429655387998,0.241472274065
0.222132816911,0.313131302595,0.331118822098,0.065083399415,0.266035437584
0.253866076469,0.313131302595,0.377466380596,0.0876191928983,0.289847195148
0.285599350929,0.313131302595,0.423433929682,0.11061693728,0.312816977501
0.317332595587,0.313131302595,0.468975037336,0.134127348661,0.334847688675
0.349065840244,0.313131302595,0.514043927193,0.158207535744,0.355836391449
0.380799114704,0.313131302595,0.558595299721,0.182924553752,0.375670731068
0.412532389164,0.313131302595,0.602584183216,0.208351805806,0.394232392311
0.444265633821,0.313131302595,0.645966291428,0.234572246671,0.411394059658
0.475998878479,0.313131302595,0.688697993755,0.261676967144,0.427021026611
0.507732152939,0.313131302595,0.730736255646,0.289764821529,0.440971434116
0.539465427399,0.313131302595,0.772038698196,0.318941026926,0.45309767127
0.571198701859,0.313131302595,0.812563717365,0.349316835403,0.463246881962
0.602931916714,0.313131302595,0.85227060318,0.381008446217,0.471262156963
0.634665191174,0.313131302595,0.891119360924,0.414132446051,0.476986914873
0.666398465633,0.313131302595,0.929070711136,0.448805332184,0.480265378952
0.698131680489,0.313131302595,0.966086626053,0.485139906406,0.480946719646
0.729864954948,0.313131302595,1.00212979317,0.523241519928,0.478888273239
0.761598229408,0.313131302595,1.03716397285,0.563202619553,0.473961353302
0.793331503868,0.313131302595,1.07115364075,0.605098903179,0.466054737568
0.825064778328,0.313131302595,1.10406494141,0.648983895779,0.455081045628
0.856797993183,0.313131302595,1.13586437702,0.694881796837,0.440982580185
0.888531267643,0.313131302595,1.16652023792,0.74278241396,0.423737823963
0.920264542103,0.313131302595,1.19600141048,0.792634427547,0.403366982937
0.951997756958,0.313131302595,1.2242783308,0.84434056282,0.379937767982
0.983731031418,0.313131302595,1.25132250786,0.897752165794,0.353570342064
1.01546430588,0.313131302595,1.27710676193,0.952665388584,0.324441373348
1.04719758034,0.313131302595,1.30160498619,1.00882041454,0.292784571648
1.0789308548,0.313131302595,1.32479274273,1.06590116024,0.258891582489
1.11066412926,0.313131302595,1.34664642811,1.12353610992,0.223110318184
1.14239740372,0.313131302595,1.36714422703,1.18130302429,0.185841202736
1.17413055897,0.313131302595,1.38626527786,1.23873591423,0.147529363632
1.20586383343,0.313131302595,1.40399062634,1.29533100128,0.108659625053
1.23759710789,0.313131302595,1.42030227184,1.35055696964,0.0697453022003
1.26933038235,0.313131302595,1.43518364429,1.40386402607,0.0313196182251
1.30106365681,0.313131302595,1.44862008095,1.45469391346,0.0060738325119
1.33279693127,0.313131302595,1.46059787273,1.50249445438,0.0418965816498
1.36453020573,0.313131302595,1.47110486031,1.54672682285,0.0756219625473
1.39626336098,0.313131302595,1.48013055325,1.58687889576,0.106748342514
1.42799663544,0.313131302595,1.48766601086,1.6224770546,0.134811043739
1.4597299099,0.313131302595,1.49370336533,1.65309536457,0.159391999245
1.49146318436,0.313131302595,1.49823689461,1.6783670187,0.180130124092
1.52319645882,0.313131302595,1.50126171112,1.69799125195,0.196729540825
1.55492973328,0.313131302595,1.50277483463,1.71174097061,0.208966135979
1.58666300774,0.313131302595,1.50277483463,1.71946716309,0.216692328453
1.6183962822,0.313131302595,1.50126171112,1.72110044956,0.219838738441
1.65012955666,0.313131302595,1.49823689461,1.71665120125,0.218414306641
1.68186283112,0.313131302595,1.49370336533,1.7062073946,0.212504029274
1.71359610558,0.313131302595,1.48766601086,1.68992757797,0.202261567116
1.74532938004,0.313131302595,1.48013055325,1.66803812981,0.187907576561
1.77706253529,0.313131302595,1.47110486031,1.64082145691,0.169716596603
1.80879580975,0.313131302595,1.46059787273,1.60860943794,0.148011565208
1.84052908421,0.313131302595,1.44862008095,1.57177305222,0.123152971268
1.87226235867,0.313131302595,1.43518364429,1.53071320057,0.0955295562744
1.90399563313,0.313131302595,1.42030215263,1.48585116863,0.0655490159988
1.93572890759,0.313131302595,1.40399062634,1.43762052059,0.0336298942566
1.96746218204,0.313131302595,1.38626527786,1.38646030426,0.000195026397705
1.9991953373,0.313131302595,1.36714410782,1.33280968666,0.0343344211578
2.03092861176,0.313131302595,1.34664642811,1.27710139751,0.0695450305939
2.06266188622,0.313131302595,1.32479262352,1.21976196766,0.105030655861
2.09439516068,0.313131302595,1.30160498619,1.16120576859,0.140399217606
2.12612843513,0.313131302595,1.27710664272,1.1018345356,0.175272107124
2.15786170959,0.313131302595,1.25132238865,1.04203379154,0.209288597107
2.18959498405,0.313131302595,1.2242783308,0.982170701027,0.242107629776
2.22132825851,0.313131302595,1.19600129128,0.922590374947,0.273410916328
2.25306153297,0.313131302595,1.1665199995,0.86361259222,0.302907407284
2.28479480743,0.313131302595,1.13586425781,0.805529594421,0.330334663391
2.31652784348,0.313131302595,1.10406506062,0.74860316515,0.355461895466
2.34826135635,0.313131302595,1.07115352154,0.693062484264,0.378091037273
2.3799943924,0.313131302595,1.03716397285,0.639105141163,0.398058831692
2.41172790527,0.313131302595,1.00212955475,0.586892187595,0.415237367153
2.44346094131,0.313131302595,0.966086685658,0.536554217339,0.429532468319
2.47519421577,0.313131302595,0.929070711136,0.488185077906,0.44088563323
2.50692749023,0.313131302595,0.891119241714,0.441848576069,0.449270665646
2.53866076469,0.313131302595,0.852270483971,0.397575885057,0.454694598913
2.57039403915,0.313131302595,0.812563598156,0.355369776487,0.457193821669
2.60212731361,0.313131302595,0.772038578987,0.315206885338,0.456831693649
2.63386058807,0.313131302595,0.730736076832,0.277039349079,0.453696727753
2.66559386253,0.313131302595,0.688697874546,0.24080081284,0.447897076607
2.69732713699,0.313131302595,0.645966172218,0.206407740712,0.439558446407
2.72906041145,0.313131302595,0.602584004402,0.173765420914,0.428818583488
2.76079368591,0.313131302595,0.558595120907,0.142769753933,0.415825366974
2.79252696037,0.313131302595,0.514043748379,0.113311834633,0.400731921196
2.82426023483,0.313131302595,0.46897482872,0.0852802321315,0.383694589138
2.85599327087,0.313131302595,0.423433989286,0.0585646405816,0.364869356155
2.88772678375,0.313131302595,0.377466082573,0.0330558009446,0.344410270452
2.91945981979,0.313131302595,0.331118822098,0.00865159928799,0.322467207909
2.95119309425,0.313131302595,0.284437805414,-0.0147476783022,0.299185484648
2.98292636871,0.313131302595,0.237470388412,-0.0372322946787,0.27470266819
3.01465964317,0.313131302595,0.190263867378,-0.05888691172,0.249150782824
3.04639291763,0.313131302595,0.142865762115,-0.0797881484032,0.222653910518
3.07812619209,0.313131302595,0.0953237861395,-0.100004404783,0.195328190923
3.10985946655,0.313131302595,0.0476858355105,-0.119596913457,0.167282745242
3.14159274101,0.313131302595,-1.31393292691e-07,-0.138619765639,0.138619631529
0,0.323232322931,0,-0.0858722031116,0.0858722031116
0.0317332595587,0.323232322931,0.0477685071528,-0.065277159214,0.113045662642
0.0634665191174,0.323232322931,0.0954889282584,-0.0444235876203,0.139912515879
0.095199778676,0.323232322931,0.143113180995,-0.0232938230038,0.166407003999
0.126933038235,0.323232322931,0.190593346953,-0.00186668150127,0.192460030317
0.158666297793,0.323232322931,0.237881585956,0.0198820605874,0.217999517918
0.190399557352,0.323232322931,0.284930318594,0.0419810563326,0.242949262261
0.222132816911,0.323232322931,0.331692129374,0.0644629821181,0.267229139805
0.253866076469,0.323232322931,0.378119945526,0.0873662531376,0.290753692389
0.285599350929,0.323232322931,0.424167096615,0.110735855997,0.313431233168
0.317332595587,0.323232322931,0.469787061214,0.134623095393,0.33516395092
0.349065840244,0.323232322931,0.514934003353,0.159087792039,0.355846226215
0.380799114704,0.323232322931,0.559562504292,0.184197306633,0.375365197659
0.412532389164,0.323232322931,0.603627562523,0.210028320551,0.393599241972
0.444265633821,0.323232322931,0.647084772587,0.236665427685,0.410419344902
0.475998878479,0.323232322931,0.689890444279,0.264202237129,0.42568820715
0.507732152939,0.323232322931,0.73200148344,0.292740821838,0.439260661602
0.539465427399,0.323232322931,0.773375451565,0.322389006615,0.45098644495
0.571198701859,0.323232322931,0.813970625401,0.353260785341,0.460709840059
0.602931916714,0.323232322931,0.853746294975,0.385475367308,0.468270927668
0.634665191174,0.323232322931,0.892662286758,0.419151186943,0.473511099815
0.666398465633,0.323232322931,0.930679380894,0.454407006502,0.476272374392
0.698131680489,0.323232322931,0.967759370804,0.491357445717,0.476401925087
0.729864954948,0.323232322931,1.00386488438,0.530108213425,0.473756670952
0.761598229408,0.323232322931,1.03895974159,0.570751190186,0.468208551407
0.793331503868,0.323232322931,1.07300841808,0.613360822201,0.459647595882
0.825064778328,0.323232322931,1.10597658157,0.657987594604,0.447988986969
0.856797993183,0.323232322931,1.13783109188,0.704651474953,0.433179616928
0.888531267643,0.323232322931,1.16854000092,0.753336191177,0.415203809738
0.920264542103,0.323232322931,1.19807219505,0.803983449936,0.394088745117
0.951997756958,0.323232322931,1.22639811039,0.856486856937,0.369911253452
0.983731031418,0.323232322931,1.2534891367,0.910688102245,0.342801034451
1.01546430588,0.323232322931,1.27931797504,0.96637326479,0.312944710255
1.04719758034,0.323232322931,1.30385863781,1.02327156067,0.280587077141
1.0789308548,0.323232322931,1.32708656788,1.08105623722,0.246030330658
1.11066412926,0.323232322931,1.34897816181,1.13934636116,0.209631800652
1.14239740372,0.323232322931,1.36951136589,1.197712183,0.171799182892
1.17413055897,0.323232322931,1.38866555691,1.25568091869,0.132984638214
1.20586383343,0.323232322931,1.40642154217,1.31274533272,0.0936762094498
1.23759710789,0.323232322931,1.42276144028,1.36837208271,0.0543893575668
1.26933038235,0.323232322931,1.43766868114,1.42201375961,0.0156549215317
1.30106365681,0.323232322931,1.45112836361,1.47311663628,0.0219882726669
1.33279693127,0.323232322931,1.46312689781,1.52113449574,0.0580075979233
1.36453020573,0.323232322931,1.4736520052,1.56553697586,0.091884970665
1.39626336098,0.323232322931,1.48269343376,1.60582363605,0.123130202293
1.42799663544,0.323232322931,1.49024188519,1.64153170586,0.151289820671
1.4597299099,0.323232322931,1.49628973007,1.67224705219,0.175957322121
1.49146318436,0.323232322931,1.50083100796,1.69761347771,0.196782469749
1.52319645882,0.323232322931,1.50386106968,1.71733915806,0.213478088379
1.55492973328,0.323232322931,1.5053768158,1.73120450974,0.225827693939
1.58666300774,0.323232322931,1.5053768158,1.73906266689,0.233685851097
1.6183962822,0.323232322931,1.50386106968,1.74084484577,0.236983776093
1.65012955666,0.323232322931,1.50083100796,1.73655760288,0.235726594925
1.68186283112,0.323232322931,1.49628973007,1.72628068924,0.229990959167
1.71359610558,0.323232322931,1.49024188519,1.71016395092,0.219922065735
1.74532938004,0.323232322931,1.48269343376,1.68841993809,0.205726504326
1.77706253529,0.323232322931,1.4736520052,1.66131865978,0.187666654587
1.80879580975,0.323232322931,1.46312689781,1.62917804718,0.166051149368
1.84052908421,0.323232322931,1.45112836361,1.5923563242,0.141227960587
1.87226235867,0.323232322931,1.43766868114,1.55124282837,0.113574147224
1.90399563313,0.323232322931,1.42276132107,1.50624907017,0.0834877490997
1.93572890759,0.323232322931,1.40642154217,1.4578012228,0.0513796806335
1.96746218204,0.323232322931,1.38866555691,1.40633368492,0.0176681280136
1.9991953373,0.323232322931,1.36951124668,1.35228145123,0.0172297954559
2.03092861176,0.323232322931,1.3489780426,1.29607796669,0.0529000759125
2.06266188622,0.323232322931,1.32708644867,1.23814952374,0.0889369249344
2.09439516068,0.323232322931,1.30385863781,1.1789150238,0.124943614006
2.12612843513,0.323232322931,1.27931797504,1.11878037453,0.160537600517
2.15786170959,0.323232322931,1.25348901749,1.05813980103,0.195349216461
2.18959498405,0.323232322931,1.22639811039,0.997369170189,0.229028940201
2.22132825851,0.323232322931,1.19807219505,0.936825037003,0.261247158051
2.25306153297,0.323232322931,1.16853988171,0.87683993578,0.291699945927
2.28479480743,0.323232322931,1.13783097267,0.81771916151,0.320111811161
2.31652784348,0.323232322931,1.10597670078,0.759738504887,0.346238195896
2.34826135635,0.323232322931,1.07300817966,0.703139543533,0.369868636131
2.3799943924,0.323232322931,1.03895974159,0.648132801056,0.390826940536
2.41172790527,0.323232322931,1.00386476517,0.594890296459,0.408974468708
2.44346094131,0.323232322931,0.967759430408,0.54355186224,0.424207568169
2.47519421577,0.323232322931,0.930679380894,0.494220197201,0.436459183693
2.50692749023,0.323232322931,0.892662167549,0.446965128183,0.445697039366
2.53866076469,0.323232322931,0.853746175766,0.40182363987,0.451922535896
2.57039403915,0.323232322931,0.813970565796,0.358801841736,0.45516872406
2.60212731361,0.323232322931,0.773375332355,0.317878425121,0.455496907234
2.63386058807,0.323232322931,0.732001364231,0.279006302357,0.452995061874
2.66559386253,0.323232322931,0.689890325069,0.242118656635,0.447771668434
2.69732713699,0.323232322931,0.647084593773,0.2071300596,0.439954519272
2.72906041145,0.323232322931,0.603627383709,0.17394246161,0.429684937
2.76079368591,0.323232322931,0.559562265873,0.142448931932,0.417113333941
2.79252696037,0.323232322931,0.514933824539,0.112536072731,0.402397751808
2.82426023483,0.323232322931,0.469786822796,0.0840882286429,0.385698586702
2.85599327087,0.323232322931,0.424167156219,0.0569902695715,0.367176890373
2.88772678375,0.323232322931,0.378119647503,0.0311287604272,0.34699088335
2.91945981979,0.323232322931,0.331692159176,0.0063968594186,0.325295299292
2.95119309425,0.323232322931,0.284930318594,-0.0173082612455,0.302238583565
2.98292636871,0.323232322931,0.237881556153,-0.0400815345347,0.277963101864
3.01465964317,0.323232322931,0.19059330225,-0.0620098896325,0.252603203058
3.04639291763,0.323232322931,0.14311312139,-0.0831732600927,0.226286381483
3.07812619209,0.323232322931,0.0954888388515,-0.103641927242,0.199130773544
3.10985946655,0.323232322931,0.0477684028447,-0.123478889465,0.171247288585
3.14159274101,0.323232322931,-1.31620794264e-07,-0.142739340663,0.142739206553
0,0.333333343267,0,-0.0889989584684,0.0889989584684
0.0317332595587,0.333333343267,0.0478526875377,-0.0680370554328,0.11588974297
0.0634665191174,0.333333343267,0.0956571996212,-0.0468155965209,0.142472803593
0.095199778676,0.333333343267,0.143365368247,-0.0253164060414,0.168681770563
0.126933038235,0.333333343267,0.190929204226,-0.00351805146784,0.194447249174
0.158666297793,0.333333343267,0.238300785422,0.0186033993959,0.219697386026
0.190399557352,0.333333343267,0.285432398319,0.0410776026547,0.24435479939
0.222132816911,0.333333343267,0.332276642323,0.0639373734593,0.268339276314
0.253866076469,0.333333343267,0.378786295652,0.0872222185135,0.291564077139
0.285599350929,0.333333343267,0.424914568663,0.110977835953,0.31393674016
0.317332595587,0.333333343267,0.470614910126,0.135257005692,0.335357904434
0.349065840244,0.333333343267,0.515841424465,0.16012082994,0.355720579624
0.380799114704,0.333333343267,0.560548603535,0.185638144612,0.374910473824
0.412532389164,0.333333343267,0.604691267014,0.211887985468,0.392803281546
0.444265633821,0.333333343267,0.648225069046,0.238957598805,0.409267485142
0.475998878479,0.333333343267,0.691106200218,0.266943007708,0.424163192511
0.507732152939,0.333333343267,0.733291447163,0.295948475599,0.437342971563
0.539465427399,0.333333343267,0.774738311768,0.326085418463,0.448652893305
0.571198701859,0.333333343267,0.815405011177,0.357470065355,0.457934945822
0.602931916714,0.333333343267,0.855250775814,0.390224069357,0.465026706457
0.634665191174,0.333333343267,0.894235372543,0.424468427896,0.469766944647
0.666398465633,0.333333343267,0.932319462299,0.460323482752,0.471995979548
0.698131680489,0.333333343267,0.969464719296,0.497904419899,0.471560299397
0.729864954948,0.333333343267,1.00563395023,0.537317276001,0.468316674232
0.761598229408,0.333333343267,1.04079067707,0.578653156757,0.462137520313
0.793331503868,0.333333343267,1.07489919662,0.62198394537,0.452915251255
0.825064778328,0.333333343267,1.10792553425,0.667356848717,0.440568685532
0.856797993183,0.333333343267,1.13983619213,0.714786410332,0.425049781799
0.888531267643,0.333333343267,1.17059922218,0.76424986124,0.406349360943
0.920264542103,0.333333343267,1.20018351078,0.815680861473,0.384502649307
0.951997756958,0.333333343267,1.2285592556,0.868963718414,0.359595537186
0.983731031418,0.333333343267,1.25569808483,0.923929989338,0.331768095493
1.01546430588,0.333333343267,1.28157246113,0.980354785919,0.301217675209
1.04719758034,0.333333343267,1.30615639687,1.03795719147,0.268199205399
1.0789308548,0.333333343267,1.32942521572,1.09640002251,0.233025193214
1.11066412926,0.333333343267,1.35135531425,1.15529370308,0.196061611176
1.14239740372,0.333333343267,1.37192475796,1.21420133114,0.157723426819
1.17413055897,0.333333343267,1.3911126852,1.2726444006,0.118468284607
1.20586383343,0.333333343267,1.4088999033,1.33011424541,0.0787856578827
1.23759710789,0.333333343267,1.42526865005,1.38607656956,0.0391920804977
1.26933038235,0.333333343267,1.44020211697,1.43998658657,0.000215530395508
1.30106365681,0.333333343267,1.45368552208,1.49129652977,0.0376110076904
1.33279693127,0.333333343267,1.46570515633,1.53946769238,0.0737625360489
1.36453020573,0.333333343267,1.47624886036,1.58398067951,0.107731819153
1.39626336098,0.333333343267,1.48530614376,1.624345541,0.13903939724
1.42799663544,0.333333343267,1.49286794662,1.66011285782,0.167244911194
1.4597299099,0.333333343267,1.49892652035,1.69088089466,0.191954374313
1.49146318436,0.333333343267,1.50347578526,1.71630465984,0.212828874588
1.52319645882,0.333333343267,1.5065112114,1.73610281944,0.229591608047
1.55492973328,0.333333343267,1.50802958012,1.7500616312,0.242032051086
1.58666300774,0.333333343267,1.50802958012,1.75803887844,0.250009298325
1.6183962822,0.333333343267,1.5065112114,1.75996541977,0.253454208374
1.65012955666,0.333333343267,1.50347578526,1.75584363937,0.252367854118
1.68186283112,0.333333343267,1.49892652035,1.74574637413,0.246819853783
1.71359610558,0.333333343267,1.49286794662,1.72981262207,0.236944675446
1.74532938004,0.333333343267,1.48530614376,1.7082426548,0.22293651104
1.77706253529,0.333333343267,1.47624886036,1.68129193783,0.205043077469
1.80879580975,0.333333343267,1.46570515633,1.64926433563,0.183559179306
1.84052908421,0.333333343267,1.45368552208,1.61250376701,0.158818244934
1.87226235867,0.333333343267,1.44020211697,1.57138729095,0.131185173988
1.90399563313,0.333333343267,1.42526853085,1.52631568909,0.101047158241
1.93572890759,0.333333343267,1.4088999033,1.4777071476,0.0688072443008
1.96746218204,0.333333343267,1.3911126852,1.42598879337,0.0348761081696
1.9991953373,0.333333343267,1.37192463875,1.3715929985,0.00033164024353
2.03092861176,0.333333343267,1.35135531425,1.31495070457,0.0364046096802
2.06266188622,0.333333343267,1.32942509651,1.25648891926,0.0729361772537
2.09439516068,0.333333343267,1.30615639687,1.19662940502,0.109526991844
2.12612843513,0.333333343267,1.28157234192,1.13578283787,0.145789504051
2.15786170959,0.333333343267,1.25569796562,1.07434940338,0.181348562241
2.18959498405,0.333333343267,1.2285592556,1.01271438599,0.215844869614
2.22132825851,0.333333343267,1.20018339157,0.951244235039,0.248939156532
2.25306153297,0.333333343267,1.17059910297,0.890284597874,0.2803145051
2.28479480743,0.333333343267,1.13983607292,0.830153346062,0.30968272686
2.31652784348,0.333333343267,1.10792565346,0.771139860153,0.336785793304
2.34826135635,0.333333343267,1.07489907742,0.713499248028,0.361399829388
2.3799943924,0.333333343267,1.04079067707,0.657454431057,0.383336246014
2.41172790527,0.333333343267,1.00563371181,0.603188514709,0.402445197105
2.44346094131,0.333333343267,0.969464838505,0.550852358341,0.418612480164
2.47519421577,0.333333343267,0.932319462299,0.500556766987,0.431762695312
2.50692749023,0.333333343267,0.894235253334,0.452378749847,0.441856503487
2.53866076469,0.333333343267,0.855250656605,0.406361103058,0.448889553547
2.57039403915,0.333333343267,0.815404951572,0.362514108419,0.452890843153
2.60212731361,0.333333343267,0.774738192558,0.320818275213,0.453919917345
2.63386058807,0.333333343267,0.733291268349,0.281228631735,0.452062636614
2.66559386253,0.333333343267,0.691106021404,0.243677482009,0.447428524494
2.69732713699,0.333333343267,0.648224890232,0.208078458905,0.440146446228
2.72906041145,0.333333343267,0.6046910882,0.174330845475,0.430360257626
2.76079368591,0.333333343267,0.560548365116,0.14232429862,0.418224066496
2.79252696037,0.333333343267,0.515841245651,0.111941568553,0.403899669647
2.82426023483,0.333333343267,0.470614701509,0.0830626115203,0.387552082539
2.85599327087,0.333333343267,0.424914628267,0.0555677525699,0.369346886873
2.88772678375,0.333333343267,0.378785967827,0.0293395146728,0.349446445704
2.91945981979,0.333333343267,0.332276672125,0.00426625739783,0.32801041007
2.95119309425,0.333333343267,0.285432398319,-0.0197586156428,0.305191010237
2.98292636871,0.333333343267,0.23830075562,-0.0428336896002,0.281134456396
3.01465964317,0.333333343267,0.190929159522,-0.0650490894914,0.255978256464
3.04639291763,0.333333343267,0.143365323544,-0.0864869207144,0.229852244258
3.07812619209,0.333333343267,0.0956571102142,-0.107220262289,0.202877372503
3.10985946655,0.333333343267,0.0478525795043,-0.127314120531,0.17516669631
3.14159274101,0.333333343267,-1.31852729623e-07,-0.146824628115,0.146824494004
0,0.343434333801,0,-0.0921231135726,0.0921231135726
0.0317332595587,0.343434333801,0.0479384288192,-0.0707816705108,0.11872009933
0.0634665191174,0.343434333801,0.0958286002278,-0.0491787716746,0.145007371902
0.095199778676,0.343434333801,0.143622264266,-0.0272964276373,0.170918688178
0.126933038235,0.343434333801,0.191271319985,-0.00511359702796,0.19638492167
0.158666297793,0.343434333801,0.238727778196,0.0173947326839,0.221333041787
0.190399557352,0.343434333801,0.285943865776,0.040257781744,0.245686084032
0.222132816911,0.343434333801,0.332872033119,0.0635095834732,0.269362449646
0.253866076469,0.343434333801,0.379465013742,0.0871906355023,0.292274385691
0.285599350929,0.343434333801,0.425675958395,0.111346580088,0.314329385757
0.317332595587,0.343434333801,0.47145819664,0.136032149196,0.335426032543
0.349065840244,0.343434333801,0.516765713692,0.161309793591,0.355455935001
0.380799114704,0.343434333801,0.561553001404,0.187250435352,0.374302566051
0.412532389164,0.343434333801,0.605774760246,0.213935151696,0.391839623451
0.444265633821,0.343434333801,0.649386584759,0.241453051567,0.407933533192
0.475998878479,0.343434333801,0.692344546318,0.269903600216,0.422440946102
0.507732152939,0.343434333801,0.734605371952,0.299392729998,0.435212641954
0.539465427399,0.343434333801,0.776126503944,0.330035150051,0.446091353893
0.571198701859,0.343434333801,0.816866099834,0.361949890852,0.454916208982
0.602931916714,0.343434333801,0.856783211231,0.395259916782,0.461523294449
0.634665191174,0.343434333801,0.895837664604,0.430089235306,0.465748429298
0.666398465633,0.343434333801,0.933990001678,0.466559380293,0.467430621386
0.698131680489,0.343434333801,0.971201837063,0.504785120487,0.466416716576
0.729864954948,0.343434333801,1.00743591785,0.544872701168,0.462563216686
0.761598229408,0.343434333801,1.0426555872,0.586911678314,0.455743908882
0.793331503868,0.343434333801,1.07682526112,0.630971252918,0.445854008198
0.825064778328,0.343434333801,1.10991072655,0.677093267441,0.432817459106
0.856797993183,0.343434333801,1.14187860489,0.725286781788,0.416591823101
0.888531267643,0.343434333801,1.17269670963,0.775522112846,0.397174596786
0.920264542103,0.343434333801,1.20233404636,0.82772397995,0.374610066414
0.951997756958,0.343434333801,1.23076057434,0.881766140461,0.34899443388
0.983731031418,0.343434333801,1.25794804096,0.937470316887,0.320477724075
1.01546430588,0.343434333801,1.28386878967,0.994601249695,0.289267539978
1.04719758034,0.343434333801,1.30849671364,1.05286681652,0.255629897118
1.0789308548,0.343434333801,1.33180725574,1.11192047596,0.219886779785
1.11066412926,0.343434333801,1.35377669334,1.17136490345,0.182411789894
1.14239740372,0.343434333801,1.37438297272,1.23075628281,0.143626689911
1.17413055897,0.343434333801,1.39360535145,1.28961217403,0.103993177414
1.20586383343,0.343434333801,1.41142451763,1.34742200375,0.0640025138855
1.23759710789,0.343434333801,1.42782247066,1.4036539793,0.0241684913635
1.26933038235,0.343434333801,1.44278275967,1.45776629448,0.0149835348129
1.30106365681,0.343434333801,1.45629024506,1.50921809673,0.0529278516769
1.33279693127,0.343434333801,1.46833145618,1.55747997761,0.0891485214233
1.36453020573,0.343434333801,1.47889411449,1.6020437479,0.123149633408
1.39626336098,0.343434333801,1.48796761036,1.64243245125,0.154464840889
1.42799663544,0.343434333801,1.49554288387,1.67820954323,0.182666659355
1.4597299099,0.343434333801,1.50161230564,1.70898640156,0.207374095917
1.49146318436,0.343434333801,1.50616979599,1.73443114758,0.228261351585
1.52319645882,0.343434333801,1.50921058655,1.75427186489,0.245061278343
1.55492973328,0.343434333801,1.51073169708,1.76830267906,0.257570981979
1.58666300774,0.343434333801,1.51073169708,1.77638494968,0.265653252602
1.6183962822,0.343434333801,1.50921058655,1.77845001221,0.269239425659
1.65012955666,0.343434333801,1.50616979599,1.77449679375,0.268326997757
1.68186283112,0.343434333801,1.50161230564,1.76458954811,0.26297724247
1.71359610558,0.343434333801,1.49554288387,1.74885749817,0.253314614296
1.74532938004,0.343434333801,1.48796761036,1.72748756409,0.239519953728
1.77706253529,0.343434333801,1.47889411449,1.70072066784,0.221826553345
1.80879580975,0.343434333801,1.46833145618,1.66884529591,0.200513839722
1.84052908421,0.343434333801,1.45629024506,1.63219082355,0.175900578499
1.87226235867,0.343434333801,1.44278275967,1.59112083912,0.148338079453
1.90399563313,0.343434333801,1.42782235146,1.54602444172,0.118202090263
1.93572890759,0.343434333801,1.41142451763,1.49731016159,0.085885643959
1.96746218204,0.343434333801,1.39360535145,1.44539868832,0.0517933368683
1.9991953373,0.343434333801,1.37438285351,1.39071655273,0.0163336992264
2.03092861176,0.343434333801,1.35377669334,1.33369362354,0.0200830698013
2.06266188622,0.343434333801,1.33180725574,1.27475583553,0.0570514202118
2.09439516068,0.343434333801,1.30849671364,1.21432638168,0.094170331955
2.12612843513,0.343434333801,1.28386867046,1.15282046795,0.131048202515
2.15786170959,0.343434333801,1.25794792175,1.09064388275,0.167304039001
2.18959498405,0.343434333801,1.23076057434,1.02818977833,0.202570796013
2.22132825851,0.343434333801,1.20233392715,0.965835034847,0.236498892307
2.25306153297,0.343434333801,1.17269659042,0.90393614769,0.268760442734
2.28479480743,0.343434333801,1.14187848568,0.842824339867,0.299054145813
2.31652784348,0.343434333801,1.10991084576,0.782802343369,0.327108502388
2.34826135635,0.343434333801,1.07682514191,0.724138736725,0.352686405182
2.3799943924,0.343434333801,1.0426555872,0.66706931591,0.375586271286
2.41172790527,0.343434333801,1.00743567944,0.611789286137,0.395646393299
2.44346094131,0.343434333801,0.971201956272,0.558459401131,0.412742555141
2.47519421577,0.343434333801,0.933990001678,0.507200360298,0.42678964138
2.50692749023,0.343434333801,0.895837545395,0.458096176386,0.437741369009
2.53866076469,0.343434333801,0.856783151627,0.411196172237,0.445586979389
2.57039403915,0.343434333801,0.81686604023,0.366514652967,0.450351387262
2.60212731361,0.343434333801,0.776126384735,0.324036180973,0.452090203762
2.63386058807,0.343434333801,0.734605193138,0.283716201782,0.450888991356
2.66559386253,0.343434333801,0.692344367504,0.245487838984,0.446856528521
2.69732713699,0.343434333801,0.649386405945,0.209263473749,0.440122932196
2.72906041145,0.343434333801,0.605774581432,0.174940660596,0.430833935738
2.76079368591,0.343434333801,0.561552762985,0.14240565896,0.419147104025
2.79252696037,0.343434333801,0.516765534878,0.111537523568,0.405228018761
2.82426023483,0.343434333801,0.471457958221,0.0822121873498,0.389245778322
2.85599327087,0.343434333801,0.425675988197,0.0543057397008,0.371370255947
2.88772678375,0.343434333801,0.379464685917,0.0276959128678,0.351768761873
2.91945981979,0.343434333801,0.332872062922,0.00226730760187,0.330604761839
2.95119309425,0.343434333801,0.285943865776,-0.0220914781094,0.308035343885
2.98292636871,0.343434333801,0.238727748394,-0.045481633395,0.284209370613
3.01465964317,0.343434333801,0.191271275282,-0.0679974481463,0.259268730879
3.04639291763,0.343434333801,0.143622204661,-0.0897232070565,0.233345419168
3.07812619209,0.343434333801,0.0958285108209,-0.110734678805,0.206563189626
3.10985946655,0.343434333801,0.0479383245111,-0.131097748876,0.179036080837
3.14159274101,0.343434333801,-1.32088999294e-07,-0.150870457292,0.150870323181
0,0.353535354137,0,-0.0952436625957,0.0952436625957
0.0317332595587,0.353535354137,0.0480256564915,-0.0735089853406,0.121534645557
0.0634665191174,0.353535354137,0.0960029661655,-0.0515112094581,0.147514179349
0.095199778676,0.353535354137,0.14388358593,-0.0292325876653,0.17311617732
0.126933038235,0.353535354137,0.191619351506,-0.00665128510445,0.198270633817
0.158666297793,0.353535354137,0.239162147045,0.0162575561553,0.222904592752
0.190399557352,0.353535354137,0.28646415472,0.039523947984,0.246940210462
0.222132816911,0.353535354137,0.333477705717,0.0631822943687,0.270295411348
0.253866076469,0.353535354137,0.380155473948,0.0872736796737,0.292881786823
0.285599350929,0.353535354137,0.426450490952,0.111844986677,0.314605504274
0.317332595587,0.353535354137,0.472316026688,0.136952131987,0.335363894701
0.349065840244,0.353535354137,0.517705976963,0.162659168243,0.35504680872
0.380799114704,0.353535354137,0.562574744225,0.189038738608,0.373535990715
0.412532389164,0.353535354137,0.606877028942,0.216173917055,0.390703111887
0.444265633821,0.353535354137,0.650568127632,0.244156777859,0.406411349773
0.475998878479,0.353535354137,0.693604290485,0.273088157177,0.420516133308
0.507732152939,0.353535354137,0.735942006111,0.303078323603,0.432863682508
0.539465427399,0.353535354137,0.777538716793,0.334243148565,0.443295568228
0.571198701859,0.353535354137,0.818352460861,0.366704642773,0.451647818089
0.602931916714,0.353535354137,0.858342170715,0.400588035583,0.457754135132
0.634665191174,0.353535354137,0.897467672825,0.436018615961,0.461449056864
0.666398465633,0.353535354137,0.93568944931,0.473118752241,0.462570697069
0.698131680489,0.353535354137,0.972968995571,0.512004137039,0.460964858532
0.729864954948,0.353535354137,1.0092689991,0.552778720856,0.456490278244
0.761598229408,0.353535354137,1.04455268383,0.595530450344,0.449022233486
0.793331503868,0.353535354137,1.078784585,0.640324234962,0.438460350037
0.825064778328,0.353535354137,1.11193025112,0.687197566032,0.424732685089
0.856797993183,0.353535354137,1.1439563036,0.736152589321,0.407803714275
0.888531267643,0.353535354137,1.17483055592,0.787150919437,0.387679636478
0.920264542103,0.353535354137,1.20452177525,0.840107858181,0.364413917065
0.951997756958,0.353535354137,1.23300004005,0.894888103008,0.338111937046
0.983731031418,0.353535354137,1.26023697853,0.951301634312,0.308935344219
1.01546430588,0.353535354137,1.28620481491,1.00910234451,0.277102470398
1.04719758034,0.353535354137,1.31087768078,1.0679885149,0.242889165878
1.0789308548,0.353535354137,1.33423054218,1.12760448456,0.206626057625
1.11066412926,0.353535354137,1.3562400341,1.18754470348,0.16869533062
1.14239740372,0.353535354137,1.37688374519,1.24736058712,0.129523158073
1.17413055897,0.353535354137,1.39614105225,1.30656695366,0.089574098587
1.20586383343,0.353535354137,1.41399264336,1.36465239525,0.0493402481079
1.23759710789,0.353535354137,1.43042051792,1.42108786106,0.00933265686035
1.26933038235,0.353535354137,1.44540798664,1.47533679008,0.0299288034439
1.30106365681,0.353535354137,1.45894002914,1.5268663168,0.0679262876511
1.33279693127,0.353535354137,1.47100317478,1.57515728474,0.104154109955
1.36453020573,0.353535354137,1.48158502579,1.61971354485,0.138128519058
1.39626336098,0.353535354137,1.49067509174,1.66007208824,0.169396996498
1.42799663544,0.353535354137,1.49826419353,1.6958104372,0.197546243668
1.4597299099,0.353535354137,1.50434458256,1.72655415535,0.222209572792
1.49146318436,0.353535354137,1.50891029835,1.75198352337,0.243073225021
1.52319645882,0.353535354137,1.51195669174,1.77183794975,0.259881258011
1.55492973328,0.353535354137,1.5134806633,1.78591859341,0.272437930107
1.58666300774,0.353535354137,1.5134806633,1.79409193993,0.280611276627
1.6183962822,0.353535354137,1.51195669174,1.79628884792,0.284332156181
1.65012955666,0.353535354137,1.50891029835,1.79250466824,0.283594369888
1.68186283112,0.353535354137,1.50434458256,1.7827963829,0.278451800346
1.71359610558,0.353535354137,1.49826419353,1.76728248596,0.269018292427
1.74532938004,0.353535354137,1.49067509174,1.74613654613,0.255461454391
1.77706253529,0.353535354137,1.48158502579,1.71958434582,0.23799932003
1.80879580975,0.353535354137,1.47100317478,1.68789875507,0.216895580292
1.84052908421,0.353535354137,1.45894002914,1.65139389038,0.192453861237
1.87226235867,0.353535354137,1.44540798664,1.61041855812,0.16501057148
1.90399563313,0.353535354137,1.43042039871,1.56534922123,0.134928822517
1.93572890759,0.353535354137,1.41399264336,1.51658415794,0.102591514587
1.96746218204,0.353535354137,1.39614105225,1.4645357132,0.0683946609497
1.9991953373,0.353535354137,1.37688362598,1.40962612629,0.0327425003052
2.03092861176,0.353535354137,1.35623991489,1.35228013992,0.00395977497101
2.06266188622,0.353535354137,1.33423054218,1.29292428493,0.0413062572479
2.09439516068,0.353535354137,1.31087768078,1.2319817543,0.0788959264755
2.12612843513,0.353535354137,1.28620481491,1.16987121105,0.116333603859
2.15786170959,0.353535354137,1.26023685932,1.10700333118,0.153233528137
2.18959498405,0.353535354137,1.23300004005,1.04377841949,0.18922162056
2.22132825851,0.353535354137,1.20452165604,0.980582594872,0.223939061165
2.25306153297,0.353535354137,1.1748303175,0.917782664299,0.257047653198
2.28479480743,0.353535354137,1.14395618439,0.855723202229,0.288232982159
2.31652784348,0.353535354137,1.11193037033,0.794719874859,0.317210495472
2.34826135635,0.353535354137,1.07878446579,0.735054790974,0.343729674816
2.3799943924,0.353535354137,1.04455268383,0.676976561546,0.367576122284
2.41172790527,0.353535354137,1.00926876068,0.620692968369,0.388575792313
2.44346094131,0.353535354137,0.97296911478,0.566376209259,0.406592905521
2.47519421577,0.353535354137,0.93568944931,0.514155447483,0.421534001827
2.50692749023,0.353535354137,0.89746761322,0.464123725891,0.433343887329
2.53866076469,0.353535354137,0.858342111111,0.416336268187,0.442005842924
2.57039403915,0.353535354137,0.818352341652,0.370812594891,0.447539746761
2.60212731361,0.353535354137,0.777538597584,0.327540546656,0.449998050928
2.63386058807,0.353535354137,0.735941886902,0.286478430033,0.449463456869
2.66559386253,0.353535354137,0.693604171276,0.247559309006,0.44604486227
2.69732713699,0.353535354137,0.650568008423,0.210695236921,0.439872771502
2.72906041145,0.353535354137,0.606876850128,0.175782069564,0.431094765663
2.76079368591,0.353535354137,0.562574505806,0.142702892423,0.419871628284
2.79252696037,0.353535354137,0.517705798149,0.111333750188,0.40637204051
2.82426023483,0.353535354137,0.472315788269,0.0815466418862,0.390769153833
2.85599327087,0.353535354137,0.426450550556,0.0532132424414,0.37323731184
2.88772678375,0.353535354137,0.380155146122,0.0262068826705,0.353948265314
2.91945981979,0.353535354137,0.333477735519,0.000407968647778,0.333069771528
2.95119309425,0.353535354137,0.28646415472,-0.0242988727987,0.310763031244
2.98292636871,0.353535354137,0.239162132144,-0.0480188131332,0.287180960178
3.01465964317,0.353535354137,0.191619306803,-0.070848762989,0.262468069792
3.04639291763,0.353535354137,0.143883526325,-0.0928763449192,0.236759871244
3.07812619209,0.353535354137,0.0960028767586,-0.114178985357,0.210181862116
3.10985946655,0.353535354137,0.0480255484581,-0.134824842215,0.182850390673
3.14159274101,0.353535354137,-1.32329333269e-07,-0.154872789979,0.154872655869
0,0.363636374474,0,-0.0983591228724,0.0983591228724
0.0317332595587,0.363636374474,0.04811431095,-0.0762179493904,0.124332264066
0.0634665191174,0.363636374474,0.0961801856756,-0.0538117922843,0.149991974235
0.095199778676,0.363636374474,0.144149199128,-0.0311221815646,0.175271376967
0.126933038235,0.363636374474,0.191973090172,-0.00812868867069,0.200101777911
0.158666297793,0.363636374474,0.23960365355,0.0151956984773,0.224407956004
0.190399557352,0.363636374474,0.286992967129,0.0388796105981,0.248113363981
0.222132816911,0.363636374474,0.334093302488,0.0629591345787,0.27113416791
0.253866076469,0.363636374474,0.380857229233,0.0874753966928,0.293381839991
0.285599350929,0.363636374474,0.427237719297,0.112477108836,0.314760625362
0.317332595587,0.363636374474,0.473187923431,0.13802112639,0.335166811943
0.349065840244,0.363636374474,0.518661677837,0.164172828197,0.35448884964
0.380799114704,0.363636374474,0.563613295555,0.191007271409,0.372606039047
0.412532389164,0.363636374474,0.607997298241,0.218608960509,0.38938832283
0.444265633821,0.363636374474,0.65176910162,0.247072979808,0.404696106911
0.475998878479,0.363636374474,0.694884717464,0.276502519846,0.418382197618
0.507732152939,0.363636374474,0.73730057478,0.307010263205,0.430290311575
0.539465427399,0.363636374474,0.778974056244,0.338714540005,0.440259516239
0.571198701859,0.363636374474,0.819863140583,0.371740192175,0.448122948408
0.602931916714,0.363636374474,0.859926700592,0.40621355176,0.453713148832
0.634665191174,0.363636374474,0.899124443531,0.442261844873,0.456862598658
0.666398465633,0.363636374474,0.937416732311,0.480007112026,0.457409620285
0.698131680489,0.363636374474,0.974765121937,0.519565165043,0.455199956894
0.729864954948,0.363636374474,1.01113212109,0.561038553715,0.450093567371
0.761598229408,0.363636374474,1.0464810133,0.6045114398,0.441969573498
0.793331503868,0.363636374474,1.08077609539,0.650045096874,0.430730998516
0.825064778328,0.363636374474,1.11398291588,0.697670042515,0.416312873363
0.856797993183,0.363636374474,1.14606809616,0.747381865978,0.398686230183
0.888531267643,0.363636374474,1.17699933052,0.79913264513,0.37786668539
0.920264542103,0.363636374474,1.20674526691,0.852828264236,0.353917002678
0.951997756958,0.363636374474,1.23527622223,0.908322155476,0.326954066753
0.983731031418,0.363636374474,1.26256334782,0.965414106846,0.297149240971
1.01546430588,0.363636374474,1.28857922554,1.0238468647,0.26473236084
1.04719758034,0.363636374474,1.31329751015,1.08330905437,0.229988455772
1.0789308548,0.363636374474,1.33669364452,1.14343619347,0.193257451057
1.11066412926,0.363636374474,1.3587436676,1.20381700993,0.154926657677
1.14239740372,0.363636374474,1.37942552567,1.26399767399,0.115427851677
1.17413055897,0.363636374474,1.39871835709,1.32349121571,0.0752271413803
1.20586383343,0.363636374474,1.41660284996,1.38178789616,0.034814953804
1.23759710789,0.363636374474,1.43306112289,1.43836092949,0.00529980659485
1.26933038235,0.363636374474,1.44807624817,1.49268138409,0.0446051359177
1.30106365681,0.363636374474,1.46163332462,1.54422545433,0.0825921297073
1.33279693127,0.363636374474,1.47371864319,1.5924847126,0.118766069412
1.36453020573,0.363636374474,1.48432004452,1.6369767189,0.152656674385
1.39626336098,0.363636374474,1.49342691898,1.67725241184,0.183825492859
1.42799663544,0.363636374474,1.50102996826,1.71290504932,0.211875081062
1.4597299099,0.363636374474,1.50712156296,1.74357402325,0.236452460289
1.49146318436,0.363636374474,1.51169586182,1.76895320415,0.257257342339
1.52319645882,0.363636374474,1.51474773884,1.78879225254,0.274044513702
1.55492973328,0.363636374474,1.51627457142,1.80290126801,0.286626696587
1.58666300774,0.363636374474,1.51627457142,1.81115067005,0.294876098633
1.6183962822,0.363636374474,1.51474773884,1.81347167492,0.298723936081
1.65012955666,0.363636374474,1.51169586182,1.80985617638,0.29816031456
1.68186283112,0.363636374474,1.50712156296,1.80035436153,0.293232798576
1.71359610558,0.363636374474,1.50102996826,1.78507328033,0.284043312073
1.74532938004,0.363636374474,1.49342691898,1.76417255402,0.270745635033
1.77706253529,0.363636374474,1.48432004452,1.73786377907,0.25354373455
1.80879580975,0.363636374474,1.47371864319,1.70640349388,0.232684850693
1.84052908421,0.363636374474,1.46163332462,1.67008912563,0.20845580101
1.87226235867,0.363636374474,1.44807624817,1.62925446033,0.181178212166
1.90399563313,0.363636374474,1.43306100368,1.58426332474,0.151202321053
1.93572890759,0.363636374474,1.41660284996,1.5355014801,0.118898630142
1.96746218204,0.363636374474,1.39871835709,1.48337292671,0.0846545696259
1.9991953373,0.363636374474,1.37942540646,1.42829334736,0.0488679409027
2.03092861176,0.363636374474,1.35874354839,1.37068378925,0.01194024086
2.06266188622,0.363636374474,1.33669352531,1.31096827984,0.0257252454758
2.09439516068,0.363636374474,1.31329751015,1.24957096577,0.0637265443802
2.12612843513,0.363636374474,1.28857910633,1.18691217899,0.101666927338
2.15786170959,0.363636374474,1.26256322861,1.12340664864,0.139156579971
2.18959498405,0.363636374474,1.23527622223,1.059461236,0.175814986229
2.22132825851,0.363636374474,1.20674514771,0.995470166206,0.211274981499
2.25306153297,0.363636374474,1.1769990921,0.931811213493,0.245187878609
2.28479480743,0.363636374474,1.14606797695,0.868839979172,0.27722799778
2.31652784348,0.363636374474,1.11398303509,0.806885361671,0.307097673416
2.34826135635,0.363636374474,1.08077585697,0.746242642403,0.334533214569
2.3799943924,0.363636374474,1.0464810133,0.687174797058,0.35930621624
2.41172790527,0.363636374474,1.01113188267,0.629901051521,0.381230831146
2.44346094131,0.363636374474,0.974765241146,0.574605107307,0.400160133839
2.47519421577,0.363636374474,0.937416732311,0.521426558495,0.415990173817
2.50692749023,0.363636374474,0.899124324322,0.470466941595,0.428657382727
2.53866076469,0.363636374474,0.859926581383,0.42178824544,0.438138335943
2.57039403915,0.363636374474,0.819863021374,0.375415742397,0.444447278976
2.60212731361,0.363636374474,0.778973937035,0.33134111762,0.447632819414
2.63386058807,0.363636374474,0.73730045557,0.28952512145,0.44777533412
2.66559386253,0.363636374474,0.694884538651,0.24990221858,0.44498232007
2.69732713699,0.363636374474,0.65176898241,0.212383970618,0.439384996891
2.72906041145,0.363636374474,0.607997119427,0.176865115762,0.431132018566
2.76079368591,0.363636374474,0.563613057137,0.143226504326,0.420386552811
2.79252696037,0.363636374474,0.518661499023,0.111340612173,0.40732088685
2.82426023483,0.363636374474,0.473187714815,0.0810756087303,0.392112106085
2.85599327087,0.363636374474,0.427237778902,0.0522995702922,0.374938219786
2.88772678375,0.363636374474,0.38085693121,0.0248811803758,0.355975747108
2.91945981979,0.363636374474,0.334093332291,-0.00130339618772,0.33539673686
2.95119309425,0.363636374474,0.286992967129,-0.0263732783496,0.313366234303
2.98292636871,0.363636374474,0.239603623748,-0.0504373647273,0.290040999651
3.01465964317,0.363636374474,0.191973045468,-0.0735960975289,0.265569150448
3.04639291763,0.363636374474,0.144149139524,-0.0959394127131,0.240088552237
3.07812619209,0.363636374474,0.0961800962687,-0.117547422647,0.213727518916
3.10985946655,0.363636374474,0.0481142066419,-0.138489589095,0.186603799462
3.14159274101,0.363636374474,-1.32573617861e-07,-0.158826097846,0.158825963736
0,0.373737365007,0,-0.101467840374,0.101467840374
0.0317332595587,0.373737365007,0.0482043139637,-0.0789059624076,0.127110272646
0.0634665191174,0.373737365007,0.0963601022959,-0.0560768209398,0.152436926961
0.095199778676,0.373737365007,0.144418850541,-0.0329626128078,0.177381455898
0.126933038235,0.373737365007,0.192332193255,-0.00954191852361,0.201874107122
0.158666297793,0.373737365007,0.240051850677,0.0142115205526,0.225840330124
0.190399557352,0.373737365007,0.287529826164,0.0383279845119,0.249201834202
0.222132816911,0.373737365007,0.334718257189,0.0628433823586,0.27187487483
0.253866076469,0.373737365007,0.381569683552,0.0878001749516,0.2937695086
0.285599350929,0.373737365007,0.428036928177,0.113247342408,0.31478959322
0.317332595587,0.373737365007,0.474073082209,0.139243423939,0.33482965827
0.349065840244,0.373737365007,0.519631922245,0.165855526924,0.353776395321
0.380799114704,0.373737365007,0.564667582512,0.193160504103,0.371507078409
0.412532389164,0.373737365007,0.609134614468,0.221245318651,0.387889295816
0.444265633821,0.373737365007,0.652988314629,0.25020685792,0.402781456709
0.475998878479,0.373737365007,0.696184515953,0.280151426792,0.416033089161
0.507732152939,0.373737365007,0.738679766655,0.311193615198,0.427486151457
0.539465427399,0.373737365007,0.780431210995,0.343454807997,0.436976402998
0.571198701859,0.373737365007,0.821396768093,0.377061188221,0.444335579872
0.602931916714,0.373737365007,0.861535251141,0.41214132309,0.449393928051
0.634665191174,0.373737365007,0.900806307793,0.448822766542,0.45198354125
0.666398465633,0.373737365007,0.939170300961,0.487228304148,0.451941996813
0.698131680489,0.373737365007,0.97658854723,0.527472138405,0.449116408825
0.729864954948,0.373737365007,1.01302349567,0.569654762745,0.443368732929
0.761598229408,0.373737365007,1.04843854904,0.613856673241,0.434581875801
0.793331503868,0.373737365007,1.08279776573,0.660133600235,0.422664165497
0.825064778328,0.373737365007,1.11606681347,0.708509802818,0.407557010651
0.856797993183,0.373737365007,1.14821195602,0.758971393108,0.389240562916
0.888531267643,0.373737365007,1.17920100689,0.811462759972,0.367738246918
0.920264542103,0.373737365007,1.20900261402,0.865877747536,0.343124866486
0.951997756958,0.373737365007,1.2375869751,0.92205953598,0.315527439117
0.983731031418,0.373737365007,1.26492512226,0.979796469212,0.285128653049
1.01546430588,0.373737365007,1.29098963737,1.03882169724,0.25216794014
1.04719758034,0.373737365007,1.31575417519,1.09881353378,0.216940641403
1.0789308548,0.373737365007,1.33919405937,1.1594004631,0.179793596268
1.11066412926,0.373737365007,1.36128532887,1.22016477585,0.141120553017
1.14239740372,0.373737365007,1.38200592995,1.28065001965,0.101355910301
1.17413055897,0.373737365007,1.40133488178,1.34036767483,0.060967206955
1.20586383343,0.373737365007,1.41925275326,1.39881014824,0.0204426050186
1.23759710789,0.373737365007,1.43574178219,1.45545625687,0.019714474678
1.26933038235,0.373737365007,1.45078504086,1.50978410244,0.0589990615845
1.30106365681,0.373737365007,1.46436738968,1.56127953529,0.0969121456146
1.33279693127,0.373737365007,1.47647547722,1.60944783688,0.132972359657
1.36453020573,0.373737365007,1.48709666729,1.65382003784,0.166723370552
1.39626336098,0.373737365007,1.49622046947,1.6939624548,0.197741985321
1.42799663544,0.373737365007,1.50383782387,1.72948348522,0.225645661354
1.4597299099,0.373737365007,1.50994086266,1.76003742218,0.250096559525
1.49146318436,0.373737365007,1.51452362537,1.78533196449,0.270808339119
1.52319645882,0.373737365007,1.51758122444,1.80512797832,0.287546753883
1.55492973328,0.373737365007,1.51911091805,1.81924343109,0.300132513046
1.58666300774,0.373737365007,1.51911091805,1.82755351067,0.308442592621
1.6183962822,0.373737365007,1.51758122444,1.82999026775,0.312409043312
1.65012955666,0.373737365007,1.51452362537,1.82654190063,0.312018275261
1.68186283112,0.373737365007,1.50994086266,1.81725156307,0.307310700417
1.71359610558,0.373737365007,1.50383782387,1.80221521854,0.298377394676
1.74532938004,0.373737365007,1.49622046947,1.78157961369,0.285359144211
1.77706253529,0.373737365007,1.48709666729,1.75554096699,0.268444299698
1.80879580975,0.373737365007,1.47647547722,1.72433853149,0.247863054276
1.84052908421,0.373737365007,1.46436738968,1.68825399876,0.223886609077
1.87226235867,0.373737365007,1.45078504086,1.64760494232,0.196819901466
1.90399563313,0.373737365007,1.43574166298,1.60274088383,0.166999220848
1.93572890759,0.373737365007,1.41925275326,1.55403530598,0.134782552719
1.96746218204,0.373737365007,1.40133488178,1.50188291073,0.100548028946
1.9991953373,0.373737365007,1.38200581074,1.44669115543,0.064685344696
2.03092861176,0.373737365007,1.36128520966,1.38887691498,0.0275917053223
2.06266188622,0.373737365007,1.33919394016,1.32886147499,0.0103324651718
2.09439516068,0.373737365007,1.31575417519,1.26706814766,0.0486860275269
2.12612843513,0.373737365007,1.29098951817,1.20391869545,0.0870708227158
2.15786170959,0.373737365007,1.26492500305,1.13983178139,0.125093221664
2.18959498405,0.373737365007,1.2375869751,1.07521867752,0.162368297577
2.22132825851,0.373737365007,1.20900249481,1.01048183441,0.1985206604
2.25306153297,0.373737365007,1.17920076847,0.946007788181,0.233192980289
2.28479480743,0.373737365007,1.14821171761,0.882163524628,0.266048192978
2.31652784348,0.373737365007,1.11606681347,0.819290399551,0.296776413918
2.34826135635,0.373737365007,1.08279752731,0.757697582245,0.325099945068
2.3799943924,0.373737365007,1.04843854904,0.697660505772,0.35077804327
2.41172790527,0.373737365007,1.01302337646,0.639412164688,0.373611211777
2.44346094131,0.373737365007,0.976588606834,0.58314794302,0.393440663815
2.47519421577,0.373737365007,0.939170300961,0.529017686844,0.410152614117
2.50692749023,0.373737365007,0.900806248188,0.477131396532,0.423674851656
2.53866076469,0.373737365007,0.861535191536,0.427559167147,0.433976024389
2.57039403915,0.373737365007,0.821396648884,0.380332201719,0.441064447165
2.60212731361,0.373737365007,0.780431091785,0.335446506739,0.444984585047
2.63386058807,0.373737365007,0.738679647446,0.292865842581,0.445813804865
2.66559386253,0.373737365007,0.696184396744,0.252526313066,0.443658083677
2.69732713699,0.373737365007,0.652988195419,0.21433994174,0.438648253679
2.72906041145,0.373737365007,0.609134435654,0.178200170398,0.430934250355
2.76079368591,0.373737365007,0.564667344093,0.143986389041,0.420680940151
2.79252696037,0.373737365007,0.519631743431,0.111567802727,0.408063948154
2.82426023483,0.373737365007,0.47407284379,0.0808091461658,0.393263697624
2.85599327087,0.373737365007,0.428036957979,0.051574382931,0.376462578773
2.88772678375,0.373737365007,0.381569355726,0.0237279683352,0.35784137249
2.91945981979,0.373737365007,0.334718286991,-0.0028578247875,0.337576121092
2.95119309425,0.373737365007,0.287529826164,-0.0283059738576,0.315835803747
2.98292636871,0.373737365007,0.240051835775,-0.0527296252549,0.292781472206
3.01465964317,0.373737365007,0.192332148552,-0.0762322545052,0.268564403057
3.04639291763,0.373737365007,0.144418790936,-0.098906122148,0.243324905634
3.07812619209,0.373737365007,0.0963600128889,-0.120833620429,0.217193633318
3.10985946655,0.373737365007,0.0482042059302,-0.142086356878,0.190290570259
3.14159274101,0.373737365007,-1.32821611487e-07,-0.162725299597,0.162725165486
0,0.383838385344,0,-0.104567050934,0.104567050934
0.0317332595587,0.383838385344,0.0482956133783,-0.0815705880523,0.129866197705
0.0634665191174,0.383838385344,0.0965426042676,-0.0583046041429,0.154847204685
0.095199778676,0.383838385344,0.144692361355,-0.0347511917353,0.17944355309
0.126933038235,0.383838385344,0.192696452141,-0.0108886705711,0.203585118055
0.158666297793,0.383838385344,0.240506500006,0.0133091593161,0.22719733417
0.190399557352,0.383838385344,0.288074374199,0.0378726758063,0.250201702118
0.222132816911,0.383838385344,0.335352212191,0.0628392919898,0.27251291275
0.253866076469,0.383838385344,0.382292330265,0.0882511138916,0.294041216373
0.285599350929,0.383838385344,0.42884761095,0.114159651101,0.3146879673
0.317332595587,0.383838385344,0.474970936775,0.140623539686,0.334347397089
0.349065840244,0.383838385344,0.520616054535,0.167712137103,0.352903902531
0.380799114704,0.383838385344,0.565737009048,0.19550383091,0.370233178139
0.412532389164,0.383838385344,0.610288321972,0.224088311195,0.386200010777
0.444265633821,0.383838385344,0.654225051403,0.253563702106,0.400661349297
0.475998878479,0.383838385344,0.697503089905,0.284040212631,0.413462877274
0.507732152939,0.383838385344,0.740078806877,0.315633803606,0.424445003271
0.539465427399,0.383838385344,0.781909286976,0.34846881032,0.433440476656
0.571198701859,0.383838385344,0.822952449322,0.382672816515,0.440279632807
0.602931916714,0.383838385344,0.863166987896,0.41837605834,0.444790929556
0.634665191174,0.383838385344,0.902512431145,0.455706506968,0.446805924177
0.666398465633,0.383838385344,0.94094902277,0.494786441326,0.446162581444
0.698131680489,0.383838385344,0.978438138962,0.535728633404,0.442709505558
0.729864954948,0.383838385344,1.01494216919,0.578630208969,0.43631196022
0.761598229408,0.383838385344,1.05042421818,0.623567521572,0.426856696606
0.793331503868,0.383838385344,1.08484852314,0.670589864254,0.414258658886
0.825064778328,0.383838385344,1.11818051338,0.719714581966,0.398465931416
0.856797993183,0.383838385344,1.15038657188,0.770918369293,0.379468202591
0.888531267643,0.383838385344,1.18143427372,0.824135065079,0.357299208641
0.920264542103,0.383838385344,1.21129238605,0.879248321056,0.332044064999
0.951997756958,0.383838385344,1.23993086815,0.9360896945,0.303841173649
0.983731031418,0.383838385344,1.26732087135,0.994436919689,0.272883951664
1.01546430588,0.383838385344,1.29343473911,1.05401265621,0.239422082901
1.04719758034,0.383838385344,1.31824612617,1.11448669434,0.203759431839
1.0789308548,0.383838385344,1.34173035622,1.17547988892,0.1662504673
1.11066412926,0.383838385344,1.36386358738,1.23657011986,0.127293467522
1.14239740372,0.383838385344,1.38462328911,1.29729819298,0.0873250961304
1.17413055897,0.383838385344,1.4039888382,1.35717666149,0.0468121767044
1.20586383343,0.383838385344,1.42194080353,1.41570055485,0.00624024868011
1.23759710789,0.383838385344,1.43846094608,1.47235524654,0.0338943004608
1.26933038235,0.383838385344,1.45353269577,1.52662670612,0.0730940103531
1.30106365681,0.383838385344,1.46714091301,1.5780134201,0.110872507095
1.33279693127,0.383838385344,1.47927176952,1.62603271008,0.146760940552
1.36453020573,0.383838385344,1.48991310596,1.67023122311,0.180318117142
1.39626336098,0.383838385344,1.4990541935,1.7101906538,0.211136460304
1.42799663544,0.383838385344,1.50668597221,1.74553537369,0.238849401474
1.4597299099,0.383838385344,1.5128005743,1.77593576908,0.263135194778
1.49146318436,0.383838385344,1.5173920393,1.8011122942,0.283720254898
1.52319645882,0.383838385344,1.52045547962,1.82083773613,0.300382256508
1.55492973328,0.383838385344,1.52198803425,1.83493816853,0.312950134277
1.58666300774,0.383838385344,1.52198803425,1.84329354763,0.321305513382
1.6183962822,0.383838385344,1.52045547962,1.8458366394,0.325381159782
1.65012955666,0.383838385344,1.5173920393,1.84255242348,0.325160384178
1.68186283112,0.383838385344,1.5128005743,1.83347702026,0.320676445961
1.71359610558,0.383838385344,1.50668597221,1.81869590282,0.312009930611
1.74532938004,0.383838385344,1.4990541935,1.79834330082,0.299289107323
1.77706253529,0.383838385344,1.48991310596,1.77259802818,0.282684922218
1.80879580975,0.383838385344,1.47927176952,1.74168431759,0.262412548065
1.84052908421,0.383838385344,1.46714091301,1.70586657524,0.238725662231
1.87226235867,0.383838385344,1.45353269577,1.6654458046,0.211913108826
1.90399563313,0.383838385344,1.43846094608,1.62075614929,0.182295203209
1.93572890759,0.383838385344,1.42194080353,1.5721590519,0.150218248367
1.96746218204,0.383838385344,1.4039888382,1.52003765106,0.116048812866
1.9991953373,0.383838385344,1.3846231699,1.46479201317,0.0801688432693
2.03092861176,0.383838385344,1.36386346817,1.40683197975,0.0429685115814
2.06266188622,0.383838385344,1.34173023701,1.34657645226,0.00484621524811
2.09439516068,0.383838385344,1.31824612617,1.28444731236,0.0337988138199
2.12612843513,0.383838385344,1.2934346199,1.22086703777,0.0725675821304
2.15786170959,0.383838385344,1.26732075214,1.15625596046,0.111064791679
2.18959498405,0.383838385344,1.23993086815,1.09103047848,0.148900389671
2.22132825851,0.383838385344,1.21129238605,1.02559888363,0.185693502426
2.25306153297,0.383838385344,1.18143415451,0.960356831551,0.22107732296
2.28479480743,0.383838385344,1.15038645267,0.895681321621,0.254705131054
2.31652784348,0.383838385344,1.11818063259,0.831925868988,0.286254763603
2.34826135635,0.383838385344,1.08484840393,0.769412636757,0.315435767174
2.3799943924,0.383838385344,1.05042421818,0.708430528641,0.341993689537
2.41172790527,0.383838385344,1.01494193077,0.649225771427,0.365716159344
2.44346094131,0.383838385344,0.978438198566,0.592005610466,0.3864325881
2.47519421577,0.383838385344,0.94094902277,0.536930799484,0.404018223286
2.50692749023,0.383838385344,0.902512311935,0.484121471643,0.418390840292
2.53866076469,0.383838385344,0.863166868687,0.433655023575,0.429511845112
2.57039403915,0.383838385344,0.822952330112,0.385569065809,0.437383264303
2.60212731361,0.383838385344,0.781909227371,0.339864850044,0.442044377327
2.63386058807,0.383838385344,0.740078628063,0.296509742737,0.443568885326
2.66559386253,0.383838385344,0.697502970695,0.25544154644,0.442061424255
2.69732713699,0.383838385344,0.654224932194,0.216573417187,0.437651515007
2.72906041145,0.383838385344,0.610288143158,0.179798215628,0.43048992753
2.76079368591,0.383838385344,0.565736830235,0.144993320107,0.420743525028
2.79252696037,0.383838385344,0.520615875721,0.112025924027,0.408589959145
2.82426023483,0.383838385344,0.474970728159,0.0807572007179,0.394213527441
2.85599327087,0.383838385344,0.428847640753,0.0510473027825,0.377800345421
2.88772678375,0.383838385344,0.382292032242,0.0227567814291,0.359535247087
2.91945981979,0.383838385344,0.335352241993,-0.00424606632441,0.339598298073
2.95119309425,0.383838385344,0.288074374199,-0.0300887860358,0.318163156509
2.98292636871,0.383838385344,0.240506470203,-0.0548876039684,0.295394062996
3.01465964317,0.383838385344,0.192696407437,-0.0787491723895,0.271445572376
3.04639291763,0.383838385344,0.144692316651,-0.101768553257,0.246460869908
3.07812619209,0.383838385344,0.0965425148606,-0.124030798674,0.220573306084
3.10985946655,0.383838385344,0.0482955053449,-0.145608589053,0.193904101849
3.14159274101,0.383838385344,-1.33073172037e-07,-0.166564181447,0.166564047337
0,0.39393940568,0,-0.107654169202,0.107654169202
0.0317332595587,0.39393940568,0.048388145864,-0.08420868963,0.132596835494
0.0634665191174,0.39393940568,0.0967275798321,-0.0604912526906,0.157218828797
0.095199778676,0.39393940568,0.144969597459,-0.0364836826921,0.181453287601
0.126933038235,0.39393940568,0.193065658212,-0.0121648767963,0.205230534077
0.158666297793,0.39393940568,0.240967303514,0.0124921007082,0.22847519815
0.190399557352,0.39393940568,0.28862631321,0.0375184491277,0.251107871532
0.222132816911,0.39393940568,0.335994720459,0.0629512295127,0.273043483496
0.253866076469,0.39393940568,0.383024811745,0.0888340622187,0.294190764427
0.285599350929,0.39393940568,0.429669260979,0.115218907595,0.314450353384
0.317332595587,0.39393940568,0.475880980492,0.142166495323,0.333714485168
0.349065840244,0.39393940568,0.521613538265,0.169747442007,0.351866096258
0.380799114704,0.39393940568,0.566820979118,0.198042169213,0.368778824806
0.412532389164,0.39393940568,0.611457586288,0.227142333984,0.384315252304
0.444265633821,0.39393940568,0.655478537083,0.257149070501,0.398329466581
0.475998878479,0.39393940568,0.698839485645,0.28817397356,0.410665512085
0.507732152939,0.39393940568,0.741496741772,0.320336550474,0.421160191298
0.539465427399,0.39393940568,0.783407390118,0.353762149811,0.429645240307
0.571198701859,0.39393940568,0.82452917099,0.38858050108,0.43594866991
0.602931916714,0.39393940568,0.86482077837,0.424922853708,0.439897924662
0.634665191174,0.39393940568,0.904241621494,0.462917298079,0.441324323416
0.666398465633,0.39393940568,0.942751824856,0.502685427666,0.44006639719
0.698131680489,0.39393940568,0.980312824249,0.544337213039,0.43597561121
0.729864954948,0.39393940568,1.01688671112,0.587966561317,0.428920149803
0.761598229408,0.39393940568,1.05243682861,0.633644163609,0.418792665005
0.793331503868,0.39393940568,1.08692705631,0.681412994862,0.405514061451
0.825064778328,0.39393940568,1.12032294273,0.731281399727,0.389041543007
0.856797993183,0.39393940568,1.15259075165,0.783217072487,0.369373679161
0.888531267643,0.39393940568,1.18369793892,0.837142586708,0.346555352211
0.920264542103,0.39393940568,1.21361327171,0.892930805683,0.32068246603
0.951997756958,0.39393940568,1.24230647087,0.950401902199,0.291904568672
0.983731031418,0.39393940568,1.26974892616,1.00932204723,0.260426878929
1.01546430588,0.39393940568,1.29591286182,1.06940472126,0.226508140564
1.04719758034,0.39393940568,1.3207719326,1.1303113699,0.190460562706
1.0789308548,0.39393940568,1.34430110455,1.1916564703,0.152644634247
1.11066412926,0.39393940568,1.36647665501,1.25301408768,0.113462567329
1.14239740372,0.39393940568,1.38727617264,1.31392359734,0.0733525753021
1.17413055897,0.39393940568,1.40667891502,1.37389934063,0.0327795743942
1.20586383343,0.39393940568,1.42466521263,1.43244075775,0.00777554512024
1.23759710789,0.39393940568,1.44121706486,1.48903989792,0.0478228330612
1.26933038235,0.39393940568,1.45631766319,1.5431933403,0.0868756771088
1.30106365681,0.39393940568,1.46995186806,1.59441101551,0.124459147453
1.33279693127,0.39393940568,1.48210597038,1.64222466946,0.160118699074
1.36453020573,0.39393940568,1.49276769161,1.68619740009,0.193429708481
1.39626336098,0.39393940568,1.50192642212,1.72592580318,0.223999381065
1.42799663544,0.39393940568,1.50957274437,1.76105201244,0.251479268074
1.4597299099,0.39393940568,1.51569902897,1.79126131535,0.275562286377
1.49146318436,0.39393940568,1.52029931545,1.81628763676,0.295988321304
1.52319645882,0.39393940568,1.52336859703,1.8359156847,0.312547087669
1.55492973328,0.39393940568,1.52490401268,1.84997999668,0.325075984001
1.58666300774,0.39393940568,1.52490401268,1.85836493969,0.33346092701
1.6183962822,0.39393940568,1.52336859703,1.86100423336,0.33763563633
1.65012955666,0.39393940568,1.52029931545,1.8578799963,0.337580680847
1.68186283112,0.39393940568,1.51569902897,1.84902179241,0.333322763443
1.71359610558,0.39393940568,1.50957274437,1.8345041275,0.324931383133
1.74532938004,0.39393940568,1.50192642212,1.81444835663,0.312521934509
1.77706253529,0.39393940568,1.49276769161,1.78901875019,0.296251058578
1.80879580975,0.39393940568,1.48210597038,1.75842225552,0.276316285133
1.84052908421,0.39393940568,1.46995186806,1.72290539742,0.252953529358
1.87226235867,0.39393940568,1.45631766319,1.68275356293,0.226435899734
1.90399563313,0.39393940568,1.44121694565,1.63828468323,0.197067737579
1.93572890759,0.39393940568,1.42466521263,1.5898462534,0.165181040764
1.96746218204,0.39393940568,1.40667891502,1.53781020641,0.131131291389
1.9991953373,0.39393940568,1.38727617264,1.48256731033,0.0952911376953
2.03092861176,0.39393940568,1.3664765358,1.42452120781,0.0580446720123
2.06266188622,0.39393940568,1.34430098534,1.36408638954,0.0197854042053
2.09439516068,0.39393940568,1.3207719326,1.30168223381,0.0190896987915
2.12612843513,0.39393940568,1.29591286182,1.23773121834,0.058181643486
2.15786170959,0.39393940568,1.26974892616,1.17265558243,0.0970933437347
2.18959498405,0.39393940568,1.24230647087,1.10687506199,0.135431408882
2.22132825851,0.39393940568,1.2136131525,1.04080271721,0.172810435295
2.25306153297,0.39393940568,1.1836977005,0.974842190742,0.208855509758
2.28479480743,0.39393940568,1.15259051323,0.909380018711,0.243210494518
2.31652784348,0.39393940568,1.12032306194,0.844781219959,0.275541841984
2.34826135635,0.39393940568,1.0869269371,0.781380653381,0.305546283722
2.3799943924,0.39393940568,1.05243682861,0.719480276108,0.332956552505
2.41172790527,0.39393940568,1.01688659191,0.659339785576,0.357546806335
2.44346094131,0.39393940568,0.980312883854,0.601178407669,0.379134476185
2.47519421577,0.39393940568,0.942751824856,0.545169234276,0.39758259058
2.50692749023,0.39393940568,0.904241502285,0.49144166708,0.412799835205
2.53866076469,0.39393940568,0.864820659161,0.440081506968,0.424739152193
2.57039403915,0.39393940568,0.824529111385,0.391133904457,0.433395206928
2.60212731361,0.39393940568,0.783407330513,0.344604700804,0.438802629709
2.63386058807,0.39393940568,0.741496622562,0.300465762615,0.441030859947
2.66559386253,0.39393940568,0.698839366436,0.258657693863,0.440181672573
2.69732713699,0.39393940568,0.655478358269,0.219094574451,0.436383783817
2.72906041145,0.39393940568,0.611457407475,0.181669235229,0.429788172245
2.76079368591,0.39393940568,0.5668207407,0.14625787735,0.42056286335
2.79252696037,0.39393940568,0.521613359451,0.112725540996,0.408887803555
2.82426023483,0.39393940568,0.475880742073,0.0809304043651,0.394950330257
2.85599327087,0.39393940568,0.429669320583,0.0507287159562,0.378940612078
2.88772678375,0.39393940568,0.383024483919,0.0219776332378,0.361046850681
2.91945981979,0.39393940568,0.335994750261,-0.0054592480883,0.341453999281
2.95119309425,0.39393940568,0.28862631321,-0.0317124538124,0.320338755846
2.98292636871,0.39393940568,0.240967273712,-0.0569024793804,0.297869741917
3.01465964317,0.39393940568,0.193065613508,-0.0811387225986,0.274204343557
3.04639291763,0.39393940568,0.144969537854,-0.104519777,0.249489307404
3.07812619209,0.39393940568,0.0967274829745,-0.127131983638,0.223859459162
3.10985946655,0.39393940568,0.0483880378306,-0.14904999733,0.197438031435
3.14159274101,0.39393940568,-1.33328128982e-07,-0.170336872339,0.170336738229
0,0.404040396214,0,-0.110726736486,0.110726736486
0.0317332595587,0.404040396214,0.0484818145633,-0.0868176594377,0.135299474001
0.0634665191174,0.404040396214,0.0969148278236,-0.0626334473491,0.159548282623
0.095199778676,0.404040396214,0.145250231028,-0.0381570719182,0.183407306671
0.126933038235,0.404040396214,0.193439394236,-0.0133664319292,0.206805825233
0.158666297793,0.404040396214,0.241433769464,0.0117650004104,0.22966876626
0.190399557352,0.404040396214,0.28918504715,0.0372691377997,0.251915901899
0.222132816911,0.404040396214,0.336645156145,0.0631835013628,0.273461639881
0.253866076469,0.404040396214,0.383766263723,0.0895530804992,0.294213175774
0.285599350929,0.404040396214,0.430501043797,0.116430491209,0.314070552588
0.317332595587,0.404040396214,0.476802200079,0.143877729774,0.332924485207
0.349065840244,0.404040396214,0.522623300552,0.171967089176,0.350656211376
0.380799114704,0.404040396214,0.567918241024,0.200781360269,0.367136895657
0.412532389164,0.404040396214,0.612641274929,0.230413988233,0.382227301598
0.444265633821,0.404040396214,0.656747400761,0.260968387127,0.395779013634
0.475998878479,0.404040396214,0.700192332268,0.29255887866,0.407633453608
0.507732152939,0.404040396214,0.742932200432,0.325306773186,0.417625427246
0.539465427399,0.404040396214,0.784923970699,0.359339892864,0.425584077835
0.571198701859,0.404040396214,0.826125383377,0.3947891891,0.431336194277
0.602931916714,0.404040396214,0.866494953632,0.431786358356,0.434708595276
0.634665191174,0.404040396214,0.905992090702,0.47045943141,0.435532659292
0.666398465633,0.404040396214,0.944576859474,0.510928273201,0.433648586273
0.698131680489,0.404040396214,0.98221051693,0.553300261497,0.428910255432
0.729864954948,0.404040396214,1.01885521412,0.597664773464,0.421190440655
0.761598229408,0.404040396214,1.05447411537,0.644086658955,0.410387456417
0.793331503868,0.404040396214,1.08903121948,0.692600905895,0.396430313587
0.825064778328,0.404040396214,1.12249171734,0.74320679903,0.379284918308
0.856797993183,0.404040396214,1.15482199192,0.795861721039,0.358960270882
0.888531267643,0.404040396214,1.18598937988,0.850477397442,0.335511982441
0.920264542103,0.404040396214,1.21596252918,0.906914830208,0.309047698975
0.951997756958,0.404040396214,1.24471139908,0.964982330799,0.279729068279
0.983731031418,0.404040396214,1.27220702171,1.02443671227,0.247770309448
1.01546430588,0.404040396214,1.29842162132,1.08498096466,0.213440656662
1.04719758034,0.404040396214,1.32332873344,1.14626908302,0.177059650421
1.0789308548,0.404040396214,1.34690344334,1.20791065693,0.138992786407
1.11066412926,0.404040396214,1.36912190914,1.2694760561,0.0996458530426
1.14239740372,0.404040396214,1.38996171951,1.33050560951,0.0594561100006
1.17413055897,0.404040396214,1.40940201283,1.39051520824,0.0188868045807
1.20586383343,0.404040396214,1.42742311954,1.44901061058,0.0215874910355
1.23759710789,0.404040396214,1.44400703907,1.50549149513,0.0614844560623
1.26933038235,0.404040396214,1.45913684368,1.55946552753,0.100328683853
1.30106365681,0.404040396214,1.47279751301,1.61045610905,0.137658596039
1.33279693127,0.404040396214,1.48497509956,1.65801012516,0.173035025597
1.36453020573,0.404040396214,1.495657444,1.70170557499,0.206048130989
1.39626336098,0.404040396214,1.50483381748,1.74115800858,0.236324191093
1.42799663544,0.404040396214,1.51249504089,1.77602410316,0.263529062271
1.4597299099,0.404040396214,1.51863324642,1.80600619316,0.287372946739
1.49146318436,0.404040396214,1.52324235439,1.83085155487,0.307609200478
1.52319645882,0.404040396214,1.52631759644,1.85035645962,0.324038863182
1.55492973328,0.404040396214,1.52785599232,1.86436355114,0.336507558823
1.58666300774,0.404040396214,1.52785599232,1.87276208401,0.34490609169
1.6183962822,0.404040396214,1.52631759644,1.87548696995,0.349169373512
1.65012955666,0.404040396214,1.52324235439,1.87251746655,0.349275112152
1.68186283112,0.404040396214,1.51863324642,1.86387634277,0.345243096352
1.71359610558,0.404040396214,1.51249504089,1.84962904453,0.337134003639
1.74532938004,0.404040396214,1.50483381748,1.82988321781,0.32504940033
1.77706253529,0.404040396214,1.495657444,1.80478811264,0.30913066864
1.80879580975,0.404040396214,1.48497509956,1.77453410625,0.289559006691
1.84052908421,0.404040396214,1.47279751301,1.73935079575,0.266553282738
1.87226235867,0.404040396214,1.45913684368,1.69950604439,0.240369200706
1.90399563313,0.404040396214,1.44400691986,1.65530204773,0.211295127869
1.93572890759,0.404040396214,1.42742311954,1.60707128048,0.179648160934
1.96746218204,0.404040396214,1.40940201283,1.55517363548,0.145771622658
1.9991953373,0.404040396214,1.38996171951,1.49999010563,0.110028386116
2.03092861176,0.404040396214,1.36912178993,1.4419169426,0.0727951526642
2.06266188622,0.404040396214,1.34690332413,1.38136339188,0.034460067749
2.09439516068,0.404040396214,1.32332873344,1.31874608994,0.00458264350891
2.12612843513,0.404040396214,1.29842150211,1.25448596478,0.0439355373383
2.15786170959,0.404040396214,1.2722069025,1.18900644779,0.0832004547119
2.18959498405,0.404040396214,1.24471139908,1.12272942066,0.121981978416
2.22132825851,0.404040396214,1.21596252918,1.05607283115,0.159889698029
2.25306153297,0.404040396214,1.18598914146,0.989446401596,0.196542739868
2.28479480743,0.404040396214,1.1548217535,0.923245131969,0.231576621532
2.31652784348,0.404040396214,1.12249183655,0.857845306396,0.264646530151
2.34826135635,0.404040396214,1.08903098106,0.793592870235,0.295438110828
2.3799943924,0.404040396214,1.05447411537,0.730803728104,0.323670387268
2.41172790527,0.404040396214,1.01885509491,0.669750630856,0.349104464054
2.44346094131,0.404040396214,0.982210636139,0.610665798187,0.371544837952
2.47519421577,0.404040396214,0.944576859474,0.553733944893,0.390842914581
2.50692749023,0.404040396214,0.905991971493,0.499094873667,0.406897097826
2.53866076469,0.404040396214,0.866494834423,0.446843534708,0.419651299715
2.57039403915,0.404040396214,0.826125264168,0.397032350302,0.429092913866
2.60212731361,0.404040396214,0.78492385149,0.349673360586,0.435250490904
2.63386058807,0.404040396214,0.742932021618,0.304742902517,0.438189119101
2.66559386253,0.404040396214,0.700192153454,0.262183964252,0.438008189201
2.69732713699,0.404040396214,0.656747281551,0.221913203597,0.434834063053
2.72906041145,0.404040396214,0.612641096115,0.183823630214,0.428817451
2.76079368591,0.404040396214,0.567918002605,0.147790521383,0.420127481222
2.79252696037,0.404040396214,0.522623121738,0.113677226007,0.408945888281
2.82426023483,0.404040396214,0.476801991463,0.0813388973475,0.395463109016
2.85599327087,0.404040396214,0.430501073599,0.0506286323071,0.379872441292
2.88772678375,0.404040396214,0.3837659657,0.0214001610875,0.362365812063
2.91945981979,0.404040396214,0.336645185947,-0.00648722890764,0.343132406473
2.95119309425,0.404040396214,0.28918504715,-0.0331680066884,0.322353065014
2.98292636871,0.404040396214,0.241433754563,-0.0587654076517,0.300199151039
3.01465964317,0.404040396214,0.193439349532,-0.0833929181099,0.276832282543
3.04639291763,0.404040396214,0.145250171423,-0.107151478529,0.252401649952
3.07812619209,0.404040396214,0.0969147309661,-0.130129307508,0.227044045925
3.10985946655,0.404040396214,0.0484817065299,-0.15240316093,0.200884863734
3.14159274101,0.404040396214,-1.33586226525e-07,-0.174036756158,0.174036622047
0,0.41414141655,0,-0.113780707121,0.113780707121
0.0317332595587,0.41414141655,0.048576567322,-0.0893928706646,0.137969434261
0.0634665191174,0.41414141655,0.097104229033,-0.0647274553776,0.16183167696
0.095199778676,0.41414141655,0.145534098148,-0.0397667847574,0.185300886631
0.126933038235,0.41414141655,0.193817451596,-0.0144890965894,0.20830655098
0.158666297793,0.41414141655,0.241905614734,0.0111323073506,0.230773299932
0.190399557352,0.41414141655,0.289750218391,0.0371300764382,0.252620130777
0.222132816911,0.41414141655,0.337303072214,0.0635421127081,0.273760974407
0.253866076469,0.41414141655,0.384516268969,0.0904140025377,0.29410225153
0.285599350929,0.41414141655,0.431342363358,0.117799751461,0.313542604446
0.317332595587,0.41414141655,0.477734029293,0.145762890577,0.331971138716
0.349065840244,0.41414141655,0.523644685745,0.17437684536,0.349267840385
0.380799114704,0.41414141655,0.569028139114,0.203727141023,0.365301012993
0.412532389164,0.41414141655,0.613838613033,0.233908236027,0.379930377007
0.444265633821,0.41414141655,0.658030927181,0.265027314425,0.393003612757
0.475998878479,0.41414141655,0.701560735703,0.297200113535,0.404360622168
0.507732152939,0.41414141655,0.744384109974,0.33055049181,0.413833618164
0.539465427399,0.41414141655,0.786457955837,0.365207731724,0.421250224113
0.571198701859,0.41414141655,0.82773989439,0.401303678751,0.426436215639
0.602931916714,0.41414141655,0.86818832159,0.438971191645,0.429217129946
0.634665191174,0.41414141655,0.907762646675,0.478336572647,0.429426074028
0.666398465633,0.41414141655,0.946422874928,0.519518315792,0.426904559135
0.698131680489,0.41414141655,0.984130084515,0.56261998415,0.421510100365
0.729864954948,0.41414141655,1.02084648609,0.607725858688,0.413120627403
0.761598229408,0.41414141655,1.05653500557,0.654893577099,0.401641428471
0.793331503868,0.41414141655,1.09115946293,0.704150497913,0.387008965015
0.825064778328,0.41414141655,1.12468540668,0.755485713482,0.369199693203
0.856797993183,0.41414141655,1.15707886219,0.808845221996,0.348233640194
0.888531267643,0.41414141655,1.1883071661,0.8641294837,0.3241776824
0.920264542103,0.41414141655,1.21833896637,0.921187996864,0.297150969505
0.951997756958,0.41414141655,1.24714398384,0.979817986488,0.267325997353
0.983731031418,0.41414141655,1.27469336987,1.03976476192,0.234928607941
1.01546430588,0.41414141655,1.30095911026,1.10072350502,0.20023560524
1.04719758034,0.41414141655,1.32591497898,1.16234099865,0.163573980331
1.0789308548,0.41414141655,1.34953570366,1.22422230244,0.125313401222
1.11066412926,0.41414141655,1.37179768085,1.28593635559,0.085861325264
1.14239740372,0.41414141655,1.3926782608,1.34702336788,0.0456548929214
1.17413055897,0.41414141655,1.41215646267,1.40700423717,0.00515222549438
1.20586383343,0.41414141655,1.43021273613,1.46539020538,0.0351774692535
1.23759710789,0.41414141655,1.44682908058,1.52169120312,0.0748621225357
1.26933038235,0.41414141655,1.4619884491,1.57542645931,0.113438010216
1.30106365681,0.41414141655,1.4756758213,1.62613344193,0.150457620621
1.33279693127,0.41414141655,1.48787724972,1.67337429523,0.185497045517
1.36453020573,0.41414141655,1.49858045578,1.71674478054,0.21816432476
1.39626336098,0.41414141655,1.50777482986,1.75587630272,0.248101472855
1.42799663544,0.41414141655,1.51545095444,1.79044365883,0.274992704391
1.4597299099,0.41414141655,1.52160108089,1.82016348839,0.298562407494
1.49146318436,0.41414141655,1.52621924877,1.8447984457,0.31857919693
1.52319645882,0.41414141655,1.52930057049,1.86415493488,0.334854364395
1.55492973328,0.41414141655,1.5308419466,1.87808418274,0.347242236137
1.58666300774,0.41414141655,1.5308419466,1.88648056984,0.355638623238
1.6183962822,0.41414141655,1.52930057049,1.88927984238,0.359979271889
1.65012955666,0.41414141655,1.52621924877,1.88645887375,0.360239624977
1.68186283112,0.41414141655,1.52160108089,1.87803399563,0.356432914734
1.71359610558,0.41414141655,1.51545095444,1.86406111717,0.348610162735
1.74532938004,0.41414141655,1.50777482986,1.8446354866,0.336860656738
1.77706253529,0.41414141655,1.49858045578,1.81989169121,0.321311235428
1.80879580975,0.41414141655,1.48787724972,1.79000353813,0.302126288414
1.84052908421,0.41414141655,1.4756758213,1.75518357754,0.279507756233
1.87226235867,0.41414141655,1.4619884491,1.7156816721,0.253693223
1.90399563313,0.41414141655,1.44682896137,1.67178416252,0.224955201149
1.93572890759,0.41414141655,1.43021273613,1.62380921841,0.193596482277
1.96746218204,0.41414141655,1.41215646267,1.57210195065,0.159945487976
1.9991953373,0.41414141655,1.39267814159,1.51703321934,0.124355077744
2.03092861176,0.41414141655,1.37179756165,1.45899164677,0.0871940851212
2.06266188622,0.41414141655,1.34953570366,1.39838004112,0.0488443374634
2.09439516068,0.41414141655,1.32591497898,1.33561146259,0.00969648361206
2.12612843513,0.41414141655,1.30095899105,1.27110505104,0.0298539400101
2.15786170959,0.41414141655,1.27469325066,1.20528364182,0.0694096088409
2.18959498405,0.41414141655,1.24714398384,1.13857078552,0.108573198318
2.22132825851,0.41414141655,1.21833884716,1.07138848305,0.146950364113
2.25306153297,0.41414141655,1.18830704689,1.00415098667,0.184156060219
2.28479480743,0.41414141655,1.15707862377,0.937261283398,0.219817340374
2.31652784348,0.41414141655,1.12468552589,0.871105074883,0.253580451012
2.34826135635,0.41414141655,1.09115934372,0.806039988995,0.285119354725
2.3799943924,0.41414141655,1.05653500557,0.74239474535,0.31414026022
2.41172790527,0.41414141655,1.02084624767,0.680454790592,0.340391457081
2.44346094131,0.41414141655,0.984130203724,0.620466470718,0.363663733006
2.47519421577,0.41414141655,0.946422874928,0.5626257658,0.383797109127
2.50692749023,0.41414141655,0.90776258707,0.507084190845,0.400678396225
2.53866076469,0.41414141655,0.868188261986,0.45394590497,0.414242357016
2.57039403915,0.41414141655,0.827739775181,0.403271019459,0.424468755722
2.60212731361,0.41414141655,0.786457836628,0.355078428984,0.431379407644
2.63386058807,0.41414141655,0.744383990765,0.309348970652,0.435035020113
2.66559386253,0.41414141655,0.701560616493,0.266029953957,0.435530662537
2.69732713699,0.41414141655,0.658030807972,0.22503952682,0.432991266251
2.72906041145,0.41414141655,0.613838434219,0.186271831393,0.427566587925
2.76079368591,0.41414141655,0.569027900696,0.149601742625,0.419426143169
2.79252696037,0.41414141655,0.523644506931,0.11489136517,0.408753156662
2.82426023483,0.41414141655,0.477733790874,0.0819933414459,0.395740449429
2.85599327087,0.41414141655,0.431342422962,0.0507578700781,0.380584537983
2.88772678375,0.41414141655,0.384515970945,0.0210346877575,0.363481283188
2.91945981979,0.41414141655,0.337303102016,-0.00732030253857,0.344623416662
2.95119309425,0.41414141655,0.289750218391,-0.0344453603029,0.324195563793
2.98292636871,0.41414141655,0.241905599833,-0.0604674555361,0.302373051643
3.01465964317,0.41414141655,0.193817406893,-0.0855029001832,0.279320299625
3.04639291763,0.41414141655,0.145534038544,-0.109655492008,0.255189538002
3.07812619209,0.41414141655,0.097104139626,-0.133015543222,0.230119675398
3.10985946655,0.41414141655,0.0485764555633,-0.155660867691,0.20423732698
3.14159274101,0.41414141655,-1.33847308348e-07,-0.177656814456,0.177656680346
0,0.424242436886,0,-0.116811797023,0.116811797023
0.0317332595587,0.424242436886,0.0486723482609,-0.0919306576252,0.140603005886
0.0634665191174,0.424242436886,0.0972956940532,-0.0667685493827,0.164064243436
0.095199778676,0.424242436886,0.145821064711,-0.0413081534207,0.187129214406
0.126933038235,0.424242436886,0.194199606776,-0.0155277745798,0.209727376699
0.158666297793,0.424242436886,0.242382600904,0.0105996895581,0.231782913208
0.190399557352,0.424242436886,0.290321558714,0.0371065214276,0.253215044737
0.222132816911,0.424242436886,0.337968170643,0.0640316307545,0.273936539888
0.253866076469,0.424242436886,0.385274469852,0.0914224460721,0.293852031231
0.285599350929,0.424242436886,0.432192891836,0.119332417846,0.312860488892
0.317332595587,0.424242436886,0.478676021099,0.147827640176,0.330848395824
0.349065840244,0.424242436886,0.524677217007,0.176982969046,0.347694247961
0.380799114704,0.424242436886,0.570150136948,0.20688508451,0.363265037537
0.412532389164,0.424242436886,0.61504894495,0.237631902099,0.37741702795
0.444265633821,0.424242436886,0.659328401089,0.269332379103,0.389996021986
0.475998878479,0.424242436886,0.702944040298,0.3021042943,0.400839745998
0.507732152939,0.424242436886,0.745851874352,0.336073249578,0.409778624773
0.539465427399,0.424242436886,0.78800868988,0.371370702982,0.416637986898
0.571198701859,0.424242436886,0.829371988773,0.408129513264,0.42124247551
0.602931916714,0.424242436886,0.869900226593,0.446481585503,0.42341864109
0.634665191174,0.424242436886,0.909552574158,0.486552596092,0.422999978065
0.666398465633,0.424242436886,0.948289036751,0.528458178043,0.419830858707
0.698131680489,0.424242436886,0.98607057333,0.572297632694,0.413772940636
0.729864954948,0.424242436886,1.02285933495,0.61814892292,0.404710412025
0.761598229408,0.424242436886,1.0586181879,0.666063249111,0.392554938793
0.793331503868,0.424242436886,1.0933110714,0.716057777405,0.377253293991
0.825064778328,0.424242436886,1.1269030571,0.768111169338,0.35879188776
0.856797993183,0.424242436886,1.15936028957,0.822158932686,0.337201356888
0.888531267643,0.424242436886,1.19065022469,0.878088355064,0.312561869621
0.920264542103,0.424242436886,1.22074127197,0.935737550259,0.285003721714
0.951997756958,0.424242436886,1.24960303307,0.994892776012,0.254710257053
0.983731031418,0.424242436886,1.27720677853,1.05528903008,0.221917748451
1.01546430588,0.424242436886,1.30352437496,1.11661326885,0.18691110611
1.04719758034,0.424242436886,1.32852935791,1.17850697041,0.150022387505
1.0789308548,0.424242436886,1.35219669342,1.24057066441,0.111626029015
1.11066412926,0.424242436886,1.37450253963,1.30237269402,0.0721298456192
1.14239740372,0.424242436886,1.39542424679,1.3634557724,0.0319684743881
1.17413055897,0.424242436886,1.41494083405,1.42334496975,0.00840413570404
1.20586383343,0.424242436886,1.43303287029,1.481559515,0.0485266447067
1.23759710789,0.424242436886,1.44968187809,1.5376200676,0.0879381895065
1.26933038235,0.424242436886,1.46487116814,1.59105861187,0.126187443733
1.30106365681,0.424242436886,1.47858548164,1.64142715931,0.162841677666
1.33279693127,0.424242436886,1.49081099033,1.68830418587,0.197493195534
1.36453020573,0.424242436886,1.50153541565,1.73130273819,0.22976732254
1.39626336098,0.424242436886,1.51074779034,1.7700715065,0.259323716164
1.42799663544,0.424242436886,1.51843905449,1.80430233479,0.285863280296
1.4597299099,0.424242436886,1.52460134029,1.83372724056,0.309125900269
1.49146318436,0.424242436886,1.52922868729,1.85812294483,0.328894257545
1.52319645882,0.424242436886,1.53231596947,1.87730693817,0.344990968704
1.55492973328,0.424242436886,1.53386044502,1.89113855362,0.357278108597
1.58666300774,0.424242436886,1.53386044502,1.8995167017,0.365656256676
1.6183962822,0.424242436886,1.53231596947,1.90237855911,0.370062589645
1.65012955666,0.424242436886,1.52922868729,1.89969873428,0.370470046997
1.68186283112,0.424242436886,1.52460134029,1.89148771763,0.366886377335
1.71359610558,0.424242436886,1.51843905449,1.87779188156,0.359352827072
1.74532938004,0.424242436886,1.51074779034,1.85869479179,0.347947001457
1.77706253529,0.424242436886,1.50153541565,1.83431661129,0.332781195641
1.80879580975,0.424242436886,1.49081099033,1.80481493473,0.314003944397
1.84052908421,0.424242436886,1.47858548164,1.77038526535,0.291799783707
1.87226235867,0.424242436886,1.46487116814,1.73126065731,0.266389489174
1.90399563313,0.424242436886,1.44968175888,1.68770992756,0.238028168678
1.93572890759,0.424242436886,1.43303287029,1.64003503323,0.207002162933
1.96746218204,0.424242436886,1.41494083405,1.58856904507,0.173628211021
1.9991953373,0.424242436886,1.39542412758,1.53367054462,0.138246417046
2.03092861176,0.424242436886,1.37450242043,1.47571849823,0.101216077805
2.06266188622,0.424242436886,1.35219657421,1.41510939598,0.0629128217697
2.09439516068,0.424242436886,1.32852935791,1.35225188732,0.0237225294113
2.12612843513,0.424242436886,1.30352425575,1.28756225109,0.0159620046616
2.15786170959,0.424242436886,1.27720665932,1.22146213055,0.0557445287704
2.18959498405,0.424242436886,1.24960303307,1.15437591076,0.0952271223068
2.22132825851,0.424242436886,1.22074115276,1.08672785759,0.134013295174
2.25306153297,0.424242436886,1.19065010548,1.01893651485,0.171713590622
2.28479480743,0.424242436886,1.15936017036,0.951411485672,0.207948684692
2.31652784348,0.424242436886,1.12690317631,0.884546637535,0.242356538773
2.34826135635,0.424242436886,1.09331083298,0.8187109828,0.274599850178
2.3799943924,0.424242436886,1.0586181879,0.754244685173,0.304373502731
2.41172790527,0.424242436886,1.02285909653,0.691447198391,0.331411898136
2.44346094131,0.424242436886,0.986070692539,0.630577504635,0.355493187904
2.47519421577,0.424242436886,0.948289036751,0.571844696999,0.376444339752
2.50692749023,0.424242436886,0.909552514553,0.515411615372,0.394140899181
2.53866076469,0.424242436886,0.869900107384,0.461392223835,0.408507883549
2.57039403915,0.424242436886,0.829371929169,0.409855186939,0.419516742229
2.60212731361,0.424242436886,0.788008570671,0.360826641321,0.42718192935
2.63386058807,0.424242436886,0.745851755142,0.314292341471,0.431559413671
2.66559386253,0.424242436886,0.702943921089,0.270204484463,0.432739436626
2.69732713699,0.424242436886,0.659328281879,0.228482991457,0.430845290422
2.72906041145,0.424242436886,0.615048766136,0.189024060965,0.426024705172
2.76079368591,0.424242436886,0.570149898529,0.151702493429,0.4184474051
2.79252696037,0.424242436886,0.524676978588,0.116378881037,0.408298105001
2.82426023483,0.424242436886,0.478675782681,0.0829048007727,0.395770967007
2.85599327087,0.424242436886,0.432192921638,0.0511269196868,0.381065994501
2.88772678375,0.424242436886,0.385274142027,0.0208916608244,0.364382475615
2.91945981979,0.424242436886,0.337968200445,-0.00794814433903,0.345916330814
2.95119309425,0.424242436886,0.290321558714,-0.0355350673199,0.325856626034
2.98292636871,0.424242436886,0.242382571101,-0.0619989521801,0.304381519556
3.01465964317,0.424242436886,0.194199562073,-0.0874597355723,0.281659305096
3.04639291763,0.424242436886,0.145821005106,-0.112023174763,0.257844179869
3.07812619209,0.424242436886,0.0972956046462,-0.135781958699,0.233077555895
3.10985946655,0.424242436886,0.0486722402275,-0.158815279603,0.207487523556
3.14159274101,0.424242436886,-1.34111218131e-07,-0.18118955195,0.181189417839
0,0.43434342742,0,-0.119816124439,0.119816124439
0.0317332595587,0.43434342742,0.0487690605223,-0.0944264605641,0.143195524812
0.0634665191174,0.43434342742,0.0974890217185,-0.0687519609928,0.166240990162
0.095199778676,0.43434342742,0.146110802889,-0.0427762195468,0.188887029886
0.126933038235,0.43434342742,0.194585487247,-0.0164773091674,0.211062788963
0.158666297793,0.43434342742,0.242864221334,0.0101718194783,0.232692405581
0.190399557352,0.43434342742,0.290898412466,0.0372040681541,0.253694355488
0.222132816911,0.43434342742,0.338639706373,0.0646588355303,0.273980855942
0.253866076469,0.43434342742,0.386040002108,0.0925840213895,0.293455988169
0.285599350929,0.43434342742,0.433051645756,0.121034540236,0.31201711297
0.317332595587,0.43434342742,0.479627162218,0.150077953935,0.329549193382
0.349065840244,0.43434342742,0.525719702244,0.179790705442,0.345928996801
0.380799114704,0.43434342742,0.571283042431,0.210261806846,0.361021220684
0.412532389164,0.43434342742,0.616271078587,0.241590842605,0.374680221081
0.444265633821,0.43434342742,0.660638511181,0.273888975382,0.386749535799
0.475998878479,0.43434342742,0.704340815544,0.307276427746,0.397064387798
0.507732152939,0.43434342742,0.747333884239,0.341880500317,0.405453383923
0.539465427399,0.43434342742,0.789574444294,0.377834260464,0.41174018383
0.571198701859,0.43434342742,0.831019937992,0.415270715952,0.41574922204
0.602931916714,0.43434342742,0.871628701687,0.454321354628,0.417307347059
0.634665191174,0.43434342742,0.911359846592,0.49511012435,0.416249722242
0.666398465633,0.43434342742,0.950173258781,0.537749528885,0.412423729897
0.698131680489,0.43434342742,0.988029897213,0.582333385944,0.405696511269
0.729864954948,0.43434342742,1.02489173412,0.628933668137,0.395958065987
0.761598229408,0.43434342742,1.06072163582,0.677592754364,0.383128881454
0.793331503868,0.43434342742,1.09548342228,0.72831761837,0.367165803909
0.825064778328,0.43434342742,1.12914216518,0.781076848507,0.348065316677
0.856797993183,0.43434342742,1.16166400909,0.835792720318,0.325871288776
0.888531267643,0.43434342742,1.19301605225,0.89234161377,0.300674438477
0.920264542103,0.43434342742,1.2231669426,0.950548827648,0.272618114948
0.951997756958,0.43434342742,1.25208604336,1.01018977165,0.241896271706
0.983731031418,0.43434342742,1.27974450588,1.07099080086,0.208753705025
1.01546430588,0.43434342742,1.3061144352,1.13263058662,0.173483848572
1.04719758034,0.43434342742,1.33116912842,1.1947453022,0.136423826218
1.0789308548,0.43434342742,1.3548835516,1.2569334507,0.0979501008987
1.11066412926,0.43434342742,1.37723362446,1.31876325607,0.0584703683853
1.14239740372,0.43434342742,1.39819693565,1.3797801733,0.018416762352
1.17413055897,0.43434342742,1.41775238514,1.4395160675,0.0217636823654
1.20586383343,0.43434342742,1.43588030338,1.49749863148,0.0616183280945
1.23759710789,0.43434342742,1.45256245136,1.55325984955,0.100697398186
1.26933038235,0.43434342742,1.46778190136,1.60634505749,0.138563156128
1.30106365681,0.43434342742,1.48152351379,1.65632176399,0.174798250198
1.33279693127,0.43434342742,1.49377334118,1.7027862072,0.20901286602
1.36453020573,0.43434342742,1.50451898575,1.74536812305,0.240849137306
1.39626336098,0.43434342742,1.51374971867,1.78373420238,0.269984483719
1.42799663544,0.43434342742,1.52145624161,1.81759297848,0.29613673687
1.4597299099,0.43434342742,1.52763080597,1.84669208527,0.319061279297
1.49146318436,0.43434342742,1.53226721287,1.87082087994,0.338553667068
1.52319645882,0.43434342742,1.53536069393,1.88980901241,0.354448318481
1.55492973328,0.43434342742,1.53690826893,1.90352320671,0.366614937782
1.58666300774,0.43434342742,1.53690826893,1.91186726093,0.374958992004
1.6183962822,0.43434342742,1.53536069393,1.9147797823,0.379419088364
1.65012955666,0.43434342742,1.53226721287,1.91223287582,0.379965662956
1.68186283112,0.43434342742,1.52763080597,1.90423178673,0.376600980759
1.71359610558,0.43434342742,1.52145624161,1.89081406593,0.369357824326
1.74532938004,0.43434342742,1.51374971867,1.87205183506,0.358302116394
1.77706253529,0.43434342742,1.50451898575,1.84805130959,0.343532323837
1.80879580975,0.43434342742,1.49377334118,1.81895446777,0.325181126595
1.84052908421,0.43434342742,1.48152351379,1.78494024277,0.303416728973
1.87226235867,0.43434342742,1.46778190136,1.74622368813,0.278441786766
1.90399563313,0.43434342742,1.45256233215,1.70305681229,0.250494480133
1.93572890759,0.43434342742,1.43588030338,1.65572631359,0.219846010208
1.96746218204,0.43434342742,1.41775238514,1.60455036163,0.186797976494
1.9991953373,0.43434342742,1.39819693565,1.54987549782,0.151678562164
2.03092861176,0.43434342742,1.37723362446,1.49207055569,0.114836931229
2.06266188622,0.43434342742,1.35488343239,1.43152475357,0.0766413211823
2.09439516068,0.43434342742,1.33116912842,1.36864066124,0.0374715328217
2.12612843513,0.43434342742,1.30611431599,1.30383121967,0.00228309631348
2.15786170959,0.43434342742,1.27974450588,1.2375164032,0.042228102684
2.18959498405,0.43434342742,1.25208604336,1.17012071609,0.0819653272629
2.22132825851,0.43434342742,1.22316682339,1.10206878185,0.121098041534
2.25306153297,0.43434342742,1.19301593304,1.03378272057,0.159233212471
2.28479480743,0.43434342742,1.16166377068,0.965677917004,0.195985853672
2.31652784348,0.43434342742,1.12914228439,0.898155331612,0.230986952782
2.34826135635,0.43434342742,1.09548330307,0.831593573093,0.263889729977
2.3799943924,0.43434342742,1.06072163582,0.766345143318,0.2943764925
2.41172790527,0.43434342742,1.02489161491,0.702721774578,0.322169840336
2.44346094131,0.43434342742,0.988030016422,0.640996098518,0.347033917904
2.47519421577,0.43434342742,0.950173258781,0.581389844418,0.368783414364
2.50692749023,0.43434342742,0.911359786987,0.524078011513,0.387281775475
2.53866076469,0.43434342742,0.871628642082,0.469185382128,0.402443259954
2.57039403915,0.43434342742,0.831019878387,0.416789531708,0.41423034668
2.60212731361,0.43434342742,0.789574384689,0.366923719645,0.422650665045
2.63386058807,0.43434342742,0.74733376503,0.319580346346,0.427753418684
2.66559386253,0.43434342742,0.70434063673,0.274715393782,0.429625242949
2.69732713699,0.43434342742,0.660638391972,0.232252955437,0.428385436535
2.72906041145,0.43434342742,0.616270899773,0.192089989781,0.424180924892
2.76079368591,0.43434342742,0.571282804012,0.154102742672,0.41718006134
2.79252696037,0.43434342742,0.52571952343,0.11815071851,0.40756881237
2.82426023483,0.43434342742,0.4796269238,0.0840837880969,0.395543128252
2.85599327087,0.43434342742,0.43305170536,0.0517464093864,0.38130530715
2.88772678375,0.43434342742,0.386039674282,0.0209817774594,0.365057885647
2.91945981979,0.43434342742,0.338639736176,-0.00836083572358,0.347000569105
2.95119309425,0.43434342742,0.290898412466,-0.0364271104336,0.3273255229
2.98292636871,0.43434342742,0.242864191532,-0.0633506178856,0.306214809418
3.01465964317,0.43434342742,0.194585442543,-0.0892537385225,0.283839166164
3.04639291763,0.43434342742,0.146110758185,-0.114245474339,0.260356247425
3.07812619209,0.43434342742,0.0974889323115,-0.138420343399,0.235909283161
3.10985946655,0.43434342742,0.0487689524889,-0.161858782172,0.210627734661
3.14159274101,0.43434342742,-1.34377700078e-07,-0.184627249837,0.184627115726
0,0.444444447756,0,-0.122788846493,0.122788846493
0.0317332595587,0.444444447756,0.0488666296005,-0.0968748033047,0.145741432905
0.0634665191174,0.444444447756,0.0976840704679,-0.0706723928452,0.168356463313
0.095199778676,0.444444447756,0.146403133869,-0.0441650263965,0.190568163991
0.126933038235,0.444444447756,0.194974794984,-0.0173318721354,0.212306663394
0.158666297793,0.444444447756,0.243350103498,0.00985515490174,0.233494952321
0.190399557352,0.444444447756,0.29148042202,0.037428881973,0.254051536322
0.222132816911,0.444444447756,0.33931723237,0.0654293522239,0.273887872696
0.253866076469,0.444444447756,0.386812359095,0.0939051434398,0.292907208204
0.285599350929,0.444444447756,0.433918058872,0.122913040221,0.311005026102
0.317332595587,0.444444447756,0.480586737394,0.152520939708,0.328065812588
0.349065840244,0.444444447756,0.52677154541,0.182807400823,0.343964159489
0.380799114704,0.444444447756,0.572425961494,0.213863670826,0.358562290668
0.412532389164,0.444444447756,0.617504000664,0.245791345835,0.371712654829
0.444265633821,0.444444447756,0.661960244179,0.278703629971,0.383256614208
0.475998878479,0.444444447756,0.705749988556,0.312723219395,0.393026769161
0.507732152939,0.444444447756,0.748829066753,0.347978770733,0.400850296021
0.539465427399,0.444444447756,0.791154146194,0.384603649378,0.406550496817
0.571198701859,0.444444447756,0.832682549953,0.422732323408,0.409950226545
0.602931916714,0.444444447756,0.873372554779,0.462494790554,0.410877764225
0.634665191174,0.444444447756,0.91318321228,0.504012465477,0.409170746803
0.666398465633,0.444444447756,0.952074289322,0.547393858433,0.404680430889
0.698131680489,0.444444447756,0.990006625652,0.592728018761,0.397278606892
0.729864954948,0.444444447756,1.02694225311,0.640078008175,0.386864244938
0.761598229408,0.444444447756,1.06284379959,0.689477980137,0.373365819454
0.793331503868,0.444444447756,1.09767520428,0.740924477577,0.3567507267
0.825064778328,0.444444447756,1.13140130043,0.79437315464,0.33702814579
0.856797993183,0.444444447756,1.1639881134,0.849735915661,0.314252197742
0.888531267643,0.444444447756,1.19540297985,0.906875729561,0.28852725029
0.920264542103,0.444444447756,1.22561407089,0.965606093407,0.260007977486
0.951997756958,0.444444447756,1.25459110737,1.02569174767,0.228899359703
0.983731031418,0.444444447756,1.282304883,1.08685052395,0.195454359055
1.01546430588,0.444444447756,1.30872750282,1.1487544775,0.159973025322
1.04719758034,0.444444447756,1.33383238316,1.21103429794,0.122798085213
1.0789308548,0.444444447756,1.35759425163,1.27328789234,0.0843063592911
1.11066412926,0.444444447756,1.37998902798,1.33508503437,0.0449039936066
1.14239740372,0.444444447756,1.40099430084,1.39597451687,0.00501978397369
1.17413055897,0.444444447756,1.42058885098,1.45549619198,0.0349073410034
1.20586383343,0.444444447756,1.43875300884,1.5131868124,0.0744338035583
1.23759710789,0.444444447756,1.45546853542,1.56859052181,0.113121986389
1.26933038235,0.444444447756,1.47071838379,1.62126803398,0.150549650192
1.30106365681,0.444444447756,1.48448753357,1.67080271244,0.186315178871
1.33279693127,0.444444447756,1.49676179886,1.71680760384,0.220045804977
1.36453020573,0.444444447756,1.50752902031,1.75893032551,0.251401305199
1.39626336098,0.444444447756,1.51677823067,1.7968556881,0.280077457428
1.42799663544,0.444444447756,1.52450025082,1.83030843735,0.305808186531
1.4597299099,0.444444447756,1.53068709373,1.85905182362,0.328364729881
1.49146318436,0.444444447756,1.53533279896,1.88288831711,0.34755551815
1.52319645882,0.444444447756,1.5384324789,1.90165841579,0.36322593689
1.55492973328,0.444444447756,1.53998315334,1.91523611546,0.375252962112
1.58666300774,0.444444447756,1.53998315334,1.92353069782,0.383547544479
1.6183962822,0.444444447756,1.5384324789,1.92648088932,0.388048410416
1.65012955666,0.444444447756,1.53533279896,1.92405796051,0.388725161552
1.68186283112,0.444444447756,1.53068709373,1.91626131535,0.385574221611
1.71359610558,0.444444447756,1.52450025082,1.90312159061,0.378621339798
1.74532938004,0.444444447756,1.51677823067,1.88469827175,0.367920041084
1.77706253529,0.444444447756,1.50752902031,1.86108517647,0.353556156158
1.80879580975,0.444444447756,1.49676179886,1.83240926266,0.335647463799
1.84052908421,0.444444447756,1.48448753357,1.79883229733,0.314344763756
1.87226235867,0.444444447756,1.47071838379,1.76055264473,0.289834260941
1.90399563313,0.444444447756,1.45546841621,1.71780562401,0.262337207794
1.93572890759,0.444444447756,1.43875300884,1.67086112499,0.23210811615
1.96746218204,0.444444447756,1.42058885098,1.62002229691,0.19943344593
1.9991953373,0.444444447756,1.40099418163,1.56562328339,0.164629101753
2.03092861176,0.444444447756,1.37998902798,1.50802183151,0.128032803535
2.06266188622,0.444444447756,1.35759413242,1.44759881496,0.0900046825409
2.09439516068,0.444444447756,1.33383238316,1.38475060463,0.0509182214737
2.12612843513,0.444444447756,1.30872750282,1.31988549232,0.011157989502
2.15786170959,0.444444447756,1.28230476379,1.2534211874,0.0288835763931
2.18959498405,0.444444447756,1.25459110737,1.18578016758,0.0688109397888
2.22132825851,0.444444447756,1.22561395168,1.11738801003,0.108225941658
2.25306153297,0.444444447756,1.19540274143,1.04866921902,0.146733522415
2.28479480743,0.444444447756,1.16398787498,0.980042219162,0.183945655823
2.31652784348,0.444444447756,1.13140130043,0.911915123463,0.219486176968
2.34826135635,0.444444447756,1.09767496586,0.844675242901,0.252999722958
2.3799943924,0.444444447756,1.06284379959,0.778685867786,0.284157931805
2.41172790527,0.444444447756,1.02694201469,0.714271247387,0.312670767307
2.44346094131,0.444444447756,0.990006744862,0.651717185974,0.338289558887
2.47519421577,0.444444447756,0.952074289322,0.591259121895,0.360815167427
2.50692749023,0.444444447756,0.913183093071,0.53308391571,0.380099177361
2.53866076469,0.444444447756,0.873372495174,0.477327615023,0.396044880152
2.57039403915,0.444444447756,0.832682490349,0.424077898264,0.408604592085
2.60212731361,0.444444447756,0.791154026985,0.373375654221,0.417778372765
2.63386058807,0.444444447756,0.748828947544,0.325219780207,0.423609167337
2.66559386253,0.444444447756,0.705749809742,0.279571384192,0.42617842555
2.69732713699,0.444444447756,0.661960065365,0.236358389258,0.425601661205
2.72906041145,0.444444447756,0.61750382185,0.195479691029,0.422024130821
2.76079368591,0.444444447756,0.572425723076,0.156812846661,0.415612876415
2.79252696037,0.444444447756,0.526771366596,0.120217166841,0.406554192305
2.82426023483,0.444444447756,0.480586498976,0.0855411961675,0.395045310259
2.85599327087,0.444444447756,0.433918088675,0.0526272803545,0.381290793419
2.88772678375,0.444444447756,0.386812031269,0.0213157236576,0.365496307611
2.91945981979,0.444444447756,0.33931723237,-0.00854726787657,0.347864508629
2.95119309425,0.444444447756,0.29148042202,-0.0371105968952,0.328591018915
2.98292636871,0.444444447756,0.243350088596,-0.064511783421,0.307861864567
3.01465964317,0.444444447756,0.19497475028,-0.0908753722906,0.28585010767
3.04639291763,0.444444447756,0.146403074265,-0.116313174367,0.26271623373
3.07812619209,0.444444447756,0.0976839736104,-0.140921279788,0.238605260849
3.10985946655,0.444444447756,0.0488665215671,-0.16478189826,0.213648423553
3.14159274101,0.444444447756,-1.34646555239e-07,-0.187961578369,0.187961444259
0,0.454545468092,0,-0.125724345446,0.125724345446
0.0317332595587,0.454545468092,0.0489650182426,-0.0992707237601,0.148235738277
0.0634665191174,0.454545468092,0.097880743444,-0.0725241750479,0.170404911041
0.095199778676,0.454545468092,0.146697893739,-0.0454695634544,0.192167460918
0.126933038235,0.454545468092,0.195367351174,-0.0180851556361,0.213452503085
0.158666297793,0.454545468092,0.243840068579,0.00965577363968,0.234184294939
0.190399557352,0.454545468092,0.292067289352,0.0377876348794,0.254279643297
0.222132816911,0.454545468092,0.340000391006,0.066350325942,0.273650050163
0.253866076469,0.454545468092,0.387591153383,0.0953929573298,0.292198181152
0.285599350929,0.454545468092,0.434791713953,0.124973982573,0.30981773138
0.317332595587,0.454545468092,0.481554329395,0.155162781477,0.326391547918
0.349065840244,0.454545468092,0.527832150459,0.186039954424,0.341792196035
0.380799114704,0.454545468092,0.573578476906,0.2176977247,0.355880737305
0.412532389164,0.454545468092,0.618747293949,0.250240087509,0.36850720644
0.444265633821,0.454545468092,0.663293004036,0.283783107996,0.37950989604
0.475998878479,0.454545468092,0.707170903683,0.318450152874,0.388720750809
0.507732152939,0.454545468092,0.750336766243,0.354372620583,0.39596414566
0.539465427399,0.454545468092,0.792747020721,0.391684174538,0.401062846184
0.571198701859,0.454545468092,0.834359109402,0.430518656969,0.403840452433
0.602931916714,0.454545468092,0.875131011009,0.471004933119,0.40412607789
0.634665191174,0.454545468092,0.915021777153,0.513262033463,0.40175974369
0.666398465633,0.454545468092,0.953991174698,0.557392597198,0.396598577499
0.698131680489,0.454545468092,0.991999924183,0.603479743004,0.388520181179
0.729864954948,0.454545468092,1.02900981903,0.651579320431,0.3774304986
0.761598229408,0.454545468092,1.06498372555,0.701714217663,0.363269507885
0.793331503868,0.454545468092,1.0998852253,0.753870368004,0.346014857292
0.825064778328,0.454545468092,1.13367927074,0.807991564274,0.32568770647
0.856797993183,0.454545468092,1.16633164883,0.863976240158,0.302355408669
0.888531267643,0.454545468092,1.19780981541,0.921675622463,0.276134192944
0.920264542103,0.454545468092,1.22808170319,0.980891942978,0.247189760208
0.951997756958,0.454545468092,1.257117033,1.04137921333,0.215737819672
0.983731031418,0.454545468092,1.2848867178,1.1028470993,0.182039618492
1.01546430588,0.454545468092,1.31136250496,1.16496169567,0.146400809288
1.04719758034,0.454545468092,1.33651793003,1.22735095024,0.10916697979
1.0789308548,0.454545468092,1.36032760143,1.28961133957,0.0707162618637
1.11066412926,0.454545468092,1.3827675581,1.35131502151,0.0314525365829
1.14239740372,0.454545468092,1.40381503105,1.41201663017,0.00820159912109
1.17413055897,0.454545468092,1.42344903946,1.47126328945,0.0478142499924
1.20586383343,0.454545468092,1.44164979458,1.52860343456,0.0869536399841
1.23759710789,0.454545468092,1.45839893818,1.583594203,0.125195264816
1.26933038235,0.454545468092,1.47367954254,1.63581132889,0.162131786346
1.30106365681,0.454545468092,1.48747634888,1.68485450745,0.197378158569
1.33279693127,0.454545468092,1.4997754097,1.73035562038,0.230580210686
1.36453020573,0.454545468092,1.51056420803,1.77197885513,0.261414647102
1.39626336098,0.454545468092,1.51983213425,1.8094278574,0.289595723152
1.42799663544,0.454545468092,1.5275696516,1.84244263172,0.314872980118
1.4597299099,0.454545468092,1.5337690115,1.87080264091,0.337033629417
1.49146318436,0.454545468092,1.53842401505,1.89432215691,0.355898141861
1.52319645882,0.454545468092,1.54153001308,1.91285216808,0.371322154999
1.55492973328,0.454545468092,1.54308366776,1.92627549171,0.383191823959
1.58666300774,0.454545468092,1.54308366776,1.93450415134,0.391420483589
1.6183962822,0.454545468092,1.54153001308,1.93748009205,0.395950078964
1.65012955666,0.454545468092,1.53842401505,1.93517160416,0.396747589111
1.68186283112,0.454545468092,1.5337690115,1.92757380009,0.393804788589
1.71359610558,0.454545468092,1.5275696516,1.91470909119,0.387139439583
1.74532938004,0.454545468092,1.51983213425,1.89662742615,0.376795291901
1.77706253529,0.454545468092,1.51056420803,1.8734099865,0.362845778465
1.80879580975,0.454545468092,1.4997754097,1.8451679945,0.345392584801
1.84052908421,0.454545468092,1.48747634888,1.81204795837,0.324571609497
1.87226235867,0.454545468092,1.47367954254,1.77423191071,0.300552368164
1.90399563313,0.454545468092,1.45839881897,1.73193728924,0.273538470268
1.93572890759,0.454545468092,1.44164979458,1.68541789055,0.24376809597
1.96746218204,0.454545468092,1.42344903946,1.6349619627,0.211512923241
1.9991953373,0.454545468092,1.40381503105,1.58088970184,0.177074670792
2.03092861176,0.454545468092,1.38276743889,1.52354717255,0.140779733658
2.06266188622,0.454545468092,1.36032748222,1.463306427,0.102978944778
2.09439516068,0.454545468092,1.33651793003,1.40055596828,0.0640380382538
2.12612843513,0.454545468092,1.31136238575,1.33569955826,0.0243371725082
2.15786170959,0.454545468092,1.28488659859,1.26915049553,0.0157361030579
2.18959498405,0.454545468092,1.257117033,1.20132994652,0.0557870864868
2.22132825851,0.454545468092,1.22808158398,1.13266253471,0.095419049263
2.25306153297,0.454545468092,1.19780957699,1.06357359886,0.134235978127
2.28479480743,0.454545468092,1.16633152962,0.99448466301,0.171846866608
2.31652784348,0.454545468092,1.13367927074,0.925809085369,0.207870185375
2.34826135635,0.454545468092,1.09988498688,0.857941448689,0.241943538189
2.3799943924,0.454545468092,1.06498372555,0.791255414486,0.273728311062
2.41172790527,0.454545468092,1.02900969982,0.726087152958,0.302922546864
2.44346094131,0.454545468092,0.991999983788,0.662735700607,0.32926428318
2.47519421577,0.454545468092,0.953991174698,0.601449429989,0.352541744709
2.50692749023,0.454545468092,0.915021717548,0.542428433895,0.372593283653
2.53866076469,0.454545468092,0.875130951405,0.485820740461,0.389310210943
2.57039403915,0.454545468092,0.834358990192,0.43172365427,0.402635335922
2.60212731361,0.454545468092,0.792746961117,0.38018733263,0.412559628487
2.63386058807,0.454545468092,0.750336587429,0.331217080355,0.419119507074
2.66559386253,0.454545468092,0.707170784473,0.284779906273,0.422390878201
2.69732713699,0.454545468092,0.663292884827,0.240807488561,0.422485411167
2.72906041145,0.454545468092,0.618747115135,0.199202358723,0.419544756413
2.76079368591,0.454545468092,0.573578298092,0.159842774272,0.413735508919
2.79252696037,0.454545468092,0.527831971645,0.1225887537,0.405243217945
2.82426023483,0.454545468092,0.481554120779,0.0872877910733,0.394266337156
2.85599327087,0.454545468092,0.434791743755,0.0537802502513,0.381011486053
2.88772678375,0.454545468092,0.387590825558,0.0219042561948,0.365686565638
2.91945981979,0.454545468092,0.340000420809,-0.00849698018283,0.348497390747
2.95119309425,0.454545468092,0.292067289352,-0.0375759080052,0.329643189907
2.98292636871,0.454545468092,0.243840053678,-0.0654724389315,0.309312492609
3.01465964317,0.454545468092,0.195367306471,-0.092314787209,0.287682086229
3.04639291763,0.454545468092,0.146697834134,-0.11821654439,0.264914393425
3.07812619209,0.454545468092,0.097880654037,-0.143276020885,0.241156667471
3.10985946655,0.454545468092,0.0489649102092,-0.167575925589,0.216540843248
3.14159274101,0.454545468092,-1.34917641503e-07,-0.191184237599,0.191184103489
0,0.464646458626,0,-0.128617197275,0.128617197275
0.0317332595587,0.464646458626,0.0490641221404,-0.10160754621,0.1506716609
0.0634665191174,0.464646458626,0.098078854382,-0.0743010342121,0.172379881144
0.095199778676,0.464646458626,0.146994799376,-0.0466824658215,0.193677261472
0.126933038235,0.464646458626,0.195762768388,-0.0187308937311,0.214493662119
0.158666297793,0.464646458626,0.244333595037,0.00958091113716,0.234752684832
0.190399557352,0.464646458626,0.292658418417,0.0382867865264,0.254371643066
0.222132816911,0.464646458626,0.340688556433,0.0674278363585,0.273260712624
0.253866076469,0.464646458626,0.388375610113,0.0970542579889,0.291321337223
0.285599350929,0.464646458626,0.435671687126,0.127224877477,0.308446824551
0.317332595587,0.464646458626,0.482528984547,0.158011361957,0.324517607689
0.349065840244,0.464646458626,0.528900444508,0.189494788647,0.339405655861
0.380799114704,0.464646458626,0.574739396572,0.221770375967,0.352969020605
0.412532389164,0.464646458626,0.619999587536,0.254943996668,0.365055590868
0.444265633821,0.464646458626,0.66463547945,0.289133042097,0.375502437353
0.475998878479,0.464646458626,0.708602190018,0.324463814497,0.384138375521
0.507732152939,0.464646458626,0.751855373383,0.361067861319,0.390787512064
0.539465427399,0.464646458626,0.794351518154,0.399080336094,0.39527118206
0.571198701859,0.464646458626,0.836047768593,0.438633561134,0.397414207458
0.602931916714,0.464646458626,0.876902222633,0.47985497117,0.397047251463
0.634665191174,0.464646458626,0.916873753071,0.52285939455,0.394014358521
0.666398465633,0.464646458626,0.955922007561,0.567745268345,0.388176739216
0.698131680489,0.464646458626,0.994007647038,0.614587605,0.379420042038
0.729864954948,0.464646458626,1.03109252453,0.663433492184,0.367659032345
0.761598229408,0.464646458626,1.06713926792,0.714295089245,0.352844178677
0.793331503868,0.464646458626,1.10211133957,0.767147123814,0.334964215755
0.825064778328,0.464646458626,1.13597369194,0.82192003727,0.314053654671
0.856797993183,0.464646458626,1.16869223118,0.878499865532,0.290192365646
0.888531267643,0.464646458626,1.20023405552,0.936725497246,0.263508558273
0.920264542103,0.464646458626,1.23056733608,0.996387898922,0.23417943716
0.951997756958,0.464646458626,1.25966143608,1.05723202229,0.202429413795
0.983731031418,0.464646458626,1.28748726845,1.11895883083,0.168528437614
1.01546430588,0.464646458626,1.31401669979,1.18123006821,0.132786631584
1.04719758034,0.464646458626,1.33922290802,1.24367105961,0.0955518484116
1.0789308548,0.464646458626,1.36308085918,1.30587899685,0.0572018623352
1.11066412926,0.464646458626,1.38556623459,1.36742901802,0.018137216568
1.14239740372,0.464646458626,1.40665638447,1.42788290977,0.0212265253067
1.17413055897,0.464646458626,1.42633008957,1.48679578304,0.0604656934738
1.20586383343,0.464646458626,1.44456756115,1.54372835159,0.0991607904434
1.23759710789,0.464646458626,1.4613506794,1.59825205803,0.136901378632
1.26933038235,0.464646458626,1.47666227818,1.64995801449,0.173295736313
1.30106365681,0.464646458626,1.49048697948,1.69846391678,0.207976937294
1.33279693127,0.464646458626,1.50281095505,1.74341821671,0.240607261658
1.36453020573,0.464646458626,1.51362156868,1.78450453281,0.270882964134
1.39626336098,0.464646458626,1.52290809155,1.82144236565,0.298534274101
1.42799663544,0.464646458626,1.53066134453,1.85399007797,0.323328733444
1.4597299099,0.464646458626,1.5368732214,1.88193953037,0.345066308975
1.49146318436,0.464646458626,1.54153776169,1.90511953831,0.363581776619
1.52319645882,0.464646458626,1.54464995861,1.92338943481,0.378739476204
1.55492973328,0.464646458626,1.54620683193,1.93663990498,0.390433073044
1.58666300774,0.464646458626,1.54620683193,1.94478797913,0.398581147194
1.6183962822,0.464646458626,1.54464995861,1.94777643681,0.403126478195
1.65012955666,0.464646458626,1.54153776169,1.94557189941,0.404034137726
1.68186283112,0.464646458626,1.5368732214,1.93816542625,0.401292204857
1.71359610558,0.464646458626,1.53066134453,1.92557251453,0.394911170006
1.74532938004,0.464646458626,1.52290809155,1.90783345699,0.384925365448
1.77706253529,0.464646458626,1.51362156868,1.88501644135,0.371394872665
1.80879580975,0.464646458626,1.50281095505,1.85722017288,0.354409217834
1.84052908421,0.464646458626,1.49048697948,1.82457482815,0.334087848663
1.87226235867,0.464646458626,1.47666227818,1.78724610806,0.31058382988
1.90399563313,0.464646458626,1.46135056019,1.74543452263,0.28408396244
1.93572890759,0.464646458626,1.44456756115,1.6993778944,0.254810333252
1.96746218204,0.464646458626,1.42633008957,1.64934790134,0.223017811775
1.9991953373,0.464646458626,1.40665626526,1.59565150738,0.188995242119
2.03092861176,0.464646458626,1.38556611538,1.5386223793,0.153056263924
2.06266188622,0.464646458626,1.36308073997,1.47862184048,0.115541100502
2.09439516068,0.464646458626,1.33922290802,1.41603136063,0.0768084526062
2.12612843513,0.464646458626,1.31401658058,1.35124719143,0.0372306108475
2.15786170959,0.464646458626,1.28748714924,1.28467929363,0.00280785560608
2.18959498405,0.464646458626,1.25966143608,1.21674537659,0.042916059494
2.22132825851,0.464646458626,1.23056721687,1.14786839485,0.0826988220215
2.25306153297,0.464646458626,1.20023393631,1.07847368717,0.121760249138
2.28479480743,0.464646458626,1.16869211197,1.00898516178,0.159706950188
2.31652784348,0.464646458626,1.13597381115,0.939818918705,0.196154892445
2.34826135635,0.464646458626,1.10211110115,0.871376991272,0.230734109879
2.3799943924,0.464646458626,1.06713926792,0.804041564465,0.263097703457
2.41172790527,0.464646458626,1.03109240532,0.738159894943,0.292932510376
2.44346094131,0.464646458626,0.994007766247,0.674044489861,0.319963276386
2.47519421577,0.464646458626,0.955922007561,0.611956655979,0.343965351582
2.50692749023,0.464646458626,0.916873693466,0.552110135555,0.364763557911
2.53866076469,0.464646458626,0.876902163029,0.494664847851,0.382237315178
2.57039403915,0.464646458626,0.836047708988,0.439729064703,0.396318644285
2.60212731361,0.464646458626,0.794351458549,0.387362331152,0.406989127398
2.63386058807,0.464646458626,0.751855254173,0.337577551603,0.41427770257
2.66559386253,0.464646458626,0.708602070808,0.290347397327,0.418254673481
2.69732713699,0.464646458626,0.664635360241,0.245608642697,0.419026732445
2.72906041145,0.464646458626,0.619999408722,0.203266948462,0.41673246026
2.76079368591,0.464646458626,0.574739158154,0.163202375174,0.41153678298
2.79252696037,0.464646458626,0.528900265694,0.125275686383,0.403624594212
2.82426023483,0.464646458626,0.482528746128,0.0893341079354,0.393194645643
2.85599327087,0.464646458626,0.435671746731,0.0552164763212,0.380455255508
2.88772678375,0.464646458626,0.38837531209,0.0227586738765,0.365616649389
2.91945981979,0.464646458626,0.340688556433,-0.00819901656359,0.348887562752
2.95119309425,0.464646458626,0.292658418417,-0.0378115586936,0.330469965935
2.98292636871,0.464646458626,0.244333565235,-0.0662222057581,0.310555756092
3.01465964317,0.464646458626,0.195762723684,-0.0935616716743,0.289324402809
3.04639291763,0.464646458626,0.146994754672,-0.119945555925,0.266940295696
3.07812619209,0.464646458626,0.0980787575245,-0.145474374294,0.243553131819
3.10985946655,0.464646458626,0.049064014107,-0.17023165524,0.219295665622
3.14159274101,0.464646458626,-1.35190717288e-07,-0.194285675883,0.194285541773
0,0.474747478962,0,-0.131460532546,0.131460532546
0.0317332595587,0.474747478962,0.0491638854146,-0.103879585862,0.153043478727
0.0634665191174,0.474747478962,0.0982782840729,-0.0759963989258,0.174274682999
0.095199778676,0.474747478962,0.147293701768,-0.0477975122631,0.195091217756
0.126933038235,0.474747478962,0.196160823107,-0.0192620269954,0.215422853827
0.158666297793,0.474747478962,0.244830414653,0.00963713694364,0.235193282366
0.190399557352,0.474747478962,0.293253481388,0.038933724165,0.254319757223
0.222132816911,0.474747478962,0.341381281614,0.0686699748039,0.27271130681
0.253866076469,0.474747478962,0.389165341854,0.0988962128758,0.290269136429
0.285599350929,0.474747478962,0.436557561159,0.129673421383,0.306884139776
0.317332595587,0.474747478962,0.483510136604,0.161073058844,0.322437077761
0.349065840244,0.474747478962,0.529975891113,0.193179488182,0.336796402931
0.380799114704,0.474747478962,0.575908064842,0.226088732481,0.349819332361
0.412532389164,0.474747478962,0.621260285378,0.259909301996,0.361350983381
0.444265633821,0.474747478962,0.665986955166,0.294760525227,0.371226429939
0.475998878479,0.474747478962,0.710043013096,0.330769628286,0.379273384809
0.507732152939,0.474747478962,0.753384172916,0.368070185184,0.385313987732
0.539465427399,0.474747478962,0.795966744423,0.406796693802,0.389170050621
0.571198701859,0.474747478962,0.837747752666,0.447080790997,0.39066696167
0.602931916714,0.474747478962,0.878685295582,0.489047378302,0.38963791728
0.634665191174,0.474747478962,0.918738126755,0.532806992531,0.385931134224
0.666398465633,0.474747478962,0.957865715027,0.578451693058,0.379414021969
0.698131680489,0.474747478962,0.996028840542,0.626048982143,0.369979858398
0.729864954948,0.474747478962,1.0331890583,0.675635993481,0.357553064823
0.761598229408,0.474747478962,1.06930911541,0.727213859558,0.342095255852
0.793331503868,0.474747478962,1.104352355,0.780744493008,0.323607861996
0.825064778328,0.474747478962,1.13828361034,0.836146354675,0.302137255669
0.856797993183,0.474747478962,1.17106866837,0.893292069435,0.27777659893
0.888531267643,0.474747478962,1.2026746273,0.952007949352,0.250666677952
0.920264542103,0.474747478962,1.23306941986,1.01207494736,0.220994472504
0.951997756958,0.474747478962,1.26222276688,1.07322824001,0.188994526863
0.983731031418,0.474747478962,1.29010522366,1.13516283035,0.154942393303
1.01546430588,0.474747478962,1.3166885376,1.19753551483,0.119153022766
1.04719758034,0.474747478962,1.34194612503,1.25997030735,0.0819758176804
1.0789308548,0.474747478962,1.36585247517,1.3220666647,0.0437858104706
1.11066412926,0.474747478962,1.38838350773,1.38340353966,0.00497996807098
1.14239740372,0.474747478962,1.40951657295,1.44354975224,0.0340331792831
1.17413055897,0.474747478962,1.42923033237,1.50207138062,0.0728410482407
1.20586383343,0.474747478962,1.44750487804,1.55854129791,0.111036419868
1.23759710789,0.474747478962,1.46432209015,1.61254560947,0.148223519325
1.26933038235,0.474747478962,1.47966480255,1.66369223595,0.184027433395
1.30106365681,0.474747478962,1.49351763725,1.7116163969,0.218098759651
1.33279693127,0.474747478962,1.50586664677,1.75598418713,0.250117540359
1.36453020573,0.474747478962,1.51669931412,1.7964977026,0.279798388481
1.39626336098,0.474747478962,1.52600479126,1.83289361,0.306888818741
1.42799663544,0.474747478962,1.53377377987,1.86494517326,0.331171393394
1.4597299099,0.474747478962,1.53999829292,1.89245998859,0.352461695671
1.49146318436,0.474747478962,1.54467225075,1.91527795792,0.370605707169
1.52319645882,0.474747478962,1.54779076576,1.93326890469,0.385478138924
1.55492973328,0.474747478962,1.54935085773,1.94632947445,0.396978616714
1.58666300774,0.474747478962,1.54935085773,1.95438098907,0.40503013134
1.6183962822,0.474747478962,1.54779076576,1.95736920834,0.409578442574
1.65012955666,0.474747478962,1.54467225075,1.95525789261,0.410585641861
1.68186283112,0.474747478962,1.53999829292,1.94803535938,0.40803706646
1.71359610558,0.474747478962,1.53377377987,1.93570935726,0.401935577393
1.74532938004,0.474747478962,1.52600479126,1.91831171513,0.392306923866
1.77706253529,0.474747478962,1.51669931412,1.89589953423,0.379200220108
1.80879580975,0.474747478962,1.50586664677,1.86855769157,0.362691044807
1.84052908421,0.474747478962,1.49351763725,1.83640229702,0.342884659767
1.87226235867,0.474747478962,1.47966480255,1.79958200455,0.319917201996
1.90399563313,0.474747478962,1.46432209015,1.75828170776,0.293959617615
1.93572890759,0.474747478962,1.44750487804,1.71272242069,0.265217542648
1.96746218204,0.474747478962,1.42923033237,1.66316056252,0.233930230141
1.9991953373,0.474747478962,1.40951645374,1.60988724232,0.200370788574
2.03092861176,0.474747478962,1.38838350773,1.55322420597,0.164840698242
2.06266188622,0.474747478962,1.36585235596,1.49352157116,0.127669215202
2.09439516068,0.474747478962,1.34194612503,1.43115115166,0.0892050266266
2.12612843513,0.474747478962,1.31668841839,1.36650359631,0.0498151779175
2.15786170959,0.474747478962,1.29010510445,1.29998242855,0.00987732410431
2.18959498405,0.474747478962,1.26222276688,1.23200166225,0.0302211046219
2.22132825851,0.474747478962,1.23306941986,1.162981987,0.0700874328613
2.25306153297,0.474747478962,1.20267438889,1.09334754944,0.109326839447
2.28479480743,0.474747478962,1.17106842995,1.0235222578,0.147546172142
2.31652784348,0.474747478962,1.13828372955,0.953926086426,0.184357643127
2.34826135635,0.474747478962,1.10435211658,0.884965479374,0.219386637211
2.3799943924,0.474747478962,1.06930911541,0.817030251026,0.252278864384
2.41172790527,0.474747478962,1.03318893909,0.750479161739,0.282709777355
2.44346094131,0.474747478962,0.996028959751,0.685635626316,0.310393333435
2.47519421577,0.474747478962,0.957865715027,0.622775673866,0.335090041161
2.50692749023,0.474747478962,0.918738007545,0.562125861645,0.356612145901
2.53866076469,0.474747478962,0.878685176373,0.503859519958,0.374825656414
2.57039403915,0.474747478962,0.837747693062,0.448095977306,0.389651715755
2.60212731361,0.474747478962,0.795966625214,0.394904285669,0.401062339544
2.63386058807,0.474747478962,0.753384053707,0.344305992126,0.409078061581
2.66559386253,0.474747478962,0.710042893887,0.296280443668,0.413762450218
2.69732713699,0.474747478962,0.665986776352,0.250769287348,0.415217489004
2.72906041145,0.474747478962,0.621260106564,0.207681670785,0.41357845068
2.76079368591,0.474747478962,0.575907826424,0.166900753975,0.409007072449
2.79252696037,0.474747478962,0.529975712299,0.128287911415,0.401687800884
2.82426023483,0.474747478962,0.483509898186,0.091690286994,0.391819596291
2.85599327087,0.474747478962,0.436557620764,0.0569463558495,0.379611253738
2.88772678375,0.474747478962,0.389165014029,0.0238895304501,0.365275472403
2.91945981979,0.474747478962,0.341381311417,-0.00764243956655,0.349023759365
2.95119309425,0.474747478962,0.293253481388,-0.0378068499267,0.331060320139
2.98292636871,0.474747478962,0.244830384851,-0.0667500346899,0.31158041954
3.01465964317,0.474747478962,0.196160778403,-0.0946051627398,0.290765941143
3.04639291763,0.474747478962,0.147293642163,-0.121490061283,0.268783688545
3.07812619209,0.474747478962,0.0982781872153,-0.147506520152,0.245784699917
3.10985946655,0.474747478962,0.0491637773812,-0.172739058733,0.221902832389
3.14159274101,0.474747478962,-1.3546559785e-07,-0.19725625217,0.197256118059
0,0.484848499298,0,-0.134247779846,0.134247779846
0.0317332595587,0.484848499298,0.0492642112076,-0.106079123914,0.155343338847
0.0634665191174,0.484848499298,0.0984788313508,-0.0776030793786,0.176081910729
0.095199778676,0.484848499298,0.14759427309,-0.0488070622087,0.196401327848
0.126933038235,0.484848499298,0.196561113,-0.0196711570024,0.216232270002
0.158666297793,0.484848499298,0.245330005884,0.00983207859099,0.235497921705
0.190399557352,0.484848499298,0.293851912022,0.0397363007069,0.254115611315
0.222132816911,0.484848499298,0.3420779109,0.0700842812657,0.271993637085
0.253866076469,0.484848499298,0.389959454536,0.100927241147,0.28903222084
0.285599350929,0.484848499298,0.43744841218,0.132326558232,0.305121839046
0.317332595587,0.484848499298,0.484496802092,0.164356127381,0.320140659809
0.349065840244,0.484848499298,0.531057357788,0.197101339698,0.333956003189
0.380799114704,0.484848499298,0.577083230019,0.230659946799,0.346423268318
0.412532389164,0.484848499298,0.622528016567,0.265143185854,0.357384830713
0.444265633821,0.484848499298,0.667345941067,0.300671458244,0.366674482822
0.475998878479,0.484848499298,0.711491942406,0.337374001741,0.374117940664
0.507732152939,0.484848499298,0.754921555519,0.375384837389,0.37953671813
0.539465427399,0.484848499298,0.797590970993,0.414837747812,0.382753223181
0.571198701859,0.484848499298,0.839457273483,0.455863952637,0.383593320847
0.602931916714,0.484848499298,0.880478382111,0.498584032059,0.381894350052
0.634665191174,0.484848499298,0.920612871647,0.543104887009,0.377507984638
0.666398465633,0.484848499298,0.959820389748,0.589510679245,0.370309710503
0.698131680489,0.484848499298,0.998061358929,0.637860476971,0.360200881958
0.729864954948,0.484848499298,1.0352973938,0.68818128109,0.347116112709
0.761598229408,0.484848499298,1.07149112225,0.740461945534,0.331029176712
0.793331503868,0.484848499298,1.10660588741,0.794652104378,0.311953783035
0.825064778328,0.484848499298,1.14060640335,0.850656926632,0.289949476719
0.856797993183,0.484848499298,1.17345833778,0.908336222172,0.265122115612
0.888531267643,0.484848499298,1.20512878895,0.967504322529,0.237624466419
0.920264542103,0.484848499298,1.23558568954,1.02793169022,0.207653999329
0.951997756958,0.484848499298,1.26479840279,1.08934569359,0.175452709198
0.983731031418,0.484848499298,1.2927377224,1.1514351368,0.141302585602
1.01546430588,0.484848499298,1.31937539577,1.2138531208,0.105522274971
1.04719758034,0.484848499298,1.34468448162,1.27622437477,0.0684601068497
1.0789308548,0.484848499298,1.36863970757,1.33814954758,0.0304901599884
1.11066412926,0.484848499298,1.39121675491,1.3992139101,0.00799715518951
1.14239740372,0.484848499298,1.41239285469,1.458994627,0.0466017723083
1.17413055897,0.484848499298,1.43214678764,1.51706850529,0.0849217176437
1.20586383343,0.484848499298,1.45045876503,1.57302224636,0.122563481331
1.23759710789,0.484848499298,1.46731030941,1.62645745277,0.159147143364
1.26933038235,0.484848499298,1.48268425465,1.67699873447,0.194314479828
1.30106365681,0.484848499298,1.49656534195,1.72429919243,0.227733850479
1.33279693127,0.484848499298,1.50893950462,1.76804316044,0.259103655815
1.36453020573,0.484848499298,1.5197943449,1.80795013905,0.288155794144
1.39626336098,0.484848499298,1.52911877632,1.8437743187,0.314655542374
1.42799663544,0.484848499298,1.53690361977,1.87530434132,0.33840072155
1.4597299099,0.484848499298,1.543140769,1.90236127377,0.359220504761
1.49146318436,0.484848499298,1.54782426357,1.92479670048,0.376972436905
1.52319645882,0.484848499298,1.55094921589,1.94248974323,0.391540527344
1.55492973328,0.484848499298,1.5525124073,1.95534408092,0.402831673622
1.58666300774,0.484848499298,1.5525124073,1.96328508854,0.410772681236
1.6183962822,0.484848499298,1.55094921589,1.9662592411,0.415310025215
1.65012955666,0.484848499298,1.54782426357,1.96423041821,0.416406154633
1.68186283112,0.484848499298,1.543140769,1.95718216896,0.414041399956
1.71359610558,0.484848499298,1.53690361977,1.94511735439,0.408213734627
1.74532938004,0.484848499298,1.52911877632,1.9280591011,0.398940324783
1.77706253529,0.484848499298,1.5197943449,1.90605354309,0.386259198189
1.80879580975,0.484848499298,1.50893950462,1.87917351723,0.370234012604
1.84052908421,0.484848499298,1.49656534195,1.84752047062,0.35095512867
1.87226235867,0.484848499298,1.48268425465,1.81122839451,0.328544139862
1.90399563313,0.484848499298,1.4673101902,1.77046525478,0.303155064583
1.93572890759,0.484848499298,1.45045876503,1.72543561459,0.274976849556
1.96746218204,0.484848499298,1.43214678764,1.67638099194,0.244234204292
1.9991953373,0.484848499298,1.41239273548,1.62357640266,0.211183667183
2.03092861176,0.484848499298,1.3912166357,1.56733071804,0.176114082336
2.06266188622,0.484848499298,1.36863958836,1.5079818964,0.139342308044
2.09439516068,0.484848499298,1.34468448162,1.44589221478,0.101207733154
2.12612843513,0.484848499298,1.31937527657,1.38144421577,0.062068939209
2.15786170959,0.484848499298,1.2927377224,1.31503498554,0.0222972631454
2.18959498405,0.484848499298,1.26479840279,1.24707436562,0.0177240371704
2.22132825851,0.484848499298,1.23558557034,1.17797923088,0.0576063394547
2.25306153297,0.484848499298,1.20512855053,1.10817158222,0.0969569683075
2.28479480743,0.484848499298,1.17345821857,1.03807520866,0.135383009911
2.31652784348,0.484848499298,1.14060652256,0.968110918999,0.172495603561
2.34826135635,0.484848499298,1.10660564899,0.89868915081,0.207916498184
2.3799943924,0.484848499298,1.07149112225,0.830207228661,0.241283893585
2.41172790527,0.484848499298,1.03529727459,0.763032197952,0.272265076637
2.44346094131,0.484848499298,0.998061418533,0.697500348091,0.300561070442
2.47519421577,0.484848499298,0.959820389748,0.633900225163,0.325920164585
2.50692749023,0.484848499298,0.920612812042,0.572472512722,0.34814029932
2.53866076469,0.484848499298,0.880478262901,0.513403356075,0.367074906826
2.57039403915,0.484848499298,0.839457213879,0.45682451129,0.382632702589
2.60212731361,0.484848499298,0.797590911388,0.402815669775,0.394775241613
2.63386058807,0.484848499298,0.75492143631,0.351406693459,0.403514742851
2.66559386253,0.484848499298,0.711491823196,0.302584558725,0.408907264471
2.69732713699,0.484848499298,0.667345821857,0.256296217442,0.411049604416
2.72906041145,0.484848499298,0.622527837753,0.21245495975,0.410072863102
2.76079368591,0.484848499298,0.577083051205,0.17094682157,0.406136214733
2.79252696037,0.484848499298,0.531057178974,0.131635248661,0.399421930313
2.82426023483,0.484848499298,0.484496563673,0.0943671613932,0.390129387379
2.85599327087,0.484848499298,0.437448471785,0.0589806437492,0.378467828035
2.88772678375,0.484848499298,0.389959126711,0.0253074765205,0.36465165019
2.91945981979,0.484848499298,0.342077940702,-0.00681639555842,0.348894327879
2.95119309425,0.484848499298,0.293851912022,-0.0375509113073,0.33140283823
2.98292636871,0.484848499298,0.245329990983,-0.0670452862978,0.312375277281
3.01465964317,0.484848499298,0.196561068296,-0.0954348221421,0.291995882988
3.04639291763,0.484848499298,0.147594213486,-0.122839301825,0.27043351531
3.07812619209,0.484848499298,0.0984787344933,-0.149362012744,0.247840747237
3.10985946655,0.484848499298,0.0492641031742,-0.175088226795,0.224352329969
3.14159274101,0.484848499298,-1.35742041607e-07,-0.200086250901,0.200086116791
0,0.494949489832,0,-0.13697168231,0.13697168231
0.0317332595587,0.494949489832,0.049365054816,-0.108199097216,0.157564148307
0.0634665191174,0.494949489832,0.0986804142594,-0.0791136696935,0.177794083953
0.095199778676,0.494949489832,0.147896394134,-0.0497039929032,0.197600394487
0.126933038235,0.494949489832,0.196963459253,-0.0199505127966,0.216913968325
0.158666297793,0.494949489832,0.245832204819,0.0101736420766,0.235658556223
0.190399557352,0.494949489832,0.294453412294,0.04070231691,0.25375109911
0.222132816911,0.494949489832,0.342778146267,0.071678571403,0.271099567413
0.253866076469,0.494949489832,0.390757709742,0.103154398501,0.287603318691
0.285599350929,0.494949489832,0.438343852758,0.135192722082,0.303151130676
0.317332595587,0.494949489832,0.485488563776,0.167867749929,0.317620813847
0.349065840244,0.494949489832,0.532144427299,0.201267406344,0.330877006054
0.380799114704,0.494949489832,0.578264534473,0.235491588712,0.342772960663
0.412532389164,0.494949489832,0.623802363873,0.270652353764,0.353150010109
0.444265633821,0.494949489832,0.66871201992,0.306872695684,0.361839324236
0.475998878479,0.494949489832,0.712948381901,0.344282567501,0.3686658144
0.507732152939,0.494949489832,0.75646686554,0.383016318083,0.373450547457
0.539465427399,0.494949489832,0.799223661423,0.423207849264,0.376015812159
0.571198701859,0.494949489832,0.841175615788,0.464985489845,0.376190125942
0.602931916714,0.494949489832,0.882280647755,0.50846683979,0.373813807964
0.634665191174,0.494949489832,0.922497332096,0.553752541542,0.368744790554
0.666398465633,0.494949489832,0.961785078049,0.600919425488,0.360865652561
0.698131680489,0.494949489832,1.00010430813,0.650017499924,0.350086808205
0.729864954948,0.494949489832,1.03741669655,0.701061844826,0.336354851723
0.761598229408,0.494949489832,1.07368445396,0.754029870033,0.319654583931
0.793331503868,0.494949489832,1.10887110233,0.808857500553,0.30001360178
0.825064778328,0.494949489832,1.14294111729,0.86543661356,0.277504503727
0.856797993183,0.494949489832,1.17586040497,0.923614501953,0.252245903015
0.888531267643,0.494949489832,1.20759558678,0.983194589615,0.224400997162
0.920264542103,0.494949489832,1.23811495304,1.04393649101,0.194178462029
0.951997756958,0.494949489832,1.26738750935,1.10556089878,0.161826610565
0.983731031418,0.494949489832,1.29538393021,1.16775095463,0.127632975578
1.01546430588,0.494949489832,1.32207608223,1.23015797138,0.0919181108475
1.04719758034,0.494949489832,1.34743702412,1.29240691662,0.0550301074982
1.0789308548,0.494949489832,1.37144124508,1.35410225391,0.0173389911652
1.11066412926,0.494949489832,1.39406454563,1.41483557224,0.0207710266113
1.14239740372,0.494949489832,1.41528403759,1.47419393063,0.0589098930359
1.17413055897,0.494949489832,1.43507838249,1.53176569939,0.0966873168945
1.20586383343,0.494949489832,1.4534277916,1.58715188503,0.133724093437
1.23759710789,0.494949489832,1.47031378746,1.63997018337,0.169656395912
1.26933038235,0.494949489832,1.48571932316,1.68986237049,0.204143047333
1.30106365681,0.494949489832,1.49962878227,1.73649942875,0.236870646477
1.33279693127,0.494949489832,1.51202833652,1.77958452702,0.267556190491
1.36453020573,0.494949489832,1.52290523052,1.81885409355,0.295948863029
1.39626336098,0.494949489832,1.53224885464,1.85407912731,0.321830272675
1.42799663544,0.494949489832,1.54004955292,1.88506317139,0.345013618469
1.4597299099,0.494949489832,1.54629957676,1.91164088249,0.365341305733
1.49146318436,0.494949489832,1.55099260807,1.93367469311,0.382682085037
1.52319645882,0.494949489832,1.55412399769,1.9510525465,0.396928548813
1.55492973328,0.494949489832,1.55569040775,1.96368467808,0.407994270325
1.58666300774,0.494949489832,1.55569040775,1.97150039673,0.415809988976
1.6183962822,0.494949489832,1.55412399769,1.97444748878,0.420323491096
1.65012955666,0.494949489832,1.55099260807,1.97248971462,0.421497106552
1.68186283112,0.494949489832,1.54629957676,1.96560716629,0.419307589531
1.71359610558,0.494949489832,1.54004955292,1.95379638672,0.413746833801
1.74532938004,0.494949489832,1.53224885464,1.93707358837,0.404824733734
1.77706253529,0.494949489832,1.52290523052,1.91547524929,0.392570018768
1.80879580975,0.494949489832,1.51202833652,1.88906180859,0.377033472061
1.84052908421,0.494949489832,1.49962878227,1.85792195797,0.358293175697
1.87226235867,0.494949489832,1.48571932316,1.82217442989,0.336455106735
1.90399563313,0.494949489832,1.47031366825,1.7819725275,0.311658859253
1.93572890759,0.494949489832,1.4534277916,1.73750329018,0.284075498581
1.96746218204,0.494949489832,1.43507838249,1.6889923811,0.253913998604
1.9991953373,0.494949489832,1.41528391838,1.63670039177,0.221416473389
2.03092861176,0.494949489832,1.39406442642,1.58092141151,0.186856985092
2.06266188622,0.494949489832,1.37144112587,1.5219810009,0.150539875031
2.09439516068,0.494949489832,1.34743702412,1.46023118496,0.112794160843
2.12612843513,0.494949489832,1.32207608223,1.39604485035,0.0739687681198
2.15786170959,0.494949489832,1.29538393021,1.32981324196,0.0344293117523
2.18959498405,0.494949489832,1.26738750935,1.26193928719,0.00544822216034
2.22132825851,0.494949489832,1.23811483383,1.19283640385,0.045278429985
2.25306153297,0.494949489832,1.20759546757,1.12292313576,0.08467233181
2.28479480743,0.494949489832,1.17586016655,1.05262124538,0.123238921165
2.31652784348,0.494949489832,1.1429412365,0.982352554798,0.160588681698
2.34826135635,0.494949489832,1.10887086391,0.912530064583,0.196340799332
2.3799943924,0.494949489832,1.07368445396,0.843555986881,0.230128467083
2.41172790527,0.494949489832,1.03741645813,0.775806128979,0.261610329151
2.44346094131,0.494949489832,1.00010442734,0.709627747536,0.290476679802
2.47519421577,0.494949489832,0.961785078049,0.645322501659,0.316462576389
2.50692749023,0.494949489832,0.922497272491,0.583144545555,0.339352726936
2.53866076469,0.494949489832,0.88228058815,0.523293852806,0.358986735344
2.57039403915,0.494949489832,0.841175556183,0.465914547443,0.375261008739
2.60212731361,0.494949489832,0.799223542213,0.411097884178,0.388125658035
2.63386058807,0.494949489832,0.75646674633,0.358883351088,0.397583395243
2.66559386253,0.494949489832,0.712948203087,0.309264659882,0.403683543205
2.69732713699,0.494949489832,0.668711841106,0.262195378542,0.406516462564
2.72906041145,0.494949489832,0.623802185059,0.21759404242,0.406208157539
2.76079368591,0.494949489832,0.578264296055,0.175349190831,0.402915120125
2.79252696037,0.494949489832,0.532144248486,0.135326549411,0.396817684174
2.82426023483,0.494949489832,0.485488325357,0.0973743647337,0.388113975525
2.85599327087,0.494949489832,0.438343912363,0.061329793185,0.377014130354
2.88772678375,0.494949489832,0.390757381916,0.0270237252116,0.363733649254
2.91945981979,0.494949489832,0.342778176069,-0.00570968817919,0.348487854004
2.95119309425,0.494949489832,0.294453412294,-0.0370327718556,0.331486195326
2.98292636871,0.494949489832,0.245832175016,-0.0670968368649,0.312929004431
3.01465964317,0.494949489832,0.19696341455,-0.0960396826267,0.293003082275
3.04639291763,0.494949489832,0.147896334529,-0.123982384801,0.27187871933
3.07812619209,0.494949489832,0.0986803174019,-0.151030108333,0.249710425735
3.10985946655,0.494949489832,0.0493649430573,-0.177268132567,0.226633071899
3.14159274101,0.494949489832,-1.36019892238e-07,-0.202765509486,0.202765375376
0,0.50505053997,0,-0.139624401927,0.139624401927
0.0317332595587,0.50505053997,0.0494663193822,-0.110231615603,0.159697934985
0.0634665191174,0.50505053997,0.0988828465343,-0.0805200785398,0.179402917624
0.095199778676,0.50505053997,0.148199781775,-0.0504794679582,0.198679253459
0.126933038235,0.50505053997,0.19736751914,-0.0200914517045,0.217458963394
0.158666297793,0.50505053997,0.246336489916,0.0106701971963,0.235666289926
0.190399557352,0.50505053997,0.295057445765,0.0418401807547,0.253217279911
0.222132816911,0.50505053997,0.343481302261,0.0734613612294,0.270019948483
0.253866076469,0.50505053997,0.391559302807,0.105586469173,0.285972833633
0.285599350929,0.50505053997,0.439243078232,0.138279259205,0.300963819027
0.317332595587,0.50505053997,0.486484467983,0.171616062522,0.31486839056
0.349065840244,0.50505053997,0.533236026764,0.205686032772,0.327549993992
0.380799114704,0.50505053997,0.579450786114,0.24059048295,0.338860303164
0.412532389164,0.50505053997,0.625082015991,0.276443839073,0.348638176918
0.444265633821,0.50505053997,0.670083761215,0.313370108604,0.356713652611
0.475998878479,0.50505053997,0.71441090107,0.351500540972,0.362910360098
0.507732152939,0.50505053997,0.758018672466,0.390969544649,0.367049127817
0.539465427399,0.50505053997,0.800863146782,0.431910306215,0.368952840567
0.571198701859,0.50505053997,0.842901229858,0.474448204041,0.368453025818
0.602931916714,0.50505053997,0.884090542793,0.518696248531,0.365394294262
0.634665191174,0.50505053997,0.924389779568,0.564749121666,0.359640657902
0.666398465633,0.50505053997,0.963758051395,0.612675309181,0.351082742214
0.698131680489,0.50505053997,1.0021559,0.662514269352,0.33964163065
0.729864954948,0.50505053997,1.03954482079,0.714270353317,0.325274467468
0.761598229408,0.50505053997,1.0758869648,0.767906963825,0.307980000973
0.793331503868,0.50505053997,1.11114573479,0.823347270489,0.287798464298
0.825064778328,0.50505053997,1.14528572559,0.880469501019,0.264816224575
0.856797993183,0.50505053997,1.17827248573,0.939109146595,0.239163339138
0.888531267643,0.50505053997,1.21007287502,0.99905782938,0.211015045643
0.920264542103,0.50505053997,1.24065470695,1.06006669998,0.180588006973
0.951997756958,0.50505053997,1.26998734474,1.12184917927,0.148138165474
0.983731031418,0.50505053997,1.29804134369,1.18408501148,0.113956332207
1.01546430588,0.50505053997,1.32478821278,1.24642395973,0.0783642530441
1.04719758034,0.50505053997,1.35020112991,1.30849218369,0.041708946228
1.0789308548,0.50505053997,1.37425458431,1.36989951134,0.00435507297516
1.11066412926,0.50505053997,1.39692425728,1.43024492264,0.0333206653595
1.14239740372,0.50505053997,1.41818726063,1.48912501335,0.0709377527237
1.17413055897,0.50505053997,1.4380222559,1.54614198208,0.108119726181
1.20586383343,0.50505053997,1.45640933514,1.60091114044,0.144501805305
1.23759710789,0.50505053997,1.4733300209,1.65306687355,0.179736852646
1.26933038235,0.50505053997,1.48876702785,1.70226883888,0.213501811028
1.30106365681,0.50505053997,1.5027050972,1.74820590019,0.245500802994
1.33279693127,0.50505053997,1.51513004303,1.79059910774,0.275469064713
1.36453020573,0.50505053997,1.52602934837,1.82920253277,0.303173184395
1.39626336098,0.50505053997,1.53539204597,1.86380314827,0.328411102295
1.42799663544,0.50505053997,1.54320883751,1.89421927929,0.35101044178
1.4597299099,0.50505053997,1.54947161674,1.92029762268,0.370826005936
1.49146318436,0.50505053997,1.55417430401,1.94191205502,0.387737751007
1.52319645882,0.50505053997,1.55731201172,1.95895826817,0.401646256447
1.55492973328,0.50505053997,1.55888175964,1.97135317326,0.412471413612
1.58666300774,0.50505053997,1.55888175964,1.97902965546,0.420147895813
1.6183962822,0.50505053997,1.55731201172,1.9819368124,0.424624800682
1.65012955666,0.50505053997,1.55417430401,1.98003816605,0.425863862038
1.68186283112,0.50505053997,1.54947161674,1.97331094742,0.423839330673
1.71359610558,0.50505053997,1.54320883751,1.96174657345,0.418537735939
1.74532938004,0.50505053997,1.53539204597,1.94535446167,0.409962415695
1.77706253529,0.50505053997,1.52602934837,1.92416191101,0.398132562637
1.80879580975,0.50505053997,1.51513004303,1.89821887016,0.383088827133
1.84052908421,0.50505053997,1.5027050972,1.86760127544,0.364896178246
1.87226235867,0.50505053997,1.48876702785,1.83241331577,0.343646287918
1.90399563313,0.50505053997,1.4733299017,1.79279279709,0.319462895393
1.93572890759,0.50505053997,1.45640933514,1.74891197681,0.292502641678
1.96746218204,0.50505053997,1.4380222559,1.70097982883,0.262957572937
1.9991953373,0.50505053997,1.41818714142,1.64924168587,0.231054544449
2.03092861176,0.50505053997,1.39692413807,1.59397721291,0.197053074837
2.06266188622,0.50505053997,1.3742544651,1.53549838066,0.161243915558
2.09439516068,0.50505053997,1.35020112991,1.47414600849,0.123944878578
2.12612843513,0.50505053997,1.32478809357,1.41028320789,0.0854951143265
2.15786170959,0.50505053997,1.29804122448,1.34429335594,0.0462521314621
2.18959498405,0.50505053997,1.26998734474,1.27657282352,0.00658547878265
2.22132825851,0.50505053997,1.24065458775,1.20752954483,0.0331250429153
2.25306153297,0.50505053997,1.2100726366,1.13757860661,0.0724940299988
2.28479480743,0.50505053997,1.17827236652,1.06713879108,0.111133575439
2.31652784348,0.50505053997,1.1452858448,0.996630847454,0.148654997349
2.34826135635,0.50505053997,1.11114561558,0.926469027996,0.184676587582
2.3799943924,0.50505053997,1.0758869648,0.857060134411,0.218826830387
2.41172790527,0.50505053997,1.03954458237,0.788787066936,0.25075751543
2.44346094131,0.50505053997,1.00215601921,0.722006917,0.280149102211
2.47519421577,0.50505053997,0.963758051395,0.657033741474,0.306724309921
2.50692749023,0.50505053997,0.924389660358,0.594136118889,0.33025354147
2.53866076469,0.50505053997,0.884090483189,0.533527135849,0.35056334734
2.57039403915,0.50505053997,0.842901110649,0.47536483407,0.367536276579
2.60212731361,0.50505053997,0.800863087177,0.419751703739,0.381111383438
2.63386058807,0.50505053997,0.758018493652,0.366737514734,0.391280978918
2.66559386253,0.50505053997,0.71441078186,0.316324591637,0.398086190224
2.69732713699,0.50505053997,0.670083642006,0.268472790718,0.401610851288
2.72906041145,0.50505053997,0.625081837177,0.223105594516,0.40197622776
2.76079368591,0.50505053997,0.579450547695,0.180115789175,0.39933475852
2.79252696037,0.50505053997,0.53323584795,0.139371261001,0.393864572048
2.82426023483,0.50505053997,0.486484229565,0.10072157532,0.385762661695
2.85599327087,0.50505053997,0.439243108034,0.0640038698912,0.375239253044
2.88772678375,0.50505053997,0.391558974981,0.0290487706661,0.362510204315
2.91945981979,0.50505053997,0.343481332064,-0.00431139487773,0.347792714834
2.95119309425,0.50505053997,0.295057445765,-0.0362410955131,0.331298530102
2.98292636871,0.50505053997,0.246336475015,-0.066893465817,0.313229948282
3.01465964317,0.50505053997,0.197367459536,-0.0964080542326,0.293775498867
3.04639291763,0.50505053997,0.148199722171,-0.124908402562,0.273108124733
3.07812619209,0.50505053997,0.0988827496767,-0.152499601245,0.251382350922
3.10985946655,0.50505053997,0.0494662113488,-0.179268345237,0.22873455286
3.14159274101,0.50505053997,-1.36298922371e-07,-0.205282568932,0.205282434821
0,0.515151500702,0,-0.142197653651,0.142197653651
0.0317332595587,0.515151500702,0.0495679192245,-0.11216827482,0.161736190319
0.0634665191174,0.515151500702,0.0990859419107,-0.0818137675524,0.180899709463
0.095199778676,0.515151500702,0.148504167795,-0.0511254779994,0.19962964952
0.126933038235,0.515151500702,0.197772890329,-0.0200859084725,0.217858791351
0.158666297793,0.515151500702,0.246842443943,0.0113307144493,0.235511735082
0.190399557352,0.515151500702,0.29566347599,0.0431585051119,0.252504974604
0.222132816911,0.515151500702,0.344186782837,0.075441069901,0.268745720387
0.253866076469,0.515151500702,0.392363518476,0.108231559396,0.28413194418
0.285599350929,0.515151500702,0.440145254135,0.141595229506,0.298550009727
0.317332595587,0.515151500702,0.487483680248,0.175609350204,0.311874330044
0.349065840244,0.515151500702,0.534331262112,0.210364326835,0.323966920376
0.380799114704,0.515151500702,0.580640912056,0.245964080095,0.334676831961
0.412532389164,0.515151500702,0.626365840435,0.282524287701,0.343841552734
0.444265633821,0.515151500702,0.671460092068,0.32016992569,0.351290166378
0.475998878479,0.515151500702,0.715878248215,0.359033554792,0.356844693422
0.507732152939,0.515151500702,0.759575545788,0.39924928546,0.360326260328
0.539465427399,0.515151500702,0.802508056164,0.44094824791,0.361559808254
0.571198701859,0.515151500702,0.844632446766,0.484253227711,0.360379219055
0.602931916714,0.515151500702,0.885906398296,0.529272258282,0.356634140015
0.634665191174,0.515151500702,0.926288366318,0.576092660427,0.350195705891
0.666398465633,0.515151500702,0.965737521648,0.624773919582,0.340963602066
0.698131680489,0.515151500702,1.0042142868,0.675344765186,0.328869521618
0.729864954948,0.515151500702,1.04167997837,0.727796435356,0.313883543015
0.761598229408,0.515151500702,1.0780967474,0.782080829144,0.296015918255
0.793331503868,0.515151500702,1.11342799664,0.838105857372,0.275322139263
0.825064778328,0.515151500702,1.1476380825,0.895737469196,0.251900613308
0.856797993183,0.515151500702,1.18069255352,0.954798996449,0.225893557072
0.888531267643,0.515151500702,1.2125582695,1.01507127285,0.197486996651
0.920264542103,0.515151500702,1.24320292473,1.07629776001,0.166905164719
0.951997756958,0.515151500702,1.27259576321,1.1381855011,0.134410262108
0.983731031418,0.515151500702,1.30070734024,1.2004109621,0.100296378136
1.01546430588,0.515151500702,1.32750916481,1.26262438297,0.0648847818375
1.04719758034,0.515151500702,1.35297429562,1.32445406914,0.0285202264786
1.0789308548,0.515151500702,1.37707722187,1.38551568985,0.00843846797943
1.11066412926,0.515151500702,1.39979338646,1.44541668892,0.0456233024597
1.14239740372,0.515151500702,1.42110013962,1.5037651062,0.0826649665833
1.17413055897,0.515151500702,1.44097578526,1.56017613411,0.119200348854
1.20586383343,0.515151500702,1.45940065384,1.61428129673,0.154880642891
1.23759710789,0.515151500702,1.47635602951,1.66573166847,0.189375638962
1.26933038235,0.515151500702,1.49182486534,1.71420454979,0.222379684448
1.30106365681,0.515151500702,1.50579154491,1.75940740108,0.253615856171
1.33279693127,0.515151500702,1.51824200153,1.80107855797,0.282836556435
1.36453020573,0.515151500702,1.52916359901,1.83898925781,0.309825658798
1.39626336098,0.515151500702,1.53854560852,1.87294232845,0.334396719933
1.42799663544,0.515151500702,1.5463783741,1.90276968479,0.356391310692
1.4597299099,0.515151500702,1.55265402794,1.92833077908,0.375676751137
1.49146318436,0.515151500702,1.55736649036,1.94950902462,0.392142534256
1.52319645882,0.515151500702,1.56051063538,1.96620857716,0.40569794178
1.55492973328,0.515151500702,1.56208348274,1.97835159302,0.416268110275
1.58666300774,0.515151500702,1.56208348274,1.98587477207,0.42379128933
1.6183962822,0.515151500702,1.56051063538,1.98872959614,0.428218960762
1.65012955666,0.515151500702,1.55736649036,1.98687815666,0.429511666298
1.68186283112,0.515151500702,1.55265402794,1.98029577732,0.427641749382
1.71359610558,0.515151500702,1.5463783741,1.9689694643,0.422591090202
1.74532938004,0.515151500702,1.53854560852,1.95290231705,0.414356708527
1.77706253529,0.515151500702,1.52916359901,1.93211352825,0.402949929237
1.80879580975,0.515151500702,1.51824200153,1.90664255619,0.388400554657
1.84052908421,0.515151500702,1.50579154491,1.87655317783,0.370761632919
1.87226235867,0.515151500702,1.49182486534,1.84193730354,0.350112438202
1.90399563313,0.515151500702,1.4763559103,1.80291748047,0.326561570168
1.93572890759,0.515151500702,1.45940065384,1.75965082645,0.300250172615
1.96746218204,0.515151500702,1.44097578526,1.71232998371,0.271354198456
1.9991953373,0.515151500702,1.42110002041,1.66118502617,0.24008500576
2.03092861176,0.515151500702,1.39979326725,1.60648012161,0.206686854362
2.06266188622,0.515151500702,1.37707710266,1.54851472378,0.171437621117
2.09439516068,0.515151500702,1.35297429562,1.48761582375,0.13464152813
2.12612843513,0.515151500702,1.3275090456,1.4241373539,0.0966283082962
2.15786170959,0.515151500702,1.30070722103,1.35845267773,0.0577454566956
2.18959498405,0.515151500702,1.27259576321,1.29095160961,0.018355846405
2.22132825851,0.515151500702,1.24320280552,1.22203564644,0.0211671590805
2.25306153297,0.515151500702,1.21255803108,1.15211486816,0.0604431629181
2.28479480743,0.515151500702,1.18069243431,1.08160436153,0.0990880727768
2.31652784348,0.515151500702,1.14763820171,1.01092338562,0.136714816093
2.34826135635,0.515151500702,1.11342775822,0.940485954285,0.172941803932
2.3799943924,0.515151500702,1.0780967474,0.870701372623,0.207395374775
2.41172790527,0.515151500702,1.04167973995,0.801958799362,0.23972094059
2.44346094131,0.515151500702,1.00421440601,0.734624564648,0.269589841366
2.47519421577,0.515151500702,0.965737521648,0.66902422905,0.296713292599
2.50692749023,0.515151500702,0.926288247108,0.605439722538,0.32084852457
2.53866076469,0.515151500702,0.885906279087,0.544098615646,0.341807663441
2.57039403915,0.515151500702,0.844632387161,0.485172688961,0.3594596982
2.60212731361,0.515151500702,0.802507936954,0.428776830435,0.37373110652
2.63386058807,0.515151500702,0.759575426579,0.374971300364,0.384604126215
2.66559386253,0.515151500702,0.715878069401,0.323767751455,0.392110317945
2.69732713699,0.515151500702,0.671459913254,0.275132864714,0.39632704854
2.72906041145,0.515151500702,0.626365661621,0.228996008635,0.397369652987
2.76079368591,0.515151500702,0.580640673637,0.185253873467,0.395386815071
2.79252696037,0.515151500702,0.534331083298,0.143777430058,0.39055365324
2.82426023483,0.515151500702,0.48748344183,0.104417748749,0.383065700531
2.85599327087,0.515151500702,0.440145283937,0.0670130774379,0.373132199049
2.88772678375,0.515151500702,0.392363190651,0.0313928984106,0.360970288515
2.91945981979,0.515151500702,0.344186812639,-0.00261086691171,0.346797674894
2.95119309425,0.515151500702,0.29566347599,-0.0351648591459,0.330828338861
2.98292636871,0.515151500702,0.246842414141,-0.0664237067103,0.313266128302
3.01465964317,0.515151500702,0.197772845626,-0.0965291783214,0.294302016497
3.04639291763,0.515151500702,0.148504108191,-0.125605732203,0.274109840393
3.07812619209,0.515151500702,0.0990858450532,-0.153759360313,0.252845197916
3.10985946655,0.515151500702,0.0495678074658,-0.181077197194,0.230645000935
3.14159274101,0.515151500702,-1.36578876209e-07,-0.207626849413,0.207626715302
0,0.525252521038,0,-0.144682690501,0.144682690501
0.0317332595587,0.525252521038,0.0496698021889,-0.114000380039,0.163670182228
0.0634665191174,0.525252521038,0.0992896035314,-0.0829858928919,0.182275503874
0.095199778676,0.525252521038,0.148809403181,-0.0516327656806,0.200442165136
0.126933038235,0.525252521038,0.198179394007,-0.0199246965349,0.218104094267
0.158666297793,0.525252521038,0.247349813581,0.0121634015813,0.23518641293
0.190399557352,0.525252521038,0.296271175146,0.0446658506989,0.251605331898
0.222132816911,0.525252521038,0.344894230366,0.0776262581348,0.267267972231
0.253866076469,0.525252521038,0.393169999123,0.111098691821,0.2820712924
0.285599350929,0.525252521038,0.441049933434,0.145148739219,0.295901179314
0.317332595587,0.525252521038,0.488485634327,0.17985548079,0.308630168438
0.349065840244,0.525252521038,0.535429537296,0.215310618281,0.320118904114
0.380799114704,0.525252521038,0.581834375858,0.251619905233,0.330214470625
0.412532389164,0.525252521038,0.627653300762,0.288900107145,0.338753193617
0.444265633821,0.525252521038,0.672840178013,0.327278137207,0.345562040806
0.475998878479,0.525252521038,0.717349648476,0.366886615753,0.350463032722
0.507732152939,0.525252521038,0.761136829853,0.407859146595,0.353277683258
0.539465427399,0.525252521038,0.804157555103,0.450325012207,0.353832542896
0.571198701859,0.525252521038,0.846368551254,0.494402498007,0.351966053247
0.602931916714,0.525252521038,0.887727320194,0.540194690228,0.347532629967
0.634665191174,0.525252521038,0.928192257881,0.587780296803,0.340411961079
0.666398465633,0.525252521038,0.967722535133,0.637210071087,0.330512464046
0.698131680489,0.525252521038,1.00627839565,0.68850082159,0.317777574062
0.729864954948,0.525252521038,1.04382097721,0.741630733013,0.302190244198
0.761598229408,0.525252521038,1.08031272888,0.796537876129,0.283774852753
0.793331503868,0.525252521038,1.11571657658,0.853117227554,0.262599349022
0.825064778328,0.525252521038,1.14999699593,0.911222040653,0.238774955273
0.856797993183,0.525252521038,1.18311941624,0.970662951469,0.212456464767
0.888531267643,0.525252521038,1.21505057812,1.03121221066,0.183838367462
0.920264542103,0.525252521038,1.24575817585,1.09260511398,0.153153061867
0.951997756958,0.525252521038,1.27521157265,1.15454375744,0.120667815208
0.983731031418,0.525252521038,1.30338084698,1.21670293808,0.0866779088974
1.01546430588,0.525252521038,1.33023774624,1.27873265743,0.0515050888062
1.04719758034,0.525252521038,1.35575520992,1.34026646614,0.015488743782
1.0789308548,0.525252521038,1.37990760803,1.40092563629,0.0210180282593
1.11066412926,0.525252521038,1.40267050266,1.46032726765,0.0576567649841
1.14239740372,0.525252521038,1.42402100563,1.51809179783,0.0940707921982
1.17413055897,0.525252521038,1.44393765926,1.57384872437,0.129911065102
1.20586383343,0.525252521038,1.46240031719,1.62724459171,0.164844274521
1.23759710789,0.525252521038,1.47939062119,1.67794919014,0.198558568954
1.26933038235,0.525252521038,1.49489116669,1.72565710545,0.230765938759
1.30106365681,0.525252521038,1.5088865757,1.77009367943,0.261207103729
1.33279693127,0.525252521038,1.52136266232,1.8110152483,0.289652585983
1.36453020573,0.525252521038,1.53230667114,1.84820926189,0.315902590752
1.39626336098,0.525252521038,1.54170799255,1.88149333,0.339785337448
1.42799663544,0.525252521038,1.54955685139,1.91071343422,0.361156582832
1.4597299099,0.525252521038,1.55584537983,1.9357405901,0.379895210266
1.49146318436,0.525252521038,1.56056749821,1.95646727085,0.395899772644
1.52319645882,0.525252521038,1.56371808052,1.97280526161,0.409087181091
1.55492973328,0.525252521038,1.56529426575,1.98468291759,0.419388651848
1.58666300774,0.525252521038,1.56529426575,1.9920399189,0.426745653152
1.6183962822,0.525252521038,1.56371808052,1.99482941628,0.431111335754
1.65012955666,0.525252521038,1.56056749821,1.99301373959,0.432446241379
1.68186283112,0.525252521038,1.55584537983,1.98656511307,0.430719733238
1.71359610558,0.525252521038,1.54955685139,1.97546827793,0.425911426544
1.74532938004,0.525252521038,1.54170799255,1.95971918106,0.418011188507
1.77706253529,0.525252521038,1.53230667114,1.93933010101,0.407023429871
1.80879580975,0.525252521038,1.52136266232,1.91433167458,0.39296901226
1.84052908421,0.525252521038,1.5088865757,1.88477623463,0.375889658928
1.87226235867,0.525252521038,1.49489116669,1.85074257851,0.355851411819
1.90399563313,0.525252521038,1.47939050198,1.81234002113,0.332949519157
1.93572890759,0.525252521038,1.46240031719,1.76971065998,0.307310342789
1.96746218204,0.525252521038,1.44393765926,1.72303140163,0.279093742371
1.9991953373,0.525252521038,1.42402100563,1.67251646519,0.248495459557
2.03092861176,0.525252521038,1.40267050266,1.61841523647,0.21574473381
2.06266188622,0.525252521038,1.37990748882,1.56101167202,0.181104183197
2.09439516068,0.525252521038,1.35575520992,1.50062155724,0.144866347313
2.12612843513,0.525252521038,1.33023762703,1.43758606911,0.107348442078
2.15786170959,0.525252521038,1.30338072777,1.37226974964,0.0688890218735
2.18959498405,0.525252521038,1.27521157265,1.30505347252,0.0298418998718
2.22132825851,0.525252521038,1.24575817585,1.2363319397,0.00942623615265
2.25306153297,0.525252521038,1.2150503397,1.16650903225,0.0485413074493
2.28479480743,0.525252521038,1.18311917782,1.09599626064,0.0871229171753
2.31652784348,0.525252521038,1.14999711514,1.02520883083,0.124788284302
2.34826135635,0.525252521038,1.11571633816,0.954560220242,0.161156117916
2.3799943924,0.525252521038,1.08031272888,0.884461402893,0.195851325989
2.41172790527,0.525252521038,1.043820858,0.815305411816,0.228515446186
2.44346094131,0.525252521038,1.00627851486,0.747466683388,0.258811831474
2.47519421577,0.525252521038,0.967722535133,0.68128234148,0.286440193653
2.50692749023,0.525252521038,0.928192198277,0.617046773434,0.311145424843
2.53866076469,0.525252521038,0.887727200985,0.555002331734,0.332724869251
2.57039403915,0.525252521038,0.846368432045,0.495334565639,0.351033866405
2.60212731361,0.525252521038,0.804157435894,0.438171684742,0.365985751152
2.63386058807,0.525252521038,0.761136651039,0.383585214615,0.377551436424
2.66559386253,0.525252521038,0.717349529266,0.331596434116,0.38575309515
2.69732713699,0.525252521038,0.672840058804,0.282179743052,0.390660315752
2.72906041145,0.525252521038,0.627653121948,0.235270470381,0.392382651567
2.76079368591,0.525252521038,0.58183413744,0.190770298243,0.391063839197
2.79252696037,0.525252521038,0.535429358482,0.148552983999,0.386876374483
2.82426023483,0.525252521038,0.488485425711,0.108472198248,0.380013227463
2.85599327087,0.525252521038,0.441049963236,0.0703670307994,0.370682924986
2.88772678375,0.525252521038,0.393169671297,0.0340667627752,0.359102904797
2.91945981979,0.525252521038,0.344894260168,-0.000597461126745,0.345491707325
2.95119309425,0.525252521038,0.296271175146,-0.0337928272784,0.330063998699
2.98292636871,0.525252521038,0.247349783778,-0.0656766444445,0.313026428223
3.01465964317,0.525252521038,0.198179349303,-0.0963912382722,0.294570595026
3.04639291763,0.525252521038,0.148809343576,-0.126062631607,0.274871975183
3.07812619209,0.525252521038,0.0992895066738,-0.154797717929,0.254087209702
3.10985946655,0.525252521038,0.0496696904302,-0.182683333755,0.232353031635
3.14159274101,0.525252521038,-1.36859597433e-07,-0.209786102176,0.209785968065
0,0.535353541374,0,-0.147069633007,0.147069633007
0.0317332595587,0.535353541374,0.0497718714178,-0.115717887878,0.165489763021
0.0634665191174,0.535353541374,0.099493637681,-0.0840271413326,0.183520779014
0.095199778676,0.535353541374,0.149115204811,-0.0519921071827,0.201107308269
0.126933038235,0.535353541374,0.198586642742,-0.0195982828736,0.218184918165
0.158666297793,0.535353541374,0.247858092189,0.0131783029065,0.234679788351
0.190399557352,0.535353541374,0.29688000679,0.0463723838329,0.250507622957
0.222132816911,0.535353541374,0.345602959394,0.0800267383456,0.265576213598
0.253866076469,0.535353541374,0.393977940083,0.114196464419,0.279781460762
0.285599350929,0.535353541374,0.44195625186,0.148948684335,0.293007552624
0.317332595587,0.535353541374,0.489489465952,0.184362396598,0.305127084255
0.349065840244,0.535353541374,0.536529779434,0.220532387495,0.315997391939
0.380799114704,0.535353541374,0.583029985428,0.257564783096,0.325465202332
0.412532389164,0.535353541374,0.62894308567,0.29557800293,0.333365082741
0.444265633821,0.535353541374,0.674222826958,0.334700375795,0.339522451162
0.475998878479,0.535353541374,0.71882379055,0.375064581633,0.343759208918
0.507732152939,0.535353541374,0.762700915337,0.416802555323,0.345898360014
0.539465427399,0.535353541374,0.805810034275,0.460041582584,0.345768451691
0.571198701859,0.535353541374,0.848107755184,0.504895865917,0.343211889267
0.602931916714,0.535353541374,0.889551520348,0.551461338997,0.338090181351
0.634665191174,0.535353541374,0.930099666119,0.599808514118,0.330291152
0.666398465633,0.535353541374,0.969711124897,0.649977564812,0.319733560085
0.698131680489,0.535353541374,1.00834619999,0.701972842216,0.306373357773
0.729864954948,0.535353541374,1.04596602917,0.755760371685,0.290205657482
0.761598229408,0.535353541374,1.08253276348,0.811263799667,0.271268963814
0.793331503868,0.535353541374,1.11800920963,0.868364453316,0.249644756317
0.825064778328,0.535353541374,1.15236008167,0.926903009415,0.225457072258
0.856797993183,0.535353541374,1.1855506897,0.986679434776,0.198871254921
0.888531267643,0.535353541374,1.21754741669,1.04745638371,0.170091032982
0.920264542103,0.535353541374,1.24831819534,1.1089631319,0.139355063438
0.951997756958,0.535353541374,1.27783203125,1.17089724541,0.106934785843
0.983731031418,0.535353541374,1.30605924129,1.23293292522,0.0731263160706
1.01546430588,0.535353541374,1.33297133446,1.29472231865,0.0382490158081
1.04719758034,0.535353541374,1.35854125023,1.35590302944,0.00263822078705
1.0789308548,0.535353541374,1.3827432394,1.41610431671,0.0333610773087
1.11066412926,0.535353541374,1.40555298328,1.4749532938,0.0694003105164
1.14239740372,0.535353541374,1.42694735527,1.53208351135,0.105136156082
1.17413055897,0.535353541374,1.44690477848,1.58713948727,0.140234708786
1.20586383343,0.535353541374,1.46540546417,1.63978493214,0.174379467964
1.23759710789,0.535353541374,1.48243069649,1.68970525265,0.20727455616
1.26933038235,0.535353541374,1.49796307087,1.73661482334,0.238651752472
1.30106365681,0.535353541374,1.51198720932,1.78025591373,0.268268704414
1.33279693127,0.535353541374,1.52448892593,1.8204022646,0.295913338661
1.36453020573,0.535353541374,1.53545546532,1.85685741901,0.321401953697
1.39626336098,0.535353541374,1.54487609863,1.88945353031,0.344577431679
1.42799663544,0.535353541374,1.55274105072,1.9180495739,0.365308523178
1.4597299099,0.535353541374,1.55904257298,1.94252717495,0.383484601974
1.49146318436,0.535353541374,1.56377434731,1.96278834343,0.399013996124
1.52319645882,0.535353541374,1.56693148613,1.97875213623,0.411820650101
1.55492973328,0.535353541374,1.5685107708,1.99035096169,0.421840190887
1.58666300774,0.535353541374,1.5685107708,1.99752926826,0.429018497467
1.6183962822,0.535353541374,1.56693148613,2.0002412796,0.433309793472
1.65012955666,0.535353541374,1.56377434731,1.99844896793,0.434674620628
1.68186283112,0.535353541374,1.55904257298,1.99212384224,0.433081269264
1.71359610558,0.535353541374,1.55274105072,1.98124647141,0.428505420685
1.74532938004,0.535353541374,1.54487609863,1.96580827236,0.420932173729
1.77706253529,0.535353541374,1.53545546532,1.94581449032,0.410359025002
1.80879580975,0.535353541374,1.52448892593,1.92128705978,0.39679813385
1.84052908421,0.535353541374,1.51198720932,1.89226865768,0.380281448364
1.87226235867,0.535353541374,1.49796307087,1.85882639885,0.36086332798
1.90399563313,0.535353541374,1.48243057728,1.82105600834,0.338625431061
1.93572890759,0.535353541374,1.46540546417,1.77908480167,0.313679337502
1.96746218204,0.535353541374,1.44690477848,1.73307478428,0.286170005798
1.9991953373,0.535353541374,1.42694723606,1.6832242012,0.256276965141
2.03092861176,0.535353541374,1.40555286407,1.62976741791,0.224214553833
2.06266188622,0.535353541374,1.38274312019,1.5729739666,0.190230846405
2.09439516068,0.535353541374,1.35854125023,1.51314532757,0.154604077339
2.12612843513,0.535353541374,1.33297121525,1.45061063766,0.117639422417
2.15786170959,0.535353541374,1.30605912209,1.38572347164,0.079664349556
2.18959498405,0.535353541374,1.27783203125,1.31885623932,0.0410242080688
2.22132825851,0.535353541374,1.24831807613,1.250395298,0.00207722187042
2.25306153297,0.535353541374,1.21754717827,1.18073856831,0.0368086099625
2.28479480743,0.535353541374,1.18555045128,1.11029160023,0.0752588510513
2.31652784348,0.535353541374,1.15236020088,1.03946530819,0.112894892693
2.34826135635,0.535353541374,1.11800909042,0.968671262264,0.149337828159
2.3799943924,0.535353541374,1.08253276348,0.898320317268,0.184212446213
2.41172790527,0.535353541374,1.04596579075,0.828809022903,0.217156767845
2.44346094131,0.535353541374,1.0083463192,0.760518491268,0.24782782793
2.47519421577,0.535353541374,0.969711124897,0.693795740604,0.275915384293
2.50692749023,0.535353541374,0.930099546909,0.628947854042,0.301151692867
2.53866076469,0.535353541374,0.889551460743,0.566231369972,0.323320090771
2.57039403915,0.535353541374,0.848107635975,0.505846202374,0.342261433601
2.60212731361,0.535353541374,0.805809915066,0.447934120893,0.357875794172
2.63386058807,0.535353541374,0.762700736523,0.392579227686,0.370121508837
2.66559386253,0.535353541374,0.718823611736,0.339812278748,0.379011332989
2.69732713699,0.535353541374,0.674222707748,0.289616554976,0.384606152773
2.72906041145,0.535353541374,0.628942906857,0.241933897138,0.38700902462
2.76079368591,0.535353541374,0.583029747009,0.196670740843,0.386359006166
2.79252696037,0.535353541374,0.53652960062,0.153705313802,0.38282430172
2.82426023483,0.535353541374,0.489489227533,0.112893149257,0.376596093178
2.85599327087,0.535353541374,0.441956311464,0.0740747600794,0.367881536484
2.88772678375,0.535353541374,0.393977612257,0.0370800159872,0.356897592545
2.91945981979,0.535353541374,0.345602989197,0.0017400290817,0.343862950802
2.95119309425,0.535353541374,0.29688000679,-0.0321141816676,0.328994184732
2.98292636871,0.535353541374,0.247858077288,-0.0646404325962,0.312498509884
3.01465964317,0.535353541374,0.198586598039,-0.0959825590253,0.294569164515
3.04639291763,0.535353541374,0.149115145206,-0.126267686486,0.275382816792
3.07812619209,0.535353541374,0.0994935408235,-0.155602604151,0.255096137524
3.10985946655,0.535353541374,0.0497717596591,-0.184074416757,0.23384617269
3.14159274101,0.535353541374,-1.37140830248e-07,-0.211748629808,0.211748495698
0,0.545454502106,0,-0.149349421263,0.149349421263
0.0317332595587,0.545454502106,0.0498740449548,-0.117311909795,0.1671859622
0.0634665191174,0.545454502106,0.0996978804469,-0.0849275961518,0.184625476599
0.095199778676,0.545454502106,0.149421319366,-0.0521935559809,0.201614871621
0.126933038235,0.545454502106,0.19899430871,-0.0190971642733,0.218091472983
0.158666297793,0.545454502106,0.248366907239,0.0143851730973,0.233981728554
0.190399557352,0.545454502106,0.297489434481,0.048286639154,0.249202787876
0.222132816911,0.545454502106,0.346312433481,0.082651399076,0.263661026955
0.253866076469,0.545454502106,0.394786715508,0.11753474921,0.277251958847
0.285599350929,0.545454502106,0.44286352396,0.153003245592,0.289860278368
0.317332595587,0.545454502106,0.490494310856,0.189139381051,0.301354944706
0.349065840244,0.545454502106,0.537631213665,0.226037427783,0.311593770981
0.380799114704,0.545454502106,0.584226846695,0.263805747032,0.320421099663
0.412532389164,0.545454502106,0.630234241486,0.302564591169,0.327669650316
0.444265633821,0.545454502106,0.675606906414,0.342442303896,0.333164602518
0.475998878479,0.545454502106,0.720299422741,0.383571207523,0.336728215218
0.507732152939,0.545454502106,0.764266610146,0.426082909107,0.338183701038
0.539465427399,0.545454502106,0.807464241982,0.470100462437,0.337363779545
0.571198701859,0.545454502106,0.849848806858,0.51573318243,0.334115624428
0.602931916714,0.545454502106,0.89137762785,0.563069939613,0.328307688236
0.634665191174,0.545454502106,0.932008981705,0.612172365189,0.319836616516
0.666398465633,0.545454502106,0.971701800823,0.663068950176,0.308632850647
0.698131680489,0.545454502106,1.01041615009,0.715751647949,0.294664502144
0.729864954948,0.545454502106,1.04811322689,0.770172894001,0.27794033289
0.761598229408,0.545454502106,1.08475494385,0.826242208481,0.258512735367
0.793331503868,0.545454502106,1.12030434608,0.883828282356,0.236476063728
0.825064778328,0.545454502106,1.15472579002,0.942759096622,0.211966693401
0.856797993183,0.545454502106,1.18798434734,1.00282430649,0.185160040855
0.888531267643,0.545454502106,1.22004687786,1.06377851963,0.156268358231
0.920264542103,0.545454502106,1.25088083744,1.12534499168,0.125535845757
0.951997756958,0.545454502106,1.28045523167,1.18721926212,0.0932359695435
0.983731031418,0.545454502106,1.30874037743,1.24907445908,0.0596659183502
1.01546430588,0.545454502106,1.33570766449,1.31056594849,0.0251417160034
1.04719758034,0.545454502106,1.36133015156,1.37133705616,0.0100069046021
1.0789308548,0.545454502106,1.38558185101,1.43102610111,0.0454442501068
1.11066412926,0.545454502106,1.40843832493,1.48927128315,0.0808329582214
1.14239740372,0.545454502106,1.42987656593,1.54571926594,0.115842700005
1.17413055897,0.545454502106,1.44987511635,1.600030303,0.150155186653
1.20586383343,0.545454502106,1.46841371059,1.65188479424,0.183471083641
1.23759710789,0.545454502106,1.48547387123,1.70098638535,0.215512514114
1.26933038235,0.545454502106,1.5010381937,1.74706625938,0.246028065681
1.30106365681,0.545454502106,1.51509106159,1.78988528252,0.274794220924
1.33279693127,0.545454502106,1.5276184082,1.82923340797,0.301614999771
1.36453020573,0.545454502106,1.53860759735,1.8649302721,0.326322674751
1.39626336098,0.545454502106,1.54804742336,1.89682126045,0.34877383709
1.42799663544,0.545454502106,1.55592858791,1.92477798462,0.368849396706
1.4597299099,0.545454502106,1.56224310398,1.94869244099,0.386449337006
1.49146318436,0.545454502106,1.56698453426,1.96847510338,0.401490569115
1.52319645882,0.545454502106,1.57014811039,1.98405182362,0.413903713226
1.55492973328,0.545454502106,1.57173073292,1.99535989761,0.423629164696
1.58666300774,0.545454502106,1.57173073292,2.00234723091,0.430616497993
1.6183962822,0.545454502106,1.57014811039,2.00496959686,0.434821486473
1.65012955666,0.545454502106,1.56698453426,2.00318956375,0.436205029488
1.68186283112,0.545454502106,1.56224310398,1.99697673321,0.434733629227
1.71359610558,0.545454502106,1.55592858791,1.9863089323,0.430380344391
1.74532938004,0.545454502106,1.54804742336,1.97117340565,0.423125982285
1.77706253529,0.545454502106,1.53860759735,1.95156955719,0.412961959839
1.80879580975,0.545454502106,1.5276184082,1.92751145363,0.399893045425
1.84052908421,0.545454502106,1.51509106159,1.89903199673,0.383940935135
1.87226235867,0.545454502106,1.5010381937,1.8661878109,0.365149617195
1.90399563313,0.545454502106,1.48547375202,1.82906186581,0.343588113785
1.93572890759,0.545454502106,1.46841371059,1.78776776791,0.319354057312
1.96746218204,0.545454502106,1.44987511635,1.74245226383,0.292577147484
1.9991953373,0.545454502106,1.42987656593,1.69329881668,0.263422250748
2.03092861176,0.545454502106,1.40843820572,1.64052522182,0.232087016106
2.06266188622,0.545454502106,1.3855817318,1.58438694477,0.198805212975
2.09439516068,0.545454502106,1.36133015156,1.52517008781,0.163839936256
2.12612843513,0.545454502106,1.33570766449,1.46319198608,0.127484321594
2.15786170959,0.545454502106,1.30874025822,1.3987942934,0.0900540351868
2.18959498405,0.545454502106,1.28045523167,1.33233904839,0.0518838167191
2.22132825851,0.545454502106,1.25088071823,1.26420462132,0.0133239030838
2.25306153297,0.545454502106,1.22004663944,1.19478070736,0.0252659320831
2.28479480743,0.545454502106,1.18798422813,1.1244674921,0.0635167360306
2.31652784348,0.545454502106,1.15472579002,1.05367028713,0.101055502892
2.34826135635,0.545454502106,1.12030422688,0.98279696703,0.137507259846
2.3799943924,0.545454502106,1.08475494385,0.912257611752,0.172497332096
2.41172790527,0.545454502106,1.04811298847,0.842451274395,0.205661714077
2.44346094131,0.545454502106,1.0104162693,0.773763477802,0.2366527915
2.47519421577,0.545454502106,0.971701800823,0.706550657749,0.265151143074
2.50692749023,0.545454502106,0.9320089221,0.641131699085,0.290877223015
2.53866076469,0.545454502106,0.891377568245,0.577776968479,0.313600599766
2.57039403915,0.545454502106,0.849848687649,0.516701579094,0.333147108555
2.60212731361,0.545454502106,0.807464122772,0.458060741425,0.349403381348
2.63386058807,0.545454502106,0.764266431332,0.40195146203,0.362314969301
2.66559386253,0.545454502106,0.720299243927,0.348415642977,0.37188360095
2.69732713699,0.545454502106,0.675606787205,0.297445476055,0.37816131115
2.72906041145,0.545454502106,0.630234003067,0.24898993969,0.381244063377
2.76079368591,0.545454502106,0.584226608276,0.202961057425,0.381265550852
2.79252696037,0.545454502106,0.537631034851,0.159240677953,0.378390371799
2.82426023483,0.545454502106,0.490494072437,0.117688089609,0.372805982828
2.85599327087,0.545454502106,0.442863553762,0.0781449228525,0.364718616009
2.88772678375,0.545454502106,0.394786387682,0.0404425822198,0.354343801737
2.91945981979,0.545454502106,0.346312463284,0.0044112233445,0.341901242733
2.95119309425,0.545454502106,0.297489434481,-0.0301181524992,0.327607572079
2.98292636871,0.545454502106,0.248366892338,-0.0633041188121,0.3116710186
3.01465964317,0.545454502106,0.198994264007,-0.095291890204,0.294286161661
3.04639291763,0.545454502106,0.149421259761,-0.126208946109,0.27563020587
3.07812619209,0.545454502106,0.0996977910399,-0.15616235137,0.25586014986
3.10985946655,0.545454502106,0.0498739331961,-0.185238540173,0.235112473369
3.14159274101,0.545454502106,-1.3742236149e-07,-0.21350222826,0.21350209415
0,0.555555582047,0,-0.151511073112,0.151511073112
0.0317332595587,0.555555582047,0.04997625947,-0.118772089481,0.168748348951
0.0634665191174,0.555555582047,0.0999022126198,-0.0856770277023,0.185579240322
0.095199778676,0.555555582047,0.149727553129,-0.0522273518145,0.201954901218
0.126933038235,0.555555582047,0.199402138591,-0.0184112638235,0.217813402414
0.158666297793,0.555555582047,0.248875930905,0.0157933104783,0.23308262229
0.190399557352,0.555555582047,0.298099130392,0.0504191145301,0.247680008411
0.222132816911,0.555555582047,0.347022205591,0.0855098888278,0.261512309313
0.253866076469,0.555555582047,0.395595818758,0.121121369302,0.274474442005
0.285599350929,0.555555582047,0.443771153688,0.157321617007,0.286449551582
0.317332595587,0.555555582047,0.491499572992,0.194193303585,0.297306269407
0.349065840244,0.555555582047,0.538733065128,0.231833040714,0.306900024414
0.380799114704,0.555555582047,0.585424244404,0.270349919796,0.315074324608
0.412532389164,0.555555582047,0.631525874138,0.309865862131,0.321660012007
0.444265633821,0.555555582047,0.676991581917,0.350508540869,0.326483041048
0.475998878479,0.555555582047,0.721775650978,0.392411231995,0.329364418983
0.507732152939,0.555555582047,0.765832960606,0.435702264309,0.330130696297
0.539465427399,0.555555582047,0.809119105339,0.480501919985,0.328617185354
0.571198701859,0.555555582047,0.851590514183,0.526913404465,0.324677109718
0.602931916714,0.555555582047,0.893204510212,0.575017392635,0.318187117577
0.634665191174,0.555555582047,0.933919131756,0.62486577034,0.309053361416
0.666398465633,0.555555582047,0.973693311214,0.676475644112,0.297217667103
0.698131680489,0.555555582047,1.01248705387,0.729825377464,0.282661676407
0.729864954948,0.555555582047,1.05026125908,0.784853518009,0.26540774107
0.761598229408,0.555555582047,1.0869781971,0.841456234455,0.245521962643
0.793331503868,0.555555582047,1.12260043621,0.899489104748,0.223111331463
0.825064778328,0.555555582047,1.15709233284,0.958768427372,0.198323905468
0.856797993183,0.555555582047,1.19041919708,1.01907360554,0.171345591545
0.888531267643,0.555555582047,1.22254729271,1.08015298843,0.142394304276
0.920264542103,0.555555582047,1.25344443321,1.1417247057,0.111719727516
0.951997756958,0.555555582047,1.28307950497,1.20348227024,0.079597234726
0.983731031418,0.555555582047,1.31142258644,1.26510000229,0.0463225841522
1.01546430588,0.555555582047,1.33844518661,1.32623708248,0.0122081041336
1.04719758034,0.555555582047,1.36412012577,1.38654386997,0.0224237442017
1.0789308548,0.555555582047,1.38842153549,1.44566738605,0.057245850563
1.11066412926,0.555555582047,1.41132485867,1.50325906277,0.0919342041016
1.14239740372,0.555555582047,1.4328070879,1.55897891521,0.126171827316
1.17413055897,0.555555582047,1.4528465271,1.61250352859,0.159657001495
1.20586383343,0.555555582047,1.47142314911,1.66352975368,0.192106604576
1.23759710789,0.555555582047,1.48851823807,1.71177983284,0.223261594772
1.26933038235,0.555555582047,1.50411450863,1.75700199604,0.252887487411
1.30106365681,0.555555582047,1.51819622517,1.79897487164,0.280778646469
1.33279693127,0.555555582047,1.53074932098,1.83750450611,0.306755185127
1.36453020573,0.555555582047,1.54176092148,1.8724244833,0.330663561821
1.39626336098,0.555555582047,1.5512201786,1.90359544754,0.352375268936
1.42799663544,0.555555582047,1.55911743641,1.93089926243,0.371781826019
1.4597299099,0.555555582047,1.56544482708,1.95423805714,0.388793230057
1.49146318436,0.555555582047,1.57019603252,1.97353076935,0.403334736824
1.52319645882,0.555555582047,1.57336616516,1.98870873451,0.415342569351
1.55492973328,0.555555582047,1.57495200634,1.9997150898,0.424763083458
1.58666300774,0.555555582047,1.57495200634,2.00650048256,0.431548476219
1.6183962822,0.555555582047,1.57336616516,2.00902152061,0.435655355453
1.65012955666,0.555555582047,1.57019603252,2.00724172592,0.437045693398
1.68186283112,0.555555582047,1.56544482708,2.00113034248,0.435685515404
1.71359610558,0.555555582047,1.55911743641,1.99066221714,0.431544780731
1.74532938004,0.555555582047,1.5512201786,1.97582113743,0.424600958824
1.77706253529,0.555555582047,1.54176092148,1.95660066605,0.414839744568
1.80879580975,0.555555582047,1.53074932098,1.93300807476,0.402258753777
1.84052908421,0.555555582047,1.51819622517,1.90506863594,0.386872410774
1.87226235867,0.555555582047,1.50411450863,1.87282776833,0.368713259697
1.90399563313,0.555555582047,1.48851823807,1.83635675907,0.347838521004
1.93572890759,0.555555582047,1.47142314911,1.79575622082,0.324333071709
1.96746218204,0.555555582047,1.4528465271,1.75115835667,0.298311829567
1.9991953373,0.555555582047,1.43280696869,1.70273160934,0.269924640656
2.03092861176,0.555555582047,1.41132485867,1.65067815781,0.239353299141
2.06266188622,0.555555582047,1.38842141628,1.5952372551,0.206815838814
2.09439516068,0.555555582047,1.36412012577,1.53668153286,0.172561407089
2.12612843513,0.555555582047,1.33844506741,1.47531354427,0.136868476868
2.15786170959,0.555555582047,1.31142246723,1.41146361828,0.100041151047
2.18959498405,0.555555582047,1.28307950497,1.34548223019,0.0624027252197
2.22132825851,0.555555582047,1.253444314,1.27773845196,0.0242941379547
2.25306153297,0.555555582047,1.2225471735,1.20861423016,0.0139329433441
2.28479480743,0.555555582047,1.19041895866,1.13850176334,0.0519171953201
2.31652784348,0.555555582047,1.15709245205,1.0678011179,0.0892913341522
2.34826135635,0.555555582047,1.12260019779,0.996915817261,0.125684380531
2.3799943924,0.555555582047,1.0869781971,0.926253259182,0.160724937916
2.41172790527,0.555555582047,1.05026113987,0.856213033199,0.19404810667
2.44346094131,0.555555582047,1.01248705387,0.787184774876,0.225302278996
2.47519421577,0.555555582047,0.973693311214,0.719532668591,0.254160642624
2.50692749023,0.555555582047,0.933919012547,0.653586626053,0.280332386494
2.53866076469,0.555555582047,0.893204391003,0.589630723,0.303573668003
2.57039403915,0.555555582047,0.851590454578,0.527894020081,0.323696434498
2.60212731361,0.555555582047,0.809119045734,0.468547195196,0.340571850538
2.63386058807,0.555555582047,0.765832781792,0.411700159311,0.35413262248
2.66559386253,0.555555582047,0.721775472164,0.357406765223,0.364368706942
2.69732713699,0.555555582047,0.676991403103,0.305668383837,0.371323019266
2.72906041145,0.555555582047,0.631525695324,0.256442278624,0.3750834167
2.76079368591,0.555555582047,0.585424005985,0.209645569324,0.375778436661
2.79252696037,0.555555582047,0.538732886314,0.165165707469,0.373567163944
2.82426023483,0.555555582047,0.491499334574,0.122864507139,0.368634819984
2.85599327087,0.555555582047,0.443771213293,0.0825863927603,0.361184835434
2.88772678375,0.555555582047,0.395595490932,0.0441633723676,0.35143211484
2.91945981979,0.555555582047,0.347022235394,0.0074265897274,0.339595645666
2.95119309425,0.555555582047,0.298099130392,-0.0277937091887,0.325892835855
2.98292636871,0.555555582047,0.248875916004,-0.0616562031209,0.31053212285
3.01465964317,0.555555582047,0.199402093887,-0.0943070799112,0.293709158897
3.04639291763,0.555555582047,0.149727493525,-0.125873789191,0.275601267815
3.07812619209,0.555555582047,0.0999021157622,-0.156463831663,0.256365954876
3.10985946655,0.555555582047,0.0499761477113,-0.186162784696,0.236138939857
3.14159274101,0.555555582047,-1.3770400642e-07,-0.215033620596,0.215033486485
0,0.565656542778,0,-0.153544455767,0.153544455767
0.0317332595587,0.565656542778,0.0500784106553,-0.120086818933,0.170165225863
0.0634665191174,0.565656542778,0.100106410682,-0.0862649083138,0.186371326447
0.095199778676,0.565656542778,0.150033593178,-0.0520822145045,0.202115803957
0.126933038235,0.565656542778,0.199809715152,-0.0175297483802,0.217339456081
0.158666297793,0.565656542778,0.249384641647,0.0174133218825,0.23197132349
0.190399557352,0.565656542778,0.298708468676,0.0527792014182,0.245929270983
0.222132816911,0.565656542778,0.347731500864,0.0886117443442,0.259119749069
0.253866076469,0.565656542778,0.396404415369,0.124966219068,0.2714381814
0.285599350929,0.565656542778,0.444678217173,0.161912217736,0.282765984535
0.317332595587,0.565656542778,0.492504179478,0.199533671141,0.292970508337
0.349065840244,0.565656542778,0.539834260941,0.237927168608,0.301907092333
0.380799114704,0.565656542778,0.586620807648,0.277204364538,0.30941644311
0.412532389164,0.565656542778,0.632816672325,0.317487090826,0.315329581499
0.444265633821,0.565656542778,0.678375303745,0.358904361725,0.31947094202
0.475998878479,0.565656542778,0.723250925541,0.401587545872,0.321663379669
0.507732152939,0.565656542778,0.767398297787,0.445662736893,0.321735560894
0.539465427399,0.565656542778,0.810772955418,0.491246134043,0.319526821375
0.571198701859,0.565656542778,0.853331208229,0.53843408823,0.314897119999
0.602931916714,0.565656542778,0.895030200481,0.587298989296,0.307731211185
0.634665191174,0.565656542778,0.935828030109,0.637882113457,0.297945916653
0.666398465633,0.565656542778,0.975683510303,0.690187811852,0.285495698452
0.698131680489,0.565656542778,1.01455652714,0.744181036949,0.270375490189
0.729864954948,0.565656542778,1.05240809917,0.799786746502,0.252621352673
0.761598229408,0.565656542778,1.08919990063,0.856886982918,0.232312917709
0.793331503868,0.565656542778,1.12489497662,0.915325343609,0.209569633007
0.825064778328,0.565656542778,1.15945744514,0.974906980991,0.184550464153
0.856797993183,0.565656542778,1.19285237789,1.03540229797,0.157450079918
0.888531267643,0.565656542778,1.22504615784,1.09655308723,0.128493070602
0.920264542103,0.565656542778,1.25600647926,1.15807414055,0.0979323387146
0.951997756958,0.565656542778,1.28570210934,1.21965813637,0.0660439729691
0.983731031418,0.565656542778,1.31410312653,1.28098165989,0.0331214666367
1.01546430588,0.565656542778,1.34118103981,1.34170854092,0.000527501106262
1.04719758034,0.565656542778,1.36690831184,1.40149664879,0.0345883369446
1.0789308548,0.565656542778,1.39125943184,1.46000409126,0.0687446594238
1.11066412926,0.565656542778,1.41420960426,1.51689445972,0.102684855461
1.14239740372,0.565656542778,1.43573582172,1.57184255123,0.136106729507
1.17413055897,0.565656542778,1.45581614971,1.62454140186,0.168725252151
1.20586383343,0.565656542778,1.47443079948,1.67470550537,0.200274705887
1.23759710789,0.565656542778,1.49156081676,1.7220736742,0.230512857437
1.26933038235,0.565656542778,1.50718891621,1.76641285419,0.259223937988
1.30106365681,0.565656542778,1.52129936218,1.80751752853,0.286218166351
1.33279693127,0.565656542778,1.533878088,1.84521019459,0.31133210659
1.36453020573,0.565656542778,1.54491221905,1.87933886051,0.334426641464
1.39626336098,0.565656542778,1.55439078808,1.90977573395,0.355384945869
1.42799663544,0.565656542778,1.56230425835,1.93641507626,0.374110817909
1.4597299099,0.565656542778,1.56864464283,1.95916712284,0.390522480011
1.49146318436,0.565656542778,1.57340550423,1.97795903683,0.4045535326
1.52319645882,0.565656542778,1.57658207417,1.99272811413,0.416146039963
1.55492973328,0.565656542778,1.578171134,2.00342226028,0.425251126289
1.58666300774,0.565656542778,1.578171134,2.00999355316,0.431822419167
1.6183962822,0.565656542778,1.57658207417,2.0124027729,0.435820698738
1.65012955666,0.565656542778,1.57340550423,2.01061272621,0.437207221985
1.68186283112,0.565656542778,1.56864464283,2.00459194183,0.435947299004
1.71359610558,0.565656542778,1.56230425835,1.99431359768,0.432009339333
1.74532938004,0.565656542778,1.55439078808,1.97975766659,0.42536687851
1.77706253529,0.565656542778,1.54491221905,1.96091401577,0.416001796722
1.80879580975,0.565656542778,1.533878088,1.93778324127,0.403905153275
1.84052908421,0.565656542778,1.52129936218,1.91038274765,0.389083385468
1.87226235867,0.565656542778,1.50718891621,1.87874901295,0.371560096741
1.90399563313,0.565656542778,1.49156069756,1.84294164181,0.351380944252
1.93572890759,0.565656542778,1.47443079948,1.80304932594,0.328618526459
1.96746218204,0.565656542778,1.45581614971,1.75919032097,0.303374171257
1.9991953373,0.565656542778,1.43573570251,1.71151709557,0.275781393051
2.03092861176,0.565656542778,1.41420960426,1.66021752357,0.246007919312
2.06266188622,0.565656542778,1.39125943184,1.60551428795,0.21425485611
2.09439516068,0.565656542778,1.36690831184,1.54766607285,0.180757761002
2.12612843513,0.565656542778,1.3411809206,1.48696017265,0.145779252052
2.15786170959,0.565656542778,1.31410300732,1.4237139225,0.109610915184
2.18959498405,0.565656542778,1.28570210934,1.35826647282,0.0725643634796
2.22132825851,0.565656542778,1.25600636005,1.29097700119,0.0349706411362
2.25306153297,0.565656542778,1.22504603863,1.22221755981,0.00282847881317
2.28479480743,0.565656542778,1.19285213947,1.15237271786,0.0404794216156
2.31652784348,0.565656542778,1.15945756435,1.0818362236,0.0776213407516
2.34826135635,0.565656542778,1.12489485741,1.01100564003,0.113889217377
2.3799943924,0.565656542778,1.08919990063,0.940285384655,0.148914515972
2.41172790527,0.565656542778,1.05240786076,0.870073795319,0.182334065437
2.44346094131,0.565656542778,1.01455664635,0.800764024258,0.213792622089
2.47519421577,0.565656542778,0.975683510303,0.73272562027,0.242957890034
2.50692749023,0.565656542778,0.935827970505,0.666298866272,0.269529104233
2.53866076469,0.565656542778,0.895030140877,0.601780772209,0.293249368668
2.57039403915,0.565656542778,0.85333108902,0.539415180683,0.313915908337
2.60212731361,0.565656542778,0.810772836208,0.479387462139,0.331385374069
2.63386058807,0.565656542778,0.767398178577,0.42182174325,0.345576435328
2.66559386253,0.565656542778,0.723250806332,0.366783797741,0.356467008591
2.69732713699,0.565656542778,0.678375184536,0.31428578496,0.364089399576
2.72906041145,0.565656542778,0.632816493511,0.264292508364,0.368523985147
2.76079368591,0.565656542778,0.586620628834,0.216728419065,0.369892209768
2.79252696037,0.565656542778,0.539834082127,0.171485513449,0.368348568678
2.82426023483,0.565656542778,0.492503941059,0.128429248929,0.364074707031
2.85599327087,0.565656542778,0.444678276777,0.0874066352844,0.357271641493
2.88772678375,0.565656542778,0.396404087543,0.0482516102493,0.34815248847
2.91945981979,0.565656542778,0.347731530666,0.0107958270237,0.336935698986
2.95119309425,0.565656542778,0.298708468676,-0.0251301527023,0.323838621378
2.98292636871,0.565656542778,0.249384611845,-0.0596857182682,0.309070318937
3.01465964317,0.565656542778,0.199809670448,-0.0930165871978,0.292826265097
3.04639291763,0.565656542778,0.150033533573,-0.125250697136,0.275284230709
3.07812619209,0.565656542778,0.100106313825,-0.156495466828,0.256601780653
3.10985946655,0.565656542778,0.0500782988966,-0.186834573746,0.236912876368
3.14159274101,0.565656542778,-1.37985480819e-07,-0.216330215335,0.216330081224
0,0.575757563114,0,-0.155437618494,0.155437618494
0.0317332595587,0.575757563114,0.0501804240048,-0.121245861053,0.171426281333
0.0634665191174,0.575757563114,0.100310333073,-0.0866802856326,0.186990618706
0.095199778676,0.575757563114,0.150339215994,-0.0517480485141,0.202087268233
0.126933038235,0.575757563114,0.20021674037,-0.0164423510432,0.216659098864
0.158666297793,0.575757563114,0.249892637134,0.0192556940019,0.230636939406
0.190399557352,0.575757563114,0.299316942692,0.0553776435554,0.243939295411
0.222132816911,0.575757563114,0.348439842463,0.091966688633,0.25647315383
0.253866076469,0.575757563114,0.397211909294,0.129079148173,0.26813274622
0.285599350929,0.575757563114,0.445584058762,0.166784435511,0.278799623251
0.317332595587,0.575757563114,0.493507444859,0.205167621374,0.288339823484
0.349065840244,0.575757563114,0.540933907032,0.244326978922,0.29660692811
0.380799114704,0.575757563114,0.587815821171,0.284375160933,0.303440660238
0.412532389164,0.575757563114,0.634105741978,0.325434356928,0.30867138505
0.444265633821,0.575757563114,0.67975717783,0.367633521557,0.312123656273
0.475998878479,0.575757563114,0.72472423315,0.411102771759,0.313621461391
0.507732152939,0.575757563114,0.768961548805,0.455965459347,0.312996089458
0.539465427399,0.575757563114,0.81242454052,0.502332270145,0.310092270374
0.571198701859,0.575757563114,0.855069458485,0.550292313099,0.304777145386
0.602931916714,0.575757563114,0.89685344696,0.599909603596,0.296943843365
0.634665191174,0.575757563114,0.937734365463,0.651212692261,0.286521673203
0.666398465633,0.575757563114,0.977671027184,0.70419383049,0.273477196693
0.698131680489,0.575757563114,1.01662325859,0.758804798126,0.257818460464
0.729864954948,0.575757563114,1.05455183983,0.814955472946,0.239596366882
0.761598229408,0.575757563114,1.09141862392,0.872515559196,0.218903064728
0.793331503868,0.575757563114,1.12718641758,0.931315422058,0.195870995522
0.825064778328,0.575757563114,1.1618193388,0.991150677204,0.170668661594
0.856797993183,0.575757563114,1.19528222084,1.05178403854,0.143498182297
0.888531267643,0.575757563114,1.2275416851,1.11295199394,0.114589691162
0.920264542103,0.575757563114,1.25856494904,1.17436599731,0.0841989517212
0.951997756958,0.575757563114,1.28832113743,1.23571944237,0.0526016950607
0.983731031418,0.575757563114,1.31677997112,1.29669237137,0.0200875997543
1.01546430588,0.575757563114,1.34391307831,1.35695397854,0.0130409002304
1.04719758034,0.575757563114,1.36969280243,1.41617119312,0.0464783906937
1.0789308548,0.575757563114,1.39409351349,1.47401332855,0.0799198150635
1.11066412926,0.575757563114,1.41709041595,1.53015697002,0.11306655407
1.14239740372,0.575757563114,1.43866038322,1.5842924118,0.14563202858
1.17413055897,0.575757563114,1.45878171921,1.63612914085,0.177347421646
1.20586383343,0.575757563114,1.47743427753,1.68539881706,0.207964539528
1.23759710789,0.575757563114,1.49459922314,1.73185861111,0.23725938797
1.26933038235,0.575757563114,1.51025915146,1.77529144287,0.265032291412
1.30106365681,0.575757563114,1.52439832687,1.81550884247,0.291110515594
1.33279693127,0.575757563114,1.53700268269,1.8523478508,0.315345168114
1.36453020573,0.575757563114,1.54805934429,1.88567125797,0.337611913681
1.39626336098,0.575757563114,1.55755722523,1.91536283493,0.357805609703
1.42799663544,0.575757563114,1.56548678875,1.94132649899,0.375839710236
1.4597299099,0.575757563114,1.57184004784,1.96348285675,0.391642808914
1.49146318436,0.575757563114,1.57661056519,1.98176455498,0.405153989792
1.52319645882,0.575757563114,1.57979369164,1.99611568451,0.416321992874
1.55492973328,0.575757563114,1.58138597012,2.00648713112,0.425101161003
1.58666300774,0.575757563114,1.58138597012,2.01283550262,0.431449532509
1.6183962822,0.575757563114,1.57979369164,2.01512169838,0.435328006744
1.65012955666,0.575757563114,1.57661056519,2.01331067085,0.436700105667
1.68186283112,0.575757563114,1.57184004784,2.00736951828,0.435529470444
1.71359610558,0.575757563114,1.56548678875,1.99727058411,0.431783795357
1.74532938004,0.575757563114,1.55755722523,1.98299121857,0.42543399334
1.77706253529,0.575757563114,1.54805934429,1.96451675892,0.416457414627
1.80879580975,0.575757563114,1.53700268269,1.94184315205,0.40484046936
1.84052908421,0.575757563114,1.52439832687,1.9149800539,0.390581727028
1.87226235867,0.575757563114,1.51025915146,1.88395547867,0.373696327209
1.90399563313,0.575757563114,1.49459910393,1.84881949425,0.35422039032
1.93572890759,0.575757563114,1.47743427753,1.80964779854,0.332213521004
1.96746218204,0.575757563114,1.45878171921,1.76654577255,0.307764053345
1.9991953373,0.575757563114,1.43866026402,1.71965098381,0.280990719795
2.03092861176,0.575757563114,1.41709029675,1.66913676262,0.252046465874
2.06266188622,0.575757563114,1.39409339428,1.61520957947,0.221116185188
2.09439516068,0.575757563114,1.36969280243,1.55811214447,0.188419342041
2.12612843513,0.575757563114,1.3439129591,1.49811780453,0.154204845428
2.15786170959,0.575757563114,1.31677997112,1.43552935123,0.118749380112
2.18959498405,0.575757563114,1.28832113743,1.37067449093,0.0823533535004
2.22132825851,0.575757563114,1.25856494904,1.30390036106,0.0453354120255
2.25306153297,0.575757563114,1.22754144669,1.23557007313,0.00802862644196
2.28479480743,0.575757563114,1.19528210163,1.16605889797,0.0292232036591
2.31652784348,0.575757563114,1.1618193388,1.0957531929,0.0660661458969
2.34826135635,0.575757563114,1.12718629837,1.02504444122,0.102141857147
2.3799943924,0.575757563114,1.09141862392,0.954332590103,0.137086033821
2.41172790527,0.575757563114,1.05455160141,0.884013831615,0.170537769794
2.44346094131,0.575757563114,1.01662325859,0.814482152462,0.202141106129
2.47519421577,0.575757563114,0.977671027184,0.746112704277,0.231558322906
2.50692749023,0.575757563114,0.937734305859,0.679254293442,0.258480012417
2.53866076469,0.575757563114,0.896853327751,0.614216029644,0.282637298107
2.57039403915,0.575757563114,0.855069339275,0.551256537437,0.303812801838
2.60212731361,0.575757563114,0.81242442131,0.490575581789,0.321848839521
2.63386058807,0.575757563114,0.768961369991,0.432311952114,0.336649417877
2.66559386253,0.575757563114,0.724724113941,0.376544892788,0.348179221153
2.69732713699,0.575757563114,0.67975705862,0.323297142982,0.356459915638
2.72906041145,0.575757563114,0.634105563164,0.272542476654,0.36156308651
2.76079368591,0.575757563114,0.587815582752,0.224212676287,0.363602906466
2.79252696037,0.575757563114,0.540933728218,0.178204372525,0.362729370594
2.82426023483,0.575757563114,0.49350720644,0.134387895465,0.359119296074
2.85599327087,0.575757563114,0.445584088564,0.0926129445434,0.35297113657
2.88772678375,0.575757563114,0.397211581469,0.0527155697346,0.344496011734
2.91945981979,0.575757563114,0.348439872265,0.0145278964192,0.333911985159
2.95119309425,0.575757563114,0.299316942692,-0.0221179500222,0.321434885263
2.98292636871,0.575757563114,0.249892622232,-0.0573815442622,0.307274162769
3.01465964317,0.575757563114,0.200216695666,-0.0914088115096,0.291625499725
3.04639291763,0.575757563114,0.150339156389,-0.124327555299,0.274666726589
3.07812619209,0.575757563114,0.100310236216,-0.156244158745,0.25655439496
3.10985946655,0.575757563114,0.0501803122461,-0.187241405249,0.23742172122
3.14159274101,0.575757563114,-1.38266557315e-07,-0.217378735542,0.217378601432
0,0.58585858345,0,-0.157179489732,0.157179489732
0.0317332595587,0.58585858345,0.0502822250128,-0.122237235308,0.17251946032
0.0634665191174,0.58585858345,0.10051382333,-0.0869118347764,0.187425658107
0.095199778676,0.58585858345,0.15064419806,-0.0512133203447,0.20185752213
0.126933038235,0.58585858345,0.200622916222,-0.0151384724304,0.215761393309
0.158666297793,0.58585858345,0.250399589539,0.0213309004903,0.229068696499
0.190399557352,0.58585858345,0.29992416501,0.0582243055105,0.2416998595
0.222132816911,0.58585858345,0.349146723747,0.0955848619342,0.253561854362
0.253866076469,0.58585858345,0.398017704487,0.133468970656,0.264548718929
0.285599350929,0.58585858345,0.446487993002,0.171946704388,0.274541288614
0.317332595587,0.58585858345,0.494508594275,0.21110381186,0.283404767513
0.349065840244,0.58585858345,0.542031288147,0.251039803028,0.290991485119
0.380799114704,0.58585858345,0.589008271694,0.291868418455,0.297139853239
0.412532389164,0.58585858345,0.635392189026,0.333712399006,0.30167979002
0.444265633821,0.58585858345,0.681136190891,0.376700103283,0.304436087608
0.475998878479,0.58585858345,0.726194441319,0.420959591866,0.305234849453
0.507732152939,0.58585858345,0.770521521568,0.466610789299,0.303910732269
0.539465427399,0.58585858345,0.814072668552,0.513758480549,0.300314188004
0.571198701859,0.58585858345,0.856804132462,0.562484622002,0.29431951046
0.602931916714,0.58585858345,0.898672819138,0.612842142582,0.285830676556
0.634665191174,0.58585858345,0.939636707306,0.664848566055,0.274788141251
0.666398465633,0.58585858345,0.979654371738,0.718482553959,0.26117181778
0.698131680489,0.58585858345,1.0186855793,0.773681223392,0.245004355907
0.729864954948,0.58585858345,1.05669116974,0.830341875553,0.226349294186
0.761598229408,0.58585858345,1.09363281727,0.888320565224,0.205312252045
0.793331503868,0.58585858345,1.12947309017,0.947436153889,0.182036936283
0.825064778328,0.58585858345,1.16417622566,1.00747478008,0.15670144558
0.856797993183,0.58585858345,1.197707057,1.06819307804,0.129513978958
0.888531267643,0.58585858345,1.23003196716,1.12932193279,0.10071003437
0.920264542103,0.58585858345,1.2611181736,1.19057238102,0.0705457925797
0.951997756958,0.58585858345,1.29093468189,1.25163865089,0.0392960309982
0.983731031418,0.58585858345,1.31945133209,1.31220495701,0.00724637508392
1.01546430588,0.58585858345,1.34663939476,1.37194776535,0.0253083705902
1.04719758034,0.58585858345,1.37247145176,1.43054330349,0.0580718517303
1.0789308548,0.58585858345,1.39692163467,1.48767244816,0.0907508134842
1.11066412926,0.58585858345,1.41996526718,1.54302620888,0.123060941696
1.14239740372,0.58585858345,1.44157898426,1.59631049633,0.15473151207
1.17413055897,0.58585858345,1.46174108982,1.64725136757,0.185510277748
1.20586383343,0.58585858345,1.48043143749,1.69559788704,0.215166449547
1.23759710789,0.58585858345,1.49763119221,1.74112403393,0.243492841721
1.26933038235,0.58585858345,1.51332294941,1.78363013268,0.270307183266
1.30106365681,0.58585858345,1.52749085426,1.82294344902,0.295452594757
1.33279693127,0.58585858345,1.54012072086,1.85891568661,0.318794965744
1.36453020573,0.58585858345,1.55119979382,1.89142167568,0.340221881866
1.39626336098,0.58585858345,1.56071698666,1.92035794258,0.359640955925
1.42799663544,0.58585858345,1.56866264343,1.94563758373,0.3769749403
1.4597299099,0.58585858345,1.57502877712,1.96718943119,0.392160654068
1.49146318436,0.58585858345,1.57980906963,1.98495292664,0.405143857002
1.52319645882,0.58585858345,1.58299851418,1.99887704849,0.415878534317
1.55492973328,0.58585858345,1.58459401131,2.00891709328,0.42432308197
1.58666300774,0.58585858345,1.58459401131,2.01503276825,0.430438756943
1.6183962822,0.58585858345,1.58299851418,2.01718640327,0.434187889099
1.65012955666,0.58585858345,1.57980906963,2.0153439045,0.435534834862
1.68186283112,0.58585858345,1.57502877712,2.00947284698,0.434444069862
1.71359610558,0.58585858345,1.56866264343,1.99954319,0.43088054657
1.74532938004,0.58585858345,1.56071698666,1.98553144932,0.424814462662
1.77706253529,0.58585858345,1.55119979382,1.96741902828,0.416219234467
1.80879580975,0.58585858345,1.54012072086,1.94519662857,0.405075907707
1.84052908421,0.58585858345,1.52749085426,1.91886842251,0.391377568245
1.87226235867,0.58585858345,1.51332294941,1.88845419884,0.375131249428
1.90399563313,0.58585858345,1.49763119221,1.85399448872,0.356363296509
1.93572890759,0.58585858345,1.48043143749,1.81555402279,0.335122585297
1.96746218204,0.58585858345,1.46174108982,1.77322506905,0.311483979225
1.9991953373,0.58585858345,1.44157886505,1.72713172436,0.285552859306
2.03092861176,0.58585858345,1.41996514797,1.67743110657,0.257465958595
2.06266188622,0.58585858345,1.39692163467,1.62431490421,0.227393269539
2.09439516068,0.58585858345,1.37247145176,1.56800961494,0.195538163185
2.12612843513,0.58585858345,1.34663927555,1.50877380371,0.16213452816
2.15786170959,0.58585858345,1.31945121288,1.44689571857,0.127444505692
2.18959498405,0.58585858345,1.29093468189,1.38268947601,0.0917547941208
2.22132825851,0.58585858345,1.2611181736,1.31649041176,0.0553722381592
2.25306153297,0.58585858345,1.23003172874,1.24865174294,0.0186200141907
2.28479480743,0.58585858345,1.19770693779,1.17953932285,0.0181676149368
2.31652784348,0.58585858345,1.16417634487,1.10953068733,0.0546456575394
2.34826135635,0.58585858345,1.12947297096,1.03901016712,0.0904628038406
2.3799943924,0.58585858345,1.09363281727,0.968373179436,0.125259637833
2.41172790527,0.58585858345,1.05669093132,0.898011445999,0.158679485321
2.44346094131,0.58585858345,1.01868569851,0.828319907188,0.190365791321
2.47519421577,0.58585858345,0.979654371738,0.759675979614,0.219978392124
2.50692749023,0.58585858345,0.939636647701,0.692437469959,0.247199177742
2.53866076469,0.58585858345,0.898672759533,0.626923859119,0.271748900414
2.57039403915,0.58585858345,0.856804013252,0.563407182693,0.293396830559
2.60212731361,0.58585858345,0.814072549343,0.502103388309,0.311969161034
2.63386058807,0.58585858345,0.770521342754,0.443165928125,0.327355414629
2.66559386253,0.58585858345,0.726194322109,0.386686891317,0.339507430792
2.69732713699,0.58585858345,0.681136071682,0.332701563835,0.348434507847
2.72906041145,0.58585858345,0.635391950607,0.281192958355,0.354198992252
2.76079368591,0.58585858345,0.589008033276,0.232100307941,0.356907725334
2.79252696037,0.58585858345,0.542031109333,0.185326561332,0.3567045331
2.82426023483,0.58585858345,0.494508355856,0.140745952725,0.353762388229
2.85599327087,0.58585858345,0.446488052607,0.0982123166323,0.348275721073
2.88772678375,0.58585858345,0.398017376661,0.0575629211962,0.34045445919
2.91945981979,0.58585858345,0.34914675355,0.0186325907707,0.330514162779
2.95119309425,0.58585858345,0.29992416501,-0.018746484071,0.318670660257
2.98292636871,0.58585858345,0.250399559736,-0.0547327511013,0.305132299662
3.01465964317,0.58585858345,0.200622871518,-0.0894724279642,0.290095299482
3.04639291763,0.58585858345,0.150644138455,-0.123092085123,0.27373623848
3.07812619209,0.58585858345,0.100513733923,-0.155696958303,0.256210684776
3.10985946655,0.58585858345,0.0502821095288,-0.187369421124,0.237651526928
3.14159274101,0.58585858345,-1.38547051165e-07,-0.218165785074,0.218165650964
0,0.595959603786,0,-0.158757418394,0.158757418394
0.0317332595587,0.595959603786,0.0503837093711,-0.123049557209,0.173433274031
0.0634665191174,0.595959603786,0.100716695189,-0.0869476422668,0.187664330006
0.095199778676,0.595959603786,0.150948256254,-0.0504666753113,0.20141492784
0.126933038235,0.595959603786,0.201027840376,-0.0136057278141,0.214633569121
0.158666297793,0.595959603786,0.250904977322,0.0236501377076,0.227254837751
0.190399557352,0.595959603786,0.300529509783,0.0613296441734,0.239199861884
0.222132816911,0.595959603786,0.349851429462,0.0994762256742,0.250375211239
0.253866076469,0.595959603786,0.398821026087,0.138144955039,0.260676085949
0.285599350929,0.595959603786,0.447389155626,0.177407100797,0.269982039928
0.317332595587,0.595959603786,0.495506674051,0.217349469662,0.27815720439
0.349065840244,0.595959603786,0.543125271797,0.258072674274,0.285052597523
0.380799114704,0.595959603786,0.590197086334,0.299690246582,0.290506839752
0.412532389164,0.595959603786,0.636674582958,0.342325747013,0.294348835945
0.444265633821,0.595959603786,0.682510972023,0.386106848717,0.296404123306
0.475998878479,0.595959603786,0.727660179138,0.43115901947,0.296501159668
0.507732152939,0.595959603786,0.772076666355,0.477598249912,0.294478416443
0.539465427399,0.595959603786,0.81571573019,0.525522530079,0.290193200111
0.571198701859,0.595959603786,0.85853344202,0.575005531311,0.283527910709
0.602931916714,0.595959603786,0.900486648083,0.626089215279,0.274397432804
0.634665191174,0.595959603786,0.941533207893,0.678778886795,0.262754321098
0.666398465633,0.595959603786,0.98163163662,0.733039140701,0.248592495918
0.698131680489,0.595959603786,1.02074170113,0.788794100285,0.231947600842
0.729864954948,0.595959603786,1.05882394314,0.845926403999,0.212897539139
0.761598229408,0.595959603786,1.09584009647,0.904280126095,0.191559970379
0.793331503868,0.595959603786,1.13175272942,0.96366328001,0.168089449406
0.825064778328,0.595959603786,1.16652595997,1.02385342121,0.142672538757
0.856797993183,0.595959603786,1.20012438297,1.0846016407,0.115522742271
0.888531267643,0.595959603786,1.23251450062,1.14563548565,0.0868790149689
0.920264542103,0.595959603786,1.26366353035,1.2066655159,0.0569980144501
0.951997756958,0.595959603786,1.29354023933,1.26738834381,0.0261518955231
0.983731031418,0.595959603786,1.32211434841,1.32749319077,0.00537884235382
1.01546430588,0.595959603786,1.34935736656,1.3866648674,0.0373075008392
1.04719758034,0.595959603786,1.37524151802,1.44458925724,0.0693477392197
1.0789308548,0.595959603786,1.39974105358,1.50096058846,0.101219534874
1.11066412926,0.595959603786,1.42283117771,1.55548357964,0.132652401924
1.14239740372,0.595959603786,1.44448852539,1.60788083076,0.163392305374
1.17413055897,0.595959603786,1.46469140053,1.65789473057,0.19320333004
1.20586383343,0.595959603786,1.48341941833,1.70529174805,0.221872329712
1.23759710789,0.595959603786,1.50065398216,1.74986219406,0.249208211899
1.26933038235,0.595959603786,1.51637732983,1.7914236784,0.275046348572
1.30106365681,0.595959603786,1.53057384491,1.82981812954,0.29924428463
1.33279693127,0.595959603786,1.5432292223,1.86491107941,0.321681857109
1.36453020573,0.595959603786,1.55433058739,1.89659035206,0.342259764671
1.39626336098,0.595959603786,1.56386697292,1.92476296425,0.360895991325
1.42799663544,0.595959603786,1.57182872295,1.94935119152,0.377522468567
1.4597299099,0.595959603786,1.57820761204,1.9702912569,0.392083644867
1.49146318436,0.595959603786,1.5829975605,1.98752939701,0.40453183651
1.52319645882,0.595959603786,1.58619356155,2.00101947784,0.41482591629
1.55492973328,0.595959603786,1.58779227734,2.01072025299,0.422927975655
1.58666300774,0.595959603786,1.58779227734,2.01659417152,0.428801894188
1.6183962822,0.595959603786,1.58619356155,2.01860618591,0.432412624359
1.65012955666,0.595959603786,1.5829975605,2.01672267914,0.433725118637
1.68186283112,0.595959603786,1.57820761204,2.01091122627,0.432703614235
1.71359610558,0.595959603786,1.57182872295,2.00114154816,0.429312825203
1.74532938004,0.595959603786,1.56386697292,1.98738837242,0.423521399498
1.77706253529,0.595959603786,1.55433058739,1.96962964535,0.415299057961
1.80879580975,0.595959603786,1.5432292223,1.94785273075,0.404623508453
1.84052908421,0.595959603786,1.53057384491,1.92205607891,0.391482234001
1.87226235867,0.595959603786,1.51637732983,1.89225232601,0.375874996185
1.90399563313,0.595959603786,1.50065386295,1.85847330093,0.357819437981
1.93572890759,0.595959603786,1.48341941833,1.82077240944,0.337352991104
1.96746218204,0.595959603786,1.46469140053,1.77923119068,0.314539790154
1.9991953373,0.595959603786,1.44448840618,1.73395895958,0.289470553398
2.03092861176,0.595959603786,1.4228310585,1.68509829044,0.262267231941
2.06266188622,0.595959603786,1.39974105358,1.63282525539,0.233084201813
2.09439516068,0.595959603786,1.37524151802,1.57735097408,0.202109456062
2.12612843513,0.595959603786,1.34935724735,1.51891767979,0.169560432434
2.15786170959,0.595959603786,1.32211434841,1.45779883862,0.135684490204
2.18959498405,0.595959603786,1.29354023933,1.39429569244,0.10075545311
2.22132825851,0.595959603786,1.26366341114,1.32873034477,0.0650669336319
2.25306153297,0.595959603786,1.23251438141,1.2614440918,0.0289297103882
2.28479480743,0.595959603786,1.20012426376,1.19279360771,0.00733065605164
2.31652784348,0.595959603786,1.16652595997,1.12314724922,0.0433787107468
2.34826135635,0.595959603786,1.13175261021,1.05288183689,0.0788707733154
2.3799943924,0.595959603786,1.09584009647,0.982385158539,0.113454937935
2.41172790527,0.595959603786,1.05882370472,0.912045717239,0.14677798748
2.44346094131,0.595959603786,1.02074170113,0.84225666523,0.178485035896
2.47519421577,0.595959603786,0.98163163662,0.773397684097,0.208233952522
2.50692749023,0.595959603786,0.941533148289,0.705831825733,0.235701322556
2.53866076469,0.595959603786,0.900486528873,0.639889657497,0.260596871376
2.57039403915,0.595959603786,0.858533322811,0.575856626034,0.282676696777
2.60212731361,0.595959603786,0.815715610981,0.513962507248,0.301753103733
2.63386058807,0.595959603786,0.772076487541,0.45437669754,0.317699790001
2.66559386253,0.595959603786,0.727660000324,0.397205978632,0.330454021692
2.69732713699,0.595959603786,0.682510793209,0.342496842146,0.340013951063
2.72906041145,0.595959603786,0.636674404144,0.290243506432,0.346430897713
2.76079368591,0.595959603786,0.590196847916,0.240393310785,0.34980353713
2.79252696037,0.595959603786,0.543125092983,0.192855149508,0.350269943476
2.82426023483,0.595959603786,0.495506435633,0.1475084126,0.347998023033
2.85599327087,0.595959603786,0.447389185429,0.104210220277,0.343178957701
2.88772678375,0.595959603786,0.398820698261,0.0628014728427,0.336019217968
2.91945981979,0.595959603786,0.349851429462,0.0231181755662,0.326733261347
2.95119309425,0.595959603786,0.300529509783,-0.0150062693283,0.315535783768
2.98292636871,0.595959603786,0.250904947519,-0.0517290942371,0.302634030581
3.01465964317,0.595959603786,0.201027780771,-0.0871956646442,0.288223445415
3.04639291763,0.595959603786,0.15094819665,-0.121531844139,0.272480040789
3.07812619209,0.595959603786,0.100716598332,-0.154841899872,0.255558490753
3.10985946655,0.595959603786,0.0503835976124,-0.187205463648,0.23758906126
3.14159274101,0.595959603786,-1.38826692364e-07,-0.218677684665,0.218677550554
0,0.606060624123,0,-0.160158827901,0.160158827901
0.0317332595587,0.606060624123,0.0504848100245,-0.123669758439,0.174154564738
0.0634665191174,0.606060624123,0.100918792188,-0.0867757573724,0.187694549561
0.095199778676,0.606060624123,0.151251152158,-0.0494960844517,0.200747236609
0.126933038235,0.606060624123,0.201431214809,-0.0118337506428,0.213264971972
0.158666297793,0.606060624123,0.251408457756,0.0262241065502,0.225184351206
0.190399557352,0.606060624123,0.301132529974,0.0647048577666,0.236427664757
0.222132816911,0.606060624123,0.350553423166,0.103650324047,0.246903091669
0.253866076469,0.606060624123,0.39962130785,0.143116340041,0.256504952908
0.285599350929,0.606060624123,0.448286890984,0.183174997568,0.265111893415
0.317332595587,0.606060624123,0.496500968933,0.223912924528,0.272588044405
0.349065840244,0.606060624123,0.544215142727,0.265431582928,0.278783559799
0.380799114704,0.606060624123,0.591381371021,0.307846039534,0.283535331488
0.412532389164,0.606060624123,0.637952148914,0.351278841496,0.286673307419
0.444265633821,0.606060624123,0.683880507946,0.395856678486,0.28802382946
0.475998878479,0.606060624123,0.729120254517,0.441702097654,0.287418156862
0.507732152939,0.606060624123,0.773625910282,0.488926529884,0.284699380398
0.539465427399,0.606060624123,0.81735253334,0.537620902061,0.279731631279
0.571198701859,0.606060624123,0.860256135464,0.587848961353,0.27240717411
0.602931916714,0.606060624123,0.902293562889,0.639642059803,0.262651503086
0.634665191174,0.606060624123,0.943422496319,0.69299197197,0.250430524349
0.666398465633,0.606060624123,0.983601391315,0.74784964323,0.235751748085
0.698131680489,0.606060624123,1.02278983593,0.8041254282,0.21866440773
0.729864954948,0.606060624123,1.0609484911,0.861688673496,0.1992598176
0.761598229408,0.606060624123,1.09803903103,0.920371234417,0.177667796612
0.793331503868,0.606060624123,1.13402378559,0.97997200489,0.154051780701
0.825064778328,0.606060624123,1.16886663437,1.04026055336,0.128606081009
0.856797993183,0.606060624123,1.20253264904,1.10098266602,0.101549983025
0.888531267643,0.606060624123,1.23498773575,1.16186451912,0.073123216629
0.920264542103,0.606060624123,1.26619923115,1.22261738777,0.0435818433762
0.951997756958,0.606060624123,1.2961357832,1.28294086456,0.0131949186325
0.983731031418,0.606060624123,1.32476735115,1.34253072739,0.017763376236
1.01546430588,0.606060624123,1.35206496716,1.40108025074,0.0490152835846
1.04719758034,0.606060624123,1.37800109386,1.45828676224,0.0802856683731
1.0789308548,0.606060624123,1.40254986286,1.51385700703,0.111307144165
1.11066412926,0.606060624123,1.4256862402,1.56751155853,0.141825318336
1.14239740372,0.606060624123,1.44738709927,1.61898827553,0.171601176262
1.17413055897,0.606060624123,1.46763038635,1.66804671288,0.200416326523
1.20586383343,0.606060624123,1.4863960743,1.71447002888,0.228073954582
1.23759710789,0.606060624123,1.50366508961,1.75806629658,0.25440120697
1.26933038235,0.606060624123,1.51942002773,1.79866719246,0.279247164726
1.30106365681,0.606060624123,1.53364503384,1.83613026142,0.302485227585
1.33279693127,0.606060624123,1.54632592201,1.87033438683,0.324008464813
1.36453020573,0.606060624123,1.55744957924,1.90117907524,0.343729496002
1.39626336098,0.606060624123,1.56700503826,1.92858064175,0.361575603485
1.42799663544,0.606060624123,1.57498276234,1.95247149467,0.377488732338
1.4597299099,0.606060624123,1.58137452602,1.97279393673,0.391419410706
1.49146318436,0.606060624123,1.58617401123,1.98950052261,0.403326511383
1.52319645882,0.606060624123,1.58937633038,2.00255012512,0.413173794746
1.55492973328,0.606060624123,1.59097838402,2.01190423965,0.420925855637
1.58666300774,0.606060624123,1.59097838402,2.01752901077,0.426550626755
1.6183962822,0.606060624123,1.58937633038,2.01939058304,0.430014252663
1.65012955666,0.606060624123,1.58617401123,2.01745700836,0.431282997131
1.68186283112,0.606060624123,1.58137452602,2.01169586182,0.430321335793
1.71359610558,0.606060624123,1.57498276234,2.00207734108,0.427094578743
1.74532938004,0.606060624123,1.56700503826,1.98857343197,0.421568393707
1.77706253529,0.606060624123,1.55744957924,1.97116100788,0.413711428642
1.80879580975,0.606060624123,1.54632592201,1.9498231411,0.403497219086
1.84052908421,0.606060624123,1.53364503384,1.92455387115,0.390908837318
1.87226235867,0.606060624123,1.51942002773,1.89535951614,0.375939488411
1.90399563313,0.606060624123,1.50366508961,1.86226332188,0.358598232269
1.93572890759,0.606060624123,1.4863960743,1.82530987263,0.338913798332
1.96746218204,0.606060624123,1.46763038635,1.78456771374,0.316937327385
1.9991953373,0.606060624123,1.44738698006,1.74013435841,0.292747378349
2.03092861176,0.606060624123,1.42568612099,1.69213700294,0.266450881958
2.06266188622,0.606060624123,1.40254974365,1.64073729515,0.238187551498
2.09439516068,0.606060624123,1.37800109386,1.58612930775,0.208128213882
2.12612843513,0.606060624123,1.35206484795,1.52854025364,0.176475405693
2.15786170959,0.606060624123,1.32476723194,1.46822834015,0.143461108208
2.18959498405,0.606060624123,1.2961357832,1.40547943115,0.109343647957
2.22132825851,0.606060624123,1.26619911194,1.34060275555,0.0744036436081
2.25306153297,0.606060624123,1.23498749733,1.2739289999,0.0389415025711
2.28479480743,0.606060624123,1.20253241062,1.20580220222,0.00326979160309
2.31652784348,0.606060624123,1.16886675358,1.13658213615,0.032284617424
2.34826135635,0.606060624123,1.13402354717,1.06663668156,0.0673868656158
2.3799943924,0.606060624123,1.09803903103,0.996346771717,0.101692259312
2.41172790527,0.606060624123,1.06094837189,0.926095187664,0.134853184223
2.44346094131,0.606060624123,1.02278995514,0.856271624565,0.166518330574
2.47519421577,0.606060624123,0.983601391315,0.787257313728,0.196344077587
2.50692749023,0.606060624123,0.94342237711,0.719420194626,0.224002182484
2.53866076469,0.606060624123,0.902293503284,0.653099119663,0.249194383621
2.57039403915,0.606060624123,0.860256075859,0.588591694832,0.271664381027
2.60212731361,0.606060624123,0.817352473736,0.526142954826,0.291209518909
2.63386058807,0.606060624123,0.773625731468,0.465937465429,0.307688266039
2.66559386253,0.606060624123,0.729120135307,0.408096462488,0.321023672819
2.69732713699,0.606060624123,0.683880329132,0.352680295706,0.331200033426
2.72906041145,0.606060624123,0.6379519701,0.299693435431,0.33825853467
2.76079368591,0.606060624123,0.591381132603,0.249092131853,0.34228900075
2.79252696037,0.606060624123,0.544214904308,0.200792387128,0.343422532082
2.82426023483,0.606060624123,0.496500730515,0.154679045081,0.341821670532
2.85599327087,0.606060624123,0.448286920786,0.110612764955,0.33767414093
2.88772678375,0.606060624123,0.399620980024,0.0684377029538,0.331183284521
2.91945981979,0.606060624123,0.350553452969,0.0279924049973,0.322561055422
2.95119309425,0.606060624123,0.301132529974,-0.0108879087493,0.31202045083
2.98292636871,0.606060624123,0.251408427954,-0.0483600497246,0.299768477678
3.01465964317,0.606060624123,0.201431170106,-0.0845674350858,0.285998612642
3.04639291763,0.606060624123,0.151251092553,-0.119635224342,0.270886301994
3.07812619209,0.606060624123,0.100918702781,-0.153665617108,0.254584312439
3.10985946655,0.606060624123,0.0504846945405,-0.186736673117,0.237221360207
3.14159274101,0.606060624123,-1.39105253538e-07,-0.218900173903,0.218900039792
0,0.616161584854,0,-0.161371380091,0.161371380091
0.0317332595587,0.616161584854,0.0505854263902,-0.124085843563,0.174671262503
0.0634665191174,0.616161584854,0.101119928062,-0.0863839536905,0.187503874302
0.095199778676,0.616161584854,0.151552587748,-0.0482899919152,0.199842572212
0.126933038235,0.616161584854,0.201832666993,-0.00981100369245,0.211643666029
0.158666297793,0.616161584854,0.2519094944,0.0290637724102,0.222845718265
0.190399557352,0.616161584854,0.301732689142,0.0683596879244,0.233373001218
0.222132816911,0.616161584854,0.35125207901,0.108117468655,0.243134617805
0.253866076469,0.616161584854,0.400417745113,0.148392871022,0.252024888992
0.285599350929,0.616161584854,0.449180305004,0.189258351922,0.259921967983
0.317332595587,0.616161584854,0.497490465641,0.230800792575,0.266689658165
0.349065840244,0.616161584854,0.545299708843,0.273123055696,0.272176653147
0.380799114704,0.616161584854,0.592559993267,0.316340297461,0.276219695807
0.412532389164,0.616161584854,0.639223575592,0.360574543476,0.278649032116
0.444265633821,0.616161584854,0.685243427753,0.405951082706,0.279292345047
0.475998878479,0.616161584854,0.730573415756,0.452588886023,0.277984529734
0.507732152939,0.616161584854,0.775167703629,0.500593662262,0.274574041367
0.539465427399,0.616161584854,0.818981528282,0.550048530102,0.26893299818
0.571198701859,0.616161584854,0.861970663071,0.601007699966,0.260962963104
0.602931916714,0.616161584854,0.904091835022,0.653490066528,0.250601768494
0.634665191174,0.616161584854,0.945302724838,0.707474291325,0.237828433514
0.666398465633,0.616161584854,0.985561728477,0.762898087502,0.222663640976
0.698131680489,0.616161584854,1.02482831478,0.819656789303,0.205171525478
0.729864954948,0.616161584854,1.06306302547,0.877607226372,0.185455799103
0.761598229408,0.616161584854,1.10022735596,0.936570882797,0.16365647316
0.793331503868,0.616161584854,1.13628387451,0.996336996555,0.139946877956
0.825064778328,0.616161584854,1.17119622231,1.05666875839,0.114527463913
0.856797993183,0.616161584854,1.2049292326,1.11730873585,0.0876204967499
0.888531267643,0.616161584854,1.23744904995,1.17798161507,0.0594674348831
0.920264542103,0.616161584854,1.2687227726,1.23840045929,0.0303223133087
0.951997756958,0.616161584854,1.2987190485,1.29826998711,0.000449061393738
0.983731031418,0.616161584854,1.3274075985,1.35729253292,0.0298849344254
1.01546430588,0.616161584854,1.35475957394,1.41517090797,0.0604113340378
1.04719758034,0.616161584854,1.38074743748,1.47161412239,0.0908666849136
1.0789308548,0.616161584854,1.40534508228,1.52634322643,0.12099814415
1.11066412926,0.616161584854,1.42852759361,1.57909333706,0.150565743446
1.14239740372,0.616161584854,1.45027172565,1.62961888313,0.179347157478
1.17413055897,0.616161584854,1.47055542469,1.67769634724,0.207140922546
1.20586383343,0.616161584854,1.48935842514,1.72312510014,0.233766674995
1.23759710789,0.616161584854,1.50666189194,1.76572942734,0.2590675354
1.26933038235,0.616161584854,1.52244818211,1.80535686016,0.282908678055
1.30106365681,0.616161584854,1.53670156002,1.84187817574,0.305176615715
1.33279693127,0.616161584854,1.54940772057,1.87518513203,0.325777411461
1.36453020573,0.616161584854,1.56055355072,1.9051887989,0.344635248184
1.39626336098,0.616161584854,1.57012808323,1.93181478977,0.361686706543
1.42799663544,0.616161584854,1.57812166214,1.95500338078,0.376881718636
1.4597299099,0.616161584854,1.58452618122,1.97470402718,0.390177845955
1.49146318436,0.616161584854,1.58933532238,1.99087393284,0.401538610458
1.52319645882,0.616161584854,1.59254395962,2.00347685814,0.410932898521
1.55492973328,0.616161584854,1.5941491127,2.01247882843,0.418329715729
1.58666300774,0.616161584854,1.5941491127,2.01784682274,0.423697710037
1.6183962822,0.616161584854,1.59254395962,2.0195505619,0.427006602287
1.65012955666,0.616161584854,1.58933532238,2.01755857468,0.428223252296
1.68186283112,0.616161584854,1.58452618122,2.01183867455,0.427312493324
1.71359610558,0.616161584854,1.57812166214,2.00236225128,0.424240589142
1.74532938004,0.616161584854,1.57012808323,1.98909902573,0.418970942497
1.77706253529,0.616161584854,1.56055355072,1.9720249176,0.411471366882
1.80879580975,0.616161584854,1.54940772057,1.95112001896,0.401712298393
1.84052908421,0.616161584854,1.53670156002,1.92637395859,0.389672398567
1.87226235867,0.616161584854,1.52244818211,1.89778637886,0.375338196754
1.90399563313,0.616161584854,1.50666189194,1.86537456512,0.358712673187
1.93572890759,0.616161584854,1.48935842514,1.82917356491,0.339815139771
1.96746218204,0.616161584854,1.47055542469,1.78924059868,0.318685173988
1.9991953373,0.616161584854,1.45027160645,1.74566137791,0.295389771461
2.03092861176,0.616161584854,1.42852759361,1.69854867458,0.270021080971
2.06266188622,0.616161584854,1.40534496307,1.64804875851,0.242703795433
2.09439516068,0.616161584854,1.38074743748,1.59434008598,0.213592648506
2.12612843513,0.616161584854,1.35475957394,1.53763413429,0.182874560356
2.15786170959,0.616161584854,1.32740747929,1.47817277908,0.150765299797
2.18959498405,0.616161584854,1.2987190485,1.41622757912,0.117508530617
2.22132825851,0.616161584854,1.26872265339,1.35209405422,0.0833714008331
2.25306153297,0.616161584854,1.23744881153,1.28608906269,0.0486402511597
2.28479480743,0.616161584854,1.20492899418,1.21854650974,0.013617515564
2.31652784348,0.616161584854,1.17119634151,1.14981520176,0.0213811397552
2.34826135635,0.616161584854,1.13628363609,1.08025431633,0.0560293197632
2.3799943924,0.616161584854,1.10022735596,1.01023614407,0.0899912118912
2.41172790527,0.616161584854,1.06306278706,0.940137505531,0.122925281525
2.44346094131,0.616161584854,1.02482843399,0.870344102383,0.154484331608
2.47519421577,0.616161584854,0.985561728477,0.80123591423,0.184325814247
2.50692749023,0.616161584854,0.945302665234,0.733184278011,0.212118387222
2.53866076469,0.616161584854,0.904091715813,0.666535675526,0.237556040287
2.57039403915,0.616161584854,0.861970543861,0.601599097252,0.260371446609
2.60212731361,0.616161584854,0.818981409073,0.538633644581,0.280347764492
2.63386058807,0.616161584854,0.775167584419,0.477839529514,0.297328054905
2.66559386253,0.616161584854,0.730573236942,0.419352561235,0.311220675707
2.69732713699,0.616161584854,0.685243308544,0.36324775219,0.321995556355
2.72906041145,0.616161584854,0.639223396778,0.309540420771,0.329682976007
2.76079368591,0.616161584854,0.592559754848,0.258196860552,0.334362894297
2.79252696037,0.616161584854,0.545299530029,0.209140256047,0.336159288883
2.82426023483,0.616161584854,0.497490227222,0.162260740995,0.335229486227
2.85599327087,0.616161584854,0.449180364609,0.117424450815,0.331755906343
2.88772678375,0.616161584854,0.400417417288,0.0744780823588,0.325939327478
2.91945981979,0.616161584854,0.351252108812,0.0332632809877,0.317988812923
2.95119309425,0.616161584854,0.301732689142,-0.00638304557651,0.308115720749
2.98292636871,0.616161584854,0.251909464598,-0.0446158125997,0.296525269747
3.01465964317,0.616161584854,0.20183262229,-0.08157684654,0.28340947628
3.04639291763,0.616161584854,0.151552528143,-0.117390289903,0.268942832947
3.07812619209,0.616161584854,0.101119831204,-0.152156084776,0.253275930882
3.10985946655,0.616161584854,0.0505853109062,-0.185949847102,0.236535161734
3.14159274101,0.616161584854,-1.39382493103e-07,-0.218820169568,0.218820035458
0,0.626262664795,0,-0.162381023169,0.162381023169
0.0317332595587,0.626262664795,0.050685480237,-0.124284282327,0.174969762564
0.0634665191174,0.626262664795,0.101319938898,-0.085759036243,0.187078982592
0.095199778676,0.626262664795,0.151852354407,-0.0468360111117,0.198688358068
0.126933038235,0.626262664795,0.202231884003,-0.00752483587712,0.209756717086
0.158666297793,0.626262664795,0.252407759428,0.0321808867157,0.220226868987
0.190399557352,0.626262664795,0.30232951045,0.072304956615,0.230024546385
0.222132816911,0.626262664795,0.35194683075,0.112887039781,0.239059790969
0.253866076469,0.626262664795,0.401209771633,0.153982892632,0.247226879001
0.285599350929,0.626262664795,0.450068771839,0.195664733648,0.254404038191
0.317332595587,0.626262664795,0.498474508524,0.238020539284,0.26045396924
0.349065840244,0.626262664795,0.546378314495,0.281153172255,0.265225142241
0.380799114704,0.626262664795,0.593732059002,0.325177818537,0.268554240465
0.412532389164,0.626262664795,0.640487909317,0.370216488838,0.270271420479
0.444265633821,0.626262664795,0.686598837376,0.416391700506,0.270207136869
0.475998878479,0.626262664795,0.732018470764,0.463818639517,0.268199831247
0.507732152939,0.626262664795,0.776700973511,0.51259636879,0.264104604721
0.539465427399,0.626262664795,0.820601463318,0.562800347805,0.257801115513
0.571198701859,0.626262664795,0.86367559433,0.614473462105,0.249202132225
0.602931916714,0.626262664795,0.905880093575,0.667622327805,0.23825776577
0.634665191174,0.626262664795,0.947172522545,0.72221249342,0.224960029125
0.666398465633,0.626262664795,0.987511098385,0.778166413307,0.209344685078
0.698131680489,0.626262664795,1.02685534954,0.835367619991,0.191487729549
0.729864954948,0.626262664795,1.06516575813,0.893660008907,0.171505749226
0.761598229408,0.626262664795,1.10240364075,0.952854156494,0.149549484253
0.793331503868,0.626262664795,1.13853132725,1.01273202896,0.125799298286
0.825064778328,0.626262664795,1.17351281643,1.07305157185,0.100461244583
0.856797993183,0.626262664795,1.20731258392,1.13355207443,0.073760509491
0.888531267643,0.626262664795,1.23989665508,1.19395923615,0.0459374189377
0.920264542103,0.626262664795,1.27123224735,1.25398826599,0.0172439813614
0.951997756958,0.626262664795,1.30128777027,1.31334936619,0.0120615959167
0.983731031418,0.626262664795,1.3300331831,1.37175369263,0.0417205095291
1.01546430588,0.626262664795,1.35743927956,1.42891359329,0.071474313736
1.04719758034,0.626262664795,1.3834785223,1.48455107212,0.10107254982
1.0789308548,0.626262664795,1.4081248045,1.53840076923,0.130275964737
1.11066412926,0.626262664795,1.4313532114,1.59021353722,0.158860325813
1.14239740372,0.626262664795,1.45314025879,1.63976025581,0.186619997025
1.17413055897,0.626262664795,1.47346413136,1.68683362007,0.213369488716
1.20586383343,0.626262664795,1.4923043251,1.73124933243,0.238945007324
1.23759710789,0.626262664795,1.50964200497,1.77284693718,0.263204932213
1.26933038235,0.626262664795,1.52545952797,1.81148982048,0.286030292511
1.30106365681,0.626262664795,1.53974115849,1.84706103802,0.307319879532
1.33279693127,0.626262664795,1.55247235298,1.87946522236,0.326992869377
1.36453020573,0.626262664795,1.56364023685,1.90862298012,0.344982743263
1.39626336098,0.626262664795,1.57323372364,1.93446958065,0.36123585701
1.42799663544,0.626262664795,1.58124315739,1.95695185661,0.375708699226
1.4597299099,0.626262664795,1.58766031265,1.97602701187,0.388366699219
1.49146318436,0.626262664795,1.59247887135,1.99165701866,0.399178147316
1.52319645882,0.626262664795,1.59569394588,2.0038087368,0.408114790916
1.55492973328,0.626262664795,1.59730231762,2.01245260239,0.415150284767
1.58666300774,0.626262664795,1.59730231762,2.01755809784,0.42025578022
1.6183962822,0.626262664795,1.59569394588,2.01909708977,0.423403143883
1.65012955666,0.626262664795,1.59247887135,2.01703834534,0.424559473991
1.68186283112,0.626262664795,1.58766031265,2.01135253906,0.42369222641
1.71359610558,0.626262664795,1.58124315739,2.00200915337,0.420765995979
1.74532938004,0.626262664795,1.57323372364,1.98897886276,0.415745139122
1.77706253529,0.626262664795,1.56364023685,1.972235322,0.408595085144
1.80879580975,0.626262664795,1.55247235298,1.95175647736,0.399284124374
1.84052908421,0.626262664795,1.53974115849,1.9275277853,0.387786626816
1.87226235867,0.626262664795,1.52545952797,1.89954531193,0.374085783958
1.90399563313,0.626262664795,1.50964200497,1.86781811714,0.358176112175
1.93572890759,0.626262664795,1.4923043251,1.83237314224,0.340068817139
1.96746218204,0.626262664795,1.47346413136,1.79325783253,0.319793701172
1.9991953373,0.626262664795,1.45314013958,1.75054526329,0.297405123711
2.03092861176,0.626262664795,1.43135309219,1.70433545113,0.272982358932
2.06266188622,0.626262664795,1.40812468529,1.65475988388,0.246635198593
2.09439516068,0.626262664795,1.3834785223,1.60198056698,0.218502044678
2.12612843513,0.626262664795,1.35743916035,1.54619324207,0.188754081726
2.15786170959,0.626262664795,1.33003306389,1.4876241684,0.157591104507
2.18959498405,0.626262664795,1.30128777027,1.42652904987,0.125241279602
2.22132825851,0.626262664795,1.27123212814,1.36318969727,0.0919575691223
2.25306153297,0.626262664795,1.23989641666,1.29790854454,0.0580121278763
2.28479480743,0.626262664795,1.2073123455,1.23100888729,0.0236965417862
2.31652784348,0.626262664795,1.17351293564,1.16282761097,0.0106853246689
2.34826135635,0.626262664795,1.13853120804,1.09371423721,0.0448169708252
2.3799943924,0.626262664795,1.10240364075,1.02403247356,0.0783711671829
2.41172790527,0.626262664795,1.06516551971,0.954151928425,0.11101359129
2.44346094131,0.626262664795,1.02685546875,0.884452521801,0.142402946949
2.47519421577,0.626262664795,0.987511098385,0.815312922001,0.172198176384
2.50692749023,0.626262664795,0.947172403336,0.74710559845,0.200066804886
2.53866076469,0.626262664795,0.905879974365,0.680183112621,0.225696861744
2.57039403915,0.626262664795,0.863675475121,0.614865005016,0.248810470104
2.60212731361,0.626262664795,0.820601344109,0.551423490047,0.269177854061
2.63386058807,0.626262664795,0.776700854301,0.490073800087,0.286627054214
2.66559386253,0.626262664795,0.73201829195,0.430967926979,0.301050364971
2.69732713699,0.626262664795,0.686598718166,0.374194830656,0.31240388751
2.72906041145,0.626262664795,0.640487730503,0.319782435894,0.320705294609
2.76079368591,0.626262664795,0.593731820583,0.267706602812,0.326025217772
2.79252696037,0.626262664795,0.546378135681,0.217899158597,0.328478991985
2.82426023483,0.626262664795,0.498474270105,0.170256525278,0.328217744827
2.85599327087,0.626262664795,0.450068831444,0.124649211764,0.325419604778
2.88772678375,0.626262664795,0.401209443808,0.0809279978275,0.32028144598
2.91945981979,0.626262664795,0.351946860552,0.0389375723898,0.313009291887
2.95119309425,0.626262664795,0.30232951045,-0.00148307997733,0.303812593222
2.98292636871,0.626262664795,0.252407729626,-0.0404865927994,0.292894333601
3.01465964317,0.626262664795,0.202231839299,-0.0782134309411,0.280445277691
3.04639291763,0.626262664795,0.151852294803,-0.114785164595,0.266637444496
3.07812619209,0.626262664795,0.101319842041,-0.150300115347,0.251619964838
3.10985946655,0.626262664795,0.0506853684783,-0.18483120203,0.235516577959
3.14159274101,0.626262664795,-1.39658183684e-07,-0.218423053622,0.218422919512
0,0.636363625526,0,-0.16317512095,0.16317512095
0.0317332595587,0.636363625526,0.0507848598063,-0.124252095819,0.1750369519
0.0634665191174,0.636363625526,0.101518593729,-0.0848889425397,0.186407536268
0.095199778676,0.636363625526,0.152150094509,-0.0451211743057,0.19727127254
0.126933038235,0.636363625526,0.202628403902,-0.00496408622712,0.207592487335
0.158666297793,0.636363625526,0.252902656794,0.0355861820281,0.217316478491
0.190399557352,0.636363625526,0.302922278643,0.0765511021018,0.22637116909
0.222132816911,0.636363625526,0.352636903524,0.117969274521,0.234667629004
0.253866076469,0.636363625526,0.401996403933,0.15989549458,0.242100909352
0.285599350929,0.636363625526,0.450951218605,0.202402353287,0.248548865318
0.317332595587,0.636363625526,0.499451845884,0.245578169823,0.253873676062
0.349065840244,0.636363625526,0.547449588776,0.289526551962,0.257923036814
0.380799114704,0.636363625526,0.594896197319,0.334362477064,0.260533720255
0.412532389164,0.636363625526,0.641743719578,0.380206346512,0.261537373066
0.444265633821,0.636363625526,0.687945067883,0.42717820406,0.260766863823
0.475998878479,0.636363625526,0.73345375061,0.475388765335,0.258064985275
0.507732152939,0.636363625526,0.778223872185,0.524930715561,0.253293156624
0.539465427399,0.636363625526,0.822210371494,0.575869202614,0.24634116888
0.571198701859,0.636363625526,0.865368962288,0.628236472607,0.237132489681
0.602931916714,0.636363625526,0.907656252384,0.682026386261,0.225629866123
0.634665191174,0.636363625526,0.949029624462,0.737190246582,0.21183937788
0.666398465633,0.636363625526,0.989447295666,0.793637156487,0.195810139179
0.698131680489,0.636363625526,1.02886867523,0.851237297058,0.177631378174
0.729864954948,0.636363625526,1.06725418568,0.909823179245,0.157431006432
0.761598229408,0.636363625526,1.10456514359,0.969195961952,0.135369181633
0.793331503868,0.636363625526,1.1407636404,1.02913057804,0.111633062363
0.825064778328,0.636363625526,1.17581367493,1.08938086033,0.0864328145981
0.856797993183,0.636363625526,1.20967972279,1.14968490601,0.0599948167801
0.888531267643,0.636363625526,1.24232769012,1.20976912975,0.0325585603714
0.920264542103,0.636363625526,1.27372479439,1.26935338974,0.00437140464783
0.951997756958,0.636363625526,1.3038392067,1.32815420628,0.0243149995804
0.983731031418,0.636363625526,1.33264100552,1.38589072227,0.0532497167587
1.01546430588,0.636363625526,1.36010086536,1.44228720665,0.0821863412857
1.04719758034,0.636363625526,1.38619112968,1.49707818031,0.110887050629
1.0789308548,0.636363625526,1.41088569164,1.55001318455,0.139127492905
1.11066412926,0.636363625526,1.4341596365,1.60085833073,0.166698694229
1.14239740372,0.636363625526,1.45598948002,1.64940083027,0.19341135025
1.17413055897,0.636363625526,1.47635316849,1.69544923306,0.219096064568
1.20586383343,0.636363625526,1.49523031712,1.73883616924,0.243605852127
1.23759710789,0.636363625526,1.51260197163,1.77941560745,0.266813635826
1.26933038235,0.636363625526,1.52845060825,1.81706428528,0.288613677025
1.30106365681,0.636363625526,1.54276013374,1.8516793251,0.30891919136
1.33279693127,0.636363625526,1.55551624298,1.88317584991,0.327659606934
1.36453020573,0.636363625526,1.56670606136,1.91148459911,0.34477853775
1.39626336098,0.636363625526,1.57631838322,1.93654882908,0.360230445862
1.42799663544,0.636363625526,1.58434343338,1.9583234787,0.373980045319
1.4597299099,0.636363625526,1.59077322483,1.97677063942,0.385997414589
1.49146318436,0.636363625526,1.59560132027,1.99185729027,0.396255970001
1.52319645882,0.636363625526,1.5988227129,2.00355482101,0.404732108116
1.55492973328,0.636363625526,1.60043418407,2.01183629036,0.411402106285
1.58666300774,0.636363625526,1.60043418407,2.01667428017,0.416240096092
1.6183962822,0.636363625526,1.5988227129,2.01804161072,0.41921889782
1.65012955666,0.636363625526,1.59560132027,2.01591014862,0.420308828354
1.68186283112,0.636363625526,1.59077322483,2.01025009155,0.419476866722
1.71359610558,0.636363625526,1.58434343338,2.00103259087,0.416689157486
1.74532938004,0.636363625526,1.57631838322,1.98822665215,0.411908268929
1.77706253529,0.636363625526,1.56670606136,1.97180628777,0.405100226402
1.80879580975,0.636363625526,1.55551624298,1.95174694061,0.396230697632
1.84052908421,0.636363625526,1.54276013374,1.9280308485,0.38527071476
1.87226235867,0.636363625526,1.52845060825,1.90064954758,0.372198939323
1.90399563313,0.636363625526,1.51260197163,1.86960601807,0.35700404644
1.93572890759,0.636363625526,1.49523031712,1.83491945267,0.339689135551
1.96746218204,0.636363625526,1.47635316849,1.79662799835,0.320274829865
1.9991953373,0.636363625526,1.45598936081,1.75479328632,0.298803925514
2.03092861176,0.636363625526,1.43415951729,1.70950233936,0.275342822075
2.06266188622,0.636363625526,1.41088557243,1.66087198257,0.249986410141
2.09439516068,0.636363625526,1.38619112968,1.60904932022,0.222858190536
2.12612843513,0.636363625526,1.36010074615,1.55421376228,0.194113016129
2.15786170959,0.636363625526,1.33264088631,1.49657535553,0.163934469223
2.18959498405,0.636363625526,1.3038392067,1.43637418747,0.132534980774
2.22132825851,0.636363625526,1.27372467518,1.37387669086,0.100152015686
2.25306153297,0.636363625526,1.24232757092,1.30937325954,0.0670456886292
2.28479480743,0.636363625526,1.20967948437,1.24317204952,0.033492565155
2.31652784348,0.636363625526,1.17581379414,1.17560005188,0.000213742256165
2.34826135635,0.636363625526,1.14076352119,1.10699605942,0.0337674617767
2.3799943924,0.636363625526,1.10456514359,1.03771424294,0.06685090065
2.41172790527,0.636363625526,1.06725394726,0.968115925789,0.0991380214691
2.44346094131,0.636363625526,1.02886879444,0.898575365543,0.130293428898
2.47519421577,0.636363625526,0.989447295666,0.829467177391,0.159980118275
2.50692749023,0.636363625526,0.949029505253,0.76116412878,0.187865376472
2.53866076469,0.636363625526,0.907656133175,0.694023549557,0.213632583618
2.57039403915,0.636363625526,0.865368902683,0.628373146057,0.236995756626
2.60212731361,0.636363625526,0.82221031189,0.564498841763,0.257711470127
2.63386058807,0.636363625526,0.778223693371,0.502629816532,0.275593876839
2.66559386253,0.636363625526,0.733453571796,0.442934274673,0.290519297123
2.69732713699,0.636363625526,0.687944889069,0.385515600443,0.302429288626
2.72906041145,0.636363625526,0.641743540764,0.330415040255,0.311328500509
2.76079368591,0.636363625526,0.5948959589,0.277619719505,0.317276239395
2.79252696037,0.636363625526,0.547449409962,0.227069422603,0.320379972458
2.82426023483,0.636363625526,0.499451607466,0.178667828441,0.320783793926
2.85599327087,0.636363625526,0.45095127821,0.132290512323,0.318660765886
2.88772678375,0.636363625526,0.401996076107,0.0877926871181,0.314203381538
2.91945981979,0.636363625526,0.352636933327,0.0450218394399,0.307615101337
2.95119309425,0.636363625526,0.302922278643,0.00381976086646,0.299102514982
2.98292636871,0.636363625526,0.252902626991,-0.035963524133,0.2888661623
3.01465964317,0.636363625526,0.202628359199,-0.0744668021798,0.277095168829
3.04639291763,0.636363625526,0.152150034904,-0.111809052527,0.263959079981
3.07812619209,0.636363625526,0.101518496871,-0.148086071014,0.249604567885
3.10985946655,0.636363625526,0.0507847480476,-0.183367863297,0.23415261507
3.14159274101,0.636363625526,-1.39932012644e-07,-0.21769541502,0.21769528091
0,0.646464645863,0,-0.163738489151,0.163738489151
0.0317332595587,0.646464645863,0.0508834943175,-0.123975664377,0.174859166145
0.0634665191174,0.646464645863,0.101715765893,-0.0837602317333,0.185476005077
0.095199778676,0.646464645863,0.152445599437,-0.0431337915361,0.195579394698
0.126933038235,0.646464645863,0.203021943569,-0.00211699306965,0.205138936639
0.158666297793,0.646464645863,0.253393858671,0.0392911657691,0.214102685452
0.190399557352,0.646464645863,0.303510606289,0.0811086148024,0.222401991487
0.222132816911,0.646464645863,0.353321790695,0.123373277485,0.22994852066
0.253866076469,0.646464645863,0.402777165174,0.166139110923,0.236638054252
0.285599350929,0.646464645863,0.451827049255,0.209478422999,0.242348626256
0.317332595587,0.646464645863,0.500421881676,0.253480494022,0.246941387653
0.349065840244,0.646464645863,0.548512876034,0.298248529434,0.2502643466
0.380799114704,0.646464645863,0.596051573753,0.34389731288,0.252154260874
0.412532389164,0.646464645863,0.642990112305,0.390545606613,0.252444505692
0.444265633821,0.646464645863,0.6892811656,0.438310414553,0.250970751047
0.475998878479,0.646464645863,0.734878242016,0.487297445536,0.24758079648
0.507732152939,0.646464645863,0.779735326767,0.537591218948,0.242144107819
0.539465427399,0.646464645863,0.823807299137,0.58924728632,0.234560012817
0.571198701859,0.646464645863,0.867049694061,0.642285883427,0.224763810635
0.602931916714,0.646464645863,0.909419119358,0.696688354015,0.212730765343
0.634665191174,0.646464645863,0.950872838497,0.752391338348,0.198481500149
0.666398465633,0.646464645863,0.991369009018,0.80929094553,0.182078063488
0.698131680489,0.646464645863,1.03086698055,0.867244124413,0.16362285614
0.729864954948,0.646464645863,1.0693269968,0.926073014736,0.143253982067
0.761598229408,0.646464645863,1.10671043396,0.98557060957,0.12113982439
0.793331503868,0.646464645863,1.14297926426,1.0455057621,0.0974735021591
0.825064778328,0.646464645863,1.17809736729,1.10563004017,0.0724673271179
0.856797993183,0.646464645863,1.21202909946,1.16568017006,0.0463489294052
0.888531267643,0.646464645863,1.24474060535,1.22538566589,0.0193549394608
0.920264542103,0.646464645863,1.27619850636,1.28447067738,0.00827217102051
0.951997756958,0.646464645863,1.30637156963,1.34265971184,0.0362881422043
0.983731031418,0.646464645863,1.3352291584,1.39968121052,0.0644520521164
1.01546430588,0.646464645863,1.36274242401,1.45527100563,0.0925285816193
1.04719758034,0.646464645863,1.38888335228,1.50917804241,0.120294690132
1.0789308548,0.646464645863,1.41362595558,1.56116509438,0.147539138794
1.11066412926,0.646464645863,1.43694508076,1.6110149622,0.174069881439
1.14239740372,0.646464645863,1.45881724358,1.65853047371,0.199713230133
1.17413055897,0.646464645863,1.47922050953,1.70353639126,0.224315881729
1.20586383343,0.646464645863,1.49813437462,1.74588048458,0.247746109962
1.23759710789,0.646464645863,1.51553976536,1.78543162346,0.269891858101
1.26933038235,0.646464645863,1.53141903877,1.82207965851,0.290660619736
1.30106365681,0.646464645863,1.54575645924,1.85573399067,0.309977531433
1.33279693127,0.646464645863,1.55853736401,1.88632011414,0.32778275013
1.36453020573,0.646464645863,1.56974887848,1.9137775898,0.344028711319
1.39626336098,0.646464645863,1.57937991619,1.93805897236,0.358679056168
1.42799663544,0.646464645863,1.58742058277,1.95912468433,0.371704101562
1.4597299099,0.646464645863,1.59386277199,1.97694242001,0.383079648018
1.49146318436,0.646464645863,1.59870028496,1.9914842844,0.392783999443
1.52319645882,0.646464645863,1.60192787647,2.00272488594,0.400797009468
1.55492973328,0.646464645863,1.60354244709,2.01064038277,0.407097935677
1.58666300774,0.646464645863,1.60354244709,2.01520633698,0.411663889885
1.6183962822,0.646464645863,1.60192787647,2.01639723778,0.414469361305
1.65012955666,0.646464645863,1.59870028496,2.01418638229,0.415486097336
1.68186283112,0.646464645863,1.59386277199,2.00854563713,0.414682865143
1.71359610558,0.646464645863,1.58742058277,1.99944591522,0.412025332451
1.74532938004,0.646464645863,1.57937991619,1.98685801029,0.407478094101
1.77706253529,0.646464645863,1.56974887848,1.97075378895,0.401004910469
1.80879580975,0.646464645863,1.55853736401,1.95110678673,0.392569422722
1.84052908421,0.646464645863,1.54575645924,1.92789781094,0.3821413517
1.87226235867,0.646464645863,1.53141903877,1.90111351013,0.369694471359
1.90399563313,0.646464645863,1.51553964615,1.87075173855,0.3552120924
1.93572890759,0.646464645863,1.49813437462,1.83682501316,0.338690638542
1.96746218204,0.646464645863,1.47922050953,1.79936182499,0.32014131546
1.9991953373,0.646464645863,1.45881712437,1.75841367245,0.29959654808
2.03092861176,0.646464645863,1.43694496155,1.71405506134,0.277110099792
2.06266188622,0.646464645863,1.41362583637,1.66638851166,0.252762675285
2.09439516068,0.646464645863,1.38888335228,1.61554694176,0.226663589478
2.12612843513,0.646464645863,1.3627423048,1.56169271469,0.198950409889
2.15786170959,0.646464645863,1.3352291584,1.50502073765,0.169791579247
2.18959498405,0.646464645863,1.30637156963,1.44575428963,0.139382719994
2.22132825851,0.646464645863,1.27619850636,1.38414490223,0.107946395874
2.25306153297,0.646464645863,1.24474036694,1.32046818733,0.0757278203964
2.28479480743,0.646464645863,1.21202898026,1.25502026081,0.0429912805557
2.31652784348,0.646464645863,1.1780974865,1.18811523914,0.0100177526474
2.34826135635,0.646464645863,1.14297902584,1.12008059025,0.0228984355927
2.3799943924,0.646464645863,1.10671043396,1.05126130581,0.0554491281509
2.41172790527,0.646464645863,1.06932675838,0.98200917244,0.0873175859451
2.44346094131,0.646464645863,1.03086709976,0.912691533566,0.118175566196
2.47519421577,0.646464645863,0.991369009018,0.843678176403,0.147690832615
2.50692749023,0.646464645863,0.950872719288,0.775340557098,0.175532162189
2.53866076469,0.646464645863,0.909419000149,0.708038747311,0.201380252838
2.57039403915,0.646464645863,0.867049574852,0.642108380795,0.224941194057
2.60212731361,0.646464645863,0.823807179928,0.577846288681,0.245960891247
2.63386058807,0.646464645863,0.779735147953,0.5154966712,0.264238476753
2.66559386253,0.646464645863,0.734878063202,0.455242723227,0.279635339975
2.69732713699,0.646464645863,0.689281046391,0.397203654051,0.29207739234
2.72906041145,0.646464645863,0.642989933491,0.341434389353,0.301555544138
2.76079368591,0.646464645863,0.596051335335,0.28793361783,0.308117717505
2.79252696037,0.646464645863,0.548512637615,0.236650422215,0.311862230301
2.82426023483,0.646464645863,0.500421643257,0.187495931983,0.312925696373
2.85599327087,0.646464645863,0.45182710886,0.140351265669,0.311475843191
2.88772678375,0.646464645863,0.402776837349,0.0950759798288,0.307700872421
2.91945981979,0.646464645863,0.353321820498,0.051521603018,0.301800221205
2.95119309425,0.646464645863,0.303510606289,0.00953307095915,0.293977528811
2.98292636871,0.646464645863,0.253393828869,-0.0310377664864,0.284431606531
3.01465964317,0.646464645863,0.203021898866,-0.0703265815973,0.273348480463
3.04639291763,0.646464645863,0.152445539832,-0.108450427651,0.260895967484
3.07812619209,0.646464645863,0.101715669036,-0.145501568913,0.247217237949
3.10985946655,0.646464645863,0.0508833788335,-0.181546762586,0.232430145144
3.14159274101,0.646464645863,-1.40203781029e-07,-0.216623589396,0.216623455286
0,0.656565666199,0,-0.164057672024,0.164057672024
0.0317332595587,0.656565666199,0.0509812831879,-0.123441338539,0.174422621727
0.0634665191174,0.656565666199,0.101911246777,-0.0823593661189,0.184270620346
0.095199778676,0.656565666199,0.152738571167,-0.04086067155,0.193599238992
0.126933038235,0.656565666199,0.203412115574,0.00102968048304,0.202382430434
0.158666297793,0.656565666199,0.253880828619,0.0433068871498,0.210573941469
0.190399557352,0.656565666199,0.304093927145,0.0859880298376,0.218105897307
0.222132816911,0.656565666199,0.354000836611,0.129108086228,0.224892750382
0.253866076469,0.656565666199,0.403551250696,0.172721579671,0.230829671025
0.285599350929,0.656565666199,0.452695399523,0.216900140047,0.235795259476
0.317332595587,0.656565666199,0.501383602619,0.261732727289,0.23965087533
0.349065840244,0.656565666199,0.549567043781,0.307322919369,0.242244124413
0.380799114704,0.656565666199,0.597197115421,0.353784739971,0.24341237545
0.412532389164,0.656565666199,0.6442258358,0.401235044003,0.242990791798
0.444265633821,0.656565666199,0.69060587883,0.449787348509,0.240818530321
0.475998878479,0.656565666199,0.736290574074,0.499540627003,0.236749947071
0.507732152939,0.656565666199,0.781233847141,0.550571680069,0.230662167072
0.539465427399,0.656565666199,0.825390517712,0.602925479412,0.2224650383
0.571198701859,0.656565666199,0.868716061115,0.656610608101,0.212105453014
0.602931916714,0.656565666199,0.911166846752,0.711593329906,0.199573516846
0.634665191174,0.656565666199,0.952700257301,0.767797768116,0.184902489185
0.666398465633,0.656565666199,0.993274271488,0.82510638237,0.168167889118
0.698131680489,0.656565666199,1.03284811974,0.883364617825,0.149483501911
0.729864954948,0.656565666199,1.07138204575,0.942384600639,0.128997445107
0.761598229408,0.656565666199,1.1088373661,1.00195205212,0.106885313988
0.793331503868,0.656565666199,1.14517593384,1.06183123589,0.0833446979523
0.825064778328,0.656565666199,1.18036150932,1.12177109718,0.0585904121399
0.856797993183,0.656565666199,1.21435844898,1.18151056767,0.0328478813171
0.888531267643,0.656565666199,1.24713277817,1.24078154564,0.00635123252869
0.920264542103,0.656565666199,1.27865123749,1.29931485653,0.0206636190414
0.951997756958,0.656565666199,1.30888223648,1.35684227943,0.0479600429535
0.983731031418,0.656565666199,1.33779525757,1.41310346127,0.0753082036972
1.01546430588,0.656565666199,1.36536133289,1.467846632,0.10248529911
1.04719758034,0.656565666199,1.39155256748,1.52083337307,0.129280805588
1.0789308548,0.656565666199,1.41634273529,1.57184231281,0.155499577522
1.11066412926,0.656565666199,1.43970668316,1.62067210674,0.180965423584
1.14239740372,0.656565666199,1.46162092686,1.66714072227,0.205519795418
1.17413055897,0.656565666199,1.48206329346,1.71108853817,0.229025244713
1.20586383343,0.656565666199,1.50101351738,1.75237858295,0.251365065575
1.23759710789,0.656565666199,1.51845240593,1.7908936739,0.272441267967
1.26933038235,0.656565666199,1.53436219692,1.82653594017,0.292173743248
1.30106365681,0.656565666199,1.54872715473,1.85922658443,0.310499429703
1.33279693127,0.656565666199,1.56153261662,1.88890111446,0.327368497849
1.36453020573,0.656565666199,1.57276570797,1.91550767422,0.342741966248
1.39626336098,0.656565666199,1.58241522312,1.93900573254,0.356590509415
1.42799663544,0.656565666199,1.59047138691,1.95936274529,0.368891358376
1.4597299099,0.656565666199,1.59692597389,1.97655105591,0.379625082016
1.49146318436,0.656565666199,1.60177266598,1.99054682255,0.38877415657
1.52319645882,0.656565666199,1.60500657558,2.00132918358,0.396322607994
1.55492973328,0.656565666199,1.60662424564,2.0088763237,0.402252078056
1.58666300774,0.656565666199,1.60662424564,2.01316642761,0.406542181969
1.6183962822,0.656565666199,1.60500657558,2.01417660713,0.409170031548
1.65012955666,0.656565666199,1.60177266598,2.01188135147,0.410108685493
1.68186283112,0.656565666199,1.59692597389,2.00625395775,0.409327983856
1.71359610558,0.656565666199,1.59047138691,1.99726569653,0.406794309616
1.74532938004,0.656565666199,1.58241522312,1.98488855362,0.402473330498
1.77706253529,0.656565666199,1.57276570797,1.96909272671,0.396327018738
1.80879580975,0.656565666199,1.56153261662,1.94985222816,0.388319611549
1.84052908421,0.656565666199,1.54872715473,1.92714452744,0.378417372704
1.87226235867,0.656565666199,1.53436219692,1.9009526968,0.366590499878
1.90399563313,0.656565666199,1.51845228672,1.87127041817,0.352818131447
1.93572890759,0.656565666199,1.50101351738,1.83810293674,0.337089419365
1.96746218204,0.656565666199,1.48206329346,1.80147135258,0.31940805912
1.9991953373,0.656565666199,1.46162080765,1.76141631603,0.299795508385
2.03092861176,0.656565666199,1.43970656395,1.71800100803,0.278294444084
2.06266188622,0.656565666199,1.41634261608,1.67131459713,0.254971981049
2.09439516068,0.656565666199,1.39155256748,1.6214748621,0.229922294617
2.12612843513,0.656565666199,1.36536121368,1.56862926483,0.203268051147
2.15786170959,0.656565666199,1.33779525757,1.51295566559,0.17516040802
2.18959498405,0.656565666199,1.30888223648,1.45466208458,0.145779848099
2.22132825851,0.656565666199,1.27865111828,1.39398384094,0.115332722664
2.25306153297,0.656565666199,1.24713253975,1.33118200302,0.0840494632721
2.28479480743,0.656565666199,1.21435832977,1.26653897762,0.05218064785
2.31652784348,0.656565666199,1.18036162853,1.20035600662,0.0199943780899
2.34826135635,0.656565666199,1.14517569542,1.13294970989,0.012225985527
2.3799943924,0.656565666199,1.1088373661,1.06465375423,0.0441836118698
2.41172790527,0.656565666199,1.07138192654,0.995810806751,0.0755711197853
2.44346094131,0.656565666199,1.03284823895,0.926779687405,0.10606855154
2.47519421577,0.656565666199,0.993274271488,0.857924699783,0.135349571705
2.50692749023,0.656565666199,0.952700138092,0.789614379406,0.163085758686
2.53866076469,0.656565666199,0.911166787148,0.722210109234,0.188956677914
2.57039403915,0.656565666199,0.868715941906,0.656053304672,0.212662637234
2.60212731361,0.656565666199,0.825390398502,0.591451227665,0.233939170837
2.63386058807,0.656565666199,0.781233727932,0.528661966324,0.252571761608
2.66559386253,0.656565666199,0.73629039526,0.467883914709,0.268406480551
2.69732713699,0.656565666199,0.690605700016,0.409251570702,0.281354129314
2.72906041145,0.656565666199,0.644225656986,0.35283523798,0.291390419006
2.76079368591,0.656565666199,0.597196877003,0.29864487052,0.298552006483
2.79252696037,0.656565666199,0.549566805363,0.24664068222,0.302926123142
2.82426023483,0.656565666199,0.501383364201,0.196740761399,0.304642617702
2.85599327087,0.656565666199,0.452695459127,0.148833096027,0.3038623631
2.88772678375,0.656565666199,0.403550922871,0.10278172791,0.300769209862
2.91945981979,0.656565666199,0.354000836611,0.0584421046078,0.295558720827
2.95119309425,0.656565666199,0.304093927145,0.0156627539545,0.288431167603
2.98292636871,0.656565666199,0.253880798817,-0.0257015936077,0.279582381248
3.01465964317,0.656565666199,0.20341207087,-0.0657839849591,0.26919606328
3.04639291763,0.656565666199,0.152738511562,-0.104698501527,0.25743702054
3.07812619209,0.656565666199,0.101911149919,-0.142534807324,0.244445949793
3.10985946655,0.656565666199,0.0509811714292,-0.179355472326,0.230336636305
3.14159274101,0.656565666199,-1.40473233046e-07,-0.215193852782,0.215193718672
0,0.66666662693,0,-0.164118513465,0.164118513465
0.0317332595587,0.66666662693,0.0510781407356,-0.122635170817,0.173713311553
0.0634665191174,0.66666662693,0.102104857564,-0.0806735083461,0.182778358459
0.095199778676,0.66666662693,0.15302875638,-0.0382890664041,0.191317826509
0.126933038235,0.66666662693,0.203798577189,0.00448612775654,0.199312448502
0.158666297793,0.66666662693,0.254363179207,0.0476442985237,0.206718876958
0.190399557352,0.66666662693,0.304671645164,0.0911991968751,0.21347245574
0.222132816911,0.66666662693,0.354673355818,0.135183662176,0.219489693642
0.253866076469,0.66666662693,0.404317945242,0.179651409388,0.224666535854
0.285599350929,0.66666662693,0.453555464745,0.224673569202,0.228881895542
0.317332595587,0.66666662693,0.502336144447,0.270339876413,0.231996268034
0.349065840244,0.66666662693,0.550611078739,0.31675350666,0.233857572079
0.380799114704,0.66666662693,0.598331689835,0.364026755095,0.23430493474
0.412532389164,0.66666662693,0.645449757576,0.412274748087,0.233175009489
0.444265633821,0.66666662693,0.691917896271,0.461605638266,0.230312258005
0.475998878479,0.66666662693,0.737689375877,0.512113392353,0.225575983524
0.507732152939,0.66666662693,0.782718062401,0.563864529133,0.218853533268
0.539465427399,0.66666662693,0.826958596706,0.616893708706,0.210064888
0.571198701859,0.66666662693,0.870366454124,0.671196103096,0.199170351028
0.602931916714,0.66666662693,0.91289794445,0.726724922657,0.186173021793
0.634665191174,0.66666662693,0.954510211945,0.783390700817,0.171119511127
0.666398465633,0.66666662693,0.995161354542,0.841062605381,0.154098749161
0.698131680489,0.66666662693,1.03481042385,0.899575769901,0.13523465395
0.729864954948,0.66666662693,1.07341754436,0.958732962608,0.114684581757
0.761598229408,0.66666662693,1.11094391346,1.01831376553,0.092630147934
0.793331503868,0.66666662693,1.14735150337,1.07807910442,0.0692723989487
0.825064778328,0.66666662693,1.18260395527,1.13777756691,0.0448263883591
0.856797993183,0.66666662693,1.21666562557,1.19714951515,0.0195161104202
0.888531267643,0.66666662693,1.2495020628,1.25593137741,0.00642931461334
0.920264542103,0.66666662693,1.28108048439,1.31386125088,0.0327807664871
0.951997756958,0.66666662693,1.31136882305,1.37067997456,0.0593111515045
0.983731031418,0.66666662693,1.34033691883,1.42613756657,0.0858006477356
1.01546430588,0.66666662693,1.36795532703,1.47999513149,0.112039804459
1.04719758034,0.66666662693,1.3941962719,1.53202903271,0.137832760811
1.0789308548,0.66666662693,1.41903352737,1.58203268051,0.162999153137
1.11066412926,0.66666662693,1.4424418211,1.62981939316,0.18737757206
1.14239740372,0.66666662693,1.46439778805,1.67522358894,0.210825800896
1.17413055897,0.66666662693,1.48487901688,1.71810090542,0.233221888542
1.20586383343,0.66666662693,1.503865242,1.75832760334,0.254462361336
1.23759710789,0.66666662693,1.52133727074,1.79580056667,0.274463295937
1.26933038235,0.66666662693,1.53727734089,1.83043432236,0.293156981468
1.30106365681,0.66666662693,1.55166947842,1.86215996742,0.310490489006
1.33279693127,0.66666662693,1.5644993782,1.89092254639,0.326423168182
1.36453020573,0.66666662693,1.57575368881,1.91667938232,0.340925693512
1.39626336098,0.66666662693,1.58542156219,1.93939602375,0.353974461555
1.42799663544,0.66666662693,1.59349298477,1.95904529095,0.365552306175
1.4597299099,0.66666662693,1.59995985031,1.97560477257,0.375644922256
1.49146318436,0.66666662693,1.60481584072,1.98905527592,0.384239435196
1.52319645882,0.66666662693,1.60805583,1.99937808514,0.391322255135
1.55492973328,0.66666662693,1.6096765995,2.00655555725,0.396878957748
1.58666300774,0.66666662693,1.6096765995,2.01056742668,0.400890827179
1.6183962822,0.66666662693,1.60805583,2.01139330864,0.403337478638
1.65012955666,0.66666662693,1.60481584072,2.00900936127,0.404193520546
1.68186283112,0.66666662693,1.59995985031,2.00338959694,0.403429746628
1.71359610558,0.66666662693,1.59349298477,1.99450743198,0.401014447212
1.74532938004,0.66666662693,1.58542156219,1.98233425617,0.396912693977
1.77706253529,0.66666662693,1.57575368881,1.96684122086,0.391087532043
1.80879580975,0.66666662693,1.5644993782,1.94800055027,0.383501172066
1.84052908421,0.66666662693,1.55166947842,1.9257876873,0.374118208885
1.87226235867,0.66666662693,1.53727734089,1.90018367767,0.362906336784
1.90399563313,0.66666662693,1.52133715153,1.87117755413,0.349840402603
1.93572890759,0.66666662693,1.503865242,1.83876776695,0.334902524948
1.96746218204,0.66666662693,1.48487901688,1.80296909809,0.318090081215
1.9991953373,0.66666662693,1.46439766884,1.76381230354,0.299414634705
2.03092861176,0.66666662693,1.4424418211,1.72134900093,0.278907179832
2.06266188622,0.66666662693,1.41903340816,1.67565655708,0.256623148918
2.09439516068,0.66666662693,1.3941962719,1.62683725357,0.232640981674
2.12612843513,0.66666662693,1.36795520782,1.57502400875,0.207068800926
2.15786170959,0.66666662693,1.34033679962,1.52037847042,0.180041670799
2.18959498405,0.66666662693,1.31136882305,1.46309256554,0.151723742485
2.22132825851,0.66666662693,1.28108036518,1.4033857584,0.122305393219
2.25306153297,0.66666662693,1.24950194359,1.34150362015,0.0920016765594
2.28479480743,0.66666662693,1.21666538715,1.27771449089,0.0610491037369
2.31652784348,0.66666662693,1.18260407448,1.21230709553,0.0297030210495
2.34826135635,0.66666662693,1.14735138416,1.14558553696,0.00176584720612
2.3799943924,0.66666662693,1.11094391346,1.07787239552,0.0330715179443
2.41172790527,0.66666662693,1.07341730595,1.00950026512,0.0639170408249
2.44346094131,0.66666662693,1.03481042385,0.94081902504,0.0939913988113
2.47519421577,0.66666662693,0.995161354542,0.872185707092,0.122975647449
2.50692749023,0.66666662693,0.95451015234,0.803964972496,0.150545179844
2.53866076469,0.66666662693,0.912897825241,0.736517846584,0.176379978657
2.57039403915,0.66666662693,0.870366334915,0.670190215111,0.200176119804
2.60212731361,0.66666662693,0.826958537102,0.605298221111,0.22166031599
2.63386058807,0.66666662693,0.782717943192,0.542112410069,0.240605533123
2.66559386253,0.66666662693,0.737689256668,0.480846643448,0.25684261322
2.69732713699,0.66666662693,0.691917777061,0.421651154757,0.270266622305
2.72906041145,0.66666662693,0.645449578762,0.364610940218,0.280838638544
2.76079368591,0.66666662693,0.598331451416,0.309749424458,0.288582026958
2.79252696037,0.66666662693,0.550610899925,0.257037431002,0.293573468924
2.82426023483,0.66666662693,0.502335906029,0.206402018666,0.295933902264
2.85599327087,0.66666662693,0.453555494547,0.157737195492,0.295818299055
2.88772678375,0.66666662693,0.404317587614,0.110912799835,0.293404787779
2.91945981979,0.66666662693,0.35467338562,0.0657882988453,0.288885086775
2.95119309425,0.66666662693,0.304671645164,0.022215552628,0.282456099987
2.98292636871,0.66666662693,0.254363149405,-0.019947193563,0.274310350418
3.01465964317,0.66666662693,0.203798517585,-0.060829821974,0.264628350735
3.04639291763,0.66666662693,0.153028696775,-0.100543417037,0.253572106361
3.07812619209,0.66666662693,0.102104760706,-0.139174342155,0.241279095411
3.10985946655,0.66666662693,0.0510780252516,-0.176781237125,0.227859258652
3.14159274101,0.66666662693,-1.40740112897e-07,-0.213393032551,0.21339289844
0,0.676767706871,0,-0.163905262947,0.163905262947
0.0317332595587,0.676767706871,0.0511739626527,-0.12154302001,0.172716975212
0.0634665191174,0.676767706871,0.102296411991,-0.0786889716983,0.18098539114
0.095199778676,0.676767706871,0.153315842152,-0.0354067645967,0.188722610474
0.126933038235,0.676767706871,0.204180896282,0.00826532393694,0.195915579796
0.158666297793,0.676767706871,0.254840344191,0.0523147583008,0.20252558589
0.190399557352,0.676767706871,0.305243223906,0.0967518463731,0.208491384983
0.222132816911,0.676767706871,0.35533875227,0.141607910395,0.213730841875
0.253866076469,0.676767706871,0.405076444149,0.186935588717,0.218140855432
0.285599350929,0.676767706871,0.454406321049,0.23280544579,0.221600875258
0.317332595587,0.676767706871,0.503278553486,0.279306948185,0.223971605301
0.349065840244,0.676767706871,0.551644086838,0.326543062925,0.225101023912
0.380799114704,0.676767706871,0.599454164505,0.374624341726,0.224829822779
0.412532389164,0.676767706871,0.646660685539,0.423663407564,0.222997277975
0.444265633821,0.676767706871,0.693215966225,0.473763227463,0.219452738762
0.475998878479,0.676767706871,0.739073336124,0.525010108948,0.214063227177
0.507732152939,0.676767706871,0.78418648243,0.577461659908,0.206724822521
0.539465427399,0.676767706871,0.828509986401,0.631140530109,0.197369456291
0.571198701859,0.676767706871,0.871999263763,0.686028897762,0.185970366001
0.602931916714,0.676767706871,0.914610564709,0.742066562176,0.172544002533
0.634665191174,0.676767706871,0.956300914288,0.7991502285,0.157150685787
0.666398465633,0.676767706871,0.997028291225,0.857137858868,0.139890432358
0.698131680489,0.676767706871,1.03675174713,0.915853023529,0.120898723602
0.729864954948,0.676767706871,1.07543122768,0.975092113018,0.100339114666
0.761598229408,0.676767706871,1.11302804947,1.03462922573,0.0783988237381
0.793331503868,0.676767706871,1.14950406551,1.09422278404,0.0552812814713
0.825064778328,0.676767706871,1.18482255936,1.15362238884,0.031200170517
0.856797993183,0.676767706871,1.21894812584,1.21257066727,0.00637745857239
0.888531267643,0.676767706871,1.25184619427,1.27081084251,0.0189646482468
0.920264542103,0.676767706871,1.28348374367,1.32808732986,0.0446035861969
0.951997756958,0.676767706871,1.31382906437,1.38415110111,0.0703220367432
0.983731031418,0.676767706871,1.34285140038,1.43876433372,0.0959129333496
1.01546430588,0.676767706871,1.37052166462,1.49170076847,0.121179103851
1.04719758034,0.676767706871,1.39681184292,1.54275131226,0.145939469337
1.0789308548,0.676767706871,1.42169570923,1.59172439575,0.170028686523
1.11066412926,0.676767706871,1.44514787197,1.63844871521,0.193300843239
1.14239740372,0.676767706871,1.46714496613,1.68277347088,0.215628504753
1.17413055897,0.676767706871,1.48766469955,1.72456884384,0.236904144287
1.20586383343,0.676767706871,1.50668644905,1.76372563839,0.257039189339
1.23759710789,0.676767706871,1.52419126034,1.80015277863,0.275961518288
1.26933038235,0.676767706871,1.54016125202,1.83377623558,0.293614983559
1.30106365681,0.676767706871,1.55458045006,1.86453735828,0.309956908226
1.33279693127,0.676767706871,1.56743431091,1.89239025116,0.324955940247
1.36453020573,0.676767706871,1.57870984077,1.91729915142,0.338589310646
1.39626336098,0.676767706871,1.58839583397,1.93923664093,0.350840806961
1.42799663544,0.676767706871,1.59648239613,1.95818054676,0.361698150635
1.4597299099,0.676767706871,1.60296142101,1.97411322594,0.371151804924
1.49146318436,0.676767706871,1.60782647133,1.98701930046,0.379192829132
1.52319645882,0.676767706871,1.61107254028,1.99688351154,0.38581097126
1.55492973328,0.676767706871,1.61269640923,2.00369048119,0.39099407196
1.58666300774,0.676767706871,1.61269640923,2.0074224472,0.394726037979
1.6183962822,0.676767706871,1.61107254028,2.00806117058,0.396988630295
1.65012955666,0.676767706871,1.60782647133,2.0055847168,0.397758245468
1.68186283112,0.676767706871,1.60296142101,1.99996900558,0.397007584572
1.71359610558,0.676767706871,1.59648239613,1.99118733406,0.394704937935
1.74532938004,0.676767706871,1.58839583397,1.9792124033,0.390816569328
1.77706253529,0.676767706871,1.57870984077,1.96401560307,0.385305762291
1.80879580975,0.676767706871,1.56743431091,1.94556844234,0.378134131432
1.84052908421,0.676767706871,1.55458045006,1.9238448143,0.369264364243
1.87226235867,0.676767706871,1.54016125202,1.89882385731,0.358662605286
1.90399563313,0.676767706871,1.52419114113,1.87048900127,0.346297860146
1.93572890759,0.676767706871,1.50668644905,1.83883547783,0.332149028778
1.96746218204,0.676767706871,1.48766469955,1.80386960506,0.31620490551
1.9991953373,0.676767706871,1.46714484692,1.76561367512,0.298468828201
2.03092861176,0.676767706871,1.44514787197,1.72410964966,0.278961777687
2.06266188622,0.676767706871,1.42169559002,1.67942166328,0.257726073265
2.09439516068,0.676767706871,1.39681184292,1.63163912296,0.234827280045
2.12612843513,0.676767706871,1.37052154541,1.58087909222,0.210357546806
2.15786170959,0.676767706871,1.34285128117,1.52728784084,0.184436559677
2.18959498405,0.676767706871,1.31382906437,1.47104144096,0.157212376595
2.22132825851,0.676767706871,1.28348374367,1.412342906,0.128859162331
2.25306153297,0.676767706871,1.25184595585,1.35142278671,0.099576830864
2.28479480743,0.676767706871,1.21894788742,1.28853464127,0.0695867538452
2.31652784348,0.676767706871,1.18482267857,1.22395384312,0.0391311645508
2.34826135635,0.676767706871,1.1495038271,1.15797162056,0.00846779346466
2.3799943924,0.676767706871,1.11302804947,1.09089910984,0.0221289396286
2.41172790527,0.676767706871,1.07543110847,1.02305805683,0.0523730516434
2.44346094131,0.676767706871,1.03675174713,0.954789042473,0.0819627046585
2.47519421577,0.676767706871,0.997028291225,0.886440396309,0.110587894917
2.50692749023,0.676767706871,0.956300795078,0.818371713161,0.137929081917
2.53866076469,0.676767706871,0.914610445499,0.750942647457,0.163667798042
2.57039403915,0.676767706871,0.871999204159,0.684501171112,0.187498033047
2.60212731361,0.676767706871,0.828509926796,0.61937135458,0.209138572216
2.63386058807,0.676767706871,0.784186303616,0.555834531784,0.228351771832
2.66559386253,0.676767706871,0.73907315731,0.494119942188,0.244953215122
2.69732713699,0.676767706871,0.693215787411,0.434393465519,0.258822321892
2.72906041145,0.676767706871,0.646660447121,0.376755297184,0.269905149937
2.76079368591,0.676767706871,0.599453926086,0.321243017912,0.278210908175
2.79252696037,0.676767706871,0.551643848419,0.267838567495,0.283805280924
2.82426023483,0.676767706871,0.503278315067,0.216478571296,0.28679972887
2.85599327087,0.676767706871,0.454406380653,0.167064234614,0.287342131138
2.88772678375,0.676767706871,0.405076116323,0.119471244514,0.285604864359
2.91945981979,0.676767706871,0.35533875227,0.0735635906458,0.281775176525
2.95119309425,0.676767706871,0.305243223906,0.0291967615485,0.276046454906
2.98292636871,0.676767706871,0.254840344191,-0.0137674016878,0.268607735634
3.01465964317,0.676767706871,0.204180851579,-0.0554556138813,0.259636461735
3.04639291763,0.676767706871,0.153315782547,-0.0959752053022,0.249290987849
3.07812619209,0.676767706871,0.102296315134,-0.135409325361,0.237705647945
3.10985946655,0.676767706871,0.051173850894,-0.173811987042,0.224985837936
3.14159274101,0.676767706871,-1.41004150578e-07,-0.211207717657,0.211207583547
0,0.686868667603,0,-0.163404434919,0.163404434919
0.0317332595587,0.686868667603,0.0512686595321,-0.120150968432,0.171419620514
0.0634665191174,0.686868667603,0.102485708892,-0.0763922333717,0.178877949715
0.095199778676,0.686868667603,0.15359954536,-0.032201141119,0.185800686479
0.126933038235,0.686868667603,0.204558730125,0.0123784160241,0.192180320621
0.158666297793,0.686868667603,0.25531193614,0.0573283880949,0.197983548045
0.190399557352,0.686868667603,0.305808067322,0.102655485272,0.203152582049
0.222132816911,0.686868667603,0.355996280909,0.148389279842,0.207607001066
0.253866076469,0.686868667603,0.405826032162,0.194580957294,0.211245074868
0.285599350929,0.686868667603,0.455247193575,0.241300463676,0.213946729898
0.317332595587,0.686868667603,0.50420987606,0.288637340069,0.215572535992
0.349065840244,0.686868667603,0.552664875984,0.336693286896,0.215971589088
0.380799114704,0.686868667603,0.600563466549,0.38557741046,0.214986056089
0.412532389164,0.686868667603,0.647857308388,0.435398817062,0.212458491325
0.444265633821,0.686868667603,0.694498717785,0.486254662275,0.20824405551
0.475998878479,0.686868667603,0.740440964699,0.538223445415,0.202217519283
0.507732152939,0.686868667603,0.785637617111,0.591352760792,0.194284856319
0.539465427399,0.686868667603,0.830043137074,0.645652830601,0.184390306473
0.571198701859,0.686868667603,0.873612880707,0.701092779636,0.17252010107
0.602931916714,0.686868667603,0.916303038597,0.757598876953,0.158704161644
0.634665191174,0.686868667603,0.958070516586,0.815055131912,0.143015384674
0.666398465633,0.686868667603,0.9988732934,0.873307883739,0.12556540966
0.698131680489,0.686868667603,1.03867018223,0.93217176199,0.106498420238
0.729864954948,0.686868667603,1.07742130756,0.991436123848,0.0859851837158
0.761598229408,0.686868667603,1.11508774757,1.05087149143,0.0642162561417
0.793331503868,0.686868667603,1.15163111687,1.11023569107,0.0413954257965
0.825064778328,0.686868667603,1.18701505661,1.16927921772,0.0177358388901
0.856797993183,0.686868667603,1.22120368481,1.22774934769,0.00654566287994
0.888531267643,0.686868667603,1.25416266918,1.285394907,0.0312322378159
0.920264542103,0.686868667603,1.28585886955,1.34196996689,0.0561110973358
0.951997756958,0.686868667603,1.31626021862,1.39723563194,0.0809754133224
0.983731031418,0.686868667603,1.34533631802,1.45096564293,0.105629324913
1.01546430588,0.686868667603,1.37305772305,1.50294828415,0.129890561104
1.04719758034,0.686868667603,1.39939665794,1.55298757553,0.153590917587
1.0789308548,0.686868667603,1.42432653904,1.60090768337,0.176581144333
1.11066412926,0.686868667603,1.44782209396,1.64655208588,0.198729991913
1.14239740372,0.686868667603,1.4698599577,1.68978512287,0.219925165176
1.17413055897,0.686868667603,1.49041759968,1.73049044609,0.240072846413
1.20586383343,0.686868667603,1.50947463512,1.76857221127,0.259097576141
1.23759710789,0.686868667603,1.52701175213,1.80395138264,0.276939630508
1.26933038235,0.686868667603,1.54301130772,1.83656477928,0.293553471565
1.30106365681,0.686868667603,1.55745720863,1.86636328697,0.308906078339
1.33279693127,0.686868667603,1.57033491135,1.89330911636,0.322974205017
1.36453020573,0.686868667603,1.58163130283,1.91737365723,0.335742354393
1.39626336098,0.686868667603,1.59133517742,1.93853533268,0.347200155258
1.42799663544,0.686868667603,1.59943664074,1.95677733421,0.357340693474
1.4597299099,0.686868667603,1.60592770576,1.9720864296,0.366158723831
1.49146318436,0.686868667603,1.61080181599,1.98445010185,0.373648285866
1.52319645882,0.686868667603,1.61405384541,1.99385678768,0.379802942276
1.55492973328,0.686868667603,1.61568069458,2.00029349327,0.384612798691
1.58666300774,0.686868667603,1.61568069458,2.00374507904,0.38806438446
1.6183962822,0.686868667603,1.61405384541,2.0041949749,0.390141129494
1.65012955666,0.686868667603,1.61080181599,2.00162339211,0.390821576118
1.68186283112,0.686868667603,1.60592770576,1.99600768089,0.390079975128
1.71359610558,0.686868667603,1.59943664074,1.98732244968,0.387885808945
1.74532938004,0.686868667603,1.59133517742,1.97554063797,0.384205460548
1.77706253529,0.686868667603,1.58163130283,1.96063482761,0.37900352478
1.80879580975,0.686868667603,1.57033491135,1.94257509708,0.372240185738
1.84052908421,0.686868667603,1.55745720863,1.9213347435,0.363877534866
1.87226235867,0.686868667603,1.54301130772,1.89689040184,0.353879094124
1.90399563313,0.686868667603,1.52701163292,1.86922311783,0.342211484909
1.93572890759,0.686868667603,1.50947463512,1.83832216263,0.328847527504
1.96746218204,0.686868667603,1.49041759968,1.80418753624,0.313769936562
1.9991953373,0.686868667603,1.46985983849,1.76683473587,0.296974897385
2.03092861176,0.686868667603,1.44782209396,1.72629415989,0.278472065926
2.06266188622,0.686868667603,1.42432641983,1.68261921406,0.258292794228
2.09439516068,0.686868667603,1.39939665794,1.63588619232,0.236489534378
2.12612843513,0.686868667603,1.37305772305,1.58619761467,0.213139891624
2.15786170959,0.686868667603,1.34533619881,1.53368425369,0.188348054886
2.18959498405,0.686868667603,1.31626021862,1.47850584984,0.162245631218
2.22132825851,0.686868667603,1.28585875034,1.42084991932,0.134991168976
2.25306153297,0.686868667603,1.25416254997,1.36093115807,0.106768608093
2.28479480743,0.686868667603,1.2212035656,1.29898834229,0.0777847766876
2.31652784348,0.686868667603,1.18701517582,1.23528242111,0.0482672452927
2.34826135635,0.686868667603,1.15163099766,1.17009210587,0.0184611082077
2.3799943924,0.686868667603,1.11508774757,1.10371601582,0.0113717317581
2.41172790527,0.686868667603,1.07742118835,1.03646504879,0.0409561395645
2.44346094131,0.686868667603,1.03867030144,0.96866863966,0.0700016617775
2.47519421577,0.686868667603,0.9988732934,0.900667369366,0.0982059240341
2.50692749023,0.686868667603,0.958070456982,0.832813858986,0.125256597996
2.53866076469,0.686868667603,0.916302919388,0.765464007854,0.150838911533
2.57039403915,0.686868667603,0.873612821102,0.698967218399,0.174645602703
2.60212731361,0.686868667603,0.830043077469,0.633652746677,0.196390330791
2.63386058807,0.686868667603,0.785637438297,0.569813251495,0.215824186802
2.66559386253,0.686868667603,0.740440785885,0.507691144943,0.232749640942
2.69732713699,0.686868667603,0.694498598576,0.44746786356,0.247030735016
2.72906041145,0.686868667603,0.647857129574,0.389259666204,0.258597463369
2.76079368591,0.686868667603,0.60056322813,0.333118855953,0.267444372177
2.79252696037,0.686868667603,0.55266469717,0.279039680958,0.273625016212
2.82426023483,0.686868667603,0.504209637642,0.226968318224,0.277241319418
2.85599327087,0.686868667603,0.45524725318,0.176814049482,0.278433203697
2.88772678375,0.686868667603,0.405825704336,0.128458663821,0.277367055416
2.91945981979,0.686868667603,0.355996310711,0.0817706733942,0.274225652218
2.95119309425,0.686868667603,0.305808067322,0.0366106517613,0.269197404385
2.98292636871,0.686868667603,0.255311906338,-0.0071563674137,0.262468278408
3.01465964317,0.686868667603,0.204558685422,-0.0496537536383,0.25421243906
3.04639291763,0.686868667603,0.153599485755,-0.0909848958254,0.24458438158
3.07812619209,0.686868667603,0.102485612035,-0.131229013205,0.233714625239
3.10985946655,0.686868667603,0.0512685477734,-0.170436143875,0.221704691648
3.14159274101,0.686868667603,-1.41265076081e-07,-0.208625718951,0.208625584841
0,0.696969687939,0,-0.16260060668,0.16260060668
0.0317332595587,0.696969687939,0.0513621196151,-0.118444144726,0.169806271791
0.0634665191174,0.696969687939,0.102672532201,-0.0737698301673,0.176442354918
0.095199778676,0.696969687939,0.15387955308,-0.0286590158939,0.182538568974
0.126933038235,0.696969687939,0.204931631684,0.0168372504413,0.188094377518
0.158666297793,0.696969687939,0.255777359009,0.0626959502697,0.193081408739
0.190399557352,0.696969687939,0.306365549564,0.108920022845,0.197445526719
0.222132816911,0.696969687939,0.356645256281,0.155535802245,0.201109454036
0.253866076469,0.696969687939,0.40656581521,0.202593907714,0.203971907496
0.285599350929,0.696969687939,0.456077098846,0.250164151192,0.205912947655
0.317332595587,0.696969687939,0.505129039288,0.298334509134,0.206794530153
0.349065840244,0.696969687939,0.553672373295,0.347205907106,0.206466466188
0.380799114704,0.696969687939,0.60165822506,0.396885603666,0.204772621393
0.412532389164,0.696969687939,0.649038314819,0.447478055954,0.201560258865
0.444265633821,0.696969687939,0.695764780045,0.499074965715,0.196689814329
0.475998878479,0.696969687939,0.74179071188,0.551745772362,0.190044939518
0.507732152939,0.696969687939,0.787069737911,0.605526924133,0.181542813778
0.539465427399,0.696969687939,0.831556260586,0.660417199135,0.171139061451
0.571198701859,0.696969687939,0.875205457211,0.716371715069,0.158833742142
0.602931916714,0.696969687939,0.917973399162,0.773303568363,0.144669830799
0.634665191174,0.696969687939,0.959817051888,0.831084311008,0.128732740879
0.666398465633,0.696969687939,1.00069415569,0.889549732208,0.111144423485
0.698131680489,0.696969687939,1.04056358337,0.948506653309,0.0920569300652
0.729864954948,0.696969687939,1.07938539982,1.00773882866,0.0716465711594
0.761598229408,0.696969687939,1.11712050438,1.06701421738,0.0501062870026
0.793331503868,0.696969687939,1.15373051167,1.12609100342,0.0276395082474
0.825064778328,0.696969687939,1.18917894363,1.18472218513,0.00445675849915
0.856797993183,0.696969687939,1.22342991829,1.24266040325,0.0192304849625
0.888531267643,0.696969687939,1.25644898415,1.29966175556,0.0432127714157
0.920264542103,0.696969687939,1.28820288181,1.35548901558,0.0672861337662
0.951997756958,0.696969687939,1.3186596632,1.4099149704,0.0912553071976
0.983731031418,0.696969687939,1.34778881073,1.46272599697,0.114937186241
1.01546430588,0.696969687939,1.3755607605,1.51372373104,0.138162970543
1.04719758034,0.696969687939,1.40194761753,1.56272661686,0.160778999329
1.0789308548,0.696969687939,1.42692291737,1.60957384109,0.182650923729
1.11066412926,0.696969687939,1.45046138763,1.65412354469,0.203662157059
1.14239740372,0.696969687939,1.4725394249,1.69625425339,0.223714828491
1.17413055897,0.696969687939,1.4931344986,1.73586332798,0.242728829384
1.20586383343,0.696969687939,1.51222634315,1.77286684513,0.260640501976
1.23759710789,0.696969687939,1.52979540825,1.80719792843,0.27740252018
1.26933038235,0.696969687939,1.54582417011,1.83880317211,0.292979001999
1.30106365681,0.696969687939,1.56029629707,1.86764204502,0.307345747948
1.33279693127,0.696969687939,1.57319748402,1.89368510246,0.320487618446
1.36453020573,0.696969687939,1.58451449871,1.91690993309,0.33239543438
1.39626336098,0.696969687939,1.59423601627,1.93730032444,0.343064308167
1.42799663544,0.696969687939,1.60235238075,1.95484519005,0.352492809296
1.4597299099,0.696969687939,1.6088552475,1.9695340395,0.360678792
1.49146318436,0.696969687939,1.61373817921,1.98135840893,0.367620229721
1.52319645882,0.696969687939,1.61699616909,1.99030995369,0.373313784599
1.55492973328,0.696969687939,1.6186259985,1.99637758732,0.377751588821
1.58666300774,0.696969687939,1.6186259985,1.99954926968,0.380923271179
1.6183962822,0.696969687939,1.61699616909,1.99980950356,0.382813334465
1.65012955666,0.696969687939,1.61373817921,1.99714112282,0.383402943611
1.68186283112,0.696969687939,1.6088552475,1.99152243137,0.382667183876
1.71359610558,0.696969687939,1.60235238075,1.98292946815,0.380577087402
1.74532938004,0.696969687939,1.59423601627,1.97133660316,0.377100586891
1.77706253529,0.696969687939,1.58451449871,1.95671570301,0.3722012043
1.80879580975,0.696969687939,1.57319748402,1.93903779984,0.365840315819
1.84052908421,0.696969687939,1.56029629707,1.91827535629,0.357979059219
1.87226235867,0.696969687939,1.54582417011,1.89440226555,0.348578095436
1.90399563313,0.696969687939,1.52979528904,1.86739706993,0.337601780891
1.93572890759,0.696969687939,1.51222634315,1.83724462986,0.325018286705
1.96746218204,0.696969687939,1.4931344986,1.80393958092,0.310805082321
1.9991953373,0.696969687939,1.47253930569,1.76748895645,0.294949650764
2.03092861176,0.696969687939,1.45046138763,1.72791492939,0.277453541756
2.06266188622,0.696969687939,1.42692291737,1.68525958061,0.258336663246
2.09439516068,0.696969687939,1.40194761753,1.6395868063,0.237639188766
2.12612843513,0.696969687939,1.37556064129,1.59098494053,0.21542429924
2.15786170959,0.696969687939,1.34778869152,1.53956973553,0.191781044006
2.18959498405,0.696969687939,1.3186596632,1.48548531532,0.166825652122
2.22132825851,0.696969687939,1.2882027626,1.42890310287,0.140700340271
2.25306153297,0.696969687939,1.25644874573,1.37002193928,0.11357319355
2.28479480743,0.696969687939,1.22342967987,1.30906569958,0.0856360197067
2.31652784348,0.696969687939,1.18917906284,1.24628078938,0.057101726532
2.34826135635,0.696969687939,1.15373027325,1.18193256855,0.0282022953033
2.3799943924,0.696969687939,1.11712050438,1.11630690098,0.000813603401184
2.41172790527,0.696969687939,1.07938528061,1.04970300198,0.0296822786331
2.44346094131,0.696969687939,1.04056370258,0.982439756393,0.0581239461899
2.47519421577,0.696969687939,1.00069415569,0.914847433567,0.085846722126
2.50692749023,0.696969687939,0.959816932678,0.84727114439,0.112545788288
2.53866076469,0.696969687939,0.917973279953,0.780061841011,0.137911438942
2.57039403915,0.696969687939,0.875205338001,0.713569104671,0.16163623333
2.60212731361,0.696969687939,0.831556200981,0.648125529289,0.183430671692
2.63386058807,0.696969687939,0.787069618702,0.58403301239,0.203036606312
2.66559386253,0.696969687939,0.74179059267,0.521546781063,0.220243811607
2.69732713699,0.696969687939,0.695764601231,0.460863858461,0.234900742769
2.72906041145,0.696969687939,0.649038076401,0.402116328478,0.246921747923
2.76079368591,0.696969687939,0.601657986641,0.345371216536,0.256286770105
2.79252696037,0.696969687939,0.553672134876,0.290636003017,0.263036131859
2.82426023483,0.696969687939,0.505128800869,0.237868100405,0.267260700464
2.85599327087,0.696969687939,0.456077128649,0.18698528409,0.269091844559
2.88772678375,0.696969687939,0.406565487385,0.137875139713,0.268690347672
2.91945981979,0.696969687939,0.356645286083,0.0904124826193,0.266232788563
2.95119309425,0.696969687939,0.306365549564,0.0444614887238,0.261904060841
2.98292636871,0.696969687939,0.255777329206,-0.00010842923075,0.255885750055
3.01465964317,0.696969687939,0.204931586981,-0.0434167869389,0.248348370194
3.04639291763,0.696969687939,0.153879493475,-0.0855635404587,0.239443033934
3.07812619209,0.696969687939,0.102672435343,-0.126623734832,0.229296177626
3.10985946655,0.696969687939,0.0513620041311,-0.16664275527,0.218004763126
3.14159274101,0.696969687939,-1.4152259098e-07,-0.205634430051,0.20563429594
0,0.707070708275,0,-0.161479309201,0.161479309201
0.0317332595587,0.707070708275,0.05145425722,-0.116409346461,0.167863607407
0.0634665191174,0.707070708275,0.102856710553,-0.0708089694381,0.173665672541
0.095199778676,0.707070708275,0.15415558219,-0.0247682631016,0.178923845291
0.126933038235,0.707070708275,0.205299243331,0.0216533876956,0.183645859361
0.158666297793,0.707070708275,0.256236165762,0.0684273093939,0.187808856368
0.190399557352,0.707070708275,0.306915104389,0.115553043783,0.191362053156
0.222132816911,0.707070708275,0.357285022736,0.163054659963,0.194230362773
0.253866076469,0.707070708275,0.407295137644,0.210980564356,0.196314573288
0.285599350929,0.707070708275,0.456895232201,0.25940027833,0.197494953871
0.317332595587,0.707070708275,0.506035149097,0.308400571346,0.197634577751
0.349065840244,0.707070708275,0.554665565491,0.358081370592,0.196584194899
0.380799114704,0.707070708275,0.602737545967,0.408546864986,0.194190680981
0.412532389164,0.707070708275,0.650202572346,0.459897458553,0.190305113792
0.444265633821,0.707070708275,0.697012841702,0.512217640877,0.184795200825
0.475998878479,0.707070708275,0.743121385574,0.565567374229,0.177554011345
0.507732152939,0.707070708275,0.788481652737,0.619972527027,0.16850912571
0.539465427399,0.707070708275,0.833047986031,0.675418615341,0.157629370689
0.571198701859,0.707070708275,0.876775443554,0.73184722662,0.144928216934
0.602931916714,0.707070708275,0.919620096684,0.789159595966,0.130460500717
0.634665191174,0.707070708275,0.961538791656,0.847214579582,0.114324212074
0.666398465633,0.707070708275,1.00248920918,0.905838668346,0.0966505408287
0.698131680489,0.707070708275,1.04243028164,0.96483206749,0.0775982141495
0.729864954948,0.707070708275,1.08132171631,1.0239739418,0.0573477745056
0.761598229408,0.707070708275,1.11912441254,1.08303141594,0.0360929965973
0.793331503868,0.707070708275,1.15580010414,1.1417632103,0.0140368938446
0.825064778328,0.707070708275,1.19131207466,1.19992661476,0.0086145401001
0.856797993183,0.707070708275,1.22562456131,1.25728023052,0.0316556692123
0.888531267643,0.707070708275,1.25870287418,1.31358838081,0.0548855066299
0.920264542103,0.707070708275,1.29051375389,1.36862421036,0.0781104564667
0.951997756958,0.707070708275,1.32102513313,1.42217171192,0.101146578789
0.983731031418,0.707070708275,1.35020649433,1.47402989864,0.123823404312
1.01546430588,0.707070708275,1.37802827358,1.52401459217,0.145986318588
1.04719758034,0.707070708275,1.40446257591,1.57195878029,0.167496204376
1.0789308548,0.707070708275,1.42948269844,1.61771583557,0.188233137131
1.11066412926,0.707070708275,1.4530633688,1.66115868092,0.208095312119
1.14239740372,0.707070708275,1.47518086433,1.70217883587,0.226997971535
1.17413055897,0.707070708275,1.49581301212,1.74068689346,0.24487388134
1.20586383343,0.707070708275,1.51493895054,1.77661120892,0.261672258377
1.23759710789,0.707070708275,1.53253960609,1.80989539623,0.277355790138
1.26933038235,0.707070708275,1.5485970974,1.84049546719,0.291898369789
1.30106365681,0.707070708275,1.56309521198,1.86838006973,0.30528485775
1.33279693127,0.707070708275,1.57601952553,1.8935251236,0.317505598068
1.36453020573,0.707070708275,1.58735692501,1.91591608524,0.328559160233
1.39626336098,0.707070708275,1.59709584713,1.93554115295,0.338445305824
1.42799663544,0.707070708275,1.60522675514,1.9523935318,0.347166776657
1.4597299099,0.707070708275,1.61174118519,1.96646714211,0.354725956917
1.49146318436,0.707070708275,1.61663293839,1.97775638103,0.36112344265
1.52319645882,0.707070708275,1.61989676952,1.98625576496,0.366358995438
1.55492973328,0.707070708275,1.62152945995,1.99195659161,0.370427131653
1.58666300774,0.707070708275,1.62152945995,1.99484932423,0.373319864273
1.6183962822,0.707070708275,1.61989676952,1.99492037296,0.375023603439
1.65012955666,0.707070708275,1.61663293839,1.99215364456,0.375520706177
1.68186283112,0.707070708275,1.61174118519,1.9865295887,0.374788403511
1.71359610558,0.707070708275,1.60522675514,1.97802650928,0.372799754143
1.74532938004,0.707070708275,1.59709584713,1.96661806107,0.369522213936
1.77706253529,0.707070708275,1.58735692501,1.95227777958,0.364920854568
1.80879580975,0.707070708275,1.57601952553,1.93497645855,0.358956933022
1.84052908421,0.707070708275,1.56309521198,1.91468572617,0.351590514183
1.87226235867,0.707070708275,1.5485970974,1.89137804508,0.342780947685
1.90399563313,0.707070708275,1.53253960609,1.86502945423,0.332489848137
1.93572890759,0.707070708275,1.51493895054,1.83562099934,0.320682048798
1.96746218204,0.707070708275,1.49581301212,1.80314147472,0.307328462601
1.9991953373,0.707070708275,1.47518074512,1.76759171486,0.292410969734
2.03092861176,0.707070708275,1.45306324959,1.7289853096,0.275922060013
2.06266188622,0.707070708275,1.42948257923,1.6873537302,0.25787115097
2.09439516068,0.707070708275,1.40446257591,1.64274907112,0.238286495209
2.12612843513,0.707070708275,1.37802827358,1.59524667263,0.217218399048
2.15786170959,0.707070708275,1.35020649433,1.544947505,0.194741010666
2.18959498405,0.707070708275,1.32102513313,1.49197971821,0.170954585075
2.22132825851,0.707070708275,1.29051363468,1.43649947643,0.145985841751
2.25306153297,0.707070708275,1.25870263577,1.37868952751,0.119986891747
2.28479480743,0.707070708275,1.22562432289,1.31875836849,0.0931340456009
2.31652784348,0.707070708275,1.19131219387,1.25693786144,0.065625667572
2.34826135635,0.707070708275,1.15579998493,1.19347929955,0.0376793146133
2.3799943924,0.707070708275,1.11912441254,1.1286560297,0.00953161716461
2.41172790527,0.707070708275,1.08132147789,1.06275463104,0.0185668468475
2.44346094131,0.707070708275,1.04243040085,0.996082365513,0.0463480353355
2.47519421577,0.707070708275,1.00248920918,0.928959906101,0.0735293030739
2.50692749023,0.707070708275,0.961538732052,0.861722588539,0.0998161435127
2.53866076469,0.707070708275,0.919619977474,0.794716119766,0.124903857708
2.57039403915,0.707070708275,0.876775324345,0.728287100792,0.148488223553
2.60212731361,0.707070708275,0.833047866821,0.662771224976,0.170276641846
2.63386058807,0.707070708275,0.788481473923,0.5984775424,0.190003931522
2.66559386253,0.707070708275,0.743121266365,0.535673081875,0.20744818449
2.69732713699,0.707070708275,0.697012722492,0.474569499493,0.222443223
2.72906041145,0.707070708275,0.650202393532,0.415315061808,0.234887331724
2.76079368591,0.707070708275,0.602737307549,0.357992380857,0.244744926691
2.79252696037,0.707070708275,0.554665327072,0.302622795105,0.252042531967
2.82426023483,0.707070708275,0.506034910679,0.249174997211,0.256859898567
2.85599327087,0.707070708275,0.456895262003,0.197576016188,0.259319245815
2.88772678375,0.707070708275,0.407294809818,0.147720843554,0.259573966265
2.91945981979,0.707070708275,0.357285052538,0.0994901806116,0.257794857025
2.95119309425,0.707070708275,0.306915104389,0.0527524016798,0.254162698984
2.98292636871,0.707070708275,0.256236165762,0.00738126179203,0.248854905367
3.01465964317,0.707070708275,0.205299198627,-0.0367386713624,0.242037862539
3.04639291763,0.707070708275,0.154155522585,-0.0797035396099,0.233859062195
3.07812619209,0.707070708275,0.102856613696,-0.121583759785,0.22444036603
3.10985946655,0.707070708275,0.051454141736,-0.162420377135,0.213874518871
3.14159274101,0.707070708275,-1.41776453688e-07,-0.202222511172,0.202222362161
0,0.717171728611,0,-0.160025134683,0.160025134683
0.0317332595587,0.717171728611,0.0515449717641,-0.11403144896,0.165576428175
0.0634665191174,0.717171728611,0.103038050234,-0.0674954503775,0.170533508062
0.095199778676,0.717171728611,0.154427364469,-0.0205167867243,0.174944147468
0.126933038235,0.717171728611,0.205661192536,0.0268372111022,0.178823977709
0.158666297793,0.717171728611,0.256687909365,0.0745327398181,0.182155162096
0.190399557352,0.717171728611,0.307456195354,0.122564040124,0.184892147779
0.222132816911,0.717171728611,0.357914924622,0.170952826738,0.186962097883
0.253866076469,0.717171728611,0.408013194799,0.219745978713,0.188267216086
0.285599350929,0.717171728611,0.45770072937,0.269012123346,0.188688606024
0.317332595587,0.717171728611,0.50692731142,0.318836957216,0.188090354204
0.349065840244,0.717171728611,0.555643439293,0.369318634272,0.186324805021
0.380799114704,0.717171728611,0.603800177574,0.420558661222,0.183241516352
0.412532389164,0.717171728611,0.651348888874,0.472651332617,0.178697556257
0.444265633821,0.717171728611,0.698241710663,0.5256742239,0.172567486763
0.475998878479,0.717171728611,0.744431495667,0.579677760601,0.164753735065
0.507732152939,0.717171728611,0.789871752262,0.634675681591,0.155196070671
0.539465427399,0.717171728611,0.834516644478,0.690640449524,0.143876194954
0.571198701859,0.717171728611,0.878321170807,0.747501254082,0.130819916725
0.602931916714,0.717171728611,0.921241402626,0.805145561695,0.116095840931
0.634665191174,0.717171728611,0.963234007359,0.863422393799,0.0998116135597
0.666398465633,0.717171728611,1.0042566061,0.92215025425,0.0821063518524
0.698131680489,0.717171728611,1.04426801205,0.981121957302,0.0631460547447
0.729864954948,0.717171728611,1.08322811127,1.04011523724,0.0431128740311
0.761598229408,0.717171728611,1.12109744549,1.09889614582,0.0222012996674
0.793331503868,0.717171728611,1.15783774853,1.15722632408,0.000611424446106
0.825064778328,0.717171728611,1.19341242313,1.21486783028,0.0214554071426
0.856797993183,0.717171728611,1.22778534889,1.27158641815,0.0438010692596
0.888531267643,0.717171728611,1.26092195511,1.32715511322,0.0662331581116
0.920264542103,0.717171728611,1.29278886318,1.38135707378,0.0885682106018
0.951997756958,0.717171728611,1.32335412502,1.43398952484,0.110635399818
0.983731031418,0.717171728611,1.35258698463,1.48486411572,0.132277131081
1.01546430588,0.717171728611,1.3804577589,1.53381025791,0.153352499008
1.04719758034,0.717171728611,1.40693855286,1.58067560196,0.173737049103
1.0789308548,0.717171728611,1.43200278282,1.62532770634,0.193324923515
1.11066412926,0.717171728611,1.45562505722,1.66765284538,0.212027788162
1.14239740372,0.717171728611,1.4777816534,1.70755636692,0.229774713516
1.17413055897,0.717171728611,1.49845016003,1.7449618578,0.246511697769
1.20586383343,0.717171728611,1.51760983467,1.77980744839,0.262197613716
1.23759710789,0.717171728611,1.53524148464,1.81204748154,0.276805996895
1.26933038235,0.717171728611,1.55132722855,1.84164714813,0.290319919586
1.30106365681,0.717171728611,1.56585097313,1.86858224869,0.302731275558
1.33279693127,0.717171728611,1.57879805565,1.89283657074,0.314038515091
1.36453020573,0.717171728611,1.59015536308,1.91439974308,0.324244379997
1.39626336098,0.717171728611,1.59991157055,1.93326628208,0.333354711533
1.42799663544,0.717171728611,1.60805678368,1.94943261147,0.341375827789
1.4597299099,0.717171728611,1.61458277702,1.96289670467,0.34831392765
1.49146318436,0.717171728611,1.61948311329,1.97365581989,0.354172706604
1.52319645882,0.717171728611,1.62275266647,1.98170685768,0.358954191208
1.55492973328,0.717171728611,1.62438821793,1.9870442152,0.362655997276
1.58666300774,0.717171728611,1.62438821793,1.98965954781,0.36527132988
1.6183962822,0.717171728611,1.62275266647,1.98954212666,0.366789460182
1.65012955666,0.717171728611,1.61948311329,1.98667740822,0.36719429493
1.68186283112,0.717171728611,1.61458277702,1.98104727268,0.366464495659
1.71359610558,0.717171728611,1.60805678368,1.97263062,0.364573836327
1.74532938004,0.717171728611,1.59991157055,1.96140360832,0.361492037773
1.77706253529,0.717171728611,1.59015536308,1.94733965397,0.357184290886
1.80879580975,0.717171728611,1.57879805565,1.93040990829,0.351611852646
1.84052908421,0.717171728611,1.56585097313,1.91058528423,0.344734311104
1.87226235867,0.717171728611,1.55132722855,1.88783717155,0.336509943008
1.90399563313,0.717171728611,1.53524148464,1.8621391058,0.326897621155
1.93572890759,0.717171728611,1.51760983467,1.83346879482,0.315858960152
1.96746218204,0.717171728611,1.49845016003,1.80181086063,0.303360700607
1.9991953373,0.717171728611,1.47778153419,1.76715898514,0.289377450943
2.03092861176,0.717171728611,1.45562505722,1.72951960564,0.273894548416
2.06266188622,0.717171728611,1.43200278282,1.68891394138,0.256911158562
2.09439516068,0.717171728611,1.40693855286,1.64538359642,0.238445043564
2.12612843513,0.717171728611,1.38045763969,1.59899055958,0.218532919884
2.15786170959,0.717171728611,1.35258686543,1.54982197285,0.197235107422
2.18959498405,0.717171728611,1.32335412502,1.49799108505,0.17463696003
2.22132825851,0.717171728611,1.29278886318,1.44363760948,0.1508487463
2.25306153297,0.717171728611,1.26092171669,1.38692939281,0.126007676125
2.28479480743,0.717171728611,1.22778511047,1.32805895805,0.10027384758
2.31652784348,0.717171728611,1.19341254234,1.26724386215,0.073831319809
2.34826135635,0.717171728611,1.15783762932,1.20472037792,0.0468827486038
2.3799943924,0.717171728611,1.12109744549,1.14074921608,0.0196517705917
2.41172790527,0.717171728611,1.08322787285,1.07560324669,0.00762462615967
2.44346094131,0.717171728611,1.04426813126,1.00957942009,0.0346887111664
2.47519421577,0.717171728611,1.0042566061,0.942985355854,0.061271250248
2.50692749023,0.717171728611,0.963233888149,0.876148462296,0.0870854258537
2.53866076469,0.717171728611,0.921241283417,0.809406161308,0.111835122108
2.57039403915,0.717171728611,0.878321111202,0.743101835251,0.135219275951
2.60212731361,0.717171728611,0.834516525269,0.677571415901,0.156945109367
2.63386058807,0.717171728611,0.789871573448,0.613129794598,0.176741778851
2.66559386253,0.717171728611,0.744431376457,0.550054907799,0.194376468658
2.69732713699,0.717171728611,0.698241531849,0.488572269678,0.209669262171
2.72906041145,0.717171728611,0.65134871006,0.428845763206,0.222502946854
2.76079368591,0.717171728611,0.603799939156,0.370974212885,0.232825726271
2.79252696037,0.717171728611,0.555643260479,0.314993202686,0.240650057793
2.82426023483,0.717171728611,0.506927013397,0.260884225368,0.246042788029
2.85599327087,0.717171728611,0.457700788975,0.2085839957,0.249116793275
2.88772678375,0.717171728611,0.408012866974,0.157995194197,0.250017672777
2.91945981979,0.717171728611,0.357914924622,0.109004452825,0.248910471797
2.95119309425,0.717171728611,0.307456195354,0.0614859424531,0.245970249176
2.98292636871,0.717171728611,0.256687909365,0.0153170395643,0.241370871663
3.01465964317,0.717171728611,0.205661147833,-0.0296132303774,0.235274374485
3.04639291763,0.717171728611,0.154427304864,-0.0733971968293,0.227824509144
3.07812619209,0.717171728611,0.103037953377,-0.116100728512,0.219138681889
3.10985946655,0.717171728611,0.0515448562801,-0.157759994268,0.209304854274
3.14159274101,0.717171728611,-1.42026408412e-07,-0.198378250003,0.198378100991
0,0.727272748947,0,-0.158223897219,0.158223897219
0.0317332595587,0.727272748947,0.0516341552138,-0.111297160387,0.162931323051
0.0634665191174,0.727272748947,0.103216327727,-0.0638169273734,0.1670332551
0.095199778676,0.727272748947,0.15469455719,-0.0158927328885,0.170587286353
0.126933038235,0.727272748947,0.206017032266,0.0324001535773,0.173616886139
0.158666297793,0.727272748947,0.257132053375,0.0810210332274,0.176111012697
0.190399557352,0.727272748947,0.307988166809,0.129960045218,0.178028121591
0.222132816911,0.727272748947,0.358534187078,0.179236203432,0.179297983646
0.253866076469,0.727272748947,0.408719182014,0.228894755244,0.17982442677
0.285599350929,0.727272748947,0.458492666483,0.279002398252,0.17949026823
0.317332595587,0.727272748947,0.507804393768,0.329644531012,0.178159862757
0.349065840244,0.727272748947,0.556604802608,0.380917161703,0.175687640905
0.380799114704,0.727272748947,0.604844868183,0.432917326689,0.171927541494
0.412532389164,0.727272748947,0.652475893497,0.485734164715,0.166741728783
0.444265633821,0.727272748947,0.699449837208,0.539436876774,0.160012960434
0.475998878479,0.727272748947,0.74571955204,0.594065606594,0.151653945446
0.507732152939,0.727272748947,0.791238427162,0.649621903896,0.141616523266
0.539465427399,0.727272748947,0.835960566998,0.706065893173,0.129894673824
0.571198701859,0.727272748947,0.879840910435,0.763312935829,0.116527974606
0.602931916714,0.727272748947,0.922835350037,0.82123953104,0.101595818996
0.634665191174,0.727272748947,0.964900612831,0.879684448242,0.0852161645889
0.666398465633,0.727272748947,1.00599420071,0.938458740711,0.0675354599953
0.698131680489,0.727272748947,1.04607486725,0.997350692749,0.0487241744995
0.729864954948,0.727272748947,1.08510231972,1.05613672733,0.0289655923843
0.761598229408,0.727272748947,1.12303721905,1.11458325386,0.00845396518707
0.793331503868,0.727272748947,1.15984117985,1.17245590687,0.0126147270203
0.825064778328,0.727272748947,1.19547736645,1.2295229435,0.0340455770493
0.856797993183,0.727272748947,1.22990965843,1.28555691242,0.0556472539902
0.888531267643,0.727272748947,1.26310372353,1.34034132957,0.0772376060486
0.920264542103,0.727272748947,1.29502570629,1.39367103577,0.0986453294754
0.951997756958,0.727272748947,1.32564389706,1.44535374641,0.119709849358
0.983731031418,0.727272748947,1.35492730141,1.49521636963,0.140289068222
1.01546430588,0.727272748947,1.38284635544,1.54310083389,0.160254478455
1.04719758034,0.727272748947,1.40937292576,1.58887004852,0.179497122765
1.0789308548,0.727272748947,1.4344805479,1.63240432739,0.197923779488
1.11066412926,0.727272748947,1.45814371109,1.67360424995,0.215460538864
1.14239740372,0.727272748947,1.48033857346,1.71238732338,0.232048749924
1.17413055897,0.727272748947,1.50104284286,1.74868893623,0.247646093369
1.20586383343,0.727272748947,1.52023565769,1.78245830536,0.262222647667
1.23759710789,0.727272748947,1.53789782524,1.81365859509,0.275760769844
1.26933038235,0.727272748947,1.55401146412,1.84226357937,0.28825211525
1.30106365681,0.727272748947,1.56856036186,1.86825633049,0.299695968628
1.33279693127,0.727272748947,1.58152985573,1.89162683487,0.310096979141
1.36453020573,0.727272748947,1.59290671349,1.91237068176,0.319463968277
1.39626336098,0.727272748947,1.60267972946,1.93048584461,0.32780611515
1.42799663544,0.727272748947,1.61083912849,1.94597351551,0.335134387016
1.4597299099,0.727272748947,1.61737632751,1.9588342905,0.34145796299
1.49146318436,0.727272748947,1.62228524685,1.96906900406,0.34678375721
1.52319645882,0.727272748947,1.62556040287,1.97667694092,0.351116538048
1.55492973328,0.727272748947,1.62719881535,1.98165428638,0.354455471039
1.58666300774,0.727272748947,1.62719881535,1.98399555683,0.356796741486
1.6183962822,0.727272748947,1.62556040287,1.98369109631,0.358130693436
1.65012955666,0.727272748947,1.62228524685,1.98072862625,0.358443379402
1.68186283112,0.727272748947,1.61737632751,1.9750919342,0.357715606689
1.71359610558,0.727272748947,1.61083912849,1.96676027775,0.355921149254
1.74532938004,0.727272748947,1.60267972946,1.95571184158,0.353032112122
1.77706253529,0.727272748947,1.59290671349,1.94192004204,0.349013328552
1.80879580975,0.727272748947,1.58152985573,1.92535722256,0.343827366829
1.84052908421,0.727272748947,1.56856036186,1.90599310398,0.337432742119
1.87226235867,0.727272748947,1.55401146412,1.88379836082,0.329786896706
1.90399563313,0.727272748947,1.53789782524,1.8587448597,0.320847034454
1.93572890759,0.727272748947,1.52023565769,1.83080685139,0.310571193695
1.96746218204,0.727272748947,1.50104284286,1.79996478558,0.298921942711
1.9991953373,0.727272748947,1.48033845425,1.76620721817,0.285868763924
2.03092861176,0.727272748947,1.45814359188,1.72953248024,0.271388888359
2.06266188622,0.727272748947,1.4344804287,1.6899535656,0.255473136902
2.09439516068,0.727272748947,1.40937292576,1.64750087261,0.238127946854
2.12612843513,0.727272748947,1.38284623623,1.60222494602,0.219378709793
2.15786170959,0.727272748947,1.3549271822,1.55419909954,0.199271917343
2.18959498405,0.727272748947,1.32564389706,1.50352156162,0.177877664566
2.22132825851,0.727272748947,1.29502570629,1.45031785965,0.155292153358
2.25306153297,0.727272748947,1.26310348511,1.39473879337,0.131635308266
2.28479480743,0.727272748947,1.22990953922,1.33696222305,0.10705268383
2.31652784348,0.727272748947,1.19547736645,1.27718997002,0.081712603569
2.34826135635,0.727272748947,1.15984094143,1.21564471722,0.0558037757874
2.3799943924,0.727272748947,1.12303721905,1.15257203579,0.0295348167419
2.41172790527,0.727272748947,1.0851020813,1.08823382854,0.00313174724579
2.44346094131,0.727272748947,1.04607498646,1.02291250229,0.023162484169
2.47519421577,0.727272748947,1.00599420071,0.956905305386,0.0490888953209
2.50692749023,0.727272748947,0.964900553226,0.890528619289,0.0743719339371
2.53866076469,0.727272748947,0.922835290432,0.824111878872,0.0987234115601
2.57039403915,0.727272748947,0.879840791225,0.75799280405,0.121847987175
2.60212731361,0.727272748947,0.835960447788,0.692506730556,0.143453717232
2.63386058807,0.727272748947,0.791238248348,0.62797254324,0.163265705109
2.66559386253,0.727272748947,0.745719432831,0.564676821232,0.181042611599
2.69732713699,0.727272748947,0.699449717999,0.502858519554,0.196591198444
2.72906041145,0.727272748947,0.652475714684,0.442697167397,0.209778547287
2.76079368591,0.727272748947,0.604844629765,0.3843075037,0.220537126064
2.79252696037,0.727272748947,0.556604623795,0.32774066925,0.228863954544
2.82426023483,0.727272748947,0.50780415535,0.272990912199,0.234813243151
2.85599327087,0.727272748947,0.458492726088,0.220005556941,0.238487169147
2.88772678375,0.727272748947,0.408718824387,0.168696343899,0.240022480488
2.91945981979,0.727272748947,0.358534216881,0.118955790997,0.239578425884
2.95119309425,0.727272748947,0.307988166809,0.0706635266542,0.237324640155
2.98292636871,0.727272748947,0.257132023573,0.0237021837384,0.233429834247
3.01465964317,0.727272748947,0.206016987562,-0.0220357812941,0.228052765131
3.04639291763,0.727272748947,0.154694497585,-0.0666382312775,0.221332728863
3.07812619209,0.727272748947,0.103216230869,-0.110166549683,0.213382780552
3.10985946655,0.727272748947,0.0516340397298,-0.15265160799,0.204285651445
3.14159274101,0.727272748947,-1.42272156722e-07,-0.194091722369,0.194091573358
0,0.737373709679,0,-0.15606033802,0.15606033802
0.0317332595587,0.737373709679,0.0517216846347,-0.108192771673,0.159914463758
0.0634665191174,0.737373709679,0.103391304612,-0.0597605891526,0.163151890039
0.095199778676,0.737373709679,0.154956787825,-0.0108844777569,0.165841266513
0.126933038235,0.737373709679,0.206366270781,0.0383518598974,0.168014407158
0.158666297793,0.737373709679,0.257567942142,0.0879010111094,0.169666931033
0.190399557352,0.737373709679,0.308510273695,0.137748450041,0.170761823654
0.222132816911,0.737373709679,0.359141975641,0.187910333276,0.171231642365
0.253866076469,0.737373709679,0.409412026405,0.238430142403,0.170981884003
0.285599350929,0.737373709679,0.459269881248,0.289373070002,0.169896811247
0.317332595587,0.737373709679,0.508665204048,0.340823322535,0.167841881514
0.349065840244,0.737373709679,0.557548344135,0.392873883247,0.164674460888
0.380799114704,0.737373709679,0.605870187283,0.445617675781,0.160252511501
0.412532389164,0.737373709679,0.653581917286,0.49913790822,0.154444009066
0.444265633821,0.737373709679,0.700635552406,0.553494691849,0.147140860558
0.475998878479,0.737373709679,0.746983706951,0.608717441559,0.138266265392
0.507732152939,0.737373709679,0.792579710484,0.66479575634,0.127783954144
0.539465427399,0.737373709679,0.837377667427,0.721675753593,0.115701913834
0.571198701859,0.737373709679,0.881332397461,0.779261887074,0.102070510387
0.602931916714,0.737373709679,0.924399733543,0.837418556213,0.08698117733
0.634665191174,0.737373709679,0.966536343098,0.895976006985,0.070560336113
0.666398465633,0.737373709679,1.0076996088,0.954738795757,0.0529608130455
0.698131680489,0.737373709679,1.04784822464,1.01349234581,0.03435587883
0.729864954948,0.737373709679,1.08694171906,1.07201194763,0.0149297714233
0.761598229408,0.737373709679,1.1249409914,1.13006722927,0.00512623786926
0.793331503868,0.737373709679,1.16180729866,1.18742799759,0.0256206989288
0.825064778328,0.737373709679,1.19750380516,1.24386870861,0.04636490345
0.856797993183,0.737373709679,1.23199462891,1.29917132854,0.0671766996384
0.888531267643,0.737373709679,1.26524484158,1.3531293869,0.0878845453262
0.920264542103,0.737373709679,1.29722106457,1.40554881096,0.108327746391
0.951997756958,0.737373709679,1.32789111137,1.45625114441,0.128360033035
0.983731031418,0.737373709679,1.35722410679,1.50507521629,0.147851109505
1.01546430588,0.737373709679,1.38519048691,1.55187821388,0.166687726974
1.04719758034,0.737373709679,1.41176211834,1.59653580189,0.184773683548
1.0789308548,0.737373709679,1.4369122982,1.63894236088,0.202030062675
1.11066412926,0.737373709679,1.46061551571,1.67901086807,0.218395352364
1.14239740372,0.737373709679,1.48284804821,1.71667194366,0.233823895454
1.17413055897,0.737373709679,1.50358736515,1.75187075138,0.24828338623
1.20586383343,0.737373709679,1.52281272411,1.78456735611,0.261754631996
1.23759710789,0.737373709679,1.5405049324,1.81473350525,0.274228572845
1.26933038235,0.737373709679,1.556645751,1.84235095978,0.285705208778
1.30106365681,0.737373709679,1.57121932507,1.86740934849,0.296190023422
1.33279693127,0.737373709679,1.58421075344,1.88990485668,0.305694103241
1.36453020573,0.737373709679,1.59560704231,1.90983760357,0.314230561256
1.39626336098,0.737373709679,1.60539662838,1.92721033096,0.321813702583
1.42799663544,0.737373709679,1.61356973648,1.94202673435,0.328456997871
1.4597299099,0.737373709679,1.62011814117,1.95429193974,0.334173798561
1.49146318436,0.737373709679,1.62503528595,1.96400916576,0.338973879814
1.52319645882,0.737373709679,1.62831604481,1.9711792469,0.342863202095
1.55492973328,0.737373709679,1.62995731831,1.97580122948,0.345843911171
1.58666300774,0.737373709679,1.62995731831,1.97787225246,0.347914934158
1.6183962822,0.737373709679,1.62831604481,1.97738349438,0.34906744957
1.65012955666,0.737373709679,1.62503528595,1.9743244648,0.349289178848
1.68186283112,0.737373709679,1.62011814117,1.96868097782,0.348562836647
1.71359610558,0.737373709679,1.61356973648,1.96043395996,0.34686422348
1.74532938004,0.737373709679,1.60539662838,1.9495613575,0.344164729118
1.77706253529,0.737373709679,1.59560704231,1.93603861332,0.340431571007
1.80879580975,0.737373709679,1.58421075344,1.91983771324,0.335626959801
1.84052908421,0.737373709679,1.57121932507,1.90092861652,0.329709291458
1.87226235867,0.737373709679,1.556645751,1.87928152084,0.322635769844
1.90399563313,0.737373709679,1.54050481319,1.85486578941,0.314360976219
1.93572890759,0.737373709679,1.52281272411,1.82765376568,0.304841041565
1.96746218204,0.737373709679,1.50358736515,1.7976218462,0.294034481049
1.9991953373,0.737373709679,1.482847929,1.76475322247,0.281905293465
2.03092861176,0.737373709679,1.4606153965,1.72903978825,0.268424391747
2.06266188622,0.737373709679,1.43691217899,1.69048655033,0.253574371338
2.09439516068,0.737373709679,1.41176211834,1.64911341667,0.237351298332
2.12612843513,0.737373709679,1.3851903677,1.60495984554,0.219769477844
2.15786170959,0.737373709679,1.35722398758,1.55808579922,0.200861811638
2.18959498405,0.737373709679,1.32789111137,1.50857663155,0.180685520172
2.22132825851,0.737373709679,1.29722094536,1.45654118061,0.159320235252
2.25306153297,0.737373709679,1.26524460316,1.40211641788,0.136871814728
2.28479480743,0.737373709679,1.23199439049,1.34546339512,0.113469004631
2.31652784348,0.737373709679,1.19750392437,1.28676915169,0.0892652273178
2.34826135635,0.737373709679,1.16180706024,1.22624194622,0.0644348859787
2.3799943924,0.737373709679,1.1249409914,1.16411328316,0.0391722917557
2.41172790527,0.737373709679,1.08694159985,1.10063099861,0.0136893987656
2.44346094131,0.737373709679,1.04784822464,1.03606534004,0.0117828845978
2.47519421577,0.737373709679,1.0076996088,0.970701396465,0.0369982123375
2.50692749023,0.737373709679,0.966536223888,0.904843866825,0.0616923570633
2.53866076469,0.737373709679,0.924399614334,0.838813006878,0.0855866074562
2.57039403915,0.737373709679,0.881332278252,0.772940039635,0.108392238617
2.60212731361,0.737373709679,0.837377548218,0.707557439804,0.129820108414
2.63386058807,0.737373709679,0.792579591274,0.64298671484,0.149592876434
2.66559386253,0.737373709679,0.746983528137,0.57952195406,0.167461574078
2.69732713699,0.737373709679,0.700635373592,0.517413973808,0.183221399784
2.72906041145,0.737373709679,0.653581738472,0.456856995821,0.196724742651
2.76079368591,0.737373709679,0.605869948864,0.397982567549,0.207887381315
2.79252696037,0.737373709679,0.557548165321,0.340857207775,0.216690957546
2.82426023483,0.737373709679,0.50866496563,0.285488754511,0.223176211119
2.85599327087,0.737373709679,0.459269940853,0.231836691499,0.227433249354
2.88772678375,0.737373709679,0.409411668777,0.179821312428,0.22959035635
2.91945981979,0.737373709679,0.359142005444,0.129342958331,0.229799047112
2.95119309425,0.737373709679,0.308510273695,0.0802864655852,0.228223800659
2.98292636871,0.737373709679,0.25756791234,0.0325388759375,0.225029036403
3.01465964317,0.737373709679,0.206366226077,-0.0140026593581,0.220368891954
3.04639291763,0.737373709679,0.15495672822,-0.0594209842384,0.214377716184
3.07812619209,0.737373709679,0.103391207755,-0.103773914278,0.207165122032
3.10985946655,0.737373709679,0.0517215691507,-0.147086858749,0.198808431625
3.14159274101,0.737373709679,-1.42513329138e-07,-0.189352244139,0.189352095127
0,0.747474789619,0,-0.153520599008,0.153520599008
0.0317332595587,0.747474789619,0.0518074892461,-0.104704007506,0.156511500478
0.0634665191174,0.747474789619,0.103562824428,-0.0553133822978,0.158876210451
0.095199778676,0.747474789619,0.155213862658,-0.00548026058823,0.160694122314
0.126933038235,0.747474789619,0.206708624959,0.0447024293244,0.16200619936
0.158666297793,0.747474789619,0.257995247841,0.0951808616519,0.162814378738
0.190399557352,0.747474789619,0.30902209878,0.145935893059,0.163086205721
0.222132816911,0.747474789619,0.35973778367,0.196980342269,0.162757441401
0.253866076469,0.747474789619,0.410091221333,0.248355254531,0.161735966802
0.285599350929,0.747474789619,0.460031807423,0.300125002861,0.159906804562
0.317332595587,0.747474789619,0.509509086609,0.352371871471,0.157137215137
0.349065840244,0.747474789619,0.558473348618,0.40518540144,0.153287947178
0.380799114704,0.747474789619,0.606875300407,0.458654224873,0.148221075535
0.412532389164,0.747474789619,0.654666185379,0.512854278088,0.141811907291
0.444265633821,0.747474789619,0.701797842979,0.56783670187,0.133961141109
0.475998878479,0.747474789619,0.748222947121,0.623619377613,0.124603569508
0.507732152939,0.747474789619,0.793894588947,0.680179715157,0.113714873791
0.539465427399,0.747474789619,0.838766813278,0.737451374531,0.101315438747
0.571198701859,0.747474789619,0.882794499397,0.795326471329,0.0874680280685
0.602931916714,0.747474789619,0.925933301449,0.853659212589,0.0722740888596
0.634665191174,0.747474789619,0.968139767647,0.91227221489,0.0558675527573
0.666398465633,0.747474789619,1.00937128067,0.970964848995,0.038406431675
0.698131680489,0.747474789619,1.0495865345,1.02952122688,0.0200653076172
0.729864954948,0.747474789619,1.08874499798,1.08771657944,0.00102841854095
0.761598229408,0.747474789619,1.12680721283,1.14532411098,0.0185168981552
0.793331503868,0.747474789619,1.16373467445,1.20211935043,0.0383846759796
0.825064778328,0.747474789619,1.19949042797,1.2578843832,0.0583939552307
0.856797993183,0.747474789619,1.23403847218,1.31241083145,0.0783723592758
0.888531267643,0.747474789619,1.26734387875,1.36550211906,0.0981582403183
0.920264542103,0.747474789619,1.29937314987,1.41697704792,0.117603898048
0.951997756958,0.747474789619,1.33009397984,1.46666932106,0.136575341225
0.983731031418,0.747474789619,1.35947573185,1.51443207264,0.15495634079
1.01546430588,0.747474789619,1.38748848438,1.56013548374,0.172646999359
1.04719758034,0.747474789619,1.41410410404,1.60366857052,0.189564466476
1.0789308548,0.747474789619,1.43929600716,1.6449393034,0.205643296242
1.11066412926,0.747474789619,1.46303868294,1.68387317657,0.220834493637
1.14239740372,0.747474789619,1.4853079319,1.72041130066,0.235103368759
1.17413055897,0.747474789619,1.50608170033,1.75451004505,0.248428344727
1.20586383343,0.747474789619,1.52533900738,1.78613913059,0.260800123215
1.23759710789,0.747474789619,1.54306054115,1.81527805328,0.272217512131
1.26933038235,0.747474789619,1.55922818184,1.8419162035,0.28268802166
1.30106365681,0.747474789619,1.57382595539,1.86604976654,0.29222381115
1.33279693127,0.747474789619,1.58683896065,1.88767933846,0.300840377808
1.36453020573,0.747474789619,1.59825408459,1.90681040287,0.308556318283
1.39626336098,0.747474789619,1.60805988312,1.9234495163,0.315389633179
1.42799663544,0.747474789619,1.61624658108,1.93760442734,0.32135784626
1.4597299099,0.747474789619,1.62280583382,1.94928216934,0.326476335526
1.49146318436,0.747474789619,1.62773108482,1.95848870277,0.33075761795
1.52319645882,0.747474789619,1.63101732731,1.9652274847,0.334210157394
1.55492973328,0.747474789619,1.63266134262,1.96950042248,0.336839079857
1.58666300774,0.747474789619,1.63266134262,1.97130477428,0.338643431664
1.6183962822,0.747474789619,1.63101732731,1.97063493729,0.339617609978
1.65012955666,0.747474789619,1.62773108482,1.96748173237,0.339750647545
1.68186283112,0.747474789619,1.62280583382,1.9618319273,0.339026093483
1.71359610558,0.747474789619,1.61624658108,1.95366871357,0.337422132492
1.74532938004,0.747474789619,1.60805988312,1.94297063351,0.334910750389
1.77706253529,0.747474789619,1.59825408459,1.92971384525,0.331459760666
1.80879580975,0.747474789619,1.58683896065,1.91387081146,0.327031850815
1.84052908421,0.747474789619,1.57382595539,1.89541184902,0.321585893631
1.87226235867,0.747474789619,1.55922818184,1.87430596352,0.315077781677
1.90399563313,0.747474789619,1.54306042194,1.85052156448,0.30746114254
1.93572890759,0.747474789619,1.52533900738,1.82402873039,0.298689723015
1.96746218204,0.747474789619,1.50608170033,1.79480028152,0.2887185812
1.9991953373,0.747474789619,1.4853079319,1.762814641,0.277506709099
2.03092861176,0.747474789619,1.46303856373,1.7280575037,0.265018939972
2.06266188622,0.747474789619,1.43929588795,1.69052684307,0.251230955124
2.09439516068,0.747474789619,1.41410410404,1.65023326874,0.236129164696
2.12612843513,0.747474789619,1.38748836517,1.60720515251,0.219716787338
2.15786170959,0.747474789619,1.35947561264,1.56149041653,0.202014803886
2.18959498405,0.747474789619,1.33009397984,1.51316082478,0.18306684494
2.22132825851,0.747474789619,1.29937303066,1.46231067181,0.162937641144
2.25306153297,0.747474789619,1.26734364033,1.40906155109,0.141717910767
2.28479480743,0.747474789619,1.23403823376,1.35355949402,0.119521260262
2.31652784348,0.747474789619,1.19949054718,1.29597592354,0.096485376358
2.34826135635,0.747474789619,1.16373443604,1.2365039587,0.0727695226669
2.3799943924,0.747474789619,1.12680721283,1.17536127567,0.0485540628433
2.41172790527,0.747474789619,1.08874475956,1.1127820015,0.0240372419357
2.44346094131,0.747474789619,1.04958665371,1.04902267456,0.000563979148865
2.47519421577,0.747474789619,1.00937128067,0.984356343746,0.025014936924
2.50692749023,0.747474789619,0.968139648438,0.919075369835,0.0490642786026
2.53866076469,0.747474789619,0.92593318224,0.853490412235,0.0724427700043
2.57039403915,0.747474789619,0.882794380188,0.787923634052,0.0948707461357
2.60212731361,0.747474789619,0.838766753674,0.722704589367,0.116062164307
2.63386058807,0.747474789619,0.793894410133,0.65815448761,0.135739922523
2.66559386253,0.747474789619,0.748222768307,0.594573676586,0.153649091721
2.69732713699,0.747474789619,0.70179772377,0.532223463058,0.169574260712
2.72906041145,0.747474789619,0.654666006565,0.471312880516,0.183353126049
2.76079368591,0.747474789619,0.606875061989,0.41198861599,0.194886445999
2.79252696037,0.747474789619,0.558473110199,0.354334115982,0.204138994217
2.82426023483,0.747474789619,0.50950884819,0.298371464014,0.211137384176
2.85599327087,0.747474789619,0.460031867027,0.244072720408,0.215959146619
2.88772678375,0.747474789619,0.410090893507,0.191367745399,0.218723148108
2.91945981979,0.747474789619,0.359737813473,0.140164509416,0.219573304057
2.95119309425,0.747474789619,0.30902209878,0.0903541967273,0.218667894602
2.98292636871,0.747474789619,0.257995218039,0.0418289229274,0.216166287661
3.01465964317,0.747474789619,0.206708580256,-0.0055095301941,0.212218105793
3.04639291763,0.747474789619,0.155213803053,-0.051740359515,0.206954166293
3.07812619209,0.747474789619,0.103562727571,-0.0969162583351,0.200478985906
3.10985946655,0.747474789619,0.0518073737621,-0.141057685018,0.19286505878
3.14159274101,0.747474789619,-1.42749755128e-07,-0.184151440859,0.184151291847
0,0.757575750351,0,-0.150590330362,0.150590330362
0.0317332595587,0.757575750351,0.0518914312124,-0.100818365812,0.152709797025
0.0634665191174,0.757575750351,0.103730626404,-0.0504639111459,0.154194533825
0.095199778676,0.757575750351,0.155465349555,0.000329838134348,0.155135512352
0.126933038235,0.757575750351,0.207043558359,0.0514609776437,0.15558257699
0.158666297793,0.757575750351,0.258413255215,0.102868124843,0.155545130372
0.190399557352,0.757575750351,0.309522777796,0.154528304935,0.154994472861
0.222132816911,0.757575750351,0.360320657492,0.206449761987,0.153870895505
0.253866076469,0.757575750351,0.410755693913,0.258672088385,0.152083605528
0.285599350929,0.757575750351,0.460777193308,0.31125831604,0.149518877268
0.317332595587,0.757575750351,0.510334610939,0.364287465811,0.146047145128
0.349065840244,0.757575750351,0.55937820673,0.41784670949,0.14153149724
0.380799114704,0.757575750351,0.607858657837,0.472019404173,0.135839253664
0.412532389164,0.757575750351,0.655726969242,0.526873171329,0.128853797913
0.444265633821,0.757575750351,0.702934980392,0.582450270653,0.12048470974
0.475998878479,0.757575750351,0.749435245991,0.638756215572,0.110679030418
0.507732152939,0.757575750351,0.795180916786,0.695756196976,0.0994247198105
0.539465427399,0.757575750351,0.840125858784,0.75337189436,0.0867539644241
0.571198701859,0.757575750351,0.884224891663,0.811483740807,0.072741150856
0.602931916714,0.757575750351,0.927433550358,0.869937002659,0.057496547699
0.634665191174,0.757575750351,0.969708442688,0.928547799587,0.0411606431007
0.666398465633,0.757575750351,1.01100683212,0.987111151218,0.0238956809044
0.698131680489,0.757575750351,1.05128717422,1.04541110992,0.00587606430054
0.729864954948,0.757575750351,1.09050905704,1.10322475433,0.0127156972885
0.761598229408,0.757575750351,1.1286329031,1.1603294611,0.0316965579987
0.793331503868,0.757575750351,1.165620327,1.21650755405,0.0508872270584
0.825064778328,0.757575750351,1.20143401623,1.27154934406,0.0701153278351
0.856797993183,0.757575750351,1.23603796959,1.32525646687,0.0892184972763
0.888531267643,0.757575750351,1.26939737797,1.37744343281,0.10804605484
0.920264542103,0.757575750351,1.30147850513,1.42794167995,0.12646317482
0.951997756958,0.757575750351,1.33224916458,1.47659826279,0.144349098206
0.983731031418,0.757575750351,1.3616784811,1.5232783556,0.161599874496
1.01546430588,0.757575750351,1.38973665237,1.56786668301,0.178130030632
1.04719758034,0.757575750351,1.4163954258,1.61026525497,0.193869829178
1.0789308548,0.757575750351,1.44162809849,1.65039408207,0.208765983582
1.11066412926,0.757575750351,1.46540915966,1.68819093704,0.222781777382
1.14239740372,0.757575750351,1.48771464825,1.72360789776,0.235893249512
1.17413055897,0.757575750351,1.50852203369,1.75661122799,0.248089194298
1.20586383343,0.757575750351,1.52781057358,1.78717899323,0.259368419647
1.23759710789,0.757575750351,1.54556071758,1.81529903412,0.269738316536
1.26933038235,0.757575750351,1.56175458431,1.84096729755,0.279212713242
1.30106365681,0.757575750351,1.5763759613,1.86418557167,0.287809610367
1.33279693127,0.757575750351,1.5894100666,1.88495981693,0.295549750328
1.36453020573,0.757575750351,1.60084366798,1.90329968929,0.302456021309
1.39626336098,0.757575750351,1.61066544056,1.91921544075,0.308550000191
1.42799663544,0.757575750351,1.61886537075,1.93271791935,0.313852548599
1.4597299099,0.757575750351,1.62543523312,1.94381725788,0.318382024765
1.49146318436,0.757575750351,1.63036859035,1.95252120495,0.322152614594
1.52319645882,0.757575750351,1.63366007805,1.95883667469,0.325176596642
1.55492973328,0.757575750351,1.63530671597,1.96276581287,0.327459096909
1.58666300774,0.757575750351,1.63530671597,1.96430873871,0.329002022743
1.6183962822,0.757575750351,1.63366007805,1.96346199512,0.329801917076
1.65012955666,0.757575750351,1.63036859035,1.96021723747,0.329848647118
1.68186283112,0.757575750351,1.62543523312,1.95456266403,0.329127430916
1.71359610558,0.757575750351,1.61886537075,1.94648337364,0.327618002892
1.74532938004,0.757575750351,1.61066544056,1.93595826626,0.325292825699
1.77706253529,0.757575750351,1.60084366798,1.92296469212,0.322121024132
1.80879580975,0.757575750351,1.5894100666,1.90747570992,0.318065643311
1.84052908421,0.757575750351,1.5763759613,1.88946175575,0.313085794449
1.87226235867,0.757575750351,1.56175458431,1.86889135838,0.307136774063
1.90399563313,0.757575750351,1.54556059837,1.84573161602,0.300171017647
1.93572890759,0.757575750351,1.52781057358,1.81995034218,0.2921397686
1.96746218204,0.757575750351,1.50852203369,1.79151797295,0.282995939255
1.9991953373,0.757575750351,1.48771452904,1.76040840149,0.272693872452
2.03092861176,0.757575750351,1.46540904045,1.7266023159,0.261193275452
2.06266188622,0.757575750351,1.44162797928,1.69009029865,0.248462319374
2.09439516068,0.757575750351,1.4163954258,1.65087389946,0.234478473663
2.12612843513,0.757575750351,1.38973653316,1.60897254944,0.219236016273
2.15786170959,0.757575750351,1.36167836189,1.56442224979,0.202743887901
2.18959498405,0.757575750351,1.33224916458,1.51728105545,0.185031890869
2.22132825851,0.757575750351,1.30147838593,1.46763014793,0.166151762009
2.25306153297,0.757575750351,1.26939713955,1.4155755043,0.146178364754
2.28479480743,0.757575750351,1.23603773117,1.36124837399,0.125210642815
2.31652784348,0.757575750351,1.20143413544,1.30480468273,0.103370547295
2.34826135635,0.757575750351,1.16562008858,1.24642300606,0.0808029174805
2.3799943924,0.757575750351,1.1286329031,1.18630588055,0.0576729774475
2.41172790527,0.757575750351,1.09050881863,1.12467396259,0.0341651439667
2.44346094131,0.757575750351,1.05128729343,1.06176948547,0.0104821920395
2.47519421577,0.757575750351,1.01100683212,0.9978531003,0.013153731823
2.50692749023,0.757575750351,0.969708323479,0.933204770088,0.0365035533905
2.53866076469,0.757575750351,0.927433490753,0.868123650551,0.0593098402023
2.57039403915,0.757575750351,0.884224772453,0.802923500538,0.0813012719154
2.60212731361,0.757575750351,0.840125799179,0.737927317619,0.10219848156
2.63386058807,0.757575750351,0.795180797577,0.673456132412,0.121724665165
2.66559386253,0.757575750351,0.749435126781,0.609813928604,0.139621198177
2.69732713699,0.757575750351,0.702934861183,0.547271132469,0.155663728714
2.72906041145,0.757575750351,0.655726790428,0.486049950123,0.169676840305
2.76079368591,0.757575750351,0.607858419418,0.426313906908,0.18154451251
2.79252696037,0.757575750351,0.559378027916,0.368161559105,0.191216468811
2.82426023483,0.757575750351,0.51033437252,0.311631023884,0.198703348637
2.85599327087,0.757575750351,0.460777252913,0.256707191467,0.204070061445
2.88772678375,0.757575750351,0.410755336285,0.203330725431,0.207424610853
2.91945981979,0.757575750351,0.360320687294,0.151417970657,0.208902716637
2.95119309425,0.757575750351,0.309522777796,0.10086619854,0.208656579256
2.98292636871,0.757575750351,0.258413255215,0.0515732653439,0.206839993596
3.01465964317,0.757575750351,0.207043513656,0.00344509538263,0.203598424792
3.04639291763,0.757575750351,0.15546528995,-0.0435924641788,0.199057757854
3.07812619209,0.757575750351,0.103730529547,-0.0895880535245,0.193318575621
3.10985946655,0.757575750351,0.0518913157284,-0.134557008743,0.186448320746
3.14159274101,0.757575750351,-1.42981050999e-07,-0.178480431437,0.178480282426
0,0.767676770687,0,-0.147255718708,0.147255718708
0.0317332595587,0.767676770687,0.0519734174013,-0.0965225026011,0.148495912552
0.0634665191174,0.767676770687,0.103894509375,-0.0452003590763,0.149094864726
0.095199778676,0.767676770687,0.155710980296,0.00655680010095,0.149154186249
0.126933038235,0.767676770687,0.20737066865,0.0586360916495,0.14873456955
0.158666297793,0.767676770687,0.258821547031,0.110970437527,0.147851109505
0.190399557352,0.767676770687,0.310011804104,0.163530215621,0.146481588483
0.222132816911,0.767676770687,0.360889941454,0.216321602464,0.14456833899
0.253866076469,0.767676770687,0.411404639482,0.269382297993,0.14202234149
0.285599350929,0.767676770687,0.461505174637,0.322771638632,0.138733536005
0.317332595587,0.767676770687,0.511140942574,0.376567691565,0.134573251009
0.349065840244,0.767676770687,0.560261964798,0.430853098631,0.129408866167
0.380799114704,0.767676770687,0.608819007874,0.485705375671,0.123113632202
0.412532389164,0.767676770687,0.656762957573,0.541184306145,0.115578651428
0.444265633821,0.767676770687,0.704045593739,0.597321331501,0.106724262238
0.475998878479,0.767676770687,0.750619292259,0.654111325741,0.0965079665184
0.507732152939,0.767676770687,0.796437263489,0.711506128311,0.0849311351776
0.539465427399,0.767676770687,0.841453194618,0.769416153431,0.0720370411873
0.571198701859,0.767676770687,0.885621905327,0.827711164951,0.0579107403755
0.602931916714,0.767676770687,0.92889881134,0.88622790575,0.0426709055901
0.634665191174,0.767676770687,0.971240520477,0.944777488708,0.0264630317688
0.666398465633,0.767676770687,1.01260411739,1.00315260887,0.00945150852203
0.698131680489,0.767676770687,1.05294811726,1.06113743782,0.00818932056427
0.729864954948,0.767676770687,1.09223198891,1.11851239204,0.0262804031372
0.761598229408,0.767676770687,1.13041615486,1.17506062984,0.0446444749832
0.793331503868,0.767676770687,1.1674618721,1.2305713892,0.0631095170975
0.825064778328,0.767676770687,1.20333218575,1.2848443985,0.0815122127533
0.856797993183,0.767676770687,1.23799085617,1.33769130707,0.0997004508972
0.888531267643,0.767676770687,1.27140283585,1.38893938065,0.1175365448
0.920264542103,0.767676770687,1.30353474617,1.43843150139,0.134896755219
0.951997756958,0.767676770687,1.33435404301,1.48602771759,0.151673674583
0.983731031418,0.767676770687,1.36382985115,1.53160727024,0.16777741909
1.01546430588,0.767676770687,1.39193224907,1.57506728172,0.183135032654
1.04719758034,0.767676770687,1.41863322258,1.61632299423,0.197689771652
1.0789308548,0.767676770687,1.44390583038,1.65530645847,0.21140062809
1.11066412926,0.767676770687,1.46772444248,1.69196605682,0.224241614342
1.14239740372,0.767676770687,1.49006509781,1.72626531124,0.236200213432
1.17413055897,0.767676770687,1.51090538502,1.75817871094,0.24727332592
1.20586383343,0.767676770687,1.53022432327,1.78769302368,0.257468700409
1.23759710789,0.767676770687,1.54800260067,1.81480336189,0.266800761223
1.26933038235,0.767676770687,1.5642220974,1.83951175213,0.275289654732
1.30106365681,0.767676770687,1.57886648178,1.86182546616,0.282958984375
1.33279693127,0.767676770687,1.59192121029,1.88175594807,0.289834737778
1.36453020573,0.767676770687,1.60337293148,1.89931571484,0.295942783356
1.39626336098,0.767676770687,1.61321020126,1.91451919079,0.301308989525
1.42799663544,0.767676770687,1.62142312527,1.92737972736,0.305956602097
1.4597299099,0.767676770687,1.62800335884,1.93790984154,0.309906482697
1.49146318436,0.767676770687,1.63294434547,1.94612085819,0.313176512718
1.52319645882,0.767676770687,1.63624119759,1.9520200491,0.315778851509
1.55492973328,0.767676770687,1.6378903389,1.95561289787,0.317722558975
1.58666300774,0.767676770687,1.6378903389,1.95690047741,0.319010138512
1.6183962822,0.767676770687,1.63624119759,1.95588088036,0.31963968277
1.65012955666,0.767676770687,1.63294434547,1.95254790783,0.319603562355
1.68186283112,0.767676770687,1.62800335884,1.94689083099,0.318887472153
1.71359610558,0.767676770687,1.62142312527,1.93889522552,0.317472100258
1.74532938004,0.767676770687,1.61321020126,1.92854249477,0.31533229351
1.77706253529,0.767676770687,1.60337293148,1.91581022739,0.312437295914
1.80879580975,0.767676770687,1.59192121029,1.90067195892,0.308750748634
1.84052908421,0.767676770687,1.57886648178,1.88309812546,0.304231643677
1.87226235867,0.767676770687,1.5642220974,1.86305689812,0.29883480072
1.90399563313,0.767676770687,1.54800248146,1.84051477909,0.29251229763
1.93572890759,0.767676770687,1.53022432327,1.81543815136,0.285213828087
1.96746218204,0.767676770687,1.51090538502,1.78779411316,0.276888728142
1.9991953373,0.767676770687,1.4900649786,1.75755298138,0.267488002777
2.03092861176,0.767676770687,1.46772432327,1.72469103336,0.256966710091
2.06266188622,0.767676770687,1.44390571117,1.68919169903,0.245285987854
2.09439516068,0.767676770687,1.41863322258,1.65104985237,0.232416629791
2.12612843513,0.767676770687,1.39193224907,1.6102745533,0.21834230423
2.15786170959,0.767676770687,1.36382973194,1.56689083576,0.203061103821
2.18959498405,0.767676770687,1.33435404301,1.52094519138,0.186591148376
2.22132825851,0.767676770687,1.30353462696,1.47250425816,0.168969631195
2.25306153297,0.767676770687,1.27140271664,1.4216606617,0.150257945061
2.28479480743,0.767676770687,1.23799061775,1.36852991581,0.130539298058
2.31652784348,0.767676770687,1.20333230495,1.31325304508,0.109920740128
2.34826135635,0.767676770687,1.16746163368,1.25599336624,0.0885317325592
2.3799943924,0.767676770687,1.13041615486,1.19693863392,0.0665224790573
2.41172790527,0.767676770687,1.09223175049,1.13629508018,0.0440633296967
2.44346094131,0.767676770687,1.05294823647,1.07429206371,0.0213438272476
2.47519421577,0.767676770687,1.01260411739,1.0111759901,0.00142812728882
2.50692749023,0.767676770687,0.971240401268,0.947214543819,0.0240258574486
2.53866076469,0.767676770687,0.928898751736,0.882694303989,0.0462044477463
2.57039403915,0.767676770687,0.885621786118,0.81791973114,0.0677020549774
2.60212731361,0.767676770687,0.841453135014,0.753206312656,0.0882468223572
2.63386058807,0.767676770687,0.796437084675,0.688872456551,0.107564628124
2.66559386253,0.767676770687,0.75061917305,0.625224292278,0.125394880772
2.69732713699,0.767676770687,0.704045414925,0.562540233135,0.141505181789
2.72906041145,0.767676770687,0.656762778759,0.501054704189,0.15570807457
2.76079368591,0.767676770687,0.608818769455,0.440945953131,0.167872816324
2.79252696037,0.767676770687,0.560261785984,0.382329702377,0.177932083607
2.82426023483,0.767676770687,0.51114064455,0.325259685516,0.185880959034
2.85599327087,0.767676770687,0.461505234241,0.269734203815,0.191771030426
2.88772678375,0.767676770687,0.411404311657,0.215705946088,0.195698365569
2.91945981979,0.767676770687,0.360889971256,0.163100123405,0.197789847851
2.95119309425,0.767676770687,0.310011804104,0.111821107566,0.198190689087
2.98292636871,0.767676770687,0.258821517229,0.0617718100548,0.197049707174
3.01465964317,0.767676770687,0.207370623946,0.0128633417189,0.194507285953
3.04639291763,0.767676770687,0.155710920691,-0.0349743776023,0.190685302019
3.07812619209,0.767676770687,0.103894412518,-0.081784658134,0.185679078102
3.10985946655,0.767676770687,0.0519733019173,-0.127578631043,0.179551929235
3.14159274101,0.767676770687,-1.43206946746e-07,-0.172331675887,0.172331526875
0,0.777777791023,0,-0.143503114581,0.143503114581
0.0317332595587,0.777777791023,0.0520533584058,-0.091804087162,0.143857449293
0.0634665191174,0.777777791023,0.104054316878,-0.0395109802485,0.143565297127
0.095199778676,0.777777791023,0.15595048666,0.0132090533152,0.142741426826
0.126933038235,0.777777791023,0.207689628005,0.0662357881665,0.141453832388
0.158666297793,0.777777791023,0.259219646454,0.11949275434,0.139726892114
0.190399557352,0.777777791023,0.310488641262,0.172946333885,0.137542307377
0.222132816911,0.777777791023,0.361445039511,0.226598858833,0.134846180677
0.253866076469,0.777777791023,0.412037461996,0.280485004187,0.131552457809
0.285599350929,0.777777791023,0.462215036154,0.334663122892,0.127551913261
0.317332595587,0.777777791023,0.511927127838,0.38920751214,0.122719615698
0.349065840244,0.777777791023,0.561123728752,0.444196939468,0.116926789284
0.380799114704,0.777777791023,0.609755456448,0.499702274799,0.110053181648
0.412532389164,0.777777791023,0.657773137093,0.555774688721,0.101998448372
0.444265633821,0.777777791023,0.705128490925,0.612435460091,0.0926930308342
0.475998878479,0.777777791023,0.751773834229,0.669666945934,0.0821068882942
0.507732152939,0.777777791023,0.797662258148,0.727409660816,0.070252597332
0.539465427399,0.777777791023,0.84274750948,0.785561740398,0.0571857690811
0.571198701859,0.777777791023,0.886984109879,0.84398406744,0.0430000424385
0.602931916714,0.777777791023,0.93032759428,0.90250658989,0.0278210043907
0.634665191174,0.777777791023,0.972734391689,0.960935413837,0.0117989778519
0.666398465633,0.777777791023,1.01416170597,1.01906323433,0.00490152835846
0.698131680489,0.777777791023,1.05456769466,1.07667529583,0.0221076011658
0.729864954948,0.777777791023,1.09391200542,1.13355624676,0.039644241333
0.761598229408,0.777777791023,1.13215482235,1.18949556351,0.0573407411575
0.793331503868,0.777777791023,1.16925764084,1.2442908287,0.0750331878662
0.825064778328,0.777777791023,1.20518302917,1.29775154591,0.0925685167313
0.856797993183,0.777777791023,1.23989498615,1.3497004509,0.109805464745
0.888531267643,0.777777791023,1.27335846424,1.39997661114,0.126618146896
0.920264542103,0.777777791023,1.30553972721,1.44843530655,0.142895579338
0.951997756958,0.777777791023,1.33640646935,1.4949504137,0.158543944359
0.983731031418,0.777777791023,1.36592757702,1.53941357136,0.173485994339
1.01546430588,0.777777791023,1.39407324791,1.58173489571,0.187661647797
1.04719758034,0.777777791023,1.42081522942,1.62184131145,0.201026082039
1.0789308548,0.777777791023,1.44612669945,1.65967714787,0.213550448418
1.11066412926,0.777777791023,1.46998202801,1.69520163536,0.225219607353
1.14239740372,0.777777791023,1.49235701561,1.7283873558,0.236030340195
1.17413055897,0.777777791023,1.51322937012,1.75921773911,0.245988368988
1.20586383343,0.777777791023,1.53257799149,1.78768754005,0.255109548569
1.23759710789,0.777777791023,1.55038368702,1.81379878521,0.26341509819
1.26933038235,0.777777791023,1.56662809849,1.83755862713,0.270930528641
1.30106365681,0.777777791023,1.58129501343,1.85898017883,0.277685165405
1.33279693127,0.777777791023,1.5943697691,1.87807834148,0.283708572388
1.36453020573,0.777777791023,1.60583913326,1.8948700428,0.289030909538
1.39626336098,0.777777791023,1.61569154263,1.90937244892,0.293680906296
1.42799663544,0.777777791023,1.62391710281,1.92160212994,0.297685027122
1.4597299099,0.777777791023,1.63050734997,1.93157410622,0.301066756248
1.49146318436,0.777777791023,1.63545608521,1.93930089474,0.303844809532
1.52319645882,0.777777791023,1.63875794411,1.94479286671,0.3060349226
1.55492973328,0.777777791023,1.64040970802,1.94805669785,0.307646989822
1.58666300774,0.777777791023,1.64040970802,1.94909524918,0.308685541153
1.6183962822,0.777777791023,1.63875794411,1.94790828228,0.309150338173
1.65012955666,0.777777791023,1.63545608521,1.94449079037,0.309034705162
1.68186283112,0.777777791023,1.63050734997,1.93883371353,0.308326363564
1.71359610558,0.777777791023,1.62391710281,1.9309233427,0.307006239891
1.74532938004,0.777777791023,1.61569154263,1.92074251175,0.305050969124
1.77706253529,0.777777791023,1.60583913326,1.90826928616,0.302430152893
1.80879580975,0.777777791023,1.5943697691,1.89347803593,0.29910826683
1.84052908421,0.777777791023,1.58129501343,1.87633991241,0.295044898987
1.87226235867,0.777777791023,1.56662809849,1.85682189465,0.290193796158
1.90399563313,0.777777791023,1.55038356781,1.83489072323,0.284507155418
1.93572890759,0.777777791023,1.53257799149,1.81051075459,0.2779327631
1.96746218204,0.777777791023,1.51322937012,1.78364694118,0.270417571068
1.9991953373,0.777777791023,1.4923568964,1.75426661968,0.261909723282
2.03092861176,0.777777791023,1.4699819088,1.72234070301,0.252358794212
2.06266188622,0.777777791023,1.44612658024,1.68784797192,0.241721391678
2.09439516068,0.777777791023,1.42081522942,1.6507755518,0.22996032238
2.12612843513,0.777777791023,1.3940731287,1.61112344265,0.21705031395
2.15786170959,0.777777791023,1.36592745781,1.5689073801,0.202979922295
2.18959498405,0.777777791023,1.33640646935,1.52416133881,0.187754869461
2.22132825851,0.777777791023,1.305539608,1.47693967819,0.17140007019
2.25306153297,0.777777791023,1.27335822582,1.42732024193,0.153962016106
2.28479480743,0.777777791023,1.23989474773,1.37540447712,0.135509729385
2.31652784348,0.777777791023,1.20518314838,1.32131803036,0.116134881973
2.34826135635,0.777777791023,1.16925740242,1.265209198,0.095951795578
2.3799943924,0.777777791023,1.13215482235,1.20725131035,0.075096487999
2.41172790527,0.777777791023,1.09391176701,1.14763569832,0.0537239313126
2.44346094131,0.777777791023,1.05456781387,1.08657777309,0.0320099592209
2.47519421577,0.777777791023,1.01416170597,1.024310112,0.0101484060287
2.50692749023,0.777777791023,0.97273427248,0.961087286472,0.0116469860077
2.53866076469,0.777777791023,0.930327534676,0.897183835506,0.0331436991692
2.57039403915,0.777777791023,0.886983990669,0.832892596722,0.0540913939476
2.60212731361,0.777777791023,0.84274739027,0.768521308899,0.0742260813713
2.63386058807,0.777777791023,0.797662138939,0.70438337326,0.0932787656784
2.66559386253,0.777777791023,0.751773715019,0.640785932541,0.110987782478
2.69732713699,0.777777791023,0.705128312111,0.578013122082,0.127115190029
2.72906041145,0.777777791023,0.657772958279,0.516310989857,0.141461968422
2.76079368591,0.777777791023,0.609755218029,0.455871254206,0.153883963823
2.79252696037,0.777777791023,0.561123549938,0.396826952696,0.164296597242
2.82426023483,0.777777791023,0.51192688942,0.339247554541,0.172679334879
2.85599327087,0.777777791023,0.462215095758,0.283146113157,0.179068982601
2.88772678375,0.777777791023,0.412037104368,0.228487491608,0.183549612761
2.91945981979,0.777777791023,0.361445069313,0.175207003951,0.186238065362
2.95119309425,0.777777791023,0.310488641262,0.123215898871,0.187272742391
2.98292636871,0.777777791023,0.259219616652,0.072423659265,0.186795949936
3.01465964317,0.777777791023,0.207689583302,0.022745795548,0.184943795204
3.04639291763,0.777777791023,0.155950412154,-0.0258832536638,0.181833669543
3.07812619209,0.777777791023,0.104054220021,-0.0735022574663,0.177556484938
3.10985946655,0.777777791023,0.0520532429218,-0.120117232203,0.172170475125
3.14159274101,0.777777791023,-1.43427214994e-07,-0.165698319674,0.165698170662
0,0.787878751755,0,-0.139319673181,0.139319673181
0.0317332595587,0.787878751755,0.0521310940385,-0.0866516530514,0.138782739639
0.0634665191174,0.787878751755,0.104209706187,-0.0333864465356,0.137596160173
0.095199778676,0.787878751755,0.156183362007,0.0202968623489,0.135886505246
0.126933038235,0.787878751755,0.207999780774,0.0742672905326,0.133732497692
0.158666297793,0.787878751755,0.259606748819,0.128441303968,0.131165444851
0.190399557352,0.787878751755,0.310952305794,0.182779893279,0.128172412515
0.222132816911,0.787878751755,0.361984789371,0.237282186747,0.124702602625
0.253866076469,0.787878751755,0.412652760744,0.291979730129,0.120673030615
0.285599350929,0.787878751755,0.462905287743,0.346929311752,0.11597597599
0.317332595587,0.787878751755,0.512691617012,0.402201503515,0.110490113497
0.349065840244,0.787878751755,0.561961710453,0.457870304585,0.104091405869
0.380799114704,0.787878751755,0.610666036606,0.513999342918,0.0966666936874
0.412532389164,0.787878751755,0.658755421638,0.570631504059,0.0881239175797
0.444265633821,0.787878751755,0.706181466579,0.62777620554,0.0784052610397
0.475998878479,0.787878751755,0.752896487713,0.685404598713,0.0674918889999
0.507732152939,0.787878751755,0.798853456974,0.743445217609,0.0554082393646
0.539465427399,0.787878751755,0.844006001949,0.801785945892,0.042220056057
0.571198701859,0.787878751755,0.888308644295,0.860278785229,0.028029859066
0.602931916714,0.787878751755,0.931716918945,0.918747723103,0.0129691958427
0.634665191174,0.787878751755,0.974187016487,0.976996779442,0.00280976295471
0.666398465633,0.787878751755,1.01567614079,1.03481817245,0.0191420316696
0.698131680489,0.787878751755,1.05614256859,1.09200000763,0.0358574390411
0.729864954948,0.787878751755,1.09554553032,1.14833271503,0.0527871847153
0.761598229408,0.787878751755,1.1338455677,1.20361256599,0.069766998291
0.793331503868,0.787878751755,1.1710036993,1.25764632225,0.0866426229477
0.825064778328,0.787878751755,1.20698285103,1.31025373936,0.103270888329
0.856797993183,0.787878751755,1.24174654484,1.36126887798,0.119522333145
0.888531267643,0.787878751755,1.27525997162,1.41054308414,0.135283112526
0.920264542103,0.787878751755,1.30748927593,1.45794439316,0.150455117226
0.951997756958,0.787878751755,1.33840215206,1.50335943699,0.164957284927
0.983731031418,0.787878751755,1.36796736717,1.54669260979,0.178725242615
1.01546430588,0.787878751755,1.39615511894,1.5878663063,0.191711187363
1.04719758034,0.787878751755,1.42293703556,1.62681984901,0.203882813454
1.0789308548,0.787878751755,1.44828629494,1.66350793839,0.215221643448
1.11066412926,0.787878751755,1.47217714787,1.69790029526,0.225723147392
1.14239740372,0.787878751755,1.49458563328,1.72997868061,0.235393047333
1.17413055897,0.787878751755,1.51548910141,1.75973474979,0.244245648384
1.20586383343,0.787878751755,1.53486669064,1.78717052937,0.25230383873
1.23759710789,0.787878751755,1.55269885063,1.81229352951,0.259594678879
1.26933038235,0.787878751755,1.5689675808,1.83511722088,0.266149640083
1.30106365681,0.787878751755,1.58365643024,1.85565924644,0.2720028162
1.33279693127,0.787878751755,1.59675073624,1.87393784523,0.277187108994
1.36453020573,0.787878751755,1.60823714733,1.88997423649,0.281737089157
1.39626336098,0.787878751755,1.61810421944,1.90378808975,0.285683870316
1.42799663544,0.787878751755,1.62634205818,1.91539859772,0.289056539536
1.4597299099,0.787878751755,1.63294231892,1.92482304573,0.291880726814
1.49146318436,0.787878751755,1.63789832592,1.93207609653,0.294177770615
1.52319645882,0.787878751755,1.6412050724,1.93717002869,0.295964956284
1.55492973328,0.787878751755,1.64285933971,1.94011318684,0.297253847122
1.58666300774,0.787878751755,1.64285933971,1.94090974331,0.298050403595
1.6183962822,0.787878751755,1.6412050724,1.93956077099,0.298355698586
1.65012955666,0.787878751755,1.63789832592,1.93606293201,0.298164606094
1.68186283112,0.787878751755,1.63294231892,1.93040835857,0.297466039658
1.71359610558,0.787878751755,1.62634205818,1.92258489132,0.296242833138
1.74532938004,0.787878751755,1.61810421944,1.91257596016,0.294471740723
1.77706253529,0.787878751755,1.60823714733,1.90036046505,0.292123317719
1.80879580975,0.787878751755,1.59675073624,1.88591325283,0.289162516594
1.84052908421,0.787878751755,1.58365643024,1.86920583248,0.285549402237
1.87226235867,0.787878751755,1.5689675808,1.85020589828,0.28123831749
1.90399563313,0.787878751755,1.55269873142,1.82887852192,0.276179790497
1.93572890759,0.787878751755,1.53486669064,1.80518722534,0.270320534706
1.96746218204,0.787878751755,1.51548910141,1.77909517288,0.263606071472
1.9991953373,0.787878751755,1.49458551407,1.75056672096,0.255981206894
2.03092861176,0.787878751755,1.47217702866,1.71956861019,0.247391581535
2.06266188622,0.787878751755,1.44828617573,1.68607497215,0.237788796425
2.09439516068,0.787878751755,1.42293703556,1.65006554127,0.227128505707
2.12612843513,0.787878751755,1.39615499973,1.6115334034,0.215378403664
2.15786170959,0.787878751755,1.36796724796,1.57048356533,0.202516317368
2.18959498405,0.787878751755,1.33840215206,1.52693927288,0.188537120819
2.22132825851,0.787878751755,1.30748927593,1.48094308376,0.173453807831
2.25306153297,0.787878751755,1.27525985241,1.43255901337,0.157299160957
2.28479480743,0.787878751755,1.24174642563,1.38187396526,0.140127539635
2.31652784348,0.787878751755,1.20698285103,1.3289989233,0.122016072273
2.34826135635,0.787878751755,1.17100346088,1.27406716347,0.103063702583
2.3799943924,0.787878751755,1.1338455677,1.21723711491,0.0833915472031
2.41172790527,0.787878751755,1.0955452919,1.15868580341,0.0631405115128
2.44346094131,0.787878751755,1.05614256859,1.09861421585,0.0424716472626
2.47519421577,0.787878751755,1.01567614079,1.03724098206,0.0215648412704
2.50692749023,0.787878751755,0.974186897278,0.974807262421,0.000620365142822
2.53866076469,0.787878751755,0.931716799736,0.911573886871,0.0201429128647
2.57039403915,0.787878751755,0.88830858469,0.847822785378,0.0404857993126
2.60212731361,0.787878751755,0.84400588274,0.783852159977,0.0601537227631
2.63386058807,0.787878751755,0.79885327816,0.719968795776,0.0788844823837
2.66559386253,0.787878751755,0.752896368504,0.656479358673,0.0964170098305
2.69732713699,0.787878751755,0.70618134737,0.593672215939,0.112509131432
2.72906041145,0.787878751755,0.658755242825,0.531802117825,0.126953125
2.76079368591,0.787878751755,0.610665798187,0.471075803041,0.139589995146
2.79252696037,0.787878751755,0.561961472034,0.411641061306,0.150320410728
2.82426023483,0.787878751755,0.512691378593,0.35358479619,0.159106582403
2.85599327087,0.787878751755,0.462905347347,0.296934753656,0.165970593691
2.88772678375,0.787878751755,0.412652403116,0.241669371724,0.170983031392
2.91945981979,0.787878751755,0.361984819174,0.187733635306,0.174251183867
2.95119309425,0.787878751755,0.310952305794,0.135047614574,0.175904691219
2.98292636871,0.787878751755,0.259606719017,0.0835267156363,0.176080003381
3.01465964317,0.787878751755,0.207999736071,0.0330919511616,0.174907788634
3.04639291763,0.787878751755,0.156183302402,-0.0163182020187,0.172501504421
3.07812619209,0.787878751755,0.10420960933,-0.0647378414869,0.168947458267
3.10985946655,0.787878751755,0.0521309748292,-0.112168803811,0.164299786091
3.14159274101,0.787878751755,-1.43641400996e-07,-0.158575132489,0.158574983478
0,0.797979831696,0,-0.134692534804,0.134692534804
0.0317332595587,0.797979831696,0.0522065423429,-0.0810533389449,0.133259877563
0.0634665191174,0.797979831696,0.10436052829,-0.0268159918487,0.131176516414
0.095199778676,0.797979831696,0.156409412622,0.0278278682381,0.128581538796
0.126933038235,0.797979831696,0.208300814033,0.0827367901802,0.125564023852
0.158666297793,0.797979831696,0.259982466698,0.137820154428,0.122162312269
0.190399557352,0.797979831696,0.311402350664,0.193033322692,0.118369027972
0.222132816911,0.797979831696,0.362508684397,0.248371958733,0.114136725664
0.253866076469,0.797979831696,0.413249999285,0.303865194321,0.109384804964
0.285599350929,0.797979831696,0.46357524395,0.359566241503,0.104009002447
0.317332595587,0.797979831696,0.513433635235,0.415543019772,0.0978906154633
0.349065840244,0.797979831696,0.562775015831,0.471863627434,0.0909113883972
0.380799114704,0.797979831696,0.611549854279,0.528584897518,0.0829649567604
0.412532389164,0.797979831696,0.659708857536,0.585739552975,0.0739693045616
0.444265633821,0.797979831696,0.707203507423,0.643326163292,0.0638773441315
0.475998878479,0.797979831696,0.753986179829,0.701304197311,0.0526819825172
0.507732152939,0.797979831696,0.800009608269,0.759591221809,0.0404183864594
0.539465427399,0.797979831696,0.845227479935,0.818065047264,0.0271624326706
0.571198701859,0.797979831696,0.889594316483,0.876569986343,0.0130243301392
0.602931916714,0.797979831696,0.933065354824,0.934926629066,0.0018612742424
0.634665191174,0.797979831696,0.975596964359,0.992936134338,0.0173391699791
0.666398465633,0.797979831696,1.01714611053,1.05039274693,0.0332466363907
0.698131680489,0.797979831696,1.0576710701,1.10708844662,0.0494173765182
0.729864954948,0.797979831696,1.09713113308,1.16282010078,0.0656889677048
0.761598229408,0.797979831696,1.13548648357,1.21739172935,0.0819052457809
0.793331503868,0.797979831696,1.17269849777,1.27062010765,0.0979216098785
0.825064778328,0.797979831696,1.20872962475,1.32233536243,0.113605737686
0.856797993183,0.797979831696,1.24354374409,1.37238359451,0.128839850426
0.888531267643,0.797979831696,1.27710568905,1.42062830925,0.143522620201
0.920264542103,0.797979831696,1.30938160419,1.46695053577,0.15756893158
0.951997756958,0.797979831696,1.34033918381,1.51124882698,0.170909643173
0.983731031418,0.797979831696,1.36994719505,1.55344080925,0.183493614197
1.01546430588,0.797979831696,1.3981757164,1.59346103668,0.195285320282
1.04719758034,0.797979831696,1.42499637604,1.63125944138,0.206263065338
1.0789308548,0.797979831696,1.45038235188,1.66680169106,0.21641933918
1.11066412926,0.797979831696,1.4743077755,1.70006716251,0.225759387016
1.14239740372,0.797979831696,1.49674868584,1.73104536533,0.234296679497
1.17413055897,0.797979831696,1.51768243313,1.75973677635,0.242054343224
1.20586383343,0.797979831696,1.53708803654,1.78614938259,0.249061346054
1.23759710789,0.797979831696,1.55494606495,1.81029677391,0.255350708961
1.26933038235,0.797979831696,1.57123827934,1.83219730854,0.260959029198
1.30106365681,0.797979831696,1.58594846725,1.85187268257,0.265924215317
1.33279693127,0.797979831696,1.59906172752,1.86934566498,0.270283937454
1.36453020573,0.797979831696,1.61056470871,1.88463962078,0.274074912071
1.39626336098,0.797979831696,1.62044608593,1.89777803421,0.27733194828
1.42799663544,0.797979831696,1.6286958456,1.90878176689,0.280085921288
1.4597299099,0.797979831696,1.63530564308,1.91767036915,0.282364726067
1.49146318436,0.797979831696,1.64026892185,1.92446053028,0.284191608429
1.52319645882,0.797979831696,1.64358043671,1.92916631699,0.28558588028
1.55492973328,0.797979831696,1.64523696899,1.93179702759,0.286560058594
1.58666300774,0.797979831696,1.64523696899,1.93235886097,0.287121891975
1.6183962822,0.797979831696,1.64358043671,1.93085467815,0.287274241447
1.65012955666,0.797979831696,1.64026892185,1.92728126049,0.287012338638
1.68186283112,0.797979831696,1.63530564308,1.92163276672,0.286327123642
1.71359610558,0.797979831696,1.6286958456,1.91389763355,0.285201787949
1.74532938004,0.797979831696,1.62044608593,1.9040607214,0.283614635468
1.77706253529,0.797979831696,1.61056470871,1.89210176468,0.281537055969
1.80879580975,0.797979831696,1.59906172752,1.87799608707,0.27893435955
1.84052908421,0.797979831696,1.58594846725,1.86171543598,0.275766968727
1.87226235867,0.797979831696,1.57123827934,1.84322738647,0.271989107132
1.90399563313,0.797979831696,1.55494594574,1.82249689102,0.267550945282
1.93572890759,0.797979831696,1.53708803654,1.79948627949,0.26239824295
1.96746218204,0.797979831696,1.51768243313,1.77415704727,0.256474614143
1.9991953373,0.797979831696,1.49674856663,1.74647152424,0.249722957611
2.03092861176,0.797979831696,1.47430765629,1.71639275551,0.24208509922
2.06266188622,0.797979831696,1.45038223267,1.68388926983,0.233507037163
2.09439516068,0.797979831696,1.42499637604,1.64893627167,0.22393989563
2.12612843513,0.797979831696,1.39817559719,1.61151778698,0.213342189789
2.15786170959,0.797979831696,1.36994707584,1.57163143158,0.201684355736
2.18959498405,0.797979831696,1.34033918381,1.52928972244,0.188950538635
2.22132825851,0.797979831696,1.30938148499,1.48452293873,0.175141453743
2.25306153297,0.797979831696,1.27710545063,1.43738245964,0.16027700901
2.28479480743,0.797979831696,1.24354350567,1.38794124126,0.144397735596
2.31652784348,0.797979831696,1.20872974396,1.33629584312,0.127566099167
2.34826135635,0.797979831696,1.17269825935,1.28256464005,0.109866380692
2.3799943924,0.797979831696,1.13548648357,1.22689127922,0.0914047956467
2.41172790527,0.797979831696,1.09713089466,1.16943788528,0.0723069906235
2.44346094131,0.797979831696,1.05767118931,1.11039113998,0.052719950676
2.47519421577,0.797979831696,1.01714611053,1.04995548725,0.0328093767166
2.50692749023,0.797979831696,0.97559684515,0.988358438015,0.012761592865
2.53866076469,0.797979831696,0.933065235615,0.925847291946,0.00721794366837
2.57039403915,0.797979831696,0.889594197273,0.86269146204,0.0269027352333
2.60212731361,0.797979831696,0.84522742033,0.799178600311,0.0460488200188
2.63386058807,0.797979831696,0.800009489059,0.735608935356,0.0644005537033
2.66559386253,0.797979831696,0.753986001015,0.672285079956,0.0817009210587
2.69732713699,0.797979831696,0.707203388214,0.60949832201,0.0977050662041
2.72906041145,0.797979831696,0.659708619118,0.547511696815,0.112196922302
2.76079368591,0.797979831696,0.61154961586,0.48654410243,0.12500551343
2.79252696037,0.797979831696,0.562774837017,0.426759243011,0.136015594006
2.82426023483,0.797979831696,0.513433337212,0.368259996176,0.145173341036
2.85599327087,0.797979831696,0.463575303555,0.311091005802,0.152484297752
2.88772678375,0.797979831696,0.413249641657,0.255243420601,0.158006221056
2.91945981979,0.797979831696,0.362508714199,0.20067422092,0.161834493279
2.95119309425,0.797979831696,0.311402350664,0.147311970592,0.164090380073
2.98292636871,0.797979831696,0.259982436895,0.0950790122151,0.164903432131
3.01465964317,0.797979831696,0.208300769329,0.0439008958638,0.164399877191
3.04639291763,0.797979831696,0.156409353018,-0.00627845618874,0.162687808275
3.07812619209,0.797979831696,0.104360423982,-0.055489782244,0.159850209951
3.10985946655,0.797979831696,0.0522064231336,-0.103729307652,0.15593573451
3.14159274101,0.797979831696,-1.4384929159e-07,-0.150956615806,0.150956466794
0,0.808080792427,0,-0.129610553384,0.129610553384
0.0317332595587,0.808080792427,0.0522795915604,-0.0749988481402,0.127278447151
0.0634665191174,0.808080792427,0.104506552219,-0.0197906419635,0.124297194183
0.095199778676,0.808080792427,0.156628265977,0.0358094125986,0.120818853378
0.126933038235,0.808080792427,0.208592280746,0.0916496962309,0.116942584515
0.158666297793,0.808080792427,0.260346263647,0.147632658482,0.112713605165
0.190399557352,0.808080792427,0.31183809042,0.203707486391,0.108130604029
0.222132816911,0.808080792427,0.363015919924,0.259866863489,0.103149056435
0.253866076469,0.808080792427,0.413828223944,0.316137045622,0.0976911783218
0.285599350929,0.808080792427,0.464223891497,0.372568130493,0.0916557610035
0.317332595587,0.808080792427,0.514152050018,0.429223895073,0.0849281549454
0.349065840244,0.808080792427,0.563562512398,0.486166715622,0.0773957967758
0.380799114704,0.808080792427,0.612405538559,0.543445408344,0.0689601302147
0.412532389164,0.808080792427,0.66063195467,0.601082921028,0.0595490336418
0.444265633821,0.808080792427,0.708193063736,0.659066975117,0.0491260886192
0.475998878479,0.808080792427,0.755041182041,0.717345356941,0.0376958250999
0.507732152939,0.808080792427,0.801129043102,0.775824844837,0.0253041982651
0.539465427399,0.808080792427,0.846410214901,0.834374666214,0.012035548687
0.571198701859,0.808080792427,0.890839099884,0.892833411694,0.00199431180954
0.602931916714,0.808080792427,0.934370934963,0.951017200947,0.0166462659836
0.634665191174,0.808080792427,0.976962089539,1.00872802734,0.0317659378052
0.666398465633,0.808080792427,1.01856935024,1.06576240063,0.0471930503845
0.698131680489,0.808080792427,1.05915105343,1.12191748619,0.0627664327621
0.729864954948,0.808080792427,1.09866631031,1.17699682713,0.0783305168152
0.761598229408,0.808080792427,1.13707530499,1.2308139801,0.0937386751175
0.793331503868,0.808080792427,1.17433941364,1.28319513798,0.108855724335
0.825064778328,0.808080792427,1.21042096615,1.33398222923,0.123561263084
0.856797993183,0.808080792427,1.24528372288,1.38303303719,0.137749314308
0.888531267643,0.808080792427,1.2788926363,1.43022334576,0.151330709457
0.920264542103,0.808080792427,1.31121385098,1.47544682026,0.164232969284
0.951997756958,0.808080792427,1.34221470356,1.51861488819,0.176400184631
0.983731031418,0.808080792427,1.37186408043,1.55965697765,0.187792897224
1.01546430588,0.808080792427,1.40013217926,1.59851884842,0.198386669159
1.04719758034,0.808080792427,1.42699038982,1.6351621151,0.208171725273
1.0789308548,0.808080792427,1.45241177082,1.66956186295,0.217150092125
1.11066412926,0.808080792427,1.47637069225,1.70170640945,0.225335717201
1.14239740372,0.808080792427,1.49884307384,1.73159384727,0.23275077343
1.17413055897,0.808080792427,1.51980614662,1.75923109055,0.239424943924
1.20586383343,0.808080792427,1.53923892975,1.78463256359,0.245393633842
1.23759710789,0.808080792427,1.5571218729,1.80781781673,0.250695943832
1.26933038235,0.808080792427,1.57343685627,1.82880878448,0.255371928215
1.30106365681,0.808080792427,1.58816754818,1.84763205051,0.259464502335
1.33279693127,0.808080792427,1.60129916668,1.86431348324,0.263014316559
1.36453020573,0.808080792427,1.61281836033,1.87887942791,0.266061067581
1.39626336098,0.808080792427,1.62271356583,1.89135539532,0.268641829491
1.42799663544,0.808080792427,1.6309748888,1.90176546574,0.270790576935
1.4597299099,0.808080792427,1.63759386539,1.91013050079,0.272536635399
1.49146318436,0.808080792427,1.6425640583,1.91646885872,0.273904800415
1.52319645882,0.808080792427,1.64588022232,1.92079627514,0.274916052818
1.55492973328,0.808080792427,1.64753913879,1.92312431335,0.275585174561
1.58666300774,0.808080792427,1.64753913879,1.92345941067,0.275920271873
1.6183962822,0.808080792427,1.64588022232,1.92180585861,0.275925636292
1.65012955666,0.808080792427,1.6425640583,1.9181625843,0.275598526001
1.68186283112,0.808080792427,1.63759386539,1.9125238657,0.274930000305
1.71359610558,0.808080792427,1.6309748888,1.9048794508,0.273904561996
1.74532938004,0.808080792427,1.62271356583,1.89521539211,0.272501826286
1.77706253529,0.808080792427,1.61281836033,1.88351166248,0.270693302155
1.80879580975,0.808080792427,1.60129916668,1.86974489689,0.268445730209
1.84052908421,0.808080792427,1.58816754818,1.85388660431,0.265719056129
1.87226235867,0.808080792427,1.57343685627,1.83590507507,0.262468218803
1.90399563313,0.808080792427,1.55712175369,1.8157646656,0.258642911911
1.93572890759,0.808080792427,1.53923892975,1.7934268713,0.254187941551
1.96746218204,0.808080792427,1.51980614662,1.76885199547,0.249045848846
1.9991953373,0.808080792427,1.49884295464,1.74199938774,0.243156433105
2.03092861176,0.808080792427,1.47637069225,1.71283006668,0.236459374428
2.06266188622,0.808080792427,1.45241165161,1.68130779266,0.228896141052
2.09439516068,0.808080792427,1.42699038982,1.64740264416,0.220412254333
2.12612843513,0.808080792427,1.40013206005,1.61109161377,0.210959553719
2.15786170959,0.808080792427,1.37186396122,1.57236433029,0.200500369072
2.18959498405,0.808080792427,1.34221470356,1.53122317791,0.18900847435
2.22132825851,0.808080792427,1.31121373177,1.48768794537,0.1764742136
2.25306153297,0.808080792427,1.27889251709,1.44179701805,0.162904500961
2.28479480743,0.808080792427,1.24528360367,1.39361000061,0.148326396942
2.31652784348,0.808080792427,1.21042108536,1.34320986271,0.132788777351
2.34826135635,0.808080792427,1.17433917522,1.29069983959,0.116360664368
2.3799943924,0.808080792427,1.13707530499,1.23620855808,0.0991332530975
2.41172790527,0.808080792427,1.09866607189,1.1798838377,0.0812177658081
2.44346094131,0.808080792427,1.05915117264,1.12189805508,0.0627468824387
2.47519421577,0.808080792427,1.01856935024,1.06244122982,0.0438718795776
2.50692749023,0.808080792427,0.976961970329,1.00172591209,0.0247639417648
2.53866076469,0.808080792427,0.934370875359,0.939987123013,0.00561624765396
2.57039403915,0.808080792427,0.890838980675,0.877480208874,0.013358771801
2.60212731361,0.808080792427,0.846410095692,0.814481496811,0.0319285988808
2.63386058807,0.808080792427,0.801128864288,0.75128287077,0.0498459935188
2.66559386253,0.808080792427,0.755041062832,0.688182592392,0.0668584704399
2.69732713699,0.808080792427,0.708192944527,0.62547236681,0.0827205777168
2.72906041145,0.808080792427,0.660631716251,0.563421547413,0.0972101688385
2.76079368591,0.808080792427,0.61240530014,0.502260446548,0.110144853592
2.79252696037,0.808080792427,0.563562273979,0.442167460918,0.121394813061
2.82426023483,0.808080792427,0.5141518116,0.383261829615,0.130889981985
2.85599327087,0.808080792427,0.464223951101,0.325604617596,0.138619333506
2.88772678375,0.808080792427,0.413827896118,0.269201606512,0.144626289606
2.91945981979,0.808080792427,0.363015949726,0.214022219181,0.148993730545
2.95119309425,0.808080792427,0.31183809042,0.16000379622,0.1518342942
2.98292636871,0.808080792427,0.260346233845,0.107076004148,0.153270229697
3.01465964317,0.808080792427,0.208592236042,0.0551708340645,0.153421401978
3.04639291763,0.808080792427,0.156628206372,0.00423487555236,0.152393326163
3.07812619209,0.808080792427,0.104506455362,-0.0457566864789,0.150263145566
3.10985946655,0.808080792427,0.0522794760764,-0.0947966426611,0.147076115012
3.14159274101,0.808080792427,-1.44050574136e-07,-0.142839148641,0.142838999629
0,0.818181812763,0,-0.124061986804,0.124061986804
0.0317332595587,0.818181812763,0.0523500926793,-0.0684780329466,0.120828121901
0.0634665191174,0.818181812763,0.104647487402,-0.0123019246385,0.116949409246
0.095199778676,0.818181812763,0.156839489937,0.0442479066551,0.112591579556
0.126933038235,0.818181812763,0.208873584867,0.101011373103,0.107862211764
0.158666297793,0.818181812763,0.260697335005,0.157881483436,0.102815851569
0.190399557352,0.818181812763,0.312258601189,0.214803591371,0.0974550098181
0.222132816911,0.818181812763,0.363505482674,0.27176579833,0.0917396843433
0.253866076469,0.818181812763,0.414386302233,0.328791499138,0.0855948030949
0.285599350929,0.818181812763,0.464849919081,0.385928422213,0.0789214968681
0.317332595587,0.818181812763,0.514845371246,0.44323477149,0.0716105997562
0.349065840244,0.818181812763,0.564322471619,0.500767350197,0.0635551214218
0.380799114704,0.818181812763,0.613231420517,0.558566272259,0.0546651482582
0.412532389164,0.818181812763,0.661522805691,0.616644740105,0.0448780655861
0.444265633821,0.818181812763,0.709148108959,0.674978673458,0.0341694355011
0.475998878479,0.818181812763,0.756059408188,0.733505904675,0.0225535035133
0.507732152939,0.818181812763,0.802209377289,0.792122662067,0.0100867152214
0.539465427399,0.818181812763,0.847551643848,0.850690603256,0.00313895940781
0.571198701859,0.818181812763,0.892040431499,0.909042954445,0.0170025229454
0.602931916714,0.818181812763,0.935630977154,0.966994583607,0.0313636064529
0.634665191174,0.818181812763,0.978279531002,1.02434825897,0.0460687279701
0.666398465633,0.818181812763,1.01994299889,1.08090376854,0.0609607696533
0.698131680489,0.818181812763,1.06057929993,1.13646495342,0.0758856534958
0.729864954948,0.818181812763,1.10014784336,1.19084274769,0.0906949043274
0.761598229408,0.818181812763,1.13860869408,1.24386096001,0.10525226593
0.793331503868,0.818181812763,1.17592298985,1.29535579681,0.119432806969
0.825064778328,0.818181812763,1.21205329895,1.3451808691,0.133127570152
0.856797993183,0.818181812763,1.24696314335,1.39320611954,0.146242976189
0.888531267643,0.818181812763,1.2806173563,1.4393197298,0.158702373505
0.920264542103,0.818181812763,1.31298208237,1.48342788219,0.170445799828
0.951997756958,0.818181812763,1.3440246582,1.52545404434,0.181429386139
0.983731031418,0.818181812763,1.37371408939,1.56533932686,0.191625237465
1.01546430588,0.818181812763,1.4020203352,1.60304129124,0.201020956039
1.04719758034,0.818181812763,1.42891466618,1.6385307312,0.209616065025
1.0789308548,0.818181812763,1.45437049866,1.67179298401,0.217422485352
1.11066412926,0.818181812763,1.47836172581,1.70282483101,0.224463105202
1.14239740372,0.818181812763,1.50086426735,1.73163127899,0.230767011642
1.17413055897,0.818181812763,1.52185559273,1.75822615623,0.236370563507
1.20586383343,0.818181812763,1.5413146019,1.78262984753,0.241315245628
1.23759710789,0.818181812763,1.55922174454,1.80486643314,0.245644688606
1.26933038235,0.818181812763,1.57555866241,1.82496297359,0.24940431118
1.30106365681,0.818181812763,1.59030926228,1.84294891357,0.252639651299
1.33279693127,0.818181812763,1.60345864296,1.85885334015,0.255394697189
1.36453020573,0.818181812763,1.61499333382,1.87270569801,0.257712364197
1.39626336098,0.818181812763,1.62490189075,1.88453364372,0.259631752968
1.42799663544,0.818181812763,1.63317430019,1.8943631649,0.261188864708
1.4597299099,0.818181812763,1.63980221748,1.90221738815,0.26241517067
1.49146318436,0.818181812763,1.64477908611,1.90811610222,0.263337016106
1.52319645882,0.818181812763,1.64809978008,1.91207611561,0.263976335526
1.55492973328,0.818181812763,1.64976096153,1.91411018372,0.264349222183
1.58666300774,0.818181812763,1.64976096153,1.91422736645,0.264466404915
1.6183962822,0.818181812763,1.64809978008,1.91243159771,0.264331817627
1.65012955666,0.818181812763,1.64477908611,1.90872359276,0.263944506645
1.68186283112,0.818181812763,1.63980221748,1.90309858322,0.263296365738
1.71359610558,0.818181812763,1.63317430019,1.89554786682,0.262373566628
1.74532938004,0.818181812763,1.62490189075,1.88605725765,0.261155366898
1.77706253529,0.818181812763,1.61499333382,1.87460827827,0.259614944458
1.80879580975,0.818181812763,1.60345864296,1.8611779213,0.257719278336
1.84052908421,0.818181812763,1.59030926228,1.84573817253,0.255428910255
1.87226235867,0.818181812763,1.57555866241,1.82825767994,0.252699017525
1.90399563313,0.818181812763,1.55922162533,1.80870044231,0.249478816986
1.93572890759,0.818181812763,1.5413146019,1.78702735901,0.245712757111
1.96746218204,0.818181812763,1.52185559273,1.76319742203,0.2413418293
1.9991953373,0.818181812763,1.50086414814,1.7371686697,0.236304521561
2.03092861176,0.818181812763,1.4783616066,1.70889878273,0.230537176132
2.06266188622,0.818181812763,1.45437037945,1.67834794521,0.223977565765
2.09439516068,0.818181812763,1.42891466618,1.64548099041,0.216566324234
2.12612843513,0.818181812763,1.40202021599,1.61026990414,0.208249688148
2.15786170959,0.818181812763,1.37371397018,1.57269537449,0.198981404305
2.18959498405,0.818181812763,1.3440246582,1.53275132179,0.188726663589
2.22132825851,0.818181812763,1.31298196316,1.49044752121,0.177465558052
2.25306153297,0.818181812763,1.28061711788,1.44580996037,0.165192842484
2.28479480743,0.818181812763,1.24696290493,1.39888548851,0.15192258358
2.31652784348,0.818181812763,1.21205341816,1.34974300861,0.137689590454
2.34826135635,0.818181812763,1.17592287064,1.29847180843,0.122548937798
2.3799943924,0.818181812763,1.13860869408,1.24518597126,0.106577277184
2.41172790527,0.818181812763,1.10014772415,1.19001841545,0.0898706912994
2.44346094131,0.818181812763,1.06057941914,1.13312649727,0.0725470781326
2.47519421577,0.818181812763,1.01994299889,1.07468605042,0.0547430515289
2.50692749023,0.818181812763,0.978279411793,1.01489627361,0.0366168618202
2.53866076469,0.818181812763,0.935630917549,0.953976929188,0.0183460116386
2.57039403915,0.818181812763,0.89204031229,0.892170190811,0.000129878520966
2.60212731361,0.818181812763,0.847551524639,0.829740941525,0.0178105831146
2.63386058807,0.818181812763,0.80220925808,0.766970694065,0.0352385640144
2.66559386253,0.818181812763,0.756059229374,0.704151809216,0.0519074201584
2.69732713699,0.818181812763,0.70914798975,0.641574621201,0.0675733685493
2.72906041145,0.818181812763,0.661522626877,0.579513192177,0.0820094347
2.76079368591,0.818181812763,0.613231182098,0.518207788467,0.095023393631
2.79252696037,0.818181812763,0.564322292805,0.457850158215,0.10647213459
2.82426023483,0.818181812763,0.514845132828,0.398576766253,0.116268366575
2.85599327087,0.818181812763,0.464849978685,0.340464830399,0.124385148287
2.88772678375,0.818181812763,0.414385944605,0.28353536129,0.130850583315
2.91945981979,0.818181812763,0.363505512476,0.227770149708,0.135735362768
2.95119309425,0.818181812763,0.312258601189,0.173117473722,0.139141127467
2.98292636871,0.818181812763,0.260697305202,0.119514174759,0.141183137894
3.01465964317,0.818181812763,0.208873540163,0.0668977871537,0.14197576046
3.04639291763,0.818181812763,0.156839430332,0.0152207519859,0.141618683934
3.07812619209,0.818181812763,0.104647383094,-0.0355389043689,0.140186280012
3.10985946655,0.818181812763,0.0523499771953,-0.0853690803051,0.137719064951
3.14159274101,0.818181812763,-1.4424483652e-07,-0.134219557047,0.134219408035
0,0.828282833099,0,-0.11803625524,0.11803625524
0.0317332595587,0.828282833099,0.0524179637432,-0.0614817030728,0.113899663091
0.0634665191174,0.828282833099,0.104783155024,-0.00434302631766,0.10912618041
0.095199778676,0.828282833099,0.157042816281,0.0531493537128,0.103893458843
0.126933038235,0.828282833099,0.209144368768,0.110824264586,0.0983201041818
0.158666297793,0.828282833099,0.261035323143,0.168567970395,0.0924673527479
0.190399557352,0.828282833099,0.312663435936,0.226320132613,0.0863433033228
0.222132816911,0.828282833099,0.363976746798,0.28406521678,0.0799115300179
0.253866076469,0.828282833099,0.414923518896,0.341823786497,0.073099732399
0.285599350929,0.828282833099,0.465452581644,0.399639099836,0.0658134818077
0.317332595587,0.828282833099,0.515512883663,0.457565903664,0.0579469799995
0.349065840244,0.828282833099,0.565054059029,0.515652894974,0.0494011640549
0.380799114704,0.828282833099,0.614026427269,0.573932170868,0.0400942564011
0.412532389164,0.828282833099,0.662380456924,0.632406413555,0.0299740433693
0.444265633821,0.828282833099,0.710067510605,0.691041529179,0.0190259814262
0.475998878479,0.828282833099,0.757039606571,0.749763548374,0.00727605819702
0.507732152939,0.828282833099,0.803249418736,0.808460533619,0.00521111488342
0.539465427399,0.828282833099,0.848650455475,0.866987586021,0.0183371305466
0.571198701859,0.828282833099,0.893196880817,0.925173938274,0.031977057457
0.602931916714,0.828282833099,0.93684399128,0.982833623886,0.0459896326065
0.634665191174,0.828282833099,0.979547798634,1.03977179527,0.0602239966393
0.666398465633,0.828282833099,1.02126526833,1.09579372406,0.0745284557343
0.698131680489,0.828282833099,1.06195425987,1.15070950985,0.0887552499771
0.729864954948,0.828282833099,1.10157418251,1.20433914661,0.102764964104
0.761598229408,0.828282833099,1.14008486271,1.25651597977,0.116431117058
0.793331503868,0.828282833099,1.17744755745,1.30708765984,0.129640102386
0.825064778328,0.828282833099,1.2136245966,1.35591948032,0.142294883728
0.856797993183,0.828282833099,1.24857974052,1.40289378166,0.154314041138
0.888531267643,0.828282833099,1.28227758408,1.44791090488,0.165633320808
0.920264542103,0.828282833099,1.31468427181,1.49088943005,0.176205158234
0.951997756958,0.828282833099,1.34576714039,1.53176438808,0.185997247696
0.983731031418,0.828282833099,1.37549507618,1.57048892975,0.194993853569
1.01546430588,0.828282833099,1.40383791924,1.60702991486,0.203191995621
1.04719758034,0.828282833099,1.43076717854,1.64136922359,0.210602045059
1.0789308548,0.828282833099,1.45625591278,1.67350077629,0.21724486351
1.11066412926,0.828282833099,1.48027837276,1.70342826843,0.223149895668
1.14239740372,0.828282833099,1.50281012058,1.73116493225,0.228354811668
1.17413055897,0.828282833099,1.52382862568,1.7567306757,0.232902050018
1.20586383343,0.828282833099,1.54331278801,1.78015053272,0.236837744713
1.23759710789,0.828282833099,1.56124317646,1.80145335197,0.240210175514
1.26933038235,0.828282833099,1.57760131359,1.82067084312,0.243069529533
1.30106365681,0.828282833099,1.59237110615,1.83783459663,0.245463490486
1.33279693127,0.828282833099,1.60553741455,1.8529779911,0.247440576553
1.36453020573,0.828282833099,1.61708712578,1.86613178253,0.249044656754
1.39626336098,0.828282833099,1.62700843811,1.87732625008,0.250317811966
1.42799663544,0.828282833099,1.63529157639,1.88658928871,0.251297712326
1.4597299099,0.828282833099,1.64192819595,1.89394545555,0.252017259598
1.49146318436,0.828282833099,1.64691150188,1.89941644669,0.252504944801
1.52319645882,0.828282833099,1.65023636818,1.90302014351,0.25278377533
1.55492973328,0.828282833099,1.6518996954,1.90477061272,0.25287091732
1.58666300774,0.828282833099,1.6518996954,1.90467786789,0.252778172493
1.6183962822,0.828282833099,1.65023636818,1.9027479887,0.252511620522
1.65012955666,0.828282833099,1.64691150188,1.89898121357,0.252069711685
1.68186283112,0.828282833099,1.64192819595,1.89337444305,0.251446247101
1.71359610558,0.828282833099,1.63529157639,1.88591957092,0.250627994537
1.74532938004,0.828282833099,1.62700843811,1.87660384178,0.249595403671
1.77706253529,0.828282833099,1.61708712578,1.8654088974,0.248321771622
1.80879580975,0.828282833099,1.60553741455,1.85231280327,0.246775388718
1.84052908421,0.828282833099,1.59237110615,1.83728826046,0.244917154312
1.87226235867,0.828282833099,1.57760131359,1.82030332088,0.242702007294
1.90399563313,0.828282833099,1.56124305725,1.80132222176,0.240079164505
1.93572890759,0.828282833099,1.54331278801,1.78030574322,0.236992955208
1.96746218204,0.828282833099,1.52382862568,1.75721204281,0.23338341713
1.9991953373,0.828282833099,1.50281000137,1.73199677467,0.2291867733
2.03092861176,0.828282833099,1.48027825356,1.70461583138,0.22433757782
2.06266188622,0.828282833099,1.45625591278,1.67502582073,0.218769907951
2.09439516068,0.828282833099,1.43076717854,1.64318776131,0.212420582771
2.12612843513,0.828282833099,1.40383780003,1.60906720161,0.205229401588
2.15786170959,0.828282833099,1.37549495697,1.57263851166,0.197143554688
2.18959498405,0.828282833099,1.34576714039,1.53388702869,0.188119888306
2.22132825851,0.828282833099,1.3146841526,1.49281191826,0.178127765656
2.25306153297,0.828282833099,1.28227734566,1.44942939281,0.167152047157
2.28479480743,0.828282833099,1.24857950211,1.40377283096,0.155193328857
2.31652784348,0.828282833099,1.21362471581,1.35589849949,0.142273783684
2.34826135635,0.828282833099,1.17744731903,1.30588126183,0.128433942795
2.3799943924,0.828282833099,1.14008486271,1.25382089615,0.11373603344
2.41172790527,0.828282833099,1.10157394409,1.19983553886,0.0982615947723
2.44346094131,0.828282833099,1.06195437908,1.14406824112,0.0821138620377
2.47519421577,0.828282833099,1.02126526833,1.08667993546,0.0654146671295
2.50692749023,0.828282833099,0.979547739029,1.0278557539,0.0483080148697
2.53866076469,0.828282833099,0.93684387207,0.967800915241,0.0309570431709
2.57039403915,0.828282833099,0.893196761608,0.906744480133,0.0135477185249
2.60212731361,0.828282833099,0.848650336266,0.844937980175,0.00371235609055
2.63386058807,0.828282833099,0.803249239922,0.782652020454,0.0205972194672
2.66559386253,0.828282833099,0.757039427757,0.720171689987,0.0368677377701
2.69732713699,0.828282833099,0.710067331791,0.657784581184,0.0522827506065
2.72906041145,0.828282833099,0.662380278111,0.595767557621,0.0666127204895
2.76079368591,0.828282833099,0.61402618885,0.53436845541,0.0796577334404
2.79252696037,0.828282833099,0.565053880215,0.473792552948,0.0912613272667
2.82426023483,0.828282833099,0.51551258564,0.41419172287,0.10132086277
2.85599327087,0.828282833099,0.465452641249,0.35566008091,0.109792560339
2.88772678375,0.828282833099,0.414923191071,0.298234373331,0.116688817739
2.91945981979,0.828282833099,0.3639767766,0.241909921169,0.122066855431
2.95119309425,0.828282833099,0.312663435936,0.18664611876,0.126017317176
2.98292636871,0.828282833099,0.261035293341,0.132387936115,0.128647357225
3.01465964317,0.828282833099,0.209144324064,0.0790790319443,0.13006529212
3.04639291763,0.828282833099,0.157042756677,0.0266766212881,0.130366131663
3.07812619209,0.828282833099,0.104783058167,-0.0248371623456,0.129620224237
3.10985946655,0.828282833099,0.0524178445339,-0.0754463598132,0.127864211798
3.14159274101,0.828282833099,-1.44431837157e-07,-0.125095799565,0.125095650554
0,0.838383853436,0,-0.111523501575,0.111523501575
0.0317332595587,0.838383853436,0.05248304829,-0.0540016107261,0.106484659016
0.0634665191174,0.838383853436,0.104913257062,0.00409311428666,0.10082013905
0.095199778676,0.838383853436,0.157237812877,0.0625180751085,0.0947197377682
0.126933038235,0.838383853436,0.209404066205,0.121091552079,0.0883125141263
0.158666297793,0.838383853436,0.261359423399,0.179692238569,0.0816671848297
0.190399557352,0.838383853436,0.31305167079,0.238254979253,0.0747966915369
0.222132816911,0.838383853436,0.364428669214,0.29676052928,0.0676681399345
0.253866076469,0.838383853436,0.415438711643,0.355226039886,0.0602126717567
0.285599350929,0.838383853436,0.46603050828,0.413690775633,0.0523397326469
0.317332595587,0.838383853436,0.516152977943,0.472203969955,0.043949007988
0.349065840244,0.838383853436,0.565755665302,0.530808031559,0.0349476337433
0.380799114704,0.838383853436,0.61478883028,0.589525461197,0.0252633690834
0.412532389164,0.838383853436,0.663202881813,0.648348748684,0.0148541331291
0.444265633821,0.838383853436,0.710949122906,0.707232892513,0.00371623039246
0.475998878479,0.838383853436,0.757979571819,0.766094923019,0.0081153512001
0.507732152939,0.838383853436,0.804246783257,0.824814260006,0.0205674767494
0.539465427399,0.838383853436,0.849704146385,0.883240222931,0.0335360765457
0.571198701859,0.838383853436,0.894305944443,0.941200733185,0.0468947887421
0.602931916714,0.838383853436,0.938007235527,0.998509645462,0.060502409935
0.634665191174,0.838383853436,0.980764091015,1.05497574806,0.0742116570473
0.666398465633,0.838383853436,1.02253329754,1.11041009426,0.0878767967224
0.698131680489,0.838383853436,1.06327295303,1.16463065147,0.101357698441
0.729864954948,0.838383853436,1.1029419899,1.21746695042,0.114524960518
0.761598229408,0.838383853436,1.14150047302,1.26876282692,0.127262353897
0.793331503868,0.838383853436,1.17890954018,1.31837725639,0.139467716217
0.825064778328,0.838383853436,1.21513152122,1.36618769169,0.151056170464
0.856797993183,0.838383853436,1.25013005733,1.41208803654,0.161957979202
0.888531267643,0.838383853436,1.28386974335,1.45599162579,0.172121882439
0.920264542103,0.838383853436,1.31631660461,1.49782800674,0.18151140213
0.951997756958,0.838383853436,1.347438097,1.53754520416,0.190107107162
0.983731031418,0.838383853436,1.37720298767,1.57510578632,0.197902798653
1.01546430588,0.838383853436,1.40558099747,1.61048781872,0.204906821251
1.04719758034,0.838383853436,1.43254375458,1.64368212223,0.211138367653
1.0789308548,0.838383853436,1.45806407928,1.67469036579,0.216626286507
1.11066412926,0.838383853436,1.48211634159,1.70352470875,0.221408367157
1.14239740372,0.838383853436,1.50467610359,1.73020362854,0.225527524948
1.17413055897,0.838383853436,1.52572071552,1.75475394726,0.229033231735
1.20586383343,0.838383853436,1.54522907734,1.77720499039,0.231975913048
1.23759710789,0.838383853436,1.56318163872,1.79759001732,0.234408378601
1.26933038235,0.838383853436,1.57956016064,1.81594371796,0.23638355732
1.30106365681,0.838383853436,1.59434819221,1.83230209351,0.237953901291
1.33279693127,0.838383853436,1.6075309515,1.84669971466,0.239168763161
1.36453020573,0.838383853436,1.61909496784,1.85917043686,0.240075469017
1.39626336098,0.838383853436,1.62902867794,1.86974668503,0.240718007088
1.42799663544,0.838383853436,1.63732206821,1.87845766544,0.241135597229
1.4597299099,0.838383853436,1.64396679401,1.88532948494,0.241362690926
1.49146318436,0.838383853436,1.64895641804,1.89038527012,0.241428852081
1.52319645882,0.838383853436,1.65228545666,1.89364421368,0.241358757019
1.55492973328,0.838383853436,1.65395081043,1.89512121677,0.241170406342
1.58666300774,0.838383853436,1.65395081043,1.89482820034,0.240877389908
1.6183962822,0.838383853436,1.65228545666,1.89277088642,0.240485429764
1.65012955666,0.838383853436,1.64895641804,1.88895153999,0.239995121956
1.68186283112,0.838383853436,1.64396679401,1.88336753845,0.239400744438
1.71359610558,0.838383853436,1.63732206821,1.87601184845,0.238689780235
1.74532938004,0.838383853436,1.62902867794,1.86687219143,0.237843513489
1.77706253529,0.838383853436,1.61909496784,1.85593152046,0.23683655262
1.80879580975,0.838383853436,1.6075309515,1.84316766262,0.235636711121
1.84052908421,0.838383853436,1.59434819221,1.82855451107,0.234206318855
1.87226235867,0.838383853436,1.57956016064,1.81205976009,0.232499599457
1.90399563313,0.838383853436,1.56318163872,1.79364860058,0.230466961861
1.93572890759,0.838383853436,1.54522907734,1.77328062057,0.228051543236
1.96746218204,0.838383853436,1.52572071552,1.75091350079,0.225192785263
1.9991953373,0.838383853436,1.50467598438,1.72650170326,0.22182571888
2.03092861176,0.838383853436,1.48211622238,1.69999909401,0.217882871628
2.06266188622,0.838383853436,1.45806407928,1.6713591814,0.213295102119
2.09439516068,0.838383853436,1.43254375458,1.64053893089,0.207995176315
2.12612843513,0.838383853436,1.40558087826,1.60749912262,0.201918244362
2.15786170959,0.838383853436,1.37720286846,1.57220757008,0.195004701614
2.18959498405,0.838383853436,1.347438097,1.53464221954,0.187204122543
2.22132825851,0.838383853436,1.3163164854,1.49479222298,0.178475737572
2.25306153297,0.838383853436,1.28386950493,1.45266401768,0.168794512749
2.28479480743,0.838383853436,1.25012981892,1.40827906132,0.158149242401
2.31652784348,0.838383853436,1.21513164043,1.36168026924,0.146548628807
2.34826135635,0.838383853436,1.17890930176,1.31292939186,0.134020090103
2.3799943924,0.838383853436,1.14150047302,1.26211166382,0.120611190796
2.41172790527,0.838383853436,1.10294175148,1.20933115482,0.106389403343
2.44346094131,0.838383853436,1.06327295303,1.15471577644,0.09144282341
2.47519421577,0.838383853436,1.02253329754,1.09841275215,0.0758794546127
2.50692749023,0.838383853436,0.980763971806,1.04059195518,0.0598279833794
2.53866076469,0.838383853436,0.938007116318,0.981444835663,0.0434377193451
2.57039403915,0.838383853436,0.894305825233,0.921185970306,0.0268801450729
2.60212731361,0.838383853436,0.849704086781,0.860053598881,0.0103495121002
2.63386058807,0.838383853436,0.804246604443,0.798306584358,0.00594002008438
2.66559386253,0.838383853436,0.75797945261,0.7362216115,0.0217578411102
2.69732713699,0.838383853436,0.710949003696,0.674081802368,0.0368672013283
2.72906041145,0.838383853436,0.663202702999,0.612164199352,0.0510385036469
2.76079368591,0.838383853436,0.614788591862,0.550723612309,0.0640649795532
2.79252696037,0.838383853436,0.565755486488,0.489977329969,0.0757781565189
2.82426023483,0.838383853436,0.51615267992,0.430091738701,0.0860609412193
2.85599327087,0.838383853436,0.466030567884,0.371177464724,0.0948531031609
2.88772678375,0.838383853436,0.415438383818,0.313287645578,0.102150738239
2.91945981979,0.838383853436,0.364428699017,0.256431877613,0.107996821404
2.95119309425,0.838383853436,0.31305167079,0.200581744313,0.112469926476
2.98292636871,0.838383853436,0.261359423399,0.145690649748,0.115668773651
3.01465964317,0.838383853436,0.2094040066,0.0917090401053,0.117694966495
3.04639291763,0.838383853436,0.157237753272,0.0385988913476,0.118638858199
3.07812619209,0.838383853436,0.104913160205,-0.0136537747458,0.118566937745
3.10985946655,0.838383853436,0.0524829290807,-0.0650287792087,0.117511704564
3.14159274101,0.838383853436,-1.44611178143e-07,-0.115467339754,0.115467198193
0,0.848484873772,0,-0.104514971375,0.104514971375
0.0317332595587,0.848484873772,0.0525452569127,-0.0460308156908,0.0985760688782
0.0634665191174,0.848484873772,0.105037614703,0.0130123617128,0.0920252501965
0.095199778676,0.848484873772,0.157424196601,0.0723577812314,0.0850664153695
0.126933038235,0.848484873772,0.209652274847,0.131814271212,0.0778380036354
0.158666297793,0.848484873772,0.261669248343,0.191253617406,0.0704156309366
0.190399557352,0.848484873772,0.313422739506,0.250605195761,0.062817543745
0.222132816911,0.848484873772,0.364860653877,0.309846639633,0.0550140142441
0.253866076469,0.848484873772,0.415931165218,0.368990749121,0.0469404160976
0.285599350929,0.848484873772,0.466582924128,0.428073227406,0.038509696722
0.317332595587,0.848484873772,0.516764760017,0.487137258053,0.0296275019646
0.349065840244,0.848484873772,0.566426336765,0.546217858791,0.0202084779739
0.380799114704,0.848484873772,0.615517556667,0.605328202248,0.0101893544197
0.412532389164,0.848484873772,0.663989067078,0.664451062679,0.000461995601654
0.444265633821,0.848484873772,0.711791872978,0.723531246185,0.0117393732071
0.475998878479,0.848484873772,0.758878052235,0.782475888729,0.0235978364944
0.507732152939,0.848484873772,0.805200099945,0.84115844965,0.0359583497047
0.539465427399,0.848484873772,0.850711345673,0.899423599243,0.0487122535706
0.571198701859,0.848484873772,0.89536601305,0.957098007202,0.0617319941521
0.602931916714,0.848484873772,0.939119100571,1.0139977932,0.074878692627
0.634665191174,0.848484873772,0.981926620007,1.0699365139,0.0880098938942
0.666398465633,0.848484873772,1.02374541759,1.12473118305,0.100985765457
0.698131680489,0.848484873772,1.06453323364,1.1782091856,0.113675951958
0.729864954948,0.848484873772,1.10424935818,1.230209589,0.125960230827
0.761598229408,0.848484873772,1.14285361767,1.28058719635,0.137733578682
0.793331503868,0.848484873772,1.18030691147,1.32921290398,0.148905992508
0.825064778328,0.848484873772,1.21657192707,1.37597572803,0.159403800964
0.856797993183,0.848484873772,1.2516118288,1.42078220844,0.169170379639
0.888531267643,0.848484873772,1.28539156914,1.46355700493,0.178165435791
0.920264542103,0.848484873772,1.31787693501,1.50424206257,0.186365127563
0.951997756958,0.848484873772,1.34903526306,1.54279637337,0.193761110306
0.983731031418,0.848484873772,1.37883543968,1.5791926384,0.200357198715
1.01546430588,0.848484873772,1.4072470665,1.61341905594,0.206171989441
1.04719758034,0.848484873772,1.4342417717,1.64547431469,0.211232542992
1.0789308548,0.848484873772,1.45979249477,1.67536914349,0.215576648712
1.11066412926,0.848484873772,1.48387312889,1.7031211853,0.219248056412
1.14239740372,0.848484873772,1.50645959377,1.72875654697,0.222296953201
1.17413055897,0.848484873772,1.52752923965,1.7523059845,0.224776744843
1.20586383343,0.848484873772,1.54706072807,1.77380371094,0.226742982864
1.23759710789,0.848484873772,1.56503462791,1.7932870388,0.228252410889
1.26933038235,0.848484873772,1.58143246174,1.81079387665,0.229361414909
1.30106365681,0.848484873772,1.59623813629,1.82636320591,0.230125069618
1.33279693127,0.848484873772,1.60943639278,1.84003186226,0.230595469475
1.36453020573,0.848484873772,1.62101411819,1.85183596611,0.230821847916
1.39626336098,0.848484873772,1.63095963001,1.86180949211,0.230849862099
1.42799663544,0.848484873772,1.63926291466,1.86998283863,0.230719923973
1.4597299099,0.848484873772,1.64591550827,1.87638437748,0.230468869209
1.49146318436,0.848484873772,1.65091097355,1.88103783131,0.230126857758
1.52319645882,0.848484873772,1.65424394608,1.88396370411,0.229719758034
1.55492973328,0.848484873772,1.65591132641,1.88517820835,0.229266881943
1.58666300774,0.848484873772,1.65591132641,1.88469350338,0.228782176971
1.6183962822,0.848484873772,1.65424394608,1.88251674175,0.228272795677
1.65012955666,0.848484873772,1.65091097355,1.8786509037,0.227739930153
1.68186283112,0.848484873772,1.64591550827,1.87309479713,0.227179288864
1.71359610558,0.848484873772,1.63926291466,1.86584126949,0.226578354836
1.74532938004,0.848484873772,1.63095963001,1.85687935352,0.225919723511
1.77706253529,0.848484873772,1.62101411819,1.84619259834,0.225178480148
1.80879580975,0.848484873772,1.60943639278,1.83375966549,0.224323272705
1.84052908421,0.848484873772,1.59623813629,1.8195540905,0.223315954208
1.87226235867,0.848484873772,1.58143246174,1.80354511738,0.22211265564
1.90399563313,0.848484873772,1.56503450871,1.78569674492,0.220662236214
1.93572890759,0.848484873772,1.54706072807,1.76596963406,0.218908905983
1.96746218204,0.848484873772,1.52752923965,1.74431991577,0.216790676117
1.9991953373,0.848484873772,1.50645947456,1.72070121765,0.214241743088
2.03092861176,0.848484873772,1.48387300968,1.69506549835,0.21119248867
2.06266188622,0.848484873772,1.45979237556,1.66736459732,0.207572221756
2.09439516068,0.848484873772,1.4342417717,1.63755118847,0.203309416771
2.12612843513,0.848484873772,1.4072470665,1.60558152199,0.19833445549
2.15786170959,0.848484873772,1.37883532047,1.5714174509,0.192582130432
2.18959498405,0.848484873772,1.34903526306,1.53502976894,0.185994505882
2.22132825851,0.848484873772,1.3178768158,1.49639987946,0.17852306366
2.25306153297,0.848484873772,1.28539133072,1.45552325249,0.170131921768
2.28479480743,0.848484873772,1.25161170959,1.4124109745,0.160799264908
2.31652784348,0.848484873772,1.21657204628,1.36709308624,0.150521039963
2.34826135635,0.848484873772,1.18030679226,1.3196182251,0.139311432838
2.3799943924,0.848484873772,1.14285361767,1.27005779743,0.127204179764
2.41172790527,0.848484873772,1.10424911976,1.21850144863,0.114252328873
2.44346094131,0.848484873772,1.06453335285,1.16506326199,0.100529909134
2.47519421577,0.848484873772,1.02374541759,1.10987520218,0.086129784584
2.50692749023,0.848484873772,0.981926560402,1.05309307575,0.0711665153503
2.53866076469,0.848484873772,0.939118981361,0.994893610477,0.0557746291161
2.57039403915,0.848484873772,0.895365893841,0.935477852821,0.0401119589806
2.60212731361,0.848484873772,0.850711286068,0.875069379807,0.0243580937386
2.63386058807,0.848484873772,0.805199921131,0.813914895058,0.00871497392654
2.66559386253,0.848484873772,0.758877873421,0.75228112936,0.00659674406052
2.69732713699,0.848484873772,0.711791694164,0.690445065498,0.0213466286659
2.72906041145,0.848484873772,0.663988828659,0.628683209419,0.0353056192398
2.76079368591,0.848484873772,0.615517318249,0.567254900932,0.0482624173164
2.79252696037,0.848484873772,0.566426098347,0.506387233734,0.0600388646126
2.82426023483,0.848484873772,0.516764521599,0.446261107922,0.0705034136772
2.85599327087,0.848484873772,0.466582983732,0.387003391981,0.0795795917511
2.88772678375,0.848484873772,0.41593080759,0.328683674335,0.087247133255
2.91945981979,0.848484873772,0.36486068368,0.271326959133,0.0935337245464
2.95119309425,0.848484873772,0.313422739506,0.214916646481,0.0985060930252
2.98292636871,0.848484873772,0.26166921854,0.159415781498,0.102253437042
3.01465964317,0.848484873772,0.209652230144,0.104782395065,0.104869835079
3.04639291763,0.848484873772,0.157424136996,0.0509832911193,0.106440842152
3.07812619209,0.848484873772,0.105037517846,-0.00199127476662,0.107028789818
3.10985946655,0.848484873772,0.0525451414287,-0.0541177652776,0.106662906706
3.14159274101,0.848484873772,-1.44782589473e-07,-0.105333924294,0.105333782732
0,0.858585834503,0,-0.0970034524798,0.0970034524798
0.0317332595587,0.858585834503,0.0526044256985,-0.0375623703003,0.0901667922735
0.0634665191174,0.858585834503,0.105155900121,0.0224181897938,0.0827377140522
0.095199778676,0.858585834503,0.157601460814,0.0826704949141,0.0749309659004
0.126933038235,0.858585834503,0.209888368845,0.142992630601,0.0668957382441
0.158666297793,0.858585834503,0.261963903904,0.203250214458,0.0587136894464
0.190399557352,0.858585834503,0.313775658607,0.263366490602,0.050409168005
0.222132816911,0.858585834503,0.365271508694,0.323316216469,0.0419552922249
0.253866076469,0.858585834503,0.416399538517,0.383108437061,0.0332911014557
0.285599350929,0.858585834503,0.467108339071,0.4427742064,0.0243341326714
0.317332595587,0.858585834503,0.517346680164,0.502350866795,0.0149958133698
0.349065840244,0.858585834503,0.567064166069,0.561865031719,0.00519913434982
0.380799114704,0.858585834503,0.616210699081,0.621321499348,0.00511080026627
0.412532389164,0.858585834503,0.664736747742,0.680692076683,0.0159553289413
0.444265633821,0.858585834503,0.712593376637,0.739912569523,0.0273191928864
0.475998878479,0.858585834503,0.759732604027,0.798881828785,0.0391492247581
0.507732152939,0.858585834503,0.806106805801,0.857467591763,0.0513607859612
0.539465427399,0.858585834503,0.851669311523,0.915511667728,0.063842356205
0.571198701859,0.858585834503,0.896374225616,0.97284078598,0.0764665603638
0.602931916714,0.858585834503,0.940176606178,1.02927458286,0.0890979766846
0.634665191174,0.858585834503,0.983032345772,1.08463132381,0.101598978043
0.666398465633,0.858585834503,1.02489817142,1.13873660564,0.113838434219
0.698131680489,0.858585834503,1.06573200226,1.19142639637,0.125694394112
0.729864954948,0.858585834503,1.10549271107,1.24255084991,0.137058138847
0.761598229408,0.858585834503,1.14414048195,1.2919754982,0.147835016251
0.793331503868,0.858585834503,1.18163609505,1.33958315849,0.157947063446
0.825064778328,0.858585834503,1.21794188023,1.3852751255,0.167333245277
0.856797993183,0.858585834503,1.25302124023,1.42896974087,0.175948500633
0.888531267643,0.858585834503,1.28683900833,1.47060382366,0.183764815331
0.920264542103,0.858585834503,1.31936097145,1.51013064384,0.190769672394
0.951997756958,0.858585834503,1.35055446625,1.54751896858,0.196964502335
0.983731031418,0.858585834503,1.38038802147,1.58275282383,0.202364802361
1.01546430588,0.858585834503,1.40883183479,1.61582815647,0.206996321678
1.04719758034,0.858585834503,1.43585681915,1.64675307274,0.210896253586
1.0789308548,0.858585834503,1.46143627167,1.67554438114,0.214108109474
1.11066412926,0.858585834503,1.4855440855,1.70222747326,0.216683387756
1.14239740372,0.858585834503,1.50815606117,1.72683334351,0.218677282333
1.17413055897,0.858585834503,1.52924931049,1.74939727783,0.220147967339
1.20586383343,0.858585834503,1.54880285263,1.76995825768,0.221155405045
1.23759710789,0.858585834503,1.56679689884,1.7885569334,0.221760034561
1.26933038235,0.858585834503,1.58321332932,1.80523455143,0.222021222115
1.30106365681,0.858585834503,1.59803557396,1.8200314045,0.221995830536
1.33279693127,0.858585834503,1.61124873161,1.83298790455,0.221739172935
1.36453020573,0.858585834503,1.62283945084,1.84414172173,0.221302270889
1.39626336098,0.858585834503,1.63279616833,1.85352814198,0.220731973648
1.42799663544,0.858585834503,1.64110887051,1.86117959023,0.220070719719
1.4597299099,0.858585834503,1.6477689743,1.86712443829,0.219355463982
1.49146318436,0.858585834503,1.65277004242,1.87138915062,0.2186191082
1.52319645882,0.858585834503,1.65610682964,1.8739938736,0.217887043953
1.55492973328,0.858585834503,1.65777599812,1.87495648861,0.217180490494
1.58666300774,0.858585834503,1.65777599812,1.87428987026,0.216513872147
1.6183962822,0.858585834503,1.65610682964,1.87200152874,0.215894699097
1.65012955666,0.858585834503,1.65277004242,1.86809647083,0.215326428413
1.68186283112,0.858585834503,1.6477689743,1.8625729084,0.214803934097
1.71359610558,0.858585834503,1.64110887051,1.85542523861,0.214316368103
1.74532938004,0.858585834503,1.63279616833,1.84664273262,0.213846564293
1.77706253529,0.858585834503,1.62283945084,1.83620989323,0.21337044239
1.80879580975,0.858585834503,1.61124873161,1.8241058588,0.21285712719
1.84052908421,0.858585834503,1.59803557396,1.81030488014,0.212269306183
1.87226235867,0.858585834503,1.58321332932,1.79477632046,0.211562991142
1.90399563313,0.858585834503,1.56679689884,1.7774848938,0.210687994957
1.93572890759,0.858585834503,1.54880285263,1.75839042664,0.209587574005
1.96746218204,0.858585834503,1.52924931049,1.73744857311,0.208199262619
1.9991953373,0.858585834503,1.50815594196,1.71461284161,0.206456899643
2.03092861176,0.858585834503,1.48554396629,1.68983364105,0.204289674759
2.06266188622,0.858585834503,1.46143615246,1.66305935383,0.20162320137
2.09439516068,0.858585834503,1.43585681915,1.63424062729,0.198383808136
2.12612843513,0.858585834503,1.40883171558,1.60332930088,0.194497585297
2.15786170959,0.858585834503,1.38038802147,1.57028269768,0.189894676208
2.18959498405,0.858585834503,1.35055446625,1.53506362438,0.184509158134
2.22132825851,0.858585834503,1.31936085224,1.49764633179,0.178285479546
2.25306153297,0.858585834503,1.28683876991,1.45801723003,0.171178460121
2.28479480743,0.858585834503,1.25302112103,1.41617643833,0.163155317307
2.31652784348,0.858585834503,1.21794199944,1.3721421957,0.154200196266
2.34826135635,0.858585834503,1.18163585663,1.32595050335,0.144314646721
2.3799943924,0.858585834503,1.14414048195,1.27765917778,0.133518695831
2.41172790527,0.858585834503,1.10549259186,1.2273440361,0.121851444244
2.44346094131,0.858585834503,1.06573212147,1.1751049757,0.109372854233
2.47519421577,0.858585834503,1.02489817142,1.1210590601,0.0961608886719
2.50692749023,0.858585834503,0.983032226562,1.06534802914,0.0823158025742
2.53866076469,0.858585834503,0.940176486969,1.0081346035,0.0679581165314
2.57039403915,0.858585834503,0.896374166012,0.949604034424,0.053229868412
2.60212731361,0.858585834503,0.851669192314,0.889966726303,0.038297533989
2.63386058807,0.858585834503,0.806106626987,0.829456746578,0.0233501195908
2.66559386253,0.858585834503,0.759732425213,0.768328905106,0.00859647989273
2.69732713699,0.858585834503,0.712593257427,0.70685338974,0.00573986768723
2.72906041145,0.858585834503,0.664736568928,0.645303308964,0.019433259964
2.76079368591,0.858585834503,0.616210460663,0.583941757679,0.0322687029839
2.79252696037,0.858585834503,0.56706392765,0.523003637791,0.0440602898598
2.82426023483,0.858585834503,0.517346441746,0.462683022022,0.0546634197235
2.85599327087,0.858585834503,0.467108368874,0.40312281251,0.0639855563641
2.88772678375,0.858585834503,0.416399180889,0.344409555197,0.0719896256924
2.91945981979,0.858585834503,0.365271538496,0.286583214998,0.0786883234978
2.95119309425,0.858585834503,0.313775658607,0.229640454054,0.0841352045536
2.98292636871,0.858585834503,0.261963874102,0.173555135727,0.0884087383747
3.01465964317,0.858585834503,0.20988830924,0.118292614818,0.0915956944227
3.04639291763,0.858585834503,0.15760140121,0.06382483989,0.0937765613198
3.07812619209,0.858585834503,0.105155795813,0.010146420449,0.0950093716383
3.10985946655,0.858585834503,0.0526043102145,-0.0427162274718,0.0953205376863
3.14159274101,0.858585834503,-1.44945630609e-07,-0.0946964174509,0.0946962758899
0,0.868686854839,0,-0.088980011642,0.088980011642
0.0317332595587,0.868686854839,0.0526604801416,-0.0285913199186,0.0812518000603
0.0634665191174,0.868686854839,0.105267949402,0.032314889133,0.0729530602694
0.095199778676,0.868686854839,0.157769396901,0.0934572964907,0.0643121004105
0.126933038235,0.868686854839,0.210112005472,0.154625728726,0.0554862767458
0.158666297793,0.868686854839,0.262243032455,0.2156778723,0.0465651601553
0.190399557352,0.868686854839,0.314110010862,0.276533424854,0.0375765860081
0.222132816911,0.868686854839,0.365660727024,0.337161362171,0.0284993648529
0.253866076469,0.868686854839,0.416843235493,0.397569000721,0.0192742347717
0.285599350929,0.868686854839,0.467606067657,0.457780897617,0.00982517004013
0.317332595587,0.868686854839,0.517897963524,0.517829060555,6.89029693604e-05
0.349065840244,0.868686854839,0.567668378353,0.577731728554,0.0100633502007
0.380799114704,0.868686854839,0.616867303848,0.637484371662,0.0206170678139
0.412532389164,0.868686854839,0.665445029736,0.697049319744,0.0316042900085
0.444265633821,0.868686854839,0.713352680206,0.756352961063,0.0430002808571
0.475998878479,0.868686854839,0.760542154312,0.815288126469,0.0547459721565
0.507732152939,0.868686854839,0.806965768337,0.873716711998,0.0667509436607
0.539465427399,0.868686854839,0.85257679224,0.931479811668,0.0789030194283
0.571198701859,0.868686854839,0.897329390049,0.988405108452,0.0910757184029
0.602931916714,0.868686854839,0.941178441048,1.0443161726,0.103137731552
0.634665191174,0.868686854839,0.984079837799,1.09903907776,0.11495923996
0.666398465633,0.868686854839,1.02599024773,1.1524066925,0.126416444778
0.698131680489,0.868686854839,1.06686758995,1.20426523685,0.137397646904
0.729864954948,0.868686854839,1.10667073727,1.25447571278,0.14780497551
0.761598229408,0.868686854839,1.14535963535,1.3029153347,0.157555699348
0.793331503868,0.868686854839,1.18289518356,1.34947896004,0.166583776474
0.825064778328,0.868686854839,1.21923959255,1.39407920837,0.174839615822
0.856797993183,0.868686854839,1.25435638428,1.43664717674,0.182290792465
0.888531267643,0.868686854839,1.28821015358,1.47713029385,0.188920140266
0.920264542103,0.868686854839,1.3207668066,1.51549339294,0.194726586342
0.951997756958,0.868686854839,1.35199356079,1.55171537399,0.199721813202
0.983731031418,0.868686854839,1.38185894489,1.58578956127,0.203930616379
1.01546430588,0.868686854839,1.41033291817,1.61772072315,0.207387804985
1.04719758034,0.868686854839,1.43738687038,1.64752423763,0.210137367249
1.0789308548,0.868686854839,1.46299350262,1.67522442341,0.212230920792
1.11066412926,0.868686854839,1.48712706566,1.70085251331,0.213725447655
1.14239740372,0.868686854839,1.5097630024,1.72444367409,0.214680671692
1.17413055897,0.868686854839,1.53087878227,1.74603879452,0.215160012245
1.20586383343,0.868686854839,1.55045318604,1.76568031311,0.215227127075
1.23759710789,0.868686854839,1.56846642494,1.78341174126,0.214945316315
1.26933038235,0.868686854839,1.58490037918,1.79927718639,0.214376807213
1.30106365681,0.868686854839,1.59973835945,1.81332015991,0.213581800461
1.33279693127,0.868686854839,1.61296570301,1.82558202744,0.212616324425
1.36453020573,0.868686854839,1.62456870079,1.83610200882,0.211533308029
1.39626336098,0.868686854839,1.63453602791,1.84491765499,0.210381627083
1.42799663544,0.868686854839,1.64285755157,1.85206198692,0.209204435349
1.4597299099,0.868686854839,1.64952468872,1.85756540298,0.208040714264
1.49146318436,0.868686854839,1.65453112125,1.86145412922,0.206923007965
1.52319645882,0.868686854839,1.65787148476,1.86375045776,0.205878973007
1.55492973328,0.868686854839,1.65954244137,1.86447191238,0.204929471016
1.58666300774,0.868686854839,1.65954244137,1.86363279819,0.204090356827
1.6183962822,0.868686854839,1.65787148476,1.86124169827,0.203370213509
1.65012955666,0.868686854839,1.65453112125,1.85730361938,0.202772498131
1.68186283112,0.868686854839,1.64952468872,1.85181772709,0.202293038368
1.71359610558,0.868686854839,1.64285755157,1.84477937222,0.201921820641
1.74532938004,0.868686854839,1.63453602791,1.83617854118,0.201642513275
1.77706253529,0.868686854839,1.62456870079,1.82599973679,0.201431035995
1.80879580975,0.868686854839,1.61296570301,1.81422317028,0.20125746727
1.84052908421,0.868686854839,1.59973835945,1.80082380772,0.201085448265
1.87226235867,0.868686854839,1.58490037918,1.78577113152,0.200870752335
1.90399563313,0.868686854839,1.56846630573,1.7690294981,0.200563192368
1.93572890759,0.868686854839,1.55045318604,1.75055992603,0.200106739998
1.96746218204,0.868686854839,1.53087878227,1.7303173542,0.19943857193
1.9991953373,0.868686854839,1.5097630024,1.70825409889,0.198491096497
2.03092861176,0.868686854839,1.48712694645,1.68431913853,0.197192192078
2.06266188622,0.868686854839,1.46299338341,1.65846002102,0.195466637611
2.09439516068,0.868686854839,1.43738687038,1.63062369823,0.19323682785
2.12612843513,0.868686854839,1.41033291817,1.60075867176,0.190425753593
2.15786170959,0.868686854839,1.38185882568,1.56881713867,0.186958312988
2.18959498405,0.868686854839,1.35199356079,1.53475689888,0.182763338089
2.22132825851,0.868686854839,1.32076668739,1.49854409695,0.177777409554
2.25306153297,0.868686854839,1.28821003437,1.46015608311,0.171946048737
2.28479480743,0.868686854839,1.25435626507,1.41958379745,0.165227532387
2.31652784348,0.868686854839,1.21923971176,1.3768337965,0.15759408474
2.34826135635,0.868686854839,1.18289494514,1.33193016052,0.149035215378
2.3799943924,0.868686854839,1.14535963535,1.28491723537,0.139557600021
2.41172790527,0.868686854839,1.10667049885,1.23585748672,0.129186987877
2.44346094131,0.868686854839,1.06686770916,1.18483626842,0.117968559265
2.47519421577,0.868686854839,1.02599024773,1.13195753098,0.105967283249
2.50692749023,0.868686854839,0.98407971859,1.07734751701,0.0932677984238
2.53866076469,0.868686854839,0.941178321838,1.0211545229,0.0799762010574
2.57039403915,0.868686854839,0.89732927084,0.963549971581,0.0662207007408
2.60212731361,0.868686854839,0.852576732635,0.904729545116,0.0521528124809
2.63386058807,0.868686854839,0.806965589523,0.844913244247,0.0379476547241
2.66559386253,0.868686854839,0.760541975498,0.78434497118,0.0238029956818
2.69732713699,0.868686854839,0.713352560997,0.72328555584,0.00993299484253
2.72906041145,0.868686854839,0.665444850922,0.662003934383,0.00344091653824
2.76079368591,0.868686854839,0.61686706543,0.600763916969,0.0161031484604
2.79252696037,0.868686854839,0.567668199539,0.539807617664,0.0278605818748
2.82426023483,0.868686854839,0.517897725105,0.479340642691,0.0385570824146
2.85599327087,0.868686854839,0.467606127262,0.419521123171,0.0480850040913
2.88772678375,0.868686854839,0.416842877865,0.360452085733,0.0563907921314
2.91945981979,0.868686854839,0.365660756826,0.302189469337,0.0634712874889
2.95119309425,0.868686854839,0.314110010862,0.244743734598,0.0693662762642
2.98292636871,0.868686854839,0.262243002653,0.188100069761,0.0741429328918
3.01465964317,0.868686854839,0.210111960769,0.132231995463,0.0778799653053
3.04639291763,0.868686854839,0.157769337296,0.0771172195673,0.0806521177292
3.07812619209,0.868686854839,0.105267852545,0.0227543525398,0.0825134962797
3.10985946655,0.868686854839,0.0526603646576,-0.0308269634843,0.0834873318672
3.14159274101,0.868686854839,-1.45100074178e-07,-0.0835569649935,0.0835568234324
0,0.878787875175,0,-0.0804400146008,0.0804400146008
0.0317332595587,0.878787875175,0.0527132414281,-0.0191134139895,0.0718266516924
0.0634665191174,0.878787875175,0.105373419821,0.0427038818598,0.0626695379615
0.095199778676,0.878787875175,0.157927468419,0.104718953371,0.053208515048
0.126933038235,0.878787875175,0.210322529078,0.166711196303,0.0436113327742
0.158666297793,0.878787875175,0.262505799532,0.228532746434,0.0339730530977
0.190399557352,0.878787875175,0.314424753189,0.290097922087,0.0243268311024
0.222132816911,0.878787875175,0.366027086973,0.351372778416,0.0146543085575
0.253866076469,0.878787875175,0.417260885239,0.412359535694,0.00490134954453
0.285599350929,0.878787875175,0.468074589968,0.473078787327,0.00500419735909
0.317332595587,0.878787875175,0.518416881561,0.533554673195,0.0151377916336
0.349065840244,0.878787875175,0.568237125874,0.593798160553,0.0255610346794
0.380799114704,0.878787875175,0.61748534441,0.653795361519,0.0363100171089
0.412532389164,0.878787875175,0.666111767292,0.713498950005,0.0473871827126
0.444265633821,0.878787875175,0.714067459106,0.77282834053,0.058760881424
0.475998878479,0.878787875175,0.761304140091,0.831668972969,0.0703648328781
0.507732152939,0.878787875175,0.807774305344,0.889880239964,0.0821059346199
0.539465427399,0.878787875175,0.853431046009,0.947302162647,0.0938711166382
0.571198701859,0.878787875175,0.898228466511,1.00376629829,0.105537831783
0.602931916714,0.878787875175,0.942121446133,1.0591006279,0.116979181767
0.634665191174,0.878787875175,0.985065817833,1.11313831806,0.128072500229
0.666398465633,0.878787875175,1.02701818943,1.16572248936,0.138704299927
0.698131680489,0.878787875175,1.06793653965,1.21670913696,0.148772597313
0.729864954948,0.878787875175,1.10777950287,1.26597070694,0.158191204071
0.761598229408,0.878787875175,1.14650726318,1.31339585781,0.166888594627
0.793331503868,0.878787875175,1.18408036232,1.35889160633,0.174811244011
0.825064778328,0.878787875175,1.22046124935,1.40238213539,0.18192088604
0.856797993183,0.878787875175,1.25561320782,1.44381034374,0.188197135925
0.888531267643,0.878787875175,1.28950095177,1.48313558102,0.19363462925
0.920264542103,0.878787875175,1.32209014893,1.52033150196,0.198241353035
0.951997756958,0.878787875175,1.35334813595,1.5553882122,0.202040076256
0.983731031418,0.878787875175,1.38324356079,1.5883077383,0.205064177513
1.01546430588,0.878787875175,1.41174602509,1.61910271645,0.20735669136
1.04719758034,0.878787875175,1.43882703781,1.64779639244,0.20896935463
1.0789308548,0.878787875175,1.46445930004,1.67441833019,0.209959030151
1.11066412926,0.878787875175,1.48861706257,1.69900548458,0.210388422012
1.14239740372,0.878787875175,1.51127576828,1.72159862518,0.210322856903
1.17413055897,0.878787875175,1.5324126482,1.74224185944,0.209829211235
1.20586383343,0.878787875175,1.55200660229,1.76098155975,0.208974957466
1.23759710789,0.878787875175,1.57003796101,1.77786397934,0.207826018333
1.26933038235,0.878787875175,1.58648824692,1.79293608665,0.206447839737
1.30106365681,0.878787875175,1.60134124756,1.80624246597,0.204901218414
1.33279693127,0.878787875175,1.61458170414,1.81782734394,0.203245639801
1.36453020573,0.878787875175,1.62619650364,1.82773137093,0.201534867287
1.39626336098,0.878787875175,1.63617372513,1.83599233627,0.199818611145
1.42799663544,0.878787875175,1.64450359344,1.84264552593,0.198141932487
1.4597299099,0.878787875175,1.65117740631,1.84772181511,0.196544408798
1.49146318436,0.878787875175,1.65618884563,1.85124838352,0.195059537888
1.52319645882,0.878787875175,1.659532547,1.85324823856,0.193715691566
1.55492973328,0.878787875175,1.66120529175,1.85374009609,0.192534804344
1.58666300774,0.878787875175,1.66120529175,1.85273826122,0.191532969475
1.6183962822,0.878787875175,1.659532547,1.85025262833,0.190720081329
1.65012955666,0.878787875175,1.65618884563,1.84628808498,0.190099239349
1.68186283112,0.878787875175,1.65117740631,1.84084558487,0.189668178558
1.71359610558,0.878787875175,1.64450359344,1.83392012119,0.189416527748
1.74532938004,0.878787875175,1.63617372513,1.82550287247,0.189329147339
1.77706253529,0.878787875175,1.62619650364,1.81557869911,0.189382195473
1.80879580975,0.878787875175,1.61458170414,1.80412864685,0.189546942711
1.84052908421,0.878787875175,1.60134124756,1.79112768173,0.189786434174
1.87226235867,0.878787875175,1.58648824692,1.77654600143,0.190057754517
1.90399563313,0.878787875175,1.5700378418,1.76034843922,0.19031059742
1.93572890759,0.878787875175,1.55200660229,1.74249589443,0.190489292145
1.96746218204,0.878787875175,1.5324126482,1.72294294834,0.19053030014
1.9991953373,0.878787875175,1.51127564907,1.70164179802,0.190366148949
2.03092861176,0.878787875175,1.48861694336,1.67853987217,0.18992292881
2.06266188622,0.878787875175,1.46445930004,1.65358328819,0.189123988152
2.09439516068,0.878787875175,1.43882703781,1.62671661377,0.187889575958
2.12612843513,0.878787875175,1.41174590588,1.59788537025,0.186139464378
2.15786170959,0.878787875175,1.38324344158,1.56703662872,0.183793187141
2.18959498405,0.878787875175,1.35334813595,1.53412330151,0.180775165558
2.22132825851,0.878787875175,1.32209002972,1.49910461903,0.17701458931
2.25306153297,0.878787875175,1.28950071335,1.46195042133,0.172449707985
2.28479480743,0.878787875175,1.25561308861,1.42264151573,0.167028427124
2.31652784348,0.878787875175,1.22046136856,1.38117420673,0.160712838173
2.34826135635,0.878787875175,1.1840801239,1.33756065369,0.153480529785
2.3799943924,0.878787875175,1.14650726318,1.29183316231,0.145325899124
2.41172790527,0.878787875175,1.10777938366,1.24404013157,0.13626074791
2.44346094131,0.878787875175,1.06793665886,1.19425368309,0.126317024231
2.47519421577,0.878787875175,1.02701818943,1.14256310463,0.115544915199
2.50692749023,0.878787875175,0.985065698624,1.08908128738,0.10401558876
2.53866076469,0.878787875175,0.942121326923,1.03394138813,0.0918200612068
2.57039403915,0.878787875175,0.898228347301,0.977300167084,0.0790718197823
2.60212731361,0.878787875175,0.8534309268,0.91933965683,0.0659087300301
2.63386058807,0.878787875175,0.80777412653,0.860265254974,0.0524911284447
2.66559386253,0.878787875175,0.761304020882,0.800308465958,0.039004445076
2.69732713699,0.878787875175,0.714067280293,0.739719748497,0.0256524682045
2.72906041145,0.878787875175,0.666111588478,0.678762853146,0.0126512646675
2.76079368591,0.878787875175,0.617485105991,0.617700219154,0.000215113162994
2.79252696037,0.878787875175,0.56823694706,0.556779205799,0.0114577412605
2.82426023483,0.878787875175,0.518416583538,0.496215313673,0.022201269865
2.85599327087,0.878787875175,0.46807461977,0.436181485653,0.0318931341171
2.88772678375,0.878787875175,0.417260527611,0.37679630518,0.0404642224312
2.91945981979,0.878787875175,0.366027116776,0.318132519722,0.0478945970535
2.95119309425,0.878787875175,0.314424753189,0.260215133429,0.0542096197605
2.98292636871,0.878787875175,0.26250576973,0.203041121364,0.059464648366
3.01465964317,0.878787875175,0.210322484374,0.146592333913,0.0637301504612
3.04639291763,0.878787875175,0.157927408814,0.0908534005284,0.067074008286
3.07812619209,0.878787875175,0.105373322964,0.0358266867697,0.0695466399193
3.10985946655,0.878787875175,0.0527131259441,-0.0184546895325,0.0711678117514
3.14159274101,0.878787875175,-1.45245465433e-07,-0.0719181671739,0.0719180256128
0,0.888888895512,0,-0.0713784098625,0.0713784098625
0.0317332595587,0.888888895512,0.0527625866234,-0.00912533979863,0.0618879273534
0.0634665191174,0.888888895512,0.105472058058,0.0535870082676,0.0518850497901
0.095199778676,0.888888895512,0.158075302839,0.116453535855,0.0416217669845
0.126933038235,0.888888895512,0.210519403219,0.179245591164,0.0312738120556
0.158666297793,0.888888895512,0.26275151968,0.241808414459,0.0209431052208
0.190399557352,0.888888895512,0.314719051123,0.304052501917,0.0106665492058
0.222132816911,0.888888895512,0.366369724274,0.365939468145,0.000430256128311
0.253866076469,0.888888895512,0.417651474476,0.427467286587,0.0098158121109
0.285599350929,0.888888895512,0.468512713909,0.488651663065,0.0201389491558
0.317332595587,0.888888895512,0.518902122974,0.549509704113,0.0306075811386
0.349065840244,0.888888895512,0.568769037724,0.610044300556,0.0412752628326
0.380799114704,0.888888895512,0.618063390255,0.670232117176,0.0521687269211
0.412532389164,0.888888895512,0.666735291481,0.730018079281,0.0632827877998
0.444265633821,0.888888895512,0.714735865593,0.789312899113,0.0745770335197
0.475998878479,0.888888895512,0.762016773224,0.847998917103,0.0859821438789
0.507732152939,0.888888895512,0.808530449867,0.905932247639,0.0974017977715
0.539465427399,0.888888895512,0.854229927063,0.962954521179,0.108724594116
0.571198701859,0.888888895512,0.89906924963,1.01890039444,0.11983114481
0.602931916714,0.888888895512,0.943003296852,1.07360517979,0.130601882935
0.634665191174,0.888888895512,0.985987901688,1.1269094944,0.140921592712
0.666398465633,0.888888895512,1.02797961235,1.17866683006,0.150687217712
0.698131680489,0.888888895512,1.06893622875,1.22874343395,0.1598072052
0.729864954948,0.888888895512,1.10881650448,1.27702343464,0.168206930161
0.761598229408,0.888888895512,1.14758050442,1.32340717316,0.175826668739
0.793331503868,0.888888895512,1.18518877029,1.36781358719,0.182624816895
0.825064778328,0.888888895512,1.22160375118,1.41017925739,0.18857550621
0.856797993183,0.888888895512,1.25678861141,1.45045745373,0.193668842316
0.888531267643,0.888888895512,1.29070794582,1.48861861229,0.197910666466
0.920264542103,0.888888895512,1.32332766056,1.52464723587,0.20131957531
0.951997756958,0.888888895512,1.35461497307,1.55854201317,0.2039270401
0.983731031418,0.888888895512,1.38453829288,1.59031307697,0.205774784088
1.01546430588,0.888888895512,1.41306757927,1.61998188496,0.206914305687
1.04719758034,0.888888895512,1.44017386436,1.64757704735,0.207403182983
1.0789308548,0.888888895512,1.46583020687,1.67313504219,0.20730483532
1.11066412926,0.888888895512,1.49001049995,1.69669747353,0.206686973572
1.14239740372,0.888888895512,1.51269042492,1.71830940247,0.205618977547
1.17413055897,0.888888895512,1.53384709358,1.73801863194,0.204171538353
1.20586383343,0.888888895512,1.5534594059,1.75587499142,0.202415585518
1.23759710789,0.888888895512,1.57150769234,1.77192699909,0.200419306755
1.26933038235,0.888888895512,1.58797335625,1.7862238884,0.19825053215
1.30106365681,0.888888895512,1.60284018517,1.798812747,0.195972561836
1.33279693127,0.888888895512,1.61609315872,1.80973863602,0.193645477295
1.36453020573,0.888888895512,1.62771868706,1.81904363632,0.191324949265
1.39626336098,0.888888895512,1.63770532608,1.82676744461,0.18906211853
1.42799663544,0.888888895512,1.646042943,1.83294522762,0.186902284622
1.4597299099,0.888888895512,1.65272307396,1.83760905266,0.184885978699
1.49146318436,0.888888895512,1.65773916245,1.84078717232,0.183048009872
1.52319645882,0.888888895512,1.66108596325,1.84250319004,0.181417226791
1.55492973328,0.888888895512,1.66276025772,1.84277641773,0.180016160011
1.58666300774,0.888888895512,1.66276025772,1.84162187576,0.178861618042
1.6183962822,0.888888895512,1.66108596325,1.83905005455,0.177964091301
1.65012955666,0.888888895512,1.65773916245,1.83506655693,0.177327394485
1.68186283112,0.888888895512,1.65272307396,1.829672575,0.176949501038
1.71359610558,0.888888895512,1.646042943,1.82286405563,0.176821112633
1.74532938004,0.888888895512,1.63770532608,1.81463217735,0.176926851273
1.77706253529,0.888888895512,1.62771868706,1.80496311188,0.17724442482
1.80879580975,0.888888895512,1.61609315872,1.79383814335,0.177744984627
1.84052908421,0.888888895512,1.60284018517,1.78123307228,0.178392887115
1.87226235867,0.888888895512,1.58797335625,1.76711761951,0.179144263268
1.90399563313,0.888888895512,1.57150757313,1.75145828724,0.179950714111
1.93572890759,0.888888895512,1.5534594059,1.73421466351,0.180755257607
1.96746218204,0.888888895512,1.53384709358,1.71534240246,0.181495308876
1.9991953373,0.888888895512,1.51269030571,1.6947927475,0.182102441788
2.03092861176,0.888888895512,1.49001038074,1.67251217365,0.182501792908
2.06266188622,0.888888895512,1.46583008766,1.64844572544,0.182615637779
2.09439516068,0.888888895512,1.44017386436,1.62253546715,0.182361602783
2.12612843513,0.888888895512,1.41306746006,1.59472417831,0.181656718254
2.15786170959,0.888888895512,1.38453817368,1.56495535374,0.180417180061
2.18959498405,0.888888895512,1.35461497307,1.53317677975,0.178561806679
2.22132825851,0.888888895512,1.32332766056,1.49934124947,0.176013588905
2.25306153297,0.888888895512,1.29070782661,1.46341109276,0.172703266144
2.28479480743,0.888888895512,1.25678837299,1.42535877228,0.168570399284
2.31652784348,0.888888895512,1.22160375118,1.38517057896,0.163566827774
2.34826135635,0.888888895512,1.18518853188,1.34284770489,0.157659173012
2.3799943924,0.888888895512,1.14758050442,1.29840922356,0.150828719139
2.41172790527,0.888888895512,1.10881626606,1.25189208984,0.143075823784
2.44346094131,0.888888895512,1.06893634796,1.20335376263,0.134417414665
2.47519421577,0.888888895512,1.02797961235,1.15287077427,0.124891161919
2.50692749023,0.888888895512,0.985987842083,1.10054087639,0.114553034306
2.53866076469,0.888888895512,0.943003237247,1.0464836359,0.103480398655
2.57039403915,0.888888895512,0.899069190025,0.990841567516,0.091772377491
2.60212731361,0.888888895512,0.854229807854,0.933781147003,0.0795513391495
2.63386058807,0.888888895512,0.808530271053,0.875494480133,0.0669642090797
2.66559386253,0.888888895512,0.762016654015,0.816199302673,0.0541826486588
2.69732713699,0.888888895512,0.714735686779,0.75613540411,0.0413997173309
2.72906041145,0.888888895512,0.666735112667,0.695558607578,0.0288234949112
2.76079368591,0.888888895512,0.618063151836,0.63472956419,0.0166664123535
2.79252696037,0.888888895512,0.56876885891,0.573897778988,0.00512892007828
2.82426023483,0.888888895512,0.518901884556,0.513288259506,0.00561362504959
2.85599327087,0.888888895512,0.468512773514,0.453086316586,0.0154264569283
2.88772678375,0.888888895512,0.417651116848,0.393426984549,0.0242241322994
2.91945981979,0.888888895512,0.366369754076,0.334399044514,0.0319707095623
2.95119309425,0.888888895512,0.314719051123,0.276042699814,0.0386763513088
2.98292636871,0.888888895512,0.262751489878,0.218367561698,0.0443839281797
3.01465964317,0.888888895512,0.210519358516,0.161364734173,0.0491546243429
3.04639291763,0.888888895512,0.158075243235,0.105025492609,0.0530497506261
3.07812619209,0.888888895512,0.1054719612,0.0493570901453,0.0561148710549
3.10985946655,0.888888895512,0.0527624674141,-0.00560472439975,0.0583671927452
3.14159274101,0.888888895512,-1.4538142068e-07,-0.0597848705947,0.0597847253084
0,0.898989915848,0,-0.0617909319699,0.0617909319699
0.0317332595587,0.898989915848,0.0528084039688,0.00137433875352,0.0514340661466
0.0634665191174,0.898989915848,0.105563648045,0.0649633035064,0.0406003445387
0.095199778676,0.898989915848,0.158212572336,0.128658473492,0.0295540988445
0.126933038235,0.898989915848,0.210702225566,0.192223459482,0.0184787660837
0.158666297793,0.898989915848,0.26297968626,0.255497574806,0.00748211145401
0.190399557352,0.898989915848,0.314992368221,0.318386316299,0.00339394807816
0.222132816911,0.898989915848,0.366687864065,0.380848795176,0.0141609311104
0.253866076469,0.898989915848,0.418014138937,0.442877411842,0.0248632729053
0.285599350929,0.898989915848,0.468919575214,0.504482507706,0.0355629324913
0.317332595587,0.898989915848,0.519352734089,0.565674424171,0.0463216900826
0.349065840244,0.898989915848,0.569262981415,0.62644803524,0.0571850538254
0.380799114704,0.898989915848,0.618600070477,0.686771154404,0.0681710839272
0.412532389164,0.898989915848,0.667314291,0.746580660343,0.0792663693428
0.444265633821,0.898989915848,0.715356528759,0.805781722069,0.0904251933098
0.475998878479,0.898989915848,0.76267850399,0.864252030849,0.101573526859
0.507732152939,0.898989915848,0.809232532978,0.921847522259,0.112614989281
0.539465427399,0.898989915848,0.854971706867,0.978412330151,0.123440623283
0.571198701859,0.898989915848,0.899850010872,1.03378498554,0.13393497467
0.602931916714,0.898989915848,0.943822205067,1.08780872822,0.143986523151
0.634665191174,0.898989915848,0.98684412241,1.1403336525,0.153489530087
0.666398465633,0.898989915848,1.02887225151,1.19122219086,0.162349939346
0.698131680489,0.898989915848,1.06986439228,1.24035358429,0.170489192009
0.729864954948,0.898989915848,1.10977935791,1.28762185574,0.177842497826
0.761598229408,0.898989915848,1.14857697487,1.33294034004,0.184363365173
0.793331503868,0.898989915848,1.18621790409,1.37623918056,0.190021276474
0.825064778328,0.898989915848,1.22266447544,1.41746675968,0.194802284241
0.856797993183,0.898989915848,1.25787997246,1.4565871954,0.198707222939
0.888531267643,0.898989915848,1.29182887077,1.49358105659,0.201752185822
0.920264542103,0.898989915848,1.32447683811,1.52844369411,0.203966856003
0.951997756958,0.898989915848,1.35579133034,1.56118094921,0.205389618874
0.983731031418,0.898989915848,1.38574063778,1.591812253,0.206071615219
1.01546430588,0.898989915848,1.41429460049,1.62036526203,0.206070661545
1.04719758034,0.898989915848,1.44142448902,1.64687561989,0.205451130867
1.0789308548,0.898989915848,1.46710312366,1.67138493061,0.204281806946
1.11066412926,0.898989915848,1.49130439758,1.69393920898,0.202634811401
1.14239740372,0.898989915848,1.51400399208,1.71458756924,0.200583577156
1.17413055897,0.898989915848,1.53517913818,1.73338162899,0.198202490807
1.20586383343,0.898989915848,1.55480849743,1.75037336349,0.195564866066
1.23759710789,0.898989915848,1.57287228107,1.76561427116,0.192741990089
1.26933038235,0.898989915848,1.58935236931,1.77915537357,0.189803004265
1.30106365681,0.898989915848,1.60423207283,1.7910451889,0.186813116074
1.33279693127,0.898989915848,1.61749649048,1.80133008957,0.183833599091
1.36453020573,0.898989915848,1.6291321516,1.8100540638,0.180921912193
1.39626336098,0.898989915848,1.6391274929,1.8172570467,0.178129553795
1.42799663544,0.898989915848,1.64747238159,1.82297551632,0.175503134727
1.4597299099,0.898989915848,1.6541582346,1.82724225521,0.173084020615
1.49146318436,0.898989915848,1.65917873383,1.83008599281,0.170907258987
1.52319645882,0.898989915848,1.66252851486,1.8315308094,0.16900229454
1.55492973328,0.898989915848,1.66420412064,1.83159685135,0.167392730713
1.58666300774,0.898989915848,1.66420412064,1.83029985428,0.166095733643
1.6183962822,0.898989915848,1.66252851486,1.82765007019,0.165121555328
1.65012955666,0.898989915848,1.65917873383,1.82365453243,0.164475798607
1.68186283112,0.898989915848,1.6541582346,1.81831431389,0.164156079292
1.71359610558,0.898989915848,1.64747238159,1.81162667274,0.164154291153
1.74532938004,0.898989915848,1.6391274929,1.8035825491,0.16445505619
1.77706253529,0.898989915848,1.6291321516,1.79416930676,0.165037155151
1.80879580975,0.898989915848,1.61749649048,1.78336834908,0.165871858597
1.84052908421,0.898989915848,1.60423207283,1.7711558342,0.166923761368
1.87226235867,0.898989915848,1.58935236931,1.75750315189,0.168150782585
1.90399563313,0.898989915848,1.57287216187,1.74237549305,0.169503331184
1.93572890759,0.898989915848,1.55480849743,1.72573316097,0.170924663544
1.96746218204,0.898989915848,1.53517913818,1.70753252506,0.172353386879
1.9991953373,0.898989915848,1.51400387287,1.68772339821,0.173719525337
2.03092861176,0.898989915848,1.49130427837,1.66625261307,0.174948334694
2.06266188622,0.898989915848,1.46710300446,1.64306330681,0.175960302353
2.09439516068,0.898989915848,1.44142448902,1.61809623241,0.176671743393
2.12612843513,0.898989915848,1.41429448128,1.59129106998,0.176996588707
2.15786170959,0.898989915848,1.38574051857,1.56258797646,0.176847457886
2.18959498405,0.898989915848,1.35579133034,1.53193068504,0.176139354706
2.22132825851,0.898989915848,1.3244767189,1.4992660284,0.174789309502
2.25306153297,0.898989915848,1.29182863235,1.46454954147,0.172720909119
2.28479480743,0.898989915848,1.25787973404,1.42774522305,0.169865489006
2.31652784348,0.898989915848,1.22266459465,1.38883066177,0.166166067123
2.34826135635,0.898989915848,1.18621778488,1.34779560566,0.161577820778
2.3799943924,0.898989915848,1.14857697487,1.30464851856,0.156071543694
2.41172790527,0.898989915848,1.1097792387,1.25941312313,0.14963388443
2.44346094131,0.898989915848,1.06986451149,1.21213448048,0.142269968987
2.47519421577,0.898989915848,1.02887225151,1.16287457943,0.134002327919
2.50692749023,0.898989915848,0.986844062805,1.11171841621,0.124874353409
2.53866076469,0.898989915848,0.943822145462,1.05877113342,0.114948987961
2.57039403915,0.898989915848,0.899849891663,1.00416040421,0.104310512543
2.60212731361,0.898989915848,0.854971647263,0.948038339615,0.0930666923523
2.63386058807,0.898989915848,0.809232413769,0.890582680702,0.0813502669334
2.66559386253,0.898989915848,0.762678384781,0.831997692585,0.0693193078041
2.69732713699,0.898989915848,0.715356349945,0.772510707378,0.0571543574333
2.72906041145,0.898989915848,0.667314112186,0.712369263172,0.0450551509857
2.76079368591,0.898989915848,0.618599832058,0.651829123497,0.0332292914391
2.79252696037,0.898989915848,0.569262802601,0.591141998768,0.021879196167
2.82426023483,0.898989915848,0.51935249567,0.530539035797,0.0111865401268
2.85599327087,0.898989915848,0.468919634819,0.470217466354,0.00129783153534
2.88772678375,0.898989915848,0.418013811111,0.410327553749,0.00768625736237
2.91945981979,0.898989915848,0.366687893867,0.350974559784,0.0157133340836
2.95119309425,0.898989915848,0.314992368221,0.292213648558,0.0227787196636
2.98292636871,0.898989915848,0.262979656458,0.234067738056,0.0289119184017
3.01465964317,0.898989915848,0.210702165961,0.176538690925,0.0341634750366
3.04639291763,0.898989915848,0.158212512732,0.11962480098,0.0385877117515
3.07812619209,0.898989915848,0.105563551188,0.0633378997445,0.042225651443
3.10985946655,0.898989915848,0.0528082884848,0.00771689834073,0.0450913906097
3.14159274101,0.898989915848,-1.45507669913e-07,-0.0471609346569,0.0471607893705
0,0.909090876579,0,-0.0516755245626,0.0516755245626
0.0317332595587,0.909090876579,0.0528505407274,0.012386828661,0.0404637120664
0.0634665191174,0.909090876579,0.105647876859,0.0768309831619,0.0288168936968
0.095199778676,0.909090876579,0.158338814974,0.141330063343,0.0170087516308
0.126933038235,0.909090876579,0.210870325565,0.205638766289,0.00523155927658
0.158666297793,0.909090876579,0.26318949461,0.269591331482,0.0064018368721
0.190399557352,0.909090876579,0.315243691206,0.333089381456,0.0178456902504
0.222132816911,0.909090876579,0.366980433464,0.396087139845,0.0291067063808
0.253866076469,0.909090876579,0.418347656727,0.458573579788,0.0402259230614
0.285599350929,0.909090876579,0.46929371357,0.520552992821,0.0512592792511
0.317332595587,0.909090876579,0.519767105579,0.582028508186,0.062261402607
0.349065840244,0.909090876579,0.569717168808,0.642987012863,0.0732698440552
0.380799114704,0.909090876579,0.61909365654,0.703388214111,0.0842945575714
0.412532389164,0.909090876579,0.667846739292,0.763162076473,0.0953153371811
0.444265633821,0.909090876579,0.715927302837,0.822208583355,0.106281280518
0.475998878479,0.909090876579,0.763287007809,0.880402505398,0.117115497589
0.507732152939,0.909090876579,0.809878230095,0.937601029873,0.127722799778
0.539465427399,0.909090876579,0.855653882027,0.993650615215,0.137996733189
0.571198701859,0.909090876579,0.900567948818,1.04839742184,0.147829473019
0.602931916714,0.909090876579,0.944575250149,1.10169112682,0.157115876675
0.634665191174,0.909090876579,0.987631499767,1.1533921957,0.165760695934
0.666398465633,0.909090876579,1.02969324589,1.20337414742,0.173680901527
0.698131680489,0.909090876579,1.07071805,1.25152659416,0.180808544159
0.729864954948,0.909090876579,1.11066484451,1.29775679111,0.187091946602
0.761598229408,0.909090876579,1.14949345589,1.34198820591,0.192494750023
0.793331503868,0.909090876579,1.18716442585,1.38416361809,0.196999192238
0.825064778328,0.909090876579,1.22364008427,1.42424213886,0.200602054596
0.856797993183,0.909090876579,1.25888359547,1.46219933033,0.203315734863
0.888531267643,0.909090876579,1.29285955429,1.49802541733,0.205165863037
0.920264542103,0.909090876579,1.32553362846,1.53172397614,0.206190347672
0.951997756958,0.909090876579,1.35687303543,1.56331110001,0.206438064575
0.983731031418,0.909090876579,1.38684630394,1.59281229973,0.205965995789
1.01546430588,0.909090876579,1.41542303562,1.62026190758,0.204838871956
1.04719758034,0.909090876579,1.44257462025,1.64570188522,0.203127264977
1.0789308548,0.909090876579,1.46827363968,1.66917824745,0.200904607773
1.11066412926,0.909090876579,1.4924942255,1.69074189663,0.198247671127
1.14239740372,0.909090876579,1.51521193981,1.71044540405,0.195233464241
1.17413055897,0.909090876579,1.53640401363,1.72834312916,0.191939115524
1.20586383343,0.909090876579,1.5560489893,1.74448990822,0.188440918922
1.23759710789,0.909090876579,1.57412731647,1.75893938541,0.184812068939
1.26933038235,0.909090876579,1.59062039852,1.77174401283,0.181123614311
1.30106365681,0.909090876579,1.60551202297,1.78295397758,0.177441954613
1.33279693127,0.909090876579,1.61878705025,1.79261696339,0.173829913139
1.36453020573,0.909090876579,1.6304320097,1.80077755451,0.170345544815
1.39626336098,0.909090876579,1.64043533802,1.80747675896,0.167041420937
1.42799663544,0.909090876579,1.64878678322,1.81275236607,0.163965582848
1.4597299099,0.909090876579,1.65547811985,1.81663680077,0.161158680916
1.49146318436,0.909090876579,1.66050255299,1.81915986538,0.158657312393
1.52319645882,0.909090876579,1.66385495663,1.82034635544,0.156491398811
1.55492973328,0.909090876579,1.66553199291,1.82021653652,0.15468454361
1.58666300774,0.909090876579,1.66553199291,1.8187867403,0.153254747391
1.6183962822,0.909090876579,1.66385495663,1.81606817245,0.152213215828
1.65012955666,0.909090876579,1.66050255299,1.81206738949,0.151564836502
1.68186283112,0.909090876579,1.65547811985,1.80678677559,0.151308655739
1.71359610558,0.909090876579,1.64878678322,1.80022346973,0.151436686516
1.74532938004,0.909090876579,1.64043533802,1.79236972332,0.1519343853
1.77706253529,0.909090876579,1.6304320097,1.78321301937,0.152781009674
1.80879580975,0.909090876579,1.61878705025,1.77273511887,0.153948068619
1.84052908421,0.909090876579,1.60551202297,1.76091277599,0.155400753021
1.87226235867,0.909090876579,1.59062039852,1.74771797657,0.157097578049
1.90399563313,0.909090876579,1.57412719727,1.73311603069,0.158988833427
1.93572890759,0.909090876579,1.5560489893,1.71706807613,0.161019086838
1.96746218204,0.909090876579,1.53640401363,1.69952940941,0.163125395775
1.9991953373,0.909090876579,1.51521193981,1.68045091629,0.165238976479
2.03092861176,0.909090876579,1.4924942255,1.6597776413,0.167283415794
2.06266188622,0.909090876579,1.46827352047,1.63745236397,0.169178843498
2.09439516068,0.909090876579,1.44257462025,1.61341452599,0.170839905739
2.12612843513,0.909090876579,1.41542291641,1.58760094643,0.172178030014
2.15786170959,0.909090876579,1.38684618473,1.55994951725,0.17310333252
2.18959498405,0.909090876579,1.35687303543,1.53039896488,0.173525929451
2.22132825851,0.909090876579,1.32553350925,1.49889194965,0.173358440399
2.25306153297,0.909090876579,1.29285931587,1.46537649632,0.172517180443
2.28479480743,0.909090876579,1.25888335705,1.42981076241,0.170927405357
2.31652784348,0.909090876579,1.22364020348,1.39216196537,0.168521761894
2.34826135635,0.909090876579,1.18716418743,1.3524106741,0.165246486664
2.3799943924,0.909090876579,1.14949345589,1.31055414677,0.16106069088
2.41172790527,0.909090876579,1.11066460609,1.26660430431,0.155939698219
2.44346094131,0.909090876579,1.07071816921,1.22059345245,0.149875283241
2.47519421577,0.909090876579,1.02969324589,1.17257094383,0.142877697945
2.50692749023,0.909090876579,0.987631440163,1.12260699272,0.134975552559
2.53866076469,0.909090876579,0.944575190544,1.07079339027,0.12621819973
2.57039403915,0.909090876579,0.900567889214,1.01724410057,0.116676211357
2.60212731361,0.909090876579,0.855653762817,0.962095916271,0.106442153454
2.63386058807,0.909090876579,0.809878051281,0.905512630939,0.0956345796585
2.66559386253,0.909090876579,0.763286888599,0.847683548927,0.0843966603279
2.69732713699,0.909090876579,0.715927124023,0.788824617863,0.0728974938393
2.72906041145,0.909090876579,0.667846560478,0.729172408581,0.0613258481026
2.76079368591,0.909090876579,0.619093418121,0.668977499008,0.0498840808868
2.79252696037,0.909090876579,0.569716989994,0.608489990234,0.0387730002403
2.82426023483,0.909090876579,0.519766867161,0.547947227955,0.0281803607941
2.85599327087,0.909090876579,0.469293773174,0.487556129694,0.0182623565197
2.88772678375,0.909090876579,0.418347328901,0.427481025457,0.00913369655609
2.91945981979,0.909090876579,0.366980463266,0.367843091488,0.000862628221512
2.95119309425,0.909090876579,0.315243691206,0.308714002371,0.00652968883514
2.98292636871,0.909090876579,0.26318949461,0.250129908323,0.0130595862865
3.01465964317,0.909090876579,0.210870280862,0.192103669047,0.0187666118145
3.04639291763,0.909090876579,0.158338755369,0.134641841054,0.0236969143152
3.07812619209,0.909090876579,0.105647772551,0.0777604579926,0.027887314558
3.10985946655,0.909090876579,0.0528504215181,0.0215023737401,0.0313480496407
3.14159274101,0.909090876579,-1.45623758385e-07,-0.0340529717505,0.0340528264642
0,0.919191896915,0,-0.0410306565464,0.0410306565464
0.0317332595587,0.919191896915,0.0528888702393,0.0239104628563,0.028978407383
0.0634665191174,0.919191896915,0.105724491179,0.0891872122884,0.0165372788906
0.095199778676,0.919191896915,0.158453643322,0.154462412,0.00399123132229
0.126933038235,0.919191896915,0.211023271084,0.219483658671,0.00846038758755
0.158666297793,0.919191896915,0.263380378485,0.284079730511,0.020699352026
0.190399557352,0.919191896915,0.315472304821,0.34814825654,0.0326759517193
0.222132816911,0.919191896915,0.367246598005,0.411639392376,0.0443927943707
0.253866076469,0.919191896915,0.418651074171,0.474538385868,0.055887311697
0.285599350929,0.919191896915,0.469634056091,0.536843299866,0.0672092437744
0.317332595587,0.919191896915,0.520144045353,0.598550319672,0.0784062743187
0.349065840244,0.919191896915,0.570130348206,0.659637868404,0.0895075201988
0.380799114704,0.919191896915,0.619542658329,0.720058500767,0.100515842438
0.412532389164,0.919191896915,0.668331086636,0.779736578465,0.111405491829
0.444265633821,0.919191896915,0.716446518898,0.838567256927,0.122120738029
0.475998878479,0.919191896915,0.763840615749,0.89642482996,0.132584214211
0.507732152939,0.919191896915,0.810465574265,0.953167676926,0.142702102661
0.539465427399,0.919191896915,0.856274425983,1.00864732265,0.152372896671
0.571198701859,0.919191896915,0.901221096516,1.06271600723,0.161494910717
0.602931916714,0.919191896915,0.945260286331,1.11523318291,0.169972896576
0.634665191174,0.919191896915,0.988347768784,1.16606903076,0.177721261978
0.666398465633,0.919191896915,1.03043997288,1.21510803699,0.184668064117
0.698131680489,0.919191896915,1.07149457932,1.26225161552,0.190757036209
0.729864954948,0.919191896915,1.11147034168,1.3074182272,0.195947885513
0.761598229408,0.919191896915,1.15032708645,1.35054397583,0.200216889381
0.793331503868,0.919191896915,1.18802535534,1.39158296585,0.203557610512
0.825064778328,0.919191896915,1.22452747822,1.43050444126,0.205976963043
0.856797993183,0.919191896915,1.25979661942,1.46729505062,0.207498431206
0.888531267643,0.919191896915,1.29379713535,1.50195384026,0.208156704903
0.920264542103,0.919191896915,1.32649493217,1.53449380398,0.207998871803
0.951997756958,0.919191896915,1.35785710812,1.56493830681,0.207081198692
0.983731031418,0.919191896915,1.38785207272,1.59332048893,0.205468416214
1.01546430588,0.919191896915,1.41644954681,1.61968064308,0.203231096268
1.04719758034,0.919191896915,1.44362080097,1.64406573772,0.200444936752
1.0789308548,0.919191896915,1.46933853626,1.66652643681,0.197187900543
1.11066412926,0.919191896915,1.49357664585,1.68711769581,0.193541049957
1.14239740372,0.919191896915,1.51631093025,1.7058955431,0.189584612846
1.17413055897,0.919191896915,1.53751826286,1.72291684151,0.185398578644
1.20586383343,0.919191896915,1.55717754364,1.73823845387,0.181060910225
1.23759710789,0.919191896915,1.57526886463,1.75191640854,0.176647543907
1.26933038235,0.919191896915,1.59177398682,1.76400411129,0.172230124474
1.30106365681,0.919191896915,1.60667645931,1.77455341816,0.167876958847
1.33279693127,0.919191896915,1.61996114254,1.78361344337,0.163652300835
1.36453020573,0.919191896915,1.63161444664,1.79122889042,0.159614443779
1.39626336098,0.919191896915,1.64162504673,1.79744195938,0.155816912651
1.42799663544,0.919191896915,1.6499825716,1.80229020119,0.152307629585
1.4597299099,0.919191896915,1.65667867661,1.80580770969,0.149129033089
1.49146318436,0.919191896915,1.66170680523,1.80802440643,0.146317601204
1.52319645882,0.919191896915,1.66506159306,1.80896520615,0.143903613091
1.55492973328,0.919191896915,1.66673994064,1.80865097046,0.141911029816
1.58666300774,0.919191896915,1.66673994064,1.80709850788,0.140358567238
1.6183962822,0.919191896915,1.66506159306,1.80431938171,0.139257788658
1.65012955666,0.919191896915,1.66170680523,1.80032074451,0.138613939285
1.68186283112,0.919191896915,1.65667867661,1.79510521889,0.138426542282
1.71359610558,0.919191896915,1.6499825716,1.78867065907,0.138688087463
1.74532938004,0.919191896915,1.64162504673,1.78100979328,0.139384746552
1.77706253529,0.919191896915,1.63161444664,1.77211010456,0.140495657921
1.80879580975,0.919191896915,1.61996114254,1.76195430756,0.141993165016
1.84052908421,0.919191896915,1.60667645931,1.7505197525,0.14384329319
1.87226235867,0.919191896915,1.59177398682,1.7377781868,0.146004199982
1.90399563313,0.919191896915,1.57526874542,1.72369635105,0.148427605629
1.93572890759,0.919191896915,1.55717754364,1.70823478699,0.151057243347
1.96746218204,0.919191896915,1.53751826286,1.69134926796,0.153831005096
1.9991953373,0.919191896915,1.51631081104,1.67299008369,0.156679272652
2.03092861176,0.919191896915,1.49357664585,1.65310287476,0.159526228905
2.06266188622,0.919191896915,1.46933841705,1.63162875175,0.162290334702
2.09439516068,0.919191896915,1.44362080097,1.60850572586,0.164884924889
2.12612843513,0.919191896915,1.4164494276,1.58366918564,0.167219758034
2.15786170959,0.919191896915,1.38785195351,1.55705392361,0.1692019701
2.18959498405,0.919191896915,1.35785710812,1.5285949707,0.170737862587
2.22132825851,0.919191896915,1.32649493217,1.49823057652,0.171735644341
2.25306153297,0.919191896915,1.29379701614,1.465903759,0.172106742859
2.28479480743,0.919191896915,1.259796381,1.43156397343,0.17176759243
2.31652784348,0.919191896915,1.22452759743,1.39517199993,0.170644402504
2.34826135635,0.919191896915,1.18802511692,1.35669875145,0.168673634529
2.3799943924,0.919191896915,1.15032708645,1.31613004208,0.165802955627
2.41172790527,0.919191896915,1.11147022247,1.27346730232,0.161997079849
2.44346094131,0.919191896915,1.07149469852,1.22873032093,0.157235622406
2.47519421577,0.919191896915,1.03043997288,1.18195545673,0.151515483856
2.50692749023,0.919191896915,0.988347709179,1.13320028782,0.14485257864
2.53866076469,0.919191896915,0.945260226727,1.0825419426,0.13728171587
2.57039403915,0.919191896915,0.901220977306,1.0300809145,0.128859937191
2.60212731361,0.919191896915,0.856274366379,0.975939810276,0.119665443897
2.63386058807,0.919191896915,0.810465395451,0.920267105103,0.109801709652
2.66559386253,0.919191896915,0.763840436935,0.863238632679,0.0993981957436
2.69732713699,0.919191896915,0.716446340084,0.805056631565,0.088610291481
2.72906041145,0.919191896915,0.668330907822,0.745946645737,0.077615737915
2.76079368591,0.919191896915,0.61954241991,0.686151862144,0.066609442234
2.79252696037,0.919191896915,0.570130169392,0.625920116901,0.0557899475098
2.82426023483,0.919191896915,0.520143806934,0.565491437912,0.0453476309776
2.85599327087,0.919191896915,0.469634115696,0.505082070827,0.0354479551315
2.88772678375,0.919191896915,0.418650716543,0.444868922234,0.0262182056904
2.91945981979,0.919191896915,0.367246627808,0.384988933802,0.017742305994
2.95119309425,0.919191896915,0.315472304821,0.325529158115,0.0100568532944
2.98292636871,0.919191896915,0.263380348682,0.266540765762,0.00316041707993
3.01465964317,0.919191896915,0.211023211479,0.208047956228,0.00297525525093
3.04639291763,0.919191896915,0.158453583717,0.150065615773,0.00838796794415
3.07812619209,0.919191896915,0.105724394321,0.0926160365343,0.0131083577871
3.10985946655,0.919191896915,0.05288875103,0.0357445478439,0.017144203186
3.14159274101,0.919191896915,-1.45729373457e-07,-0.0204674378037,0.0204672925174
0,0.929292917252,0,-0.0298554822803,0.0298554822803
0.0317332595587,0.929292917252,0.0529232285917,0.0359435901046,0.0169796384871
0.0634665191174,0.929292917252,0.105793178082,0.102027736604,0.0037654414773
0.095199778676,0.929292917252,0.158556580544,0.168049290776,0.00949271023273
0.126933038235,0.929292917252,0.211160346866,0.233749046922,0.0225887000561
0.158666297793,0.929292917252,0.263551473618,0.298950731754,0.0353992581367
0.190399557352,0.929292917252,0.315677255392,0.363549292088,0.0478720366955
0.222132816911,0.929292917252,0.367485165596,0.427490264177,0.0600050985813
0.253866076469,0.929292917252,0.418923050165,0.490753948689,0.0718308985233
0.285599350929,0.929292917252,0.469939142466,0.553332805634,0.083393663168
0.317332595587,0.929292917252,0.520481944084,0.615216255188,0.0947343111038
0.349065840244,0.929292917252,0.570500731468,0.676375627518,0.105874896049
0.380799114704,0.929292917252,0.619945108891,0.736756682396,0.116811573505
0.412532389164,0.929292917252,0.668765246868,0.796277940273,0.127512693405
0.444265633821,0.929292917252,0.716911911964,0.854832351208,0.137920439243
0.475998878479,0.929292917252,0.764336824417,0.912293493748,0.147956669331
0.507732152939,0.929292917252,0.810992062092,0.968523442745,0.157531380653
0.539465427399,0.929292917252,0.856830716133,1.02337896824,0.166548252106
0.571198701859,0.929292917252,0.901806533337,1.07672047615,0.174913942814
0.602931916714,0.929292917252,0.945874392986,1.12841641903,0.182542026043
0.634665191174,0.929292917252,0.988989830017,1.17834758759,0.189357757568
0.666398465633,0.929292917252,1.03110933304,1.22641038895,0.195301055908
0.698131680489,0.929292917252,1.07219064236,1.27251732349,0.200326681137
0.729864954948,0.929292917252,1.11219239235,1.31659924984,0.204406857491
0.761598229408,0.929292917252,1.15107440948,1.35860335827,0.207528948784
0.793331503868,0.929292917252,1.18879711628,1.39849424362,0.209697127342
0.825064778328,0.929292917252,1.22532296181,1.43625330925,0.210930347443
0.856797993183,0.929292917252,1.26061499119,1.47187554836,0.211260557175
0.888531267643,0.929292917252,1.29463768005,1.50537061691,0.210732936859
0.920264542103,0.929292917252,1.32735669613,1.53675818443,0.209401488304
0.951997756958,0.929292917252,1.35873925686,1.56607019901,0.207330942154
0.983731031418,0.929292917252,1.38875365257,1.5933457613,0.204592108727
1.01546430588,0.929292917252,1.41736972332,1.6186311245,0.201261401176
1.04719758034,0.929292917252,1.44455862045,1.64197790623,0.197419285774
1.0789308548,0.929292917252,1.47029304504,1.66344106197,0.19314801693
1.11066412926,0.929292917252,1.49454700947,1.6830791235,0.188532114029
1.14239740372,0.929292917252,1.51729595661,1.70095074177,0.183654785156
1.17413055897,0.929292917252,1.53851699829,1.71711575985,0.178598761559
1.20586383343,0.929292917252,1.55818903446,1.73163259029,0.173443555832
1.23759710789,0.929292917252,1.57629227638,1.74455916882,0.168266892433
1.26933038235,0.929292917252,1.5928081274,1.75595009327,0.163141965866
1.30106365681,0.929292917252,1.60772013664,1.76585900784,0.158138871193
1.33279693127,0.929292917252,1.62101340294,1.77433431149,0.153320908546
1.36453020573,0.929292917252,1.63267445564,1.78142285347,0.148748397827
1.39626336098,0.929292917252,1.64269149303,1.7871670723,0.144475579262
1.42799663544,0.929292917252,1.65105450153,1.79160487652,0.140550374985
1.4597299099,0.929292917252,1.65775489807,1.79477071762,0.13701581955
1.49146318436,0.929292917252,1.66278636456,1.79669499397,0.133908629417
1.52319645882,0.929292917252,1.66614329815,1.79740262032,0.131259322166
1.55492973328,0.929292917252,1.66782271862,1.79691565037,0.129092931747
1.58666300774,0.929292917252,1.66782271862,1.79525029659,0.127427577972
1.6183962822,0.929292917252,1.66614329815,1.79241943359,0.126276135445
1.65012955666,0.929292917252,1.66278636456,1.78843021393,0.125643849373
1.68186283112,0.929292917252,1.65775489807,1.78328537941,0.125530481339
1.71359610558,0.929292917252,1.65105450153,1.77698349953,0.125928997993
1.74532938004,0.929292917252,1.64269149303,1.76951754093,0.126826047897
1.77706253529,0.929292917252,1.63267445564,1.76087582111,0.128201365471
1.80879580975,0.929292917252,1.62101340294,1.75104153156,0.130028128624
1.84052908421,0.929292917252,1.60772013664,1.7399917841,0.132271647453
1.87226235867,0.929292917252,1.5928081274,1.72769999504,0.134891867638
1.90399563313,0.929292917252,1.57629215717,1.71413207054,0.137839913368
1.93572890759,0.929292917252,1.55818903446,1.69924938679,0.141060352325
1.96746218204,0.929292917252,1.53851699829,1.68300783634,0.144490838051
1.9991953373,0.929292917252,1.5172958374,1.66535758972,0.148061752319
2.03092861176,0.929292917252,1.49454689026,1.64624404907,0.151697158813
2.06266188622,0.929292917252,1.47029292583,1.62560737133,0.155314445496
2.09439516068,0.929292917252,1.44455862045,1.60338485241,0.158826231956
2.12612843513,0.929292917252,1.41736960411,1.57951009274,0.162140488625
2.15786170959,0.929292917252,1.38875353336,1.55391538143,0.165161848068
2.18959498405,0.929292917252,1.35873925686,1.52653241158,0.167793154716
2.22132825851,0.929292917252,1.32735657692,1.49729573727,0.169939160347
2.25306153297,0.929292917252,1.29463744164,1.46614229679,0.171504855156
2.28479480743,0.929292917252,1.26061475277,1.43301618099,0.172401428223
2.31652784348,0.929292917252,1.22532308102,1.3978703022,0.172547221184
2.34826135635,0.929292917252,1.18879699707,1.3606659174,0.171868920326
2.3799943924,0.929292917252,1.15107440948,1.32138085365,0.170306444168
2.41172790527,0.929292917252,1.11219215393,1.28000402451,0.167811870575
2.44346094131,0.929292917252,1.07219076157,1.23654425144,0.164353489876
2.47519421577,0.929292917252,1.03110933304,1.19102537632,0.159916043282
2.50692749023,0.929292917252,0.988989770412,1.14349198341,0.154502213001
2.53866076469,0.929292917252,0.945874273777,1.09400820732,0.148133933544
2.57039403915,0.929292917252,0.901806473732,1.04265964031,0.14085316658
2.60212731361,0.929292917252,0.856830596924,0.989555895329,0.132725298405
2.63386058807,0.929292917252,0.810991883278,0.934830307961,0.123838424683
2.66559386253,0.929292917252,0.764336645603,0.878644108772,0.114307463169
2.69732713699,0.929292917252,0.716911792755,0.821186184883,0.104274392128
2.72906041145,0.929292917252,0.668765068054,0.762670040131,0.0939049720764
2.76079368591,0.929292917252,0.619944870472,0.703329741955,0.0833848714828
2.79252696037,0.929292917252,0.570500552654,0.643409490585,0.0729089379311
2.82426023483,0.929292917252,0.520481705666,0.583149969578,0.0626682639122
2.85599327087,0.929292917252,0.46993920207,0.522774755955,0.0528355538845
2.88772678375,0.929292917252,0.418922692537,0.462472289801,0.0435495972633
2.91945981979,0.929292917252,0.367485195398,0.402394503355,0.0349093079567
2.95119309425,0.929292917252,0.315677255392,0.3426438272,0.0269665718079
2.98292636871,0.929292917252,0.263551443815,0.28328666091,0.0197352170944
3.01465964317,0.929292917252,0.211160302162,0.224359080195,0.0131987780333
3.04639291763,0.929292917252,0.158556520939,0.16588562727,0.00732910633087
3.07812619209,0.929292917252,0.105793073773,0.107894390821,0.00210131704807
3.10985946655,0.929292917252,0.0529231093824,0.0504340715706,0.00248903781176
3.14159274101,0.929292917252,-1.45824046172e-07,-0.00641166139394,0.00641151564196
0,0.939393937588,0,-0.0181521326303,0.0181521326303
0.0317332595587,0.939393937588,0.0529535152018,0.0484833531082,0.00447016209364
0.0634665191174,0.939393937588,0.105853721499,0.115346483886,0.0094927623868
0.095199778676,0.939393937588,0.158647328615,0.1820820719,0.0234347432852
0.126933038235,0.939393937588,0.211281195283,0.248423814774,0.0371426194906
0.158666297793,0.939393937588,0.263702303171,0.31419172883,0.0504894256592
0.190399557352,0.939393937588,0.31585791707,0.379276543856,0.0634186267853
0.222132816911,0.939393937588,0.367695480585,0.443620592356,0.0759251117706
0.253866076469,0.939393937588,0.419162780046,0.507199525833,0.0880367457867
0.285599350929,0.939393937588,0.470208108425,0.569999456406,0.0997913479805
0.317332595587,0.939393937588,0.520779848099,0.632003486156,0.111223638058
0.349065840244,0.939393937588,0.570827245712,0.693175792694,0.122348546982
0.380799114704,0.939393937588,0.620299935341,0.75345659256,0.133156657219
0.412532389164,0.939393937588,0.669147968292,0.812759876251,0.143611907959
0.444265633821,0.939393937588,0.717322230339,0.870976984501,0.153654754162
0.475998878479,0.939393937588,0.764774262905,0.927983164787,0.163208901882
0.507732152939,0.939393937588,0.811456203461,0.983644485474,0.172188282013
0.539465427399,0.939393937588,0.857321083546,1.03782379627,0.180502712727
0.571198701859,0.939393937588,0.902322649956,1.09039056301,0.188067913055
0.602931916714,0.939393937588,0.94641572237,1.14122283459,0.194807112217
0.634665191174,0.939393937588,0.989555835724,1.19021379948,0.200657963753
0.666398465633,0.939393937588,1.03169953823,1.23726928234,0.20556974411
0.698131680489,0.939393937588,1.07280433178,1.28231501579,0.209510684013
0.729864954948,0.939393937588,1.11282896996,1.32529270649,0.212463736534
0.761598229408,0.939393937588,1.15173316002,1.36616122723,0.214428067207
0.793331503868,0.939393937588,1.1894774437,1.40489661694,0.215419173241
0.825064778328,0.939393937588,1.22602427006,1.44148933887,0.215465068817
0.856797993183,0.939393937588,1.26133644581,1.47594439983,0.214607954025
0.888531267643,0.939393937588,1.29537856579,1.50827980042,0.212901234627
0.920264542103,0.939393937588,1.32811629772,1.53852415085,0.210407853127
0.951997756958,0.939393937588,1.35951685905,1.56671464443,0.207197785378
0.983731031418,0.939393937588,1.38954842091,1.59289765358,0.203349232674
1.01546430588,0.939393937588,1.41818094254,1.61712384224,0.198942899704
1.04719758034,0.939393937588,1.44538533688,1.63944959641,0.194064259529
1.0789308548,0.939393937588,1.47113454342,1.65993440151,0.188799858093
1.11066412926,0.939393937588,1.49540233612,1.67863869667,0.18323636055
1.14239740372,0.939393937588,1.51816427708,1.69562458992,0.177460312843
1.17413055897,0.939393937588,1.53939759731,1.71095383167,0.17155623436
1.20586383343,0.939393937588,1.55908083916,1.72468698025,0.16560614109
1.23759710789,0.939393937588,1.57719433308,1.73688292503,0.159688591957
1.26933038235,0.939393937588,1.59371972084,1.7475976944,0.153877973557
1.30106365681,0.939393937588,1.60864031315,1.75688517094,0.148244857788
1.33279693127,0.939393937588,1.62194120884,1.76479542255,0.142854213715
1.36453020573,0.939393937588,1.63360881805,1.7713752985,0.137766480446
1.39626336098,0.939393937588,1.64363157749,1.77666771412,0.133036136627
1.42799663544,0.939393937588,1.65199935436,1.78071141243,0.128712058067
1.4597299099,0.939393937588,1.65870368481,1.78354096413,0.12483727932
1.49146318436,0.939393937588,1.6637378931,1.78518617153,0.121448278427
1.52319645882,0.939393937588,1.66709685326,1.78567409515,0.118577241898
1.55492973328,0.939393937588,1.6687772274,1.78502523899,0.116248011589
1.58666300774,0.939393937588,1.6687772274,1.78325796127,0.114480733871
1.6183962822,0.939393937588,1.66709685326,1.78038358688,0.113286733627
1.65012955666,0.939393937588,1.6637378931,1.77641069889,0.112672805786
1.68186283112,0.939393937588,1.65870368481,1.77134227753,0.11263859272
1.71359610558,0.939393937588,1.65199935436,1.76517701149,0.113177657127
1.74532938004,0.939393937588,1.64363157749,1.75790846348,0.114276885986
1.77706253529,0.939393937588,1.63360881805,1.74952578545,0.115916967392
1.80879580975,0.939393937588,1.62194120884,1.74001169205,0.118070483208
1.84052908421,0.939393937588,1.60864031315,1.72934508324,0.120704770088
1.87226235867,0.939393937588,1.59371972084,1.71749806404,0.123778343201
1.90399563313,0.939393937588,1.57719421387,1.70443844795,0.127244234085
1.93572890759,0.939393937588,1.55908083916,1.69012725353,0.131046414375
1.96746218204,0.939393937588,1.53939759731,1.67452049255,0.135122895241
1.9991953373,0.939393937588,1.51816415787,1.65756845474,0.139404296875
2.03092861176,0.939393937588,1.49540221691,1.63921642303,0.143814206123
2.06266188622,0.939393937588,1.47113442421,1.61940395832,0.148269534111
2.09439516068,0.939393937588,1.44538533688,1.59806716442,0.152681827545
2.12612843513,0.939393937588,1.41818082333,1.57513844967,0.156957626343
2.15786170959,0.939393937588,1.38954842091,1.55054783821,0.160999417305
2.18959498405,0.939393937588,1.35951685905,1.52422428131,0.164707422256
2.22132825851,0.939393937588,1.32811629772,1.49609899521,0.167982697487
2.25306153297,0.939393937588,1.29537832737,1.46610379219,0.170725464821
2.28479480743,0.939393937588,1.26133620739,1.43417692184,0.172840714455
2.31652784348,0.939393937588,1.22602438927,1.40026426315,0.174239873886
2.34826135635,0.939393937588,1.18947732449,1.36431968212,0.174842357635
2.3799943924,0.939393937588,1.15173316002,1.32631063461,0.174577474594
2.41172790527,0.939393937588,1.11282873154,1.28621673584,0.173388004303
2.44346094131,0.939393937588,1.07280433178,1.24403512478,0.171230792999
2.47519421577,0.939393937588,1.03169953823,1.19977807999,0.168078541756
2.50692749023,0.939393937588,0.989555776119,1.15347719193,0.163921415806
2.53866076469,0.939393937588,0.946415603161,1.10518407822,0.158768475056
2.57039403915,0.939393937588,0.902322590351,1.05497026443,0.152647674084
2.60212731361,0.939393937588,0.857320964336,1.00293123722,0.145610272884
2.63386058807,0.939393937588,0.811456024647,0.949186325073,0.137730300426
2.66559386253,0.939393937588,0.764774084091,0.893881976604,0.129107892513
2.69732713699,0.939393937588,0.71732211113,0.837193071842,0.119870960712
2.72906041145,0.939393937588,0.669147789478,0.779320776463,0.110172986984
2.76079368591,0.939393937588,0.620299696922,0.720488667488,0.100188970566
2.79252696037,0.939393937588,0.570827007294,0.660935044289,0.0901080369949
2.82426023483,0.939393937588,0.52077960968,0.600900232792,0.0801206231117
2.85599327087,0.939393937588,0.47020816803,0.540612637997,0.0704044699669
2.88772678375,0.939393937588,0.419162452221,0.480271190405,0.061108738184
2.91945981979,0.939393937588,0.367695510387,0.420041322708,0.0523458123207
2.95119309425,0.939393937588,0.31585791707,0.360041290522,0.0441833734512
2.98292636871,0.939393937588,0.263702303171,0.300352394581,0.0366500914097
3.01465964317,0.939393937588,0.211281150579,0.241023823619,0.0297426730394
3.04639291763,0.939393937588,0.158647269011,0.182089462876,0.0234421938658
3.07812619209,0.939393937588,0.105853624642,0.123584322631,0.0177306979895
3.10985946655,0.939393937588,0.0529533959925,0.0655611678958,0.0126077719033
3.14159274101,0.939393937588,-1.45907506521e-07,0.00810537301004,0.00810551922768
0,0.949494957924,0,-0.0059227636084,0.0059227636084
0.0317332595587,0.949494957924,0.0529795363545,0.0615234412253,0.00854390487075
0.0634665191174,0.949494957924,0.105905741453,0.129136532545,0.0232307910919
0.095199778676,0.949494957924,0.158725291491,0.196550995111,0.0378257036209
0.126933038235,0.949494957924,0.211385026574,0.263496130705,0.0521111041307
0.158666297793,0.949494957924,0.263831913471,0.329787909985,0.0659559965134
0.190399557352,0.949494957924,0.316013127565,0.39531353116,0.079300403595
0.222132816911,0.949494957924,0.367876172066,0.460011929274,0.0921357572079
0.253866076469,0.949494957924,0.419368773699,0.523853838444,0.104485064745
0.285599350929,0.949494957924,0.470439165831,0.586820185184,0.116381019354
0.317332595587,0.949494957924,0.521035790443,0.648886919022,0.127851128578
0.349065840244,0.949494957924,0.571107745171,0.710012495518,0.138904750347
0.380799114704,0.949494957924,0.620604753494,0.770131409168,0.149526655674
0.412532389164,0.949494957924,0.669476807117,0.829155802727,0.159678995609
0.444265633821,0.949494957924,0.717674732208,0.886975765228,0.16930103302
0.475998878479,0.949494957924,0.76515007019,0.94346934557,0.178319275379
0.507732152939,0.949494957924,0.811854958534,0.998507261276,0.186652302742
0.539465427399,0.949494957924,0.857742369175,1.05196082592,0.194218456745
0.571198701859,0.949494957924,0.902766108513,1.10370790958,0.200941801071
0.602931916714,0.949494957924,0.946880817413,1.15363776684,0.206756949425
0.634665191174,0.949494957924,0.990042150021,1.20165359974,0.211611449718
0.666398465633,0.949494957924,1.03220653534,1.24767434597,0.215467810631
0.698131680489,0.949494957924,1.07333147526,1.29163658619,0.218305110931
0.729864954948,0.949494957924,1.11337578297,1.33349359035,0.220117807388
0.761598229408,0.949494957924,1.15229904652,1.37321567535,0.220916628838
0.793331503868,0.949494957924,1.19006204605,1.41078901291,0.220726966858
0.825064778328,0.949494957924,1.22662675381,1.44621407986,0.21958732605
0.856797993183,0.949494957924,1.2619562149,1.47950518131,0.217548966408
0.888531267643,0.949494957924,1.29601514339,1.51068770885,0.21467256546
0.920264542103,0.949494957924,1.32876896858,1.53979825974,0.211029291153
0.951997756958,0.949494957924,1.36018490791,1.56688046455,0.206695556641
0.983731031418,0.949494957924,1.39023125172,1.59198510647,0.201753854752
1.01546430588,0.949494957924,1.41887784004,1.61516952515,0.196291685104
1.04719758034,0.949494957924,1.44609558582,1.63649296761,0.190397381783
1.0789308548,0.949494957924,1.47185742855,1.65601837635,0.1841609478
1.11066412926,0.949494957924,1.49613714218,1.67380964756,0.177672505379
1.14239740372,0.949494957924,1.51891028881,1.68993091583,0.171020627022
1.17413055897,0.949494957924,1.54015398026,1.70444571972,0.164291739464
1.20586383343,0.949494957924,1.55984699726,1.71741592884,0.15756893158
1.23759710789,0.949494957924,1.57796943188,1.72890198231,0.15093255043
1.26933038235,0.949494957924,1.59450280666,1.73896074295,0.144457936287
1.30106365681,0.949494957924,1.60943078995,1.74764680862,0.138216018677
1.33279693127,0.949494957924,1.62273824215,1.75501143932,0.132273197174
1.36453020573,0.949494957924,1.63441157341,1.76110112667,0.126689553261
1.39626336098,0.949494957924,1.64443922043,1.76595926285,0.121520042419
1.42799663544,0.949494957924,1.65281116962,1.76962506771,0.116813898087
1.4597299099,0.949494957924,1.65951883793,1.77213323116,0.112614393234
1.49146318436,0.949494957924,1.66455554962,1.77351438999,0.10895884037
1.52319645882,0.949494957924,1.66791605949,1.77379477024,0.105878710747
1.55492973328,0.949494957924,1.6695972681,1.77299630642,0.103399038315
1.58666300774,0.949494957924,1.6695972681,1.77113604546,0.101538777351
1.6183962822,0.949494957924,1.66791605949,1.76822710037,0.100311040878
1.65012955666,0.949494957924,1.66455554962,1.76427745819,0.0997219085693
1.68186283112,0.949494957924,1.65951883793,1.75929117203,0.0997723340988
1.71359610558,0.949494957924,1.65281116962,1.75326669216,0.100455522537
1.74532938004,0.949494957924,1.64443922043,1.74619817734,0.101758956909
1.77706253529,0.949494957924,1.63441157341,1.73807513714,0.103663563728
1.80879580975,0.949494957924,1.62273824215,1.72888100147,0.106142759323
1.84052908421,0.949494957924,1.60943078995,1.71859431267,0.10916352272
1.87226235867,0.949494957924,1.59450280666,1.70718860626,0.112685799599
1.90399563313,0.949494957924,1.57796931267,1.6946310997,0.116661787033
1.93572890759,0.949494957924,1.55984699726,1.68088364601,0.12103664875
1.96746218204,0.949494957924,1.54015398026,1.66590261459,0.125748634338
1.9991953373,0.949494957924,1.5189101696,1.64963781834,0.130727648735
2.03092861176,0.949494957924,1.49613702297,1.63203454018,0.135897517204
2.06266188622,0.949494957924,1.47185730934,1.61303246021,0.141175150871
2.09439516068,0.949494957924,1.44609558582,1.59256672859,0.146471142769
2.12612843513,0.949494957924,1.41887772083,1.5705678463,0.151690125465
2.15786170959,0.949494957924,1.39023125172,1.54696464539,0.156733393669
2.18959498405,0.949494957924,1.36018490791,1.52168393135,0.161499023438
2.22132825851,0.949494957924,1.32876896858,1.49465227127,0.165883302689
2.25306153297,0.949494957924,1.29601490498,1.46579885483,0.169783949852
2.28479480743,0.949494957924,1.2619560957,1.43505609035,0.173099994659
2.31652784348,0.949494957924,1.22662687302,1.40236282349,0.17573595047
2.34826135635,0.949494957924,1.19006180763,1.3676661253,0.177604317665
2.3799943924,0.949494957924,1.15229904652,1.33092474937,0.178625702858
2.41172790527,0.949494957924,1.11337554455,1.29210853577,0.178732991219
2.44346094131,0.949494957924,1.07333159447,1.25120401382,0.177872419357
2.47519421577,0.949494957924,1.03220653534,1.2082118988,0.176005363464
2.50692749023,0.949494957924,0.990042030811,1.16315197945,0.173109948635
2.53866076469,0.949494957924,0.946880698204,1.11606287956,0.169182181358
2.57039403915,0.949494957924,0.902765989304,1.06700277328,0.164236783981
2.60212731361,0.949494957924,0.857742249966,1.01605379581,0.158311545849
2.63386058807,0.949494957924,0.81185477972,0.963320672512,0.151465892792
2.66559386253,0.949494957924,0.765149891376,0.908935070038,0.143785178661
2.69732713699,0.949494957924,0.717674553394,0.853058338165,0.135383784771
2.72906041145,0.949494957924,0.669476628304,0.795877456665,0.126400828362
2.76079368591,0.949494957924,0.620604515076,0.737605631351,0.117001116276
2.79252696037,0.949494957924,0.571107566357,0.678473591805,0.107366025448
2.82426023483,0.949494957924,0.52103549242,0.618719160557,0.0976836681366
2.85599327087,0.949494957924,0.470439225435,0.558573722839,0.0881344974041
2.88772678375,0.949494957924,0.419368416071,0.498244762421,0.0788763463497
2.91945981979,0.949494957924,0.367876201868,0.437910765409,0.0700345635414
2.95119309425,0.949494957924,0.316013127565,0.377704560757,0.0616914331913
2.98292636871,0.949494957924,0.263831883669,0.317722648382,0.0538907647133
3.01465964317,0.949494957924,0.211384981871,0.258027762175,0.046642780304
3.04639291763,0.949494957924,0.158725216985,0.1986643821,0.0399391651154
3.07812619209,0.949494957924,0.105905637145,0.139674633741,0.0337689965963
3.10985946655,0.949494957924,0.0529794208705,0.0811156183481,0.0281361974776
3.14159274101,0.949494957924,-1.45979200283e-07,0.023074593395,0.0230747386813
0,0.95959597826,0,0.00682809669524,0.00682809669524
0.0317332595587,0.95959597826,0.0530011802912,0.0750585272908,0.0220573469996
0.0634665191174,0.95959597826,0.105948999524,0.143388181925,0.0374391824007
0.095199778676,0.95959597826,0.158790126443,0.211444661021,0.0526545345783
0.126933038235,0.95959597826,0.211471378803,0.278952360153,0.0674809813499
0.158666297793,0.95959597826,0.263939678669,0.345723420382,0.0817837417126
0.190399557352,0.95959597826,0.316142231226,0.41164201498,0.0954997837543
0.222132816911,0.95959597826,0.368026465178,0.476643741131,0.108617275953
0.253866076469,0.95959597826,0.419540077448,0.540695011616,0.121154934168
0.285599350929,0.95959597826,0.470631331205,0.60377061367,0.133139282465
0.317332595587,0.95959597826,0.521248579025,0.665841162205,0.144592583179
0.349065840244,0.95959597826,0.57134103775,0.726858735085,0.155517697334
0.380799114704,0.95959597826,0.620858252048,0.786755204201,0.165896952152
0.412532389164,0.95959597826,0.669750273228,0.845439195633,0.175688922405
0.444265633821,0.95959597826,0.717967927456,0.902802944183,0.184835016727
0.475998878479,0.95959597826,0.765462636948,0.95872759819,0.193264961243
0.507732152939,0.95959597826,0.812186598778,1.01308977604,0.200903177261
0.539465427399,0.95959597826,0.858092784882,1.06576967239,0.207676887512
0.571198701859,0.95959597826,0.90313488245,1.11665451527,0.213519632816
0.602931916714,0.95959597826,0.947267591953,1.1656447649,0.218377172947
0.634665191174,0.95959597826,0.990446567535,1.21265482903,0.22220826149
0.666398465633,0.95959597826,1.0326281786,1.25761520863,0.224987030029
0.698131680489,0.95959597826,1.07376992702,1.30047488213,0.226704955101
0.729864954948,0.95959597826,1.11383056641,1.34119725227,0.227366685867
0.761598229408,0.95959597826,1.152769804,1.37976455688,0.226994752884
0.793331503868,0.95959597826,1.19054818153,1.41617226601,0.225624084473
0.825064778328,0.95959597826,1.22712779045,1.45043051243,0.223302721977
0.856797993183,0.95959597826,1.26247179508,1.48256242275,0.22009062767
0.888531267643,0.95959597826,1.29654455185,1.51260077953,0.216056227684
0.920264542103,0.95959597826,1.32931184769,1.54058873653,0.211276888847
0.951997756958,0.95959597826,1.36074054241,1.56657624245,0.205835700035
0.983731031418,0.95959597826,1.39079916477,1.59061968327,0.199820518494
1.01546430588,0.95959597826,1.41945743561,1.61277973652,0.193322300911
1.04719758034,0.95959597826,1.44668638706,1.63311982155,0.186433434486
1.0789308548,0.95959597826,1.47245872021,1.65170657635,0.17924785614
1.11066412926,0.95959597826,1.49674832821,1.66860568523,0.171857357025
1.14239740372,0.95959597826,1.51953077316,1.68388319016,0.164352416992
1.17413055897,0.95959597826,1.54078316689,1.69760489464,0.156821727753
1.20586383343,0.95959597826,1.56048417091,1.7098338604,0.149349689484
1.23759710789,0.95959597826,1.57861399651,1.72063112259,0.142017126083
1.26933038235,0.95959597826,1.59515416622,1.73005485535,0.134900689125
1.30106365681,0.95959597826,1.61008822918,1.73816001415,0.128071784973
1.33279693127,0.95959597826,1.62340116501,1.74499762058,0.121596455574
1.36453020573,0.95959597826,1.63507926464,1.75061559677,0.11553633213
1.39626336098,0.95959597826,1.64511096478,1.75505709648,0.109946131706
1.42799663544,0.95959597826,1.65348637104,1.75836122036,0.104874849319
1.4597299099,0.95959597826,1.66019666195,1.76056337357,0.100366711617
1.49146318436,0.95959597826,1.66523551941,1.76169419289,0.0964586734772
1.52319645882,0.95959597826,1.66859745979,1.76178002357,0.0931825637817
1.55492973328,0.95959597826,1.67027926445,1.76084268093,0.090563416481
1.58666300774,0.95959597826,1.67027926445,1.75890004635,0.0886207818985
1.6183962822,0.95959597826,1.66859745979,1.75596475601,0.0873672962189
1.65012955666,0.95959597826,1.66523551941,1.75204598904,0.0868104696274
1.68186283112,0.95959597826,1.66019666195,1.74714696407,0.086950302124
1.71359610558,0.95959597826,1.65348637104,1.7412674427,0.0877810716629
1.74532938004,0.95959597826,1.64511096478,1.73440146446,0.0892904996872
1.77706253529,0.95959597826,1.63507926464,1.72653865814,0.0914593935013
1.80879580975,0.95959597826,1.62340116501,1.71766328812,0.0942621231079
1.84052908421,0.95959597826,1.61008822918,1.70775413513,0.0976659059525
1.87226235867,0.95959597826,1.59515416622,1.69678533077,0.101631164551
1.90399563313,0.95959597826,1.5786138773,1.68472421169,0.106110334396
1.93572890759,0.95959597826,1.56048417091,1.67153298855,0.111048817635
1.96746218204,0.95959597826,1.54078316689,1.65716826916,0.116385102272
1.9991953373,0.95959597826,1.51953065395,1.64158022404,0.122049570084
2.03092861176,0.95959597826,1.496748209,1.62471365929,0.127965450287
2.06266188622,0.95959597826,1.472458601,1.6065081358,0.134049534798
2.09439516068,0.95959597826,1.44668638706,1.58689749241,0.140211105347
2.12612843513,0.95959597826,1.4194573164,1.56581246853,0.14635515213
2.15786170959,0.95959597826,1.39079916477,1.54317963123,0.152380466461
2.18959498405,0.95959597826,1.36074054241,1.51892375946,0.158183217049
2.22132825851,0.95959597826,1.32931172848,1.49296844006,0.163656711578
2.25306153297,0.95959597826,1.29654431343,1.465239048,0.168694734573
2.28479480743,0.95959597826,1.26247155666,1.43566334248,0.173191785812
2.31652784348,0.95959597826,1.22712790966,1.40417444706,0.177046537399
2.34826135635,0.95959597826,1.19054794312,1.37071251869,0.180164575577
2.3799943924,0.95959597826,1.152769804,1.33522820473,0.182458400726
2.41172790527,0.95959597826,1.1138304472,1.29768252373,0.18385207653
2.44346094131,0.95959597826,1.07377004623,1.25805163383,0.184281587601
2.47519421577,0.95959597826,1.0326281786,1.21632564068,0.183697462082
2.50692749023,0.95959597826,0.990446448326,1.17251229286,0.182065844536
2.53866076469,0.95959597826,0.947267472744,1.12663793564,0.179370462894
2.57039403915,0.95959597826,0.903134763241,1.07874834538,0.175613582134
2.60212731361,0.95959597826,0.858092665672,1.02891135216,0.170818686485
2.63386058807,0.95959597826,0.812186479568,0.977218270302,0.165031790733
2.66559386253,0.95959597826,0.765462458134,0.92378693819,0.158324480057
2.69732713699,0.95959597826,0.717967748642,0.868762552738,0.150794804096
2.72906041145,0.95959597826,0.669750094414,0.812319338322,0.142569243908
2.76079368591,0.95959597826,0.62085801363,0.754658579826,0.133800566196
2.79252696037,0.95959597826,0.571340858936,0.696002185345,0.124661326408
2.82426023483,0.95959597826,0.521248340607,0.63658362627,0.115335285664
2.85599327087,0.95959597826,0.47063139081,0.576635539532,0.106004148722
2.88772678375,0.95959597826,0.419539749622,0.516372084618,0.0968323349953
2.91945981979,0.95959597826,0.368026465178,0.455982595682,0.0879561305046
2.95119309425,0.95959597826,0.316142231226,0.395615428686,0.0794731974602
2.98292636871,0.95959597826,0.263939648867,0.335380882025,0.0714412331581
3.01465964317,0.95959597826,0.2114713341,0.275355964899,0.0638846307993
3.04639291763,0.95959597826,0.158790066838,0.215596526861,0.0568064600229
3.07812619209,0.95959597826,0.105948902667,0.15615272522,0.0502038225532
3.10985946655,0.95959597826,0.0530010610819,0.0970862135291,0.0440851524472
3.14159274101,0.95959597826,-1.4603882903e-07,0.0384859181941,0.0384860634804
0,0.969696998596,0,0.0200954861939,0.0200954861939
0.0317332595587,0.969696998596,0.0530182756484,0.0890803858638,0.0360621102154
0.0634665191174,0.969696998596,0.105983175337,0.158091902733,0.0521087273955
0.095199778676,0.969696998596,0.158841341734,0.22675088048,0.0679095387459
0.126933038235,0.969696998596,0.211539581418,0.294777452946,0.0832378715277
0.158666297793,0.969696998596,0.264024823904,0.36198079586,0.0979559719563
0.190399557352,0.969696998596,0.316244184971,0.428242504597,0.111998319626
0.222132816911,0.969696998596,0.368145167828,0.493494808674,0.125349640846
0.253866076469,0.969696998596,0.419675409794,0.557699382305,0.138023972511
0.285599350929,0.969696998596,0.470783144236,0.62082606554,0.150042921305
0.317332595587,0.969696998596,0.521416723728,0.682840049267,0.161423325539
0.349065840244,0.969696998596,0.571525335312,0.74368929863,0.172163963318
0.380799114704,0.969696998596,0.621058523655,0.803300857544,0.182242333889
0.412532389164,0.969696998596,0.669966340065,0.8615847826,0.191618442535
0.444265633821,0.969696998596,0.718199491501,0.918433785439,0.200234293938
0.475998878479,0.969696998596,0.765709519386,0.973734378815,0.208024859428
0.507732152939,0.969696998596,0.812448561192,1.02737081051,0.214922249317
0.539465427399,0.969696998596,0.858369529247,1.07923150063,0.220861971378
0.571198701859,0.969696998596,0.903426170349,1.12921392918,0.225787758827
0.602931916714,0.969696998596,0.947573125362,1.17723035812,0.229657232761
0.634665191174,0.969696998596,0.990766048431,1.22320616245,0.232440114021
0.666398465633,0.969696998596,1.03296124935,1.2670841217,0.234122872353
0.698131680489,0.969696998596,1.07411623001,1.30882418156,0.234707951546
0.729864954948,0.969696998596,1.1141898632,1.34840154648,0.234211683273
0.761598229408,0.969696998596,1.15314161777,1.38580703735,0.232665419579
0.793331503868,0.969696998596,1.19093215466,1.42104792595,0.230115771294
0.825064778328,0.969696998596,1.22752356529,1.4541425705,0.226619005203
0.856797993183,0.969696998596,1.26287901402,1.48512148857,0.222242474556
0.888531267643,0.969696998596,1.29696273804,1.51402592659,0.217063188553
0.920264542103,0.969696998596,1.3297406435,1.54090416431,0.211163520813
0.951997756958,0.969696998596,1.36117947102,1.56581246853,0.204632997513
0.983731031418,0.969696998596,1.39124786854,1.58881163597,0.197563767433
1.01546430588,0.969696998596,1.41991531849,1.60996615887,0.190050840378
1.04719758034,0.969696998596,1.44715297222,1.62934362888,0.182190656662
1.0789308548,0.969696998596,1.47293365002,1.64701187611,0.174078226089
1.11066412926,0.969696998596,1.49723112583,1.66304051876,0.165809392929
1.14239740372,0.969696998596,1.52002096176,1.67749655247,0.157475590706
1.17413055897,0.969696998596,1.54128015041,1.69044685364,0.149166703224
1.20586383343,0.969696998596,1.56098759174,1.70195603371,0.140968441963
1.23759710789,0.969696998596,1.57912313938,1.71208584309,0.132962703705
1.26933038235,0.969696998596,1.59566867352,1.72089529037,0.125226616859
1.30106365681,0.969696998596,1.61060762405,1.72843933105,0.117831707001
1.33279693127,0.969696998596,1.62392473221,1.73476982117,0.110845088959
1.36453020573,0.969696998596,1.63560664654,1.73993432522,0.10432767868
1.39626336098,0.969696998596,1.64564168453,1.74397623539,0.0983345508575
1.42799663544,0.969696998596,1.6540197134,1.74693548679,0.0929157733917
1.4597299099,0.969696998596,1.66073226929,1.74884665012,0.0881143808365
1.49146318436,0.969696998596,1.66577267647,1.74974119663,0.0839685201645
1.52319645882,0.969696998596,1.66913568974,1.74964475632,0.0805090665817
1.55492973328,0.969696998596,1.67081797123,1.74858009815,0.0777621269226
1.58666300774,0.969696998596,1.67081797123,1.74656486511,0.0757468938828
1.6183962822,0.969696998596,1.66913568974,1.7436119318,0.0744762420654
1.65012955666,0.969696998596,1.66577267647,1.73973059654,0.0739579200745
1.68186283112,0.969696998596,1.66073226929,1.73492467403,0.074192404747
1.71359610558,0.969696998596,1.6540197134,1.72919392586,0.0751742124557
1.74532938004,0.969696998596,1.64564168453,1.72253274918,0.0768910646439
1.77706253529,0.969696998596,1.63560664654,1.7149310112,0.0793243646622
1.80879580975,0.969696998596,1.62392473221,1.70637381077,0.0824490785599
1.84052908421,0.969696998596,1.61060762405,1.69683992863,0.0862323045731
1.87226235867,0.969696998596,1.59566867352,1.68630373478,0.090635061264
1.90399563313,0.969696998596,1.57912313938,1.67473304272,0.0956099033356
1.93572890759,0.969696998596,1.56098759174,1.66209065914,0.101103067398
1.96746218204,0.969696998596,1.54128015041,1.64833235741,0.107052206993
1.9991953373,0.969696998596,1.52002084255,1.63340997696,0.113389134407
2.03092861176,0.969696998596,1.49723100662,1.61726725101,0.120036244392
2.06266188622,0.969696998596,1.47293353081,1.59984397888,0.126910448074
2.09439516068,0.969696998596,1.44715297222,1.58107364178,0.133920669556
2.12612843513,0.969696998596,1.41991519928,1.5608856678,0.140970468521
2.15786170959,0.969696998596,1.39124774933,1.53920531273,0.1479575634
2.18959498405,0.969696998596,1.36117947102,1.51595592499,0.154776453972
2.22132825851,0.969696998596,1.32974052429,1.49105846882,0.161317944527
2.25306153297,0.969696998596,1.29696261883,1.46443486214,0.167472243309
2.28479480743,0.969696998596,1.2628787756,1.43600857258,0.173129796982
2.31652784348,0.969696998596,1.2275236845,1.40570783615,0.178184151649
2.34826135635,0.969696998596,1.19093203545,1.37346613407,0.182534098625
2.3799943924,0.969696998596,1.15314161777,1.33922696114,0.186085343361
2.41172790527,0.969696998596,1.11418962479,1.30294251442,0.188752889633
2.44346094131,0.969696998596,1.07411634922,1.26458001137,0.190463662148
2.47519421577,0.969696998596,1.03296124935,1.22411870956,0.191157460213
2.50692749023,0.969696998596,0.990765929222,1.18155515194,0.190789222717
2.53866076469,0.969696998596,0.947573065758,1.13690423965,0.189331173897
2.57039403915,0.969696998596,0.90342605114,1.09019875526,0.186772704124
2.60212731361,0.969696998596,0.858369469643,1.04149389267,0.183124423027
2.63386058807,0.969696998596,0.812448441982,0.990866959095,0.178418517113
2.66559386253,0.969696998596,0.765709400177,0.93842113018,0.172711730003
2.69732713699,0.969696998596,0.718199312687,0.884287297726,0.166087985039
2.72906041145,0.969696998596,0.669966161251,0.828626155853,0.158659994602
2.76079368591,0.969696998596,0.621058285236,0.771625638008,0.150567352772
2.79252696037,0.969696998596,0.571525156498,0.713497817516,0.141972661018
2.82426023483,0.969696998596,0.52141648531,0.654470205307,0.133053719997
2.85599327087,0.969696998596,0.47078320384,0.594774842262,0.123991638422
2.88772678375,0.969696998596,0.419675052166,0.534630656242,0.114955604076
2.91945981979,0.969696998596,0.36814519763,0.474236756563,0.106091558933
2.95119309425,0.969696998596,0.316244184971,0.413754343987,0.0975101590157
2.98292636871,0.969696998596,0.264024794102,0.353309363127,0.089284569025
3.01465964317,0.969696998596,0.211539536715,0.292992800474,0.0814532637596
3.04639291763,0.969696998596,0.158841282129,0.232871860266,0.0740305781364
3.07812619209,0.969696998596,0.10598307848,0.17300543189,0.0670223534107
3.10985946655,0.969696998596,0.0530181564391,0.11346039921,0.0604422427714
3.14159274101,0.969696998596,-1.46085938013e-07,0.0543283671141,0.0543285124004
0,0.979797959328,0,0.0338725745678,0.0338725745678
0.0317332595587,0.979797959328,0.0530307032168,0.10357952863,0.050548825413
0.0634665191174,0.979797959328,0.106008023024,0.173235103488,0.0672270804644
0.095199778676,0.979797959328,0.158878579736,0.242454648018,0.0835760682821
0.126933038235,0.979797959328,0.211589172482,0.310954332352,0.0993651598692
0.158666297793,0.979797959328,0.264086693525,0.378541082144,0.114454388618
0.190399557352,0.979797959328,0.316318333149,0.445094048977,0.128775715828
0.222132816911,0.979797959328,0.368231475353,0.510542035103,0.14231055975
0.253866076469,0.979797959328,0.41977378726,0.574842274189,0.155068486929
0.285599350929,0.979797959328,0.470893502235,0.637960672379,0.167067170143
0.317332595587,0.979797959328,0.521538972855,0.699856817722,0.178317844868
0.349065840244,0.979797959328,0.571659326553,0.76047539711,0.188816070557
0.380799114704,0.979797959328,0.621204137802,0.819741427898,0.198537290096
0.412532389164,0.979797959328,0.670123398304,0.877565026283,0.207441627979
0.444265633821,0.979797959328,0.718367874622,0.933843135834,0.215475261211
0.475998878479,0.979797959328,0.765889048576,0.988467156887,0.222578108311
0.507732152939,0.979797959328,0.812639057636,1.04132914543,0.228690087795
0.539465427399,0.979797959328,0.858570754528,1.09232747555,0.23375672102
0.571198701859,0.979797959328,0.903637945652,1.1413705349,0.237732589245
0.602931916714,0.979797959328,0.947795271873,1.18838167191,0.240586400032
0.634665191174,0.979797959328,0.990998268127,1.23329806328,0.242299795151
0.666398465633,0.979797959328,1.03320336342,1.27607381344,0.24287045002
0.698131680489,0.979797959328,1.07436811924,1.31668007374,0.242311954498
0.729864954948,0.979797959328,1.11445105076,1.35510289669,0.240651845932
0.761598229408,0.979797959328,1.15341198444,1.39134430885,0.237932324409
0.793331503868,0.979797959328,1.19121134281,1.42541861534,0.23420727253
0.825064778328,0.979797959328,1.22781133652,1.45735430717,0.229542970657
0.856797993183,0.979797959328,1.26317501068,1.48718905449,0.224014043808
0.888531267643,0.979797959328,1.29726684093,1.51497077942,0.217703938484
0.920264542103,0.979797959328,1.33005225658,1.54075407982,0.210701823235
0.951997756958,0.979797959328,1.36149859428,1.5645993948,0.203100800514
0.983731031418,0.979797959328,1.39157390594,1.58657252789,0.194998621941
1.01546430588,0.979797959328,1.42024815083,1.60674154758,0.186493396759
1.04719758034,0.979797959328,1.44749224186,1.62517678738,0.177684545517
1.0789308548,0.979797959328,1.47327888012,1.64194869995,0.168669819832
1.11066412926,0.979797959328,1.49758207798,1.65712821484,0.159546136856
1.14239740372,0.979797959328,1.52037727833,1.67078471184,0.15040743351
1.17413055897,0.979797959328,1.54164147377,1.68298625946,0.14134478569
1.20586383343,0.979797959328,1.56135344505,1.69379746914,0.132444024086
1.23759710789,0.979797959328,1.57949340343,1.7032815218,0.123788118362
1.26933038235,0.979797959328,1.59604275227,1.71149718761,0.115454435349
1.30106365681,0.979797959328,1.61098515987,1.71850049496,0.107515335083
1.33279693127,0.979797959328,1.62430536747,1.72434282303,0.100037455559
1.36453020573,0.979797959328,1.63599002361,1.72907245159,0.0930824279785
1.39626336098,0.979797959328,1.64602744579,1.73273229599,0.0867048501968
1.42799663544,0.979797959328,1.65440738201,1.73536276817,0.0809553861618
1.4597299099,0.979797959328,1.66112148762,1.73699831963,0.0758768320084
1.49146318436,0.979797959328,1.66616308689,1.73766982555,0.0715067386627
1.52319645882,0.979797959328,1.66952693462,1.73740434647,0.0678774118423
1.55492973328,0.979797959328,1.67120969296,1.73622345924,0.0650137662888
1.58666300774,0.979797959328,1.67120969296,1.73414516449,0.0629354715347
1.6183962822,0.979797959328,1.66952693462,1.73118329048,0.0616563558578
1.65012955666,0.979797959328,1.66616308689,1.7273465395,0.0611834526062
1.68186283112,0.979797959328,1.66112148762,1.72263884544,0.0615173578262
1.71359610558,0.979797959328,1.65440738201,1.71706080437,0.0626534223557
1.74532938004,0.979797959328,1.64602744579,1.71060657501,0.0645791292191
1.77706253529,0.979797959328,1.63599002361,1.70326697826,0.0672769546509
1.80879580975,0.979797959328,1.62430536747,1.69502687454,0.0707215070724
1.84052908421,0.979797959328,1.61098515987,1.68586552143,0.074880361557
1.87226235867,0.979797959328,1.59604275227,1.67575764656,0.0797148942947
1.90399563313,0.979797959328,1.57949328423,1.66467142105,0.0851781368256
1.93572890759,0.979797959328,1.56135344505,1.65256977081,0.0912163257599
1.96746218204,0.979797959328,1.54164147377,1.63940942287,0.0977679491043
1.9991953373,0.979797959328,1.52037715912,1.62514126301,0.104764103889
2.03092861176,0.979797959328,1.49758195877,1.60970973969,0.112127780914
2.06266188622,0.979797959328,1.47327876091,1.59305405617,0.119775295258
2.09439516068,0.979797959328,1.44749224186,1.57510817051,0.12761592865
2.12612843513,0.979797959328,1.42024803162,1.55580055714,0.13555252552
2.15786170959,0.979797959328,1.39157390594,1.53505480289,0.14348089695
2.18959498405,0.979797959328,1.36149859428,1.51279318333,0.151294589043
2.22132825851,0.979797959328,1.33005225658,1.48893427849,0.158882021904
2.25306153297,0.979797959328,1.29726660252,1.46339738369,0.166130781174
2.28479480743,0.979797959328,1.26317489147,1.43610191345,0.17292702198
2.31652784348,0.979797959328,1.22781145573,1.40697181225,0.179160356522
2.34826135635,0.979797959328,1.19121110439,1.37593412399,0.1847230196
2.3799943924,0.979797959328,1.15341198444,1.3429261446,0.189514160156
2.41172790527,0.979797959328,1.11445081234,1.30789232254,0.193441510201
2.44346094131,0.979797959328,1.07436811924,1.27079045773,0.196422338486
2.47519421577,0.979797959328,1.03320336342,1.23159050941,0.198387145996
2.50692749023,0.979797959328,0.990998208523,1.19027805328,0.199279844761
2.53866076469,0.979797959328,0.947795152664,1.14685666561,0.199061512947
2.57039403915,0.979797959328,0.903637826443,1.1013468504,0.197709023952
2.60212731361,0.979797959328,0.858570635319,1.05379104614,0.195220410824
2.63386058807,0.979797959328,0.812638878822,1.00425291061,0.191614031792
2.66559386253,0.979797959328,0.765888869762,0.952822327614,0.186933457851
2.69732713699,0.979797959328,0.718367695808,0.899615108967,0.181247413158
2.72906041145,0.979797959328,0.670123159885,0.84477776289,0.174654603004
2.76079368591,0.979797959328,0.621203839779,0.788484752178,0.167280912399
2.79252696037,0.979797959328,0.571659088135,0.730937004089,0.159277915955
2.82426023483,0.979797959328,0.521538734436,0.672354996204,0.150816261768
2.85599327087,0.979797959328,0.47089356184,0.612967669964,0.142074108124
2.88772678375,0.979797959328,0.419773429632,0.552996873856,0.133223444223
2.91945981979,0.979797959328,0.368231475353,0.49265062809,0.124419152737
2.95119309425,0.979797959328,0.316318333149,0.432101666927,0.115783333778
2.98292636871,0.979797959328,0.264086693525,0.371490269899,0.107403576374
3.01465964317,0.979797959328,0.211589127779,0.310921490192,0.0993323624134
3.04639291763,0.979797959328,0.158878520131,0.250474989414,0.0915964692831
3.07812619209,0.979797959328,0.106007918715,0.190218836069,0.0842109173536
3.10985946655,0.979797959328,0.0530305840075,0.130225747824,0.0771951675415
3.14159274101,0.979797959328,-1.46120186173e-07,0.0705901160836,0.0705902650952
0,0.989898979664,0,0.0481508374214,0.0481508374214
0.0317332595587,0.989898979664,0.0530382394791,0.118545584381,0.0655073449016
0.0634665191174,0.989898979664,0.106023080647,0.188805446029,0.0827823653817
0.095199778676,0.989898979664,0.158901154995,0.258541196585,0.0996400415897
0.126933038235,0.989898979664,0.211619243026,0.327465683222,0.115846440196
0.158666297793,0.989898979664,0.264124214649,0.395384550095,0.131260335445
0.190399557352,0.989898979664,0.316363275051,0.462174236774,0.145810961723
0.222132816911,0.989898979664,0.368283778429,0.527761399746,0.159477621317
0.253866076469,0.989898979664,0.419833421707,0.59209883213,0.172265410423
0.285599350929,0.989898979664,0.470960408449,0.655148267746,0.184187859297
0.317332595587,0.989898979664,0.521613061428,0.716865003109,0.195251941681
0.349065840244,0.989898979664,0.57174050808,0.777190685272,0.205450177193
0.380799114704,0.989898979664,0.621292352676,0.83605080843,0.214758455753
0.412532389164,0.989898979664,0.670218586922,0.893355727196,0.223137140274
0.444265633821,0.989898979664,0.718469917774,0.94900727272,0.230537354946
0.475998878479,0.989898979664,0.765997827053,1.00290334225,0.236905515194
0.507732152939,0.989898979664,0.812754511833,1.05494558811,0.242191076279
0.539465427399,0.989898979664,0.858692765236,1.1050413847,0.246348619461
0.571198701859,0.989898979664,0.903766334057,1.15311050415,0.249344170094
0.602931916714,0.989898979664,0.947929918766,1.19908738136,0.251157462597
0.634665191174,0.989898979664,0.991139054298,1.2429214716,0.251782417297
0.666398465633,0.989898979664,1.03335011005,1.28457820415,0.251228094101
0.698131680489,0.989898979664,1.07452070713,1.32403957844,0.249518871307
0.729864954948,0.989898979664,1.11460936069,1.36130189896,0.246692538261
0.761598229408,0.989898979664,1.15357577801,1.39637672901,0.242800951004
0.793331503868,0.989898979664,1.19138062,1.42928802967,0.237907409668
0.825064778328,0.989898979664,1.22798585892,1.46007144451,0.232085585594
0.856797993183,0.989898979664,1.26335453987,1.48877251148,0.225417971611
0.888531267643,0.989898979664,1.2974511385,1.51544427872,0.217993140221
0.920264542103,0.989898979664,1.33024132252,1.54014801979,0.209906697273
0.951997756958,0.989898979664,1.36169195175,1.56294822693,0.201256275177
0.983731031418,0.989898979664,1.39177167416,1.58391475677,0.192143082619
1.01546430588,0.989898979664,1.42044997215,1.60311853886,0.182668566704
1.04719758034,0.989898979664,1.44769787788,1.6206330061,0.172935128212
1.0789308548,0.989898979664,1.47348821163,1.63653039932,0.163042187691
1.11066412926,0.989898979664,1.49779486656,1.65088367462,0.15308880806
1.14239740372,0.989898979664,1.52059328556,1.66376316547,0.143169879913
1.17413055897,0.989898979664,1.54186046124,1.67523765564,0.133377194405
1.20586383343,0.989898979664,1.56157529354,1.68537318707,0.123797893524
1.23759710789,0.989898979664,1.57971775532,1.69423294067,0.114515185356
1.26933038235,0.989898979664,1.59626948833,1.70187616348,0.105606675148
1.30106365681,0.989898979664,1.61121404171,1.70835876465,0.0971447229385
1.33279693127,0.989898979664,1.62453615665,1.713732481,0.0891963243484
1.36453020573,0.989898979664,1.63622248173,1.7180454731,0.0818229913712
1.39626336098,0.989898979664,1.64626133442,1.7213408947,0.0750795602798
1.42799663544,0.989898979664,1.65464246273,1.72365832329,0.0690158605576
1.4597299099,0.989898979664,1.66135752201,1.72503316402,0.0636756420135
1.49146318436,0.989898979664,1.66639983654,1.72549581528,0.0590959787369
1.52319645882,0.989898979664,1.66976416111,1.72507333755,0.055309176445
1.55492973328,0.989898979664,1.67144715786,1.72378718853,0.0523400306702
1.58666300774,0.989898979664,1.67144715786,1.72165620327,0.0502090454102
1.6183962822,0.989898979664,1.66976416111,1.71869325638,0.0489290952682
1.65012955666,0.989898979664,1.66639983654,1.71490764618,0.048507809639
1.68186283112,0.989898979664,1.66135752201,1.71030402184,0.0489464998245
1.71359610558,0.989898979664,1.65464246273,1.70488214493,0.0502396821976
1.74532938004,0.989898979664,1.64626133442,1.69863772392,0.0523763895035
1.77706253529,0.989898979664,1.63622248173,1.69156062603,0.0553381443024
1.80879580975,0.989898979664,1.62453615665,1.68363642693,0.0591002702713
1.84052908421,0.989898979664,1.61121404171,1.67484498024,0.06363093853
1.87226235867,0.989898979664,1.59626948833,1.66516089439,0.0688914060593
1.90399563313,0.989898979664,1.57971763611,1.65455305576,0.0748354196548
1.93572890759,0.989898979664,1.56157529354,1.64298439026,0.0814090967178
1.96746218204,0.989898979664,1.54186046124,1.63041198254,0.0885515213013
1.9991953373,0.989898979664,1.52059316635,1.61678695679,0.0961937904358
2.03092861176,0.989898979664,1.49779474735,1.60205364227,0.10425889492
2.06266188622,0.989898979664,1.47348809242,1.58615148067,0.112663388252
2.09439516068,0.989898979664,1.44769787788,1.56901407242,0.121316194534
2.12612843513,0.989898979664,1.42044985294,1.55056869984,0.130118846893
2.15786170959,0.989898979664,1.39177155495,1.53073978424,0.138968229294
2.18959498405,0.989898979664,1.36169195175,1.50944674015,0.147754788399
2.22132825851,0.989898979664,1.33024120331,1.48660707474,0.156365871429
2.25306153297,0.989898979664,1.29745090008,1.4621373415,0.164686441422
2.28479480743,0.989898979664,1.26335430145,1.43595302105,0.172598719597
2.31652784348,0.989898979664,1.22798585892,1.40797483921,0.179988980293
2.34826135635,0.989898979664,1.19138038158,1.37812435627,0.186743974686
2.3799943924,0.989898979664,1.15357577801,1.34633266926,0.192756891251
2.41172790527,0.989898979664,1.11460924149,1.31253671646,0.197927474976
2.44346094131,0.989898979664,1.07452082634,1.27668595314,0.202165126801
2.47519421577,0.989898979664,1.03335011005,1.23874151707,0.205391407013
2.50692749023,0.989898979664,0.991138994694,1.19867932796,0.207540333271
2.53866076469,0.989898979664,0.947929799557,1.15649104118,0.208561241627
2.57039403915,0.989898979664,0.903766214848,1.11218583584,0.208419620991
2.60212731361,0.989898979664,0.858692646027,1.06579363346,0.207100987434
2.63386058807,0.989898979664,0.812754333019,1.01736557484,0.204611241817
2.66559386253,0.989898979664,0.765997707844,0.966976463795,0.200978755951
2.69732713699,0.989898979664,0.71846973896,0.914729118347,0.196259379387
2.72906041145,0.989898979664,0.670218408108,0.86075514555,0.190536737442
2.76079368591,0.989898979664,0.621292114258,0.805214822292,0.183922708035
2.79252696037,0.989898979664,0.571740329266,0.748297631741,0.176557302475
2.82426023483,0.989898979664,0.521612823009,0.690214514732,0.168601691723
2.85599327087,0.989898979664,0.470960468054,0.631190776825,0.160230308771
2.88772678375,0.989898979664,0.419833093882,0.571448981762,0.15161588788
2.91945981979,0.989898979664,0.368283808231,0.511202991009,0.142919182777
2.95119309425,0.989898979664,0.316363275051,0.450636833906,0.134273558855
2.98292636871,0.989898979664,0.264124184847,0.389904290438,0.125780105591
3.01465964317,0.989898979664,0.211619183421,0.329124480486,0.117505297065
3.04639291763,0.989898979664,0.15890109539,0.268389850855,0.109488755465
3.07812619209,0.989898979664,0.106022983789,0.207778021693,0.101755037904
3.10985946655,0.989898979664,0.0530381202698,0.147368595004,0.0943304747343
3.14159274101,0.989898979664,-1.46140948232e-07,0.0872590616345,0.0872592106462
0,1,0,0.0629202798009,0.0629202798009
0.0317332595587,1,0.0530407950282,0.133965268731,0.0809244737029
0.0634665191174,1,0.106028191745,0.204787611961,0.0987594202161
0.095199778676,1,0.158908814192,0.274992436171,0.116083621979
0.126933038235,1,0.21162943542,0.34429204464,0.13266260922
0.158666297793,1,0.264136970043,0.412489652634,0.14835268259
0.190399557352,1,0.31637853384,0.479460567236,0.163082033396
0.222132816911,1,0.368301540613,0.545128107071,0.176826566458
0.253866076469,1,0.419853657484,0.609442651272,0.189588993788
0.285599350929,1,0.470983117819,0.672361075878,0.201377958059
0.317332595587,1,0.521638214588,0.733836293221,0.212198078632
0.349065840244,1,0.57176810503,0.793808281422,0.222040176392
0.380799114704,1,0.621322333813,0.852201879025,0.230879545212
0.412532389164,1,0.670250892639,0.908931195736,0.238680303097
0.444265633821,1,0.718504548073,0.963902950287,0.245398402214
0.475998878479,1,0.766034781933,1.01702296734,0.250988185406
0.507732152939,1,0.812793672085,1.06820130348,0.255407631397
0.539465427399,1,0.858734130859,1.11735653877,0.258622407913
0.571198701859,1,0.903809905052,1.16441988945,0.260609984398
0.602931916714,1,0.947975635529,1.20933711529,0.261361479759
0.634665191174,1,0.991186857224,1.25206923485,0.260882377625
0.666398465633,1,1.03339993954,1.29259264469,0.259192705154
0.698131680489,1,1.07457256317,1.33090007305,0.25632750988
0.729864954948,1,1.11466312408,1.36699819565,0.252335071564
0.761598229408,1,1.15363144875,1.40090751648,0.247276067734
0.793331503868,1,1.19143807888,1.43266046047,0.241222381592
0.825064778328,1,1.22804498672,1.46230041981,0.234255433083
0.856797993183,1,1.26341545582,1.48987901211,0.22646355629
0.888531267643,1,1.29751372337,1.51545596123,0.217942237854
0.920264542103,1,1.33030533791,1.53909683228,0.20879149437
0.951997756958,1,1.36175763607,1.56087052822,0.199112892151
0.983731031418,1,1.39183878899,1.58085024357,0.189011454582
1.01546430588,1,1.42051839828,1.59911036491,0.178591966629
1.04719758034,1,1.44776773453,1.6157258749,0.167958140373
1.0789308548,1,1.47355926037,1.63077151775,0.157212257385
1.11066412926,1,1.49786710739,1.64432096481,0.146453857422
1.14239740372,1,1.52066659927,1.65644645691,0.135779857635
1.17413055897,1,1.54193484783,1.66721642017,0.125281572342
1.20586383343,1,1.5616505146,1.67669868469,0.11504817009
1.23759710789,1,1.57979393005,1.68495583534,0.105161905289
1.26933038235,1,1.59634649754,1.69204747677,0.0957009792328
1.30106365681,1,1.61129164696,1.69802975655,0.0867381095886
1.33279693127,1,1.62461447716,1.7029542923,0.0783398151398
1.36453020573,1,1.63630139828,1.70686876774,0.0705673694611
1.39626336098,1,1.6463406086,1.70981669426,0.0634760856628
1.42799663544,1,1.65472221375,1.71183753014,0.057115316391
1.4597299099,1,1.66143763065,1.71296620369,0.0515285730362
1.49146318436,1,1.6664801836,1.71323382854,0.0467536449432
1.52319645882,1,1.66984462738,1.71266639233,0.042821764946
1.55492973328,1,1.67152774334,1.7112865448,0.0397588014603
1.58666300774,1,1.67152774334,1.70911204815,0.0375843048096
1.6183962822,1,1.66984462738,1.70615649223,0.0363118648529
1.65012955666,1,1.6664801836,1.70242893696,0.0359487533569
1.68186283112,1,1.66143763065,1.69793426991,0.0364966392517
1.71359610558,1,1.65472221375,1.69267272949,0.0379505157471
1.74532938004,1,1.6463406086,1.68663978577,0.0402991771698
1.77706253529,1,1.63630139828,1.67982578278,0.0435243844986
1.80879580975,1,1.62461447716,1.6722162962,0.0476018190384
1.84052908421,1,1.61129164696,1.66379213333,0.0525004863739
1.87226235867,1,1.59634649754,1.65452754498,0.0581810474396
1.90399563313,1,1.57979381084,1.64439177513,0.0645979642868
1.93572890759,1,1.5616505146,1.63334786892,0.0716973543167
1.96746218204,1,1.54193484783,1.62135386467,0.0794190168381
1.9991953373,1,1.52066648006,1.60836040974,0.0876939296722
2.03092861176,1,1.49786698818,1.5943120718,0.0964450836182
2.06266188622,1,1.47355914116,1.5791490078,0.105589866638
2.09439516068,1,1.44776773453,1.56280350685,0.115035772324
2.12612843513,1,1.42051827908,1.54520380497,0.124685525894
2.15786170959,1,1.39183866978,1.5262721777,0.134433507919
2.18959498405,1,1.36175763607,1.50592827797,0.144170641899
2.22132825851,1,1.33030533791,1.4840875864,0.153782248497
2.25306153297,1,1.29751348495,1.4606641531,0.163150668144
2.28479480743,1,1.2634152174,1.43557167053,0.172156453133
2.31652784348,1,1.22804510593,1.4087253809,0.180680274963
2.34826135635,1,1.19143784046,1.38004374504,0.188605904579
2.3799943924,1,1.15363144875,1.3494515419,0.195820093155
2.41172790527,1,1.11466288567,1.31687951088,0.202216625214
2.44346094131,1,1.07457256317,1.28226912022,0.207696557045
2.47519421577,1,1.03339993954,1.24557340145,0.212173461914
2.50692749023,1,0.991186738014,1.20675766468,0.215570926666
2.53866076469,1,0.947975516319,1.16580355167,0.217828035355
2.57039403915,1,0.903809785843,1.12270975113,0.218899965286
2.60212731361,1,0.85873401165,1.07749354839,0.218759536743
2.63386058807,1,0.812793493271,1.03019273281,0.21739923954
2.66559386253,1,0.766034603119,0.980870127678,0.214835524559
2.69732713699,1,0.718504369259,0.929613173008,0.211108803749
2.72906041145,1,0.670250713825,0.876539230347,0.206288516521
2.76079368591,1,0.621322095394,0.821795046329,0.200472950935
2.79252696037,1,0.571767866611,0.765556931496,0.193789064884
2.82426023483,1,0.52163797617,0.708025574684,0.186387598515
2.85599327087,1,0.470983177423,0.649419903755,0.178436726332
2.88772678375,1,0.419853329659,0.589962244034,0.170108914375
2.91945981979,1,0.368301570415,0.52987074852,0.161569178104
2.95119309425,1,0.31637853384,0.469338566065,0.152960032225
2.98292636871,1,0.264136940241,0.408531934023,0.144394993782
3.01465964317,1,0.211629390717,0.347583830357,0.13595443964
3.04639291763,1,0.158908754587,0.286599695683,0.127690941095
3.07812619209,1,0.106028094888,0.225668087602,0.119639992714
3.10985946655,1,0.0530406758189,0.164874762297,0.111834086478
3.14159274101,1,-1.46147996816e-07,0.104321479797,0.104321628809
