x,t,f_true,f_pred,abs_error
0.00990098994225,0,-0.0022274707444,0.245234251022,0.247461721301
0.0198019798845,0,-0.00445079244673,0.245008379221,0.249459177256
0.0297029688954,0,-0.00666580721736,0.244738146663,0.251403957605
0.039603959769,0,-0.00886834040284,0.244424179196,0.253292530775
0.0495049506426,0,-0.0110542019829,0.244068324566,0.255122512579
0.0594059377909,0,-0.0132191497833,0.243671581149,0.256890743971
0.0693069323897,0,-0.0153589202091,0.243235915899,0.258594840765
0.079207919538,0,-0.0174692049623,0.24276329577,0.260232508183
0.0891089066863,0,-0.0195455979556,0.242255553603,0.261801153421
0.0990099012852,0,-0.0215836986899,0.24171461165,0.263298302889
0.108910888433,0,-0.0235789660364,0.241143301129,0.264722257853
0.118811875582,0,-0.0255268309265,0.240543574095,0.266070395708
0.12871286273,0,-0.0274225976318,0.239918038249,0.267340630293
0.138613864779,0,-0.0292614903301,0.239269420505,0.268530905247
0.148514851928,0,-0.0310386288911,0.238600328565,0.269638955593
0.158415839076,0,-0.0327490493655,0.237913623452,0.270662665367
0.168316826224,0,-0.0343876220286,0.237211868167,0.271599501371
0.178217813373,0,-0.0359491072595,0.236498072743,0.272447168827
0.188118815422,0,-0.0374281592667,0.2357750386,0.273203194141
0.19801980257,0,-0.0388192869723,0.235045596957,0.273864895105
0.207920789719,0,-0.0401168055832,0.234312340617,0.274429142475
0.217821776867,0,-0.0413149781525,0.233578085899,0.274893075228
0.227722764015,0,-0.0424077920616,0.232845723629,0.275253504515
0.237623751163,0,-0.0433891862631,0.232117772102,0.275506973267
0.247524753213,0,-0.0442528538406,0.231396526098,0.275649368763
0.25742572546,0,-0.0449923984706,0.230684697628,0.275677084923
0.267326742411,0,-0.0456011742353,0.229984506965,0.2755856812
0.277227729559,0,-0.046072460711,0.229298114777,0.275370568037
0.287128716707,0,-0.0463993065059,0.228627443314,0.275026738644
0.297029703856,0,-0.0465745814145,0.227974563837,0.274549156427
0.306930691004,0,-0.046591039747,0.227341026068,0.27393206954
0.316831678152,0,-0.0464412607253,0.22672881186,0.273170083761
0.3267326653,0,-0.0461177416146,0.226138740778,0.272256493568
0.336633652449,0,-0.0456127226353,0.225572541356,0.271185278893
0.346534639597,0,-0.0449183993042,0.225031077862,0.26994946599
0.356435626745,0,-0.0440269075334,0.224515229464,0.268542140722
0.366336613894,0,-0.0429301969707,0.224025994539,0.266956180334
0.376237630844,0,-0.0416202023625,0.223563864827,0.26518407464
0.386138617992,0,-0.0400889143348,0.223129019141,0.263217926025
0.396039605141,0,-0.0383282080293,0.222721934319,0.261050134897
0.405940592289,0,-0.0363300815225,0.222342535853,0.258672624826
0.415841579437,0,-0.0340866409242,0.221990764141,0.256077408791
0.425742566586,0,-0.0315900482237,0.221666634083,0.253256678581
0.435643553734,0,-0.0288327727467,0.22136951983,0.250202298164
0.445544540882,0,-0.0258075706661,0.221098929644,0.246906504035
0.45544552803,0,-0.0225074626505,0.220854267478,0.243361726403
0.465346515179,0,-0.018926044926,0.220634832978,0.239560872316
0.475247502327,0,-0.0150573626161,0.220439642668,0.235496997833
0.485148519278,0,-0.0108962096274,0.22026771307,0.231163918972
0.495049506426,0,-0.00643806625158,0.220118001103,0.226556062698
0.504950523376,0,-0.00167941849213,0.219989061356,0.221668481827
0.51485145092,0,0.0033821335528,0.219880104065,0.216497972608
0.524752497673,0,0.00874794274569,0.219789385796,0.2110414505
0.534653484821,0,0.0144177405164,0.219715431333,0.20529769361
0.54455447197,0,0.0203897152096,0.219656944275,0.199267223477
0.554455459118,0,0.0266603212804,0.219612360001,0.192952036858
0.564356446266,0,0.03322378546,0.219579994678,0.186356216669
0.574257433414,0,0.0400722958148,0.219558238983,0.179485946894
0.584158420563,0,0.0471952706575,0.219545379281,0.172350108624
0.594059407711,0,0.0545794963837,0.219540074468,0.164960578084
0.603960394859,0,0.0622086152434,0.219540208578,0.157331585884
0.613861382008,0,0.0700630098581,0.219544440508,0.14948143065
0.623762369156,0,0.0781192854047,0.219550728798,0.141431450844
0.633663415909,0,0.0863503739238,0.21955807507,0.133207708597
0.643564343452,0,0.0947247073054,0.219564467669,0.124839760363
0.653465390205,0,0.103206828237,0.219567865133,0.116361036897
0.663366317749,0,0.111755944788,0.219567373395,0.107811428607
0.673267364502,0,0.120327137411,0.219561398029,0.0992342606187
0.683168292046,0,0.12886980176,0.219547986984,0.0906781852245
0.693069338799,0,0.13732868433,0.219526126981,0.0821974426508
0.702970266342,0,0.145643100142,0.21949455142,0.0738514512777
0.712871313095,0,0.153747648001,0.219451591372,0.0657039433718
0.722772240639,0,0.161571472883,0.219396397471,0.0578249245882
0.732673287392,0,0.16903950274,0.219327360392,0.0502878576517
0.74257427454,0,0.176072061062,0.219243749976,0.0431716889143
0.752475261688,0,0.182585835457,0.219144701958,0.0365588665009
0.762376248837,0,0.188494190574,0.219028919935,0.0305347293615
0.772277235985,0,0.193708628416,0.218895673752,0.0251870453358
0.782178223133,0,0.198139220476,0.218744114041,0.0206048935652
0.792079210281,0,0.20169557631,0.218573749065,0.0168781727552
0.80198019743,0,0.204289525747,0.218383580446,0.0140940546989
0.811881184578,0,0.205834850669,0.218173444271,0.0123385936022
0.821782171726,0,0.206250578165,0.217942714691,0.0116921365261
0.831683158875,0,0.205461606383,0.217691227794,0.0122296214104
0.841584146023,0,0.203401431441,0.217418298125,0.014016866684
0.851485133171,0,0.200013265014,0.217123821378,0.0171105563641
0.861386120319,0,0.195252925158,0.216807931662,0.0215550065041
0.871287107468,0,0.18908983469,0.216470062733,0.0273802280426
0.881188154221,0,0.181509405375,0.216110378504,0.0346009731293
0.891089081764,0,0.172514274716,0.215729102492,0.043214827776
0.900990128517,0,0.162125259638,0.215326011181,0.053200751543
0.910891115665,0,0.150383219123,0.214901417494,0.0645181983709
0.920792102814,0,0.137348517776,0.214455530047,0.0771070122719
0.930693089962,0,0.123101964593,0.213988408446,0.0908864438534
0.94059407711,0,0.107743889093,0.213500365615,0.105756476521
0.950495064259,0,0.0913929790258,0.212992057204,0.121599078178
0.960396051407,0,0.0741858482361,0.212463438511,0.138277590275
0.970297038555,0,0.0562739335001,0.211915045977,0.155641108751
0.980198025703,0,0.0378215797246,0.211347416043,0.173525840044
0.990099012852,0,0.0190030708909,0.210760861635,0.191757798195
0.00990098994225,0.0101010100916,-0.00224773050286,0.244886115193,0.247133851051
0.0198019798845,0.0101010100916,-0.00449135387316,0.244687661529,0.249179020524
0.0297029688954,0.0101010100916,-0.0067267534323,0.244444385171,0.251171141863
0.039603959769,0.0101010100916,-0.00894979666919,0.244157209992,0.253107011318
0.0495049506426,0.0101010100916,-0.0111563326791,0.243827417493,0.254983752966
0.0594059377909,0.0101010100916,-0.0133421653882,0.24345625937,0.256798416376
0.0693069323897,0.0101010100916,-0.015503063798,0.243045523763,0.258548587561
0.079207919538,0.0101010100916,-0.0176347624511,0.242596849799,0.260231614113
0.0891089066863,0.0101010100916,-0.0197328981012,0.242112293839,0.261845201254
0.0990099012852,0.0101010100916,-0.0217931140214,0.24159398675,0.26338711381
0.108910888433,0.0101010100916,-0.0238108858466,0.241043657064,0.264854550362
0.118811875582,0.0101010100916,-0.0257817003876,0.240464299917,0.266245990992
0.12871286273,0.0101010100916,-0.0277008935809,0.239858046174,0.267558932304
0.138613864779,0.0101010100916,-0.0295637175441,0.239227429032,0.268791139126
0.148514851928,0.0101010100916,-0.0313653387129,0.2385751158,0.269940465689
0.158415839076,0.0101010100916,-0.0331008136272,0.237904116511,0.271004915237
0.168316826224,0.0101010100916,-0.0347650311887,0.237216815352,0.271981835365
0.178217813373,0.0101010100916,-0.0363528057933,0.236516281962,0.272869080305
0.188118815422,0.0101010100916,-0.0378588028252,0.235805258155,0.273664057255
0.19801980257,0.0101010100916,-0.0392775535583,0.235086545348,0.274364113808
0.207920789719,0.0101010100916,-0.0406033881009,0.234363093972,0.274966478348
0.217821776867,0.0101010100916,-0.041830599308,0.233637601137,0.275468200445
0.227722764015,0.0101010100916,-0.0429531820118,0.232912689447,0.275865882635
0.237623751163,0.0101010100916,-0.043965075165,0.232191219926,0.276156306267
0.247524753213,0.0101010100916,-0.0448599979281,0.231475874782,0.276335865259
0.25742572546,0.0101010100916,-0.0456315353513,0.230768740177,0.276400268078
0.267326742411,0.0101010100916,-0.0462730489671,0.230072468519,0.276345521212
0.277227729559,0.0101010100916,-0.046777792275,0.229389235377,0.276167035103
0.287128716707,0.0101010100916,-0.0471388176084,0.228721141815,0.275859951973
0.297029703856,0.0101010100916,-0.0473489500582,0.228070095181,0.275419056416
0.306930691004,0.0101010100916,-0.0474009402096,0.227437853813,0.274838805199
0.316831678152,0.0101010100916,-0.0472873002291,0.226826325059,0.274113625288
0.3267326653,0.0101010100916,-0.0470004975796,0.226236879826,0.273237377405
0.336633652449,0.0101010100916,-0.046532727778,0.225670829415,0.272203564644
0.346534639597,0.0101010100916,-0.0458760820329,0.225129202008,0.271005272865
0.356435626745,0.0101010100916,-0.0450226441026,0.224613204598,0.269635856152
0.366336613894,0.0101010100916,-0.0439642593265,0.224123373628,0.268087625504
0.376237630844,0.0101010100916,-0.0426927730441,0.223660677671,0.266353458166
0.386138617992,0.0101010100916,-0.0412000603974,0.223225101829,0.264425158501
0.396039605141,0.0101010100916,-0.0394778512418,0.222817435861,0.262295275927
0.405940592289,0.0101010100916,-0.0375179871917,0.222437471151,0.259955465794
0.415841579437,0.0101010100916,-0.0353124327958,0.22208532691,0.257397770882
0.425742566586,0.0101010100916,-0.0328531563282,0.221760749817,0.254613906145
0.435643553734,0.0101010100916,-0.0301324371248,0.221463471651,0.251595914364
0.445544540882,0.0101010100916,-0.0271427892148,0.221192866564,0.248335659504
0.45544552803,0.0101010100916,-0.0238770004362,0.220948442817,0.244825437665
0.465346515179,0.0101010100916,-0.0203284211457,0.220729380846,0.241057798266
0.475247502327,0.0101010100916,-0.0164908040315,0.220534861088,0.237025663257
0.485148519278,0.0101010100916,-0.0123586170375,0.220363661647,0.23272228241
0.495049506426,0.0101010100916,-0.00792705826461,0.220215037465,0.228142097592
0.504950523376,0.0101010100916,-0.00319222314283,0.220087528229,0.223279744387
0.51485145092,0.0101010100916,0.00184862571768,0.219979986548,0.218131363392
0.524752497673,0.0101010100916,0.00719725107774,0.219890862703,0.212693616748
0.534653484821,0.0101010100916,0.0128537900746,0.219818860292,0.206965073943
0.54455447197,0.0101010100916,0.0188168548048,0.219762653112,0.200945794582
0.554455459118,0.0101010100916,0.0250833351165,0.219720229506,0.194636896253
0.564356446266,0.0101010100916,0.0316479206085,0.219690337777,0.188042417169
0.574257433414,0.0101010100916,0.0385032556951,0.219671279192,0.181168019772
0.584158420563,0.0101010100916,0.0456392094493,0.219661340117,0.174022138119
0.594059407711,0.0101010100916,0.0530430451035,0.219658777118,0.166615724564
0.603960394859,0.0101010100916,0.0606988407671,0.219661965966,0.158963128924
0.613861382008,0.0101010100916,0.0685874298215,0.219669297338,0.151081860065
0.623762369156,0.0101010100916,0.0766857936978,0.2196790874,0.142993301153
0.633663415909,0.0101010100916,0.0849672555923,0.219689369202,0.134722113609
0.643564343452,0.0101010100916,0.0934005528688,0.219698876143,0.126298323274
0.653465390205,0.0101010100916,0.101950488985,0.219705864787,0.117755375803
0.663366317749,0.0101010100916,0.110576435924,0.219708681107,0.109132245183
0.673267364502,0.0101010100916,0.119233548641,0.219705685973,0.100472137332
0.683168292046,0.0101010100916,0.127871289849,0.219695776701,0.0918244868517
0.693069338799,0.0101010100916,0.136434152722,0.219677194953,0.0832430422306
0.702970266342,0.0101010100916,0.144861221313,0.219648659229,0.0747874379158
0.712871313095,0.0101010100916,0.153086677194,0.219608873129,0.0665221959352
0.722772240639,0.0101010100916,0.16103900969,0.219556987286,0.0585179775953
0.732673287392,0.0101010100916,0.168642401695,0.219491109252,0.0508487075567
0.74257427454,0.0101010100916,0.175816178322,0.219410523772,0.0435943454504
0.752475261688,0.0101010100916,0.182475790381,0.219314396381,0.0368386059999
0.762376248837,0.0101010100916,0.188533231616,0.219201296568,0.0306680649519
0.772277235985,0.0101010100916,0.193898454309,0.219070851803,0.0251723974943
0.782178223133,0.0101010100916,0.198479622602,0.2189219594,0.0204423367977
0.792079210281,0.0101010100916,0.20218449831,0.218754097819,0.0165695995092
0.80198019743,0.0101010100916,0.204922631383,0.218566939235,0.0136443078518
0.811881184578,0.0101010100916,0.206605583429,0.218359351158,0.0117537677288
0.821782171726,0.0101010100916,0.207149967551,0.218130975962,0.0109810084105
0.831683158875,0.0101010100916,0.206478357315,0.217881917953,0.0114035606384
0.841584146023,0.0101010100916,0.204521760345,0.217611446977,0.0130896866322
0.851485133171,0.0101010100916,0.201221048832,0.217319473624,0.0160984247923
0.861386120319,0.0101010100916,0.196529969573,0.217005684972,0.0204757153988
0.871287107468,0.0101010100916,0.190415933728,0.216670259833,0.0262543261051
0.881188154221,0.0101010100916,0.182862579823,0.216312855482,0.0334502756596
0.891089081764,0.0101010100916,0.17387136817,0.215933963656,0.0420625954866
0.900990128517,0.0101010100916,0.163462132215,0.215532913804,0.0520707815886
0.910891115665,0.0101010100916,0.151675492525,0.215110898018,0.0634354054928
0.920792102814,0.0101010100916,0.138571828604,0.214667022228,0.0760951936245
0.930693089962,0.0101010100916,0.124232709408,0.214202255011,0.0899695456028
0.94059407711,0.0101010100916,0.108759842813,0.21371653676,0.104956693947
0.950495064259,0.0101010100916,0.0922737494111,0.213210478425,0.120936729014
0.960396051407,0.0101010100916,0.0749134793878,0.212683990598,0.137770503759
0.970297038555,0.0101010100916,0.0568334050477,0.21213811636,0.155304715037
0.980198025703,0.0101010100916,0.0382012203336,0.211572676897,0.173371464014
0.990099012852,0.0101010100916,0.019194914028,0.210988625884,0.191793709993
0.00990098994225,0.0202020201832,-0.00226693367586,0.244537755847,0.246804684401
0.0198019798845,0.0202020201832,-0.00452980212867,0.244366779923,0.248896583915
0.0297029688954,0.0202020201832,-0.00678452849388,0.244150772691,0.250935316086
0.039603959769,0.0202020201832,-0.00902702007443,0.243890419602,0.252917438745
0.0495049506426,0.0202020201832,-0.0112531706691,0.243587106466,0.254840284586
0.0594059377909,0.0202020201832,-0.0134588209912,0.243241891265,0.256700724363
0.0693069323897,0.0202020201832,-0.0156397856772,0.242856353521,0.258496135473
0.079207919538,0.0202020201832,-0.0177918318659,0.242432549596,0.260224372149
0.0891089066863,0.0202020201832,-0.0199106428772,0.241971582174,0.261882215738
0.0990099012852,0.0202020201832,-0.0219918843359,0.241476118565,0.263467997313
0.108910888433,0.0202020201832,-0.0240310933441,0.240947827697,0.264978915453
0.118811875582,0.0202020201832,-0.0260237772018,0.240389123559,0.266412913799
0.12871286273,0.0202020201832,-0.0279653090984,0.239802628756,0.267767935991
0.138613864779,0.0202020201832,-0.029850974679,0.23919069767,0.269041657448
0.148514851928,0.0202020201832,-0.0316759832203,0.238555908203,0.270231902599
0.158415839076,0.0202020201832,-0.0334354154766,0.23790101707,0.271336436272
0.168316826224,0.0202020201832,-0.0351241864264,0.237228795886,0.272352993488
0.178217813373,0.0202020201832,-0.0367371402681,0.236542090774,0.273279219866
0.188118815422,0.0202020201832,-0.0382689721882,0.235843732953,0.274112701416
0.19801980257,0.0202020201832,-0.0397142358124,0.235136419535,0.274850666523
0.207920789719,0.0202020201832,-0.0410672836006,0.234423145652,0.275490432978
0.217821776867,0.0202020201832,-0.0423224233091,0.233706757426,0.276029169559
0.227722764015,0.0202020201832,-0.0434736460447,0.232989788055,0.276463449001
0.237623751163,0.0202020201832,-0.044514939189,0.232275381684,0.276790320873
0.247524753213,0.0202020201832,-0.0454399883747,0.231565788388,0.277005791664
0.25742572546,0.0202020201832,-0.0462424121797,0.230863645673,0.277106046677
0.267326742411,0.0202020201832,-0.0469155460596,0.230171397328,0.277086943388
0.277227729559,0.0202020201832,-0.0474526584148,0.229491248727,0.276943922043
0.287128716707,0.0202020201832,-0.0478467606008,0.228825688362,0.276672452688
0.297029703856,0.0202020201832,-0.0480906814337,0.22817645967,0.276267141104
0.306930691004,0.0202020201832,-0.0481771230698,0.227545514703,0.275722622871
0.316831678152,0.0202020201832,-0.0480985753238,0.226934611797,0.275033175945
0.3267326653,0.0202020201832,-0.0478474572301,0.226345360279,0.274192810059
0.336633652449,0.0202020201832,-0.047415882349,0.225778982043,0.273194849491
0.346534639597,0.0202020201832,-0.046795938164,0.225236907601,0.272032856941
0.356435626745,0.0202020201832,-0.0459796003997,0.224720045924,0.270699650049
0.366336613894,0.0202020201832,-0.0449586138129,0.224229216576,0.269187837839
0.376237630844,0.0202020201832,-0.0437247604132,0.223765224218,0.26748996973
0.386138617992,0.0202020201832,-0.0422697477043,0.223328590393,0.265598326921
0.396039605141,0.0202020201832,-0.0405852086842,0.222919642925,0.263504862785
0.405940592289,0.0202020201832,-0.0386628843844,0.222538396716,0.261201292276
0.415841579437,0.0202020201832,-0.0364945270121,0.222185105085,0.258679628372
0.425742566586,0.0202020201832,-0.0340719595551,0.221859350801,0.255931317806
0.435643553734,0.0202020201832,-0.0313872285187,0.221561074257,0.252948313951
0.445544540882,0.0202020201832,-0.0284326821566,0.221289485693,0.24972216785
0.45544552803,0.0202020201832,-0.0252008568496,0.221044361591,0.246245220304
0.465346515179,0.0202020201832,-0.0216848440468,0.220824882388,0.24250972271
0.475247502327,0.0202020201832,-0.0178781133145,0.220630034804,0.238508149981
0.485148519278,0.0202020201832,-0.0137748848647,0.220458850265,0.234233736992
0.495049506426,0.0202020201832,-0.00936999265105,0.220310211182,0.229680210352
0.504950523376,0.0202020201832,-0.00465922569856,0.220183059573,0.224842280149
0.51485145092,0.0202020201832,0.000360535719665,0.220076113939,0.219715580344
0.524752497673,0.0202020201832,0.00569141795859,0.219987809658,0.214296385646
0.534653484821,0.0202020201832,0.0113339554518,0.219916656613,0.208582699299
0.54455447197,0.0202020201832,0.0172871630639,0.219861730933,0.202574566007
0.554455459118,0.0202020201832,0.0235483944416,0.219820737839,0.196272343397
0.564356446266,0.0202020201832,0.0301127396524,0.219792321324,0.189679577947
0.574257433414,0.0202020201832,0.0369733087718,0.219774872065,0.182801559567
0.584158420563,0.0202020201832,0.0441204272211,0.219766780734,0.175646349788
0.594059407711,0.0202020201832,0.0515417940915,0.219766378403,0.168224588037
0.603960394859,0.0202020201832,0.059221945703,0.219771787524,0.160549849272
0.613861382008,0.0202020201832,0.0671421065927,0.219781324267,0.152639210224
0.623762369156,0.0202020201832,0.0752796828747,0.219793379307,0.144513696432
0.633663415909,0.0202020201832,0.0836083441973,0.21980625391,0.136197909713
0.643564343452,0.0202020201832,0.0920971482992,0.219818100333,0.127720952034
0.653465390205,0.0202020201832,0.100711144507,0.219827547669,0.119116403162
0.663366317749,0.0202020201832,0.10940989852,0.219832986593,0.110423088074
0.673267364502,0.0202020201832,0.118148677051,0.21983268857,0.101684011519
0.683168292046,0.0202020201832,0.126876860857,0.219825416803,0.0929485559464
0.693069338799,0.0202020201832,0.13553892076,0.219809353352,0.0842704325914
0.702970266342,0.0202020201832,0.144073575735,0.219783619046,0.0757100433111
0.712871313095,0.0202020201832,0.152414664626,0.219746679068,0.0673320144415
0.722772240639,0.0202020201832,0.160490080714,0.219696938992,0.0592068582773
0.732673287392,0.0202020201832,0.168223261833,0.219633713365,0.0514104515314
0.74257427454,0.0202020201832,0.175532534719,0.219555824995,0.0440232902765
0.752475261688,0.0202020201832,0.182332366705,0.219462022185,0.0371296554804
0.762376248837,0.0202020201832,0.188533231616,0.219351500273,0.0308182686567
0.772277235985,0.0202020201832,0.194043636322,0.219223514199,0.0251798778772
0.782178223133,0.0202020201832,0.198770001531,0.219077140093,0.0203071385622
0.792079210281,0.0202020201832,0.202618122101,0.218911677599,0.0162935554981
0.80198019743,0.0202020201832,0.205495581031,0.21872664988,0.0132310688496
0.811881184578,0.0202020201832,0.207311734557,0.218521624804,0.0112098902464
0.821782171726,0.0202020201832,0.207980856299,0.218295648694,0.0103147923946
0.831683158875,0.0202020201832,0.207423225045,0.218048840761,0.010625615716
0.841584146023,0.0202020201832,0.205567538738,0.217780798674,0.0122132599354
0.851485133171,0.0202020201832,0.202352404594,0.217491105199,0.0151387006044
0.861386120319,0.0202020201832,0.197729438543,0.217179819942,0.0194503813982
0.871287107468,0.0202020201832,0.191664114594,0.21684654057,0.0251824259758
0.881188154221,0.0202020201832,0.18413862586,0.216491609812,0.0323529839516
0.891089081764,0.0202020201832,0.175152957439,0.21611481905,0.0409618616104
0.900990128517,0.0202020201832,0.164726272225,0.215716376901,0.0509901046753
0.910891115665,0.0202020201832,0.152898654342,0.215296462178,0.0623978078365
0.920792102814,0.0202020201832,0.139730721712,0.214855179191,0.0751244574785
0.930693089962,0.0202020201832,0.125304743648,0.214392751455,0.0890880078077
0.94059407711,0.0202020201832,0.109723605216,0.213909581304,0.104185976088
0.950495064259,0.0202020201832,0.0931096822023,0.213406011462,0.12029632926
0.960396051407,0.0202020201832,0.0756043195724,0.21288228035,0.137277960777
0.970297038555,0.0202020201832,0.0573647357523,0.212338939309,0.154974207282
0.980198025703,0.0202020201832,0.0385618507862,0.211776286364,0.173214435577
0.990099012852,0.0202020201832,0.019377168268,0.211194753647,0.191817581654
0.00990098994225,0.0303030312061,-0.00228510890156,0.244189932942,0.246475040913
0.0198019798845,0.0303030312061,-0.00456619262695,0.244046404958,0.248612597585
0.0297029688954,0.0303030312061,-0.00683921668679,0.243857741356,0.250696957111
0.039603959769,0.0303030312061,-0.00910012889653,0.243624597788,0.252724736929
0.0495049506426,0.0303030312061,-0.0113448612392,0.243347734213,0.254692584276
0.0594059377909,0.0303030312061,-0.0135692963377,0.243028908968,0.256598204374
0.0693069323897,0.0303030312061,-0.0157692879438,0.24266923964,0.258438527584
0.079207919538,0.0303030312061,-0.0179406404495,0.242270246148,0.260210871696
0.0891089066863,0.0303030312061,-0.0200790837407,0.241833627224,0.261912703514
0.0990099012852,0.0303030312061,-0.0221803113818,0.241361409426,0.263541728258
0.108910888433,0.0303030312061,-0.0242399033159,0.240855589509,0.265095502138
0.118811875582,0.0303030312061,-0.0262534022331,0.240318596363,0.266571998596
0.12871286273,0.0303030312061,-0.0282162204385,0.239752411842,0.26796862483
0.138613864779,0.0303030312061,-0.0301236771047,0.239159539342,0.269283205271
0.148514851928,0.0303030312061,-0.0319710038602,0.238542824984,0.270513832569
0.158415839076,0.0303030312061,-0.0337533093989,0.237904950976,0.271658271551
0.168316826224,0.0303030312061,-0.0354655720294,0.237248271704,0.272713840008
0.178217813373,0.0303030312061,-0.0371026359499,0.236576065421,0.273678690195
0.188118815422,0.0303030312061,-0.0386592261493,0.235890746117,0.27454996109
0.19801980257,0.0303030312061,-0.0401299148798,0.235195547342,0.275325477123
0.207920789719,0.0303030312061,-0.0415090881288,0.234492957592,0.276002049446
0.217821776867,0.0303030312061,-0.0427910611033,0.233786001801,0.276577055454
0.227722764015,0.0303030312061,-0.0439698584378,0.233077645302,0.277047514915
0.237623751163,0.0303030312061,-0.0450394488871,0.23237028718,0.277409732342
0.247524753213,0.0303030312061,-0.0459935441613,0.231666833162,0.277660369873
0.25742572546,0.0303030312061,-0.0468257702887,0.230969965458,0.277795732021
0.267326742411,0.0303030312061,-0.0475294589996,0.230281874537,0.277811348438
0.277227729559,0.0303030312061,-0.0480978488922,0.229605168104,0.277703016996
0.287128716707,0.0303030312061,-0.0485239811242,0.228941902518,0.277465879917
0.297029703856,0.0303030312061,-0.0488006286323,0.228294536471,0.277095168829
0.306930691004,0.0303030312061,-0.0489204712212,0.22766456008,0.276585042477
0.316831678152,0.0303030312061,-0.048875991255,0.227054163814,0.275930166245
0.3267326653,0.0303030312061,-0.0486595258117,0.226464882493,0.275124400854
0.336633652449,0.0303030312061,-0.0482631959021,0.225897938013,0.27416113019
0.346534639597,0.0303030312061,-0.0476789548993,0.225354760885,0.273033708334
0.356435626745,0.0303030312061,-0.0468987636268,0.224836811423,0.271735578775
0.366336613894,0.0303030312061,-0.0459142662585,0.22434450686,0.270258784294
0.376237630844,0.0303030312061,-0.0447171479464,0.223878696561,0.268595844507
0.386138617992,0.0303030312061,-0.0432990081608,0.223440304399,0.266739308834
0.396039605141,0.0303030312061,-0.0416513979435,0.223029181361,0.264680564404
0.405940592289,0.0303030312061,-0.0397658608854,0.222646132112,0.262411981821
0.415841579437,0.0303030312061,-0.0376340225339,0.222290709615,0.259924739599
0.425742566586,0.0303030312061,-0.0352475419641,0.221963003278,0.257210552692
0.435643553734,0.0303030312061,-0.0325982831419,0.221663028002,0.254261314869
0.445544540882,0.0303030312061,-0.0296783782542,0.221389815211,0.251068204641
0.45544552803,0.0303030312061,-0.0264801438898,0.221143081784,0.247623220086
0.465346515179,0.0303030312061,-0.0229964330792,0.220922142267,0.243918567896
0.475247502327,0.0303030312061,-0.019220450893,0.220725938678,0.239946395159
0.485148519278,0.0303030312061,-0.0151461390778,0.220553740859,0.235699877143
0.495049506426,0.0303030312061,-0.0107680009678,0.220404401422,0.231172397733
0.504950523376,0.0303030312061,-0.00608151685447,0.220276534557,0.226358056068
0.51485145092,0.0303030312061,-0.00108321837615,0.220169171691,0.221252396703
0.524752497673,0.0303030312061,0.00422937143594,0.220080733299,0.21585136652
0.534653484821,0.0303030312061,0.00985718797892,0.220009669662,0.210152477026
0.54455447197,0.0303030312061,0.0157996620983,0.219954699278,0.204155042768
0.554455459118,0.0303030312061,0.0220545176417,0.219914138317,0.197859615088
0.564356446266,0.0303030312061,0.0286173243076,0.219886526465,0.191269204021
0.574257433414,0.0303030312061,0.0354815982282,0.219869911671,0.184388309717
0.584158420563,0.0303030312061,0.0426381081343,0.219862759113,0.177224650979
0.594059407711,0.0303030312061,0.0500750020146,0.219863384962,0.169788390398
0.603960394859,0.0303030312061,0.0577772259712,0.219869911671,0.162092685699
0.613861382008,0.0303030312061,0.065726429224,0.219880834222,0.154154404998
0.623762369156,0.0303030312061,0.0739004090428,0.219894424081,0.145994007587
0.633663415909,0.0303030312061,0.0822731852531,0.219908878207,0.137635692954
0.643564343452,0.0303030312061,0.0908141285181,0.219922438264,0.129108309746
0.653465390205,0.0303030312061,0.099488556385,0.219933718443,0.120445162058
0.663366317749,0.0303030312061,0.108256198466,0.219940915704,0.111684717238
0.673267364502,0.0303030312061,0.117072425783,0.219942510128,0.102870084345
0.683168292046,0.0303030312061,0.125886619091,0.219937235117,0.0940506160259
0.693069338799,0.0303030312061,0.134643152356,0.219923332334,0.0852801799774
0.702970266342,0.0303030312061,0.143280506134,0.219899281859,0.0766187757254
0.712871313095,0.0303030312061,0.151732087135,0.219864323735,0.0681322365999
0.722772240639,0.0303030312061,0.159925311804,0.219816878438,0.0598915666342
0.732673287392,0.0303030312061,0.167782828212,0.219755753875,0.051972925663
0.74257427454,0.0303030312061,0.175222173333,0.219679713249,0.044457539916
0.752475261688,0.0303030312061,0.182156562805,0.219588220119,0.0374316573143
0.762376248837,0.0303030312061,0.188495352864,0.219479903579,0.0309845507145
0.772277235985,0.0303030312061,0.194145470858,0.219354078174,0.025208607316
0.782178223133,0.0303030312061,0.199011787772,0.219209626317,0.0201978385448
0.792079210281,0.0303030312061,0.202998116612,0.2190464288,0.0160483121872
0.80198019743,0.0303030312061,0.206010252237,0.218863606453,0.0128533542156
0.811881184578,0.0303030312061,0.207955166698,0.218660578132,0.0107054114342
0.821782171726,0.0303030312061,0.208745226264,0.218436956406,0.00969173014164
0.831683158875,0.0303030312061,0.208298251033,0.218192309141,0.00989405810833
0.841584146023,0.0303030312061,0.206540778279,0.21792639792,0.0113856196404
0.851485133171,0.0303030312061,0.203409299254,0.217638984323,0.0142296850681
0.861386120319,0.0303030312061,0.198853328824,0.217330038548,0.0184767097235
0.871287107468,0.0303030312061,0.19283656776,0.216999188066,0.024162620306
0.881188154221,0.0303030312061,0.185339555144,0.216646611691,0.0313070565462
0.891089081764,0.0303030312061,0.176361143589,0.216272249818,0.0399111062288
0.900990128517,0.0303030312061,0.165919572115,0.215876549482,0.0499569773674
0.910891115665,0.0303030312061,0.154054611921,0.215458989143,0.0614043772221
0.920792102814,0.0303030312061,0.140827000141,0.215020239353,0.074193239212
0.930693089962,0.0303030312061,0.126319602132,0.214560672641,0.088241070509
0.94059407711,0.0303030312061,0.11063656956,0.214080050588,0.103443481028
0.950495064259,0.0303030312061,0.0939019322395,0.213579431176,0.119677498937
0.960396051407,0.0303030312061,0.0762593671679,0.213058322668,0.13679894805
0.970297038555,0.0303030312061,0.0578686967492,0.212517768145,0.154649078846
0.980198025703,0.0303030312061,0.0389039702713,0.211958155036,0.17305418849
0.990099012852,0.0303030312061,0.019550094381,0.211379691958,0.19182959199
0.00990098994225,0.0404040403664,-0.00230228179134,0.243843317032,0.246145606041
0.0198019798845,0.0404040403664,-0.00460057845339,0.243727490306,0.248328074813
0.0297029688954,0.0404040403664,-0.00689089484513,0.243566244841,0.250457137823
0.039603959769,0.0404040403664,-0.00916922278702,0.243360221386,0.25252944231
0.0495049506426,0.0404040403664,-0.011431532912,0.243110582232,0.25454211235
0.0594059377909,0.0404040403664,-0.0136737432331,0.242818191648,0.256491929293
0.0693069323897,0.0404040403664,-0.0158917512745,0.242484480143,0.25837624073
0.079207919538,0.0404040403664,-0.0180814042687,0.242110908031,0.26019230485
0.0891089066863,0.0404040403664,-0.0202384516597,0.241698980331,0.261937439442
0.0990099012852,0.0404040403664,-0.0223586559296,0.241250485182,0.263609141111
0.108910888433,0.0404040403664,-0.0244376026094,0.240767851472,0.265205442905
0.118811875582,0.0404040403664,-0.026470888406,0.240252569318,0.266723453999
0.12871286273,0.0404040403664,-0.0284539628774,0.239707440138,0.268161416054
0.138613864779,0.0404040403664,-0.0303821749985,0.239134535193,0.269516706467
0.148514851928,0.0404040403664,-0.0322507768869,0.238536506891,0.270787298679
0.158415839076,0.0404040403664,-0.0340549312532,0.237915992737,0.271970927715
0.168316826224,0.0404040403664,-0.0357896350324,0.237275823951,0.273065447807
0.178217813373,0.0404040403664,-0.037449747324,0.236618518829,0.274068266153
0.188118815422,0.0404040403664,-0.0390300452709,0.235946983099,0.27497702837
0.19801980257,0.0404040403664,-0.0405251085758,0.235264271498,0.275789380074
0.207920789719,0.0404040403664,-0.0419293530285,0.234572902322,0.276502251625
0.217821776867,0.0404040403664,-0.0432371012866,0.233875989914,0.277113080025
0.227722764015,0.0404040403664,-0.044442396611,0.233176276088,0.277618676424
0.237623751163,0.0404040403664,-0.0455392412841,0.232476606965,0.278015851974
0.247524753213,0.0404040403664,-0.0465213321149,0.231779679656,0.278301000595
0.25742572546,0.0404040403664,-0.0473822914064,0.231088161469,0.2784704566
0.267326742411,0.0404040403664,-0.0481154732406,0.230404466391,0.278519928455
0.277227729559,0.0404040403664,-0.0487141162157,0.229731202126,0.27844530344
0.287128716707,0.0404040403664,-0.0491712093353,0.229070588946,0.278241813183
0.297029703856,0.0404040403664,-0.0494795516133,0.228424817324,0.277904361486
0.306930691004,0.0404040403664,-0.0496317856014,0.227795928717,0.277427703142
0.316831678152,0.0404040403664,-0.0496203489602,0.227185755968,0.276806116104
0.3267326653,0.0404040403664,-0.0494375675917,0.226595908403,0.276033461094
0.336633652449,0.0404040403664,-0.0490754693747,0.226028323174,0.275103807449
0.346534639597,0.0404040403664,-0.0485260337591,0.225483909249,0.274009943008
0.356435626745,0.0404040403664,-0.0477810390294,0.224964082241,0.272745132446
0.366336613894,0.0404040403664,-0.0468321628869,0.224469780922,0.271301954985
0.376237630844,0.0404040403664,-0.0456709228456,0.224001854658,0.269672781229
0.386138617992,0.0404040403664,-0.0442888624966,0.223560899496,0.267849773169
0.396039605141,0.0404040403664,-0.0426773838699,0.223147332668,0.265824705362
0.405940592289,0.0404040403664,-0.040827896446,0.222761407495,0.263589292765
0.415841579437,0.0404040403664,-0.0387319289148,0.22240331769,0.26113525033
0.425742566586,0.0404040403664,-0.0363809280097,0.222072944045,0.25845387578
0.435643553734,0.0404040403664,-0.0337666198611,0.22177015245,0.25553676486
0.445544540882,0.0404040403664,-0.0308809075505,0.221494466066,0.252375364304
0.45544552803,0.0404040403664,-0.0277159046382,0.221245333552,0.248961240053
0.465346515179,0.0404040403664,-0.0242642275989,0.221021816134,0.245286047459
0.475247502327,0.0404040403664,-0.0205188505352,0.220823481679,0.241342335939
0.485148519278,0.0404040403664,-0.016473390162,0.220649302006,0.237122684717
0.495049506426,0.0404040403664,-0.0121221011505,0.220498099923,0.232620194554
0.504950523376,0.0404040403664,-0.00746012479067,0.220368757844,0.227828890085
0.51485145092,0.0404040403664,-0.00248366477899,0.220259845257,0.2227435112
0.524752497673,0.0404040403664,0.00281011778861,0.220170035958,0.217359915376
0.534653484821,0.0404040403664,0.00842252839357,0.220098227262,0.211675703526
0.54455447197,0.0404040403664,0.0143533749506,0.220042482018,0.205689102411
0.554455459118,0.0404040403664,0.0206008069217,0.220001384616,0.199400573969
0.564356446266,0.0404040403664,0.0271607898176,0.21997320652,0.192812412977
0.574257433414,0.0404040403664,0.0340272784233,0.21995639801,0.185929119587
0.584158420563,0.0404040403664,0.0411914587021,0.219949290156,0.178757831454
0.594059407711,0.0404040403664,0.0486419089139,0.219950020313,0.171308115125
0.603960394859,0.0404040403664,0.0563640035689,0.219956994057,0.163592994213
0.613861382008,0.0404040403664,0.064339786768,0.219968363643,0.155628576875
0.623762369156,0.0404040403664,0.0725474432111,0.219982564449,0.147435128689
0.633663415909,0.0404040403664,0.0809613466263,0.219997599721,0.139036253095
0.643564343452,0.0404040403664,0.0895511507988,0.220012247562,0.130461096764
0.653465390205,0.0404040403664,0.0982824489474,0.220024511218,0.121742062271
0.663366317749,0.0404040403664,0.107115156949,0.22003287077,0.112917713821
0.673267364502,0.0404040403664,0.116004750133,0.220035687089,0.104030936956
0.683168292046,0.0404040403664,0.124900631607,0.220031455159,0.0951308235526
0.693069338799,0.0404040403664,0.133747026324,0.220018938184,0.0862719118595
0.702970266342,0.0404040403664,0.14248226583,0.219996392727,0.0775141268969
0.712871313095,0.0404040403664,0.151039361954,0.219962731004,0.06892336905
0.722772240639,0.0404040403664,0.159345209599,0.219916850328,0.0605716407299
0.732673287392,0.0404040403664,0.167321801186,0.219857156277,0.0525353550911
0.74257427454,0.0404040403664,0.174885764718,0.219782948494,0.0448971837759
0.752475261688,0.0404040403664,0.181949362159,0.219692990184,0.0377436280251
0.762376248837,0.0404040403664,0.188420698047,0.219586506486,0.0311658084393
0.772277235985,0.0404040403664,0.194205254316,0.219462394714,0.025257140398
0.782178223133,0.0404040403664,0.199206292629,0.219320043921,0.0201137512922
0.792079210281,0.0404040403664,0.203326001763,0.219158500433,0.0158324986696
0.80198019743,0.0404040403664,0.20646803081,0.218977585435,0.0125095546246
0.811881184578,0.0404040403664,0.208537608385,0.218776613474,0.0102390050888
0.821782171726,0.0404040403664,0.209444731474,0.218555003405,0.00911027193069
0.831683158875,0.0404040403664,0.209105223417,0.218312397599,0.00920717418194
0.841584146023,0.0404040403664,0.207443445921,0.218048810959,0.0106053650379
0.851485133171,0.0404040403664,0.204393744469,0.217763483524,0.0133697390556
0.861386120319,0.0404040403664,0.199903666973,0.21745698154,0.0175533145666
0.871287107468,0.0404040403664,0.193935260177,0.217128396034,0.0231931358576
0.881188154221,0.0404040403664,0.186467409134,0.216778337955,0.0303109288216
0.891089081764,0.0404040403664,0.177497789264,0.216406330466,0.0389085412025
0.900990128517,0.0404040403664,0.167043879628,0.216013208032,0.0489693284035
0.910891115665,0.0404040403664,0.155145078897,0.215598493814,0.060453414917
0.920792102814,0.0404040403664,0.14186219871,0.215162560344,0.0733003616333
0.930693089962,0.0404040403664,0.127278745174,0.214705705643,0.0874269604683
0.94059407711,0.0404040403664,0.111500017345,0.214228138328,0.102728120983
0.950495064259,0.0404040403664,0.0946516692638,0.213730335236,0.119078665972
0.960396051407,0.0404040403664,0.0768795087934,0.213212609291,0.136333107948
0.970297038555,0.0404040403664,0.0583459809422,0.212675526738,0.154329538345
0.980198025703,0.0404040403664,0.0392280519009,0.21211874485,0.172890692949
0.990099012852,0.0404040403664,0.0197139233351,0.211543530226,0.191829606891
0.00990098994225,0.0505050495267,-0.00231847865507,0.243498772383,0.245817244053
0.0198019798845,0.0505050495267,-0.00463301269338,0.243410557508,0.248043566942
0.0297029688954,0.0505050495267,-0.0069396472536,0.243276745081,0.250216394663
0.039603959769,0.0505050495267,-0.0092344135046,0.243098124862,0.252332538366
0.0495049506426,0.0505050495267,-0.0115133188665,0.24287559092,0.254388898611
0.0594059377909,0.0505050495267,-0.0137723255903,0.242610067129,0.256382405758
0.0693069323897,0.0505050495267,-0.0160073637962,0.242302581668,0.258309960365
0.079207919538,0.0505050495267,-0.0182143263519,0.241954758763,0.26016908884
0.0891089066863,0.0505050495267,-0.0203889999539,0.24156793952,0.261956930161
0.0990099012852,0.0505050495267,-0.0225271768868,0.241144016385,0.263671189547
0.108910888433,0.0505050495267,-0.0246244929731,0.240684613585,0.265309095383
0.118811875582,0.0505050495267,-0.0266765709966,0.2401920259,0.266868591309
0.12871286273,0.0505050495267,-0.0286788921803,0.239668413997,0.268347293139
0.138613864779,0.0505050495267,-0.03062684834,0.23911587894,0.26974272728
0.148514851928,0.0505050495267,-0.0325157269835,0.238537102938,0.271052837372
0.158415839076,0.0505050495267,-0.0343407094479,0.237934917212,0.272275626659
0.168316826224,0.0505050495267,-0.0360968224704,0.237311512232,0.273408323526
0.178217813373,0.0505050495267,-0.0377789884806,0.236669808626,0.274448812008
0.188118815422,0.0505050495267,-0.0393819585443,0.236012652516,0.275394618511
0.19801980257,0.0505050495267,-0.0409003682435,0.235342890024,0.276243269444
0.207920789719,0.0505050495267,-0.0423286445439,0.234663277864,0.276991933584
0.217821776867,0.0505050495267,-0.043661147356,0.233977019787,0.277638167143
0.227722764015,0.0505050495267,-0.0448919199407,0.233286499977,0.278178423643
0.237623751163,0.0505050495267,-0.0460149683058,0.232594907284,0.278609871864
0.247524753213,0.0505050495267,-0.0470240153372,0.23190459609,0.278928607702
0.25742572546,0.0505050495267,-0.0479126907885,0.231218919158,0.279131621122
0.267326742411,0.0505050495267,-0.0486743412912,0.230539679527,0.279214024544
0.277227729559,0.0505050495267,-0.0493022017181,0.229869961739,0.279172152281
0.287128716707,0.0505050495267,-0.0497892536223,0.229211956263,0.27900120616
0.297029703856,0.0505050495267,-0.0501282736659,0.228567957878,0.278696238995
0.306930691004,0.0505050495267,-0.0503119081259,0.227939978242,0.278251886368
0.316831678152,0.0505050495267,-0.0503325276077,0.227329939604,0.277662456036
0.3267326653,0.0505050495267,-0.0501824654639,0.226739704609,0.276922166348
0.336633652449,0.0505050495267,-0.0498536750674,0.226170867682,0.2760245502
0.346534639597,0.0505050495267,-0.0493380576372,0.225624844432,0.274962902069
0.356435626745,0.0505050495267,-0.0486273989081,0.225102901459,0.273730307817
0.366336613894,0.0505050495267,-0.0477132350206,0.224606126547,0.272319376469
0.376237630844,0.0505050495267,-0.0465870350599,0.224135354161,0.270722389221
0.386138617992,0.0505050495267,-0.0452402606606,0.223691225052,0.268931478262
0.396039605141,0.0505050495267,-0.0436641424894,0.223274454474,0.266938596964
0.405940592289,0.0505050495267,-0.0418500490487,0.222885102034,0.264735162258
0.415841579437,0.0505050495267,-0.0397892817855,0.222523570061,0.262312859297
0.425742566586,0.0505050495267,-0.0374731943011,0.222189724445,0.259662926197
0.435643553734,0.0505050495267,-0.0348933003843,0.221883460879,0.256776750088
0.445544540882,0.0505050495267,-0.0320413447917,0.221604123712,0.253645479679
0.45544552803,0.0505050495267,-0.0289092194289,0.221351563931,0.250260770321
0.465346515179,0.0505050495267,-0.0254893172532,0.221124947071,0.246614262462
0.475247502327,0.0505050495267,-0.0217743590474,0.220923572779,0.242697924376
0.485148519278,0.0505050495267,-0.0177577156574,0.220746308565,0.23850402236
0.495049506426,0.0505050495267,-0.0134333455935,0.220592141151,0.234025493264
0.504950523376,0.0505050495267,-0.00879608560354,0.220460087061,0.229256168008
0.51485145092,0.0505050495267,-0.0038418082986,0.220348849893,0.22419065237
0.524752497673,0.0505050495267,0.00143266655505,0.22025705874,0.218824386597
0.534653484821,0.0505050495267,0.00702899741009,0.220183104277,0.213154107332
0.54455447197,0.0505050495267,0.0129473786801,0.220125451684,0.207178071141
0.554455459118,0.0505050495267,0.0191863514483,0.220082864165,0.200896516442
0.564356446266,0.0505050495267,0.025742277503,0.220053359866,0.194311082363
0.574257433414,0.0505050495267,0.0326095297933,0.220035463572,0.187425941229
0.584158420563,0.0505050495267,0.0397797189653,0.220027193427,0.180247470737
0.594059407711,0.0505050495267,0.0472418293357,0.220027297735,0.172785460949
0.603960394859,0.0505050495267,0.0549816526473,0.220033496618,0.165051847696
0.613861382008,0.0505050495267,0.0629816129804,0.220044478774,0.157062858343
0.623762369156,0.0505050495267,0.0712202861905,0.220058351755,0.148838073015
0.633663415909,0.0505050495267,0.0796723887324,0.220073461533,0.14040106535
0.643564343452,0.0505050495267,0.0883078873158,0.220088034868,0.131780147552
0.653465390205,0.0505050495267,0.0970926061273,0.220100432634,0.123007826507
0.663366317749,0.0505050495267,0.10598666966,0.22010910511,0.114122435451
0.673267364502,0.0505050495267,0.11494564265,0.220112398267,0.105166755617
0.683168292046,0.0505050495267,0.123918972909,0.220108777285,0.0961898043752
0.693069338799,0.0505050495267,0.132850795984,0.220096766949,0.0872459709644
0.702970266342,0.0505050495267,0.141679227352,0.220075339079,0.0783961117268
0.712871313095,0.0505050495267,0.150336965919,0.22004237771,0.0697054117918
0.722772240639,0.0505050495267,0.158750414848,0.219997420907,0.0612470060587
0.732673287392,0.0505050495267,0.166840910912,0.219938844442,0.0530979335308
0.74257427454,0.0505050495267,0.17452429235,0.219865828753,0.0453415364027
0.752475261688,0.0505050495267,0.181711822748,0.219776943326,0.0380651205778
0.762376248837,0.0505050495267,0.18831038475,0.219671666622,0.0313612818718
0.772277235985,0.0505050495267,0.194224253297,0.219549149275,0.025324895978
0.782178223133,0.0505050495267,0.199354991317,0.219408228993,0.0200532376766
0.792079210281,0.0505050495267,0.203603208065,0.219248369336,0.0156451612711
0.80198019743,0.0505050495267,0.206870689988,0.219069197774,0.0121985077858
0.811881184578,0.0505050495267,0.209060743451,0.218869775534,0.00980903208256
0.821782171726,0.0505050495267,0.21008130908,0.21865029633,0.00856898725033
0.831683158875,0.0505050495267,0.209846138954,0.218409687281,0.00856354832649
0.841584146023,0.0505050495267,0.208277508616,0.218147948384,0.00987043976784
0.851485133171,0.0505050495267,0.205307722092,0.217865124345,0.0125574022532
0.861386120319,0.0505050495267,0.200882524252,0.217560440302,0.01667791605
0.871287107468,0.0505050495267,0.194962143898,0.217234537005,0.0222723931074
0.881188154221,0.0505050495267,0.187524080276,0.216887012124,0.0293629318476
0.891089081764,0.0505050495267,0.178564846516,0.216517537832,0.0379526913166
0.900990128517,0.0505050495267,0.168101072311,0.216127127409,0.0480260550976
0.910891115665,0.0505050495267,0.15617184341,0.215715199709,0.0595433562994
0.920792102814,0.0505050495267,0.142838031054,0.21528236568,0.0724443346262
0.930693089962,0.0505050495267,0.128183722496,0.21482847631,0.0866447538137
0.94059407711,0.0505050495267,0.112315297127,0.214354008436,0.102038711309
0.950495064259,0.0505050495267,0.0953600034118,0.213859677315,0.118499673903
0.960396051407,0.0505050495267,0.0774657055736,0.213345170021,0.135879456997
0.970297038555,0.0505050495267,0.0587972812355,0.212811246514,0.154013961554
0.980198025703,0.0505050495267,0.0395345725119,0.212258398533,0.172723829746
0.990099012852,0.0505050495267,0.0198689065874,0.211686998606,0.191818088293
0.00990098994225,0.0606060624123,-0.00233372719958,0.243157595396,0.245491325855
0.0198019798845,0.0606060624123,-0.00466354936361,0.24309669435,0.247760236263
0.0297029688954,0.0606060624123,-0.00698555167764,0.242990300059,0.249975845218
0.039603959769,0.0606060624123,-0.00929580070078,0.242839053273,0.252134859562
0.0495049506426,0.0606060624123,-0.0115903513506,0.24264369905,0.254234045744
0.0594059377909,0.0606060624123,-0.01386519894,0.242405220866,0.25627040863
0.0693069323897,0.0606060624123,-0.0161163117737,0.242124423385,0.25824072957
0.079207919538,0.0606060624123,-0.0183396283537,0.241802662611,0.260142296553
0.0891089066863,0.0606060624123,-0.0205309633166,0.241441369057,0.261972337961
0.0990099012852,0.0606060624123,-0.0226861443371,0.241042107344,0.263728260994
0.108910888433,0.0606060624123,-0.0248008593917,0.240606844425,0.265407711267
0.118811875582,0.0606060624123,-0.026870759204,0.240137293935,0.267008066177
0.12871286273,0.0606060624123,-0.028891345486,0.239635631442,0.26852697134
0.138613864779,0.0606060624123,-0.0308580603451,0.239104315639,0.269962370396
0.148514851928,0.0606060624123,-0.0327662341297,0.238545358181,0.271311581135
0.158415839076,0.0606060624123,-0.0346110612154,0.237961798906,0.272572875023
0.168316826224,0.0606060624123,-0.0363876074553,0.237355783582,0.273743391037
0.178217813373,0.0606060624123,-0.0380907952785,0.236730352044,0.274821162224
0.188118815422,0.0606060624123,-0.0397154465318,0.236088186502,0.275803625584
0.19801980257,0.0606060624123,-0.0412562116981,0.235431998968,0.276688218117
0.207920789719,0.0606060624123,-0.0427075251937,0.234764739871,0.277472257614
0.217821776867,0.0606060624123,-0.0440637618303,0.234089314938,0.278153061867
0.227722764015,0.0606060624123,-0.0453189983964,0.233408674598,0.278727680445
0.237623751163,0.0606060624123,-0.046467255801,0.232725307345,0.279192566872
0.247524753213,0.0606060624123,-0.0475022532046,0.232042372227,0.279544621706
0.25742572546,0.0606060624123,-0.0484176389873,0.23136241734,0.279780060053
0.267326742411,0.0606060624123,-0.0492067523301,0.2306881845,0.279894948006
0.277227729559,0.0606060624123,-0.0498628206551,0.230022385716,0.279885202646
0.287128716707,0.0606060624123,-0.0503788478673,0.229367077351,0.279745936394
0.297029703856,0.0606060624123,-0.0507475659251,0.22872467339,0.279472231865
0.306930691004,0.0606060624123,-0.0509616173804,0.228097513318,0.279059141874
0.316831678152,0.0606060624123,-0.0510133504868,0.227487653494,0.278501003981
0.3267326653,0.0606060624123,-0.0508950389922,0.226896688342,0.27779173851
0.336633652449,0.0606060624123,-0.0505986139178,0.22632651031,0.276925116777
0.346534639597,0.0606060624123,-0.0501159466803,0.225778385997,0.275894343853
0.356435626745,0.0606060624123,-0.0494387261569,0.225253939629,0.27469265461
0.366336613894,0.0606060624123,-0.0485584437847,0.22475425899,0.273312687874
0.376237630844,0.0606060624123,-0.0474664755166,0.224280148745,0.271746635437
0.386138617992,0.0606060624123,-0.0461541749537,0.223832443357,0.269986629486
0.396039605141,0.0606060624123,-0.0446126945317,0.22341157496,0.268024265766
0.405940592289,0.0606060624123,-0.0428332835436,0.223018199205,0.26585149765
0.415841579437,0.0606060624123,-0.0408070869744,0.222652554512,0.263459652662
0.425742566586,0.0606060624123,-0.0385253205895,0.222314253449,0.26083958149
0.435643553734,0.0606060624123,-0.0359793491662,0.222003638744,0.257982999086
0.445544540882,0.0606060624123,-0.03316071257,0.221720010042,0.254880726337
0.45544552803,0.0606060624123,-0.0300611127168,0.221463173628,0.251524299383
0.465346515179,0.0606060624123,-0.0266727358103,0.221232250333,0.247904986143
0.475247502327,0.0606060624123,-0.0229880474508,0.221026569605,0.244014620781
0.485148519278,0.0606060624123,-0.0190001633018,0.220845445991,0.239845603704
0.495049506426,0.0606060624123,-0.0147027662024,0.22068759799,0.235390365124
0.504950523376,0.0606060624123,-0.010090412572,0.220551967621,0.23064237833
0.51485145092,0.0606060624123,-0.00515864929184,0.220437124372,0.225595772266
0.524752497673,0.0606060624123,9.60289908107e-05,0.220341980457,0.220245957375
0.534653484821,0.0606060624123,0.00567563995719,0.220264986157,0.214589342475
0.54455447197,0.0606060624123,0.011580735445,0.220204636455,0.20862390101
0.554455459118,0.0606060624123,0.0178102478385,0.220159336925,0.202349096537
0.564356446266,0.0606060624123,0.0243609268218,0.220127418637,0.195766493678
0.574257433414,0.0606060624123,0.0312275420874,0.220107316971,0.188879773021
0.584158420563,0.0606060624123,0.0384021140635,0.22009716928,0.181695058942
0.594059407711,0.0606060624123,0.0458740368485,0.220095321536,0.174221277237
0.603960394859,0.0606060624123,0.0536294914782,0.220100000501,0.166470512748
0.613861382008,0.0606060624123,0.0616513192654,0.220109790564,0.158458471298
0.623762369156,0.0606060624123,0.0699184313416,0.220122382045,0.150203943253
0.633663415909,0.0606060624123,0.0784058868885,0.220136508346,0.141730621457
0.643564343452,0.0606060624123,0.0870839729905,0.220150202513,0.133066236973
0.653465390205,0.0606060624123,0.0959187597036,0.220162093639,0.124243333936
0.663366317749,0.0606060624123,0.104870542884,0.220170110464,0.11529956758
0.673267364502,0.0606060624123,0.113895043731,0.220173045993,0.106278002262
0.683168292046,0.0606060624123,0.122941695154,0.220169231296,0.0972275361419
0.693069338799,0.0606060624123,0.131954625249,0.220157384872,0.0882027596235
0.702970266342,0.0606060624123,0.140871688724,0.220135822892,0.0792641341686
0.712871313095,0.0606060624123,0.149625331163,0.220103293657,0.0704779624939
0.722772240639,0.0606060624123,0.158141463995,0.220058634877,0.0619171708822
0.732673287392,0.0606060624123,0.166340827942,0.220000699162,0.0536598712206
0.74257427454,0.0606060624123,0.174138531089,0.219928205013,0.0457896739244
0.752475261688,0.0606060624123,0.181444838643,0.219840273261,0.038395434618
0.762376248837,0.0606060624123,0.188165560365,0.219735950232,0.0315703898668
0.772277235985,0.0606060624123,0.194203615189,0.219614431262,0.0254108160734
0.782178223133,0.0606060624123,0.199459210038,0.219474732876,0.0200155228376
0.792079210281,0.0606060624123,0.203831210732,0.219316244125,0.0154850333929
0.80198019743,0.0606060624123,0.207219779491,0.21913830936,0.0119185298681
0.811881184578,0.0606060624123,0.209526240826,0.21894082427,0.0094145834446
0.821782171726,0.0606060624123,0.210656672716,0.218722715974,0.00806604325771
0.831683158875,0.0606060624123,0.21052275598,0.218484118581,0.00796136260033
0.841584146023,0.0606060624123,0.20904481411,0.218224316835,0.0091795027256
0.851485133171,0.0606060624123,0.206153213978,0.217943504453,0.0117902904749
0.861386120319,0.0606060624123,0.201791837811,0.217641294003,0.0158494561911
0.871287107468,0.0606060624123,0.195919245481,0.217317715287,0.0213984698057
0.881188154221,0.0606060624123,0.188511565328,0.216972663999,0.028461098671
0.891089081764,0.0606060624123,0.179564163089,0.216606274247,0.0370421111584
0.900990128517,0.0606060624123,0.169092938304,0.216218501329,0.0471255630255
0.910891115665,0.0606060624123,0.157136544585,0.21580953896,0.0586729943752
0.920792102814,0.0606060624123,0.143756017089,0.215379789472,0.0716237723827
0.930693089962,0.0606060624123,0.129035919905,0.214929074049,0.0858931541443
0.94059407711,0.0606060624123,0.113083675504,0.214458227158,0.101374551654
0.950495064259,0.0606060624123,0.0960280448198,0.213967338204,0.117939293385
0.960396051407,0.0606060624123,0.0780188366771,0.213456571102,0.135437726974
0.970297038555,0.0606060624123,0.059223305434,0.212926611304,0.153703302145
0.980198025703,0.0606060624123,0.0398240126669,0.212377518415,0.172553509474
0.990099012852,0.0606060624123,0.0200152657926,0.211810097098,0.19179482758
0.00990098994225,0.0707070678473,-0.00234805024229,0.242820307612,0.245168358088
0.0198019798845,0.0707070678473,-0.00469223503023,0.24278666079,0.24747890234
0.0297029688954,0.0707070678473,-0.00702867796645,0.242707759142,0.249736443162
0.039603959769,0.0707070678473,-0.00935348682106,0.242583885789,0.251937359571
0.0495049506426,0.0707070678473,-0.0116627486423,0.242415949702,0.254078686237
0.0594059377909,0.0707070678473,-0.0139525048435,0.242204457521,0.256156951189
0.0693069323897,0.0707070678473,-0.0162187665701,0.241950541735,0.258169293404
0.079207919538,0.0707070678473,-0.0184574909508,0.241655066609,0.260112553835
0.0891089066863,0.0707070678473,-0.0206645485014,0.241319581866,0.261984139681
0.0990099012852,0.0707070678473,-0.0228358060122,0.24094542861,0.263781249523
0.108910888433,0.0707070678473,-0.0249669682235,0.240534603596,0.265501558781
0.118811875582,0.0707070678473,-0.0270537380129,0.240088656545,0.267142385244
0.12871286273,0.0707070678473,-0.0290916468948,0.239609569311,0.268701225519
0.138613864779,0.0707070678473,-0.0310761667788,0.239099830389,0.270175993443
0.148514851928,0.0707070678473,-0.0330026596785,0.238561630249,0.271564304829
0.158415839076,0.0707070678473,-0.034866373986,0.237997204065,0.272863566875
0.168316826224,0.0707070678473,-0.0366623774171,0.237409368157,0.274071753025
0.178217813373,0.0707070678473,-0.0383856371045,0.236800670624,0.275186300278
0.188118815422,0.0707070678473,-0.0400309972465,0.23617400229,0.276205003262
0.19801980257,0.0707070678473,-0.0415931232274,0.235532090068,0.27712520957
0.207920789719,0.0707070678473,-0.0430664904416,0.234877571464,0.27794405818
0.217821776867,0.0707070678473,-0.0444454923272,0.234213754535,0.278659254313
0.227722764015,0.0707070678473,-0.045724209398,0.233543246984,0.279267460108
0.237623751163,0.0707070678473,-0.0468966811895,0.232868775725,0.279765456915
0.247524753213,0.0707070678473,-0.0479566529393,0.232193440199,0.280150085688
0.25742572546,0.0707070678473,-0.0488977581263,0.231519833207,0.280417591333
0.267326742411,0.0707070678473,-0.049713358283,0.23085077107,0.280564129353
0.277227729559,0.0707070678473,-0.0503966733813,0.230188682675,0.280585348606
0.287128716707,0.0707070678473,-0.0509406886995,0.229536280036,0.28047695756
0.297029703856,0.0707070678473,-0.0513381548226,0.228895813227,0.280233979225
0.306930691004,0.0707070678473,-0.0515816695988,0.228269472718,0.279851138592
0.316831678152,0.0707070678473,-0.0516635663807,0.227659523487,0.279323101044
0.3267326653,0.0707070678473,-0.0515760965645,0.227067619562,0.278643727303
0.336633652449,0.0707070678473,-0.0513111352921,0.226495817304,0.277806937695
0.346534639597,0.0707070678473,-0.0508605130017,0.225945562124,0.276806086302
0.356435626745,0.0707070678473,-0.0502158738673,0.225418120623,0.275633990765
0.366336613894,0.0707070678473,-0.0493686459959,0.224914997816,0.274283647537
0.376237630844,0.0707070678473,-0.0483100861311,0.224437043071,0.272747129202
0.386138617992,0.0707070678473,-0.0470315143466,0.223985075951,0.271016597748
0.396039605141,0.0707070678473,-0.045523956418,0.223559707403,0.269083678722
0.405940592289,0.0707070678473,-0.043778527528,0.223161518574,0.266940057278
0.415841579437,0.0707070678473,-0.0417862944305,0.222790718079,0.264577001333
0.425742566586,0.0707070678473,-0.0395382903516,0.222447440028,0.261985719204
0.435643553734,0.0707070678473,-0.0370257236063,0.22213152051,0.259157240391
0.445544540882,0.0707070678473,-0.0342399850488,0.221842646599,0.256082624197
0.45544552803,0.0707070678473,-0.0311725586653,0.221580535173,0.252753078938
0.465346515179,0.0707070678473,-0.027815438807,0.221344634891,0.249160081148
0.475247502327,0.0707070678473,-0.0241608470678,0.221133813262,0.24529466033
0.485148519278,0.0707070678473,-0.0202016625553,0.220947697759,0.241149365902
0.495049506426,0.0707070678473,-0.0159313175827,0.220784977078,0.236716300249
0.504950523376,0.0707070678473,-0.011344043538,0.220644548535,0.231988593936
0.51485145092,0.0707070678473,-0.00643512094393,0.220525428653,0.226960554719
0.524752497673,0.0707070678473,-0.00120071345009,0.220425873995,0.221626594663
0.534653484821,0.0707070678473,0.00436155684292,0.220344692469,0.215983137488
0.54455447197,0.0707070678473,0.0102525707334,0.220280498266,0.210027933121
0.554455459118,0.0707070678473,0.0164716560394,0.220231518149,0.203759863973
0.564356446266,0.0707070678473,0.0230159200728,0.220196083188,0.197180166841
0.574257433414,0.0707070678473,0.0298805329949,0.220172762871,0.190292224288
0.584158420563,0.0707070678473,0.0370579250157,0.220159694552,0.183101773262
0.594059407711,0.0707070678473,0.0445378571749,0.220154970884,0.175617113709
0.603960394859,0.0707070678473,0.0523069314659,0.22015735507,0.167850419879
0.613861382008,0.0707070678473,0.0603483356535,0.220164641738,0.15981630981
0.623762369156,0.0707070678473,0.0686413794756,0.220175132155,0.15153375268
0.633663415909,0.0707070678473,0.0771614462137,0.220187291503,0.143025845289
0.643564343452,0.0707070678473,0.0858790948987,0.220199346542,0.134320259094
0.653465390205,0.0707070678473,0.094760671258,0.220209658146,0.125448986888
0.663366317749,0.0707070678473,0.103766664863,0.22021637857,0.116449713707
0.673267364502,0.0707070678473,0.112852916121,0.220218300819,0.107365384698
0.683168292046,0.0707070678473,0.121968887746,0.220213636756,0.0982447490096
0.693069338799,0.0707070678473,0.131058648229,0.220200896263,0.0891422480345
0.702970266342,0.0707070678473,0.140059933066,0.220178827643,0.080118894577
0.712871313095,0.0707070678473,0.148904845119,0.220146015286,0.0712411701679
0.722772240639,0.0707070678473,0.15751889348,0.220101282001,0.0625823885202
0.732673287392,0.0707070678473,0.165822252631,0.220043182373,0.0542209297419
0.74257427454,0.0707070678473,0.173729255795,0.219971016049,0.0462417602539
0.752475261688,0.0707070678473,0.181149318814,0.219883263111,0.0387339442968
0.762376248837,0.0707070678473,0.187987193465,0.219779491425,0.0317922979593
0.772277235985,0.0707070678473,0.194144487381,0.219658628106,0.0255141407251
0.782178223133,0.0707070678473,0.199520155787,0.219519853592,0.0199996978045
0.792079210281,0.0707070678473,0.204011425376,0.219362303615,0.0153508782387
0.80198019743,0.0707070678473,0.207516774535,0.219185739756,0.0116689652205
0.811881184578,0.0707070678473,0.209935709834,0.218989416957,0.0090537071228
0.821782171726,0.0707070678473,0.211172491312,0.218773186207,0.00760069489479
0.831683158875,0.0707070678473,0.211136817932,0.218536093831,0.00739927589893
0.841584146023,0.0707070678473,0.209747105837,0.218278422952,0.00853131711483
0.851485133171,0.0707070678473,0.206931948662,0.217999622226,0.011067673564
0.861386120319,0.0707070678473,0.202633351088,0.21769978106,0.0150664299726
0.871287107468,0.0707070678473,0.196808338165,0.21737857163,0.0205702334642
0.881188154221,0.0707070678473,0.189431637526,0.217036113143,0.0276044756174
0.891089081764,0.0707070678473,0.18049749732,0.216672465205,0.036174967885
0.900990128517,0.0707070678473,0.170021161437,0.216287598014,0.0462664365768
0.910891115665,0.0707070678473,0.158040866256,0.215881958604,0.0578410923481
0.920792102814,0.0707070678473,0.144617661834,0.215455427766,0.0708377659321
0.930693089962,0.0707070678473,0.129836708307,0.215008407831,0.0851716995239
0.94059407711,0.0707070678473,0.113806352019,0.214541137218,0.100734785199
0.950495064259,0.0707070678473,0.0966568365693,0.21405377984,0.117396943271
0.960396051407,0.0707070678473,0.0785397514701,0.213546991348,0.135007232428
0.970297038555,0.0707070678473,0.0596246942878,0.213021025062,0.153396338224
0.980198025703,0.0707070678473,0.0400967933238,0.212476372719,0.17237958312
0.990099012852,0.0707070678473,0.0201532319188,0.21191316843,0.191759943962
0.00990098994225,0.0808080807328,-0.00236147502437,0.242488011718,0.244849488139
0.0198019798845,0.0808080807328,-0.00471912277862,0.24248149991,0.247200623155
0.0297029688954,0.0808080807328,-0.00706910667941,0.242429792881,0.249498903751
0.039603959769,0.0808080807328,-0.00940757337958,0.242333620787,0.251741200686
0.0495049506426,0.0808080807328,-0.0117306495085,0.242192849517,0.253923505545
0.0594059377909,0.0808080807328,-0.0140344100073,0.242008507252,0.256042927504
0.0693069323897,0.0808080807328,-0.0163149032742,0.241781398654,0.258096307516
0.079207919538,0.0808080807328,-0.0185681339353,0.241512745619,0.260080873966
0.0891089066863,0.0808080807328,-0.0207900032401,0.24120336771,0.261993378401
0.0990099012852,0.0808080807328,-0.0229764152318,0.24085482955,0.26383125782
0.108910888433,0.0808080807328,-0.025123110041,0.240468665957,0.265591770411
0.118811875582,0.0808080807328,-0.027225818485,0.24004663527,0.267272442579
0.12871286273,0.0808080807328,-0.0292801260948,0.239590883255,0.26887100935
0.138613864779,0.0808080807328,-0.0312815345824,0.239103168249,0.270384699106
0.148514851928,0.0808080807328,-0.0332254208624,0.238585919142,0.271811336279
0.158415839076,0.0808080807328,-0.0351070612669,0.238041505218,0.273148566484
0.168316826224,0.0808080807328,-0.0369215831161,0.237472340465,0.27439391613
0.178217813373,0.0808080807328,-0.0386639684439,0.236881196499,0.275545179844
0.188118815422,0.0808080807328,-0.0403290987015,0.236270532012,0.276599645615
0.19801980257,0.0808080807328,-0.0419116429985,0.235643461347,0.27755510807
0.207920789719,0.0808080807328,-0.043406099081,0.235002458096,0.278408557177
0.217821776867,0.0808080807328,-0.0448069013655,0.234350502491,0.279157400131
0.227722764015,0.0808080807328,-0.0461081415415,0.233690589666,0.279798746109
0.237623751163,0.0808080807328,-0.0473038777709,0.23302565515,0.280329525471
0.247524753213,0.0808080807328,-0.0483878590167,0.232358247042,0.280746102333
0.25742572546,0.0808080807328,-0.0493537336588,0.231691390276,0.281045138836
0.267326742411,0.0808080807328,-0.0501948669553,0.231027662754,0.281222522259
0.277227729559,0.0808080807328,-0.0509044714272,0.230369791389,0.28127425909
0.287128716707,0.0808080807328,-0.0514755509794,0.229720264673,0.281195819378
0.297029703856,0.0808080807328,-0.0519008152187,0.229081749916,0.280982553959
0.306930691004,0.0808080807328,-0.0521728731692,0.22845633328,0.280629217625
0.316831678152,0.0808080807328,-0.0522840172052,0.22784614563,0.280130147934
0.3267326653,0.0808080807328,-0.052226472646,0.227253362536,0.279479831457
0.336633652449,0.0808080807328,-0.0519920960069,0.226679697633,0.27867180109
0.346534639597,0.0808080807328,-0.0515726581216,0.226126819849,0.27769947052
0.356435626745,0.0808080807328,-0.0509597547352,0.225596264005,0.276556015015
0.366336613894,0.0808080807328,-0.050144739449,0.225089401007,0.275234133005
0.376237630844,0.0808080807328,-0.049118835479,0.224606826901,0.273725658655
0.386138617992,0.0808080807328,-0.047873236239,0.224150106311,0.27202335
0.396039605141,0.0808080807328,-0.0463988818228,0.223719671369,0.270118564367
0.405940592289,0.0808080807328,-0.0446867793798,0.223315984011,0.268002748489
0.415841579437,0.0808080807328,-0.0427278839052,0.222939565778,0.265667438507
0.425742566586,0.0808080807328,-0.040513087064,0.222590193152,0.263103276491
0.435643553734,0.0808080807328,-0.0380334407091,0.222268223763,0.26030164957
0.445544540882,0.0808080807328,-0.0352801680565,0.22197329998,0.257253468037
0.45544552803,0.0808080807328,-0.0322445966303,0.221705019474,0.253949612379
0.465346515179,0.0808080807328,-0.0289184581488,0.221462920308,0.25038138032
0.475247502327,0.0808080807328,-0.025293815881,0.221246093512,0.246539905667
0.485148519278,0.0808080807328,-0.0213632714003,0.22105383873,0.242417111993
0.495049506426,0.0808080807328,-0.0171200037003,0.220885291696,0.238005295396
0.504950523376,0.0808080807328,-0.0125580066815,0.220739156008,0.233297169209
0.51485145092,0.0808080807328,-0.00767223071307,0.220614209771,0.228286445141
0.524752497673,0.0808080807328,-0.0024585230276,0.220509469509,0.222967997193
0.534653484821,0.0808080807328,0.00308579881676,0.220423161983,0.217337369919
0.54455447197,0.0808080807328,0.00896198302507,0.220353856683,0.211391866207
0.554455459118,0.0808080807328,0.0151696885005,0.220300227404,0.205130532384
0.564356446266,0.0808080807328,0.0217064172029,0.220260187984,0.198553770781
0.574257433414,0.0808080807328,0.0285677220672,0.220232635736,0.191664919257
0.584158420563,0.0808080807328,0.0357463955879,0.220215469599,0.184469074011
0.594059407711,0.0808080807328,0.0432326085865,0.220207095146,0.176974490285
0.603960394859,0.0808080807328,0.0510133206844,0.220205619931,0.169192299247
0.613861382008,0.0808080807328,0.0590721182525,0.220209702849,0.161137580872
0.623762369156,0.0808080807328,0.0673886463046,0.220217213035,0.152828574181
0.633663415909,0.0808080807328,0.0759386271238,0.220226660371,0.144288033247
0.643564343452,0.0808080807328,0.0846929177642,0.220236003399,0.135543078184
0.653465390205,0.0808080807328,0.0936180949211,0.220243960619,0.126625865698
0.663366317749,0.0808080807328,0.102674871683,0.220248714089,0.117573842406
0.673267364502,0.0808080807328,0.111819192767,0.220248520374,0.108429327607
0.683168292046,0.0808080807328,0.121000595391,0.22024230659,0.0992417111993
0.693069338799,0.0808080807328,0.130163088441,0.220228254795,0.0900651663542
0.702970266342,0.0808080807328,0.139244258404,0.220204919577,0.0809606611729
0.712871313095,0.0808080807328,0.148175939918,0.220171019435,0.0719950795174
0.722772240639,0.0808080807328,0.156883254647,0.220125421882,0.0632421672344
0.732673287392,0.0808080807328,0.165285825729,0.220066919923,0.0547810941935
0.74257427454,0.0808080807328,0.173297315836,0.219994366169,0.046697050333
0.752475261688,0.0808080807328,0.18082626164,0.21990659833,0.0390803366899
0.762376248837,0.0808080807328,0.187776386738,0.21980291605,0.0320265293121
0.772277235985,0.0808080807328,0.194048196077,0.219682231545,0.0256340354681
0.782178223133,0.0808080807328,0.199539214373,0.219543918967,0.0200047045946
0.792079210281,0.0808080807328,0.204145252705,0.219387322664,0.0152420699596
0.80198019743,0.0808080807328,0.207763180137,0.219211667776,0.0114484876394
0.811881184578,0.0808080807328,0.210290774703,0.219016522169,0.00872574746609
0.821782171726,0.0808080807328,0.211630478501,0.218801543117,0.00717106461525
0.831683158875,0.0808080807328,0.211690172553,0.218566209078,0.00687603652477
0.841584146023,0.0808080807328,0.210386395454,0.218310251832,0.0079238563776
0.851485133171,0.0808080807328,0.207645907998,0.218033641577,0.0103877335787
0.861386120319,0.0808080807328,0.203409090638,0.217735886574,0.0143267959356
0.871287107468,0.0808080807328,0.197631374002,0.217417240143,0.0197858661413
0.881188154221,0.0808080807328,0.19028621912,0.217077508569,0.0267912894487
0.891089081764,0.0808080807328,0.181366786361,0.21671667695,0.0353498905897
0.900990128517,0.0808080807328,0.170887574553,0.216335132718,0.0454475581646
0.910891115665,0.0808080807328,0.158886447549,0.215932503343,0.0570460557938
0.920792102814,0.0808080807328,0.145424574614,0.215509563684,0.0700849890709
0.930693089962,0.0808080807328,0.130587533116,0.215066149831,0.0844786167145
0.94059407711,0.0808080807328,0.114484630525,0.214602738619,0.100118108094
0.950495064259,0.0808080807328,0.0972474366426,0.214119493961,0.116872057319
0.960396051407,0.0808080807328,0.0790293514729,0.213616937399,0.134587585926
0.970297038555,0.0808080807328,0.0600021257997,0.213095426559,0.15309330821
0.980198025703,0.0808080807328,0.0403533764184,0.212555170059,0.172201797366
0.990099012852,0.0808080807328,0.0202830340713,0.211996823549,0.191713795066
0.00990098994225,0.0909090936184,-0.00237402389757,0.242161631584,0.244535654783
0.0198019798845,0.0909090936184,-0.00474425824359,0.242181956768,0.246926218271
0.0297029688954,0.0909090936184,-0.00710690673441,0.242157563567,0.249264463782
0.039603959769,0.0909090936184,-0.00945815071464,0.242088451982,0.25154659152
0.0495049506426,0.0909090936184,-0.0117941601202,0.24197511375,0.253769278526
0.0594059377909,0.0909090936184,-0.014111045748,0.241818115115,0.255929172039
0.0693069323897,0.0909090936184,-0.0164048913866,0.241618081927,0.258022964001
0.079207919538,0.0909090936184,-0.0186717417091,0.241376101971,0.260047852993
0.0891089066863,0.0909090936184,-0.0209075305611,0.241093099117,0.262000620365
0.0990099012852,0.0909090936184,-0.0231081992388,0.240770444274,0.263878643513
0.108910888433,0.0909090936184,-0.0252695325762,0.240409553051,0.265679091215
0.118811875582,0.0909090936184,-0.0273872893304,0.240012019873,0.267399311066
0.12871286273,0.0909090936184,-0.0294570941478,0.239579752088,0.269036859274
0.138613864779,0.0909090936184,-0.0314744710922,0.239114820957,0.270589292049
0.148514851928,0.0909090936184,-0.0334348343313,0.238619074225,0.272053897381
0.158415839076,0.0909090936184,-0.0353335142136,0.238094970584,0.273428499699
0.168316826224,0.0909090936184,-0.0371656380594,0.237545222044,0.274710863829
0.178217813373,0.0909090936184,-0.038926217705,0.236972153187,0.275898367167
0.188118815422,0.0909090936184,-0.0406101793051,0.236378282309,0.276988446712
0.19801980257,0.0909090936184,-0.0422122068703,0.235766485333,0.277978688478
0.207920789719,0.0909090936184,-0.043726850301,0.235139608383,0.27886646986
0.217821776867,0.0909090936184,-0.0451485142112,0.234500214458,0.279648721218
0.227722764015,0.0909090936184,-0.0464713424444,0.233851522207,0.280322849751
0.237623751163,0.0909090936184,-0.0476894080639,0.233196303248,0.280885696411
0.247524753213,0.0909090936184,-0.0487964637578,0.232537329197,0.281333804131
0.25742572546,0.0909090936184,-0.0497861728072,0.231877446175,0.281663626432
0.267326742411,0.0909090936184,-0.0506519004703,0.2312194556,0.281871348619
0.277227729559,0.0909090936184,-0.0513868816197,0.230566039681,0.281952917576
0.287128716707,0.0909090936184,-0.0519840866327,0.22991989553,0.281903982162
0.297029703856,0.0909090936184,-0.0524362437427,0.229283288121,0.281719535589
0.306930691004,0.0909090936184,-0.0527359135449,0.228658854961,0.281394779682
0.316831678152,0.0909090936184,-0.0528754256666,0.228048637509,0.280924052
0.3267326653,0.0909090936184,-0.0528469346464,0.227454632521,0.280301570892
0.336633652449,0.0909090936184,-0.0526422597468,0.226879000664,0.279521256685
0.346534639597,0.0909090936184,-0.0522531792521,0.226323336363,0.278576523066
0.356435626745,0.0909090936184,-0.0516711808741,0.225789129734,0.277460306883
0.366336613894,0.0909090936184,-0.0508875884116,0.225277900696,0.276165485382
0.376237630844,0.0909090936184,-0.0498935580254,0.224790647626,0.27468419075
0.386138617992,0.0909090936184,-0.0486801825464,0.224328607321,0.273008793592
0.396039605141,0.0909090936184,-0.0472383461893,0.223892316222,0.271130651236
0.405940592289,0.0909090936184,-0.0455589331686,0.223482444882,0.269041389227
0.415841579437,0.0909090936184,-0.0436327718198,0.223099425435,0.266732186079
0.425742566586,0.0909090936184,-0.0414506345987,0.222743421793,0.264194071293
0.435643553734,0.0909090936184,-0.0390034355223,0.222414582968,0.261418014765
0.445544540882,0.0909090936184,-0.0362822189927,0.222112670541,0.258394896984
0.45544552803,0.0909090936184,-0.0332781299949,0.22183726728,0.255115389824
0.465346515179,0.0909090936184,-0.0299827381968,0.221587896347,0.251570641994
0.475247502327,0.0909090936184,-0.0263878572732,0.221364066005,0.247751921415
0.485148519278,0.0909090936184,-0.0224858988076,0.221164867282,0.243650764227
0.495049506426,0.0909090936184,-0.0182697661221,0.220989346504,0.239259108901
0.504950523376,0.0909090936184,-0.013733195141,0.220836445689,0.234569638968
0.51485145092,0.0909090936184,-0.00887085031718,0.220704913139,0.229575768113
0.524752497673,0.0909090936184,-0.0036782855168,0.220593601465,0.224271893501
0.534653484821,0.0909090936184,0.00184750696644,0.22050100565,0.21865350008
0.54455447197,0.0909090936184,0.00770811364055,0.220425739884,0.212717622519
0.554455459118,0.0909090936184,0.0139035377651,0.22036601603,0.206462472677
0.564356446266,0.0909090936184,0.0204316489398,0.220320656896,0.19988900423
0.574257433414,0.0909090936184,0.0272883530706,0.220287501812,0.192999154329
0.584158420563,0.0909090936184,0.0344668328762,0.220265358686,0.18579852581
0.594059407711,0.0909090936184,0.0419576279819,0.220252171159,0.178294539452
0.603960394859,0.0909090936184,0.049748070538,0.220246106386,0.170498043299
0.613861382008,0.0909090936184,0.0578221194446,0.22024589777,0.1624237746
0.623762369156,0.0909090936184,0.0661597624421,0.220249354839,0.154089599848
0.633663415909,0.0909090936184,0.0747370496392,0.220254927874,0.145517885685
0.643564343452,0.0909090936184,0.0835251137614,0.220260962844,0.136735856533
0.653465390205,0.0909090936184,0.0924908071756,0.220265552402,0.127774745226
0.663366317749,0.0909090936184,0.101595036685,0.220267340541,0.118672303855
0.673267364502,0.0909090936184,0.110793866217,0.220264554024,0.109470687807
0.683168292046,0.0909090936184,0.120036900043,0.220255866647,0.100218966603
0.693069338799,0.0909090936184,0.129268109798,0.220239549875,0.0909714400768
0.702970266342,0.0909090936184,0.138424947858,0.220214352012,0.0817894041538
0.712871313095,0.0909090936184,0.147439017892,0.220178827643,0.0727398097515
0.722772240639,0.0909090936184,0.156235054135,0.220131933689,0.0638968795538
0.732673287392,0.0909090936184,0.164732187986,0.220072314143,0.0553401261568
0.74257427454,0.0909090936184,0.172843396664,0.21999886632,0.047155469656
0.752475261688,0.0909090936184,0.180476456881,0.219910517335,0.0394340604544
0.762376248837,0.0909090936184,0.187534123659,0.21980650723,0.0322723835707
0.772277235985,0.0909090936184,0.193915739655,0.219685673714,0.0257699340582
0.782178223133,0.0909090936184,0.199517577887,0.219547703862,0.0200301259756
0.792079210281,0.0909090936184,0.204234093428,0.219391360879,0.0151572674513
0.80198019743,0.0909090936184,0.207960486412,0.21921646595,0.011255979538
0.811881184578,0.0909090936184,0.210592985153,0.219022333622,0.00842934846878
0.821782171726,0.0909090936184,0.212032243609,0.218808606267,0.00677636265755
0.831683158875,0.0909090936184,0.212184414268,0.218574777246,0.00639036297798
0.841584146023,0.0909090936184,0.210964247584,0.218320608139,0.0073563605547
0.851485133171,0.0909090936184,0.208296790719,0.218046024442,0.00974923372269
0.861386120319,0.0909090936184,0.204120725393,0.217750415206,0.0136296898127
0.871287107468,0.0909090936184,0.198390111327,0.217434212565,0.0190441012383
0.881188154221,0.0909090936184,0.191076979041,0.21709728241,0.0260203033686
0.891089081764,0.0909090936184,0.182173639536,0.216739445925,0.0345658063889
0.900990128517,0.0909090936184,0.171693727374,0.216360777617,0.0446670502424
0.910891115665,0.0909090936184,0.159674853086,0.215961933136,0.0562870800495
0.920792102814,0.0909090936184,0.146178126335,0.215542599559,0.0693644732237
0.930693089962,0.0909090936184,0.131289675832,0.215103209019,0.0838135331869
0.94059407711,0.0909090936184,0.115119621158,0.214643672109,0.099524050951
0.950495064259,0.0909090936184,0.0978008434176,0.214164897799,0.116364054382
0.960396051407,0.0909090936184,0.0794884487987,0.21366673708,0.13417828083
0.970297038555,0.0909090936184,0.0603562369943,0.213149771094,0.152793526649
0.980198025703,0.0909090936184,0.0405941940844,0.212614431977,0.172020241618
0.990099012852,0.0909090936184,0.0204048790038,0.212060898542,0.191656023264
0.00990098994225,0.101010099053,-0.00238572130911,0.24184218049,0.244227901101
0.0198019798845,0.101010099053,-0.00476769125089,0.241888910532,0.246656596661
0.0297029688954,0.101010099053,-0.00714215217158,0.241891413927,0.24903357029
0.039603959769,0.101010099053,-0.00950532127172,0.241849571466,0.251354902983
0.0495049506426,0.101010099053,-0.0118534062058,0.241763412952,0.253616809845
0.0594059377909,0.101010099053,-0.0141825564206,0.241633847356,0.255816400051
0.0693069323897,0.101010099053,-0.0164888985455,0.241461023688,0.257949918509
0.079207919538,0.101010099053,-0.018768504262,0.241245999932,0.260014504194
0.0891089066863,0.101010099053,-0.0210173558444,0.240989595652,0.262006938457
0.0990099012852,0.101010099053,-0.0232314169407,0.240693092346,0.263924509287
0.108910888433,0.101010099053,-0.0254065115005,0.240357726812,0.26576423645
0.118811875582,0.101010099053,-0.0275384448469,0.239984929562,0.267523378134
0.12871286273,0.101010099053,-0.0296228602529,0.239576786757,0.269199639559
0.138613864779,0.101010099053,-0.0316553190351,0.239134922624,0.270790249109
0.148514851928,0.101010099053,-0.0336312837899,0.238661423326,0.27229270339
0.158415839076,0.101010099053,-0.035546105355,0.238158479333,0.273704588413
0.168316826224,0.101010099053,-0.0373949334025,0.237628415227,0.275023341179
0.178217813373,0.101010099053,-0.0391728244722,0.237073928118,0.276246756315
0.188118815422,0.101010099053,-0.0408747196198,0.236497536302,0.27737224102
0.19801980257,0.101010099053,-0.0424953401089,0.235901668668,0.278397023678
0.207920789719,0.101010099053,-0.0440292358398,0.235289156437,0.279318392277
0.217821776867,0.101010099053,-0.0454708635807,0.23466321826,0.280134081841
0.227722764015,0.101010099053,-0.0468143709004,0.234026283026,0.280840665102
0.237623751163,0.101010099053,-0.0480538494885,0.233381316066,0.281435161829
0.247524753213,0.101010099053,-0.0491830781102,0.232731133699,0.281914204359
0.25742572546,0.101010099053,-0.0501957051456,0.23207886517,0.282274574041
0.267326742411,0.101010099053,-0.0510851331055,0.231426924467,0.282512068748
0.277227729559,0.101010099053,-0.0518445633352,0.230778321624,0.282622873783
0.287128716707,0.101010099053,-0.0524670034647,0.230135664344,0.282602667809
0.297029703856,0.101010099053,-0.0529451519251,0.229501157999,0.282446324825
0.306930691004,0.101010099053,-0.0532715767622,0.228877693415,0.282149255276
0.316831678152,0.101010099053,-0.0534385666251,0.228267461061,0.281706035137
0.3267326653,0.101010099053,-0.053438257426,0.227672219276,0.281110465527
0.336633652449,0.101010099053,-0.0532624647021,0.227094486356,0.280356943607
0.346534639597,0.101010099053,-0.0529028810561,0.22653567791,0.279438555241
0.356435626745,0.101010099053,-0.0523510053754,0.225997552276,0.278348565102
0.366336613894,0.101010099053,-0.0515980571508,0.225481718779,0.277079761028
0.376237630844,0.101010099053,-0.050635125488,0.224989250302,0.275624364614
0.386138617992,0.101010099053,-0.0494532808661,0.224521175027,0.273974448442
0.396039605141,0.101010099053,-0.048043269664,0.224078521132,0.272121787071
0.405940592289,0.101010099053,-0.0463959053159,0.223661839962,0.270057737827
0.415841579437,0.101010099053,-0.044501889497,0.223271638155,0.267773538828
0.425742566586,0.101010099053,-0.0423518866301,0.222908198833,0.265260100365
0.435643553734,0.101010099053,-0.0399366430938,0.222571611404,0.262508243322
0.445544540882,0.101010099053,-0.0372470729053,0.222261786461,0.25950884819
0.45544552803,0.101010099053,-0.0342741385102,0.221978381276,0.256252527237
0.465346515179,0.101010099053,-0.031009234488,0.221720859408,0.252730101347
0.475247502327,0.101010099053,-0.027443965897,0.221488922834,0.248932883143
0.485148519278,0.101010099053,-0.0235705096275,0.221281781793,0.244852289557
0.495049506426,0.101010099053,-0.0193815492094,0.221098095179,0.240479648113
0.504950523376,0.101010099053,-0.0148705588654,0.220937266946,0.235807821155
0.51485145092,0.101010099053,-0.0100319208577,0.220798149705,0.230830073357
0.524752497673,0.101010099053,-0.00486090220511,0.22067925334,0.225540161133
0.534653484821,0.101010099053,0.000645803113002,0.220579192042,0.219933390617
0.54455447197,0.101010099053,0.00649012252688,0.220496580005,0.214006453753
0.554455459118,0.101010099053,0.0126723954454,0.220430031419,0.207757636905
0.564356446266,0.101010099053,0.0191908255219,0.220377966762,0.201187133789
0.574257433414,0.101010099053,0.0260416865349,0.220338374376,0.194296687841
0.584158420563,0.101010099053,0.0332185328007,0.220310017467,0.187091484666
0.594059407711,0.101010099053,0.0407122671604,0.22029080987,0.179578542709
0.603960394859,0.101010099053,0.0485105924308,0.220279410481,0.171768814325
0.613861382008,0.101010099053,0.0565978065133,0.220273703337,0.163675904274
0.623762369156,0.101010099053,0.0649542585015,0.220272108912,0.15531784296
0.633663415909,0.101010099053,0.073556303978,0.220272853971,0.146716549993
0.643564343452,0.101010099053,0.0823753848672,0.220274493098,0.13789910078
0.653465390205,0.101010099053,0.0913785919547,0.220275104046,0.128896504641
0.663366317749,0.101010099053,0.100527018309,0.220272958279,0.11974593997
0.673267364502,0.101010099053,0.109776869416,0.220266565681,0.110489696264
0.683168292046,0.101010099053,0.119077838957,0.220254778862,0.101176939905
0.693069338799,0.101010099053,0.128373861313,0.220235407352,0.0918615460396
0.702970266342,0.101010099053,0.137602284551,0.220207870007,0.0826055854559
0.712871313095,0.101010099053,0.146694451571,0.220170021057,0.0734755694866
0.722772240639,0.101010099053,0.155574798584,0.220121130347,0.0645463317633
0.732673287392,0.101010099053,0.164161980152,0.220059752464,0.0558977723122
0.74257427454,0.101010099053,0.172368332744,0.219984874129,0.0476165413857
0.752475261688,0.101010099053,0.180100828409,0.219895422459,0.0397945940495
0.762376248837,0.101010099053,0.187261402607,0.219790622592,0.032529219985
0.772277235985,0.101010099053,0.193748310208,0.219669356942,0.0259210467339
0.782178223133,0.101010099053,0.199456512928,0.219531357288,0.0200748443604
0.792079210281,0.101010099053,0.204279229045,0.219375222921,0.0150959938765
0.80198019743,0.101010099053,0.208110123873,0.219200715423,0.0110905915499
0.811881184578,0.101010099053,0.210843846202,0.21900741756,0.00816357135773
0.821782171726,0.101010099053,0.212379425764,0.218794584274,0.00641515851021
0.831683158875,0.101010099053,0.212621286511,0.218562036753,0.00594075024128
0.841584146023,0.101010099053,0.211482480168,0.218309521675,0.00682704150677
0.851485133171,0.101010099053,0.208886399865,0.218036860228,0.00915046036243
0.861386120319,0.101010099053,0.2047701478,0.217743501067,0.0129733532667
0.871287107468,0.101010099053,0.199086353183,0.217429861426,0.0183435082436
0.881188154221,0.101010099053,0.191805809736,0.217095643282,0.0252898335457
0.891089081764,0.101010099053,0.182919800282,0.216740965843,0.0338211655617
0.900990128517,0.101010099053,0.172441348433,0.216365814209,0.0439244657755
0.910891115665,0.101010099053,0.160407617688,0.215970337391,0.0555627197027
0.920792102814,0.101010099053,0.146879851818,0.215554833412,0.0686749815941
0.930693089962,0.101010099053,0.131944492459,0.215119451284,0.0831749588251
0.94059407711,0.101010099053,0.115712545812,0.21466447413,0.0989519283175
0.950495064259,0.101010099053,0.0983180850744,0.214190036058,0.115871950984
0.960396051407,0.101010099053,0.0799178779125,0.213696882129,0.133779004216
0.970297038555,0.101010099053,0.0606876425445,0.213184759021,0.152497112751
0.980198025703,0.101010099053,0.0408196672797,0.212654560804,0.171834886074
0.990099012852,0.101010099053,0.0205189920962,0.212106585503,0.191587597132
0.00990098994225,0.111111111939,-0.00239658914506,0.241530328989,0.243926912546
0.0198019798845,0.111111111939,-0.00478946510702,0.24160349369,0.246392965317
0.0297029688954,0.111111111939,-0.00717490632087,0.241632640362,0.248807549477
0.039603959769,0.111111111939,-0.00954916980118,0.241617843509,0.25116699934
0.0495049506426,0.111111111939,-0.011908499524,0.241559013724,0.25346750021
0.0594059377909,0.111111111939,-0.0142490826547,0.241456642747,0.255705714226
0.0693069323897,0.111111111939,-0.0165670774877,0.241311058402,0.257878124714
0.079207919538,0.111111111939,-0.0188586004078,0.241123110056,0.25998172164
0.0891089066863,0.111111111939,-0.0211196634918,0.240893602371,0.26201325655
0.0990099012852,0.111111111939,-0.0233462732285,0.240623295307,0.263969570398
0.108910888433,0.111111111939,-0.0255342889577,0.240313902497,0.265848189592
0.118811875582,0.111111111939,-0.0276795458049,0.239966273308,0.267645806074
0.12871286273,0.111111111939,-0.02977771312,0.239582538605,0.269360244274
0.138613864779,0.111111111939,-0.031824413687,0.239164218307,0.270988643169
0.148514851928,0.111111111939,-0.0338151045144,0.238713279366,0.272528380156
0.158415839076,0.111111111939,-0.0357451885939,0.238232001662,0.273977190256
0.168316826224,0.111111111939,-0.0376098528504,0.237722545862,0.275332391262
0.178217813373,0.111111111939,-0.0394041836262,0.237187206745,0.276591390371
0.188118815422,0.111111111939,-0.0411231294274,0.236628606915,0.277751743793
0.19801980257,0.111111111939,-0.0427614524961,0.236049383879,0.278810828924
0.207920789719,0.111111111939,-0.0443137250841,0.235452234745,0.279765963554
0.217821776867,0.111111111939,-0.0457744374871,0.234839782119,0.280614227057
0.227722764015,0.111111111939,-0.0471377409995,0.234215334058,0.281353086233
0.237623751163,0.111111111939,-0.0483977422118,0.233581125736,0.281978875399
0.247524753213,0.111111111939,-0.0495482385159,0.232940390706,0.282488644123
0.25742572546,0.111111111939,-0.0505829043686,0.23229598999,0.282878905535
0.267326742411,0.111111111939,-0.0514951348305,0.231650620699,0.283145755529
0.277227729559,0.111111111939,-0.052278149873,0.231007054448,0.283285200596
0.287128716707,0.111111111939,-0.0529249459505,0.230367809534,0.283292770386
0.297029703856,0.111111111939,-0.0534282065928,0.229736015201,0.283164232969
0.306930691004,0.111111111939,-0.0537805184722,0.229113608599,0.282894134521
0.316831678152,0.111111111939,-0.0539741329849,0.228503197432,0.282477319241
0.3267326653,0.111111111939,-0.0540011674166,0.227906867862,0.281908035278
0.336633652449,0.111111111939,-0.0538534298539,0.22732681036,0.281180232763
0.346534639597,0.111111111939,-0.053522542119,0.226764783263,0.280287325382
0.356435626745,0.111111111939,-0.0529999807477,0.226222500205,0.279222488403
0.366336613894,0.111111111939,-0.0522769205272,0.225701600313,0.277978509665
0.376237630844,0.111111111939,-0.051344383508,0.225203469396,0.276547849178
0.386138617992,0.111111111939,-0.0501933507621,0.224729046226,0.274922400713
0.396039605141,0.111111111939,-0.0488145053387,0.224279358983,0.273093879223
0.405940592289,0.111111111939,-0.0471985600889,0.223855286837,0.271053850651
0.415841579437,0.111111111939,-0.0453361161053,0.223457038403,0.268793165684
0.425742566586,0.111111111939,-0.0432176962495,0.223085358739,0.266303062439
0.435643553734,0.111111111939,-0.040833953768,0.222740292549,0.263574242592
0.445544540882,0.111111111939,-0.0381756126881,0.222421497107,0.260597109795
0.45544552803,0.111111111939,-0.0352335162461,0.22212921083,0.257362723351
0.465346515179,0.111111111939,-0.0319988429546,0.221862718463,0.253861546516
0.475247502327,0.111111111939,-0.0284630134702,0.221621602774,0.250084608793
0.485148519278,0.111111111939,-0.0246180035174,0.221405372024,0.246023371816
0.495049506426,0.111111111939,-0.0204562470317,0.221212640405,0.241668879986
0.504950523376,0.111111111939,-0.0159709788859,0.221042901278,0.237013876438
0.51485145092,0.111111111939,-0.0111563103274,0.220894709229,0.2320510149
0.524752497673,0.111111111939,-0.00600723689422,0.220767065883,0.226774305105
0.534653484821,0.111111111939,-0.0005201434833,0.220658585429,0.221178725362
0.54455447197,0.111111111939,0.00530718825758,0.220567673445,0.215260490775
0.554455459118,0.111111111939,0.0114754522219,0.220493122935,0.209017664194
0.564356446266,0.111111111939,0.0179831814021,0.220433101058,0.202449917793
0.574257433414,0.111111111939,0.0248270053416,0.220385998487,0.195558995008
0.584158420563,0.111111111939,0.0320008173585,0.220350340009,0.1883495152
0.594059407711,0.111111111939,0.039495896548,0.220324128866,0.180828228593
0.603960394859,0.111111111939,0.0473002940416,0.220305934548,0.173005640507
0.613861382008,0.111111111939,0.0553986653686,0.220293939114,0.164895266294
0.623762369156,0.111111111939,0.063771687448,0.220286399126,0.156514704227
0.633663415909,0.111111111939,0.0723960250616,0.220281511545,0.147885486484
0.643564343452,0.111111111939,0.0812434107065,0.220277681947,0.13903427124
0.653465390205,0.111111111939,0.090281188488,0.220273122191,0.129991933703
0.663366317749,0.111111111939,0.0994706526399,0.22026629746,0.12079564482
0.673267364502,0.111111111939,0.10876815021,0.220255717635,0.111487567425
0.683168292046,0.111111111939,0.118123434484,0.22023974359,0.102116309106
0.693069338799,0.111111111939,0.127480491996,0.22021690011,0.0927364081144
0.702970266342,0.111111111939,0.136776477098,0.22018584609,0.0834093689919
0.712871313095,0.111111111939,0.145942598581,0.220145106316,0.0742025077343
0.722772240639,0.111111111939,0.15490296483,0.220093458891,0.0651904940605
0.732673287392,0.111111111939,0.16357575357,0.220029830933,0.056454077363
0.74257427454,0.111111111939,0.171872735023,0.219953104854,0.0480803698301
0.752475261688,0.111111111939,0.179700225592,0.219862148166,0.040161922574
0.762376248837,0.111111111939,0.186959132552,0.219756111503,0.0327969789505
0.772277235985,0.111111111939,0.19354686141,0.219633981586,0.0260871201754
0.782178223133,0.111111111939,0.199357166886,0.219495117664,0.020137950778
0.792079210281,0.111111111939,0.204281911254,0.219339117408,0.0150572061539
0.80198019743,0.111111111939,0.20821338892,0.219164684415,0.010951295495
0.811881184578,0.111111111939,0.211044803262,0.218971937895,0.00792713463306
0.821782171726,0.111111111939,0.21267350018,0.218760043383,0.0060865432024
0.831683158875,0.111111111939,0.213002353907,0.218528747559,0.00552639365196
0.841584146023,0.111111111939,0.211942672729,0.218277812004,0.0063351392746
0.851485133171,0.111111111939,0.209416359663,0.218006938696,0.0085905790329
0.861386120319,0.111111111939,0.205358996987,0.217715933919,0.0123569369316
0.871287107468,0.111111111939,0.199721708894,0.217404544353,0.0176828354597
0.881188154221,0.111111111939,0.192474246025,0.217073321342,0.0245990753174
0.891089081764,0.111111111939,0.183606863022,0.216721698642,0.0331148356199
0.900990128517,0.111111111939,0.173131927848,0.216350123286,0.0432181954384
0.910891115665,0.111111111939,0.161086246371,0.215958192945,0.0548719465733
0.920792102814,0.111111111939,0.147531062365,0.215546876192,0.0680158138275
0.930693089962,0.111111111939,0.132553219795,0.215115696192,0.0825624763966
0.94059407711,0.111111111939,0.116264469922,0.214665234089,0.0984007641673
0.950495064259,0.111111111939,0.0988001152873,0.214195743203,0.115395627916
0.960396051407,0.111111111939,0.0803184062243,0.213707342744,0.13338893652
0.970297038555,0.111111111939,0.0609969496727,0.213200688362,0.152203738689
0.980198025703,0.111111111939,0.0410301946104,0.212676003575,0.17164580524
0.990099012852,0.111111111939,0.020625565201,0.212133586407,0.191508024931
0.00990098994225,0.121212124825,-0.00240665208548,0.241227373481,0.243634030223
0.0198019798845,0.121212124825,-0.00480962870643,0.241326346993,0.246135979891
0.0297029688954,0.121212124825,-0.00720524415374,0.241382062435,0.248587310314
0.039603959769,0.121212124825,-0.00958979409188,0.241393983364,0.250983774662
0.0495049506426,0.121212124825,-0.0119595574215,0.241362333298,0.253321886063
0.0594059377909,0.121212124825,-0.0143107632175,0.241287097335,0.255597859621
0.0693069323897,0.121212124825,-0.0166396033019,0.241168856621,0.257808446884
0.079207919538,0.121212124825,-0.0189422257245,0.241008013487,0.259950250387
0.0891089066863,0.121212124825,-0.0212146863341,0.240805372596,0.262020051479
0.0990099012852,0.121212124825,-0.0234530232847,0.240561634302,0.264014661312
0.108910888433,0.121212124825,-0.0256531331688,0.240278318524,0.265931457281
0.118811875582,0.121212124825,-0.027810877189,0.239956408739,0.26776728034
0.12871286273,0.121212124825,-0.0299219712615,0.239597439766,0.269519418478
0.138613864779,0.121212124825,-0.0319820679724,0.239203214645,0.271185278893
0.148514851928,0.121212124825,-0.0339866653085,0.238775491714,0.272762149572
0.158415839076,0.121212124825,-0.0359311662614,0.238316223025,0.274247378111
0.168316826224,0.121212124825,-0.0378108285367,0.237827703357,0.275638520718
0.178217813373,0.121212124825,-0.0396207347512,0.237312108278,0.276932835579
0.188118815422,0.121212124825,-0.04135588184,0.236772149801,0.278128027916
0.19801980257,0.121212124825,-0.0430110581219,0.236210078001,0.279221147299
0.207920789719,0.121212124825,-0.0445808470249,0.235628589988,0.280209422112
0.217821776867,0.121212124825,-0.0460597649217,0.235030770302,0.281090527773
0.227722764015,0.121212124825,-0.0474420003593,0.234418943524,0.281860947609
0.237623751163,0.121212124825,-0.0487216599286,0.233796238899,0.282517910004
0.247524753213,0.121212124825,-0.0498925670981,0.233165353537,0.283057928085
0.25742572546,0.121212124825,-0.050948407501,0.232529267669,0.283477663994
0.267326742411,0.121212124825,-0.0518825799227,0.231890901923,0.283773481846
0.277227729559,0.121212124825,-0.0526883155107,0.231252744794,0.283941060305
0.287128716707,0.121212124825,-0.0533585995436,0.230617567897,0.28397616744
0.297029703856,0.121212124825,-0.0538861490786,0.229988232255,0.283874392509
0.306930691004,0.121212124825,-0.0542634911835,0.229367151856,0.283630639315
0.316831678152,0.121212124825,-0.0544828847051,0.22875662148,0.283239513636
0.3267326653,0.121212124825,-0.0545364581048,0.228159204125,0.282695651054
0.336633652449,0.121212124825,-0.0544159524143,0.227576673031,0.281992614269
0.346534639597,0.121212124825,-0.0541129820049,0.227011263371,0.2811242342
0.356435626745,0.121212124825,-0.0536189563572,0.226464778185,0.280083745718
0.366336613894,0.121212124825,-0.0529250390828,0.225938349962,0.278863400221
0.376237630844,0.121212124825,-0.0520221665502,0.225434213877,0.277456372976
0.386138617992,0.121212124825,-0.0509012565017,0.224952846766,0.275854110718
0.396039605141,0.121212124825,-0.0495529323816,0.224495694041,0.274048626423
0.405940592289,0.121212124825,-0.0479677952826,0.224063336849,0.272031128407
0.415841579437,0.121212124825,-0.0461363270879,0.223656699061,0.2697930336
0.425742566586,0.121212124825,-0.0440490059555,0.223275884986,0.267324894667
0.435643553734,0.121212124825,-0.0416962914169,0.22292137146,0.264617651701
0.445544540882,0.121212124825,-0.0390687957406,0.222593054175,0.261661857367
0.45544552803,0.121212124825,-0.0361571982503,0.222290858626,0.258448064327
0.465346515179,0.121212124825,-0.0329525023699,0.222014307976,0.254966795444
0.475247502327,0.121212124825,-0.0294459518045,0.221763163805,0.251209110022
0.485148519278,0.121212124825,-0.0256292950362,0.221536666155,0.247165963054
0.495049506426,0.121212124825,-0.0214947611094,0.221333861351,0.24282862246
0.504950523376,0.121212124825,-0.0170353483409,0.221153974533,0.238189324737
0.51485145092,0.121212124825,-0.0122449090704,0.220995932817,0.233240842819
0.524752497673,0.121212124825,-0.00711816502735,0.220858335495,0.227976500988
0.534653484821,0.121212124825,-0.0016512152506,0.220740184188,0.222391396761
0.54455447197,0.121212124825,0.00415848148987,0.220639824867,0.216481342912
0.554455459118,0.121212124825,0.0103119080886,0.220555961132,0.210244059563
0.564356446266,0.121212124825,0.0168079566211,0.220486953855,0.203678995371
0.574257433414,0.121212124825,0.0236435737461,0.220431298018,0.196787729859
0.584158420563,0.121212124825,0.0308130141348,0.220387116075,0.189574107528
0.594059407711,0.121212124825,0.0383078940213,0.220352888107,0.182044997811
0.603960394859,0.121212124825,0.0461166203022,0.220326989889,0.174210369587
0.613861382008,0.121212124825,0.054224178195,0.22030749917,0.166083320975
0.623762369156,0.121212124825,0.0626115947962,0.220292881131,0.157681286335
0.633663415909,0.121212124825,0.07125582546,0.220281168818,0.149025350809
0.643564343452,0.121212124825,0.0801289081573,0.220270931721,0.140142023563
0.653465390205,0.121212124825,0.089198410511,0.220260426402,0.131062015891
0.663366317749,0.121212124825,0.0984258428216,0.220248147845,0.121822305024
0.673267364502,0.121212124825,0.107767701149,0.220232382417,0.112464681268
0.683168292046,0.121212124825,0.117173835635,0.220211476088,0.103037640452
0.693069338799,0.121212124825,0.12658816576,0.220184028149,0.0935958623886
0.702970266342,0.121212124825,0.135947853327,0.220149040222,0.0842011868954
0.712871313095,0.121212124825,0.145183905959,0.220104709268,0.0749208033085
0.722772240639,0.121212124825,0.154220074415,0.220049783587,0.0658297091722
0.732673287392,0.121212124825,0.162974193692,0.219983369112,0.0570091754198
0.74257427454,0.121212124825,0.171357452869,0.219904139638,0.0485466867685
0.752475261688,0.121212124825,0.179275482893,0.219811052084,0.040535569191
0.762376248837,0.121212124825,0.186628431082,0.219703316689,0.0330748856068
0.772277235985,0.121212124825,0.193312600255,0.219579949975,0.02626734972
0.782178223133,0.121212124825,0.199220761657,0.219440370798,0.0202196091413
0.792079210281,0.121212124825,0.20424349606,0.219283610582,0.015040114522
0.80198019743,0.121212124825,0.208271831274,0.219109192491,0.0108373612165
0.811881184578,0.121212124825,0.211197420955,0.218916729093,0.00771930813789
0.821782171726,0.121212124825,0.212916135788,0.218705520034,0.00578938424587
0.831683158875,0.121212124825,0.213329285383,0.218475118279,0.00514583289623
0.841584146023,0.121212124825,0.212346658111,0.218225613236,0.00587895512581
0.851485133171,0.121212124825,0.209888502955,0.21795655787,0.00806805491447
0.861386120319,0.121212124825,0.205889031291,0.217667758465,0.0117787271738
0.871287107468,0.121212124825,0.200298070908,0.217359215021,0.0170611441135
0.881188154221,0.121212124825,0.193084165454,0.217030674219,0.0239465087652
0.891089081764,0.121212124825,0.184236615896,0.216682195663,0.0324455797672
0.900990128517,0.121212124825,0.17376716435,0.216314122081,0.0425469577312
0.910891115665,0.121212124825,0.16171233356,0.215926349163,0.0542140156031
0.920792102814,0.121212124825,0.148133218288,0.21551887691,0.0673856586218
0.930693089962,0.121212124825,0.133117169142,0.215092211962,0.08197504282
0.94059407711,0.121212124825,0.116776607931,0.214646458626,0.0978698506951
0.950495064259,0.121212124825,0.0992479175329,0.214182063937,0.114934146404
0.960396051407,0.121212124825,0.0806908458471,0.213698938489,0.133008092642
0.970297038555,0.121212124825,0.0612847805023,0.213197916746,0.151913136244
0.980198025703,0.121212124825,0.04122620821,0.212678834796,0.171452626586
0.990099012852,0.121212124825,0.0207248274237,0.212142512202,0.191417679191
0.00990098994225,0.13131313026,-0.00241593061946,0.240933895111,0.243349820375
0.0198019798845,0.13131313026,-0.00482822209597,0.24105861783,0.245886832476
0.0297029688954,0.13131313026,-0.00723322574049,0.24114023149,0.24837346375
0.039603959769,0.13131313026,-0.0096272751689,0.241178750992,0.250806033611
0.0495049506426,0.13131313026,-0.012006688863,0.241174072027,0.253180772066
0.0594059377909,0.13131313026,-0.0143677229062,0.241126015782,0.255493730307
0.0693069323897,0.13131313026,-0.0167066119611,0.241034910083,0.257741510868
0.079207919538,0.13131313026,-0.019019542262,0.240901246667,0.25992077589
0.0891089066863,0.13131313026,-0.0213026013225,0.240725621581,0.262028217316
0.0990099012852,0.13131313026,-0.0235518608242,0.24050886929,0.264060735703
0.108910888433,0.13131313026,-0.0257632620633,0.240251764655,0.266015022993
0.118811875582,0.13131313026,-0.0279326941818,0.239955723286,0.267888426781
0.12871286273,0.13131313026,-0.0300559066236,0.239621937275,0.269677847624
0.138613864779,0.13131313026,-0.0321285761893,0.23925216496,0.271380752325
0.148514851928,0.13131313026,-0.0341462530196,0.238848134875,0.272994399071
0.158415839076,0.13131313026,-0.036104362458,0.238411426544,0.274515777826
0.168316826224,0.13131313026,-0.037998188287,0.237944528461,0.275942713022
0.178217813373,0.13131313026,-0.0398228392005,0.237449288368,0.277272135019
0.188118815422,0.13131313026,-0.0415733605623,0.236928403378,0.278501749039
0.19801980257,0.13131313026,-0.0432445444167,0.236384138465,0.279628694057
0.207920789719,0.13131313026,-0.0448310151696,0.235819011927,0.280650019646
0.217821776867,0.13131313026,-0.0463273078203,0.235236093402,0.281563401222
0.227722764015,0.13131313026,-0.0477276295424,0.234637781978,0.28236541152
0.237623751163,0.13131313026,-0.0490261055529,0.23402698338,0.283053100109
0.247524753213,0.13131313026,-0.0502165779471,0.233406543732,0.283623129129
0.25742572546,0.13131313026,-0.0512927472591,0.232779353857,0.284072101116
0.267326742411,0.13131313026,-0.0522480159998,0.232148140669,0.28439617157
0.277227729559,0.13131313026,-0.0530756302178,0.231515809894,0.284591436386
0.287128716707,0.13131313026,-0.0537685751915,0.230885013938,0.284653604031
0.297029703856,0.13131313026,-0.0543195568025,0.230258718133,0.28457826376
0.306930691004,0.13131313026,-0.0547211132944,0.229639053345,0.284360170364
0.316831678152,0.13131313026,-0.0549654960632,0.229028716683,0.283994197845
0.3267326653,0.13131313026,-0.0550447888672,0.228429988027,0.283474773169
0.336633652449,0.13131313026,-0.0549507327378,0.227845147252,0.282795876265
0.346534639597,0.13131313026,-0.0546748936176,0.227276206017,0.281951099634
0.356435626745,0.13131313026,-0.0542086809874,0.226724937558,0.280933618546
0.366336613894,0.13131313026,-0.0535431466997,0.226193204522,0.279736340046
0.376237630844,0.13131313026,-0.0526692382991,0.225682318211,0.278351545334
0.386138617992,0.13131313026,-0.0515778027475,0.225193664432,0.276771456003
0.396039605141,0.13131313026,-0.0502593368292,0.224728494883,0.274987816811
0.405940592289,0.13131313026,-0.0487043894827,0.224287450314,0.272991836071
0.415841579437,0.13131313026,-0.0469033867121,0.223871484399,0.270774871111
0.425742566586,0.13131313026,-0.0448466278613,0.223480895162,0.268327534199
0.435643553734,0.13131313026,-0.0425244942307,0.223116159439,0.265640646219
0.445544540882,0.13131313026,-0.0399274565279,0.222777187824,0.262704640627
0.45544552803,0.13131313026,-0.0370460227132,0.222464248538,0.259510278702
0.465346515179,0.13131313026,-0.0338710546494,0.222176730633,0.256047785282
0.475247502327,0.13131313026,-0.0303936041892,0.2219145298,0.252308130264
0.485148519278,0.13131313026,-0.0266052316874,0.221676647663,0.248281881213
0.495049506426,0.13131313026,-0.0224979482591,0.22146268189,0.243960633874
0.504950523376,0.13131313026,-0.0180645119399,0.221271634102,0.239336147904
0.51485145092,0.13131313026,-0.0132985496894,0.221102461219,0.234401017427
0.524752497673,0.13131313026,-0.00819449499249,0.220953986049,0.229148477316
0.534653484821,0.13131313026,-0.00274817016907,0.220824897289,0.223573073745
0.54455447197,0.13131313026,0.00304324505851,0.220714092255,0.217670843005
0.554455459118,0.13131313026,0.00918104033917,0.220619827509,0.211438789964
0.564356446266,0.13131313026,0.0156644452363,0.220540612936,0.204876169562
0.574257433414,0.13131313026,0.0224907249212,0.220474898815,0.197984173894
0.584158420563,0.13131313026,0.0296544805169,0.220421388745,0.190766900778
0.594059407711,0.13131313026,0.0371476523578,0.220377907157,0.183230251074
0.603960394859,0.13131313026,0.0449590049684,0.220343142748,0.175384134054
0.613861382008,0.13131313026,0.0530738569796,0.220315128565,0.167241275311
0.623762369156,0.13131313026,0.0614735372365,0.220292270184,0.158818736672
0.633663415909,0.13131313026,0.070135332644,0.220273002982,0.150137662888
0.643564343452,0.13131313026,0.0790315568447,0.220255419612,0.141223862767
0.653465390205,0.13131313026,0.0881300121546,0.220237866044,0.132107853889
0.663366317749,0.13131313026,0.0973924249411,0.220218867064,0.122826442122
0.673267364502,0.13131313026,0.106775440276,0.220197111368,0.113421671093
0.683168292046,0.13131313026,0.116228982806,0.220170512795,0.103941529989
0.693069338799,0.13131313026,0.125697016716,0.220138013363,0.0944409966469
0.702970266342,0.13131313026,0.135116636753,0.220098078251,0.0849814414978
0.712871313095,0.13131313026,0.144418656826,0.220049276948,0.075630620122
0.722772240639,0.13131313026,0.153526574373,0.219990596175,0.0664640218019
0.732673287392,0.13131313026,0.162357807159,0.219920605421,0.0575627982616
0.74257427454,0.13131313026,0.170823067427,0.219838172197,0.0490151047707
0.752475261688,0.13131313026,0.178827345371,0.219742745161,0.0409153997898
0.762376248837,0.13131313026,0.186269983649,0.219632819295,0.0333628356457
0.772277235985,0.13131313026,0.193046420813,0.219507828355,0.0264614075422
0.782178223133,0.13131313026,0.199048355222,0.219366893172,0.0203185379505
0.792079210281,0.13131313026,0.204165130854,0.219209328294,0.0150441974401
0.80198019743,0.13131313026,0.208286583424,0.219034716487,0.0107481330633
0.811881184578,0.13131313026,0.211302965879,0.218842163682,0.00753919780254
0.821782171726,0.13131313026,0.213108688593,0.218631461263,0.00552277266979
0.831683158875,0.13131313026,0.213603511453,0.218402087688,0.00479857623577
0.841584146023,0.13131313026,0.21269582212,0.218153744936,0.00545792281628
0.851485133171,0.13131313026,0.210304304957,0.217886507511,0.00758220255375
0.861386120319,0.13131313026,0.206361845136,0.217599868774,0.0112380236387
0.871287107468,0.13131313026,0.20081692934,0.217293590307,0.0164766609669
0.881188154221,0.13131313026,0.193636953831,0.216968163848,0.0233312100172
0.891089081764,0.13131313026,0.184810474515,0.21662299335,0.0318125188351
0.900990128517,0.13131313026,0.174348473549,0.216258525848,0.0419100522995
0.910891115665,0.13131313026,0.162287145853,0.21587459743,0.0535874515772
0.920792102814,0.13131313026,0.148687601089,0.215471535921,0.0667839348316
0.930693089962,0.13131313026,0.133637502789,0.215049609542,0.0814121067524
0.94059407711,0.13131313026,0.117249950767,0.214608728886,0.0973587781191
0.950495064259,0.13131313026,0.0996623933315,0.214149728417,0.114487335086
0.960396051407,0.13131313026,0.0810359567404,0.213672220707,0.132636263967
0.970297038555,0.13131313026,0.0615516938269,0.213176876307,0.151625186205
0.980198025703,0.13131313026,0.0414080768824,0.212663918734,0.171255841851
0.990099012852,0.13131313026,0.0208169501275,0.212133899331,0.191316947341
0.00990098994225,0.141414135695,-0.00242444593459,0.240650758147,0.243075206876
0.0198019798845,0.141414135695,-0.00484528951347,0.240800648928,0.245645940304
0.0297029688954,0.141414135695,-0.00725892046466,0.24090822041,0.248167142272
0.039603959769,0.141414135695,-0.00966170430183,0.24097314477,0.250634849072
0.0495049506426,0.141414135695,-0.0120499953628,0.240995049477,0.25304505229
0.0594059377909,0.141414135695,-0.0144200930372,0.240974023938,0.255394130945
0.0693069323897,0.141414135695,-0.0167682655156,0.240910068154,0.257678329945
0.079207919538,0.141414135695,-0.0190907306969,0.240803569555,0.259894311428
0.0891089066863,0.141414135695,-0.0213836096227,0.240655094385,0.262038707733
0.0990099012852,0.141414135695,-0.0236430242658,0.240465208888,0.264108240604
0.108910888433,0.141414135695,-0.0258649270982,0.240234792233,0.266099721193
0.118811875582,0.141414135695,-0.0280452538282,0.239964962006,0.268010228872
0.12871286273,0.141414135695,-0.030179804191,0.239656627178,0.269836425781
0.138613864779,0.141414135695,-0.0322642624378,0.239311784506,0.271576046944
0.148514851928,0.141414135695,-0.0342942178249,0.23893173039,0.273225963116
0.158415839076,0.141414135695,-0.0362651310861,0.238518133759,0.27478325367
0.168316826224,0.141414135695,-0.0381723120809,0.238073140383,0.276245445013
0.178217813373,0.141414135695,-0.0400109179318,0.237598866224,0.277609795332
0.188118815422,0.141414135695,-0.0417759828269,0.237097591162,0.278873562813
0.19801980257,0.141414135695,-0.0434623733163,0.236571848392,0.280034214258
0.207920789719,0.141414135695,-0.0450647063553,0.236023753881,0.281088471413
0.217821776867,0.141414135695,-0.0465775616467,0.235456317663,0.282033890486
0.227722764015,0.141414135695,-0.0479951314628,0.234871968627,0.282867103815
0.237623751163,0.141414135695,-0.0493116043508,0.234273836017,0.283585429192
0.247524753213,0.141414135695,-0.0505208186805,0.233664274216,0.28418508172
0.25742572546,0.141414135695,-0.0516164936125,0.233046457171,0.28466296196
0.267326742411,0.141414135695,-0.052592035383,0.232423201203,0.28501522541
0.277227729559,0.141414135695,-0.0534407161176,0.231797009706,0.285237729549
0.287128716707,0.141414135695,-0.0541555024683,0.231170937419,0.285326451063
0.297029703856,0.141414135695,-0.0547291114926,0.23054766655,0.285276770592
0.306930691004,0.141414135695,-0.055154081434,0.229929819703,0.285083889961
0.316831678152,0.141414135695,-0.0554226413369,0.22931972146,0.284742355347
0.3267326653,0.141414135695,-0.05552688241,0.228719994426,0.284246861935
0.336633652449,0.141414135695,-0.0554584935308,0.228132620454,0.283591121435
0.346534639597,0.141414135695,-0.0552090555429,0.227559998631,0.282769054174
0.356435626745,0.141414135695,-0.054769884795,0.22700406611,0.28177395463
0.366336613894,0.141414135695,-0.0541320554912,0.226466402411,0.280598461628
0.376237630844,0.141414135695,-0.0532864294946,0.225948661566,0.279235094786
0.386138617992,0.141414135695,-0.0522237755358,0.225452318788,0.277676105499
0.396039605141,0.141414135695,-0.0509345568717,0.224978506565,0.275913059711
0.405940592289,0.141414135695,-0.0494092330337,0.224528253078,0.273937493563
0.415841579437,0.141414135695,-0.0476381182671,0.224102318287,0.271740436554
0.425742566586,0.141414135695,-0.0456114262342,0.223701149225,0.269312560558
0.435643553734,0.141414135695,-0.043319426477,0.223325490952,0.266644924879
0.445544540882,0.141414135695,-0.0407524593174,0.22297526896,0.263727724552
0.45544552803,0.141414135695,-0.0379008688033,0.222650498152,0.26055136323
0.465346515179,0.141414135695,-0.0347553864121,0.222351178527,0.25710657239
0.475247502327,0.141414135695,-0.0313068628311,0.222076550126,0.253383398056
0.485148519278,0.141414135695,-0.0275466907769,0.221826672554,0.249373361468
0.495049506426,0.141414135695,-0.0234666634351,0.221600294113,0.245066955686
0.504950523376,0.141414135695,-0.0190593283623,0.221396967769,0.240456297994
0.51485145092,0.141414135695,-0.0143180554733,0.221215501428,0.235533550382
0.524752497673,0.141414135695,-0.00923703983426,0.22105486691,0.230291903019
0.534653484821,0.141414135695,-0.00381183461286,0.220913976431,0.224725812674
0.54455447197,0.141414135695,0.00196067569777,0.220791071653,0.218830391765
0.554455459118,0.141414135695,0.00808208342642,0.220685333014,0.212603256106
0.564356446266,0.141414135695,0.0145519124344,0.220594793558,0.20604288578
0.574257433414,0.141414135695,0.0213677678257,0.22051820159,0.199150428176
0.584158420563,0.141414135695,0.0285245608538,0.220453828573,0.191929265857
0.594059407711,0.141414135695,0.0360145755112,0.220399975777,0.184385403991
0.603960394859,0.141414135695,0.0438269078732,0.220355167985,0.176528260112
0.613861382008,0.141414135695,0.0519471950829,0.220317587256,0.168370395899
0.623762369156,0.141414135695,0.060357093811,0.220285430551,0.15992833674
0.633663415909,0.141414135695,0.069034203887,0.220257520676,0.151223316789
0.643564343452,0.141414135695,0.0779510736465,0.220231607556,0.14228053391
0.653465390205,0.141414135695,0.087075792253,0.220206171274,0.133130371571
0.663366317749,0.141414135695,0.0963702872396,0.220179796219,0.123809508979
0.673267364502,0.141414135695,0.105791337788,0.220150858164,0.114359520376
0.683168292046,0.141414135695,0.115288980305,0.220117837191,0.104828856885
0.693069338799,0.141414135695,0.124807223678,0.220079258084,0.0952720344067
0.702970266342,0.141414135695,0.134283050895,0.220033749938,0.0857506990433
0.712871313095,0.141414135695,0.14364720881,0.219979837537,0.076332628727
0.722772240639,0.141414135695,0.152822911739,0.219916582108,0.0670936703682
0.732673287392,0.141414135695,0.161727175117,0.219842404127,0.0581152290106
0.74257427454,0.141414135695,0.170270308852,0.219756618142,0.0494863092899
0.752475261688,0.141414135695,0.178356647491,0.219657808542,0.0413011610508
0.762376248837,0.141414135695,0.185884833336,0.219545394182,0.0336605608463
0.772277235985,0.141414135695,0.192749351263,0.219418361783,0.02666901052
0.782178223133,0.141414135695,0.198841050267,0.219275593758,0.0204345434904
0.792079210281,0.141414135695,0.204048097134,0.219117045403,0.0150689482689
0.80198019743,0.141414135695,0.20825907588,0.218941420317,0.0106823444366
0.811881184578,0.141414135695,0.21136289835,0.218748822808,0.0073859244585
0.821782171726,0.141414135695,0.213252663612,0.218538343906,0.00528568029404
0.831683158875,0.141414135695,0.213826626539,0.218309834599,0.00448320806026
0.841584146023,0.141414135695,0.212991788983,0.218062698841,0.00507090985775
0.851485133171,0.141414135695,0.210665464401,0.217796981335,0.00713151693344
0.861386120319,0.141414135695,0.206779032946,0.217512384057,0.0107333511114
0.871287107468,0.141414135695,0.201279878616,0.217208757997,0.0159288793802
0.881188154221,0.141414135695,0.194134369493,0.216886132956,0.022751763463
0.891089081764,0.141414135695,0.185330063105,0.216544419527,0.0312143564224
0.900990128517,0.141414135695,0.174877405167,0.216183632612,0.0413062274456
0.910891115665,0.141414135695,0.162812173367,0.215803787112,0.0529916137457
0.920792102814,0.141414135695,0.149195566773,0.215405166149,0.0662095993757
0.930693089962,0.141414135695,0.134115427732,0.214988097548,0.080872669816
0.94059407711,0.141414135695,0.117685586214,0.214552611113,0.0968670248985
0.950495064259,0.141414135695,0.100044466555,0.21409894526,0.114054478705
0.960396051407,0.141414135695,0.0813544541597,0.213627159595,0.132272705436
0.970297038555,0.141414135695,0.0617982633412,0.213138058782,0.151339799166
0.980198025703,0.141414135695,0.0415761843324,0.212631374598,0.171055197716
0.990099012852,0.141414135695,0.0209021382034,0.212107867002,0.191205725074
0.00990098994225,0.151515156031,-0.00243222014979,0.240378797054,0.242811024189
0.0198019798845,0.151515156031,-0.00486087379977,0.240553632379,0.245414510369
0.0297029688954,0.151515156031,-0.00728238699958,0.240686625242,0.247969016433
0.039603959769,0.151515156031,-0.00969316158444,0.240777626634,0.250470787287
0.0495049506426,0.151515156031,-0.0120895886794,0.240826144814,0.252915740013
0.0594059377909,0.151515156031,-0.0144680021331,0.24083186686,0.255299866199
0.0693069323897,0.151515156031,-0.0168247036636,0.240794986486,0.257619678974
0.079207919538,0.151515156031,-0.0191559530795,0.240715742111,0.259871691465
0.0891089066863,0.151515156031,-0.0214579068124,0.24059432745,0.262052237988
0.0990099012852,0.151515156031,-0.0237267054617,0.240431442857,0.264158159494
0.108910888433,0.151515156031,-0.0259583611041,0.240227848291,0.266186207533
0.118811875582,0.151515156031,-0.028148824349,0.239984333515,0.268133163452
0.12871286273,0.151515156031,-0.0302939284593,0.239702105522,0.26999604702
0.138613864779,0.151515156031,-0.0323894061148,0.239382207394,0.271771609783
0.148514851928,0.151515156031,-0.0344308689237,0.239026591182,0.273457467556
0.158415839076,0.151515156031,-0.0364138148725,0.238636538386,0.275050342083
0.168316826224,0.151515156031,-0.0383335761726,0.238214164972,0.276547729969
0.178217813373,0.151515156031,-0.0401853397489,0.2377615273,0.277946859598
0.188118815422,0.151515156031,-0.0419641770422,0.237280458212,0.279244631529
0.19801980257,0.151515156031,-0.0436649732292,0.236773625016,0.280438601971
0.207920789719,0.151515156031,-0.0452823750675,0.236243054271,0.281525433064
0.217821776867,0.151515156031,-0.0468109697104,0.235691905022,0.282502889633
0.227722764015,0.151515156031,-0.0482450202107,0.235122203827,0.283367216587
0.237623751163,0.151515156031,-0.0495786778629,0.234537005424,0.284115672112
0.247524753213,0.151515156031,-0.050805836916,0.233938977122,0.284744799137
0.25742572546,0.151515156031,-0.0519201979041,0.233331233263,0.285251438618
0.267326742411,0.151515156031,-0.0529152229428,0.232716113329,0.285631328821
0.277227729559,0.151515156031,-0.0537841655314,0.232096657157,0.285880833864
0.287128716707,0.151515156031,-0.0545199997723,0.231475800276,0.285995811224
0.297029703856,0.151515156031,-0.0551154501736,0.230855956674,0.285971403122
0.306930691004,0.151515156031,-0.055563043803,0.230239972472,0.28580302
0.316831678152,0.151515156031,-0.0558550134301,0.22963039577,0.285485416651
0.3267326653,0.151515156031,-0.055983427912,0.22902956605,0.285012990236
0.336633652449,0.151515156031,-0.0559399649501,0.228440061212,0.284380018711
0.346534639597,0.151515156031,-0.0557161718607,0.227863714099,0.28357988596
0.356435626745,0.151515156031,-0.0553033463657,0.227302879095,0.282606214285
0.366336613894,0.151515156031,-0.0546925142407,0.22675909102,0.281451612711
0.376237630844,0.151515156031,-0.0538744740188,0.226234272122,0.280108749866
0.386138617992,0.151515156031,-0.0528399683535,0.225729778409,0.278569757938
0.396039605141,0.151515156031,-0.05157937482,0.225246876478,0.276826262474
0.405940592289,0.151515156031,-0.0500830896199,0.224786669016,0.274869769812
0.415841579437,0.151515156031,-0.048341345042,0.224350273609,0.272691607475
0.425742566586,0.151515156031,-0.0463442392647,0.22393797338,0.27028220892
0.435643553734,0.151515156031,-0.0440819300711,0.223550498486,0.267632424831
0.445544540882,0.151515156031,-0.0415446385741,0.223188072443,0.264732718468
0.45544552803,0.151515156031,-0.0387225821614,0.222850739956,0.261573314667
0.465346515179,0.151515156031,-0.0356063321233,0.222538366914,0.258144706488
0.475247502327,0.151515156031,-0.0321865752339,0.2222507447,0.254437327385
0.485148519278,0.151515156031,-0.0284545104951,0.221987441182,0.250441938639
0.495049506426,0.151515156031,-0.0244017560035,0.221747711301,0.246149465442
0.504950523376,0.151515156031,-0.0200206208974,0.221530839801,0.241551458836
0.51485145092,0.151515156031,-0.0153042664751,0.221336096525,0.236640363932
0.524752497673,0.151515156031,-0.0102466177195,0.221162155271,0.231408774853
0.534653484821,0.151515156031,-0.00484298216179,0.221007987857,0.225850969553
0.54455447197,0.151515156031,0.000910026021302,0.220872342587,0.219962313771
0.554455459118,0.151515156031,0.00701430859044,0.220753580332,0.213739275932
0.564356446266,0.151515156031,0.0134696653113,0.22065064311,0.207180976868
0.574257433414,0.151515156031,0.0202740300447,0.22056183219,0.200287804008
0.584158420563,0.151515156031,0.0274226367474,0.220485553145,0.193062916398
0.594059407711,0.151515156031,0.0349080823362,0.220420360565,0.185512274504
0.603960394859,0.151515156031,0.0427197925746,0.220364287496,0.177644491196
0.613861382008,0.151515156031,0.0508437231183,0.220316007733,0.169472277164
0.623762369156,0.151515156031,0.0592618584633,0.220273643732,0.161011785269
0.633663415909,0.151515156031,0.0679520592093,0.220235586166,0.152283519506
0.643564343452,0.151515156031,0.0768871754408,0.220200374722,0.143313199282
0.653465390205,0.151515156031,0.0860355421901,0.220166146755,0.134130597115
0.663366317749,0.151515156031,0.0953592732549,0.220131322742,0.124772049487
0.673267364502,0.151515156031,0.104815341532,0.220094412565,0.115279071033
0.683168292046,0.151515156031,0.114353880286,0.220053955913,0.105700075626
0.693069338799,0.151515156031,0.123918890953,0.220008477569,0.0960895866156
0.702970266342,0.151515156031,0.133447378874,0.219956591725,0.0865092128515
0.712871313095,0.151515156031,0.142869889736,0.219897076488,0.0770271867514
0.722772240639,0.151515156031,0.152109503746,0.219828486443,0.0677189826965
0.732673287392,0.151515156031,0.161082878709,0.2197496593,0.058666780591
0.74257427454,0.151515156031,0.169699817896,0.219659492373,0.0499596744776
0.752475261688,0.151515156031,0.177864119411,0.219557181001,0.0416930615902
0.762376248837,0.151515156031,0.185473799706,0.219441562891,0.0339677631855
0.772277235985,0.151515156031,0.192422494292,0.219311863184,0.0268893688917
0.782178223133,0.151515156031,0.198599979281,0.219167143106,0.020567163825
0.792079210281,0.151515156031,0.20389354229,0.219007119536,0.0151135772467
0.80198019743,0.151515156031,0.208190515637,0.21883058548,0.0106400698423
0.811881184578,0.151515156031,0.211378544569,0.218637302518,0.00725875794888
0.821782171726,0.151515156031,0.213349431753,0.218426808715,0.00507737696171
0.831683158875,0.151515156031,0.214000120759,0.218198880553,0.00419875979424
0.841584146023,0.151515156031,0.213236123323,0.217952936888,0.0047168135643
0.851485133171,0.151515156031,0.210973471403,0.217688694596,0.00671522319317
0.861386120319,0.151515156031,0.207142233849,0.217406108975,0.0102638751268
0.871287107468,0.151515156031,0.201688602567,0.217104911804,0.0154163092375
0.881188154221,0.151515156031,0.194577917457,0.216785222292,0.0222073048353
0.891089081764,0.151515156031,0.185796901584,0.216446787119,0.0306498855352
0.900990128517,0.151515156031,0.175355374813,0.216089785099,0.0407344102859
0.910891115665,0.151515156031,0.163288831711,0.21571432054,0.0524254888296
0.920792102814,0.151515156031,0.149658381939,0.215320527554,0.0656621456146
0.930693089962,0.151515156031,0.134552165866,0.214908286929,0.0803561210632
0.94059407711,0.151515156031,0.118084594607,0.214478239417,0.0963936448097
0.950495064259,0.151515156031,0.100395016372,0.214030131698,0.113635115325
0.960396051407,0.151515156031,0.0816471204162,0.213564500213,0.131917387247
0.970297038555,0.151515156031,0.062025051564,0.213081598282,0.151056542993
0.980198025703,0.151515156031,0.0417309217155,0.21258161962,0.17085069418
0.990099012852,0.151515156031,0.0209805835038,0.212064921856,0.191084340215
0.00990098994225,0.161616161466,-0.0024392735213,0.240118727088,0.242558002472
0.0198019798845,0.161616161466,-0.00487501639873,0.240318119526,0.245193138719
0.0297029688954,0.161616161466,-0.00730368914083,0.240476295352,0.247779980302
0.039603959769,0.161616161466,-0.00972173269838,0.240593016148,0.250314742327
0.0495049506426,0.161616161466,-0.0121255721897,0.240667700768,0.25279328227
0.0594059377909,0.161616161466,-0.0145115731284,0.240700170398,0.255211740732
0.0693069323897,0.161616161466,-0.0168760810047,0.240690201521,0.257566273212
0.079207919538,0.161616161466,-0.0192153789103,0.240638107061,0.259853482246
0.0891089066863,0.161616161466,-0.0215256661177,0.240543842316,0.262069523335
0.0990099012852,0.161616161466,-0.0238031260669,0.240408033133,0.264211148024
0.108910888433,0.161616161466,-0.0260437875986,0.240231335163,0.266275107861
0.118811875582,0.161616161466,-0.0282436460257,0.240014359355,0.268258005381
0.12871286273,0.161616161466,-0.0303985625505,0.2397582829,0.270156860352
0.138613864779,0.161616161466,-0.0325043089688,0.239463955164,0.271968275309
0.148514851928,0.161616161466,-0.0345565192401,0.239133194089,0.273689717054
0.158415839076,0.161616161466,-0.0365507341921,0.238767132163,0.275317877531
0.168316826224,0.161616161466,-0.0384823083878,0.23836787045,0.276850163937
0.178217813373,0.161616161466,-0.0403464771807,0.237937048078,0.278283536434
0.188118815422,0.161616161466,-0.042138312012,0.237476944923,0.27961525321
0.19801980257,0.161616161466,-0.0438527353108,0.236989602447,0.280842334032
0.207920789719,0.161616161466,-0.045484431088,0.236477315426,0.281961739063
0.217821776867,0.161616161466,-0.0470280013978,0.235942840576,0.282970845699
0.227722764015,0.161616161466,-0.0484777316451,0.235388532281,0.283866256475
0.237623751163,0.161616161466,-0.0498278215528,0.234817177057,0.284644991159
0.247524753213,0.161616161466,-0.0510721281171,0.234231188893,0.285303324461
0.25742572546,0.161616161466,-0.0522044152021,0.233633756638,0.285838186741
0.267326742411,0.161616161466,-0.0532181300223,0.233027532697,0.286245673895
0.277227729559,0.161616161466,-0.0541065447032,0.232415273786,0.286521822214
0.287128716707,0.161616161466,-0.0548626556993,0.231799975038,0.286662638187
0.297029703856,0.161616161466,-0.0554791800678,0.231183841825,0.286663025618
0.306930691004,0.161616161466,-0.0559486299753,0.230570226908,0.286518871784
0.316831678152,0.161616161466,-0.0562632530928,0.229961439967,0.28622469306
0.3267326653,0.161616161466,-0.0564150959253,0.229359731078,0.285774827003
0.336633652449,0.161616161466,-0.056395817548,0.228767871857,0.285163700581
0.346534639597,0.161616161466,-0.056196950376,0.228187978268,0.284384936094
0.356435626745,0.161616161466,-0.0558097623289,0.227622047067,0.28343179822
0.366336613894,0.161616161466,-0.0552252419293,0.227071925998,0.282297164202
0.376237630844,0.161616161466,-0.0544341392815,0.226539731026,0.280973881483
0.386138617992,0.161616161466,-0.0534271486104,0.22602674365,0.279453903437
0.396039605141,0.161616161466,-0.0521945990622,0.225534439087,0.277729034424
0.405940592289,0.161616161466,-0.0507267713547,0.225063860416,0.275790631771
0.415841579437,0.161616161466,-0.0490138605237,0.22461616993,0.273630023003
0.425742566586,0.161616161466,-0.0470458604395,0.224192023277,0.271237879992
0.435643553734,0.161616161466,-0.0448128059506,0.223792046309,0.268604844809
0.445544540882,0.161616161466,-0.0423048250377,0.223416522145,0.265721350908
0.45544552803,0.161616161466,-0.0395119860768,0.223065689206,0.262577682734
0.465346515179,0.161616161466,-0.0364247225225,0.222739562392,0.259164273739
0.475247502327,0.161616161466,-0.0330335572362,0.222437813878,0.255471378565
0.485148519278,0.161616161466,-0.0293295308948,0.22216014564,0.251489669085
0.495049506426,0.161616161466,-0.0253040380776,0.22190593183,0.247209966183
0.504950523376,0.161616161466,-0.0209492016584,0.221674636006,0.242623835802
0.51485145092,0.161616161466,-0.0162579473108,0.221465274692,0.237723216414
0.524752497673,0.161616161466,-0.01122400444,0.221276938915,0.232500940561
0.534653484821,0.161616161466,-0.00584238488227,0.221108227968,0.226950615644
0.54455447197,0.161616161466,-0.000109445274575,0.220958426595,0.221067875624
0.554455459118,0.161616161466,0.00597698427737,0.220825716853,0.214848726988
0.564356446266,0.161616161466,0.0124170146883,0.220709085464,0.208292067051
0.574257433414,0.161616161466,0.0192088652402,0.220606893301,0.201398029923
0.584158420563,0.161616161466,0.0263480897993,0.22051744163,0.194169357419
0.594059407711,0.161616161466,0.0338276028633,0.220439583063,0.1866119802
0.603960394859,0.161616161466,0.0416371338069,0.220371291041,0.178734153509
0.613861382008,0.161616161466,0.0497629679739,0.220311194658,0.17054823041
0.623762369156,0.161616161466,0.0581873841584,0.220257475972,0.162070095539
0.633663415909,0.161616161466,0.0668885484338,0.220208600163,0.153320044279
0.643564343452,0.161616161466,0.0758395791054,0.220162779093,0.144323199987
0.653465390205,0.161616161466,0.0850090384483,0.220118552446,0.135109513998
0.663366317749,0.161616161466,0.0943592712283,0.220074370503,0.125715106726
0.673267364502,0.161616161466,0.103847406805,0.220028728247,0.116181321442
0.683168292046,0.161616161466,0.113423682749,0.219980031252,0.106556348503
0.693069338799,0.161616161466,0.123032167554,0.219926714897,0.0968945473433
0.702970266342,0.161616161466,0.132609829307,0.219867676497,0.0872578471899
0.712871313095,0.161616161466,0.142087101936,0.219801515341,0.0777144134045
0.722772240639,0.161616161466,0.151386812329,0.219726890326,0.0683400779963
0.732673287392,0.161616161466,0.160425424576,0.219642594457,0.0592171698809
0.74257427454,0.161616161466,0.16911226511,0.219547748566,0.0504354834557
0.752475261688,0.161616161466,0.177350595593,0.219441071153,0.0420904755592
0.762376248837,0.161616161466,0.185037776828,0.21932195127,0.0342841744423
0.772277235985,0.161616161466,0.192066654563,0.219189152122,0.0271224975586
0.782178223133,0.161616161466,0.198326215148,0.219042032957,0.0207158178091
0.792079210281,0.161616161466,0.203702613711,0.218879967928,0.0151773542166
0.80198019743,0.161616161466,0.208082139492,0.218702226877,0.0106200873852
0.811881184578,0.161616161466,0.211351305246,0.218508303165,0.00715699791908
0.821782171726,0.161616161466,0.213400498033,0.218297630548,0.00489713251591
0.831683158875,0.161616161466,0.214125424623,0.218069940805,0.00394451618195
0.841584146023,0.161616161466,0.213430330157,0.217824846506,0.00439451634884
0.851485133171,0.161616161466,0.211229845881,0.21756221354,0.00633236765862
0.861386120319,0.161616161466,0.207452908158,0.217281609774,0.00982870161533
0.871287107468,0.161616161466,0.202044561505,0.216982677579,0.0149381160736
0.881188154221,0.161616161466,0.19496910274,0.216666042805,0.0216969400644
0.891089081764,0.161616161466,0.186212450266,0.216331064701,0.0301186144352
0.900990128517,0.161616161466,0.175783827901,0.21597789228,0.0401940643787
0.910891115665,0.161616161466,0.163718432188,0.21560664475,0.0518882125616
0.920792102814,0.161616161466,0.150077298284,0.21521769464,0.0651403963566
0.930693089962,0.161616161466,0.134948790073,0.214810624719,0.0798618346453
0.94059407711,0.161616161466,0.118447944522,0.214386001229,0.0959380567074
0.950495064259,0.161616161466,0.100714944303,0.213943839073,0.11322889477
0.960396051407,0.161616161466,0.0819146260619,0.213484510779,0.131569892168
0.970297038555,0.161616161466,0.0622326172888,0.213008254766,0.150775641203
0.980198025703,0.161616161466,0.0418726541102,0.21251514554,0.170642495155
0.990099012852,0.161616161466,0.0210524722934,0.212005898356,0.190953433514
0.00990098994225,0.171717166901,-0.00244562630542,0.239871397614,0.242317020893
0.0198019798845,0.171717166901,-0.00488775782287,0.240094676614,0.244982436299
0.0297029688954,0.171717166901,-0.00732288928702,0.240277737379,0.247600629926
0.039603959769,0.171717166901,-0.00974749773741,0.240419775248,0.250167280436
0.0495049506426,0.171717166901,-0.0121580436826,0.240520566702,0.252678602934
0.0594059377909,0.171717166901,-0.0145509280264,0.240579351783,0.255130290985
0.0693069323897,0.171717166901,-0.0169225316495,0.2405962497,0.257518768311
0.079207919538,0.171717166901,-0.0192691739649,0.240571081638,0.259840250015
0.0891089066863,0.171717166901,-0.0215870831162,0.240504130721,0.262091219425
0.0990099012852,0.171717166901,-0.0238724779338,0.240395456553,0.264267921448
0.108910888433,0.171717166901,-0.0261214263737,0.240245759487,0.266367197037
0.118811875582,0.171717166901,-0.0283299610019,0.240055590868,0.26838555932
0.12871286273,0.171717166901,-0.0304939653724,0.239825755358,0.270319730043
0.138613864779,0.171717166901,-0.0326092503965,0.23955745995,0.272166699171
0.148514851928,0.171717166901,-0.0346714816988,0.239251822233,0.273923307657
0.158415839076,0.171717166901,-0.036676235497,0.238910257816,0.275586485863
0.168316826224,0.171717166901,-0.0386188812554,0.238534465432,0.277153342962
0.178217813373,0.171717166901,-0.0404946953058,0.238126263022,0.278620958328
0.188118815422,0.171717166901,-0.0422987863421,0.237687468529,0.279986262321
0.19801980257,0.171717166901,-0.0440260916948,0.23722024262,0.281246334314
0.207920789719,0.171717166901,-0.0456713289022,0.23672683537,0.282398164272
0.217821776867,0.171717166901,-0.0472291260958,0.236209705472,0.283438831568
0.227722764015,0.171717166901,-0.0486937761307,0.235671192408,0.284364968538
0.237623751163,0.171717166901,-0.050059504807,0.2351141572,0.285173654556
0.247524753213,0.171717166901,-0.0513202026486,0.234541013837,0.285861223936
0.25742572546,0.171717166901,-0.0524696558714,0.233954742551,0.286424398422
0.267326742411,0.171717166901,-0.0535012967885,0.23335775733,0.286859065294
0.277227729559,0.171717166901,-0.0544084385037,0.232753202319,0.287161648273
0.287128716707,0.171717166901,-0.0551840625703,0.232143670321,0.287327736616
0.297029703856,0.171717166901,-0.0558209009469,0.231532052159,0.287352949381
0.306930691004,0.171717166901,-0.0563114657998,0.230921000242,0.287232458591
0.316831678152,0.171717166901,-0.0566479936242,0.230313181877,0.286961168051
0.3267326653,0.171717166901,-0.0568225383759,0.229710847139,0.286533385515
0.336633652449,0.171717166901,-0.0568267330527,0.229116857052,0.285943597555
0.346534639597,0.171717166901,-0.056652083993,0.228533253074,0.285185337067
0.356435626745,0.171717166901,-0.0562898479402,0.227962180972,0.284252017736
0.366336613894,0.171717166901,-0.0557309612632,0.22740586102,0.283136814833
0.376237630844,0.171717166901,-0.0549661628902,0.226866036654,0.281832188368
0.386138617992,0.171717166901,-0.0539860650897,0.226344183087,0.280330240726
0.396039605141,0.171717166901,-0.0527809597552,0.225841999054,0.278622955084
0.405940592289,0.171717166901,-0.051341060549,0.225360631943,0.276701688766
0.415841579437,0.171717166901,-0.0496564470232,0.224901199341,0.274557650089
0.425742566586,0.171717166901,-0.0477170832455,0.22446449101,0.27218157053
0.435643553734,0.171717166901,-0.0455128774047,0.224051356316,0.269564241171
0.445544540882,0.171717166901,-0.0430338196456,0.22366194427,0.266695767641
0.45544552803,0.171717166901,-0.0402699001133,0.223296687007,0.263566583395
0.465346515179,0.171717166901,-0.0372113659978,0.222955822945,0.260167181492
0.475247502327,0.171717166901,-0.033848632127,0.222638979554,0.256487607956
0.485148519278,0.171717166901,-0.0301725212485,0.222345858812,0.252518385649
0.495049506426,0.171717166901,-0.0261742901057,0.222076207399,0.248250499368
0.504950523376,0.171717166901,-0.0218458566815,0.22182931006,0.243675172329
0.51485145092,0.171717166901,-0.0171799082309,0.221604198217,0.238784104586
0.524752497673,0.171717166901,-0.0121699599549,0.221400111914,0.233570069075
0.534653484821,0.171717166901,-0.00681078154594,0.221215993166,0.228026777506
0.54455447197,0.171717166901,-0.00109846156556,0.221050605178,0.222149074078
0.554455459118,0.171717166901,0.00496942363679,0.220902949572,0.215933531523
0.564356446266,0.171717166901,0.0113932900131,0.220771253109,0.209377959371
0.574257433414,0.171717166901,0.0181716326624,0.220654532313,0.202482894063
0.584158420563,0.171717166901,0.0253003202379,0.220550820231,0.195250496268
0.594059407711,0.171717166901,0.0327725708485,0.220459014177,0.187686443329
0.603960394859,0.171717166901,0.0405784286559,0.220377236605,0.179798811674
0.613861382008,0.171717166901,0.0487044788897,0.220304146409,0.171599671245
0.623762369156,0.171717166901,0.0571332983673,0.220237836242,0.163104534149
0.633663415909,0.171717166901,0.0658433437347,0.220176979899,0.154333636165
0.643564343452,0.171717166901,0.0748080089688,0.220119640231,0.145311623812
0.653465390205,0.171717166901,0.083996117115,0.220064505935,0.13606838882
0.663366317749,0.171717166901,0.0933701768517,0.220010116696,0.126639932394
0.673267364502,0.171717166901,0.102887503803,0.21995447576,0.117066971958
0.683168292046,0.171717166901,0.112498469651,0.219896569848,0.107398100197
0.693069338799,0.171717166901,0.12214718014,0.219834819436,0.0976876392961
0.702970266342,0.171717166901,0.13177062571,0.219767674804,0.0879970490932
0.712871313095,0.171717166901,0.14129909873,0.219694197178,0.0783950984478
0.722772240639,0.171717166901,0.150655329227,0.219612821937,0.0689574927092
0.732673287392,0.171717166901,0.15975536406,0.219522505999,0.0597671419382
0.74257427454,0.171717166901,0.168508261442,0.219422101974,0.0509138405323
0.752475261688,0.171717166901,0.17681671679,0.219310671091,0.0424939543009
0.762376248837,0.171717166901,0.184577539563,0.219187244773,0.0346097052097
0.772277235985,0.171717166901,0.191682860255,0.219051003456,0.0273681432009
0.782178223133,0.171717166901,0.198020711541,0.218900918961,0.0208802074194
0.792079210281,0.171717166901,0.203476443887,0.21873652935,0.0152600854635
0.80198019743,0.171717166901,0.20793518424,0.218557164073,0.0106219798326
0.811881184578,0.171717166901,0.211282342672,0.218362182379,0.00707983970642
0.821782171726,0.171717166901,0.213407114148,0.218151152134,0.0047440379858
0.831683158875,0.171717166901,0.214203998446,0.217923730612,0.00371973216534
0.841584146023,0.171717166901,0.213575825095,0.217679321766,0.00410349667072
0.851485133171,0.171717166901,0.211436167359,0.217417776585,0.00598160922527
0.861386120319,0.171717166901,0.207712695003,0.217139050364,0.00942635536194
0.871287107468,0.171717166901,0.202349290252,0.216842904687,0.0144936144352
0.881188154221,0.171717166901,0.195309445262,0.216528818011,0.0212193727493
0.891089081764,0.171717166901,0.186578184366,0.216197684407,0.029619500041
0.900990128517,0.171717166901,0.176164194942,0.215848356485,0.0396841615438
0.910891115665,0.171717166901,0.164102315903,0.215481445193,0.0513791292906
0.920792102814,0.171717166901,0.150453552604,0.215097308159,0.0646437555552
0.930693089962,0.171717166901,0.135306477547,0.214695543051,0.0793890655041
0.94059407711,0.171717166901,0.118776641786,0.214276447892,0.0954998061061
0.950495064259,0.171717166901,0.101005069911,0.213840723038,0.112835653126
0.960396051407,0.171717166901,0.0821576714516,0.213387668133,0.131229996681
0.970297038555,0.171717166901,0.0624214634299,0.212918281555,0.150496810675
0.980198025703,0.171717166901,0.0420017428696,0.212432324886,0.170430585742
0.990099012852,0.171717166901,0.0211179852486,0.21193048358,0.190812498331
0.00990098994225,0.181818187237,-0.0024512980599,0.239637076855,0.242088377476
0.0198019798845,0.181818187237,-0.00489913672209,0.239884003997,0.244783133268
0.0297029688954,0.181818187237,-0.00734004611149,0.240091517568,0.247431561351
0.039603959769,0.181818187237,-0.00977053679526,0.24025849998,0.250029027462
0.0495049506426,0.181818187237,-0.0121871028095,0.240384891629,0.252572000027
0.0594059377909,0.181818187237,-0.0145861860365,0.240470007062,0.255056202412
0.0693069323897,0.181818187237,-0.0169641952962,0.240513697267,0.257477879524
0.079207919538,0.181818187237,-0.0193174872547,0.240515530109,0.259833008051
0.0891089066863,0.181818187237,-0.0216423291713,0.2404756248,0.262117952108
0.0990099012852,0.181818187237,-0.0239349696785,0.240394026041,0.264328986406
0.108910888433,0.181818187237,-0.0261915083975,0.240271449089,0.266462951899
0.118811875582,0.181818187237,-0.0284080058336,0.240108221769,0.268516242504
0.12871286273,0.181818187237,-0.0305803958327,0.239905044436,0.270485430956
0.138613864779,0.181818187237,-0.0327045060694,0.239662885666,0.27236738801
0.148514851928,0.181818187237,-0.0347760505974,0.23938280344,0.274158865213
0.158415839076,0.181818187237,-0.036790613085,0.239066064358,0.275856673717
0.168316826224,0.181818187237,-0.0387436151505,0.238714277744,0.277457892895
0.178217813373,0.181818187237,-0.0406303480268,0.238329008222,0.278959363699
0.188118815422,0.181818187237,-0.0424459651113,0.237912088633,0.280358046293
0.19801980257,0.181818187237,-0.0441854223609,0.237465500832,0.281650930643
0.207920789719,0.181818187237,-0.0458434633911,0.2369915694,0.282835036516
0.217821776867,0.181818187237,-0.0474147386849,0.236492469907,0.283907204866
0.227722764015,0.181818187237,-0.0488935820758,0.235970661044,0.284864246845
0.237623751163,0.181818187237,-0.0502742193639,0.235428497195,0.285702705383
0.247524753213,0.181818187237,-0.051550578326,0.234868690372,0.286419272423
0.25742572546,0.181818187237,-0.0527164340019,0.23429402709,0.287010461092
0.267326742411,0.181818187237,-0.0537652783096,0.233707085252,0.287472367287
0.277227729559,0.181818187237,-0.0546903871,0.233110785484,0.28780117631
0.287128716707,0.181818187237,-0.055484790355,0.232507735491,0.287992537022
0.297029703856,0.181818187237,-0.056141205132,0.231900751591,0.288041949272
0.306930691004,0.181818187237,-0.0566521659493,0.231292635202,0.287944793701
0.316831678152,0.181818187237,-0.0570098869503,0.230686128139,0.287696003914
0.3267326653,0.181818187237,-0.0572064109147,0.230083540082,0.287289947271
0.336633652449,0.181818187237,-0.0572333671153,0.229487478733,0.286720842123
0.346534639597,0.181818187237,-0.0570822693408,0.228900328279,0.285982608795
0.356435626745,0.181818187237,-0.0567442961037,0.228324279189,0.285068571568
0.366336613894,0.181818187237,-0.0562104135752,0.22776144743,0.283971846104
0.376237630844,0.181818187237,-0.0554712638259,0.227213710546,0.282684981823
0.386138617992,0.181818187237,-0.0545174665749,0.226682782173,0.281200259924
0.396039605141,0.181818187237,-0.0533392243087,0.226170420647,0.27950963378
0.405940592289,0.181818187237,-0.0519266985357,0.225677847862,0.277604550123
0.415841579437,0.181818187237,-0.0502698980272,0.225206077099,0.275475978851
0.425742566586,0.181818187237,-0.0483586937189,0.224756151438,0.273114860058
0.435643553734,0.181818187237,-0.0461829043925,0.22432911396,0.270512014627
0.445544540882,0.181818187237,-0.0437324233353,0.22392514348,0.267657577991
0.45544552803,0.181818187237,-0.0409970954061,0.223544687033,0.264541774988
0.465346515179,0.181818187237,-0.0379670597613,0.223188146949,0.261155217886
0.475247502327,0.181818187237,-0.0346325598657,0.222855180502,0.257487744093
0.485148519278,0.181818187237,-0.0309843048453,0.222545742989,0.253530055285
0.495049506426,0.181818187237,-0.0270133242011,0.222259506583,0.249272823334
0.504950523376,0.181818187237,-0.0227113571018,0.221995726228,0.244707077742
0.51485145092,0.181818187237,-0.018070910126,0.221753820777,0.239824727178
0.524752497673,0.181818187237,-0.0130852358416,0.221532925963,0.234618157148
0.534653484821,0.181818187237,-0.00774890882894,0.221332117915,0.229081019759
0.54455447197,0.181818187237,-0.00205774628557,0.221150204539,0.223207950592
0.554455459118,0.181818187237,0.00399093795568,0.220986008644,0.216995075345
0.564356446266,0.181818187237,0.0103978216648,0.220838263631,0.210440441966
0.574257433414,0.181818187237,0.0171617045999,0.220705598593,0.203543901443
0.584158420563,0.181818187237,0.0242787376046,0.220586508512,0.196307778358
0.594059407711,0.181818187237,0.031742438674,0.220479562879,0.188737124205
0.603960394859,0.181818187237,0.039543159306,0.220383107662,0.180839955807
0.613861382008,0.181818187237,0.0476677827537,0.220295786858,0.172628000379
0.623762369156,0.181818187237,0.0560991838574,0.220215901732,0.164116710424
0.633663415909,0.181818187237,0.0648161023855,0.220141679049,0.155325576663
0.643564343452,0.181818187237,0.0737922042608,0.220071926713,0.146279722452
0.653465390205,0.181818187237,0.0829965174198,0.220004796982,0.137008279562
0.663366317749,0.181818187237,0.0923918262124,0.219938918948,0.127547085285
0.673267364502,0.181818187237,0.101935572922,0.219872653484,0.117937080562
0.683168292046,0.181818187237,0.111578255892,0.219804599881,0.108226343989
0.693069338799,0.181818187237,0.121264077723,0.219733342528,0.0984692648053
0.702970266342,0.181818187237,0.130929991603,0.21965752542,0.0887275338173
0.712871313095,0.181818187237,0.140506252646,0.21957577765,0.0790695250034
0.722772240639,0.181818187237,0.149915367365,0.219487026334,0.0695716589689
0.732673287392,0.181818187237,0.159073203802,0.219389870763,0.0603166669607
0.74257427454,0.181818187237,0.167888402939,0.219283476472,0.0513950735331
0.752475261688,0.181818187237,0.176263302565,0.219166606665,0.0429033041
0.762376248837,0.181818187237,0.184093996882,0.219038411975,0.0349444150925
0.772277235985,0.181818187237,0.191271990538,0.21889808774,0.0276260972023
0.782178223133,0.181818187237,0.197684586048,0.218744635582,0.0210600495338
0.792079210281,0.181818187237,0.203216135502,0.218577757478,0.0153616219759
0.80198019743,0.181818187237,0.20775090158,0.218396306038,0.010645404458
0.811881184578,0.181818187237,0.211173012853,0.218199908733,0.0070268958807
0.821782171726,0.181818187237,0.21337069571,0.21798825264,0.00461755692959
0.831683158875,0.181818187237,0.214237138629,0.217760533094,0.00352339446545
0.841584146023,0.181818187237,0.213674113154,0.217516809702,0.00384269654751
0.851485133171,0.181818187237,0.211593866348,0.217256531119,0.00566266477108
0.861386120319,0.181818187237,0.207922965288,0.216979563236,0.00905659794807
0.871287107468,0.181818187237,0.202604323626,0.216685593128,0.0140812695026
0.881188154221,0.181818187237,0.195600420237,0.216374650598,0.020774230361
0.891089081764,0.181818187237,0.186895504594,0.216046541929,0.0291510373354
0.900990128517,0.181818187237,0.176497787237,0.215701475739,0.0392036885023
0.910891115665,0.181818187237,0.164441779256,0.215339258313,0.0508974790573
0.920792102814,0.181818187237,0.150788336992,0.214959904552,0.0641715675592
0.930693089962,0.181818187237,0.135626301169,0.214563563466,0.0789372622967
0.94059407711,0.181818187237,0.119071684778,0.214150547981,0.0950788632035
0.950495064259,0.181818187237,0.101266250014,0.213720872998,0.112454622984
0.960396051407,0.181818187237,0.0823769792914,0.213274493814,0.130897521973
0.970297038555,0.181818187237,0.0625921487808,0.212812066078,0.150219917297
0.980198025703,0.181818187237,0.0421185418963,0.212333664298,0.170215129852
0.990099012852,0.181818187237,0.0211772993207,0.211839392781,0.19066208601
0.00990098994225,0.191919192672,-0.00245630717836,0.239416480064,0.241872787476
0.0198019798845,0.191919192672,-0.00490919034928,0.239686578512,0.244595766068
0.0297029688954,0.191919192672,-0.00735521269962,0.239917904139,0.247273117304
0.039603959769,0.191919192672,-0.00979092251509,0.240109890699,0.249900817871
0.0495049506426,0.191919192672,-0.0122128445655,0.240261688828,0.252474546432
0.0594059377909,0.191919192672,-0.0146174561232,0.240372747183,0.254990190268
0.0693069323897,0.191919192672,-0.0170012041926,0.240442797542,0.257443994284
0.079207919538,0.191919192672,-0.0193604771048,0.240471497178,0.25983196497
0.0891089066863,0.191919192672,-0.0216915719211,0.240458592772,0.262150168419
0.0990099012852,0.191919192672,-0.0239907745272,0.240404337645,0.26439511776
0.108910888433,0.191919192672,-0.0262542236596,0.240308955312,0.266563177109
0.118811875582,0.191919192672,-0.0284780133516,0.24017265439,0.26865068078
0.12871286273,0.191919192672,-0.0306580942124,0.239996165037,0.270654261112
0.138613864779,0.191919192672,-0.0327903479338,0.239780545235,0.27257090807
0.148514851928,0.191919192672,-0.0348704941571,0.239526346326,0.274396836758
0.158415839076,0.191919192672,-0.0368941798806,0.239234879613,0.276129066944
0.168316826224,0.191919192672,-0.0388568341732,0.238907292485,0.27776414156
0.178217813373,0.191919192672,-0.0407537892461,0.238545671105,0.279299467802
0.188118815422,0.191919192672,-0.0425802208483,0.238151267171,0.280731499195
0.19801980257,0.191919192672,-0.0443311184645,0.237726032734,0.2820571661
0.207920789719,0.191919192672,-0.0460012480617,0.237272009254,0.283273249865
0.217821776867,0.191919192672,-0.0475852824748,0.236791625619,0.28437691927
0.227722764015,0.191919192672,-0.0490775853395,0.236286714673,0.285364300013
0.237623751163,0.191919192672,-0.0504724122584,0.23576028645,0.286232709885
0.247524753213,0.191919192672,-0.051763702184,0.235214367509,0.286978065968
0.25742572546,0.191919192672,-0.0529452487826,0.234651982784,0.287597239017
0.267326742411,0.191919192672,-0.0540105476975,0.234075725079,0.288086265326
0.277227729559,0.191919192672,-0.0549529157579,0.233488172293,0.288441091776
0.287128716707,0.191919192672,-0.0557653866708,0.232892155647,0.288657546043
0.297029703856,0.191919192672,-0.0564406625926,0.232290446758,0.288731098175
0.306930691004,0.191919192672,-0.0569712966681,0.231685727835,0.288657009602
0.316831678152,0.191919192672,-0.0573495030403,0.231080695987,0.288430213928
0.3267326653,0.191919192672,-0.0575673170388,0.230478182435,0.288045495749
0.336633652449,0.191919192672,-0.0576163604856,0.229880362749,0.287496715784
0.346534639597,0.191919192672,-0.0574881099164,0.229289695621,0.286777794361
0.356435626745,0.191919192672,-0.0571737736464,0.228708744049,0.285882532597
0.366336613894,0.191919192672,-0.0566642284393,0.228139430285,0.284803658724
0.376237630844,0.191919192672,-0.0559501387179,0.227583661675,0.283533811569
0.386138617992,0.191919192672,-0.0550220310688,0.227043494582,0.28206551075
0.396039605141,0.191919192672,-0.0538700856268,0.226520434022,0.280390530825
0.405940592289,0.191919192672,-0.0524844005704,0.226016208529,0.27850061655
0.415841579437,0.191919192672,-0.0508549250662,0.225531578064,0.276386499405
0.425742566586,0.191919192672,-0.0489714071155,0.225068151951,0.274039566517
0.435643553734,0.191919192672,-0.0468236319721,0.224626377225,0.271450012922
0.445544540882,0.191919192672,-0.0444013662636,0.224207043648,0.268608421087
0.45544552803,0.191919192672,-0.0416943356395,0.223810732365,0.265505075455
0.465346515179,0.191919192672,-0.0386925600469,0.223437547684,0.262130111456
0.475247502327,0.191919192672,-0.0353861413896,0.223087564111,0.258473694324
0.485148519278,0.191919192672,-0.0317656174302,0.222760751843,0.254526376724
0.495049506426,0.191919192672,-0.0278218705207,0.222456768155,0.250278651714
0.504950523376,0.191919192672,-0.0235464479774,0.222175225616,0.245721668005
0.51485145092,0.191919192672,-0.0189316701144,0.221915379167,0.240847051144
0.524752497673,0.191919192672,-0.0139705631882,0.221676439047,0.235647007823
0.534653484821,0.191919192672,-0.00865747127682,0.221457794309,0.230115264654
0.54455447197,0.191919192672,-0.00298798177391,0.221258029342,0.224246010184
0.554455459118,0.191919192672,0.00304085249081,0.221076339483,0.218035489321
0.564356446266,0.191919192672,0.00942998379469,0.220911100507,0.211481124163
0.574257433414,0.191919192672,0.0161784756929,0.220761418343,0.204582944512
0.584158420563,0.191919192672,0.0232827663422,0.220625564456,0.197342798114
0.594059407711,0.191919192672,0.0307366773486,0.22050216794,0.189765483141
0.603960394859,0.191919192672,0.0385308489203,0.220390066504,0.181859225035
0.613861382008,0.191919192672,0.0466524548829,0.220287367702,0.173634916544
0.623762369156,0.191919192672,0.0550846680999,0.220192492008,0.165107816458
0.633663415909,0.191919192672,0.0638064965606,0.220104128122,0.156297624111
0.643564343452,0.191919192672,0.0727918744087,0.220020636916,0.147228762507
0.653465390205,0.191919192672,0.0820100829005,0.219940498471,0.137930423021
0.663366317749,0.191919192672,0.0914240926504,0.219862222672,0.128438130021
0.673267364502,0.191919192672,0.100991554558,0.219784200191,0.118792645633
0.683168292046,0.191919192672,0.110663093626,0.219705075026,0.109041981399
0.693069338799,0.191919192672,0.120382942259,0.219623476267,0.0992405340075
0.702970266342,0.191919192672,0.130088105798,0.219537824392,0.0894497185946
0.712871313095,0.191919192672,0.139708787203,0.219447165728,0.0797383785248
0.722772240639,0.191919192672,0.149167343974,0.219350203872,0.0701828598976
0.732673287392,0.191919192672,0.158379405737,0.21924559772,0.0608661919832
0.74257427454,0.191919192672,0.16725333035,0.219132393599,0.0518790632486
0.752475261688,0.191919192672,0.175690919161,0.219009533525,0.0433186143637
0.762376248837,0.191919192672,0.183587834239,0.218876197934,0.0352883636951
0.772277235985,0.191919192672,0.190834924579,0.218731164932,0.0278962403536
0.782178223133,0.191919192672,0.197318762541,0.218574136496,0.0212553739548
0.792079210281,0.191919192672,0.202922776341,0.218403816223,0.0154810398817
0.80198019743,0.191919192672,0.207530245185,0.218220040202,0.0106897950172
0.811881184578,0.191919192672,0.211024463177,0.218022048473,0.00699758529663
0.821782171726,0.191919192672,0.21329241991,0.217809349298,0.00451692938805
0.831683158875,0.191919192672,0.214226216078,0.21758146584,0.00335524976254
0.841584146023,0.191919192672,0.213726431131,0.21733802557,0.00361159443855
0.851485133171,0.191919192672,0.21170425415,0.217078790069,0.00537453591824
0.861386120319,0.191919192672,0.208085134625,0.216803520918,0.00871838629246
0.871287107468,0.191919192672,0.202810958028,0.216511800885,0.0137008428574
0.881188154221,0.191919192672,0.195843309164,0.216203615069,0.0203603059053
0.891089081764,0.191919192672,0.187165781856,0.215879097581,0.0287133157253
0.900990128517,0.191919192672,0.176785960793,0.215537831187,0.0387518703938
0.910891115665,0.191919192672,0.164738044143,0.215180113912,0.0504420697689
0.920792102814,0.191919192672,0.151082828641,0.214805811644,0.0637229830027
0.930693089962,0.191919192672,0.135909304023,0.214415192604,0.0785058885813
0.94059407711,0.191919192672,0.119333945215,0.214008033276,0.0946740880609
0.950495064259,0.191919192672,0.101499266922,0.213584840298,0.112085573375
0.960396051407,0.191919192672,0.0825731679797,0.213145434856,0.130572259426
0.970297038555,0.191919192672,0.0627451464534,0.212690189481,0.149945050478
0.980198025703,0.191919192672,0.0422233827412,0.2122194767,0.169996097684
0.990099012852,0.191919192672,0.0212305840105,0.211733102798,0.190502524376
0.00990098994225,0.202020198107,-0.00246067321859,0.239210039377,0.241670712829
0.0198019798845,0.202020198107,-0.00491795735434,0.239502757788,0.244420722127
0.0297029688954,0.202020198107,-0.00736844865605,0.239757791162,0.247126236558
0.039603959769,0.202020198107,-0.00980873033404,0.239974081516,0.249782815576
0.0495049506426,0.202020198107,-0.0122353620827,0.240151047707,0.252386420965
0.0594059377909,0.202020198107,-0.0146448584273,0.240287914872,0.254932761192
0.0693069323897,0.202020198107,-0.0170336924493,0.240384116769,0.257417798042
0.079207919538,0.202020198107,-0.0193982888013,0.240439340472,0.259837627411
0.0891089066863,0.202020198107,-0.0217349901795,0.240453496575,0.262188494205
0.0990099012852,0.202020198107,-0.024040101096,0.240426272154,0.264466375113
0.108910888433,0.202020198107,-0.026309793815,0.240358278155,0.266668081284
0.118811875582,0.202020198107,-0.0285402014852,0.240249112248,0.268789321184
0.12871286273,0.202020198107,-0.0307273156941,0.240099698305,0.270827025175
0.138613864779,0.202020198107,-0.032867025584,0.239910647273,0.272777676582
0.148514851928,0.202020198107,-0.0349551178515,0.239682421088,0.274637550116
0.158415839076,0.202020198107,-0.036987233907,0.239416584373,0.276403814554
0.168316826224,0.202020198107,-0.0389588661492,0.239114060998,0.278072923422
0.178217813373,0.202020198107,-0.0408653505147,0.238776251674,0.279641598463
0.188118815422,0.202020198107,-0.0427019074559,0.238404750824,0.281106650829
0.19801980257,0.202020198107,-0.0444635488093,0.238001421094,0.282464981079
0.207920789719,0.202020198107,-0.0461450628936,0.237568125129,0.283713191748
0.217821776867,0.202020198107,-0.0477411709726,0.237106785178,0.284847944975
0.227722764015,0.202020198107,-0.0492462404072,0.236619874835,0.285866111517
0.237623751163,0.202020198107,-0.0506545379758,0.236109599471,0.286764144897
0.247524753213,0.202020198107,-0.0519600436091,0.235578373075,0.287538409233
0.25742572546,0.202020198107,-0.0531565919518,0.23502895236,0.288185536861
0.267326742411,0.202020198107,-0.0542376562953,0.234463810921,0.288701474667
0.277227729559,0.202020198107,-0.0551965720952,0.233885675669,0.28908225894
0.287128716707,0.202020198107,-0.0560263879597,0.23329718411,0.289323568344
0.297029703856,0.202020198107,-0.056719828397,0.232701212168,0.289421051741
0.306930691004,0.202020198107,-0.0572694465518,0.232100486755,0.289369940758
0.316831678152,0.202020198107,-0.0576674491167,0.231497555971,0.289165019989
0.3267326653,0.202020198107,-0.0579058676958,0.23089517653,0.288801044226
0.336633652449,0.202020198107,-0.0579763352871,0.230295807123,0.28827214241
0.346534639597,0.202020198107,-0.0578702948987,0.229702085257,0.287572383881
0.356435626745,0.202020198107,-0.0575789399445,0.229116022587,0.286694973707
0.366336613894,0.202020198107,-0.0570931211114,0.228540182114,0.285633295774
0.376237630844,0.202020198107,-0.0564034692943,0.227976486087,0.284379959106
0.386138617992,0.202020198107,-0.0555004738271,0.227426812053,0.282927274704
0.396039605141,0.202020198107,-0.0543742775917,0.226892992854,0.281267285347
0.405940592289,0.202020198107,-0.0530149191618,0.226376637816,0.279391556978
0.415841579437,0.202020198107,-0.0514122620225,0.225878894329,0.277291148901
0.425742566586,0.202020198107,-0.0495560057461,0.225401043892,0.274957060814
0.435643553734,0.202020198107,-0.0474358350039,0.224944189191,0.272380024195
0.445544540882,0.202020198107,-0.0450414158404,0.224508851767,0.269550263882
0.45544552803,0.202020198107,-0.0423623882234,0.224095731974,0.266458123922
0.465346515179,0.202020198107,-0.0393886342645,0.223705127835,0.26309376955
0.475247502327,0.202020198107,-0.0361101105809,0.223337218165,0.259447336197
0.485148519278,0.202020198107,-0.0325172245502,0.222992047668,0.255509257317
0.495049506426,0.202020198107,-0.0286006946117,0.222669318318,0.251270025969
0.504950523376,0.202020198107,-0.0243518911302,0.222368836403,0.246720731258
0.51485145092,0.202020198107,-0.0197629276663,0.222089901567,0.241852834821
0.524752497673,0.202020198107,-0.0148266507313,0.221831917763,0.236658573151
0.534653484821,0.202020198107,-0.00953717343509,0.221593990922,0.23113116622
0.54455447197,0.202020198107,-0.00388985127211,0.221375316381,0.225265175104
0.554455459118,0.202020198107,0.00211851857603,0.221174702048,0.21905618906
0.564356446266,0.202020198107,0.0084891365841,0.220990866423,0.212501734495
0.574257433414,0.202020198107,0.0152213387191,0.220822766423,0.205601423979
0.584158420563,0.202020198107,0.0223118439317,0.220669075847,0.198357224464
0.594059407711,0.202020198107,0.0297547597438,0.220528259873,0.190773501992
0.603960394859,0.202020198107,0.0375410094857,0.220398962498,0.182857960463
0.613861382008,0.202020198107,0.0456580556929,0.220279589295,0.174621537328
0.623762369156,0.202020198107,0.0540893599391,0.220168843865,0.166079491377
0.633663415909,0.202020198107,0.0628141984344,0.220065057278,0.157250851393
0.643564343452,0.202020198107,0.0718067735434,0.21996691823,0.148160144687
0.653465390205,0.202020198107,0.0810366049409,0.219872459769,0.138835847378
0.663366317749,0.202020198107,0.0904668942094,0.219780772924,0.129313886166
0.673267364502,0.202020198107,0.100055426359,0.219689965248,0.119634538889
0.683168292046,0.202020198107,0.109752982855,0.219598770142,0.109845787287
0.693069338799,0.202020198107,0.11950392276,0.219505801797,0.100001879036
0.702970266342,0.202020198107,0.129245206714,0.2194095999,0.0901643931866
0.712871313095,0.202020198107,0.138907045126,0.219309389591,0.0804023444653
0.722772240639,0.202020198107,0.148411676288,0.219203338027,0.0707916617393
0.732673287392,0.202020198107,0.157674491405,0.219090536237,0.0614160448313
0.74257427454,0.202020198107,0.166603550315,0.218969777226,0.0523662269115
0.752475261688,0.202020198107,0.175100311637,0.218840330839,0.0437400192022
0.762376248837,0.202020198107,0.1830599159,0.218700945377,0.0356410294771
0.772277235985,0.202020198107,0.19037258625,0.2185510993,0.0281785130501
0.782178223133,0.202020198107,0.196924135089,0.218389481306,0.0214653462172
0.792079210281,0.202020198107,0.202597334981,0.218215927482,0.0156185925007
0.80198019743,0.202020198107,0.207274526358,0.218029439449,0.0107549130917
0.811881184578,0.202020198107,0.210837945342,0.217829316854,0.00699137151241
0.821782171726,0.202020198107,0.213173642755,0.217615425587,0.00444178283215
0.831683158875,0.202020198107,0.214172556996,0.217386856675,0.0032142996788
0.841584146023,0.202020198107,0.213734284043,0.217143639922,0.00340935587883
0.851485133171,0.202020198107,0.211768820882,0.216885074973,0.00511625409126
0.861386120319,0.202020198107,0.208200663328,0.216611325741,0.00841066241264
0.871287107468,0.202020198107,0.202970668674,0.216321751475,0.0133510828018
0.881188154221,0.202020198107,0.196039631963,0.216016486287,0.0199768543243
0.891089081764,0.202020198107,0.187390372157,0.215695261955,0.0283048897982
0.900990128517,0.202020198107,0.17702999711,0.215358227491,0.038328230381
0.910891115665,0.202020198107,0.164992332458,0.215004891157,0.0500125586987
0.920792102814,0.202020198107,0.151338160038,0.214635774493,0.0632976144552
0.930693089962,0.202020198107,0.136156544089,0.214250892401,0.0780943483114
0.94059407711,0.202020198107,0.119564406574,0.213849827647,0.0942854210734
0.950495064259,0.202020198107,0.101704925299,0.213433086872,0.111728161573
0.960396051407,0.202020198107,0.0827469080687,0.213000908494,0.130254000425
0.970297038555,0.202020198107,0.0628809630871,0.212553039193,0.149672076106
0.980198025703,0.202020198107,0.0423166044056,0.212090164423,0.169773563743
0.990099012852,0.202020198107,0.021278006956,0.211612001061,0.190333992243
0.00990098994225,0.212121218443,-0.00246441480704,0.239017948508,0.241482362151
0.0198019798845,0.212121218443,-0.00492547266185,0.239332914352,0.244258388877
0.0297029688954,0.212121218443,-0.00737980706617,0.239611178637,0.246990978718
0.039603959769,0.212121218443,-0.00982403382659,0.239851504564,0.249675542116
0.0495049506426,0.212121218443,-0.0122547494248,0.240053221583,0.252307981253
0.0594059377909,0.212121218443,-0.0146684926003,0.240215480328,0.254883974791
0.0693069323897,0.212121218443,-0.0170617848635,0.240337744355,0.257399529219
0.079207919538,0.212121218443,-0.0194310732186,0.240419700742,0.259850770235
0.0891089066863,0.212121218443,-0.0217727348208,0.240460500121,0.262233227491
0.0990099012852,0.212121218443,-0.0240831132978,0.240460574627,0.264543682337
0.108910888433,0.212121218443,-0.0263584125787,0.240419626236,0.266778051853
0.118811875582,0.212121218443,-0.0285947956145,0.240337863564,0.268932670355
0.12871286273,0.212121218443,-0.0307882875204,0.240215480328,0.271003782749
0.138613864779,0.212121218443,-0.0329348184168,0.24005331099,0.272988140583
0.148514851928,0.212121218443,-0.035030182451,0.239851698279,0.274881869555
0.158415839076,0.212121218443,-0.0370700769126,0.239611595869,0.276681661606
0.168316826224,0.212121218443,-0.0390500165522,0.239334240556,0.278384268284
0.178217813373,0.212121218443,-0.0409653633833,0.239021033049,0.279986381531
0.188118815422,0.212121218443,-0.0428113788366,0.238672912121,0.281484305859
0.19801980257,0.212121218443,-0.0445830859244,0.238291889429,0.282874971628
0.207920789719,0.212121218443,-0.0462753251195,0.237879708409,0.284155040979
0.217821776867,0.212121218443,-0.0478828065097,0.237438410521,0.285321205854
0.227722764015,0.212121218443,-0.0493999496102,0.236969783902,0.286369740963
0.237623751163,0.212121218443,-0.0508210584521,0.236476510763,0.287297576666
0.247524753213,0.212121218443,-0.0521400980651,0.235960617661,0.288100719452
0.25742572546,0.212121218443,-0.0533509254456,0.235424816608,0.288775742054
0.267326742411,0.212121218443,-0.0544470660388,0.23487149179,0.289318561554
0.277227729559,0.212121218443,-0.0554218515754,0.234303310513,0.289725154638
0.287128716707,0.212121218443,-0.0562683343887,0.233723044395,0.289991378784
0.297029703856,0.212121218443,-0.0569792538881,0.233133420348,0.290112674236
0.306930691004,0.212121218443,-0.0575471818447,0.232537001371,0.290084183216
0.316831678152,0.212121218443,-0.0579643063247,0.231936633587,0.289900928736
0.3267326653,0.212121218443,-0.0582226775587,0.231334909797,0.28955757618
0.336633652449,0.212121218443,-0.0583139099181,0.230734273791,0.289048194885
0.346534639597,0.212121218443,-0.0582294426858,0.230137452483,0.288366883993
0.356435626745,0.212121218443,-0.0579604282975,0.22954672575,0.287507146597
0.366336613894,0.212121218443,-0.0574977137148,0.228964492679,0.286462217569
0.376237630844,0.212121218443,-0.0568319149315,0.228392750025,0.285224676132
0.386138617992,0.212121218443,-0.0559534840286,0.227833583951,0.283787071705
0.396039605141,0.212121218443,-0.0548524782062,0.227288737893,0.282141208649
0.405940592289,0.212121218443,-0.0535189248621,0.226759955287,0.280278891325
0.415841579437,0.212121218443,-0.0519426204264,0.226248636842,0.278191268444
0.425742566586,0.212121218443,-0.0501131862402,0.225756049156,0.275869250298
0.435643553734,0.212121218443,-0.0480202287436,0.225283309817,0.273303538561
0.445544540882,0.212121218443,-0.0456533059478,0.22483125329,0.270484566689
0.45544552803,0.212121218443,-0.0430019721389,0.224400594831,0.267402559519
0.465346515179,0.212121218443,-0.0400559902191,0.22399173677,0.26404774189
0.475247502327,0.212121218443,-0.0368051975965,0.223605006933,0.260410189629
0.485148519278,0.212121218443,-0.0332398563623,0.223240539432,0.256480395794
0.495049506426,0.212121218443,-0.0293505135924,0.222898110747,0.252248615026
0.504950523376,0.212121218443,-0.0251283850521,0.222577705979,0.247706085443
0.51485145092,0.212121218443,-0.0205653980374,0.222278609872,0.24284401536
0.524752497673,0.212121218443,-0.0156542081386,0.222000271082,0.237654477358
0.534653484821,0.212121218443,-0.0103886937723,0.221742004156,0.232130691409
0.54455447197,0.212121218443,-0.00476400647312,0.221503138542,0.226267144084
0.554455459118,0.212121218443,0.00122329161968,0.221282407641,0.220059111714
0.564356446266,0.212121218443,0.00757466675714,0.221078768373,0.213504105806
0.574257433414,0.212121218443,0.0142897199839,0.220891147852,0.206601426005
0.584158420563,0.212121218443,0.0213654264808,0.220718249679,0.199352830648
0.594059407711,0.212121218443,0.0287961699069,0.220558583736,0.191762417555
0.603960394859,0.212121218443,0.036573164165,0.220411077142,0.183837920427
0.613861382008,0.212121218443,0.0446841605008,0.220273926854,0.175589770079
0.623762369156,0.212121218443,0.0531128793955,0.22014605999,0.167033180594
0.633663415909,0.212121218443,0.0618388950825,0.220025673509,0.158186778426
0.643564343452,0.212121218443,0.0708366408944,0.219911456108,0.149074822664
0.653465390205,0.212121218443,0.0800758898258,0.219801932573,0.139726042747
0.663366317749,0.212121218443,0.0895200520754,0.219695523381,0.130175471306
0.673267364502,0.212121218443,0.0991271212697,0.219590991735,0.120463870466
0.683168292046,0.212121218443,0.108847983181,0.219486728311,0.110638745129
0.693069338799,0.212121218443,0.118627101183,0.219381585717,0.100754484534
0.702970266342,0.212121218443,0.128401488066,0.219274133444,0.0908726453781
0.712871313095,0.212121218443,0.138101309538,0.219163149595,0.0810618400574
0.722772240639,0.212121218443,0.147648721933,0.219047158957,0.0713984370232
0.732673287392,0.212121218443,0.156958907843,0.21892541647,0.0619665086269
0.74257427454,0.212121218443,0.165939688683,0.218796670437,0.0528569817543
0.752475261688,0.212121218443,0.174492150545,0.218659818172,0.0441676676273
0.762376248837,0.212121218443,0.182510912418,0.218514099717,0.0360031872988
0.772277235985,0.212121218443,0.189885720611,0.218358427286,0.0284727066755
0.782178223133,0.212121218443,0.196501716971,0.218192115426,0.0216903984547
0.792079210281,0.212121218443,0.202240899205,0.21801443398,0.0157735347748
0.80198019743,0.212121218443,0.206984728575,0.217824757099,0.0108400285244
0.811881184578,0.212121218443,0.210614576936,0.217622309923,0.0070077329874
0.821782171726,0.212121218443,0.213015496731,0.217406719923,0.00439122319221
0.831683158875,0.212121218443,0.214077427983,0.217177271843,0.00309984385967
0.841584146023,0.212121218443,0.213698893785,0.216933995485,0.00323510169983
0.851485133171,0.212121218443,0.211788877845,0.216676205397,0.00488732755184
0.861386120319,0.212121218443,0.208270847797,0.216403901577,0.0081330537796
0.871287107468,0.212121218443,0.203084826469,0.216116502881,0.0130316764116
0.881188154221,0.212121218443,0.196190625429,0.2158138901,0.0196232646704
0.891089081764,0.212121218443,0.187570556998,0.215496093035,0.0279255360365
0.900990128517,0.212121218443,0.177231118083,0.215162813663,0.0379316955805
0.910891115665,0.212121218443,0.165205881,0.214814275503,0.0496083945036
0.920792102814,0.212121218443,0.151555404067,0.214450180531,0.0628947764635
0.930693089962,0.212121218443,0.136369034648,0.214070916176,0.0777018815279
0.94059407711,0.212121218443,0.119763940573,0.213676124811,0.0939121842384
0.950495064259,0.212121218443,0.101883992553,0.213266298175,0.111382305622
0.960396051407,0.212121218443,0.0828988179564,0.212841108441,0.129942297935
0.970297038555,0.212121218443,0.0630000755191,0.212400987744,0.149400919676
0.980198025703,0.212121218443,0.0423985347152,0.211946025491,0.169547498226
0.990099012852,0.212121218443,0.0213197413832,0.211476370692,0.190156623721
0.00990098994225,0.222222223878,-0.00246754917316,0.238840609789,0.241308152676
0.0198019798845,0.222222223878,-0.00493177538738,0.23917734623,0.244109123945
0.0297029688954,0.222222223878,-0.0073893466033,0.239478319883,0.246867671609
0.039603959769,0.222222223878,-0.00983690936118,0.239742293954,0.249579206109
0.0495049506426,0.222222223878,-0.0122710950673,0.239968523383,0.252239614725
0.0594059377909,0.222222223878,-0.0146884806454,0.240155830979,0.254844307899
0.0693069323897,0.222222223878,-0.0170856099576,0.240304127336,0.257389724255
0.079207919538,0.222222223878,-0.0194589775056,0.24041223526,0.259871214628
0.0891089066863,0.222222223878,-0.021804984659,0.240479961038,0.262284934521
0.0990099012852,0.222222223878,-0.0241200085729,0.240506872535,0.264626890421
0.108910888433,0.222222223878,-0.0264002867043,0.240493401885,0.266893684864
0.118811875582,0.222222223878,-0.0286420192569,0.240438818932,0.269080847502
0.12871286273,0.222222223878,-0.0308412574232,0.240343719721,0.271184980869
0.138613864779,0.222222223878,-0.0329939648509,0.240208432078,0.273202389479
0.148514851928,0.222222223878,-0.0350959710777,0.240033507347,0.275129467249
0.158415839076,0.222222223878,-0.0371430031955,0.239819720387,0.276962727308
0.168316826224,0.222222223878,-0.0391306020319,0.23956809938,0.278698712587
0.178217813373,0.222222223878,-0.041054174304,0.23927949369,0.280333667994
0.188118815422,0.222222223878,-0.0429089777172,0.238955482841,0.281864464283
0.19801980257,0.222222223878,-0.0446901097894,0.238597467542,0.283287584782
0.207920789719,0.222222223878,-0.0463923960924,0.238207086921,0.284599483013
0.217821776867,0.222222223878,-0.0480106025934,0.237786158919,0.285796761513
0.227722764015,0.222222223878,-0.0495391637087,0.237336739898,0.286875903606
0.237623751163,0.222222223878,-0.0509723909199,0.236860975623,0.287833362818
0.247524753213,0.222222223878,-0.0523043088615,0.23636110127,0.288665413857
0.25742572546,0.222222223878,-0.0535287596285,0.235839620233,0.289368391037
0.267326742411,0.222222223878,-0.0546392947435,0.235298797488,0.289938092232
0.277227729559,0.222222223878,-0.0556292794645,0.234741225839,0.290370494127
0.287128716707,0.222222223878,-0.0564917586744,0.23416981101,0.29066157341
0.297029703856,0.222222223878,-0.0572195127606,0.233587086201,0.290806591511
0.306930691004,0.222222223878,-0.0578050762415,0.232995584607,0.290800660849
0.316831678152,0.222222223878,-0.0582406781614,0.232398346066,0.290639013052
0.3267326653,0.222222223878,-0.0585183463991,0.231797561049,0.290315896273
0.336633652449,0.222222223878,-0.0586296953261,0.231196194887,0.289825886488
0.346534639597,0.222222223878,-0.0585661642253,0.230596661568,0.289162814617
0.356435626745,0.222222223878,-0.0583188906312,0.230001360178,0.288320243359
0.366336613894,0.222222223878,-0.0578787103295,0.22941274941,0.28729146719
0.376237630844,0.222222223878,-0.0572361759841,0.228832989931,0.286069154739
0.386138617992,0.222222223878,-0.0563817322254,0.228264227509,0.284645974636
0.396039605141,0.222222223878,-0.0553054027259,0.227708160877,0.283013552427
0.405940592289,0.222222223878,-0.0539971441031,0.227166801691,0.281163930893
0.415841579437,0.222222223878,-0.0524467267096,0.22664141655,0.279088139534
0.425742566586,0.222222223878,-0.0506436675787,0.226133808494,0.276777476072
0.435643553734,0.222222223878,-0.0485775284469,0.225644648075,0.274222165346
0.445544540882,0.222222223878,-0.046237770468,0.225175231695,0.271412998438
0.45544552803,0.222222223878,-0.0436138361692,0.224726438522,0.268340289593
0.465346515179,0.222222223878,-0.0406954027712,0.224298581481,0.264993995428
0.475247502327,0.222222223878,-0.0374721549451,0.223892137408,0.261364281178
0.485148519278,0.222222223878,-0.0339342467487,0.223507449031,0.257441699505
0.495049506426,0.222222223878,-0.0300720706582,0.223144367337,0.253216445446
0.504950523376,0.222222223878,-0.0258766692132,0.222802743316,0.248679414392
0.51485145092,0.222222223878,-0.0213398020715,0.222482427955,0.243822231889
0.524752497673,0.222222223878,-0.0164539236575,0.222182616591,0.238636538386
0.534653484821,0.222222223878,-0.011212721467,0.221903026104,0.233115747571
0.54455447197,0.222222223878,-0.00561113050207,0.221642628312,0.227253764868
0.554455459118,0.222222223878,0.000354535528459,0.22140057385,0.221046045423
0.564356446266,0.222222223878,0.00668597174808,0.22117587924,0.214489907026
0.574257433414,0.222222223878,0.0133830243722,0.220967516303,0.207584485412
0.584158420563,0.222222223878,0.0204429551959,0.220774114132,0.200331151485
0.594059407711,0.222222223878,0.0278604049236,0.220594540238,0.192734137177
0.603960394859,0.222222223878,0.0356268621981,0.220427423716,0.184800565243
0.613861382008,0.222222223878,0.0437303520739,0.220271244645,0.176540896297
0.623762369156,0.222222223878,0.052154880017,0.220124959946,0.167970076203
0.633663415909,0.222222223878,0.0608802698553,0.219986706972,0.159106433392
0.643564343452,0.222222223878,0.0698812305927,0.21985553205,0.149974301457
0.653465390205,0.222222223878,0.079127766192,0.219729572535,0.140601813793
0.663366317749,0.222222223878,0.0885834991932,0.219607695937,0.131024196744
0.673267364502,0.222222223878,0.098206602037,0.219488188624,0.121281586587
0.683168292046,0.222222223878,0.107948131859,0.219370007515,0.111421875656
0.693069338799,0.222222223878,0.117752641439,0.219251707196,0.101499065757
0.702970266342,0.222222223878,0.127557173371,0.219131872058,0.0915746986866
0.712871313095,0.222222223878,0.137291893363,0.219009250402,0.0817173570395
0.722772240639,0.222222223878,0.146878868341,0.218882873654,0.0720040053129
0.732673287392,0.222222223878,0.156233161688,0.218751236796,0.0625180751085
0.74257427454,0.222222223878,0.165262311697,0.218613624573,0.0533513128757
0.752475261688,0.222222223878,0.173867061734,0.218468904495,0.044601842761
0.762376248837,0.222222223878,0.18194167316,0.218316078186,0.0363744050264
0.772277235985,0.222222223878,0.189375296235,0.218154236674,0.0287789404392
0.782178223133,0.222222223878,0.196052461863,0.217982620001,0.0219301581383
0.792079210281,0.222222223878,0.201854482293,0.217800408602,0.0159459263086
0.80198019743,0.222222223878,0.206662029028,0.217606976628,0.0109449476004
0.811881184578,0.222222223878,0.210355594754,0.217401772738,0.00704617798328
0.821782171726,0.222222223878,0.212819308043,0.217184156179,0.0043648481369
0.831683158875,0.222222223878,0.213942170143,0.216953843832,0.00301167368889
0.841584146023,0.222222223878,0.213621631265,0.216710105538,0.00308847427368
0.851485133171,0.222222223878,0.211765810847,0.21645283699,0.00468702614307
0.861386120319,0.222222223878,0.208297163248,0.216181591153,0.00788442790508
0.871287107468,0.222222223878,0.20315477252,0.215896010399,0.0127412378788
0.881188154221,0.222222223878,0.196297764778,0.215596169233,0.0192984044552
0.891089081764,0.222222223878,0.187707707286,0.215281590819,0.0275738835335
0.900990128517,0.222222223878,0.177390694618,0.21495243907,0.0375617444515
0.910891115665,0.222222223878,0.165379852057,0.214608386159,0.0492285341024
0.920792102814,0.222222223878,0.15173573792,0.214249774814,0.0625140368938
0.930693089962,0.222222223878,0.136547788978,0.21387591958,0.0773281306028
0.94059407711,0.222222223878,0.119933485985,0.213487744331,0.0935542583466
0.950495064259,0.222222223878,0.102037258446,0.213084638119,0.111047379673
0.960396051407,0.222222223878,0.083029538393,0.21266682446,0.129637286067
0.970297038555,0.222222223878,0.0631029829383,0.21223449707,0.149131506681
0.980198025703,0.222222223878,0.0424695126712,0.211787641048,0.169318124652
0.990099012852,0.222222223878,0.021355945617,0.211326733232,0.18997079134
0.00990098994225,0.232323229313,-0.00247009377927,0.238677754998,0.241147845984
0.0198019798845,0.232323229313,-0.00493689766154,0.239035949111,0.243972852826
0.0297029688954,0.232323229313,-0.00739711383358,0.239359378815,0.246756494045
0.039603959769,0.232323229313,-0.00984742119908,0.239646658301,0.249494075775
0.0495049506426,0.232323229313,-0.0122844865546,0.239896923304,0.252181410789
0.0594059377909,0.232323229313,-0.0147049156949,0.240109354258,0.254814267159
0.0693069323897,0.232323229313,-0.0171052888036,0.24028301239,0.257388293743
0.079207919538,0.232323229313,-0.0194821357727,0.240417212248,0.259899348021
0.0891089066863,0.232323229313,-0.0218318868428,0.240511789918,0.262343674898
0.0990099012852,0.232323229313,-0.0241509489715,0.240565642715,0.264716595411
0.108910888433,0.232323229313,-0.0264356024563,0.240579232574,0.267014831305
0.118811875582,0.232323229313,-0.0286820698529,0.240552037954,0.269234120846
0.12871286273,0.232323229313,-0.0308864396065,0.240484446287,0.271370887756
0.138613864779,0.232323229313,-0.0330447107553,0.240376234055,0.273420929909
0.148514851928,0.232323229313,-0.0351527407765,0.240228265524,0.27538099885
0.158415839076,0.232323229313,-0.0372062847018,0.240041062236,0.277247339487
0.168316826224,0.232323229313,-0.039200913161,0.239815339446,0.279016256332
0.178217813373,0.232323229313,-0.0411320626736,0.23955206573,0.280684113503
0.188118815422,0.232323229313,-0.0429950393736,0.239252462983,0.282247513533
0.19801980257,0.232323229313,-0.0447849445045,0.238917946815,0.283702880144
0.207920789719,0.232323229313,-0.0464966408908,0.238549843431,0.285046488047
0.217821776867,0.232323229313,-0.0481249205768,0.238150060177,0.286274969578
0.227722764015,0.232323229313,-0.0496642366052,0.237720400095,0.28738462925
0.237623751163,0.232323229313,-0.0511089488864,0.237262904644,0.288371860981
0.247524753213,0.232323229313,-0.0524530857801,0.236779615283,0.289232701063
0.25742572546,0.232323229313,-0.0536905042827,0.236273050308,0.289963543415
0.267326742411,0.232323229313,-0.0548147968948,0.235745489597,0.290560275316
0.277227729559,0.232323229313,-0.0558193214238,0.235199391842,0.291018724442
0.287128716707,0.232323229313,-0.0566971562803,0.234637513757,0.291334658861
0.297029703856,0.232323229313,-0.0574410706758,0.234062150121,0.291503220797
0.306930691004,0.232323229313,-0.0580436363816,0.23347632587,0.291519969702
0.316831678152,0.232323229313,-0.0584970749915,0.232882469893,0.291379541159
0.3267326653,0.232323229313,-0.0587934032083,0.232283368707,0.291076779366
0.336633652449,0.232323229313,-0.0589242614806,0.231681540608,0.290605813265
0.346534639597,0.232323229313,-0.058881059289,0.231079652905,0.289960712194
0.356435626745,0.232323229313,-0.0586549192667,0.230480149388,0.289135068655
0.366336613894,0.232323229313,-0.058236669749,0.229885369539,0.288122028112
0.376237630844,0.232323229313,-0.0576168522239,0.229297757149,0.286914616823
0.386138617992,0.232323229313,-0.056785851717,0.228719294071,0.285505145788
0.396039605141,0.232323229313,-0.0557336844504,0.228152051568,0.283885747194
0.405940592289,0.232323229313,-0.0544502362609,0.227597802877,0.282048046589
0.415841579437,0.232323229313,-0.0529252178967,0.227058261633,0.279983490705
0.425742566586,0.232323229313,-0.0511481314898,0.226534917951,0.27768304944
0.435643553734,0.232323229313,-0.0491084232926,0.226029038429,0.275137454271
0.445544540882,0.232323229313,-0.0467954836786,0.225541770458,0.272337257862
0.45544552803,0.232323229313,-0.0441986620426,0.225073948503,0.269272625446
0.465346515179,0.232323229313,-0.0413075275719,0.224626287818,0.265933811665
0.475247502327,0.232323229313,-0.0381116755307,0.224199458957,0.262311130762
0.485148519278,0.232323229313,-0.0346010774374,0.223793625832,0.25839471817
0.495049506426,0.232323229313,-0.0307660289109,0.223408907652,0.254174947739
0.504950523376,0.232323229313,-0.0265973992646,0.223045319319,0.249642714858
0.51485145092,0.232323229313,-0.0220867712051,0.222702473402,0.244789242744
0.524752497673,0.232323229313,-0.0172264482826,0.222380205989,0.239606648684
0.534653484821,0.232323229313,-0.0120098888874,0.222077935934,0.234087824821
0.54455447197,0.232323229313,-0.00643182219937,0.221794888377,0.228226706386
0.554455459118,0.232323229313,-0.000488349061925,0.221530422568,0.222018778324
0.564356446266,0.232323229313,0.00582246296108,0.221283376217,0.215460911393
0.574257433414,0.232323229313,0.0125007135794,0.221052855253,0.208552137017
0.584158420563,0.232323229313,0.0195439141244,0.220837876201,0.201293960214
0.594059407711,0.232323229313,0.0269469730556,0.220636948943,0.193689972162
0.603960394859,0.232323229313,0.0347016453743,0.220449075103,0.185747429729
0.613861382008,0.232323229313,0.042796228081,0.220272824168,0.177476599813
0.623762369156,0.232323229313,0.0512149892747,0.220106810331,0.168891817331
0.633663415909,0.232323229313,0.0599380247295,0.219949677587,0.160011649132
0.643564343452,0.232323229313,0.0689403042197,0.21980009973,0.150859802961
0.653465390205,0.232323229313,0.0781920328736,0.219656705856,0.141464680433
0.663366317749,0.232323229313,0.0876570940018,0.21951815486,0.131861060858
0.673267364502,0.232323229313,0.0972938239574,0.219382926822,0.122089102864
0.683168292046,0.232323229313,0.107053436339,0.219249561429,0.11219612509
0.693069338799,0.232323229313,0.116880580783,0.2191170156,0.102236434817
0.702970266342,0.232323229313,0.126712396741,0.218983918428,0.0922715216875
0.712871313095,0.232323229313,0.13647903502,0.218848928809,0.0823698937893
0.722772240639,0.232323229313,0.14610247314,0.218711078167,0.0726086050272
0.732673287392,0.232323229313,0.155497655272,0.218569025397,0.0630713701248
0.74257427454,0.232323229313,0.164571925998,0.218421816826,0.0538498908281
0.752475261688,0.232323229313,0.173225671053,0.218268319964,0.0450426489115
0.762376248837,0.232323229313,0.181352809072,0.218107715249,0.0367549061775
0.772277235985,0.232323229313,0.188841998577,0.217939034104,0.0290970355272
0.782178223133,0.232323229313,0.195577189326,0.217761516571,0.0221843272448
0.792079210281,0.232323229313,0.201438978314,0.217574387789,0.0161354094744
0.80198019743,0.232323229313,0.206307381392,0.217376887798,0.0110695064068
0.811881184578,0.232323229313,0.210062041879,0.217168539762,0.0071064978838
0.821782171726,0.232323229313,0.212586179376,0.216948762536,0.0043625831604
0.831683158875,0.232323229313,0.213767915964,0.21671693027,0.00294901430607
0.841584146023,0.232323229313,0.213503733277,0.21647259593,0.00296886265278
0.851485133171,0.232323229313,0.211700826883,0.216215372086,0.00451454520226
0.861386120319,0.232323229313,0.208280727267,0.215945065022,0.00766433775425
0.871287107468,0.232323229313,0.203181743622,0.215661346912,0.0124796032906
0.881188154221,0.232323229313,0.1963622123,0.215363934636,0.0190017223358
0.891089081764,0.232323229313,0.187803030014,0.215052753687,0.0272497236729
0.900990128517,0.232323229313,0.177509769797,0.214727446437,0.0372176766396
0.910891115665,0.232323229313,0.165515378118,0.214388042688,0.0488726645708
0.920792102814,0.232323229313,0.151880189776,0.214034616947,0.0621544271708
0.930693089962,0.232323229313,0.136693716049,0.213666751981,0.0769730359316
0.94059407711,0.232323229313,0.120073832572,0.213284894824,0.0932110622525
0.950495064259,0.232323229313,0.102165430784,0.212888553739,0.110723122954
0.960396051407,0.232323229313,0.0831396728754,0.212478220463,0.129338547587
0.970297038555,0.232323229313,0.0631901398301,0.212053880095,0.148863732815
0.980198025703,0.232323229313,0.0425298213959,0.211615294218,0.169085472822
0.990099012852,0.232323229313,0.0213867742568,0.211163163185,0.189776390791
0.00990098994225,0.242424249649,-0.00247206562199,0.238529637456,0.241001710296
0.0198019798845,0.242424249649,-0.00494087580591,0.238908931613,0.243849813938
0.0297029688954,0.242424249649,-0.00740316184238,0.239254385233,0.246657550335
0.039603959769,0.242424249649,-0.00985564105213,0.239564538002,0.249420180917
0.0495049506426,0.242424249649,-0.0122950077057,0.239838674664,0.252133667469
0.0594059377909,0.242424249649,-0.0147179057822,0.240075692534,0.254793584347
0.0693069323897,0.242424249649,-0.0171209424734,0.240274712443,0.257395654917
0.079207919538,0.242424249649,-0.0195006858557,0.240434929729,0.259935617447
0.0891089066863,0.242424249649,-0.0218535941094,0.240555688739,0.26240926981
0.0990099012852,0.242424249649,-0.0241761133075,0.240636616945,0.264812737703
0.108910888433,0.242424249649,-0.026464547962,0.240677297115,0.267141848803
0.118811875582,0.242424249649,-0.0287151634693,0.240677550435,0.269392728806
0.12871286273,0.242424249649,-0.0309240724891,0.240637332201,0.271561414003
0.138613864779,0.242424249649,-0.033087298274,0.240556523204,0.273643821478
0.148514851928,0.242424249649,-0.0352007448673,0.240435734391,0.27563649416
0.158415839076,0.242424249649,-0.0372601933777,0.240275353193,0.277535557747
0.168316826224,0.242424249649,-0.039261251688,0.240075871348,0.279337108135
0.178217813373,0.242424249649,-0.0411993637681,0.239838302135,0.281037658453
0.188118815422,0.242424249649,-0.0430698916316,0.239563673735,0.282633572817
0.19801980257,0.242424249649,-0.0448679365218,0.239253103733,0.28412103653
0.207920789719,0.242424249649,-0.0465884245932,0.238907858729,0.285496294498
0.217821776867,0.242424249649,-0.048226159066,0.238529860973,0.286756008863
0.227722764015,0.242424249649,-0.0497756078839,0.238120496273,0.287896096706
0.237623751163,0.242424249649,-0.0512311644852,0.237681910396,0.288913071156
0.247524753213,0.242424249649,-0.0525868833065,0.237216055393,0.2898029387
0.25742572546,0.242424249649,-0.05383663252,0.236725121737,0.290561765432
0.267326742411,0.242424249649,-0.0549740381539,0.236211538315,0.291185587645
0.277227729559,0.242424249649,-0.0559924803674,0.235677614808,0.291670084
0.287128716707,0.242424249649,-0.0568850301206,0.235125735402,0.292010754347
0.297029703856,0.242424249649,-0.0576444789767,0.234558686614,0.29220315814
0.306930691004,0.242424249649,-0.0582634136081,0.233978942037,0.292242348194
0.316831678152,0.242424249649,-0.0587340593338,0.233389317989,0.292123377323
0.3267326653,0.242424249649,-0.059048447758,0.232792392373,0.291840851307
0.336633652449,0.242424249649,-0.0591981932521,0.232190623879,0.291388809681
0.346534639597,0.242424249649,-0.0591747052968,0.23158672452,0.290761440992
0.356435626745,0.242424249649,-0.0589691400528,0.230983301997,0.289952456951
0.366336613894,0.242424249649,-0.0585722476244,0.230382561684,0.288954794407
0.376237630844,0.242424249649,-0.0579745918512,0.229787170887,0.287761747837
0.386138617992,0.242424249649,-0.0571665018797,0.229199171066,0.286365687847
0.396039605141,0.242424249649,-0.0561379641294,0.228620573878,0.284758538008
0.405940592289,0.242424249649,-0.0548788569868,0.228053361177,0.282932221889
0.415841579437,0.242424249649,-0.0533788055182,0.227499395609,0.280878186226
0.425742566586,0.242424249649,-0.0516272597015,0.226960197091,0.278587460518
0.435643553734,0.242424249649,-0.0496136024594,0.226437076926,0.276050686836
0.445544540882,0.242424249649,-0.0473271422088,0.225931406021,0.273258537054
0.45544552803,0.242424249649,-0.0447571538389,0.225444123149,0.270201265812
0.465346515179,0.242424249649,-0.0418930910528,0.224976092577,0.266869187355
0.475247502327,0.242424249649,-0.038724437356,0.224527835846,0.263252258301
0.485148519278,0.242424249649,-0.0352410599589,0.224099993706,0.259341061115
0.495049506426,0.242424249649,-0.0314330980182,0.223692685366,0.255125790834
0.504950523376,0.242424249649,-0.0272912736982,0.223306044936,0.250597327948
0.51485145092,0.242424249649,-0.022807026282,0.222939893603,0.245746925473
0.524752497673,0.242424249649,-0.0179724562913,0.222594067454,0.240566521883
0.534653484821,0.242424249649,-0.0127808582038,0.222267895937,0.235048756003
0.54455447197,0.242424249649,-0.00722673349082,0.221961155534,0.229187890887
0.554455459118,0.242424249649,-0.0013059853809,0.221672937274,0.222978919744
0.564356446266,0.242424249649,0.00498354993761,0.221402257681,0.216418713331
0.574257433414,0.242424249649,0.0116422222927,0.221148580313,0.209506362677
0.584158420563,0.242424249649,0.0186677798629,0.220910534263,0.20224276185
0.594059407711,0.242424249649,0.0260553881526,0.220687180758,0.194631785154
0.603960394859,0.242424249649,0.033797070384,0.2204772681,0.186680197716
0.613861382008,0.242424249649,0.0418813712895,0.220279484987,0.178398117423
0.623762369156,0.242424249649,0.0502928569913,0.220092728734,0.169799864292
0.633663415909,0.242424249649,0.0590118616819,0.219915494323,0.160903632641
0.643564343452,0.242424249649,0.0680135786533,0.21974645555,0.151732876897
0.653465390205,0.242424249649,0.0772685110569,0.219584405422,0.142315894365
0.663366317749,0.242424249649,0.0867407098413,0.219427973032,0.132687270641
0.673267364502,0.242424249649,0.0963887274265,0.21927575767,0.122887030244
0.683168292046,0.242424249649,0.106163911521,0.219126418233,0.112962506711
0.693069338799,0.242424249649,0.116011068225,0.218978658319,0.102967590094
0.702970266342,0.242424249649,0.125867366791,0.218831256032,0.0929638892412
0.712871313095,0.242424249649,0.135662987828,0.218683108687,0.0830201208591
0.722772240639,0.242424249649,0.145319893956,0.218532845378,0.0732129514217
0.732673287392,0.242424249649,0.154752880335,0.218379318714,0.0636264383793
0.74257427454,0.242424249649,0.163869068027,0.218221828341,0.0543527603149
0.752475261688,0.242424249649,0.172568619251,0.21805895865,0.0454903393984
0.762376248837,0.242424249649,0.180745065212,0.217889964581,0.0371448993683
0.772277235985,0.242424249649,0.188286647201,0.217713847756,0.0294272005558
0.782178223133,0.242424249649,0.195076748729,0.217529907823,0.0224531590939
0.792079210281,0.242424249649,0.200995400548,0.217337310314,0.0163419097662
0.80198019743,0.242424249649,0.205921843648,0.217135369778,0.0112135261297
0.811881184578,0.242424249649,0.209735006094,0.216923311353,0.00718830525875
0.821782171726,0.242424249649,0.212317273021,0.216700717807,0.00438344478607
0.831683158875,0.242424249649,0.213555857539,0.2164670825,0.00291122496128
0.841584146023,0.242424249649,0.213346451521,0.216222032905,0.00287558138371
0.851485133171,0.242424249649,0.211595252156,0.215964719653,0.00436946749687
0.861386120319,0.242424249649,0.208222985268,0.215695291758,0.00747230648994
0.871287107468,0.242424249649,0.203167080879,0.215413033962,0.012245953083
0.881188154221,0.242424249649,0.196385234594,0.215118095279,0.0187328606844
0.891089081764,0.242424249649,0.187857717276,0.214809954166,0.0269522368908
0.900990128517,0.242424249649,0.177589669824,0.214488431811,0.0368987619877
0.910891115665,0.242424249649,0.165613591671,0.214153632522,0.0485400408506
0.920792102814,0.242424249649,0.151989772916,0.213805228472,0.0618154555559
0.930693089962,0.242424249649,0.136807844043,0.213443472981,0.0766356289387
0.94059407711,0.242424249649,0.120185852051,0.213067725301,0.09288187325
0.950495064259,0.242424249649,0.102269224823,0.21267850697,0.110409282148
0.960396051407,0.242424249649,0.0832297950983,0.212275728583,0.129045933485
0.970297038555,0.242424249649,0.0632619783282,0.211859360337,0.14859738946
0.980198025703,0.242424249649,0.0425797775388,0.211429551244,0.168849766254
0.990099012852,0.242424249649,0.0214123819023,0.210986256599,0.189573869109
0.00990098994225,0.252525240183,-0.00247348239645,0.238396272063,0.240869760513
0.0198019798845,0.252525240183,-0.00494374101982,0.238796249032,0.24373999238
0.0297029688954,0.252525240183,-0.00740754231811,0.239163070917,0.246570616961
0.039603959769,0.252525240183,-0.00986163318157,0.239495873451,0.249357506633
0.0495049506426,0.252525240183,-0.0123027442023,0.23979331553,0.252096056938
0.0594059377909,0.252525240183,-0.0147275468335,0.24005484581,0.254782378674
0.0693069323897,0.252525240183,-0.017132692039,0.240278810263,0.257411509752
0.079207919538,0.252525240183,-0.0195147637278,0.240464776754,0.25997954607
0.0891089066863,0.252525240183,-0.0218702610582,0.240611940622,0.262482196093
0.0990099012852,0.252525240183,-0.0241956710815,0.240719646215,0.264915317297
0.108910888433,0.252525240183,-0.0264873150736,0.240787431598,0.267274737358
0.118811875582,0.252525240183,-0.0287414994091,0.240815147758,0.269556641579
0.12871286273,0.252525240183,-0.0309543590993,0.240802377462,0.271756738424
0.138613864779,0.252525240183,-0.0331219732761,0.240749180317,0.273871153593
0.148514851928,0.252525240183,-0.0352402478456,0.240655660629,0.275895893574
0.158415839076,0.252525240183,-0.03730500862,0.240522220731,0.277827233076
0.168316826224,0.252525240183,-0.0393118858337,0.240349441767,0.2796613276
0.178217813373,0.252525240183,-0.0412563830614,0.240137919784,0.281394302845
0.188118815422,0.252525240183,-0.0431338511407,0.239888608456,0.283022463322
0.19801980257,0.252525240183,-0.0449394509196,0.239602565765,0.284542024136
0.207920789719,0.252525240183,-0.0466681085527,0.239280849695,0.285948961973
0.217821776867,0.252525240183,-0.048314679414,0.238925069571,0.28723976016
0.227722764015,0.252525240183,-0.0498736575246,0.238536760211,0.288410425186
0.237623751163,0.252525240183,-0.0513394474983,0.238117858768,0.289457321167
0.247524753213,0.252525240183,-0.0527061074972,0.237670063972,0.290376186371
0.25742572546,0.252525240183,-0.0539675876498,0.237195581198,0.291163176298
0.267326742411,0.252525240183,-0.0551174841821,0.236696630716,0.291814118624
0.277227729559,0.252525240183,-0.0561492107809,0.236175447702,0.292324662209
0.287128716707,0.252525240183,-0.0570558607578,0.235634446144,0.292690306902
0.297029703856,0.252525240183,-0.0578302368522,0.235076382756,0.292906612158
0.306930691004,0.252525240183,-0.0584649257362,0.234503522515,0.292968451977
0.316831678152,0.252525240183,-0.0589521713555,0.233918651938,0.292870819569
0.3267326653,0.252525240183,-0.0592840127647,0.233324304223,0.292608320713
0.336633652449,0.252525240183,-0.0594520494342,0.232723146677,0.292175203562
0.346534639597,0.252525240183,-0.0594477131963,0.232117906213,0.29156562686
0.356435626745,0.252525240183,-0.0592621192336,0.231510877609,0.290773004293
0.366336613894,0.252525240183,-0.0588860437274,0.230904623866,0.289790660143
0.376237630844,0.252525240183,-0.0583099871874,0.230301618576,0.288611590862
0.386138617992,0.252525240183,-0.0575242936611,0.229704156518,0.28722846508
0.396039605141,0.252525240183,-0.0565189197659,0.229114308953,0.28563323617
0.405940592289,0.252525240183,-0.0552836582065,0.228534147143,0.283817797899
0.415841579437,0.252525240183,-0.0538081303239,0.227965548635,0.281773686409
0.425742566586,0.252525240183,-0.052081707865,0.227410152555,0.279491871595
0.435643553734,0.252525240183,-0.0500937178731,0.226869449019,0.276963174343
0.445544540882,0.252525240183,-0.0478334277868,0.226344928145,0.274178355932
0.45544552803,0.252525240183,-0.0452899821103,0.225837662816,0.271127641201
0.465346515179,0.252525240183,-0.0424527563155,0.225348412991,0.267801165581
0.475247502327,0.252525240183,-0.0393111370504,0.224878281355,0.264189422131
0.485148519278,0.252525240183,-0.0358548499644,0.224427640438,0.260282486677
0.495049506426,0.252525240183,-0.0320739299059,0.223996862769,0.256070792675
0.504950523376,0.252525240183,-0.0279589574784,0.223586186767,0.251545131207
0.51485145092,0.252525240183,-0.0235011968762,0.223195537925,0.246696740389
0.524752497673,0.252525240183,-0.0186925847083,0.222825050354,0.2415176332
0.534653484821,0.252525240183,-0.0135262394324,0.222474083304,0.236000329256
0.54455447197,0.252525240183,-0.00799646507949,0.222142264247,0.230138733983
0.554455459118,0.252525240183,-0.00209895288572,0.221829131246,0.223928079009
0.564356446266,0.252525240183,0.00416867854074,0.221533969045,0.217365294695
0.574257433414,0.252525240183,0.0108070150018,0.221255511045,0.210448503494
0.584158420563,0.252525240183,0.017814040184,0.220993325114,0.20317928493
0.594059407711,0.252525240183,0.0251851771027,0.22074624896,0.19556106627
0.603960394859,0.252525240183,0.032912697643,0.220512986183,0.187600284815
0.613861382008,0.252525240183,0.040985416621,0.22029261291,0.179307192564
0.623762369156,0.252525240183,0.0493881441653,0.220083683729,0.170695543289
0.633663415909,0.252525240183,0.0581014752388,0.219885095954,0.161783620715
0.643564343452,0.252525240183,0.0671008676291,0.219695672393,0.152594804764
0.653465390205,0.252525240183,0.0763570293784,0.219513818622,0.143156796694
0.663366317749,0.252525240183,0.0858342498541,0.219338238239,0.133503988385
0.673267364502,0.252525240183,0.0954912751913,0.219168022275,0.123676747084
0.683168292046,0.252525240183,0.105279609561,0.219001486897,0.113721877337
0.693069338799,0.252525240183,0.115144193172,0.218837559223,0.103693366051
0.702970266342,0.252525240183,0.125022262335,0.218675017357,0.093652755022
0.712871313095,0.252525240183,0.134844064713,0.218512579799,0.0836685150862
0.722772240639,0.252525240183,0.144531458616,0.218349084258,0.0738176256418
0.732673287392,0.252525240183,0.153999194503,0.218183517456,0.0641843229532
0.74257427454,0.252525240183,0.163154229522,0.218014717102,0.0548604875803
0.752475261688,0.252525240183,0.171896487474,0.217841804028,0.0459453165531
0.762376248837,0.252525240183,0.180119141936,0.217663645744,0.037544503808
0.772277235985,0.252525240183,0.187710031867,0.217479497194,0.0297694653273
0.782178223133,0.252525240183,0.194552063942,0.217288434505,0.0227363705635
0.792079210281,0.252525240183,0.200524687767,0.217089787126,0.0165650993586
0.80198019743,0.252525240183,0.205506458879,0.216882824898,0.0113763660192
0.811881184578,0.252525240183,0.209375619888,0.216666817665,0.00729119777679
0.821782171726,0.252525240183,0.212013736367,0.216441139579,0.00442740321159
0.831683158875,0.252525240183,0.213307276368,0.216205343604,0.00289806723595
0.841584146023,0.252525240183,0.213150978088,0.215958952904,0.00280797481537
0.851485133171,0.252525240183,0.211450278759,0.215701386333,0.00425110757351
0.861386120319,0.252525240183,0.208125084639,0.215432330966,0.0073072463274
0.871287107468,0.252525240183,0.203112021089,0.215151712298,0.0120396912098
0.881188154221,0.252525240183,0.196368142962,0.214858815074,0.0184906721115
0.891089081764,0.252525240183,0.187873035669,0.214553788304,0.026680752635
0.900990128517,0.252525240183,0.177631467581,0.214236035943,0.0366045683622
0.910891115665,0.252525240183,0.165675595403,0.213905662298,0.0482300668955
0.920792102814,0.252525240183,0.152065575123,0.213562533259,0.0614969581366
0.930693089962,0.252525240183,0.136891067028,0.213206395507,0.0763153284788
0.94059407711,0.252525240183,0.120270378888,0.212837159634,0.092566780746
0.950495064259,0.252525240183,0.102349385619,0.212455093861,0.110105708241
0.960396051407,0.252525240183,0.0833005085588,0.212060019374,0.128759503365
0.970297038555,0.252525240183,0.0633189603686,0.211651682854,0.148332715034
0.980198025703,0.252525240183,0.0426197014749,0.211230665445,0.168610960245
0.990099012852,0.252525240183,0.0214329268783,0.210796400905,0.189363479614
0.00990098994225,0.262626260519,-0.00247435946949,0.238277167082,0.240751519799
0.0198019798845,0.262626260519,-0.00494552776217,0.238697305322,0.243642836809
0.0297029688954,0.262626260519,-0.00741030368954,0.239085435867,0.246495738626
0.039603959769,0.262626260519,-0.00986546650529,0.239440530539,0.249305993319
0.0495049506426,0.262626260519,-0.0123077770695,0.23976123333,0.252068996429
0.0594059377909,0.262626260519,-0.0147339440882,0.240046590567,0.25478053093
0.0693069323897,0.262626260519,-0.0171406436712,0.24029545486,0.257436096668
0.079207919538,0.262626260519,-0.0195245016366,0.240506783128,0.260031282902
0.0891089066863,0.262626260519,-0.0218820404261,0.240680098534,0.262562125921
0.0990099012852,0.262626260519,-0.0242097768933,0.240814596415,0.265024363995
0.108910888433,0.262626260519,-0.0265040807426,0.240909546614,0.26741361618
0.118811875582,0.262626260519,-0.0287612695247,0.240964442492,0.269725710154
0.12871286273,0.262626260519,-0.0309775322676,0.240979269147,0.271956801414
0.138613864779,0.262626260519,-0.0331489518285,0.240953817964,0.274102777243
0.148514851928,0.262626260519,-0.0352714881301,0.240887746215,0.276159226894
0.158415839076,0.262626260519,-0.037340991199,0.240781679749,0.278122663498
0.168316826224,0.262626260519,-0.0393531285226,0.240635812283,0.27998894453
0.178217813373,0.262626260519,-0.0413034111261,0.240450710058,0.281754136086
0.188118815422,0.262626260519,-0.0431872345507,0.240227088332,0.283414334059
0.19801980257,0.262626260519,-0.0449997894466,0.239965975285,0.284965753555
0.207920789719,0.262626260519,-0.0467360429466,0.23966832459,0.286404371262
0.217821776867,0.262626260519,-0.0483908616006,0.239335492253,0.287726342678
0.227722764015,0.262626260519,-0.0499587543309,0.238968908787,0.288927674294
0.237623751163,0.262626260519,-0.05143417418,0.238570258021,0.290004432201
0.247524753213,0.262626260519,-0.0528112053871,0.238141313195,0.290952503681
0.25742572546,0.262626260519,-0.0540837906301,0.237683847547,0.291767627001
0.267326742411,0.262626260519,-0.0552455820143,0.237200379372,0.292445957661
0.277227729559,0.262626260519,-0.0562899857759,0.236692667007,0.292982637882
0.287128716707,0.262626260519,-0.0572101324797,0.236163407564,0.293373525143
0.297029703856,0.262626260519,-0.0579988323152,0.235614925623,0.293613761663
0.306930691004,0.262626260519,-0.0586486756802,0.235049694777,0.293698370457
0.316831678152,0.262626260519,-0.0591519325972,0.234470278025,0.293622195721
0.3267326653,0.262626260519,-0.059500630945,0.233879297972,0.293379932642
0.336633652449,0.262626260519,-0.0596863888204,0.233279272914,0.292965650558
0.346534639597,0.262626260519,-0.0597006194293,0.23267300427,0.292373627424
0.356435626745,0.262626260519,-0.0595344565809,0.232062831521,0.291597276926
0.366336613894,0.262626260519,-0.0591786429286,0.23145146668,0.290630102158
0.376237630844,0.262626260519,-0.058623675257,0.230841293931,0.289464980364
0.386138617992,0.262626260519,-0.0578598640859,0.23023454845,0.28809440136
0.396039605141,0.262626260519,-0.0568771250546,0.229633539915,0.286510676146
0.405940592289,0.262626260519,-0.0556652657688,0.229040339589,0.284705609083
0.415841579437,0.262626260519,-0.0542138256133,0.228457033634,0.282670855522
0.425742566586,0.262626260519,-0.0525121465325,0.227885201573,0.280397355556
0.435643553734,0.262626260519,-0.0505494661629,0.227326765656,0.277876228094
0.445544540882,0.262626260519,-0.0483149848878,0.226782843471,0.275097817183
0.45544552803,0.262626260519,-0.0457978025079,0.226255059242,0.2720528543
0.465346515179,0.262626260519,-0.0429871864617,0.225744321942,0.268731504679
0.475247502327,0.262626260519,-0.0398724153638,0.225251421332,0.265123844147
0.485148519278,0.262626260519,-0.036443118006,0.224777162075,0.261220276356
0.495049506426,0.262626260519,-0.0326891988516,0.224322080612,0.257011294365
0.504950523376,0.262626260519,-0.0286010932177,0.223886504769,0.25248759985
0.51485145092,0.262626260519,-0.0241699237376,0.223470628262,0.247640550137
0.524752497673,0.262626260519,-0.0193874761462,0.223074376583,0.24246186018
0.534653484821,0.262626260519,-0.014246661216,0.222697392106,0.236944049597
0.54455447197,0.262626260519,-0.00874161813408,0.222339496017,0.231081113219
0.554455459118,0.262626260519,-0.00286783860065,0.222000360489,0.224868193269
0.564356446266,0.262626260519,0.0033772920724,0.221679106355,0.218301817775
0.574257433414,0.262626260519,0.00999456085265,0.221375092864,0.211380526423
0.584158420563,0.262626260519,0.0169822052121,0.221087485552,0.20410528779
0.594059407711,0.262626260519,0.0243358798325,0.220815256238,0.196479380131
0.603960394859,0.262626260519,0.0320481099188,0.220557466149,0.188509359956
0.613861382008,0.262626260519,0.0401079654694,0.220313176513,0.180205211043
0.623762369156,0.262626260519,0.0485005043447,0.220080971718,0.171580463648
0.633663415909,0.262626260519,0.057206582278,0.219859868288,0.162653282285
0.643564343452,0.262626260519,0.0662019103765,0.219648420811,0.153446510434
0.653465390205,0.262626260519,0.0754574090242,0.219445690513,0.143988281488
0.663366317749,0.262626260519,0.0849376022816,0.219250127673,0.134312525392
0.673267364502,0.262626260519,0.0946014150977,0.219060704112,0.124459289014
0.683168292046,0.262626260519,0.104400545359,0.218875870109,0.11447532475
0.693069338799,0.262626260519,0.114280059934,0.218694791198,0.104414731264
0.702970266342,0.262626260519,0.124177277088,0.218515977263,0.0943387001753
0.712871313095,0.262626260519,0.134022474289,0.218338370323,0.0843158960342
0.722772240639,0.262626260519,0.143737509847,0.218160897493,0.0744233876467
0.732673287392,0.262626260519,0.153237074614,0.217982158065,0.0647450834513
0.74257427454,0.262626260519,0.162427961826,0.217801451683,0.0553734898567
0.752475261688,0.262626260519,0.171209901571,0.217617556453,0.0464076548815
0.762376248837,0.262626260519,0.179475754499,0.217429712415,0.0379539579153
0.772277235985,0.262626260519,0.187112927437,0.217236787081,0.0301238596439
0.782178223133,0.262626260519,0.19400395453,0.217038094997,0.0230341404676
0.792079210281,0.262626260519,0.20002771914,0.216832816601,0.0168050974607
0.80198019743,0.262626260519,0.205062195659,0.216620206833,0.0115580111742
0.811881184578,0.262626260519,0.208984896541,0.216399684548,0.00741478800774
0.821782171726,0.262626260519,0.211676672101,0.216170445085,0.00449377298355
0.831683158875,0.262626260519,0.213023215532,0.215932145715,0.00290893018246
0.841584146023,0.262626260519,0.212918490171,0.215684264898,0.00276577472687
0.851485133171,0.262626260519,0.211267158389,0.215426087379,0.00415892899036
0.861386120319,0.262626260519,0.207988262177,0.215157359838,0.00716909766197
0.871287107468,0.262626260519,0.203017830849,0.214877694845,0.0118598639965
0.881188154221,0.262626260519,0.196312069893,0.214586898685,0.0182748287916
0.891089081764,0.262626260519,0.187850177288,0.21428462863,0.0264344513416
0.900990128517,0.262626260519,0.177636340261,0.213970586658,0.036334246397
0.910891115665,0.262626260519,0.165702447295,0.213644757867,0.0479423105717
0.920792102814,0.262626260519,0.152108564973,0.21330653131,0.0611979663372
0.930693089962,0.262626260519,0.136944293976,0.212956234813,0.0760119408369
0.94059407711,0.262626260519,0.120328225195,0.212593615055,0.0922653898597
0.950495064259,0.262626260519,0.102406576276,0.212218642235,0.109812065959
0.960396051407,0.262626260519,0.0833523720503,0.211831107736,0.128478735685
0.970297038555,0.262626260519,0.0633615329862,0.211431056261,0.148069530725
0.980198025703,0.262626260519,0.0426498576999,0.211018636823,0.168368786573
0.990099012852,0.262626260519,0.0214485488832,0.210593670607,0.189145117998
0.00990098994225,0.272727280855,-0.0024747136049,0.238172277808,0.240646988153
0.0198019798845,0.272727280855,-0.00494626816362,0.23861207068,0.243558332324
0.0297029688954,0.272727280855,-0.00741149391979,0.239021226764,0.246432721615
0.039603959769,0.272727280855,-0.00986720155925,0.239397987723,0.249265193939
0.0495049506426,0.272727280855,-0.0123101882637,0.239741519094,0.252051711082
0.0594059377909,0.272727280855,-0.0147371888161,0.240050628781,0.254787802696
0.0693069323897,0.272727280855,-0.0171449147165,0.240324035287,0.257468938828
0.079207919538,0.272727280855,-0.0195300206542,0.24056071043,0.260090738535
0.0891089066863,0.272727280855,-0.0218890681863,0.240760102868,0.262649178505
0.0990099012852,0.272727280855,-0.024218602106,0.240920946002,0.265139549971
0.108910888433,0.272727280855,-0.0265150200576,0.241042926908,0.267557948828
0.118811875582,0.272727280855,-0.0287746731192,0.24112521112,0.269899874926
0.12871286273,0.272727280855,-0.0309937782586,0.241167575121,0.272161364555
0.138613864779,0.272727280855,-0.0331684611738,0.241169691086,0.274338155985
0.148514851928,0.272727280855,-0.0352947078645,0.241131603718,0.276426315308
0.158415839076,0.272727280855,-0.0373683907092,0.241052955389,0.278421342373
0.168316826224,0.272727280855,-0.0393852181733,0.240934312344,0.280319541693
0.178217813373,0.272727280855,-0.0413407273591,0.240776091814,0.282116830349
0.188118815422,0.272727280855,-0.0432303473353,0.240578621626,0.283808976412
0.19801980257,0.272727280855,-0.0450492948294,0.240342870355,0.285392165184
0.207920789719,0.272727280855,-0.0467925556004,0.240069687366,0.286862254143
0.217821776867,0.272727280855,-0.048455029726,0.239760369062,0.288215398788
0.227722764015,0.272727280855,-0.0500312708318,0.239416152239,0.289447426796
0.237623751163,0.272727280855,-0.0515157282352,0.239038378,0.290554106236
0.247524753213,0.272727280855,-0.0529025308788,0.238628894091,0.291531413794
0.25742572546,0.272727280855,-0.0541856586933,0.238189503551,0.292375147343
0.267326742411,0.272727280855,-0.0553587526083,0.237722113729,0.293080866337
0.277227729559,0.272727280855,-0.0564152449369,0.23722884059,0.293644070625
0.287128716707,0.272727280855,-0.0573482885957,0.236711993814,0.29406028986
0.297029703856,0.272727280855,-0.0581507273018,0.236173987389,0.294324725866
0.306930691004,0.272727280855,-0.0588151551783,0.235617011786,0.294432163239
0.316831678152,0.272727280855,-0.0593338385224,0.235043764114,0.294377595186
0.3267326653,0.272727280855,-0.0596988238394,0.234456688166,0.29415550828
0.336633652449,0.272727280855,-0.0599017366767,0.233858689666,0.293760418892
0.346534639597,0.272727280855,-0.0599339976907,0.233251988888,0.293185979128
0.356435626745,0.272727280855,-0.0597866885364,0.232639312744,0.292425990105
0.366336613894,0.272727280855,-0.0594506002963,0.232023105025,0.291473716497
0.376237630844,0.272727280855,-0.0589162036777,0.231406033039,0.290322244167
0.386138617992,0.272727280855,-0.0581737831235,0.230790317059,0.288964092731
0.396039605141,0.272727280855,-0.0572132319212,0.230178341269,0.287391573191
0.405940592289,0.272727280855,-0.0560242980719,0.229572221637,0.285596519709
0.415841579437,0.272727280855,-0.0545965097845,0.228974252939,0.283570766449
0.425742566586,0.272727280855,-0.0529191643,0.228385969996,0.281305134296
0.435643553734,0.272727280855,-0.0509814396501,0.227809399366,0.278790831566
0.445544540882,0.272727280855,-0.0487724728882,0.227246016264,0.276018500328
0.45544552803,0.272727280855,-0.0462812669575,0.226697131991,0.272978395224
0.465346515179,0.272727280855,-0.0434970259666,0.226164221764,0.26966124773
0.475247502327,0.272727280855,-0.0404089279473,0.22564804554,0.266056984663
0.485148519278,0.272727280855,-0.0370065160096,0.225149556994,0.262156069279
0.495049506426,0.272727280855,-0.0332795344293,0.224669367075,0.25794890523
0.504950523376,0.272727280855,-0.0292183235288,0.224208191037,0.253426522017
0.51485145092,0.272727280855,-0.0248138364404,0.223765835166,0.248579666018
0.524752497673,0.272727280855,-0.0200577192008,0.223342686892,0.243400409818
0.534653484821,0.272727280855,-0.0149427093565,0.222938805819,0.23788151145
0.54455447197,0.272727280855,-0.00946277938783,0.22255384922,0.23201662302
0.554455459118,0.272727280855,-0.00361318909563,0.222187370062,0.225800558925
0.564356446266,0.272727280855,0.00260884687304,0.221838966012,0.219230115414
0.574257433414,0.272727280855,0.00920435227454,0.221508041024,0.212303683162
0.584158420563,0.272727280855,0.0161717850715,0.221193790436,0.205022007227
0.594059407711,0.272727280855,0.023507039994,0.22089523077,0.197388187051
0.603960394859,0.272727280855,0.0312028862536,0.220611840487,0.189408957958
0.613861382008,0.272727280855,0.0392486378551,0.220342323184,0.18109369278
0.623762369156,0.272727280855,0.0476296134293,0.220085546374,0.17245593667
0.633663415909,0.272727280855,0.0563269034028,0.219840615988,0.163513720036
0.643564343452,0.272727280855,0.0653164759278,0.219606220722,0.154289752245
0.653465390205,0.272727280855,0.074569478631,0.219381347299,0.144811868668
0.663366317749,0.272727280855,0.0840506404638,0.219164580107,0.135113939643
0.673267364502,0.272727280855,0.0937191173434,0.218954786658,0.125235676765
0.683168292046,0.272727280855,0.103526748717,0.218750759959,0.115224011242
0.693069338799,0.272727280855,0.113418743014,0.218551203609,0.105132460594
0.702970266342,0.272727280855,0.123332545161,0.218355357647,0.0950228124857
0.712871313095,0.272727280855,0.133198454976,0.218161463737,0.0849630087614
0.722772240639,0.272727280855,0.142938375473,0.217968910933,0.0750305354595
0.732673287392,0.272727280855,0.152466922998,0.217776402831,0.0653094798326
0.74257427454,0.272727280855,0.161690726876,0.217582911253,0.0558921843767
0.752475261688,0.272727280855,0.170509397984,0.21738730371,0.0468779057264
0.762376248837,0.272727280855,0.178815454245,0.217188820243,0.0383733659983
0.772277235985,0.272727280855,0.186496034265,0.216986492276,0.0304904580116
0.782178223133,0.272727280855,0.193433225155,0.216779515147,0.0233462899923
0.792079210281,0.272727280855,0.199505388737,0.216567009687,0.0170616209507
0.80198019743,0.272727280855,0.204589933157,0.216348394752,0.0117584615946
0.811881184578,0.272727280855,0.208563789725,0.216122806072,0.00755901634693
0.821782171726,0.272727280855,0.211307108402,0.215889662504,0.00458255410194
0.831683158875,0.272727280855,0.212704822421,0.215648368001,0.00294354557991
0.841584146023,0.272727280855,0.212650179863,0.215398415923,0.00274823606014
0.851485133171,0.272727280855,0.211047068238,0.215139195323,0.00409212708473
0.861386120319,0.272727280855,0.207813799381,0.214870616794,0.00705681741238
0.871287107468,0.272727280855,0.202885597944,0.214591816068,0.0117062181234
0.881188154221,0.272727280855,0.196218252182,0.214302837849,0.0180845856667
0.891089081764,0.272727280855,0.187790229917,0.214003250003,0.0262130200863
0.900990128517,0.272727280855,0.177605360746,0.213692754507,0.0360873937607
0.910891115665,0.272727280855,0.165695205331,0.213371157646,0.0476759523153
0.920792102814,0.272727280855,0.152119681239,0.213037952781,0.0609182715416
0.930693089962,0.272727280855,0.136968418956,0.212693437934,0.0757250189781
0.94059407711,0.272727280855,0.120360165834,0.212337374687,0.0919772088528
0.950495064259,0.272727280855,0.102441497147,0.211969330907,0.10952783376
0.960396051407,0.272727280855,0.083385951817,0.211589381099,0.128203421831
0.970297038555,0.272727280855,0.0633900910616,0.211197942495,0.147807851434
0.980198025703,0.272727280855,0.0426705516875,0.210794106126,0.168123558164
0.990099012852,0.272727280855,0.0214593950659,0.210378438234,0.18891903758
0.00990098994225,0.282828271389,-0.00247455877252,0.238081023097,0.240555584431
0.0198019798845,0.282828271389,-0.00494599016383,0.238540396094,0.243486389518
0.0297029688954,0.282828271389,-0.0074111558497,0.238969787955,0.24638094008
0.039603959769,0.282828271389,-0.00986689981073,0.239368110895,0.249235004187
0.0495049506426,0.282828271389,-0.0123100485653,0.239734247327,0.252044290304
0.0594059377909,0.282828271389,-0.014737370424,0.24006664753,0.25480401516
0.0693069323897,0.282828271389,-0.0171456076205,0.240364313126,0.257509917021
0.079207919538,0.282828271389,-0.0195314511657,0.240626215935,0.260157674551
0.0891089066863,0.282828271389,-0.021891484037,0.240851193666,0.26274266839
0.0990099012852,0.282828271389,-0.0242222882807,0.241038486362,0.265260785818
0.108910888433,0.282828271389,-0.0265202950686,0.241187259555,0.267707556486
0.118811875582,0.282828271389,-0.0287818834186,0.241297036409,0.270078927279
0.12871286273,0.282828271389,-0.0310033094138,0.241366997361,0.272370308638
0.138613864779,0.282828271389,-0.0331807173789,0.241396784782,0.274577498436
0.148514851928,0.282828271389,-0.0353101305664,0.241386368871,0.276696503162
0.158415839076,0.282828271389,-0.0373874641955,0.241335630417,0.278723090887
0.168316826224,0.282828271389,-0.0394084230065,0.241244494915,0.280652910471
0.178217813373,0.282828271389,-0.0413686148822,0.241113290191,0.282481908798
0.188118815422,0.282828271389,-0.0432634688914,0.24094247818,0.284205943346
0.19801980257,0.282828271389,-0.0450882464647,0.240732550621,0.285820782185
0.207920789719,0.282828271389,-0.0468379668891,0.240484490991,0.287322461605
0.217821776867,0.282828271389,-0.0485075339675,0.240199327469,0.288706868887
0.227722764015,0.282828271389,-0.0500915534794,0.239877954125,0.28996950388
0.237623751163,0.282828271389,-0.0515844933689,0.239521965384,0.291106462479
0.247524753213,0.282828271389,-0.0529804937541,0.239132627845,0.292113125324
0.25742572546,0.282828271389,-0.0542735718191,0.238711848855,0.292985409498
0.267326742411,0.282828271389,-0.0554573908448,0.238261401653,0.293718785048
0.277227729559,0.282828271389,-0.0565254203975,0.237783282995,0.294308692217
0.287128716707,0.282828271389,-0.057470805943,0.237279683352,0.294750481844
0.297029703856,0.282828271389,-0.0582863911986,0.236752778292,0.295039176941
0.306930691004,0.282828271389,-0.0589648298919,0.23620505631,0.295169889927
0.316831678152,0.282828271389,-0.059498373419,0.235638707876,0.29513707757
0.3267326653,0.282828271389,-0.059879090637,0.235056549311,0.294935643673
0.336633652449,0.282828271389,-0.0600985959172,0.234460920095,0.294559508562
0.346534639597,0.282828271389,-0.0601483285427,0.233854457736,0.294002771378
0.356435626745,0.282828271389,-0.0600193738937,0.233239740133,0.293259114027
0.366336613894,0.282828271389,-0.0597024857998,0.232619404793,0.292321890593
0.376237630844,0.282828271389,-0.0591881461442,0.231995791197,0.291183948517
0.386138617992,0.282828271389,-0.0584666207433,0.231371462345,0.289838075638
0.396039605141,0.282828271389,-0.0575277768075,0.230748802423,0.288276582956
0.405940592289,0.282828271389,-0.0563613325357,0.230130001903,0.286491334438
0.415841579437,0.282828271389,-0.0549567863345,0.229517176747,0.284473955631
0.425742566586,0.282828271389,-0.0533033721149,0.228912517428,0.282215893269
0.435643553734,0.282828271389,-0.0513902418315,0.228317648172,0.279707878828
0.445544540882,0.282828271389,-0.0492064617574,0.227734431624,0.276940882206
0.45544552803,0.282828271389,-0.0467409752309,0.227164313197,0.273905277252
0.465346515179,0.282828271389,-0.0439828895032,0.226608663797,0.270591557026
0.475247502327,0.282828271389,-0.0409212969244,0.226068735123,0.266990035772
0.485148519278,0.282828271389,-0.0375456288457,0.225545346737,0.263090968132
0.495049506426,0.282828271389,-0.0338455401361,0.225039452314,0.258884996176
0.504950523376,0.282828271389,-0.0298112295568,0.224551424384,0.254362642765
0.51485145092,0.282828271389,-0.0254335254431,0.224081993103,0.249515518546
0.524752497673,0.282828271389,-0.0207039117813,0.223631262779,0.244335174561
0.534653484821,0.282828271389,-0.0156149789691,0.223199263215,0.238814234734
0.54455447197,0.282828271389,-0.0101604955271,0.222786068916,0.232946559787
0.554455459118,0.282828271389,-0.00433556549251,0.22239126265,0.226726830006
0.564356446266,0.282828271389,0.00186282431241,0.222014561296,0.220151737332
0.574257433414,0.282828271389,0.00843588635325,0.221655547619,0.21321965754
0.584158420563,0.282828271389,0.0153823103756,0.221313387156,0.205931082368
0.594059407711,0.282828271389,0.0226982180029,0.22098749876,0.198289275169
0.603960394859,0.282828271389,0.0303766224533,0.220677018166,0.190300390124
0.613861382008,0.282828271389,0.0384070761502,0.220381081104,0.181974008679
0.623762369156,0.282828271389,0.0467751435935,0.220098555088,0.173323407769
0.633663415909,0.282828271389,0.055462166667,0.219828590751,0.164366424084
0.643564343452,0.282828271389,0.0644443407655,0.219570070505,0.15512573719
0.653465390205,0.282828271389,0.0736930444837,0.219321668148,0.145628631115
0.663366317749,0.282828271389,0.0831732600927,0.219082593918,0.135909333825
0.673267364502,0.282828271389,0.0928442999721,0.218851238489,0.126006931067
0.683168292046,0.282828271389,0.102658204734,0.218626886606,0.115968681872
0.693069338799,0.282828271389,0.112560324371,0.218408241868,0.105847917497
0.702970266342,0.282828271389,0.122488208115,0.218193858862,0.0957056507468
0.712871313095,0.282828271389,0.132372245193,0.217982977629,0.0856107324362
0.722772240639,0.282828271389,0.142134338617,0.217774346471,0.0756400078535
0.732673287392,0.282828271389,0.151689052582,0.217567101121,0.0658780485392
0.74257427454,0.282828271389,0.160942986608,0.217359825969,0.0564168393612
0.752475261688,0.282828271389,0.169795438647,0.217151835561,0.0473563969135
0.762376248837,0.282828271389,0.178138896823,0.216941967607,0.0388030707836
0.772277235985,0.282828271389,0.185860037804,0.21672950685,0.0308694690466
0.782178223133,0.282828271389,0.192840605974,0.216513544321,0.0236729383469
0.792079210281,0.282828271389,0.19895850122,0.216293349862,0.0173348486423
0.80198019743,0.282828271389,0.20409065485,0.216067969799,0.011977314949
0.811881184578,0.282828271389,0.208113312721,0.215836763382,0.00772345066071
0.821782171726,0.282828271389,0.21090605855,0.215599089861,0.00469303131104
0.831683158875,0.282828271389,0.212353140116,0.215354427695,0.00300128757954
0.841584146023,0.282828271389,0.212347090244,0.21510207653,0.00275498628616
0.851485133171,0.282828271389,0.210791036487,0.214841663837,0.00405062735081
0.861386120319,0.282828271389,0.207602679729,0.214572608471,0.00696992874146
0.871287107468,0.282828271389,0.202716559172,0.214294657111,0.0115780979395
0.881188154221,0.282828271389,0.196087747812,0.214007243514,0.0179194957018
0.891089081764,0.282828271389,0.187694296241,0.213710099459,0.0260158032179
0.900990128517,0.282828271389,0.177539527416,0.213402882218,0.0358633548021
0.910891115665,0.282828271389,0.165654852986,0.213085323572,0.0474304705858
0.920792102814,0.282828271389,0.152099862695,0.212757229805,0.0606573671103
0.930693089962,0.282828271389,0.136964246631,0.212418347597,0.0754541009665
0.94059407711,0.282828271389,0.12036691606,0.212068647146,0.0917017310858
0.950495064259,0.282828271389,0.10245475173,0.211707815528,0.109253063798
0.960396051407,0.282828271389,0.0834017246962,0.211335733533,0.127934008837
0.970297038555,0.282828271389,0.0634050443769,0.21095225215,0.147547215223
0.980198025703,0.282828271389,0.0426820330322,0.210557490587,0.16787545383
0.990099012852,0.282828271389,0.0214655995369,0.210151270032,0.188685670495
0.00990098994225,0.292929291725,-0.00247391150333,0.238002985716,0.240476891398
0.0198019798845,0.292929291725,-0.00494472682476,0.238481134176,0.243425861001
0.0297029688954,0.292929291725,-0.00740934163332,0.238930791616,0.246340125799
0.039603959769,0.292929291725,-0.00986462645233,0.239350378513,0.249215006828
0.0495049506426,0.292929291725,-0.0123074417934,0.239738509059,0.252045959234
0.0594059377909,0.292929291725,-0.0147345885634,0.240094050765,0.254828631878
0.0693069323897,0.292929291725,-0.0171428378671,0.240415766835,0.257558614016
0.079207919538,0.292929291725,-0.019528908655,0.240702450275,0.260231345892
0.0891089066863,0.292929291725,-0.0218894314021,0.2409529984,0.262842416763
0.0990099012852,0.292929291725,-0.0242210030556,0.241166591644,0.2653875947
0.108910888433,0.292929291725,-0.0265200845897,0.241342142224,0.267862230539
0.118811875582,0.292929291725,-0.0287831053138,0.241479232907,0.27026233077
0.12871286273,0.292929291725,-0.0310063287616,0.241576641798,0.27258297801
0.138613864779,0.292929291725,-0.0331859476864,0.241634353995,0.274820297956
0.148514851928,0.292929291725,-0.03531800583,0.241651952267,0.276969969273
0.158415839076,0.292929291725,-0.0373984538019,0.241629064083,0.27902752161
0.168316826224,0.292929291725,-0.0394230335951,0.24156562984,0.280988663435
0.178217813373,0.292929291725,-0.041387360543,0.241461858153,0.282849222422
0.188118815422,0.292929291725,-0.0432869233191,0.241318106651,0.284605026245
0.19801980257,0.292929291725,-0.0451169908047,0.241134464741,0.286251455545
0.207920789719,0.292929291725,-0.0468726158142,0.240912035108,0.287784636021
0.217821776867,0.292929291725,-0.0485487431288,0.240651354194,0.289200097322
0.227722764015,0.292929291725,-0.0501399859786,0.240353599191,0.290493577719
0.237623751163,0.292929291725,-0.0516408421099,0.240019708872,0.291660547256
0.247524753213,0.292929291725,-0.0530455037951,0.239651441574,0.29269695282
0.25742572546,0.292929291725,-0.0543479733169,0.239250034094,0.293597996235
0.267326742411,0.292929291725,-0.0555419623852,0.23881727457,0.294359236956
0.277227729559,0.292929291725,-0.0566209442914,0.238355234265,0.294976174831
0.287128716707,0.292929291725,-0.0575781017542,0.237865611911,0.295443713665
0.297029703856,0.292929291725,-0.0584063045681,0.237350806594,0.295757114887
0.306930691004,0.292929291725,-0.0590981952846,0.236812978983,0.295911163092
0.316831678152,0.292929291725,-0.0596460551023,0.236254408956,0.295900464058
0.3267326653,0.292929291725,-0.0600419566035,0.235677748919,0.295719712973
0.336633652449,0.292929291725,-0.060277517885,0.235085442662,0.295362949371
0.346534639597,0.292929291725,-0.0603441931307,0.234479963779,0.294824153185
0.356435626745,0.292929291725,-0.0602330490947,0.233863919973,0.294096976519
0.366336613894,0.292929291725,-0.0599348656833,0.233239874244,0.293174743652
0.376237630844,0.292929291725,-0.0594400912523,0.232610285282,0.292050361633
0.386138617992,0.292929291725,-0.0587389729917,0.231977775693,0.290716737509
0.396039605141,0.292929291725,-0.0578213855624,0.231344759464,0.289166152477
0.405940592289,0.292929291725,-0.0566769987345,0.230713412166,0.2873904109
0.415841579437,0.292929291725,-0.0552952922881,0.230086088181,0.285381376743
0.425742566586,0.292929291725,-0.0536654368043,0.229464933276,0.283130377531
0.435643553734,0.292929291725,-0.0517765544355,0.2288518399,0.28062838316
0.445544540882,0.292929291725,-0.04961765185,0.228248625994,0.277866274118
0.45544552803,0.292929291725,-0.0471775867045,0.227656930685,0.274834513664
0.465346515179,0.292929291725,-0.044445425272,0.22707824409,0.271523654461
0.475247502327,0.292929291725,-0.0414101555943,0.226514011621,0.267924159765
0.485148519278,0.292929291725,-0.0380611270666,0.225965127349,0.264026254416
0.495049506426,0.292929291725,-0.0343878753483,0.225432664156,0.25982055068
0.504950523376,0.292929291725,-0.0303804669529,0.224917471409,0.255297929049
0.51485145092,0.292929291725,-0.0260296221823,0.224420011044,0.250449627638
0.524752497673,0.292929291725,-0.0213266704232,0.223940655589,0.2452673316
0.534653484821,0.292929291725,-0.016264045611,0.223479688168,0.239743739367
0.54455447197,0.292929291725,-0.0108353514224,0.223037153482,0.233872503042
0.554455459118,0.292929291725,-0.00503550935537,0.22261300683,0.227648511529
0.564356446266,0.292929291725,0.00113868410699,0.22220684588,0.221068158746
0.574257433414,0.292929291725,0.00768865272403,0.221818581223,0.214129924774
0.584158420563,0.292929291725,0.0146133005619,0.221447348595,0.206834048033
0.594059407711,0.292929291725,0.0219089724123,0.221092820168,0.19918385148
0.603960394859,0.292929291725,0.0295689124614,0.220754191279,0.191185280681
0.613861382008,0.292929291725,0.037582911551,0.220430463552,0.182847559452
0.623762369156,0.292929291725,0.0459367781878,0.22012104094,0.174184262753
0.633663415909,0.292929291725,0.0546120852232,0.219824850559,0.165212765336
0.643564343452,0.292929291725,0.0635852813721,0.219540849328,0.155955567956
0.653465390205,0.292929291725,0.0728279724717,0.219268023968,0.146440058947
0.663366317749,0.292929291725,0.0823053494096,0.219005197287,0.136699855328
0.673267364502,0.292929291725,0.0919769406319,0.21875141561,0.126774474978
0.683168292046,0.292929291725,0.101794973016,0.218505501747,0.116710528731
0.693069338799,0.292929291725,0.111704908311,0.218266412616,0.106561504304
0.702970266342,0.292929291725,0.121644474566,0.218032687902,0.0963882133365
0.712871313095,0.292929291725,0.131544113159,0.217803761363,0.0862596482038
0.722772240639,0.292929291725,0.141325756907,0.217578202486,0.0762524455786
0.732673287392,0.292929291725,0.150903955102,0.217355072498,0.0664511173964
0.74257427454,0.292929291725,0.160185217857,0.217133358121,0.0569481402636
0.752475261688,0.292929291725,0.169068753719,0.216911926866,0.0478431731462
0.762376248837,0.292929291725,0.177446752787,0.216690048575,0.0392432957888
0.772277235985,0.292929291725,0.185205712914,0.216466769576,0.0312610566616
0.782178223133,0.292929291725,0.192226961255,0.216241016984,0.0240140557289
0.792079210281,0.292929291725,0.198387980461,0.216012358665,0.0176243782043
0.80198019743,0.292929291725,0.203565269709,0.215779587626,0.0122143179178
0.811881184578,0.292929291725,0.207634478807,0.215542331338,0.00790785253048
0.821782171726,0.292929291725,0.210474640131,0.215299665928,0.00482502579689
0.831683158875,0.292929291725,0.211969316006,0.215051203966,0.00308188796043
0.841584146023,0.292929291725,0.212010383606,0.21479614079,0.00278575718403
0.851485133171,0.292929291725,0.210500329733,0.214533999562,0.00403366982937
0.861386120319,0.292929291725,0.207356154919,0.214264273643,0.00690811872482
0.871287107468,0.292929291725,0.202511817217,0.213986515999,0.011474698782
0.881188154221,0.292929291725,0.195921748877,0.213700518012,0.0177787691355
0.891089081764,0.292929291725,0.187563538551,0.213405504823,0.0258419662714
0.900990128517,0.292929291725,0.177440047264,0.213101699948,0.0356616526842
0.910891115665,0.292929291725,0.165582418442,0.212788015604,0.0472055971622
0.920792102814,0.292929291725,0.152050092816,0.212464794517,0.0604147017002
0.930693089962,0.292929291725,0.136932715774,0.212131425738,0.0751987099648
0.94059407711,0.292929291725,0.120349310338,0.211787939072,0.0914386287332
0.950495064259,0.292929291725,0.102447032928,0.211434170604,0.108987137675
0.960396051407,0.292929291725,0.0834002941847,0.211069837213,0.127669543028
0.970297038555,0.292929291725,0.0634068250656,0.210694670677,0.147287845612
0.980198025703,0.292929291725,0.0426846034825,0.210308805108,0.167624205351
0.990099012852,0.292929291725,0.0214673094451,0.209911987185,0.188444674015
0.00990098994225,0.303030312061,-0.00247278669849,0.237937286496,0.240410074592
0.0198019798845,0.303030312061,-0.00494250841439,0.238434121013,0.243376627564
0.0297029688954,0.303030312061,-0.00740608945489,0.238903537393,0.246309623122
0.039603959769,0.303030312061,-0.00986043736339,0.239343926311,0.249204367399
0.0495049506426,0.303030312061,-0.0123024377972,0.239754021168,0.252056449652
0.0594059377909,0.303030312061,-0.0147289261222,0.240132153034,0.254861086607
0.0693069323897,0.303030312061,-0.017136702314,0.240477696061,0.257614403963
0.079207919538,0.303030312061,-0.0195225253701,0.240788966417,0.260311484337
0.0891089066863,0.303030312061,-0.0218830369413,0.241064876318,0.262947916985
0.0990099012852,0.303030312061,-0.0242148824036,0.241304531693,0.265519410372
0.108910888433,0.303030312061,-0.0265145525336,0.241506889462,0.268021434546
0.118811875582,0.303030312061,-0.0287784989923,0.241670846939,0.270449340343
0.12871286273,0.303030312061,-0.0310030207038,0.241796076298,0.272799104452
0.138613864779,0.303030312061,-0.0331843458116,0.241881743073,0.275066077709
0.148514851928,0.303030312061,-0.0353185459971,0.241927281022,0.277245819569
0.158415839076,0.303030312061,-0.0374015904963,0.241932466626,0.279334068298
0.168316826224,0.303030312061,-0.0394292660058,0.241896927357,0.281326204538
0.178217813373,0.303030312061,-0.041397228837,0.241820946336,0.283218175173
0.188118815422,0.303030312061,-0.0433009676635,0.241704359651,0.285005331039
0.19801980257,0.303030312061,-0.0451357997954,0.241547569633,0.286683380604
0.207920789719,0.303030312061,-0.0468968003988,0.241351097822,0.28824788332
0.217821776867,0.303030312061,-0.0485789477825,0.241115629673,0.289694577456
0.227722764015,0.303030312061,-0.050176884979,0.240842059255,0.291018933058
0.237623751163,0.303030312061,-0.0516851246357,0.240531250834,0.292216360569
0.247524753213,0.303030312061,-0.0530978962779,0.240184500813,0.293282389641
0.25742572546,0.303030312061,-0.0544092282653,0.239803284407,0.294212520123
0.267326742411,0.303030312061,-0.0556128360331,0.239389106631,0.29500195384
0.277227729559,0.303030312061,-0.0567022375762,0.238943770528,0.295646011829
0.287128716707,0.303030312061,-0.0576706193388,0.238469108939,0.296139717102
0.297029703856,0.303030312061,-0.0585108995438,0.237967118621,0.296478033066
0.306930691004,0.303030312061,-0.0592156983912,0.237440124154,0.296655833721
0.316831678152,0.303030312061,-0.0597773343325,0.236890256405,0.296667575836
0.3267326653,0.303030312061,-0.0601878799498,0.236319929361,0.296507805586
0.336633652449,0.303030312061,-0.0604389831424,0.235731720924,0.296170711517
0.346534639597,0.303030312061,-0.0605220720172,0.235127851367,0.295649915934
0.356435626745,0.303030312061,-0.060428250581,0.234511211514,0.29493945837
0.366336613894,0.303030312061,-0.0601482689381,0.23388402164,0.294032275677
0.376237630844,0.303030312061,-0.0596725679934,0.233249127865,0.292921692133
0.386138617992,0.303030312061,-0.0589914023876,0.232608959079,0.291600346565
0.396039605141,0.303030312061,-0.0580945983529,0.231965884566,0.29006049037
0.405940592289,0.303030312061,-0.0569718442857,0.231322437525,0.288294285536
0.415841579437,0.303030312061,-0.0556125491858,0.230680778623,0.286293327808
0.425742566586,0.303030312061,-0.0540058910847,0.230043232441,0.284049123526
0.435643553734,0.303030312061,-0.0521409064531,0.229411870241,0.281552791595
0.445544540882,0.303030312061,-0.0500065721571,0.228788599372,0.278795182705
0.45544552803,0.303030312061,-0.0475916750729,0.228175148368,0.275766819715
0.465346515179,0.303030312061,-0.0448852181435,0.227573245764,0.272458463907
0.475247502327,0.303030312061,-0.041876103729,0.226984232664,0.268860340118
0.485148519278,0.303030312061,-0.0385535769165,0.226409360766,0.264962941408
0.495049506426,0.303030312061,-0.0349070988595,0.225849971175,0.260757058859
0.504950523376,0.303030312061,-0.0309266056865,0.225306674838,0.256233274937
0.51485145092,0.303030312061,-0.0266026966274,0.224780410528,0.25138309598
0.524752497673,0.303030312061,-0.0219265501946,0.224271655083,0.24619820714
0.534653484821,0.303030312061,-0.0168904680759,0.223780781031,0.240671247244
0.54455447197,0.303030312061,-0.0114878900349,0.223307996988,0.234795883298
0.554455459118,0.303030312061,-0.00571354944259,0.222853347659,0.228566899896
0.564356446266,0.303030312061,0.000435932073742,0.22241678834,0.221980854869
0.574257433414,0.303030312061,0.00696217874065,0.221998006105,0.215035825968
0.584158420563,0.303030312061,0.0138643085957,0.221596673131,0.207732364535
0.594059407711,0.303030312061,0.0211388785392,0.221212208271,0.200073331594
0.603960394859,0.303030312061,0.0287793688476,0.220844104886,0.192064732313
0.613861382008,0.303030312061,0.0367757938802,0.220491632819,0.183715835214
0.623762369156,0.303030312061,0.0451141931117,0.220154032111,0.175039842725
0.633663415909,0.303030312061,0.0537764057517,0.219830319285,0.166053920984
0.643564343452,0.303030312061,0.0627390742302,0.219519734383,0.156780660152
0.653465390205,0.303030312061,0.0719740763307,0.219221025705,0.147246956825
0.663366317749,0.303030312061,0.0814467966557,0.2189335078,0.137486711144
0.673267364502,0.303030312061,0.0911169722676,0.218656092882,0.127539128065
0.683168292046,0.303030312061,0.100937023759,0.218387380242,0.117450356483
0.693069338799,0.303030312061,0.110852576792,0.218126758933,0.107274182141
0.702970266342,0.303030312061,0.120801493526,0.217872872949,0.0970713794231
0.712871313095,0.303030312061,0.13071423769,0.217624619603,0.0869103819132
0.722772240639,0.303030312061,0.140512898564,0.21738114953,0.0768682509661
0.732673287392,0.303030312061,0.150111943483,0.217141374946,0.0670294314623
0.74257427454,0.303030312061,0.159417867661,0.216904193163,0.0574863255024
0.752475261688,0.303030312061,0.168329760432,0.216668576002,0.0483388155699
0.762376248837,0.303030312061,0.176739603281,0.216433882713,0.0396942794323
0.772277235985,0.303030312061,0.184533670545,0.216198787093,0.0316651165485
0.782178223133,0.303030312061,0.191592931747,0.2159627527,0.0243698209524
0.792079210281,0.303030312061,0.197794601321,0.215724870563,0.0179302692413
0.80198019743,0.303030312061,0.203014612198,0.215484306216,0.0124696940184
0.811881184578,0.303030312061,0.207128196955,0.215240374207,0.00811217725277
0.821782171726,0.303030312061,0.210013777018,0.214992135763,0.00497835874557
0.831683158875,0.303030312061,0.211554318666,0.214739114046,0.00318479537964
0.841584146023,0.303030312061,0.211641103029,0.214480921626,0.00283981859684
0.851485133171,0.303030312061,0.210176020861,0.214216783643,0.0040407627821
0.861386120319,0.303030312061,0.207075327635,0.213946059346,0.00687073171139
0.871287107468,0.303030312061,0.202272444963,0.213668346405,0.0113959014416
0.881188154221,0.303030312061,0.195721328259,0.213383227587,0.0176618993282
0.891089081764,0.303030312061,0.187398940325,0.213090226054,0.0256912857294
0.900990128517,0.303030312061,0.177307859063,0.212789148092,0.0354812890291
0.910891115665,0.303030312061,0.165478855371,0.212479278445,0.0470004230738
0.920792102814,0.303030312061,0.151971235871,0.21216070652,0.0601894706488
0.930693089962,0.303030312061,0.136874601245,0.211833044887,0.0749584436417
0.94059407711,0.303030312061,0.120308034122,0.211495831609,0.0911877974868
0.950495064259,0.303030312061,0.10241895169,0.211148917675,0.108729965985
0.960396051407,0.303030312061,0.0833821296692,0.210792168975,0.127410039306
0.970297038555,0.303030312061,0.0633957907557,0.210425570607,0.147029787302
0.980198025703,0.303030312061,0.0426785126328,0.210048645735,0.167370140553
0.990099012852,0.303030312061,0.0214646514505,0.209661275148,0.188196629286
0.00990098994225,0.313131302595,-0.00247119786218,0.237883687019,0.240354880691
0.0198019798845,0.313131302595,-0.00493936147541,0.238398805261,0.243338167667
0.0297029688954,0.313131302595,-0.00740144588053,0.238887384534,0.246288836002
0.039603959769,0.313131302595,-0.00985438935459,0.239348247647,0.249202638865
0.0495049506426,0.313131302595,-0.0122951082885,0.23977984488,0.252074956894
0.0594059377909,0.313131302595,-0.0147204706445,0.240180641413,0.254901111126
0.0693069323897,0.313131302595,-0.0171273071319,0.240549519658,0.257676839828
0.079207919538,0.313131302595,-0.0195123963058,0.24088512361,0.260397523642
0.0891089066863,0.313131302595,-0.0218724329025,0.241186216474,0.263058662415
0.0990099012852,0.313131302595,-0.0242040734738,0.241451695561,0.265655755997
0.108910888433,0.313131302595,-0.0265038497746,0.241680637002,0.268184483051
0.118811875582,0.313131302595,-0.0287682414055,0.241871774197,0.270640015602
0.12871286273,0.313131302595,-0.0309935808182,0.24202439189,0.273017972708
0.138613864779,0.313131302595,-0.0331761203706,0.242137953639,0.275314062834
0.148514851928,0.313131302595,-0.0353119634092,0.242211550474,0.277523517609
0.158415839076,0.313131302595,-0.0373971164227,0.242244958878,0.2796420753
0.168316826224,0.313131302595,-0.0394273921847,0.242237553,0.281664937735
0.178217813373,0.313131302595,-0.041398473084,0.242189586163,0.283588051796
0.188118815422,0.313131302595,-0.043305888772,0.242100551724,0.285406440496
0.19801980257,0.313131302595,-0.0451449714601,0.241970956326,0.287115931511
0.207920789719,0.313131302595,-0.0469108335674,0.24180111289,0.288711935282
0.217821776867,0.313131302595,-0.0485984869301,0.241591230035,0.29018971324
0.227722764015,0.313131302595,-0.0502025894821,0.241342380643,0.29154497385
0.237623751163,0.313131302595,-0.0517176948488,0.24105514586,0.292772829533
0.247524753213,0.313131302595,-0.0531380437315,0.240730822086,0.293868869543
0.25742572546,0.313131302595,-0.0544576980174,0.240370541811,0.294828236103
0.267326742411,0.313131302595,-0.0556704103947,0.239975675941,0.295646071434
0.277227729559,0.313131302595,-0.0567696914077,0.239547938108,0.296317636967
0.287128716707,0.313131302595,-0.0577487871051,0.239088982344,0.296837776899
0.297029703856,0.313131302595,-0.0586006008089,0.238600805402,0.297201395035
0.306930691004,0.313131302595,-0.0593177825212,0.238085389137,0.297403156757
0.316831678152,0.313131302595,-0.0598926693201,0.237545102835,0.297437787056
0.3267326653,0.313131302595,-0.0603173486888,0.236981958151,0.297299295664
0.336633652449,0.313131302595,-0.0605834685266,0.23639857769,0.296982049942
0.346534639597,0.313131302595,-0.0606824681163,0.235797405243,0.29647988081
0.356435626745,0.313131302595,-0.0606054551899,0.235180735588,0.295786201954
0.366336613894,0.313131302595,-0.0603431910276,0.234551385045,0.294894576073
0.376237630844,0.313131302595,-0.059886097908,0.233911782503,0.293797880411
0.386138617992,0.313131302595,-0.0592244118452,0.233264401555,0.2924888134
0.396039605141,0.313131302595,-0.0583479739726,0.232611879706,0.290959864855
0.405940592289,0.313131302595,-0.057246427983,0.231956675649,0.289203107357
0.415841579437,0.313131302595,-0.0559091605246,0.23130106926,0.287210226059
0.425742566586,0.313131302595,-0.0543253161013,0.23064738512,0.284972697496
0.435643553734,0.313131302595,-0.0524838939309,0.229997828603,0.282481729984
0.445544540882,0.313131302595,-0.0503738187253,0.229354470968,0.279728293419
0.45544552803,0.313131302595,-0.0479838326573,0.228719189763,0.276703029871
0.465346515179,0.313131302595,-0.0453028455377,0.228093743324,0.273396581411
0.475247502327,0.313131302595,-0.042319715023,0.227479711175,0.269799411297
0.485148519278,0.313131302595,-0.0390235707164,0.22687856853,0.265902131796
0.495049506426,0.313131302595,-0.0354037880898,0.226291537285,0.261695325375
0.504950523376,0.313131302595,-0.0314502157271,0.225719735026,0.257169961929
0.51485145092,0.313131302595,-0.0271533019841,0.225163936615,0.252317249775
0.524752497673,0.313131302595,-0.0225041098893,0.224624961615,0.247129067779
0.534653484821,0.313131302595,-0.017494795844,0.224103242159,0.241598039865
0.54455447197,0.313131302595,-0.0121186310425,0.223599284887,0.235717922449
0.554455459118,0.313131302595,-0.00637019751593,0.223113238811,0.229483440518
0.564356446266,0.313131302595,-0.000245928065851,0.22264508903,0.222891017795
0.574257433414,0.313131302595,0.00625599781051,0.222194865346,0.215938866138
0.584158420563,0.313131302595,0.0131348893046,0.221762180328,0.208627283573
0.594059407711,0.313131302595,0.0203875266016,0.221346765757,0.20095923543
0.603960394859,0.313131302595,0.0280076060444,0.220948114991,0.192940503359
0.613861382008,0.313131302595,0.0359853729606,0.220565482974,0.184580117464
0.623762369156,0.313131302595,0.0443071052432,0.220198377967,0.175891280174
0.633663415909,0.313131302595,0.052954852581,0.219846099615,0.166891247034
0.643564343452,0.313131302595,0.0619055256248,0.219507500529,0.157601982355
0.653465390205,0.313131302595,0.0711312070489,0.219181999564,0.148050785065
0.663366317749,0.313131302595,0.0805975049734,0.218868553638,0.138271048665
0.673267364502,0.313131302595,0.0902643725276,0.218566164374,0.128301799297
0.683168292046,0.313131302595,0.100084394217,0.218273818493,0.118189424276
0.693069338799,0.313131302595,0.110003404319,0.21799044311,0.107987038791
0.702970266342,0.313131302595,0.11995934695,0.217715099454,0.0977557525039
0.712871313095,0.313131302595,0.129882857203,0.21744671464,0.0875638574362
0.722772240639,0.313131302595,0.139696031809,0.217184305191,0.0774882733822
0.732673287392,0.313131302595,0.149313390255,0.216926842928,0.067613452673
0.74257427454,0.313131302595,0.158641368151,0.21667329967,0.0580319315195
0.752475261688,0.313131302595,0.167578950524,0.216422632337,0.0488436818123
0.762376248837,0.313131302595,0.176017999649,0.21617411077,0.0401561111212
0.772277235985,0.313131302595,0.183844566345,0.215926721692,0.0320821553469
0.782178223133,0.313131302595,0.190939337015,0.215679526329,0.0247401893139
0.792079210281,0.313131302595,0.197179153562,0.21543173492,0.018252581358
0.80198019743,0.313131302595,0.202439591289,0.215182587504,0.0127429962158
0.811881184578,0.313131302595,0.206595361233,0.214931219816,0.00833585858345
0.821782171726,0.313131302595,0.209524393082,0.214677035809,0.0051526427269
0.831683158875,0.313131302595,0.211109191179,0.214419275522,0.00331008434296
0.841584146023,0.313131302595,0.211240321398,0.2141572088,0.00291688740253
0.851485133171,0.313131302595,0.209819063544,0.213890433311,0.00407136976719
0.861386120319,0.313131302595,0.206761240959,0.213618323207,0.00685708224773
0.871287107468,0.313131302595,0.2019995749,0.213340342045,0.0113407671452
0.881188154221,0.313131302595,0.195487484336,0.213055878878,0.0175683945417
0.891089081764,0.313131302595,0.187201574445,0.212764620781,0.0255630463362
0.900990128517,0.313131302595,0.177143961191,0.212466031313,0.0353220701218
0.910891115665,0.313131302595,0.165345102549,0.212159991264,0.0468148887157
0.920792102814,0.313131302595,0.151864141226,0.211845874786,0.0599817335606
0.930693089962,0.313131302595,0.136790663004,0.211523339152,0.0747326761484
0.94059407711,0.313131302595,0.120243787766,0.211192294955,0.0909485071898
0.950495064259,0.313131302595,0.102371118963,0.210852265358,0.108481146395
0.960396051407,0.313131302595,0.0833477377892,0.21050325036,0.127155512571
0.970297038555,0.313131302595,0.0633723512292,0.210144668818,0.146772325039
0.980198025703,0.313131302595,0.0426640249789,0.209776699543,0.167112678289
0.990099012852,0.313131302595,0.0214577540755,0.209398910403,0.187941163778
0.00990098994225,0.323232322931,-0.00246916036122,0.237840935588,0.240310102701
0.0198019798845,0.323232322931,-0.00493531720713,0.238374084234,0.243309408426
0.0297029688954,0.323232322931,-0.00739545607939,0.238881766796,0.246277227998
0.039603959769,0.323232322931,-0.00984654482454,0.239362731576,0.249209269881
0.0495049506426,0.323232322931,-0.0122855324298,0.239815473557,0.252101004124
0.0594059377909,0.323232322931,-0.0147093124688,0.240238428116,0.25494775176
0.0693069323897,0.323232322931,-0.0171147547662,0.240630447865,0.257745206356
0.079207919538,0.323232322931,-0.0194986592978,0.240990102291,0.26048874855
0.0891089066863,0.323232322931,-0.0218577552587,0.241316065192,0.263173818588
0.0990099012852,0.323232322931,-0.0241887364537,0.241607308388,0.265796035528
0.108910888433,0.323232322931,-0.026488147676,0.241862505674,0.268350660801
0.118811875582,0.323232322931,-0.0287525150925,0.242080718279,0.270833224058
0.12871286273,0.323232322931,-0.0309781990945,0.242260798812,0.273238986731
0.138613864779,0.323232322931,-0.0331614799798,0.24240219593,0.275563687086
0.148514851928,0.323232322931,-0.0352984927595,0.242504045367,0.277802526951
0.158415839076,0.323232322931,-0.0373852662742,0.242565661669,0.279950916767
0.168316826224,0.323232322931,-0.0394176617265,0.242586657405,0.282004326582
0.178217813373,0.323232322931,-0.0413913726807,0.242566794157,0.283958166838
0.188118815422,0.323232322931,-0.0433019697666,0.242505818605,0.285807788372
0.19801980257,0.323232322931,-0.0451448112726,0.242403686047,0.287548482418
0.207920789719,0.323232322931,-0.0469150431454,0.242260694504,0.289175748825
0.217821776867,0.323232322931,-0.0486076846719,0.242077127099,0.290684819221
0.227722764015,0.323232322931,-0.0502174496651,0.241853579879,0.292071044445
0.237623751163,0.323232322931,-0.051738910377,0.241590633988,0.293329536915
0.247524753213,0.323232322931,-0.0531663298607,0.241289243102,0.294455587864
0.25742572546,0.323232322931,-0.0544938072562,0.240950584412,0.295444399118
0.267326742411,0.323232322931,-0.0557150915265,0.240575894713,0.29629099369
0.277227729559,0.323232322931,-0.0568237565458,0.240166500211,0.296990245581
0.287128716707,0.323232322931,-0.0578130371869,0.23972414434,0.297537177801
0.297029703856,0.323232322931,-0.0586758591235,0.239250570536,0.297926425934
0.306930691004,0.323232322931,-0.0594049207866,0.238747924566,0.298152834177
0.316831678152,0.323232322931,-0.0599925480783,0.238217949867,0.298210501671
0.3267326653,0.323232322931,-0.0604308433831,0.237663030624,0.298093885183
0.336633652449,0.323232322931,-0.0607114844024,0.237085431814,0.297796905041
0.346534639597,0.323232322931,-0.0608259104192,0.236487627029,0.297313541174
0.356435626745,0.323232322931,-0.0607652291656,0.235871985555,0.29663720727
0.366336613894,0.323232322931,-0.0605201944709,0.235241055489,0.29576125741
0.376237630844,0.323232322931,-0.0600812360644,0.234597370028,0.294678598642
0.386138617992,0.323232322931,-0.0594386011362,0.233943611383,0.293382227421
0.396039605141,0.323232322931,-0.0585820823908,0.233282163739,0.29186424613
0.405940592289,0.323232322931,-0.0575013384223,0.2326156497,0.290116995573
0.415841579437,0.323232322931,-0.0561857074499,0.231946468353,0.288132190704
0.425742566586,0.323232322931,-0.054624311626,0.231276929379,0.285901248455
0.435643553734,0.323232322931,-0.0528061240911,0.230609476566,0.283415615559
0.445544540882,0.323232322931,-0.0507200062275,0.229946106672,0.2806661129
0.45544552803,0.323232322931,-0.0483546592295,0.229288935661,0.277643591166
0.465346515179,0.323232322931,-0.0456989258528,0.228639900684,0.274338841438
0.475247502327,0.323232322931,-0.0427415855229,0.228000685573,0.27074226737
0.485148519278,0.323232322931,-0.0394717156887,0.227372825146,0.266844540834
0.495049506426,0.323232322931,-0.0358785688877,0.226757735014,0.262636303902
0.504950523376,0.323232322931,-0.0319518893957,0.226156786084,0.25810867548
0.51485145092,0.323232322931,-0.0276820342988,0.225570842624,0.253252863884
0.524752497673,0.323232322931,-0.0230599250644,0.225000977516,0.248060896993
0.534653484821,0.323232322931,-0.018077576533,0.224447712302,0.242525294423
0.54455447197,0.323232322931,-0.0127281248569,0.223911806941,0.236639931798
0.554455459118,0.323232322931,-0.00700597604737,0.223393335938,0.230399310589
0.564356446266,0.323232322931,-0.000907394976821,0.222892686725,0.223800078034
0.574257433414,0.323232322931,0.00556962797418,0.2224098593,0.216840237379
0.584158420563,0.323232322931,0.012424598448,0.221944779158,0.209520176053
0.594059407711,0.323232322931,0.0196545049548,0.221497118473,0.201842606068
0.603960394859,0.323232322931,0.0272532515228,0.221066683531,0.193813428283
0.613861382008,0.323232322931,0.0352113135159,0.220652863383,0.185441553593
0.623762369156,0.323232322931,0.043515201658,0.220255225897,0.176740020514
0.633663415909,0.323232322931,0.0521471947432,0.219872936606,0.167725741863
0.643564343452,0.323232322931,0.0610844194889,0.219505399466,0.158420979977
0.653465390205,0.323232322931,0.0702992007136,0.219151780009,0.148852586746
0.663366317749,0.323232322931,0.0797573775053,0.218811154366,0.13905377686
0.673267364502,0.323232322931,0.0894190818071,0.218482673168,0.129063591361
0.683168292046,0.323232322931,0.0992371216416,0.218165382743,0.118928261101
0.693069338799,0.323232322931,0.10915748775,0.217858299613,0.108700811863
0.702970266342,0.323232322931,0.119118280709,0.217560499907,0.0984422191978
0.712871313095,0.323232322931,0.129050239921,0.217270791531,0.08822055161
0.722772240639,0.323232322931,0.138875514269,0.216988414526,0.0781129002571
0.732673287392,0.323232322931,0.148508697748,0.216712281108,0.0682035833597
0.74257427454,0.323232322931,0.157856196165,0.216441512108,0.0585853159428
0.752475261688,0.323232322931,0.166816920042,0.216174855828,0.0493579357862
0.762376248837,0.323232322931,0.175282627344,0.21591180563,0.0406291782856
0.772277235985,0.323232322931,0.183139130473,0.215651094913,0.0325119644403
0.782178223133,0.323232322931,0.190266922116,0.215391844511,0.0251249223948
0.792079210281,0.323232322931,0.196542516351,0.215133547783,0.0185910314322
0.80198019743,0.323232322931,0.201841071248,0.214875176549,0.0130341053009
0.811881184578,0.323232322931,0.206036984921,0.214615821838,0.00857883691788
0.821782171726,0.323232322931,0.209007635713,0.214354962111,0.0053473263979
0.831683158875,0.323232322931,0.210634946823,0.214091822505,0.00345687568188
0.841584146023,0.323232322931,0.210809066892,0.21382561326,0.0030165463686
0.851485133171,0.323232322931,0.20943069458,0.213555768132,0.00412507355213
0.861386120319,0.323232322931,0.206414997578,0.213281750679,0.00686675310135
0.871287107468,0.323232322931,0.20169429481,0.213002815843,0.0113085210323
0.881188154221,0.323232322931,0.195221439004,0.212718963623,0.0174975246191
0.891089081764,0.323232322931,0.186972543597,0.212429046631,0.0254565030336
0.900990128517,0.323232322931,0.176949411631,0.212132960558,0.0351835489273
0.910891115665,0.323232322931,0.165182173252,0.211830064654,0.0466478914022
0.920792102814,0.323232322931,0.151729792356,0.211520120502,0.059790328145
0.930693089962,0.323232322931,0.13668179512,0.21120287478,0.0745210796595
0.94059407711,0.323232322931,0.120157323778,0.210877820849,0.0907204970717
0.950495064259,0.323232322931,0.102304138243,0.210544541478,0.108240403235
0.960396051407,0.323232322931,0.0832976400852,0.21020296216,0.126905322075
0.970297038555,0.323232322931,0.0633368715644,0.209852710366,0.146515846252
0.980198025703,0.323232322931,0.0426414050162,0.209493607283,0.166852205992
0.990099012852,0.323232322931,0.0214467607439,0.209125339985,0.187678575516
0.00990098994225,0.333333343267,-0.00246668723412,0.237808600068,0.240275293589
0.0198019798845,0.333333343267,-0.00493040122092,0.238359063864,0.243289470673
0.0297029688954,0.333333343267,-0.00738815730438,0.2388856709,0.246273830533
0.039603959769,0.333333343267,-0.00983695499599,0.239386245608,0.249223202467
0.0495049506426,0.333333343267,-0.0122737698257,0.239859759808,0.252133518457
0.0594059377909,0.333333343267,-0.014695529826,0.240304708481,0.25500023365
0.0693069323897,0.333333343267,-0.0170991327614,0.240719497204,0.257818639278
0.079207919538,0.333333343267,-0.0194814112037,0.241103023291,0.260584443808
0.0891089066863,0.333333343267,-0.0218391213566,0.241453558207,0.26329267025
0.0990099012852,0.333333343267,-0.0241689868271,0.241770327091,0.265939325094
0.108910888433,0.333333343267,-0.0264675933868,0.242051646113,0.268519252539
0.118811875582,0.333333343267,-0.0287314839661,0.24229682982,0.271028310061
0.12871286273,0.333333343267,-0.0309570468962,0.242504298687,0.273461341858
0.138613864779,0.333333343267,-0.0331406109035,0.242673620582,0.27581423521
0.148514851928,0.333333343267,-0.0352783277631,0.242803528905,0.278081864119
0.158415839076,0.333333343267,-0.0373662635684,0.242893576622,0.280259847641
0.168316826224,0.333333343267,-0.0394002981484,0.242943048477,0.282343357801
0.178217813373,0.333333343267,-0.0413761623204,0.242951571941,0.284327745438
0.188118815422,0.333333343267,-0.0432894602418,0.242918789387,0.286208242178
0.19801980257,0.333333343267,-0.0451355800033,0.242844507098,0.287980079651
0.207920789719,0.333333343267,-0.0469096824527,0.242728948593,0.289638638496
0.217821776867,0.333333343267,-0.048606839031,0.242572009563,0.29117885232
0.227722764015,0.333333343267,-0.0502217710018,0.242374315858,0.292596101761
0.237623751163,0.333333343267,-0.0517490953207,0.242136135697,0.293885231018
0.247524753213,0.333333343267,-0.0531830862164,0.241858512163,0.295041590929
0.25742572546,0.333333343267,-0.054517865181,0.241542220116,0.296060085297
0.267326742411,0.333333343267,-0.0557472407818,0.241188421845,0.296935677528
0.277227729559,0.333333343267,-0.0568647757173,0.240798249841,0.297663033009
0.287128716707,0.333333343267,-0.0578637309372,0.240373507142,0.298237234354
0.297029703856,0.333333343267,-0.0587370879948,0.239915534854,0.298652619123
0.306930691004,0.333333343267,-0.0594775043428,0.239426285028,0.298903793097
0.316831678152,0.333333343267,-0.0600773692131,0.238907679915,0.29898506403
0.3267326653,0.333333343267,-0.0605288036168,0.238361805677,0.29889062047
0.336633652449,0.333333343267,-0.0608234666288,0.237791031599,0.298614501953
0.346534639597,0.333333343267,-0.060952834785,0.237197369337,0.298150211573
0.356435626745,0.333333343267,-0.0609079934657,0.236583605409,0.29749161005
0.366336613894,0.333333343267,-0.0606797337532,0.235951989889,0.296631723642
0.376237630844,0.333333343267,-0.0602584704757,0.235305160284,0.29556363821
0.386138617992,0.333333343267,-0.0596344321966,0.234645619988,0.294280052185
0.396039605141,0.333333343267,-0.0587974227965,0.2339759022,0.292773336172
0.405940592289,0.333333343267,-0.0577370747924,0.233298674226,0.291035741568
0.415841579437,0.333333343267,-0.0564427003264,0.232616409659,0.289059102535
0.425742566586,0.333333343267,-0.0549033991992,0.231931552291,0.286834955215
0.435643553734,0.333333343267,-0.0531081035733,0.231246307492,0.284354418516
0.445544540882,0.333333343267,-0.0510456599295,0.230563238263,0.281608909369
0.45544552803,0.333333343267,-0.0487046986818,0.229884266853,0.278588950634
0.465346515179,0.333333343267,-0.0460739955306,0.229211613536,0.275285601616
0.475247502327,0.333333343267,-0.0431422777474,0.22854693234,0.271689206362
0.485148519278,0.333333343267,-0.0398985445499,0.227892175317,0.267790734768
0.495049506426,0.333333343267,-0.0363319590688,0.227248758078,0.263580709696
0.504950523376,0.333333343267,-0.0324321649969,0.226618245244,0.259050399065
0.51485145092,0.333333343267,-0.0281894057989,0.226001664996,0.254191070795
0.524752497673,0.333333343267,-0.0235944986343,0.225400224328,0.248994722962
0.534653484821,0.333333343267,-0.0186393223703,0.2248146981,0.243454024196
0.54455447197,0.333333343267,-0.0133168594912,0.224245801568,0.237562656403
0.554455459118,0.333333343267,-0.00762136746198,0.223694160581,0.231315523386
0.564356446266,0.333333343267,-0.00154892948922,0.223160073161,0.224709004164
0.574257433414,0.333333343267,0.00490262545645,0.22264367342,0.217741042376
0.584158420563,0.333333343267,0.0117330132052,0.22214512527,0.210412114859
0.594059407711,0.333333343267,0.018939409405,0.221664264798,0.202724859118
0.603960394859,0.333333343267,0.026515936479,0.221200957894,0.194685027003
0.613861382008,0.333333343267,0.0344532877207,0.220754772425,0.186301484704
0.623762369156,0.333333343267,0.0427381880581,0.22032520175,0.177587017417
0.633663415909,0.333333343267,0.0513531528413,0.219912007451,0.168558850884
0.643564343452,0.333333343267,0.0602755434811,0.219514220953,0.159238681197
0.653465390205,0.333333343267,0.0694779008627,0.219131320715,0.149653419852
0.663366317749,0.333333343267,0.0789262801409,0.218762233853,0.139835953712
0.673267364502,0.333333343267,0.0885810479522,0.218406587839,0.129825532436
0.683168292046,0.333333343267,0.0983951836824,0.218063220382,0.119668036699
0.693069338799,0.333333343267,0.108314864337,0.217731207609,0.109416343272
0.702970266342,0.333333343267,0.118278361857,0.217409804463,0.0991314426064
0.712871313095,0.333333343267,0.128216505051,0.217097818851,0.0888813138008
0.722772240639,0.333333343267,0.138051554561,0.216794446111,0.0787428915501
0.732673287392,0.333333343267,0.147698178887,0.216498717666,0.0688005387783
0.74257427454,0.333333343267,0.157062724233,0.216209575534,0.0591468513012
0.752475261688,0.333333343267,0.166044101119,0.215926140547,0.0498820394278
0.762376248837,0.333333343267,0.174533948302,0.215647518635,0.0411135703325
0.772277235985,0.333333343267,0.182417914271,0.215372636914,0.0329547226429
0.782178223133,0.333333343267,0.1895763129,0.215100765228,0.0255244523287
0.792079210281,0.333333343267,0.195885360241,0.214831188321,0.0189458280802
0.80198019743,0.333333343267,0.20121987164,0.2145627141,0.0133428424597
0.811881184578,0.333333343267,0.205453842878,0.214294835925,0.00884099304676
0.821782171726,0.333333343267,0.208464220166,0.214026600122,0.00556237995625
0.831683158875,0.333333343267,0.210132494569,0.213757351041,0.00362485647202
0.841584146023,0.333333343267,0.210348293185,0.213486537337,0.00313824415207
0.851485133171,0.333333343267,0.209011763334,0.213213160634,0.00420139729977
0.861386120319,0.333333343267,0.206037640572,0.212936788797,0.00689914822578
0.871287107468,0.333333343267,0.201357573271,0.212656915188,0.011299341917
0.881188154221,0.333333343267,0.19492405653,0.21237270534,0.0174486488104
0.891089081764,0.333333343267,0.186712726951,0.212083905935,0.0253711789846
0.900990128517,0.333333343267,0.176725059748,0.211789920926,0.0350648611784
0.910891115665,0.333333343267,0.164990857244,0.211490139365,0.0464992821217
0.920792102814,0.333333343267,0.151568979025,0.211184233427,0.0596152544022
0.930693089962,0.333333343267,0.136548697948,0.210871905088,0.07432320714
0.94059407711,0.333333343267,0.120049268007,0.210552558303,0.0905032902956
0.950495064259,0.333333343267,0.10221862793,0.21022605896,0.10800743103
0.960396051407,0.333333343267,0.0832323133945,0.209891796112,0.126659482718
0.970297038555,0.333333343267,0.063289731741,0.209549754858,0.146260023117
0.980198025703,0.333333343267,0.0426108948886,0.209199354053,0.166588455439
0.990099012852,0.333333343267,0.0214317776263,0.208840548992,0.187408775091
0.00990098994225,0.343434333801,-0.00246379175223,0.237785637379,0.240249425173
0.0198019798845,0.343434333801,-0.00492464005947,0.23835337162,0.24327801168
0.0297029688954,0.343434333801,-0.00737959099934,0.238898187876,0.246277779341
0.039603959769,0.343434333801,-0.009825672023,0.239418119192,0.249243795872
0.0495049506426,0.343434333801,-0.0122598912567,0.239912137389,0.252172023058
0.0594059377909,0.343434333801,-0.0146792046726,0.240378573537,0.255057781935
0.0693069323897,0.343434333801,-0.0170805361122,0.240815982223,0.257896512747
0.079207919538,0.343434333801,-0.0194607581943,0.241222888231,0.260683655739
0.0891089066863,0.343434333801,-0.0218166522682,0.24159796536,0.263414621353
0.0990099012852,0.343434333801,-0.0241449661553,0.241940036416,0.266084998846
0.108910888433,0.343434333801,-0.0264423247427,0.24224729836,0.268689632416
0.118811875582,0.343434333801,-0.0287052951753,0.24251896143,0.27122426033
0.12871286273,0.343434333801,-0.0309303048998,0.242753863335,0.273684173822
0.138613864779,0.343434333801,-0.0331136956811,0.242950871587,0.276064574718
0.148514851928,0.343434333801,-0.0352516621351,0.243109062314,0.278360724449
0.158415839076,0.343434333801,-0.037340298295,0.243227541447,0.280567824841
0.168316826224,0.343434333801,-0.0393755175173,0.243305563927,0.282681077719
0.178217813373,0.343434333801,-0.0413530878723,0.243342667818,0.284695744514
0.188118815422,0.343434333801,-0.043268609792,0.243338420987,0.286607027054
0.19801980257,0.343434333801,-0.0451175384223,0.243292331696,0.288409858942
0.207920789719,0.343434333801,-0.0468950457871,0.24320435524,0.290099412203
0.217821776867,0.343434333801,-0.0485962405801,0.243074610829,0.29167085886
0.227722764015,0.343434333801,-0.0502158626914,0.242903277278,0.293119132519
0.237623751163,0.343434333801,-0.0517485588789,0.242690548301,0.29443910718
0.247524753213,0.343434333801,-0.053188636899,0.242437273264,0.295625925064
0.25742572546,0.343434333801,-0.0545302554965,0.242144033313,0.296674281359
0.267326742411,0.343434333801,-0.0557672083378,0.241811871529,0.297579079866
0.277227729559,0.343434333801,-0.0568931251764,0.241441950202,0.298335075378
0.287128716707,0.343434333801,-0.0579012781382,0.241035446525,0.298936724663
0.297029703856,0.343434333801,-0.0587846487761,0.24059394002,0.299378573895
0.306930691004,0.343434333801,-0.059535972774,0.240119099617,0.299655079842
0.316831678152,0.343434333801,-0.0601475946605,0.239612877369,0.299760460854
0.3267326653,0.343434333801,-0.0606116615236,0.23907700181,0.299688667059
0.336633652449,0.343434333801,-0.060919880867,0.238513857126,0.299433737993
0.346534639597,0.343434333801,-0.0610637106001,0.237925544381,0.298989266157
0.356435626745,0.343434333801,-0.0610342659056,0.237314447761,0.298348724842
0.366336613894,0.343434333801,-0.0608223117888,0.236683130264,0.297505438328
0.376237630844,0.343434333801,-0.0604182928801,0.236033916473,0.296452224255
0.386138617992,0.343434333801,-0.0598124302924,0.235369414091,0.295181840658
0.396039605141,0.343434333801,-0.058994513005,0.234692320228,0.293686836958
0.405940592289,0.343434333801,-0.0579541474581,0.234005048871,0.291959196329
0.415841579437,0.343434333801,-0.0566806532443,0.233310222626,0.289990872145
0.425742566586,0.343434333801,-0.0551631078124,0.232610374689,0.287773489952
0.435643553734,0.343434333801,-0.0533904023468,0.23190793395,0.285298347473
0.445544540882,0.343434333801,-0.0513513162732,0.231205329299,0.282556653023
0.45544552803,0.343434333801,-0.0490344800055,0.23050481081,0.27953928709
0.465346515179,0.343434333801,-0.0464286059141,0.22980850935,0.276237130165
0.475247502327,0.343434333801,-0.0435223318636,0.229118466377,0.272640794516
0.485148519278,0.343434333801,-0.0403046086431,0.228436633945,0.268741250038
0.495049506426,0.343434333801,-0.0367644988,0.227764621377,0.264529109001
0.504950523376,0.343434333801,-0.0328915789723,0.227104112506,0.259995698929
0.51485145092,0.343434333801,-0.0286759678274,0.226456493139,0.255132466555
0.524752497673,0.343434333801,-0.0241083819419,0.22582295537,0.249931335449
0.534653484821,0.343434333801,-0.0191805548966,0.225204497576,0.244385048747
0.54455447197,0.343434333801,-0.0138853443787,0.224602028728,0.238487377763
0.554455459118,0.343434333801,-0.00821685232222,0.224016338587,0.232233196497
0.564356446266,0.343434333801,-0.00217100745067,0.223447874188,0.225618883967
0.574257433414,0.343434333801,0.00425455253571,0.222896948457,0.218642398715
0.584158420563,0.343434333801,0.0110597135499,0.222363963723,0.211304247379
0.594059407711,0.343434333801,0.0182418506593,0.221848785877,0.203606933355
0.603960394859,0.343434333801,0.0257952995598,0.221351459622,0.195556163788
0.613861382008,0.343434333801,0.0337109528482,0.220871835947,0.187160879374
0.623762369156,0.343434333801,0.0419757701457,0.220409467816,0.178433701396
0.633663415909,0.343434333801,0.050572488457,0.219963878393,0.169391393661
0.643564343452,0.343434333801,0.0594786889851,0.219534695148,0.160056009889
0.653465390205,0.343434333801,0.0686671361327,0.219121351838,0.150454223156
0.663366317749,0.343434333801,0.0781041234732,0.218722879887,0.140618756413
0.673267364502,0.343434333801,0.0877502039075,0.21833871305,0.130588501692
0.683168292046,0.343434333801,0.097558580339,0.21796824038,0.120409660041
0.693069338799,0.343434333801,0.107475608587,0.217610150576,0.110134541988
0.702970266342,0.343434333801,0.117439702153,0.217263922095,0.0998242199421
0.712871313095,0.343434333801,0.127381876111,0.216928556561,0.0895466804504
0.722772240639,0.343434333801,0.137224450707,0.216603055596,0.0793786048889
0.732673287392,0.343434333801,0.146882146597,0.216286703944,0.0694045573473
0.74257427454,0.343434333801,0.156261339784,0.215978249907,0.0597169101238
0.752475261688,0.343434333801,0.165260955691,0.215677022934,0.0504160672426
0.762376248837,0.343434333801,0.173772528768,0.215381994843,0.0416094660759
0.772277235985,0.343434333801,0.181681588292,0.215092271566,0.0334106832743
0.782178223133,0.343434333801,0.188868224621,0.214807033539,0.025938808918
0.792079210281,0.343434333801,0.19520843029,0.214525133371,0.0193167030811
0.80198019743,0.343434333801,0.200576722622,0.214245960116,0.0136692374945
0.811881184578,0.343434333801,0.204846784472,0.213968768716,0.00912198424339
0.821782171726,0.343434333801,0.207895100117,0.213692545891,0.00579744577408
0.831683158875,0.343434333801,0.209602788091,0.213416785002,0.00381399691105
0.841584146023,0.343434333801,0.209858998656,0.213140442967,0.00328144431114
0.851485133171,0.343434333801,0.208563357592,0.212863087654,0.00429973006248
0.861386120319,0.343434333801,0.205630078912,0.212584078312,0.00695399940014
0.871287107468,0.343434333801,0.200990408659,0.212302461267,0.0113120526075
0.881188154221,0.343434333801,0.194596379995,0.212017834187,0.0174214541912
0.891089081764,0.343434333801,0.186423137784,0.211729720235,0.0253065824509
0.900990128517,0.343434333801,0.176471874118,0.211437314749,0.0349654406309
0.910891115665,0.343434333801,0.164772093296,0.211140364408,0.0463682711124
0.920792102814,0.343434333801,0.151382416487,0.21083830297,0.0594558864832
0.930693089962,0.343434333801,0.136392086744,0.210530534387,0.0741384476423
0.94059407711,0.343434333801,0.11992033571,0.210216984153,0.0902966484427
0.950495064259,0.343434333801,0.10211507231,0.209896847606,0.107781775296
0.960396051407,0.343434333801,0.0831521749496,0.209569811821,0.126417636871
0.970297038555,0.343434333801,0.0632312595844,0.209235742688,0.146004483104
0.980198025703,0.343434333801,0.0425727143884,0.208894118667,0.166321396828
0.990099012852,0.343434333801,0.02141292952,0.208544775844,0.187131851912
0.00990098994225,0.353535354137,-0.0024604878854,0.237770959735,0.240231454372
0.0198019798845,0.353535354137,-0.00491806212813,0.238355621696,0.243273690343
0.0297029688954,0.353535354137,-0.00736979721114,0.238918215036,0.246288016438
0.039603959769,0.353535354137,-0.0098127508536,0.239457324147,0.24927008152
0.0495049506426,0.353535354137,-0.0122439628467,0.239971503615,0.252215474844
0.0594059377909,0.353535354137,-0.014660416171,0.240459159017,0.255119562149
0.0693069323897,0.353535354137,-0.0170590672642,0.240918666124,0.257977724075
0.079207919538,0.353535354137,-0.0194368120283,0.241348788142,0.260785609484
0.0891089066863,0.353535354137,-0.02179046534,0.241748094559,0.263538569212
0.0990099012852,0.353535354137,-0.0241168122739,0.242114976048,0.266231775284
0.108910888433,0.353535354137,-0.0264124963433,0.242448031902,0.268860518932
0.118811875582,0.353535354137,-0.0286741182208,0.242746412754,0.271420538425
0.12871286273,0.353535354137,-0.0308981407434,0.243008479476,0.273906618357
0.138613864779,0.353535354137,-0.0330809280276,0.243233084679,0.276314020157
0.148514851928,0.353535354137,-0.0352187119424,0.243419393897,0.278638094664
0.158415839076,0.353535354137,-0.0373076125979,0.243566349149,0.280873954296
0.168316826224,0.353535354137,-0.0393435768783,0.243673160672,0.283016741276
0.178217813373,0.353535354137,-0.0413223803043,0.243738844991,0.285061240196
0.188118815422,0.353535354137,-0.0432396940887,0.243763253093,0.287002950907
0.19801980257,0.353535354137,-0.0450909696519,0.243745669723,0.288836628199
0.207920789719,0.353535354137,-0.0468714274466,0.243685781956,0.290557205677
0.217821776867,0.353535354137,-0.0485761985183,0.243583515286,0.292159706354
0.227722764015,0.353535354137,-0.0502000413835,0.243439018726,0.293639063835
0.237623751163,0.353535354137,-0.0517376363277,0.243252426386,0.294990062714
0.247524753213,0.353535354137,-0.0531833432615,0.243024140596,0.296207487583
0.25742572546,0.353535354137,-0.0545313060284,0.242754682899,0.297285974026
0.267326742411,0.353535354137,-0.05577538535,0.242444902658,0.298220276833
0.277227729559,0.353535354137,-0.0569092072546,0.242095828056,0.299005031586
0.287128716707,0.353535354137,-0.0579260699451,0.241708531976,0.299634605646
0.297029703856,0.353535354137,-0.058818988502,0.241284444928,0.30010342598
0.306930691004,0.353535354137,-0.0595807209611,0.240825071931,0.300405800343
0.316831678152,0.353535354137,-0.0602036230266,0.24033203721,0.300535649061
0.3267326653,0.353535354137,-0.0606798715889,0.239807263017,0.30048713088
0.336633652449,0.353535354137,-0.0610011704266,0.239252731204,0.300253897905
0.346534639597,0.353535354137,-0.061159003526,0.238670736551,0.299829751253
0.356435626745,0.353535354137,-0.0611444935203,0.238063380122,0.299207866192
0.366336613894,0.353535354137,-0.0609484091401,0.237433165312,0.298381567001
0.376237630844,0.353535354137,-0.0605612061918,0.236782461405,0.297343671322
0.386138617992,0.353535354137,-0.0599730834365,0.236113980412,0.296087056398
0.396039605141,0.353535354137,-0.0591738633811,0.235430106521,0.294603973627
0.405940592289,0.353535354137,-0.0581530965865,0.234733521938,0.292886614799
0.415841579437,0.353535354137,-0.0569001361728,0.234026864171,0.290926992893
0.425742566586,0.353535354137,-0.0554039813578,0.233312681317,0.288716673851
0.435643553734,0.353535354137,-0.0536535382271,0.232593491673,0.286247014999
0.445544540882,0.353535354137,-0.051637545228,0.231871768832,0.28350931406
0.45544552803,0.353535354137,-0.0493445731699,0.231149941683,0.280494511127
0.465346515179,0.353535354137,-0.0467632897198,0.230430275202,0.277193576097
0.475247502327,0.353535354137,-0.0438822954893,0.229714915156,0.273597210646
0.485148519278,0.353535354137,-0.0406904481351,0.229005947709,0.269696384668
0.495049506426,0.353535354137,-0.037176746875,0.228305235505,0.265481978655
0.504950523376,0.353535354137,-0.0333306752145,0.227614536881,0.26094520092
0.51485145092,0.353535354137,-0.0291422568262,0.226935386658,0.256077647209
0.524752497673,0.353535354137,-0.0246020779014,0.226269230247,0.250871300697
0.534653484821,0.353535354137,-0.019701782614,0.225617349148,0.245319128036
0.54455447197,0.353535354137,-0.0144340731204,0.224980667233,0.239414736629
0.554455459118,0.353535354137,-0.00879291351885,0.22436016798,0.23315307498
0.564356446266,0.353535354137,-0.00277407537214,0.22375652194,0.226530596614
0.574257433414,0.353535354137,0.0036249672994,0.22317032516,0.21954536438
0.584158420563,0.353535354137,0.0104042869061,0.22260184586,0.212197557092
0.594059407711,0.353535354137,0.017561448738,0.222051441669,0.204489991069
0.603960394859,0.353535354137,0.0250909850001,0.221519112587,0.196428120136
0.613861382008,0.353535354137,0.0329840034246,0.22100481391,0.188020810485
0.623762369156,0.353535354137,0.0412276834249,0.220508396626,0.179280713201
0.633663415909,0.353535354137,0.0498049631715,0.220029488206,0.170224517584
0.643564343452,0.353535354137,0.0586936585605,0.219567760825,0.160874098539
0.653465390205,0.353535354137,0.0678667798638,0.219122692943,0.151255905628
0.663366317749,0.353535354137,0.0772908106446,0.218693569303,0.141402751207
0.673267364502,0.353535354137,0.0869265422225,0.218280017376,0.131353467703
0.683168292046,0.353535354137,0.0967273563147,0.217880994081,0.121153637767
0.693069338799,0.353535354137,0.106639809906,0.217495843768,0.110856033862
0.702970266342,0.353535354137,0.116602495313,0.217123731971,0.100521236658
0.712871313095,0.353535354137,0.126546546817,0.21676389873,0.0902173519135
0.722772240639,0.353535354137,0.136394441128,0.216415330768,0.0800208896399
0.732673287392,0.353535354137,0.146060928702,0.216077178717,0.0700162500143
0.74257427454,0.353535354137,0.155452489853,0.215748637915,0.0602961480618
0.752475261688,0.353535354137,0.164467960596,0.215428486466,0.0509605258703
0.762376248837,0.353535354137,0.172998890281,0.21511618793,0.0421172976494
0.772277235985,0.353535354137,0.180930659175,0.214810550213,0.0338798910379
0.782178223133,0.353535354137,0.188143253326,0.21451087296,0.0263676196337
0.792079210281,0.353535354137,0.194512426853,0.214215964079,0.0197035372257
0.80198019743,0.353535354137,0.199912473559,0.213925480843,0.0140130072832
0.811881184578,0.353535354137,0.20421667397,0.213638260961,0.00942158699036
0.821782171726,0.353535354137,0.207301214337,0.21335336566,0.00605215132236
0.831683158875,0.353535354137,0.209046795964,0.213070273399,0.00402347743511
0.841584146023,0.353535354137,0.209342092276,0.212788075209,0.00344598293304
0.851485133171,0.353535354137,0.208086341619,0.212506070733,0.00441972911358
0.861386120319,0.353535354137,0.205193325877,0.212223649025,0.00703032314777
0.871287107468,0.353535354137,0.200593799353,0.211939975619,0.0113461762667
0.881188154221,0.353535354137,0.194239288568,0.211654439569,0.017415151
0.891089081764,0.353535354137,0.18610471487,0.211366578937,0.0252618640661
0.900990128517,0.353535354137,0.176190778613,0.211075633764,0.0348848551512
0.910891115665,0.353535354137,0.164526760578,0.210781216621,0.0462544560432
0.920792102814,0.353535354137,0.151171028614,0.210482507944,0.0593114793301
0.930693089962,0.353535354137,0.136212766171,0.21017922461,0.0739664584398
0.94059407711,0.353535354137,0.119771115482,0.209870889783,0.0900997743011
0.950495064259,0.353535354137,0.101994104683,0.209557130933,0.107563026249
0.960396051407,0.353535354137,0.0830577090383,0.209237277508,0.12617957592
0.970297038555,0.353535354137,0.0631618350744,0.208910852671,0.145749017596
0.980198025703,0.353535354137,0.0425271205604,0.20857796073,0.166050836444
0.990099012852,0.353535354137,0.0213903486729,0.208237841725,0.186847493052
0.00990098994225,0.363636374474,-0.00245678797364,0.23776383698,0.240220621228
0.0198019798845,0.363636374474,-0.00491069070995,0.238364905119,0.243275597692
0.0297029688954,0.363636374474,-0.00735881458968,0.238945037127,0.246303856373
0.039603959769,0.363636374474,-0.00979824364185,0.23950278759,0.249301031232
0.0495049506426,0.363636374474,-0.0122260479257,0.240036681294,0.252262741327
0.0594059377909,0.363636374474,-0.0146392406896,0.24054518342,0.255184412003
0.0693069323897,0.363636374474,-0.0170348063111,0.241026744246,0.258061558008
0.079207919538,0.363636374474,-0.0194096751511,0.241479843855,0.260889530182
0.0891089066863,0.363636374474,-0.0217606835067,0.24190287292,0.263663560152
0.0990099012852,0.363636374474,-0.0240846518427,0.242294505239,0.266379147768
0.108910888433,0.363636374474,-0.0263782497495,0.242653235793,0.269031494856
0.118811875582,0.363636374474,-0.0286381151527,0.242977872491,0.271615982056
0.12871286273,0.363636374474,-0.0308607295156,0.243266806006,0.274127542973
0.138613864779,0.363636374474,-0.0330424942076,0.243519157171,0.276561647654
0.148514851928,0.363636374474,-0.0351796709001,0.243733420968,0.278913080692
0.158415839076,0.363636374474,-0.0372684039176,0.243908807635,0.281177222729
0.168316826224,0.363636374474,-0.0393046736717,0.244044274092,0.283348947763
0.178217813373,0.363636374474,-0.0412842966616,0.244138836861,0.285423129797
0.188118815422,0.363636374474,-0.0432029552758,0.244192048907,0.287395000458
0.19801980257,0.363636374474,-0.0450561344624,0.244203075767,0.289259195328
0.207920789719,0.363636374474,-0.0468390956521,0.24417167902,0.291010767221
0.217821776867,0.363636374474,-0.0485469773412,0.244097322226,0.292644292116
0.227722764015,0.363636374474,-0.0501746013761,0.243980139494,0.294154733419
0.237623751163,0.363636374474,-0.0517166517675,0.243819966912,0.295536607504
0.247524753213,0.363636374474,-0.0531675107777,0.243617370725,0.296784877777
0.25742572546,0.363636374474,-0.0545213669538,0.243372395635,0.297893762589
0.267326742411,0.363636374474,-0.0557720959187,0.2430857867,0.298857867718
0.277227729559,0.363636374474,-0.0569133535028,0.24275828898,0.299671649933
0.287128716707,0.363636374474,-0.0579384751618,0.242391169071,0.300329655409
0.297029703856,0.363636374474,-0.058840483427,0.241985321045,0.300825804472
0.306930691004,0.363636374474,-0.0596121549606,0.241542339325,0.301154494286
0.316831678152,0.363636374474,-0.0602458789945,0.241063475609,0.301309347153
0.3267326653,0.363636374474,-0.0607338473201,0.240550756454,0.301284611225
0.336633652449,0.363636374474,-0.0610677711666,0.240005970001,0.301073729992
0.346534639597,0.363636374474,-0.0612391605973,0.239431202412,0.300670355558
0.356435626745,0.363636374474,-0.0612391419709,0.238828644156,0.300067782402
0.366336613894,0.363636374474,-0.061058498919,0.238200560212,0.299259066582
0.376237630844,0.363636374474,-0.0606876835227,0.237549483776,0.298237174749
0.386138617992,0.363636374474,-0.0601169019938,0.236877799034,0.296994686127
0.396039605141,0.363636374474,-0.0593359619379,0.236188158393,0.295524120331
0.405940592289,0.363636374474,-0.058334428817,0.235483139753,0.293817579746
0.415841579437,0.363636374474,-0.0571016147733,0.234765335917,0.291866958141
0.425742566586,0.363636374474,-0.0556265376508,0.2340375036,0.289664030075
0.435643553734,0.363636374474,-0.0538980327547,0.233302116394,0.287200152874
0.445544540882,0.363636374474,-0.0519048422575,0.232561811805,0.284466654062
0.45544552803,0.363636374474,-0.0496354848146,0.231819033623,0.281454503536
0.465346515179,0.363636374474,-0.0470785982907,0.231076270342,0.278154879808
0.475247502327,0.363636374474,-0.0442226976156,0.230335846543,0.274558544159
0.485148519278,0.363636374474,-0.0410565920174,0.229599818587,0.270656406879
0.495049506426,0.363636374474,-0.0375692173839,0.228870302439,0.266439527273
0.504950523376,0.363636374474,-0.0337499566376,0.22814925015,0.261899203062
0.51485145092,0.363636374474,-0.0295887552202,0.227438390255,0.2570271492
0.524752497673,0.363636374474,-0.0250760950148,0.226739302278,0.251815408468
0.534653484821,0.363636374474,-0.0202034879476,0.226053386927,0.246256873012
0.54455447197,0.363636374474,-0.0149635188282,0.225382000208,0.240345522761
0.554455459118,0.363636374474,-0.00935001671314,0.22472602129,0.234076038003
0.564356446266,0.363636374474,-0.00335858785547,0.224086478353,0.227445065975
0.574257433414,0.363636374474,0.00301344157197,0.223464012146,0.220450565219
0.584158420563,0.363636374474,0.00976632907987,0.222859293222,0.213092967868
0.594059407711,0.363636374474,0.0168978255242,0.222272634506,0.205374807119
0.603960394859,0.363636374474,0.0244026500732,0.221704304218,0.197301656008
0.613861382008,0.363636374474,0.0322721228004,0.221154391766,0.188882261515
0.623762369156,0.363636374474,0.0404936261475,0.220622837543,0.180129215121
0.633663415909,0.363636374474,0.0490503311157,0.220109567046,0.17105923593
0.643564343452,0.363636374474,0.0579202771187,0.219614073634,0.161693796515
0.653465390205,0.363636374474,0.0670766681433,0.219136208296,0.152059540153
0.663366317749,0.363636374474,0.0764862373471,0.218675389886,0.142189145088
0.673267364502,0.363636374474,0.0861099734902,0.218231022358,0.132121056318
0.683168292046,0.363636374474,0.0959014967084,0.217802390456,0.121900893748
0.693069338799,0.363636374474,0.1058075279,0.217389076948,0.111581549048
0.702970266342,0.363636374474,0.115766845644,0.216990143061,0.101223297417
0.712871313095,0.363636374474,0.125710740685,0.21660451591,0.0908937752247
0.722772240639,0.363636374474,0.135561794043,0.216231882572,0.0806700885296
0.732673287392,0.363636374474,0.145234882832,0.215870887041,0.0706360042095
0.74257427454,0.363636374474,0.154636517167,0.215521022677,0.0608845055103
0.752475261688,0.363636374474,0.16366559267,0.215181142092,0.0515155494213
0.762376248837,0.363636374474,0.172213569283,0.21485054493,0.042636975646
0.772277235985,0.363636374474,0.180165827274,0.214528203011,0.0343623757362
0.782178223133,0.363636374474,0.187402144074,0.214213103056,0.0268109589815
0.792079210281,0.363636374474,0.193798154593,0.213904723525,0.0201065689325
0.80198019743,0.363636374474,0.199227854609,0.213601782918,0.0143739283085
0.811881184578,0.363636374474,0.203564286232,0.213303744793,0.00973945856094
0.821782171726,0.363636374474,0.206683382392,0.213009595871,0.00632621347904
0.831683158875,0.363636374474,0.208465382457,0.212718397379,0.00425301492214
0.841584146023,0.363636374474,0.208798572421,0.212429732084,0.0036311596632
0.851485133171,0.363636374474,0.207581803203,0.212142556906,0.00456075370312
0.861386120319,0.363636374474,0.204728409648,0.211856216192,0.0071278065443
0.871287107468,0.363636374474,0.200168728828,0.211569920182,0.0114011913538
0.881188154221,0.363636374474,0.193853899837,0.211283043027,0.0174291431904
0.891089081764,0.363636374474,0.185758396983,0.210995078087,0.0252366811037
0.900990128517,0.363636374474,0.175882652402,0.210705041885,0.0348223894835
0.910891115665,0.363636374474,0.164255678654,0.210412591696,0.0461569130421
0.920792102814,0.363636374474,0.150935590267,0.210117220879,0.0591816306114
0.930693089962,0.363636374474,0.136011391878,0.209818080068,0.0738066881895
0.94059407711,0.363636374474,0.119602277875,0.209514841437,0.0899125635624
0.950495064259,0.363636374474,0.101856246591,0.209207028151,0.10735078156
0.960396051407,0.363636374474,0.0829493924975,0.208893939853,0.125944554806
0.970297038555,0.363636374474,0.0630817785859,0.208575636148,0.145493865013
0.980198025703,0.363636374474,0.0424743294716,0.208251103759,0.165776774287
0.990099012852,0.363636374474,0.0213641356677,0.207920283079,0.186556145549
0.00990098994225,0.373737365007,-0.00245270389132,0.237763166428,0.240215867758
0.0198019798845,0.373737365007,-0.00490255234763,0.238380253315,0.243282809854
0.0297029688954,0.373737365007,-0.00734667992219,0.238977491856,0.246324166656
0.039603959769,0.373737365007,-0.00978219881654,0.23955360055,0.249335795641
0.0495049506426,0.373737365007,-0.0122062098235,0.240106955171,0.252313166857
0.0594059377909,0.373737365007,-0.0146157545969,0.240635931492,0.255251675844
0.0693069323897,0.373737365007,-0.0170078445226,0.241138935089,0.25814679265
0.079207919538,0.373737365007,-0.019379440695,0.241614505649,0.26099395752
0.0891089066863,0.373737365007,-0.0217274166644,0.242061212659,0.263788640499
0.0990099012852,0.373737365007,-0.0240486040711,0.242477208376,0.266525804996
0.108910888433,0.373737365007,-0.0263397227973,0.242861226201,0.269200950861
0.118811875582,0.373737365007,-0.0285974219441,0.243211984634,0.271809399128
0.12871286273,0.373737365007,-0.0308182258159,0.243527814746,0.2743460536
0.138613864779,0.373737365007,-0.0329985618591,0.24380749464,0.276806056499
0.148514851928,0.373737365007,-0.0351347140968,0.244049847126,0.279184550047
0.158415839076,0.373737365007,-0.0372228659689,0.244253709912,0.281476587057
0.168316826224,0.373737365007,-0.0392590276897,0.244417756796,0.28367677331
0.178217813373,0.373737365007,-0.0412390381098,0.244541332126,0.285780370235
0.188118815422,0.373737365007,-0.0431586205959,0.244623452425,0.287782073021
0.19801980257,0.373737365007,-0.0450132749975,0.244663462043,0.289676725864
0.207920789719,0.373737365007,-0.0467983111739,0.244660571218,0.291458874941
0.217821776867,0.373737365007,-0.0485088713467,0.244614616036,0.293123483658
0.227722764015,0.373737365007,-0.0501398257911,0.244525060058,0.294664889574
0.237623751163,0.373737365007,-0.0516858957708,0.244392111897,0.296077996492
0.247524753213,0.373737365007,-0.0531414598227,0.244215473533,0.297356933355
0.25742572546,0.373737365007,-0.0545007623732,0.243995532393,0.298496305943
0.267326742411,0.373737365007,-0.0557576939464,0.243732824922,0.299490511417
0.277227729559,0.373737365007,-0.0569059513509,0.243427842855,0.300333797932
0.287128716707,0.373737365007,-0.0579388663173,0.243081569672,0.301020443439
0.297029703856,0.373737365007,-0.0588495135307,0.242694795132,0.301544308662
0.306930691004,0.373737365007,-0.0596306659281,0.242269054055,0.301899731159
0.316831678152,0.373737365007,-0.0602747611701,0.241805523634,0.302080273628
0.3267326653,0.373737365007,-0.0607740022242,0.241305842996,0.302079856396
0.336633652449,0.373737365007,-0.0611201040447,0.24077180028,0.301891893148
0.346534639597,0.373737365007,-0.0613046102226,0.240205362439,0.301509976387
0.356435626745,0.373737365007,-0.061318654567,0.239608585835,0.300927251577
0.366336613894,0.373737365007,-0.0611530132592,0.23898383975,0.300136864185
0.376237630844,0.373737365007,-0.0607981644571,0.238333299756,0.299131453037
0.386138617992,0.373737365007,-0.0602443367243,0.237659454346,0.297903776169
0.396039605141,0.373737365007,-0.0594812892377,0.236964970827,0.29644626379
0.405940592289,0.373737365007,-0.0584986172616,0.2362524122,0.294751018286
0.415841579437,0.373737365007,-0.0572855956852,0.23552441597,0.292810022831
0.425742566586,0.373737365007,-0.0558312498033,0.234783604741,0.290614843369
0.435643553734,0.373737365007,-0.0541243962944,0.234032705426,0.288157105446
0.445544540882,0.373737365007,-0.0521537214518,0.233274400234,0.285428106785
0.45544552803,0.373737365007,-0.0499077290297,0.232511207461,0.282418936491
0.465346515179,0.373737365007,-0.0473750121891,0.231745734811,0.279120743275
0.475247502327,0.373737365007,-0.0445440374315,0.230980366468,0.275524407625
0.485148519278,0.373737365007,-0.0414035506546,0.230217546225,0.271621108055
0.495049506426,0.373737365007,-0.0379424132407,0.229459285736,0.267401695251
0.504950523376,0.373737365007,-0.0341499485075,0.228707894683,0.262857854366
0.51485145092,0.373737365007,-0.0300159826875,0.227965116501,0.257981091738
0.524752497673,0.373737365007,-0.0255309157073,0.227232828736,0.252763748169
0.534653484821,0.373737365007,-0.0206861533225,0.226512596011,0.247198745608
0.54455447197,0.373737365007,-0.0154741480947,0.225805833936,0.241279989481
0.554455459118,0.373737365007,-0.00988860148937,0.22511395812,0.235002562404
0.564356446266,0.373737365007,-0.00392497749999,0.224437773228,0.228362753987
0.574257433414,0.373737365007,0.00241957278922,0.223778471351,0.221358895302
0.584158420563,0.373737365007,0.00914545822889,0.223136618733,0.213991165161
0.594059407711,0.373737365007,0.0162506159395,0.222512871027,0.206262260675
0.603960394859,0.373737365007,0.0237299595028,0.221907556057,0.198177590966
0.613861382008,0.373737365007,0.0315750092268,0.221321105957,0.18974609673
0.623762369156,0.373737365007,0.0397733487189,0.220753356814,0.180980011821
0.633663415909,0.373737365007,0.0483083687723,0.220204502344,0.171896129847
0.643564343452,0.373737365007,0.0571583323181,0.219674363732,0.162516027689
0.653465390205,0.373737365007,0.06629665941,0.219162493944,0.152865827084
0.663366317749,0.373737365007,0.0756903067231,0.218668788671,0.142978489399
0.673267364502,0.373737365007,0.0853004828095,0.218192517757,0.132892042398
0.683168292046,0.373737365007,0.0950810015202,0.217733353376,0.122652351856
0.693069338799,0.373737365007,0.104978814721,0.21729055047,0.112311735749
0.702970266342,0.373737365007,0.114932857454,0.216863393784,0.10193053633
0.712871313095,0.373737365007,0.124874591827,0.216451272368,0.091576680541
0.722772240639,0.373737365007,0.134726732969,0.216053217649,0.0813264846802
0.732673287392,0.373737365007,0.144404292107,0.215668603778,0.0712643116713
0.74257427454,0.373737365007,0.153813824058,0.215296268463,0.0614824444056
0.752475261688,0.373737365007,0.162854269147,0.21493563056,0.052081361413
0.762376248837,0.373737365007,0.171417087317,0.214585781097,0.0431686937809
0.772277235985,0.373737365007,0.179387584329,0.214245736599,0.0348581522703
0.782178223133,0.373737365007,0.18664547801,0.21391454339,0.0272690653801
0.792079210281,0.373737365007,0.193066209555,0.213591501117,0.0205252915621
0.80198019743,0.373737365007,0.19852361083,0.213275521994,0.0147519111633
0.811881184578,0.373737365007,0.202890485525,0.212965846062,0.0100753605366
0.821782171726,0.373737365007,0.206042423844,0.212661594152,0.00661917030811
0.831683158875,0.373737365007,0.207859367132,0.212361872196,0.00450250506401
0.841584146023,0.373737365007,0.208229288459,0.212065845728,0.0038365572691
0.851485133171,0.373737365007,0.207050561905,0.211772948503,0.00472238659859
0.861386120319,0.373737365007,0.20423617959,0.211482092738,0.00724591314793
0.871287107468,0.373737365007,0.199716061354,0.211192682385,0.0114766210318
0.881188154221,0.373737365007,0.193441003561,0.210903927684,0.0174629241228
0.891089081764,0.373737365007,0.185385078192,0.210615217686,0.0252301394939
0.900990128517,0.373737365007,0.175548389554,0.210325941443,0.0347775518894
0.910891115665,0.373737365007,0.163959607482,0.210035085678,0.0460754781961
0.920792102814,0.373737365007,0.1506767869,0.209742367268,0.059065580368
0.930693089962,0.373737365007,0.135788708925,0.20944724977,0.0736585408449
0.94059407711,0.373737365007,0.119414433837,0.209148690104,0.0897342562675
0.950495064259,0.373737365007,0.101702027023,0.208846777678,0.107144750655
0.960396051407,0.373737365007,0.0828276202083,0.208540335298,0.12571272254
0.970297038555,0.373737365007,0.0629914328456,0.208229407668,0.145237982273
0.980198025703,0.373737365007,0.0424145869911,0.20791323483,0.165498644114
0.990099012852,0.373737365007,0.0213344115764,0.207591414452,0.186257004738
0.00990098994225,0.383838385344,-0.00244824984111,0.237768128514,0.240216374397
0.0198019798845,0.383838385344,-0.00489367218688,0.2384005934,0.243294268847
0.0297029688954,0.383838385344,-0.00733343139291,0.239014714956,0.246348142624
0.039603959769,0.383838385344,-0.00976466853172,0.239608556032,0.249373227358
0.0495049506426,0.383838385344,-0.0121845118701,0.240180984139,0.252365499735
0.0594059377909,0.383838385344,-0.0145900314674,0.240730032325,0.255320072174
0.0693069323897,0.383838385344,-0.0169782731682,0.241254255176,0.258232533932
0.079207919538,0.383838385344,-0.0193462185562,0.241752043366,0.261098265648
0.0891089066863,0.383838385344,-0.021690774709,0.242221847177,0.26391261816
0.0990099012852,0.383838385344,-0.0240088086575,0.242662057281,0.2666708529
0.108910888433,0.383838385344,-0.0262970533222,0.243071198463,0.269368261099
0.118811875582,0.383838385344,-0.0285522025079,0.243447765708,0.271999955177
0.12871286273,0.383838385344,-0.0307707991451,0.243790149689,0.274560958147
0.138613864779,0.383838385344,-0.0329493097961,0.244097173214,0.277046471834
0.148514851928,0.383838385344,-0.0350840464234,0.244367226958,0.279451280832
0.158415839076,0.383838385344,-0.0371712185442,0.244599446654,0.281770676374
0.168316826224,0.383838385344,-0.0392068587244,0.244792222977,0.283999085426
0.178217813373,0.383838385344,-0.041186850518,0.24494472146,0.286131560802
0.188118815422,0.383838385344,-0.0431069359183,0.245055928826,0.288162857294
0.19801980257,0.383838385344,-0.0449626594782,0.2451248914,0.290087550879
0.207920789719,0.383838385344,-0.0467493385077,0.245151042938,0.291900396347
0.217821776867,0.383838385344,-0.0484621673822,0.24513360858,0.293595790863
0.227722764015,0.383838385344,-0.0500960163772,0.245072126389,0.29516813159
0.237623751163,0.383838385344,-0.0516456626356,0.244966685772,0.296612352133
0.247524753213,0.383838385344,-0.0531055107713,0.244816571474,0.297922074795
0.25742572546,0.383838385344,-0.0544698238373,0.244622454047,0.299092292786
0.267326742411,0.383838385344,-0.0557325258851,0.244384154677,0.300116688013
0.277227729559,0.383838385344,-0.0568873286247,0.244102492929,0.300989806652
0.287128716707,0.383838385344,-0.0579276047647,0.243777900934,0.301705509424
0.297029703856,0.383838385344,-0.0588464289904,0.243411228061,0.302257657051
0.306930691004,0.383838385344,-0.0596366487443,0.243003576994,0.302640229464
0.316831678152,0.383838385344,-0.060290671885,0.242556288838,0.302846968174
0.3267326653,0.383838385344,-0.060800742358,0.242070659995,0.302871406078
0.336633652449,0.383838385344,-0.0611586011946,0.241548493505,0.302707105875
0.346534639597,0.383838385344,-0.0613557808101,0.240991428494,0.30234721303
0.356435626745,0.383838385344,-0.061383459717,0.240401610732,0.301785081625
0.366336613894,0.383838385344,-0.0612324289978,0.239781081676,0.301013499498
0.376237630844,0.383838385344,-0.0608931556344,0.239132195711,0.300025343895
0.386138617992,0.383838385344,-0.0603558570147,0.238457366824,0.298813223839
0.396039605141,0.383838385344,-0.0596103258431,0.237758994102,0.297369331121
0.405940592289,0.383838385344,-0.058646146208,0.237039849162,0.295686006546
0.415841579437,0.383838385344,-0.0574525818229,0.236302480102,0.293755054474
0.425742566586,0.383838385344,-0.0560186393559,0.235549584031,0.291568219662
0.435643553734,0.383838385344,-0.0543331280351,0.234784007072,0.289117127657
0.445544540882,0.383838385344,-0.0523847043514,0.234008356929,0.286393046379
0.45544552803,0.383838385344,-0.0501618385315,0.233225405216,0.283387243748
0.465346515179,0.383838385344,-0.0476530790329,0.232437700033,0.280090779066
0.475247502327,0.383838385344,-0.0448468439281,0.231647893786,0.27649474144
0.485148519278,0.383838385344,-0.0417318381369,0.230858400464,0.272590249777
0.495049506426,0.383838385344,-0.0382968597114,0.230071693659,0.268368542194
0.504950523376,0.383838385344,-0.034531135112,0.229289859533,0.263821005821
0.51485145092,0.383838385344,-0.0304244197905,0.228515222669,0.258939653635
0.524752497673,0.383838385344,-0.0259670317173,0.227749541402,0.25371658802
0.534653484821,0.383838385344,-0.0211502518505,0.22699470818,0.248144954443
0.54455447197,0.383838385344,-0.0159664321691,0.226252362132,0.242218792439
0.554455459118,0.383838385344,-0.0104091269895,0.225523903966,0.235933035612
0.564356446266,0.383838385344,-0.00447367085144,0.224810674787,0.229284346104
0.574257433414,0.383838385344,0.00184293626808,0.224113792181,0.222270861268
0.584158420563,0.383838385344,0.00854127574712,0.223434090614,0.214892819524
0.594059407711,0.383838385344,0.0156194558367,0.222772464156,0.207153007388
0.603960394859,0.383838385344,0.0230725761503,0.222129315138,0.199056744576
0.613861382008,0.383838385344,0.0308923497796,0.221505239606,0.190612882376
0.623762369156,0.383838385344,0.0390665717423,0.220900386572,0.181833818555
0.633663415909,0.383838385344,0.0475788414478,0.220315009356,0.172736167908
0.643564343452,0.383838385344,0.0564076416194,0.219748944044,0.163341298699
0.653465390205,0.383838385344,0.065526612103,0.219202101231,0.153675496578
0.663366317749,0.383838385344,0.0749029219151,0.21867442131,0.143771499395
0.673267364502,0.383838385344,0.0844980031252,0.218165248632,0.133667245507
0.683168292046,0.383838385344,0.0942659080029,0.217674255371,0.123408347368
0.693069338799,0.383838385344,0.104153752327,0.217200964689,0.113047212362
0.702970266342,0.383838385344,0.114100672305,0.216744571924,0.10264389962
0.712871313095,0.383838385344,0.124038301408,0.216304570436,0.0922662690282
0.722772240639,0.383838385344,0.13388954103,0.215880304575,0.081990763545
0.732673287392,0.383838385344,0.143569469452,0.215470537543,0.0719010680914
0.74257427454,0.383838385344,0.152984783053,0.215075030923,0.0620902478695
0.752475261688,0.383838385344,0.162034422159,0.214692652225,0.0526582300663
0.762376248837,0.383838385344,0.170609936118,0.214322596788,0.0437126606703
0.772277235985,0.383838385344,0.178596526384,0.213963702321,0.0353671759367
0.782178223133,0.383838385344,0.185873910785,0.213615596294,0.0277416855097
0.792079210281,0.383838385344,0.192317336798,0.213276922703,0.0209595859051
0.80198019743,0.383838385344,0.197800517082,0.212947025895,0.0151465088129
0.811881184578,0.383838385344,0.202196031809,0.212624832988,0.0104288011789
0.821782171726,0.383838385344,0.205379202962,0.212309896946,0.00693069398403
0.831683158875,0.383838385344,0.207229703665,0.212000757456,0.00477105379105
0.841584146023,0.383838385344,0.20763514936,0.211696818471,0.00406166911125
0.851485133171,0.383838385344,0.206493601203,0.211397409439,0.00490380823612
0.861386120319,0.383838385344,0.203717634082,0.211101576686,0.00738394260406
0.871287107468,0.383838385344,0.199236825109,0.210808381438,0.0115715563297
0.881188154221,0.383838385344,0.193001553416,0.210517451167,0.0175158977509
0.891089081764,0.383838385344,0.184985637665,0.210227534175,0.0252418965101
0.900990128517,0.383838385344,0.175188779831,0.20993822813,0.0347494482994
0.910891115665,0.383838385344,0.163639456034,0.209648758173,0.0460093021393
0.920792102814,0.383838385344,0.150395452976,0.209358513355,0.058963060379
0.930693089962,0.383838385344,0.135545372963,0.209066703916,0.0735213309526
0.94059407711,0.383838385344,0.119208194315,0.208772823215,0.0895646288991
0.950495064259,0.383838385344,0.101531974971,0.208476260304,0.106944285333
0.960396051407,0.383838385344,0.0826928392053,0.208176448941,0.125483602285
0.970297038555,0.383838385344,0.0628911331296,0.207872629166,0.144981503487
0.980198025703,0.383838385344,0.0423481017351,0.207564741373,0.165216639638
0.990099012852,0.383838385344,0.0213012881577,0.207251876593,0.18595059216
0.00990098994225,0.39393940568,-0.00244343630038,0.237777173519,0.240220606327
0.0198019798845,0.39393940568,-0.00488407397643,0.238424941897,0.243309020996
0.0297029688954,0.39393940568,-0.00731910392642,0.239055454731,0.246374562383
0.039603959769,0.39393940568,-0.00974569935352,0.239666849375,0.249412551522
0.0495049506426,0.39393940568,-0.0121610136703,0.240257948637,0.252418965101
0.0594059377909,0.39393940568,-0.0145621476695,0.240826621652,0.255388766527
0.0693069323897,0.39393940568,-0.0169461723417,0.241371512413,0.258317679167
0.079207919538,0.39393940568,-0.0193101018667,0.241891264915,0.261201381683
0.0891089066863,0.39393940568,-0.0216508693993,0.2423838377,0.264034718275
0.0990099012852,0.39393940568,-0.02396536991,0.242847904563,0.266813278198
0.108910888433,0.39393940568,-0.0262503717095,0.24328173697,0.269532114267
0.118811875582,0.39393940568,-0.0285025928169,0.243683904409,0.272186487913
0.12871286273,0.39393940568,-0.0307186059654,0.244052648544,0.274771243334
0.138613864779,0.39393940568,-0.0328949056566,0.244386717677,0.277281612158
0.148514851928,0.39393940568,-0.0350278392434,0.244684413075,0.279712259769
0.158415839076,0.39393940568,-0.0371136367321,0.244944825768,0.282058477402
0.168316826224,0.39393940568,-0.0391483716667,0.245166257024,0.284314632416
0.178217813373,0.39393940568,-0.0411279387772,0.245347827673,0.286475777626
0.188118815422,0.39393940568,-0.043048132211,0.245488062501,0.288536190987
0.19801980257,0.39393940568,-0.0449045151472,0.245586171746,0.290490686893
0.207920789719,0.39393940568,-0.0466924272478,0.245641231537,0.29233366251
0.217821776867,0.39393940568,-0.0484071075916,0.245652705431,0.294059813023
0.227722764015,0.39393940568,-0.050043463707,0.245619699359,0.295663177967
0.237623751163,0.39393940568,-0.0515962652862,0.245541915298,0.297138184309
0.247524753213,0.39393940568,-0.0530599690974,0.245419204235,0.298479169607
0.25742572546,0.39393940568,-0.0544288605452,0.245251208544,0.299680054188
0.267326742411,0.39393940568,-0.0556969121099,0.245038181543,0.300735086203
0.277227729559,0.39393940568,-0.0568578243256,0.244780376554,0.301638185978
0.287128716707,0.39393940568,-0.0579050369561,0.244478181005,0.302383214235
0.297029703856,0.39393940568,-0.0588316395879,0.244132533669,0.302964180708
0.306930691004,0.39393940568,-0.0596304535866,0.243744015694,0.30337446928
0.316831678152,0.39393940568,-0.0602939873934,0.243313834071,0.303607821465
0.3267326653,0.39393940568,-0.0608144663274,0.242843300104,0.303657770157
0.336633652449,0.39393940568,-0.0611836537719,0.242333948612,0.303517609835
0.346534639597,0.39393940568,-0.0613931156695,0.241787433624,0.303180545568
0.356435626745,0.39393940568,-0.0614340156317,0.241205587983,0.302639603615
0.366336613894,0.39393940568,-0.0612971745431,0.240590527654,0.301887691021
0.376237630844,0.39393940568,-0.0609730668366,0.239944368601,0.300917446613
0.386138617992,0.39393940568,-0.0604519285262,0.239269524813,0.299721449614
0.396039605141,0.39393940568,-0.0597235411406,0.238568484783,0.298292040825
0.405940592289,0.39393940568,-0.0587774887681,0.237843737006,0.296621233225
0.415841579437,0.39393940568,-0.057603046298,0.237098008394,0.294701039791
0.425742566586,0.39393940568,-0.0561891905963,0.236334070563,0.292523264885
0.435643553734,0.39393940568,-0.0545247197151,0.235554620624,0.29007935524
0.445544540882,0.39393940568,-0.0525982640684,0.234762385488,0.28736063838
0.45544552803,0.39393940568,-0.0503982715309,0.233960300684,0.284358561039
0.465346515179,0.39393940568,-0.0479132533073,0.233151048422,0.281064301729
0.475247502327,0.39393940568,-0.0451315976679,0.232337251306,0.277468860149
0.485148519278,0.39393940568,-0.0420419424772,0.231521606445,0.273563563824
0.495049506426,0.39393940568,-0.0386330150068,0.230706557631,0.269339561462
0.504950523376,0.39393940568,-0.0348940044641,0.229894712567,0.264788717031
0.51485145092,0.39393940568,-0.0308145694435,0.229088112712,0.259902685881
0.524752497673,0.39393940568,-0.0263849198818,0.228288963437,0.25467389822
0.534653484821,0.39393940568,-0.0215962585062,0.227499455214,0.249095708132
0.54455447197,0.39393940568,-0.0164408180863,0.22672110796,0.243161931634
0.554455459118,0.39393940568,-0.0109120318666,0.225955873728,0.236867904663
0.564356446266,0.39393940568,-0.0050050932914,0.225205034018,0.230210125446
0.574257433414,0.39393940568,0.00128313829191,0.224469989538,0.223186850548
0.584158420563,0.39393940568,0.00795340724289,0.223751813173,0.215798407793
0.594059407711,0.39393940568,0.0150039913133,0.223051473498,0.208047479391
0.603960394859,0.39393940568,0.0224301759154,0.222369790077,0.199939608574
0.613861382008,0.39393940568,0.0302238613367,0.221707209945,0.191483348608
0.623762369156,0.39393940568,0.0383730456233,0.221064344049,0.182691305876
0.633663415909,0.39393940568,0.046861525625,0.220441386104,0.173579856753
0.643564343452,0.39393940568,0.0556680187583,0.219838500023,0.164170473814
0.653465390205,0.39393940568,0.0647663772106,0.219255641103,0.154489263892
0.663366317749,0.39393940568,0.0741239860654,0.218692824244,0.144568830729
0.673267364502,0.39393940568,0.0837025046349,0.218149587512,0.134447082877
0.683168292046,0.39393940568,0.0934561789036,0.217625722289,0.124169543386
0.693069338799,0.39393940568,0.103332363069,0.21712076664,0.113788403571
0.702970266342,0.39393940568,0.113270394504,0.216634109616,0.103363715112
0.712871313095,0.39393940568,0.123202063143,0.216165155172,0.0929630920291
0.722772240639,0.39393940568,0.133050426841,0.215713396668,0.0826629698277
0.732673287392,0.39393940568,0.142730712891,0.215277820826,0.072547107935
0.74257427454,0.39393940568,0.15214972198,0.214857876301,0.0627081543207
0.752475261688,0.39393940568,0.161206498742,0.214452624321,0.0532461255789
0.762376248837,0.39393940568,0.169792577624,0.214061379433,0.0442688018084
0.772277235985,0.39393940568,0.177793174982,0.213682889938,0.0358897149563
0.782178223133,0.39393940568,0.185087963939,0.213316693902,0.0282287299633
0.792079210281,0.39393940568,0.191552177072,0.212961629033,0.0214094519615
0.80198019743,0.39393940568,0.197059258819,0.212616920471,0.0155576616526
0.811881184578,0.39393940568,0.201481670141,0.212281540036,0.010799869895
0.821782171726,0.39393940568,0.204694524407,0.211954861879,0.00726033747196
0.831683158875,0.39393940568,0.206577196717,0.211635515094,0.00505831837654
0.841584146023,0.39393940568,0.207017034292,0.211323097348,0.00430606305599
0.851485133171,0.39393940568,0.20591172576,0.21101655066,0.00510482490063
0.861386120319,0.39393940568,0.203173577785,0.210714951158,0.00754137337208
0.871287107468,0.39393940568,0.198731839657,0.210417568684,0.0116857290268
0.881188154221,0.39393940568,0.192536458373,0.210123434663,0.0175869762897
0.891089081764,0.39393940568,0.184560969472,0.209831982851,0.0252710133791
0.900990128517,0.39393940568,0.174804747105,0.209542319179,0.0347375720739
0.910891115665,0.39393940568,0.163296014071,0.209253594279,0.0459575802088
0.920792102814,0.39393940568,0.150092318654,0.208965376019,0.0588730573654
0.930693089962,0.39393940568,0.135282084346,0.208676755428,0.0733946710825
0.94059407711,0.39393940568,0.118984170258,0.208387032151,0.0894028618932
0.950495064259,0.39393940568,0.101346589625,0.208095639944,0.106749050319
0.960396051407,0.39393940568,0.0825454667211,0.207802027464,0.125256568193
0.970297038555,0.39393940568,0.0627811849117,0.207505360246,0.144724175334
0.980198025703,0.39393940568,0.0422750972211,0.207205250859,0.164930149913
0.990099012852,0.39393940568,0.0212648753077,0.206901192665,0.185636311769
0.00990098994225,0.404040396214,-0.00243827537633,0.237789571285,0.240227848291
0.0198019798845,0.404040396214,-0.00487378053367,0.238452225924,0.24332600832
0.0297029688954,0.404040396214,-0.00730373430997,0.239098638296,0.246402367949
0.039603959769,0.404040396214,-0.00972533691674,0.239727333188,0.249452665448
0.0495049506426,0.404040396214,-0.0121357711032,0.240336433053,0.252472192049
0.0594059377909,0.404040396214,-0.0145321665332,0.24092464149,0.255456805229
0.0693069323897,0.404040396214,-0.0169116221368,0.241489857435,0.258401483297
0.079207919538,0.404040396214,-0.019271183759,0.242030963302,0.261302143335
0.0891089066863,0.404040396214,-0.0216078031808,0.242545962334,0.264153778553
0.0990099012852,0.404040396214,-0.0239184126258,0.243033453822,0.266951858997
0.108910888433,0.404040396214,-0.0261998083442,0.243491709232,0.26969152689
0.118811875582,0.404040396214,-0.0284487344325,0.243919089437,0.272367835045
0.12871286273,0.404040396214,-0.030661797151,0.244313970208,0.274975776672
0.138613864779,0.404040396214,-0.0328355208039,0.244674742222,0.277510255575
0.148514851928,0.404040396214,-0.0349662676454,0.245000183582,0.279966443777
0.158415839076,0.404040396214,-0.0370503179729,0.245288476348,0.282338798046
0.168316826224,0.404040396214,-0.0390837565064,0.245538368821,0.284622132778
0.178217813373,0.404040396214,-0.0410625264049,0.24574868381,0.286811202765
0.188118815422,0.404040396214,-0.0429824329913,0.245918035507,0.288900464773
0.19801980257,0.404040396214,-0.0448390841484,0.246045589447,0.290884673595
0.207920789719,0.404040396214,-0.0466278344393,0.246129825711,0.292757660151
0.217821776867,0.404040396214,-0.0483439713717,0.246170297265,0.294514268637
0.227722764015,0.404040396214,-0.049982406199,0.246166035533,0.296148449183
0.237623751163,0.404040396214,-0.0515379607677,0.246116489172,0.29765444994
0.247524753213,0.404040396214,-0.0530051216483,0.246021285653,0.299026399851
0.25742572546,0.404040396214,-0.0543781928718,0.24588008225,0.300258278847
0.267326742411,0.404040396214,-0.0556511580944,0.245692804456,0.301343977451
0.277227729559,0.404040396214,-0.0568177774549,0.245459496975,0.302277266979
0.287128716707,0.404040396214,-0.0578715093434,0.245180636644,0.303052157164
0.297029703856,0.404040396214,-0.0588054470718,0.244856581092,0.303662031889
0.306930691004,0.404040396214,-0.0596124790609,0.244488015771,0.304100483656
0.316831678152,0.404040396214,-0.0602851063013,0.244076058269,0.30436116457
0.3267326653,0.404040396214,-0.0608155690134,0.243621647358,0.304437220097
0.336633652449,0.404040396214,-0.0611956603825,0.243126198649,0.304321855307
0.346534639597,0.404040396214,-0.0614169798791,0.242591202259,0.304008185863
0.356435626745,0.404040396214,-0.0614707060158,0.242018520832,0.303489238024
0.366336613894,0.404040396214,-0.0613476708531,0.241410017014,0.302757680416
0.376237630844,0.404040396214,-0.0610383339226,0.240767791867,0.301806122065
0.386138617992,0.404040396214,-0.0605329722166,0.240094155073,0.300627112389
0.396039605141,0.404040396214,-0.0598213747144,0.239391446114,0.299212813377
0.405940592289,0.404040396214,-0.0588931031525,0.238662287593,0.29755538702
0.415841579437,0.404040396214,-0.0577374361455,0.237909302115,0.295646727085
0.425742566586,0.404040396214,-0.0563433468342,0.237135216594,0.293478548527
0.435643553734,0.404040396214,-0.0546996220946,0.236342862248,0.291042476892
0.445544540882,0.404040396214,-0.0527948662639,0.235535025597,0.288329899311
0.45544552803,0.404040396214,-0.0506175160408,0.234714627266,0.285332143307
0.465346515179,0.404040396214,-0.0481560379267,0.233884438872,0.282040476799
0.475247502327,0.404040396214,-0.0453987903893,0.233047276735,0.2784460783
0.485148519278,0.404040396214,-0.0423343367875,0.232205972075,0.274540305138
0.495049506426,0.404040396214,-0.0389513857663,0.231363102794,0.270314484835
0.504950523376,0.404040396214,-0.0352390259504,0.230521291494,0.265760302544
0.51485145092,0.404040396214,-0.0311868619174,0.229683056474,0.260869920254
0.524752497673,0.404040396214,-0.0267850290984,0.228850588202,0.255635619164
0.534653484821,0.404040396214,-0.0220246072859,0.228026211262,0.25005081296
0.54455447197,0.404040396214,-0.0168977361172,0.227211847901,0.244109585881
0.554455459118,0.404040396214,-0.0113977286965,0.226409435272,0.237807169557
0.564356446266,0.404040396214,-0.00551964249462,0.225620642304,0.23114028573
0.574257433414,0.404040396214,0.00073980045272,0.224846974015,0.224107176065
0.584158420563,0.404040396214,0.00738149322569,0.224089711905,0.216708213091
0.594059407711,0.404040396214,0.0144038889557,0.223350122571,0.208946228027
0.603960394859,0.404040396214,0.0218024458736,0.222628965974,0.200826525688
0.613861382008,0.404040396214,0.0295692514628,0.221927270293,0.192358016968
0.623762369156,0.404040396214,0.037692502141,0.221245482564,0.183552980423
0.633663415909,0.404040396214,0.0461562126875,0.220584064722,0.174427852035
0.643564343452,0.404040396214,0.0549392923713,0.219943314791,0.165004014969
0.653465390205,0.404040396214,0.0640158131719,0.219323515892,0.155307710171
0.663366317749,0.404040396214,0.0733534023166,0.218724474311,0.145371079445
0.673267364502,0.404040396214,0.0829139277339,0.218146130443,0.135232210159
0.683168292046,0.404040396214,0.0926518663764,0.217588320374,0.124936453998
0.693069338799,0.404040396214,0.102514751256,0.217050537467,0.114535786211
0.702970266342,0.404040396214,0.112442135811,0.216532588005,0.104090452194
0.712871313095,0.404040396214,0.122366018593,0.216033563018,0.0936675444245
0.722772240639,0.404040396214,0.132209613919,0.21555326879,0.083343654871
0.732673287392,0.404040396214,0.141888320446,0.215090751648,0.0732024312019
0.74257427454,0.404040396214,0.151309043169,0.214645326138,0.0633362829685
0.752475261688,0.404040396214,0.160370901227,0.214216113091,0.0538452118635
0.762376248837,0.404040396214,0.168965488672,0.213802486658,0.0448369979858
0.772277235985,0.404040396214,0.176978141069,0.213403567672,0.0364254266024
0.782178223133,0.404040396214,0.184288322926,0.213018268347,0.0287299454212
0.792079210281,0.404040396214,0.190771326423,0.212645918131,0.0218745917082
0.80198019743,0.404040396214,0.196300506592,0.212285548449,0.0159850418568
0.811881184578,0.404040396214,0.200748130679,0.211936086416,0.0111879557371
0.821782171726,0.404040396214,0.203989118338,0.211596846581,0.00760772824287
0.831683158875,0.404040396214,0.205902636051,0.211266770959,0.00536413490772
0.841584146023,0.404040396214,0.206375747919,0.210944801569,0.0045690536499
0.851485133171,0.404040396214,0.205305889249,0.210630446672,0.00532455742359
0.861386120319,0.404040396214,0.202604979277,0.210322543979,0.00771756470203
0.871287107468,0.404040396214,0.198201969266,0.21002022922,0.0118182599545
0.881188154221,0.404040396214,0.192046582699,0.209722489119,0.0176759064198
0.891089081764,0.404040396214,0.184111863375,0.209428787231,0.0253169238567
0.900990128517,0.404040396214,0.174397021532,0.209138289094,0.0347412675619
0.910891115665,0.404040396214,0.162929996848,0.208849981427,0.0459199845791
0.920792102814,0.404040396214,0.149768054485,0.208563312888,0.0587952584028
0.930693089962,0.404040396214,0.13499943912,0.208277195692,0.0732777565718
0.94059407711,0.404040396214,0.118742920458,0.207991123199,0.0892482027411
0.950495064259,0.404040396214,0.101146385074,0.207704842091,0.106558457017
0.960396051407,0.404040396214,0.082385905087,0.207416951656,0.12503105402
0.970297038555,0.404040396214,0.0626619011164,0.207127168775,0.144465267658
0.980198025703,0.404040396214,0.0421957746148,0.206834703684,0.16463893652
0.990099012852,0.404040396214,0.0212252717465,0.206539183855,0.185313910246
0.00990098994225,0.41414141655,-0.00243277801201,0.237804397941,0.240237176418
0.0198019798845,0.41414141655,-0.00486281421036,0.238481551409,0.24334436655
0.0297029688954,0.41414141655,-0.00728735327721,0.239143535495,0.246430888772
0.039603959769,0.41414141655,-0.00970362592489,0.23978869617,0.249492317438
0.0495049506426,0.41414141655,-0.0121088428423,0.240415692329,0.252524524927
0.0594059377909,0.41414141655,-0.0145001579076,0.241022542119,0.255522698164
0.0693069323897,0.41414141655,-0.0168747007847,0.241607904434,0.258482605219
0.079207919538,0.41414141655,-0.0192295461893,0.242170080543,0.261399626732
0.0891089066863,0.41414141655,-0.0215616766363,0.242707148194,0.264268815517
0.0990099012852,0.41414141655,-0.0238680485636,0.243217557669,0.26708561182
0.108910888433,0.41414141655,-0.0261454861611,0.243699878454,0.269845366478
0.118811875582,0.41414141655,-0.0283907614648,0.244152188301,0.272542953491
0.12871286273,0.41414141655,-0.0306005179882,0.244572713971,0.275173246861
0.138613864779,0.41414141655,-0.0327713005245,0.244960099459,0.277731388807
0.148514851928,0.41414141655,-0.0348995029926,0.245312720537,0.28021222353
0.158415839076,0.41414141655,-0.0369814299047,0.245628908277,0.282610327005
0.168316826224,0.41414141655,-0.0390132106841,0.245907217264,0.284920424223
0.178217813373,0.41414141655,-0.0409908108413,0.246146321297,0.287137120962
0.188118815422,0.41414141655,-0.0429100543261,0.246344774961,0.289254844189
0.19801980257,0.41414141655,-0.0447665825486,0.246501430869,0.291268020868
0.207920789719,0.41414141655,-0.0465557947755,0.246614962816,0.293170750141
0.217821776867,0.41414141655,-0.048272985965,0.246684640646,0.294957637787
0.227722764015,0.41414141655,-0.0499131195247,0.24670933187,0.29662245512
0.237623751163,0.41414141655,-0.0514710322022,0.246688276529,0.298159301281
0.247524753213,0.41414141655,-0.0529412403703,0.246621087193,0.299562335014
0.25742572546,0.41414141655,-0.0543180815876,0.246507033706,0.300825119019
0.267326742411,0.41414141655,-0.0555955804884,0.246346086264,0.301941663027
0.277227729559,0.41414141655,-0.0567675046623,0.246137976646,0.302905470133
0.287128716707,0.41414141655,-0.057827334851,0.245883062482,0.303710401058
0.297029703856,0.41414141655,-0.0587682127953,0.245581507683,0.304349720478
0.306930691004,0.41414141655,-0.0595830455422,0.24523383379,0.304816871881
0.316831678152,0.41414141655,-0.0602643452585,0.244840845466,0.305105179548
0.3267326653,0.41414141655,-0.0608043931425,0.244403511286,0.305207908154
0.336633652449,0.41414141655,-0.0611950084567,0.243922993541,0.305117994547
0.346534639597,0.41414141655,-0.0614277869463,0.243400648236,0.304828435183
0.356435626745,0.41414141655,-0.0614939332008,0.242838263512,0.304332196712
0.366336613894,0.41414141655,-0.0613843053579,0.242237478495,0.303621768951
0.376237630844,0.41414141655,-0.0610893890262,0.241600349545,0.302689731121
0.386138617992,0.41414141655,-0.0605994276702,0.240929037333,0.301528453827
0.396039605141,0.41414141655,-0.0599042549729,0.240225881338,0.30013012886
0.405940592289,0.41414141655,-0.0589934177697,0.239493459463,0.298486888409
0.415841579437,0.41414141655,-0.0578562021255,0.238734319806,0.29659050703
0.425742566586,0.41414141655,-0.0564815700054,0.237951263785,0.29443281889
0.435643553734,0.41414141655,-0.0548583008349,0.237147018313,0.292005330324
0.445544540882,0.41414141655,-0.052974998951,0.236324474216,0.289299488068
0.45544552803,0.41414141655,-0.0508200451732,0.235486641526,0.286306679249
0.465346515179,0.41414141655,-0.0483818948269,0.234636440873,0.283018350601
0.475247502327,0.41414141655,-0.0456488654017,0.233776658773,0.279425531626
0.485148519278,0.41414141655,-0.0426094867289,0.232910260558,0.275519758463
0.495049506426,0.41414141655,-0.0392524078488,0.232040032744,0.271292448044
0.504950523376,0.41414141655,-0.0355666652322,0.231168806553,0.266735464334
0.51485145092,0.41414141655,-0.031541775912,0.23029910028,0.261840879917
0.524752497673,0.41414141655,-0.0271678082645,0.229433462024,0.256601274014
0.534653484821,0.41414141655,-0.0224357359111,0.228574365377,0.251010090113
0.54455447197,0.41414141655,-0.0173376128078,0.2277238518,0.245061457157
0.554455459118,0.41414141655,-0.0118666309863,0.226884201169,0.238750830293
0.564356446266,0.41414141655,-0.00601772638038,0.226057186723,0.232074916363
0.574257433414,0.41414141655,0.000212528611883,0.225244492292,0.22503195703
0.584158420563,0.41414141655,0.00682516628876,0.224447742105,0.217622578144
0.594059407711,0.41414141655,0.0138188004494,0.223668217659,0.20984941721
0.603960394859,0.41414141655,0.0211890656501,0.222907155752,0.201718091965
0.613861382008,0.41414141655,0.0289282333106,0.222165465355,0.193237230182
0.623762369156,0.41414141655,0.0370246954262,0.221443966031,0.18441927433
0.633663415909,0.41414141655,0.0454626642168,0.220743194222,0.17528052628
0.643564343452,0.41414141655,0.0542212612927,0.220063716173,0.165842458606
0.653465390205,0.41414141655,0.0632747858763,0.219405904412,0.156131118536
0.663366317749,0.41414141655,0.0725910738111,0.218769699335,0.146178632975
0.673267364502,0.41414141655,0.0821322128177,0.218155279756,0.136023074389
0.683168292046,0.41414141655,0.0918529033661,0.217562377453,0.125709474087
0.693069338799,0.41414141655,0.101700901985,0.216990843415,0.11528994143
0.702970266342,0.41414141655,0.111615970731,0.216440230608,0.104824259877
0.712871313095,0.41414141655,0.121530309319,0.215910330415,0.0943800210953
0.722772240639,0.41414141655,0.131367310882,0.215400293469,0.0840329825878
0.732673287392,0.41414141655,0.141042515635,0.214909657836,0.0738671422005
0.74257427454,0.41414141655,0.150462985039,0.214437693357,0.0639747083187
0.752475261688,0.41414141655,0.159527957439,0.213983640075,0.0544556826353
0.762376248837,0.41414141655,0.168129116297,0.213546782732,0.0454176664352
0.772277235985,0.41414141655,0.176151752472,0.213126152754,0.0369744002819
0.782178223133,0.41414141655,0.183475479484,0.212720945477,0.0292454659939
0.792079210281,0.41414141655,0.189975440502,0.21233022213,0.0223547816277
0.80198019743,0.41414141655,0.195524945855,0.21195320785,0.0164282619953
0.811881184578,0.41414141655,0.199996128678,0.21158888936,0.0115927606821
0.821782171726,0.41414141655,0.203263759613,0.211236298084,0.00797253847122
0.831683158875,0.41414141655,0.205206781626,0.210894361138,0.0056875795126
0.841584146023,0.41414141655,0.205712080002,0.210562422872,0.00485034286976
0.851485133171,0.41414141655,0.204676821828,0.210239425302,0.00556260347366
0.861386120319,0.41414141655,0.202012598515,0.209924206138,0.0079116076231
0.871287107468,0.41414141655,0.197648078203,0.209616407752,0.0119683295488
0.881188154221,0.41414141655,0.191532671452,0.209314614534,0.0177819430828
0.891089081764,0.41414141655,0.183639138937,0.209018081427,0.0253789424896
0.900990128517,0.41414141655,0.173966422677,0.208726018667,0.0347595959902
0.910891115665,0.41414141655,0.162542119622,0.208437711,0.0458955913782
0.920792102814,0.41414141655,0.149423331022,0.208151951432,0.05872862041
0.930693089962,0.41414141655,0.134698092937,0.20786818862,0.0731700956821
0.94059407711,0.41414141655,0.118484988809,0.207585781813,0.089100793004
0.950495064259,0.41414141655,0.1009317711,0.207303717732,0.106371946633
0.960396051407,0.41414141655,0.0822145417333,0.207021385431,0.124806843698
0.970297038555,0.41414141655,0.0625335723162,0.206738069654,0.144204497337
0.980198025703,0.41414141655,0.0421103201807,0.206453233957,0.164342910051
0.990099012852,0.41414141655,0.0211825855076,0.206165879965,0.184983298182
0.00990098994225,0.424242436886,-0.00242695631459,0.237820729613,0.240247681737
0.0198019798845,0.424242436886,-0.0048511987552,0.23851172626,0.243362918496
0.0297029688954,0.424242436886,-0.00726999947801,0.239188849926,0.24645884335
0.039603959769,0.424242436886,-0.00968061573803,0.239850223064,0.24953083694
0.0495049506426,0.424242436886,-0.0120802847669,0.240494430065,0.252574712038
0.0594059377909,0.424242436886,-0.014466194436,0.241119787097,0.255585968494
0.0693069323897,0.424242436886,-0.0168354958296,0.241724699736,0.258560180664
0.079207919538,0.424242436886,-0.0191852916032,0.242307245731,0.261492550373
0.0891089066863,0.424242436886,-0.021512594074,0.242866128683,0.264378726482
0.0990099012852,0.424242436886,-0.0238143913448,0.243399247527,0.267213642597
0.108910888433,0.424242436886,-0.0260875318199,0.243904963136,0.269992500544
0.118811875582,0.424242436886,-0.028328821063,0.244381889701,0.272710710764
0.12871286273,0.424242436886,-0.0305349230766,0.244827821851,0.275362730026
0.138613864779,0.424242436886,-0.032702408731,0.24524140358,0.277943819761
0.148514851928,0.424242436886,-0.0348277203739,0.245620936155,0.280448645353
0.158415839076,0.424242436886,-0.0369071811438,0.245964661241,0.282871842384
0.168316826224,0.424242436886,-0.0389369390905,0.246271252632,0.285208195448
0.178217813373,0.424242436886,-0.0409129969776,0.24653890729,0.287451893091
0.188118815422,0.424242436886,-0.0428312160075,0.246766343713,0.289597570896
0.19801980257,0.424242436886,-0.044687256217,0.246952146292,0.291639387608
0.207920789719,0.424242436886,-0.0464765578508,0.247095063329,0.29357162118
0.217821776867,0.424242436886,-0.0481944344938,0.247194007039,0.295388430357
0.227722764015,0.424242436886,-0.0498358793557,0.247247755527,0.297083646059
0.237623751163,0.424242436886,-0.0513957776129,0.247255668044,0.298651456833
0.247524753213,0.424242436886,-0.0528686456382,0.247216597199,0.300085246563
0.25742572546,0.424242436886,-0.054248880595,0.247130230069,0.301379114389
0.267326742411,0.424242436886,-0.0555304996669,0.246996074915,0.302526563406
0.277227729559,0.424242436886,-0.0567073263228,0.246813893318,0.303521215916
0.287128716707,0.424242436886,-0.0577728673816,0.246583402157,0.304356276989
0.297029703856,0.424242436886,-0.0587203018367,0.246305033565,0.305025339127
0.306930691004,0.424242436886,-0.0595425330102,0.245979055762,0.305521577597
0.316831678152,0.424242436886,-0.0602321103215,0.245606020093,0.305838137865
0.3267326653,0.424242436886,-0.0607813410461,0.245186731219,0.305968075991
0.336633652449,0.424242436886,-0.0611820854247,0.244722157717,0.305904239416
0.346534639597,0.424242436886,-0.061425935477,0.244213625789,0.305639564991
0.356435626745,0.424242436886,-0.0615041255951,0.243662565947,0.305166691542
0.366336613894,0.424242436886,-0.0614075250924,0.243070632219,0.304478168488
0.376237630844,0.424242436886,-0.0611266456544,0.242439806461,0.303566455841
0.386138617992,0.424242436886,-0.0606517381966,0.241772055626,0.302423804998
0.396039605141,0.424242436886,-0.0599726289511,0.241069719195,0.301042348146
0.405940592289,0.424242436886,-0.0590788945556,0.240335181355,0.29941406846
0.415841579437,0.424242436886,-0.0579598024487,0.239571124315,0.297530919313
0.425742566586,0.424242436886,-0.0566043332219,0.238780155778,0.29538449645
0.435643553734,0.424242436886,-0.0550012327731,0.237965166569,0.292966395617
0.445544540882,0.424242436886,-0.0531391054392,0.237129062414,0.290268182755
0.45544552803,0.424242436886,-0.0510063096881,0.236274763942,0.287281066179
0.465346515179,0.424242436886,-0.0485912896693,0.235405310988,0.283996611834
0.475247502327,0.424242436886,-0.045882306993,0.234523758292,0.280406057835
0.485148519278,0.424242436886,-0.042867872864,0.23363301158,0.276500880718
0.495049506426,0.424242436886,-0.0395365729928,0.23273614049,0.272272706032
0.504950523376,0.424242436886,-0.0358773879707,0.231835916638,0.267713308334
0.51485145092,0.424242436886,-0.0318797677755,0.230935186148,0.262814939022
0.524752497673,0.424242436886,-0.0275337025523,0.230036750436,0.257570445538
0.534653484821,0.424242436886,-0.0228301025927,0.229143053293,0.251973152161
0.54455447197,0.424242436886,-0.0177608858794,0.228256553411,0.246017441154
0.554455459118,0.424242436886,-0.0123191615567,0.227379500866,0.239698663354
0.564356446266,0.424242436886,-0.00649973191321,0.226514056325,0.233013793826
0.574257433414,0.424242436886,-0.000299055711366,0.225662171841,0.225961223245
0.584158420563,0.424242436886,0.00628407020122,0.224825486541,0.218541413546
0.594059407711,0.424242436886,0.0132483979687,0.224005699158,0.210757300258
0.603960394859,0.424242436886,0.0205897390842,0.223204016685,0.202614277601
0.613861382008,0.424242436886,0.0283005367965,0.222421646118,0.194121107459
0.623762369156,0.424242436886,0.0363693870604,0.221659705043,0.185290321708
0.633663415909,0.424242436886,0.044780690223,0.220918893814,0.176138207316
0.643564343452,0.424242436886,0.0535137727857,0.220199838281,0.166686058044
0.653465390205,0.424242436886,0.0625431612134,0.219503045082,0.156959891319
0.663366317749,0.424242436886,0.0718369185925,0.218828812242,0.146991893649
0.673267364502,0.424242436886,0.0813573375344,0.218177244067,0.136819899082
0.683168292046,0.424242436886,0.0910593345761,0.217548340559,0.126489013433
0.693069338799,0.424242436886,0.100890934467,0.216941922903,0.116050988436
0.702970266342,0.424242436886,0.110792063177,0.216357842088,0.105565778911
0.712871313095,0.424242436886,0.120695158839,0.215795606375,0.0951004475355
0.722772240639,0.424242436886,0.130523771048,0.215254962444,0.0847311913967
0.732673287392,0.424242436886,0.140193656087,0.214735120535,0.074541464448
0.74257427454,0.424242436886,0.149611994624,0.214235648513,0.0646236538887
0.752475261688,0.424242436886,0.158678174019,0.213755548,0.0550773739815
0.762376248837,0.424242436886,0.167283952236,0.213294237852,0.0460102856159
0.772277235985,0.424242436886,0.175314709544,0.212851077318,0.037536367774
0.782178223133,0.424242436886,0.182650074363,0.212424963713,0.0297748893499
0.792079210281,0.424242436886,0.189165145159,0.212015047669,0.0228499025106
0.80198019743,0.424242436886,0.194733247161,0.211620405316,0.0168871581554
0.811881184578,0.424242436886,0.199226394296,0.211240112782,0.0120137184858
0.821782171726,0.424242436886,0.202519237995,0.210873320699,0.00835408270359
0.831683158875,0.424242436886,0.204490527511,0.210518881679,0.00602835416794
0.841584146023,0.424242436886,0.205026939511,0.210175961256,0.00514902174473
0.851485133171,0.424242436886,0.204025417566,0.209843590856,0.0058181732893
0.861386120319,0.424242436886,0.201397314668,0.209520682693,0.00812336802483
0.871287107468,0.424242436886,0.197071000934,0.209206447005,0.0121354460716
0.881188154221,0.424242436886,0.1909956038,0.208899825811,0.0179042220116
0.891089081764,0.424242436886,0.183143645525,0.208599865437,0.0254562199116
0.900990128517,0.424242436886,0.173513710499,0.208305820823,0.0347921103239
0.910891115665,0.424242436886,0.162133172154,0.208016827703,0.0458836555481
0.920792102814,0.424242436886,0.149058893323,0.207731679082,0.058672785759
0.930693089962,0.424242436886,0.134378686547,0.207449659705,0.0730709731579
0.94059407711,0.424242436886,0.118210971355,0.20717023313,0.088959261775
0.950495064259,0.424242436886,0.100703336298,0.20689226687,0.106188930571
0.960396051407,0.424242436886,0.0820317640901,0.206615120173,0.124583356082
0.970297038555,0.424242436886,0.0623965114355,0.206338062882,0.143941551447
0.980198025703,0.424242436886,0.0420189760625,0.206060245633,0.164041265845
0.990099012852,0.424242436886,0.0211369153112,0.20578096807,0.184644058347
0.00990098994225,0.43434342742,-0.00242082029581,0.23783737421,0.240258187056
0.0198019798845,0.43434342742,-0.00483895279467,0.2385417521,0.243380710483
0.0297029688954,0.43434342742,-0.00725169992074,0.239233404398,0.246485099196
0.039603959769,0.43434342742,-0.00965634360909,0.239910721779,0.249567061663
0.0495049506426,0.43434342742,-0.0120501499623,0.2405718714,0.252622008324
0.0594059377909,0.43434342742,-0.0144303310663,0.24121505022,0.255645394325
0.0693069323897,0.43434342742,-0.0167940724641,0.241838976741,0.258633047342
0.079207919538,0.43434342742,-0.0191384982318,0.242441773415,0.261580258608
0.0891089066863,0.43434342742,-0.0214606523514,0.243021741509,0.26448237896
0.0990099012852,0.43434342742,-0.0237575452775,0.243577063084,0.267334610224
0.108910888433,0.43434342742,-0.0260260608047,0.244106024504,0.270132094622
0.118811875582,0.43434342742,-0.0282630287111,0.244606927037,0.272869944572
0.12871286273,0.43434342742,-0.0304651409388,0.245077893138,0.275543034077
0.138613864779,0.43434342742,-0.0326290018857,0.24551743269,0.278146445751
0.148514851928,0.43434342742,-0.0347510762513,0.245923474431,0.280674546957
0.158415839076,0.43434342742,-0.0368277207017,0.246294647455,0.283122360706
0.168316826224,0.43434342742,-0.0388551093638,0.246629074216,0.285484194756
0.178217813373,0.43434342742,-0.0408292710781,0.24692517519,0.287754446268
0.188118815422,0.43434342742,-0.0427461117506,0.247181385756,0.289927482605
0.19801980257,0.43434342742,-0.0446013063192,0.247396409512,0.291997730732
0.207920789719,0.43434342742,-0.0463903360069,0.247568666935,0.293958991766
0.217821776867,0.43434342742,-0.0481085218489,0.247696831822,0.295805364847
0.227722764015,0.43434342742,-0.0497509203851,0.247779846191,0.297530770302
0.237623751163,0.43434342742,-0.0513124167919,0.247816577554,0.299129009247
0.247524753213,0.43434342742,-0.0527875721455,0.247806191444,0.30059376359
0.25742572546,0.43434342742,-0.0541708059609,0.247747808695,0.301918625832
0.267326742411,0.43434342742,-0.0554561838508,0.247640907764,0.303097099066
0.277227729559,0.43434342742,-0.0566375441849,0.247484847903,0.304122388363
0.287128716707,0.43434342742,-0.0577084086835,0.247279658914,0.304988056421
0.297029703856,0.43434342742,-0.0586619861424,0.247025206685,0.305687189102
0.306930691004,0.43434342742,-0.0594912320375,0.246721610427,0.306212842464
0.316831678152,0.43434342742,-0.0601887069643,0.246369361877,0.306558072567
0.3267326653,0.43434342742,-0.0607467591763,0.245968982577,0.306715726852
0.336633652449,0.43434342742,-0.0611572340131,0.245521351695,0.306678593159
0.346534639597,0.43434342742,-0.0614117793739,0.245027735829,0.306439518929
0.356435626745,0.43434342742,-0.0615016371012,0.244489118457,0.305990755558
0.366336613894,0.43434342742,-0.0614177025855,0.243907287717,0.305325001478
0.376237630844,0.43434342742,-0.0611504912376,0.243283867836,0.304434359074
0.386138617992,0.43434342742,-0.0606902837753,0.242620944977,0.303311228752
0.396039605141,0.43434342742,-0.0600268878043,0.2419205755,0.30194747448
0.405940592289,0.43434342742,-0.0591499246657,0.241185232997,0.300335168839
0.415841579437,0.43434342742,-0.0580486543477,0.240417435765,0.298466086388
0.425742566586,0.43434342742,-0.056712038815,0.239619791508,0.296331822872
0.435643553734,0.43434342742,-0.0551288314164,0.238795265555,0.293924093246
0.445544540882,0.43434342742,-0.0532876290381,0.237946629524,0.291234254837
0.45544552803,0.43434342742,-0.051176764071,0.237076982856,0.288253754377
0.465346515179,0.43434342742,-0.0487846583128,0.236189380288,0.284974038601
0.475247502327,0.43434342742,-0.0460995621979,0.235286921263,0.281386494637
0.485148519278,0.43434342742,-0.0431099236012,0.234372720122,0.277482628822
0.495049506426,0.43434342742,-0.0398042984307,0.233449846506,0.273254156113
0.504950523376,0.43434342742,-0.0361716002226,0.23252132535,0.268692910671
0.51485145092,0.43434342742,-0.0322012454271,0.23159019649,0.263791441917
0.524752497673,0.43434342742,-0.0278831329197,0.230659216642,0.258542358875
0.534653484821,0.43434342742,-0.0232080817223,0.229731276631,0.252939343452
0.54455447197,0.43434342742,-0.018167944625,0.228808864951,0.246976807714
0.554455459118,0.43434342742,-0.0127556985244,0.227894604206,0.240650296211
0.564356446266,0.43434342742,-0.00696604372934,0.226990744472,0.23395678401
0.574257433414,0.43434342742,-0.000795300176833,0.226099386811,0.226894691586
0.584158420563,0.43434342742,0.00575786270201,0.225222542882,0.219464674592
0.594059407711,0.43434342742,0.0126923602074,0.22436195612,0.211669594049
0.603960394859,0.43434342742,0.0200041607022,0.223519325256,0.203515172005
0.613861382008,0.43434342742,0.0276858881116,0.222695872188,0.195009976625
0.623762369156,0.43434342742,0.0357263199985,0.221892848611,0.186166524887
0.633663415909,0.43434342742,0.0441100597382,0.221111193299,0.177001133561
0.643564343452,0.43434342742,0.052816644311,0.22035177052,0.167535126209
0.653465390205,0.43434342742,0.0618208013475,0.219615221024,0.157794415951
0.663366317749,0.43434342742,0.0710908249021,0.218901962042,0.14781114459
0.673267364502,0.43434342742,0.0805892199278,0.218212276697,0.137623056769
0.683168292046,0.43434342742,0.0902711525559,0.217546239495,0.127275079489
0.693069338799,0.43434342742,0.100084848702,0.216904088855,0.116819240153
0.702970266342,0.43434342742,0.109970472753,0.216285333037,0.106314860284
0.712871313095,0.43434342742,0.119860641658,0.215689942241,0.0958293005824
0.722772240639,0.43434342742,0.129679143429,0.21511746943,0.0854383260012
0.732673287392,0.43434342742,0.139341920614,0.214567422867,0.0752255022526
0.74257427454,0.43434342742,0.148756295443,0.214039251208,0.0652829557657
0.752475261688,0.43434342742,0.157821804285,0.213532209396,0.0557104051113
0.762376248837,0.43434342742,0.166430324316,0.213045477867,0.0466151535511
0.772277235985,0.43434342742,0.174467340112,0.212578713894,0.0381113737822
0.782178223133,0.43434342742,0.181812494993,0.212130591273,0.0303180962801
0.792079210281,0.43434342742,0.188340991735,0.21170039475,0.0233594030142
0.80198019743,0.43434342742,0.193925991654,0.21128718555,0.0173611938953
0.811881184578,0.43434342742,0.198439568281,0.210890084505,0.0124505162239
0.821782171726,0.43434342742,0.201756164432,0.210508197546,0.00875203311443
0.831683158875,0.43434342742,0.203754484653,0.210140317678,0.00638583302498
0.841584146023,0.43434342742,0.204320982099,0.20978564024,0.00546465814114
0.851485133171,0.43434342742,0.203352406621,0.209443107247,0.00609070062637
0.861386120319,0.43434342742,0.200759887695,0.209111601114,0.00835171341896
0.871287107468,0.43434342742,0.196471512318,0.20879034698,0.0123188346624
0.881188154221,0.43434342742,0.190436169505,0.208478212357,0.0180420428514
0.891089081764,0.43434342742,0.182626083493,0.20817437768,0.0255482941866
0.900990128517,0.43434342742,0.173039615154,0.207877635956,0.0348380208015
0.910891115665,0.43434342742,0.161703839898,0.207587257028,0.0458834171295
0.920792102814,0.43434342742,0.148675352335,0.207302168012,0.0586268156767
0.930693089962,0.43434342742,0.134041786194,0.20702175796,0.0729799717665
0.94059407711,0.43434342742,0.117921330035,0.206744715571,0.0888233855367
0.950495064259,0.43434342742,0.100461453199,0.206470295787,0.106008842587
0.960396051407,0.43434342742,0.0818379446864,0.206197947264,0.124360002577
0.970297038555,0.43434342742,0.0622509941459,0.205926626921,0.143675625324
0.980198025703,0.43434342742,0.0419218949974,0.205655664206,0.163733765483
0.990099012852,0.43434342742,0.0210883580148,0.205384239554,0.184295877814
0.00990098994225,0.444444447756,-0.00241438113153,0.237853169441,0.240267544985
0.0198019798845,0.444444447756,-0.00482610147446,0.238571032882,0.243397131562
0.0297029688954,0.444444447756,-0.00723248953,0.239276707172,0.246509194374
0.039603959769,0.444444447756,-0.00963085517287,0.239969283342,0.249600142241
0.0495049506426,0.444444447756,-0.0120184952393,0.240646660328,0.252665162086
0.0594059377909,0.444444447756,-0.0143926404417,0.241307422519,0.255700051785
0.0693069323897,0.444444447756,-0.016750510782,0.241949960589,0.258700460196
0.079207919538,0.444444447756,-0.0190892573446,0.242572277784,0.261661529541
0.0891089066863,0.444444447756,-0.0214059501886,0.243172883987,0.264578819275
0.0990099012852,0.444444447756,-0.0236976258457,0.24375000596,0.26744762063
0.108910888433,0.444444447756,-0.0259611979127,0.244301781058,0.270262986422
0.118811875582,0.444444447756,-0.0281935241073,0.244826242328,0.273019760847
0.12871286273,0.444444447756,-0.0303913261741,0.245321974158,0.275713294744
0.138613864779,0.444444447756,-0.0325512327254,0.245786800981,0.278338044882
0.148514851928,0.444444447756,-0.0346697419882,0.246219262481,0.280889004469
0.158415839076,0.444444447756,-0.0367432311177,0.246617302299,0.283360540867
0.168316826224,0.444444447756,-0.0387679152191,0.246979355812,0.285747259855
0.178217813373,0.444444447756,-0.0407398566604,0.247303664684,0.288043528795
0.188118815422,0.444444447756,-0.0426549650729,0.247588559985,0.290243536234
0.19801980257,0.444444447756,-0.0445089675486,0.247832477093,0.292341440916
0.207920789719,0.444444447756,-0.0462973602116,0.248033896089,0.294331252575
0.217821776867,0.444444447756,-0.0480155162513,0.248191386461,0.296206891537
0.227722764015,0.444444447756,-0.0496584959328,0.248303622007,0.297962129116
0.237623751163,0.444444447756,-0.0512212365866,0.248369544744,0.29959076643
0.247524753213,0.444444447756,-0.0526983290911,0.248387888074,0.301086217165
0.25742572546,0.444444447756,-0.0540841892362,0.248357772827,0.302441954613
0.267326742411,0.444444447756,-0.0553729496896,0.248278334737,0.303651273251
0.277227729559,0.444444447756,-0.0565584562719,0.248149141669,0.304707586765
0.287128716707,0.444444447756,-0.0576342791319,0.247969716787,0.305603981018
0.297029703856,0.444444447756,-0.0585936307907,0.247739776969,0.306333422661
0.306930691004,0.444444447756,-0.0594295114279,0.247459322214,0.306888818741
0.316831678152,0.444444447756,-0.0601345226169,0.247128635645,0.307263165712
0.3267326653,0.444444447756,-0.0607010014355,0.246748045087,0.307449042797
0.336633652449,0.444444447756,-0.0611208416522,0.24631844461,0.307439297438
0.346534639597,0.444444447756,-0.0613857060671,0.245840638876,0.307226359844
0.356435626745,0.444444447756,-0.0614868663251,0.245315611362,0.306802481413
0.366336613894,0.444444447756,-0.0614152289927,0.244744867086,0.306160092354
0.376237630844,0.444444447756,-0.0611613355577,0.244130209088,0.30529153347
0.386138617992,0.444444447756,-0.0607154779136,0.243473246694,0.304188728333
0.396039605141,0.444444447756,-0.0600674822927,0.242776155472,0.302843630314
0.405940592289,0.444444447756,-0.0592069625854,0.242041260004,0.301248222589
0.415841579437,0.444444447756,-0.0581231899559,0.24127098918,0.299394190311
0.425742566586,0.444444447756,-0.0568051338196,0.24046805501,0.297273188829
0.435643553734,0.444444447756,-0.0552415475249,0.239635095,0.294876635075
0.445544540882,0.444444447756,-0.0534210130572,0.238775193691,0.292196214199
0.45544552803,0.444444447756,-0.0513318479061,0.237891346216,0.289223194122
0.465346515179,0.444444447756,-0.0489624664187,0.236986652017,0.285949110985
0.475247502327,0.444444447756,-0.0463010594249,0.236064329743,0.282365381718
0.485148519278,0.444444447756,-0.0433360822499,0.235127642751,0.278463721275
0.495049506426,0.444444447756,-0.0400560349226,0.234179630876,0.274235665798
0.504950523376,0.444444447756,-0.036449778825,0.233223572373,0.269673347473
0.51485145092,0.444444447756,-0.0325066708028,0.232262566686,0.264769226313
0.524752497673,0.444444447756,-0.0282165333629,0.231299683452,0.259516209364
0.534653484821,0.444444447756,-0.0235701315105,0.230337843299,0.253907978535
0.54455447197,0.444444447756,-0.0185592062771,0.22937990725,0.247939109802
0.554455459118,0.444444447756,-0.0131766479462,0.228428572416,0.241605222225
0.564356446266,0.444444447756,-0.00741703435779,0.227486327291,0.234903365374
0.574257433414,0.444444447756,-0.00127657235134,0.226555511355,0.227832078934
0.584158420563,0.444444447756,0.00524620525539,0.225638389587,0.220392182469
0.594059407711,0.444444447756,0.0121503667906,0.224736854434,0.2125864923
0.603960394859,0.444444447756,0.0194320417941,0.223852738738,0.204420700669
0.613861382008,0.444444447756,0.0270840208977,0.222987651825,0.195903629065
0.623762369156,0.444444447756,0.0350952744484,0.222142979503,0.187047705054
0.633663415909,0.444444447756,0.0434505864978,0.221319898963,0.177869319916
0.643564343452,0.444444447756,0.0521297119558,0.220519393682,0.168389678001
0.653465390205,0.444444447756,0.0611075796187,0.219742238522,0.158634662628
0.663366317749,0.444444447756,0.0703527107835,0.218989193439,0.148636490107
0.673267364502,0.444444447756,0.079827837646,0.218260467052,0.138432621956
0.683168292046,0.444444447756,0.0894883573055,0.217556506395,0.12806814909
0.693069338799,0.444444447756,0.0992827042937,0.216877430677,0.117594726384
0.702970266342,0.444444447756,0.109151296318,0.216223195195,0.107071898878
0.712871313095,0.444444447756,0.119026966393,0.21559356153,0.0965665951371
0.722772240639,0.444444447756,0.128833696246,0.214988231659,0.0861545354128
0.732673287392,0.444444447756,0.138487607241,0.214406743646,0.075919136405
0.74257427454,0.444444447756,0.147896260023,0.213848933578,0.0659526735544
0.752475261688,0.444444447756,0.156959280372,0.213313654065,0.0563543736935
0.762376248837,0.444444447756,0.165568783879,0.212800726295,0.0472319424152
0.772277235985,0.444444447756,0.173610240221,0.212309032679,0.0386987924576
0.782178223133,0.444444447756,0.18096344173,0.211837977171,0.0308745354414
0.792079210281,0.444444447756,0.18750359118,0.211386665702,0.023883074522
0.80198019743,0.444444447756,0.193103909492,0.210954025388,0.0178501158953
0.811881184578,0.444444447756,0.197636306286,0.210539191961,0.0129028856754
0.821782171726,0.444444447756,0.200975358486,0.210141226649,0.00916586816311
0.831683158875,0.444444447756,0.20299950242,0.209759041667,0.00675953924656
0.841584146023,0.444444447756,0.203595072031,0.209391713142,0.00579664111137
0.851485133171,0.444444447756,0.202658653259,0.209038063884,0.0063794106245
0.861386120319,0.444444447756,0.200101152062,0.208697348833,0.00859619677067
0.871287107468,0.444444447756,0.195850431919,0.208368346095,0.012517914176
0.881188154221,0.444444447756,0.189855188131,0.20804990828,0.018194720149
0.891089081764,0.444444447756,0.182087317109,0.207741260529,0.0256539434195
0.900990128517,0.444444447756,0.172544881701,0.207441300154,0.0348964184523
0.910891115665,0.444444447756,0.161254793406,0.207149043679,0.0458942502737
0.920792102814,0.444444447756,0.148273378611,0.206863507628,0.0585901290178
0.930693089962,0.444444447756,0.133688002825,0.206583663821,0.0728956609964
0.94059407711,0.444444447756,0.117616645992,0.206308722496,0.0886920765042
0.950495064259,0.444444447756,0.100206591189,0.20603762567,0.105831034482
0.960396051407,0.444444447756,0.0816334858537,0.20576967299,0.124136187136
0.970297038555,0.444444447756,0.0620973147452,0.205503955483,0.143406644464
0.980198025703,0.444444447756,0.041819293052,0.205239295959,0.163420006633
0.990099012852,0.444444447756,0.0210370123386,0.204975426197,0.183938413858
0.00990098994225,0.454545468092,-0.00240764860064,0.237868055701,0.240275710821
0.0198019798845,0.454545468092,-0.00481266248971,0.238598302007,0.24341095984
0.0297029688954,0.454545468092,-0.00721239903942,0.239317685366,0.246530085802
0.039603959769,0.454545468092,-0.00960419327021,0.240025028586,0.249629229307
0.0495049506426,0.454545468092,-0.0119853653014,0.24071829021,0.252703666687
0.0594059377909,0.454545468092,-0.0143531840295,0.241395965219,0.255749136209
0.0693069323897,0.454545468092,-0.0167048834264,0.242056399584,0.258761286736
0.079207919538,0.454545468092,-0.0190376490355,0.242697864771,0.261735498905
0.0891089066863,0.454545468092,-0.0213485732675,0.243318781257,0.264667361975
0.0990099012852,0.454545468092,-0.0236347299069,0.243917033076,0.267551749945
0.108910888433,0.454545468092,-0.0258930493146,0.244490981102,0.270384043455
0.118811875582,0.454545468092,-0.0281204208732,0.245038658381,0.273159086704
0.12871286273,0.454545468092,-0.0303135998547,0.245558410883,0.275872021914
0.138613864779,0.454545468092,-0.0324692390859,0.246048346162,0.278517574072
0.148514851928,0.454545468092,-0.0345838554204,0.246506616473,0.281090468168
0.158415839076,0.454545468092,-0.0366538725793,0.24693132937,0.283585190773
0.168316826224,0.454545468092,-0.038675531745,0.247320726514,0.285996258259
0.178217813373,0.454545468092,-0.0406449101865,0.247672796249,0.288317710161
0.188118815422,0.454545468092,-0.0425579585135,0.24798618257,0.29054415226
0.19801980257,0.454545468092,-0.0444104298949,0.248258903623,0.292669326067
0.207920789719,0.454545468092,-0.0461978577077,0.24848935008,0.294687211514
0.217821776867,0.454545468092,-0.0479156337678,0.248676151037,0.29659178853
0.227722764015,0.454545468092,-0.0495588518679,0.248817667365,0.298376530409
0.237623751163,0.454545468092,-0.0511224865913,0.248912632465,0.300035119057
0.247524753213,0.454545468092,-0.0526011399925,0.248959898949,0.301561027765
0.25742572546,0.454545468092,-0.0539892837405,0.248958319426,0.302947610617
0.267326742411,0.454545468092,-0.0552810616791,0.248906642199,0.304187715054
0.277227729559,0.454545468092,-0.0564703680575,0.248804628849,0.305274993181
0.287128716707,0.454545468092,-0.0575507618487,0.248651385307,0.306202143431
0.297029703856,0.454545468092,-0.0585155561566,0.248446553946,0.306962102652
0.306930691004,0.454545468092,-0.059357713908,0.24818995595,0.307547658682
0.316831678152,0.454545468092,-0.0600698627532,0.247881636024,0.307951509953
0.3267326653,0.454545468092,-0.0606444068253,0.247521713376,0.308166116476
0.336633652449,0.454545468092,-0.0610732361674,0.247110873461,0.308184117079
0.346534639597,0.454545468092,-0.0613480731845,0.246649816632,0.307997882366
0.356435626745,0.454545468092,-0.0614601783454,0.246139541268,0.307599723339
0.366336613894,0.454545468092,-0.061400488019,0.245581179857,0.306981682777
0.376237630844,0.454545468092,-0.0611595660448,0.244976326823,0.306135892868
0.386138617992,0.454545468092,-0.0607277154922,0.244326606393,0.305054306984
0.396039605141,0.454545468092,-0.0600947849452,0.243634060025,0.303728848696
0.405940592289,0.454545468092,-0.0592503920197,0.242900907993,0.302151292562
0.415841579437,0.454545468092,-0.0581838153303,0.242129474878,0.300313293934
0.425742566586,0.454545468092,-0.0568840317428,0.241322368383,0.29820638895
0.435643553734,0.454545468092,-0.0553397983313,0.240482389927,0.295822203159
0.445544540882,0.454545468092,-0.0535396710038,0.239612475038,0.293152153492
0.45544552803,0.454545468092,-0.0514719933271,0.238715648651,0.290187656879
0.465346515179,0.454545468092,-0.0491251163185,0.237795129418,0.286920249462
0.475247502327,0.454545468092,-0.0464872382581,0.236854076385,0.283341318369
0.485148519278,0.454545468092,-0.0435467846692,0.235895767808,0.279442548752
0.495049506426,0.454545468092,-0.0402922071517,0.234923601151,0.275215804577
0.504950523376,0.454545468092,-0.0367123223841,0.233940854669,0.270653188229
0.51485145092,0.454545468092,-0.0327964425087,0.232950806618,0.265747249126
0.524752497673,0.454545468092,-0.0285343136638,0.231956660748,0.260490983725
0.534653484821,0.454545468092,-0.0239166356623,0.230961561203,0.25487819314
0.54455447197,0.454545468092,-0.0189350619912,0.229968518019,0.248903572559
0.554455459118,0.454545468092,-0.0135823795572,0.228980362415,0.242562741041
0.564356446266,0.454545468092,-0.00785307772458,0.227999940515,0.235853016376
0.574257433414,0.454545468092,-0.00174322596285,0.227029711008,0.228772938251
0.584158420563,0.454545468092,0.00474876491353,0.226072221994,0.22132346034
0.594059407711,0.454545468092,0.011622111313,0.225129559636,0.213507443666
0.603960394859,0.454545468092,0.0188730917871,0.224203824997,0.205330729485
0.613861382008,0.454545468092,0.0264946743846,0.223296657205,0.196801990271
0.623762369156,0.454545468092,0.0344760008156,0.222409889102,0.187933892012
0.633663415909,0.454545468092,0.0428020618856,0.221544802189,0.178742736578
0.643564343452,0.454545468092,0.0514527931809,0.220702558756,0.169249773026
0.653465390205,0.454545468092,0.0604033619165,0.219884157181,0.159480795264
0.663366317749,0.454545468092,0.0696224868298,0.219090417027,0.149467930198
0.673267364502,0.454545468092,0.0790731310844,0.218321964145,0.13924883306
0.683168292046,0.454545468092,0.0887109264731,0.21757915616,0.128868222237
0.693069338799,0.454545468092,0.0984845459461,0.216862246394,0.118377700448
0.702970266342,0.454545468092,0.108334623277,0.216171354055,0.107836730778
0.712871313095,0.454545468092,0.118194215,0.215506464243,0.0973122492433
0.722772240639,0.454545468092,0.12798756361,0.214867293835,0.0868797302246
0.732673287392,0.454545468092,0.137630969286,0.214253589511,0.076622620225
0.74257427454,0.454545468092,0.147032141685,0.213664799929,0.0666326582432
0.752475261688,0.454545468092,0.156090989709,0.213100537658,0.0570095479488
0.762376248837,0.454545468092,0.164699658751,0.212560072541,0.0478604137897
0.772277235985,0.454545468092,0.172743827105,0.212042793632,0.039298966527
0.782178223133,0.454545468092,0.180103346705,0.211547598243,0.0314442515373
0.792079210281,0.454545468092,0.186653494835,0.21107390523,0.0244204103947
0.80198019743,0.454545468092,0.192267522216,0.210620805621,0.0183532834053
0.811881184578,0.454545468092,0.196817353368,0.210187211633,0.0133698582649
0.821782171726,0.454545468092,0.200177460909,0.209772348404,0.00959488749504
0.831683158875,0.454545468092,0.202226221561,0.209374889731,0.00714866816998
0.841584146023,0.454545468092,0.20284986496,0.208994045854,0.0061441808939
0.851485133171,0.454545468092,0.201944842935,0.208628639579,0.00668379664421
0.861386120319,0.454545468092,0.199421852827,0.20827768743,0.00885583460331
0.871287107468,0.454545468092,0.195208564401,0.207940086722,0.0127315223217
0.881188154221,0.454545468092,0.189253374934,0.207614824176,0.0183614492416
0.891089081764,0.454545468092,0.181527987123,0.207300841808,0.0257728546858
0.900990128517,0.454545468092,0.172030255198,0.206996798515,0.0349665433168
0.910891115665,0.454545468092,0.160786792636,0.206702038646,0.0459152460098
0.920792102814,0.454545468092,0.1478536129,0.206415429711,0.0585618168116
0.930693089962,0.454545468092,0.133317902684,0.206135869026,0.072817966342
0.94059407711,0.454545468092,0.117297433317,0.205862447619,0.0885650143027
0.950495064259,0.454545468092,0.0999392047524,0.205594077706,0.105654872954
0.960396051407,0.454545468092,0.0814187079668,0.205330073833,0.123911365867
0.970297038555,0.454545468092,0.0619357377291,0.205069243908,0.143133506179
0.980198025703,0.454545468092,0.041711345315,0.204810842872,0.163099497557
0.990099012852,0.454545468092,0.0209829732776,0.204554006457,0.18357104063
0.00990098994225,0.464646458626,-0.00240063294768,0.237880513072,0.240281149745
0.0198019798845,0.464646458626,-0.00479865819216,0.238622650504,0.243421316147
0.0297029688954,0.464646458626,-0.00719145778567,0.239355355501,0.246546819806
0.039603959769,0.464646458626,-0.00957639608532,0.240076720715,0.249653115869
0.0495049506426,0.464646458626,-0.0119508178905,0.240785390139,0.252736210823
0.0594059377909,0.464646458626,-0.014312017709,0.241479590535,0.255791604519
0.0693069323897,0.464646458626,-0.0166572574526,0.242157638073,0.258814901114
0.079207919538,0.464646458626,-0.0189837552607,0.242817699909,0.261801451445
0.0891089066863,0.464646458626,-0.0212886184454,0.24345818162,0.264746785164
0.0990099012852,0.464646458626,-0.0235689580441,0.244077086449,0.267646044493
0.108910888433,0.464646458626,-0.0258217304945,0.244672745466,0.27049446106
0.118811875582,0.464646458626,-0.0280438493937,0.245243251324,0.273287087679
0.12871286273,0.464646458626,-0.0302320998162,0.245786726475,0.276018828154
0.138613864779,0.464646458626,-0.0323831625283,0.246301144361,0.278684318066
0.148514851928,0.464646458626,-0.0344935879111,0.246784701943,0.281278282404
0.158415839076,0.464646458626,-0.0365598239005,0.247235536575,0.28379535675
0.168316826224,0.464646458626,-0.0385781340301,0.247651696205,0.286229819059
0.178217813373,0.464646458626,-0.040544629097,0.248031437397,0.288576066494
0.188118815422,0.464646458626,-0.0424552932382,0.248372897506,0.290828198195
0.19801980257,0.464646458626,-0.0443059131503,0.248674020171,0.292979925871
0.207920789719,0.464646458626,-0.0460920333862,0.248933434486,0.295025467873
0.217821776867,0.464646458626,-0.0478091016412,0.24914932251,0.2969584167
0.227722764015,0.464646458626,-0.0494522303343,0.249320089817,0.298772335052
0.237623751163,0.464646458626,-0.0510164014995,0.249444276094,0.300460666418
0.247524753213,0.464646458626,-0.0524962842464,0.249520435929,0.302016735077
0.25742572546,0.464646458626,-0.0538863651454,0.249547362328,0.303433716297
0.267326742411,0.464646458626,-0.0551808029413,0.249524086714,0.304704904556
0.277227729559,0.464646458626,-0.0563735403121,0.249449461699,0.305822998285
0.287128716707,0.464646458626,-0.0574581846595,0.24932281673,0.306780993938
0.297029703856,0.464646458626,-0.0584280230105,0.249143615365,0.307571649551
0.306930691004,0.464646458626,-0.0592761039734,0.248911321163,0.308187425137
0.316831678152,0.464646458626,-0.0599950477481,0.248626023531,0.30862107873
0.3267326653,0.464646458626,-0.0605772994459,0.248287662864,0.308864951134
0.336633652449,0.464646458626,-0.0610147900879,0.24789647758,0.308911263943
0.346534639597,0.464646458626,-0.0612992346287,0.247453212738,0.308752447367
0.356435626745,0.464646458626,-0.0614219270647,0.246958553791,0.308380484581
0.366336613894,0.464646458626,-0.0613738484681,0.246413677931,0.307787537575
0.376237630844,0.464646458626,-0.0611455477774,0.245819792151,0.306965351105
0.386138617992,0.464646458626,-0.0607273802161,0.245178505778,0.305905878544
0.396039605141,0.464646458626,-0.0601091869175,0.244491830468,0.30460101366
0.405940592289,0.464646458626,-0.0592806115746,0.24376167357,0.303042292595
0.415841579437,0.464646458626,-0.058230932802,0.242990419269,0.301221340895
0.425742566586,0.464646458626,-0.0569491460919,0.242180556059,0.2991296947
0.435643553734,0.464646458626,-0.0554239824414,0.24133490026,0.296758890152
0.445544540882,0.464646458626,-0.0536440238357,0.240456268191,0.294100284576
0.45544552803,0.464646458626,-0.051597584039,0.239547744393,0.291145324707
0.465346515179,0.464646458626,-0.0492730252445,0.238612532616,0.287885546684
0.475247502327,0.464646458626,-0.0466585159302,0.237653926015,0.284312427044
0.485148519278,0.464646458626,-0.0437424443662,0.236675262451,0.280417710543
0.495049506426,0.464646458626,-0.0405132211745,0.235679998994,0.276193231344
0.504950523376,0.464646458626,-0.0369596555829,0.234671503305,0.271631151438
0.51485145092,0.464646458626,-0.0330709628761,0.23365329206,0.266724258661
0.524752497673,0.464646458626,-0.0288368742913,0.232628583908,0.261465460062
0.534653484821,0.464646458626,-0.0242479890585,0.231600835919,0.255848824978
0.54455447197,0.464646458626,-0.0192958861589,0.230573192239,0.249869078398
0.554455459118,0.464646458626,-0.0139732733369,0.229548722506,0.243521988392
0.564356446266,0.464646458626,-0.00827452354133,0.228530421853,0.236804947257
0.574257433414,0.464646458626,-0.0021956008859,0.227521017194,0.229716613889
0.584158420563,0.464646458626,0.0042652208358,0.226523175836,0.222257956862
0.594059407711,0.464646458626,0.0111072836444,0.225539401174,0.214432120323
0.603960394859,0.464646458626,0.0183270331472,0.22457177937,0.206244751811
0.613861382008,0.464646458626,0.0259175952524,0.223622441292,0.197704851627
0.623762369156,0.464646458626,0.0338682867587,0.222693160176,0.188824877143
0.633663415909,0.464646458626,0.0421642884612,0.22178556025,0.17962127924
0.643564343452,0.464646458626,0.0507857427001,0.220901012421,0.17011526227
0.653465390205,0.464646458626,0.0597080253065,0.220040664077,0.160332635045
0.663366317749,0.464646458626,0.0689000636339,0.219205632806,0.150305569172
0.673267364502,0.464646458626,0.0783250629902,0.218396529555,0.140071466565
0.683168292046,0.464646458626,0.0879388824105,0.217614024878,0.129675149918
0.693069338799,0.464646458626,0.0976904258132,0.216858401895,0.119167976081
0.702970266342,0.464646458626,0.10752055794,0.216130018234,0.108609460294
0.712871313095,0.464646458626,0.117362588644,0.2154289186,0.0980663299561
0.722772240639,0.464646458626,0.127140954137,0.214754879475,0.0876139253378
0.732673287392,0.464646458626,0.136772215366,0.214107751846,0.0773355364799
0.74257427454,0.464646458626,0.146164268255,0.213487237692,0.0673229694366
0.752475261688,0.464646458626,0.155217215419,0.212892770767,0.0576755553484
0.762376248837,0.464646458626,0.163823351264,0.212323710322,0.0485003590584
0.772277235985,0.464646458626,0.171868562698,0.211779624224,0.0399110615253
0.782178223133,0.464646458626,0.17923271656,0.211259379983,0.0320266634226
0.792079210281,0.464646458626,0.185791239142,0.210762515664,0.0249712765217
0.80198019743,0.464646458626,0.191417440772,0.210287898779,0.0188704580069
0.811881184578,0.464646458626,0.195983275771,0.209834575653,0.0138512998819
0.821782171726,0.464646458626,0.19936311245,0.209401801229,0.0100386887789
0.831683158875,0.464646458626,0.201435387135,0.208988115191,0.00755272805691
0.841584146023,0.464646458626,0.202086150646,0.208592861891,0.00650671124458
0.851485133171,0.464646458626,0.201211750507,0.20821480453,0.00700305402279
0.861386120319,0.464646458626,0.198722749949,0.207852825522,0.00913007557392
0.871287107468,0.464646458626,0.194546580315,0.207506015897,0.0129594355822
0.881188154221,0.464646458626,0.188631445169,0.207172900438,0.0185414552689
0.891089081764,0.464646458626,0.180948853493,0.206852644682,0.0259037911892
0.900990128517,0.464646458626,0.171496391296,0.206544041634,0.0350476503372
0.910891115665,0.464646458626,0.160300388932,0.206246182323,0.0459457933903
0.920792102814,0.464646458626,0.147416621447,0.205957725644,0.0585411041975
0.930693089962,0.464646458626,0.132932037115,0.205677837133,0.0727458000183
0.94059407711,0.464646458626,0.116964153945,0.205405518413,0.0884413644671
0.950495064259,0.464646458626,0.0996597036719,0.205139353871,0.105479650199
0.960396051407,0.464646458626,0.0811939686537,0.204878717661,0.123684749007
0.970297038555,0.464646458626,0.061766538769,0.204622611403,0.14285607636
0.980198025703,0.464646458626,0.0415982306004,0.204369843006,0.162771612406
0.990099012852,0.464646458626,0.0209263246506,0.204119816422,0.183193489909
0.00990098994225,0.474747478962,-0.00239334441721,0.237889885902,0.240283235908
0.0198019798845,0.474747478962,-0.00478410720825,0.238643720746,0.243427827954
0.0297029688954,0.474747478962,-0.00716969743371,0.239388972521,0.246558666229
0.039603959769,0.474747478962,-0.00954750552773,0.240124240518,0.24967174232
0.0495049506426,0.474747478962,-0.0119148986414,0.240847662091,0.252762556076
0.0594059377909,0.474747478962,-0.0142692066729,0.241557687521,0.255826890469
0.0693069323897,0.474747478962,-0.0166077129543,0.242252513766,0.258860230446
0.079207919538,0.474747478962,-0.0189276542515,0.24293063581,0.261858284473
0.0891089066863,0.474747478962,-0.02122618258,0.243590176105,0.264816343784
0.0990099012852,0.474747478962,-0.0235004182905,0.244229272008,0.267729699612
0.108910888433,0.474747478962,-0.0257473513484,0.244846090674,0.270593434572
0.118811875582,0.474747478962,-0.0279639326036,0.245438590646,0.273402512074
0.12871286273,0.474747478962,-0.0301469601691,0.246005296707,0.276152253151
0.138613864779,0.474747478962,-0.0322931520641,0.246543630958,0.278836786747
0.148514851928,0.474747478962,-0.0343990847468,0.247052162886,0.281451255083
0.158415839076,0.474747478962,-0.0364612266421,0.247528776526,0.283989995718
0.168316826224,0.474747478962,-0.0384758859873,0.247971370816,0.286447256804
0.178217813373,0.474747478962,-0.0404391922057,0.248378321528,0.28881752491
0.188118815422,0.474747478962,-0.042347162962,0.248747229576,0.291094392538
0.19801980257,0.474747478962,-0.0441956110299,0.249076858163,0.293272465467
0.207920789719,0.474747478962,-0.0459801107645,0.249364823103,0.295344948769
0.217821776867,0.474747478962,-0.0476961396635,0.249609574676,0.297305703163
0.227722764015,0.474747478962,-0.0493388399482,0.249809473753,0.299148321152
0.237623751163,0.474747478962,-0.0509032383561,0.249962732196,0.300865978003
0.247524753213,0.474747478962,-0.0523840114474,0.250067710876,0.302451729774
0.25742572546,0.474747478962,-0.053775690496,0.250123500824,0.303899198771
0.267326742411,0.474747478962,-0.0550724640489,0.250128507614,0.305200964212
0.277227729559,0.474747478962,-0.0562682971358,0.250081598759,0.306349903345
0.287128716707,0.474747478962,-0.0573568306863,0.249981880188,0.3073387146
0.297029703856,0.474747478962,-0.0583313778043,0.249828755856,0.308160126209
0.306930691004,0.474747478962,-0.0591850169003,0.249621406198,0.308806419373
0.316831678152,0.474747478962,-0.0599104203284,0.249359697104,0.309270113707
0.3267326653,0.474747478962,-0.0605000406504,0.249043479562,0.309543520212
0.336633652449,0.474747478962,-0.0609458312392,0.248672872782,0.309618711472
0.346534639597,0.474747478962,-0.0612395405769,0.248248249292,0.309487789869
0.356435626745,0.474747478962,-0.0613724887371,0.247770309448,0.309142798185
0.366336613894,0.474747478962,-0.0613356679678,0.247239783406,0.308575451374
0.376237630844,0.474747478962,-0.0611196681857,0.246658146381,0.307777822018
0.386138617992,0.474747478962,-0.0607148595154,0.246026605368,0.306741476059
0.396039605141,0.474747478962,-0.0601110942662,0.2453468889,0.305457979441
0.405940592289,0.474747478962,-0.0592980273068,0.244620993733,0.303919017315
0.415841579437,0.474747478962,-0.0582649484277,0.243851333857,0.302116274834
0.425742566586,0.474747478962,-0.0570008717477,0.243040069938,0.30004093051
0.435643553734,0.474747478962,-0.0554945282638,0.242190018296,0.297684550285
0.445544540882,0.474747478962,-0.0537344887853,0.241304069757,0.295038551092
0.45544552803,0.474747478962,-0.0517090782523,0.240385189652,0.292094260454
0.465346515179,0.474747478962,-0.049406632781,0.23943670094,0.288843333721
0.475247502327,0.474747478962,-0.0468153059483,0.238461792469,0.285277098417
0.485148519278,0.474747478962,-0.043923471123,0.23746393621,0.281387418509
0.495049506426,0.474747478962,-0.04071951285,0.236446723342,0.277166247368
0.504950523376,0.474747478962,-0.0371921733022,0.235413551331,0.272605717182
0.51485145092,0.474747478962,-0.0333306603134,0.234368115664,0.267698764801
0.524752497673,0.474747478962,-0.0291246064007,0.233313813806,0.262438416481
0.534653484821,0.474747478962,-0.0245645772666,0.232254207134,0.256818771362
0.54455447197,0.474747478962,-0.0196420680732,0.231192588806,0.250834643841
0.554455459118,0.474747478962,-0.0143496952951,0.230132371187,0.244482070208
0.564356446266,0.474747478962,-0.00868173222989,0.229076609015,0.237758338451
0.574257433414,0.474747478962,-0.00263403472491,0.228028312325,0.230662345886
0.584158420563,0.474747478962,0.00379524589516,0.226990386844,0.223195135593
0.594059407711,0.474747478962,0.0106055932119,0.225965455174,0.215359866619
0.603960394859,0.474747478962,0.0177935902029,0.224955946207,0.207162350416
0.613861382008,0.474747478962,0.0253525301814,0.223964169621,0.198611646891
0.623762369156,0.474747478962,0.0332719050348,0.222992196679,0.189720287919
0.633663415909,0.474747478962,0.0415370836854,0.222041741014,0.180504649878
0.643564343452,0.474747478962,0.0501284003258,0.221114397049,0.170985996723
0.653465390205,0.474747478962,0.0590214394033,0.220211669803,0.161190226674
0.663366317749,0.474747478962,0.0681853666902,0.219334572554,0.151149213314
0.673267364502,0.474747478962,0.0775835886598,0.218484118581,0.14090052247
0.683168292046,0.474747478962,0.0871722027659,0.217661082745,0.130488872528
0.693069338799,0.474747478962,0.0969003662467,0.216865986586,0.119965620339
0.702970266342,0.474747478962,0.106709189713,0.216099172831,0.109389983118
0.712871313095,0.474747478962,0.116532199085,0.2153609097,0.0988287106156
0.722772240639,0.474747478962,0.126294106245,0.214651033282,0.0883569270372
0.732673287392,0.474747478962,0.135911613703,0.213969573379,0.0780579596758
0.74257427454,0.474747478962,0.145292952657,0.21331627667,0.0680233240128
0.752475261688,0.474747478962,0.154338344932,0.212690502405,0.0583521574736
0.762376248837,0.474747478962,0.16294029355,0.21209192276,0.0491516292095
0.772277235985,0.474747478962,0.170984849334,0.211519762874,0.0405349135399
0.782178223133,0.474747478962,0.178352072835,0.210973694921,0.0326216220856
0.792079210281,0.474747478962,0.184917405248,0.210452407598,0.0255350023508
0.80198019743,0.474747478962,0.19055429101,0.209955304861,0.0194010138512
0.811881184578,0.474747478962,0.195134729147,0.209481239319,0.0143465101719
0.821782171726,0.474747478962,0.198533028364,0.209029465914,0.0104964375496
0.831683158875,0.474747478962,0.200627669692,0.208598718047,0.0079710483551
0.841584146023,0.474747478962,0.201304629445,0.208188101649,0.00688347220421
0.851485133171,0.474747478962,0.200460121036,0.207796499133,0.00733637809753
0.861386120319,0.474747478962,0.198004573584,0.2074226439,0.00941807031631
0.871287107468,0.474747478962,0.193865284324,0.207065433264,0.0132001489401
0.881188154221,0.474747478962,0.187990233302,0.206723943353,0.0187337100506
0.891089081764,0.474747478962,0.18035069108,0.206396862864,0.0260461717844
0.900990128517,0.474747478962,0.170944020152,0.206082865596,0.0351388454437
0.910891115665,0.474747478962,0.159796327353,0.205781057477,0.0459847301245
0.920792102814,0.474747478962,0.146963089705,0.205490335822,0.0585272461176
0.930693089962,0.474747478962,0.132531031966,0.205209419131,0.0726783871651
0.94059407711,0.474747478962,0.116617329419,0.204937428236,0.0883200988173
0.950495064259,0.474747478962,0.0993685424328,0.204673007131,0.105304464698
0.960396051407,0.474747478962,0.0809596329927,0.204415395856,0.123455762863
0.970297038555,0.474747478962,0.06158997491,0.204163402319,0.142573431134
0.980198025703,0.474747478962,0.0414801463485,0.203916043043,0.162435889244
0.990099012852,0.474747478962,0.0208671689034,0.203672289848,0.182805120945
0.00990098994225,0.484848499298,-0.00238579232246,0.237895622849,0.240281417966
0.0198019798845,0.484848499298,-0.00476902863011,0.238660395145,0.243429422379
0.0297029688954,0.484848499298,-0.00714714452624,0.239417910576,0.246565058827
0.039603959769,0.484848499298,-0.00951755512506,0.240166172385,0.249683722854
0.0495049506426,0.484848499298,-0.0118776587769,0.240903809667,0.252781480551
0.0594059377909,0.484848499298,-0.0142248002812,0.24162915349,0.255853950977
0.0693069323897,0.484848499298,-0.0165563002229,0.242340385914,0.258896678686
0.079207919538,0.484848499298,-0.0188694205135,0.243035957217,0.261905372143
0.0891089066863,0.484848499298,-0.0211613345891,0.243714049459,0.264875382185
0.0990099012852,0.484848499298,-0.0234291944653,0.244372606277,0.26780179143
0.108910888433,0.484848499298,-0.0256700199097,0.245010018349,0.270680040121
0.118811875582,0.484848499298,-0.0278807766736,0.245624154806,0.273504942656
0.12871286273,0.484848499298,-0.0300583019853,0.246213212609,0.276271522045
0.138613864779,0.484848499298,-0.0321993343532,0.246775209904,0.278974533081
0.148514851928,0.484848499298,-0.0343004837632,0.247307986021,0.281608462334
0.158415839076,0.484848499298,-0.0363582484424,0.247809782624,0.284168034792
0.168316826224,0.484848499298,-0.0383689552546,0.248278468847,0.286647439003
0.178217813373,0.484848499298,-0.0403287746012,0.248712033033,0.289040803909
0.188118815422,0.484848499298,-0.0422337427735,0.249108448625,0.291342198849
0.19801980257,0.484848499298,-0.0440797135234,0.249465793371,0.293545514345
0.207920789719,0.484848499298,-0.0458622872829,0.249782070518,0.295644342899
0.217821776867,0.484848499298,-0.0475769639015,0.250055491924,0.297632455826
0.227722764015,0.484848499298,-0.0492189154029,0.250284135342,0.299503058195
0.237623751163,0.484848499298,-0.0507832057774,0.250466346741,0.301249563694
0.247524753213,0.484848499298,-0.0522645562887,0.250600367785,0.302864909172
0.25742572546,0.484848499298,-0.0536575056612,0.250684767962,0.304342269897
0.267326742411,0.484848499298,-0.0549562722445,0.250718176365,0.305674433708
0.277227729559,0.484848499298,-0.0561548732221,0.250699192286,0.306854069233
0.287128716707,0.484848499298,-0.057246953249,0.250626802444,0.307873755693
0.297029703856,0.484848499298,-0.0582258887589,0.25049996376,0.308725863695
0.306930691004,0.484848499298,-0.0590847618878,0.250318139791,0.309402912855
0.316831678152,0.484848499298,-0.0598162859678,0.25008058548,0.309896886349
0.3267326653,0.484848499298,-0.0604129172862,0.249787226319,0.310200154781
0.336633652449,0.484848499298,-0.060866676271,0.249437838793,0.310304522514
0.346534639597,0.484848499298,-0.0611693076789,0.249032750726,0.31020206213
0.356435626745,0.484848499298,-0.0613121800125,0.248572334647,0.309884518385
0.366336613894,0.484848499298,-0.0612862892449,0.248057380319,0.309343665838
0.376237630844,0.484848499298,-0.0610822811723,0.247488901019,0.308571189642
0.386138617992,0.484848499298,-0.0606905035675,0.246868237853,0.307558745146
0.396039605141,0.484848499298,-0.0601008497179,0.246196821332,0.306297659874
0.405940592289,0.484848499298,-0.0593029856682,0.245476618409,0.304779589176
0.415841579437,0.484848499298,-0.0582862347364,0.244709745049,0.302995979786
0.425742566586,0.484848499298,-0.0570395924151,0.243898421526,0.300938010216
0.435643553734,0.484848499298,-0.0555518083274,0.243045449257,0.298597246408
0.445544540882,0.484848499298,-0.053811442107,0.242153480649,0.295964926481
0.45544552803,0.484848499298,-0.0518068447709,0.241225674748,0.29303252697
0.465346515179,0.484848499298,-0.0495263114572,0.2402651757,0.289791494608
0.475247502327,0.484848499298,-0.0469580031931,0.239275351167,0.286233365536
0.485148519278,0.484848499298,-0.0440902635455,0.238259613514,0.28234988451
0.495049506426,0.484848499298,-0.0409114472568,0.237221628428,0.278133064508
0.504950523376,0.484848499298,-0.0374102704227,0.23616501689,0.273575276136
0.51485145092,0.484848499298,-0.0335758924484,0.235093459487,0.268669366837
0.524752497673,0.484848499298,-0.0293979011476,0.234010487795,0.263408392668
0.534653484821,0.484848499298,-0.0248667821288,0.232919871807,0.257786661386
0.54455447197,0.484848499298,-0.0199739653617,0.231825128198,0.251799106598
0.554455459118,0.484848499298,-0.0147119918838,0.230729773641,0.245441764593
0.564356446266,0.484848499298,-0.00907503347844,0.229637101293,0.238712131977
0.574257433414,0.484848499298,-0.00305884727277,0.22855040431,0.231609255075
0.584158420563,0.484848499298,0.00333854323253,0.227472603321,0.22413405776
0.594059407711,0.484848499298,0.0101167457178,0.226406812668,0.216290071607
0.603960394859,0.484848499298,0.0172724947333,0.22535546124,0.208082973957
0.613861382008,0.484848499298,0.0247992370278,0.224321201444,0.199521958828
0.623762369156,0.484848499298,0.0326866395772,0.223306253552,0.190619617701
0.633663415909,0.484848499298,0.0409202501178,0.222312644124,0.181392401457
0.643564343452,0.484848499298,0.0494806021452,0.221342235804,0.171861633658
0.653465390205,0.484848499298,0.0583434812725,0.220396474004,0.162052989006
0.663366317749,0.484848499298,0.0674782767892,0.219476893544,0.151998609304
0.673267364502,0.484848499298,0.0768486410379,0.218584477901,0.141735836864
0.683168292046,0.484848499298,0.0864108875394,0.217720195651,0.131309300661
0.693069338799,0.484848499298,0.0961144194007,0.216884762049,0.120770342648
0.702970266342,0.484848499298,0.105900578201,0.21607875824,0.110178180039
0.712871313095,0.484848499298,0.115703165531,0.215302348137,0.0995991826057
0.722772240639,0.484848499298,0.125447109342,0.214555755258,0.089108645916
0.732673287392,0.484848499298,0.135049387813,0.213838875294,0.0787894874811
0.74257427454,0.484848499298,0.144418418407,0.213151678443,0.0687332600355
0.752475261688,0.484848499298,0.153454661369,0.212493762374,0.0590391010046
0.762376248837,0.484848499298,0.162050843239,0.211864650249,0.0498138070107
0.772277235985,0.484848499298,0.170093163848,0.211263716221,0.0411705523729
0.782178223133,0.484848499298,0.177461832762,0.210690319538,0.0332284867764
0.792079210281,0.484848499298,0.184032469988,0.210143685341,0.026111215353
0.80198019743,0.484848499298,0.189678564668,0.209623008966,0.0199444442987
0.811881184578,0.484848499298,0.194272235036,0.209127262235,0.0148550271988
0.821782171726,0.484848499298,0.197687789798,0.208655625582,0.010967835784
0.831683158875,0.484848499298,0.199803739786,0.208206728101,0.00840298831463
0.841584146023,0.484848499298,0.200505942106,0.207779943943,0.00727400183678
0.851485133171,0.484848499298,0.199690639973,0.207373663783,0.00768302381039
0.861386120319,0.484848499298,0.197268009186,0.206986948848,0.00971893966198
0.871287107468,0.484848499298,0.193165317178,0.206618875265,0.0134535580873
0.881188154221,0.484848499298,0.18733035028,0.206267938018,0.018937587738
0.891089081764,0.484848499298,0.17973408103,0.205933064222,0.0261989831924
0.900990128517,0.484848499298,0.170373752713,0.205613002181,0.0352392494678
0.910891115665,0.484848499298,0.159275144339,0.205306693912,0.0460315495729
0.920792102814,0.484848499298,0.146493539214,0.205012798309,0.0585192590952
0.930693089962,0.484848499298,0.13211530447,0.204730376601,0.0726150721312
0.94059407711,0.484848499298,0.116257406771,0.204458132386,0.088200725615
0.950495064259,0.484848499298,0.0990660712123,0.204194962978,0.105128891766
0.960396051407,0.484848499298,0.0807160064578,0.203939691186,0.123223684728
0.970297038555,0.484848499298,0.0614062957466,0.203691512346,0.142285212874
0.980198025703,0.484848499298,0.0413572341204,0.203449070454,0.162091836333
0.990099012852,0.484848499298,0.0208055786788,0.203211158514,0.18240557611
0.00990098994225,0.494949489832,-0.00237798597664,0.237896844745,0.240274831653
0.0198019798845,0.494949489832,-0.00475344248116,0.238672450185,0.243425890803
0.0297029688954,0.494949489832,-0.00712382979691,0.239441350102,0.246565178037
0.039603959769,0.494949489832,-0.00948658678681,0.240202233195,0.249688819051
0.0495049506426,0.494949489832,-0.0118391411379,0.240953460336,0.252792596817
0.0594059377909,0.494949489832,-0.0141788646579,0.241693481803,0.25587233901
0.0693069323897,0.494949489832,-0.0165031012148,0.24242053926,0.258923649788
0.079207919538,0.494949489832,-0.018809132278,0.243132889271,0.261942028999
0.0891089066863,0.494949489832,-0.021094173193,0.243828773499,0.264922946692
0.0990099012852,0.494949489832,-0.0233553927392,0.244506403804,0.267861783504
0.108910888433,0.494949489832,-0.0255898367614,0.245163828135,0.270753651857
0.118811875582,0.494949489832,-0.0277945008129,0.245798885822,0.273593395948
0.12871286273,0.494949489832,-0.0299662426114,0.246409848332,0.276376098394
0.138613864779,0.494949489832,-0.0321018472314,0.24699473381,0.279096573591
0.148514851928,0.494949489832,-0.0341979339719,0.247551381588,0.281749308109
0.158415839076,0.494949489832,-0.0362510383129,0.248077750206,0.284328788519
0.168316826224,0.494949489832,-0.0382575057447,0.248571917415,0.286829411983
0.178217813373,0.494949489832,-0.0402135513723,0.249031677842,0.289245218039
0.188118815422,0.494949489832,-0.042115226388,0.249454900622,0.29157012701
0.19801980257,0.494949489832,-0.0439584180713,0.249839648604,0.293798059225
0.207920789719,0.494949489832,-0.0457387603819,0.250183880329,0.295922636986
0.217821776867,0.494949489832,-0.0474517866969,0.25048571825,0.297937512398
0.227722764015,0.494949489832,-0.049092695117,0.250742822886,0.299835503101
0.237623751163,0.494949489832,-0.050656568259,0.250953882933,0.301610440016
0.247524753213,0.494949489832,-0.0521381646395,0.251116663218,0.303254842758
0.25742572546,0.494949489832,-0.0535320602357,0.251229792833,0.304761856794
0.267326742411,0.494949489832,-0.0548325143754,0.251291573048,0.306124091148
0.277227729559,0.494949489832,-0.0560335479677,0.251300543547,0.30733409524
0.287128716707,0.494949489832,-0.0571288727224,0.251255661249,0.308384537697
0.297029703856,0.494949489832,-0.0581118427217,0.251155585051,0.309267431498
0.306930691004,0.494949489832,-0.0589756183326,0.250999450684,0.30997505784
0.316831678152,0.494949489832,-0.0597129203379,0.250786602497,0.31049951911
0.3267326653,0.494949489832,-0.0603162571788,0.250516593456,0.310832858086
0.336633652449,0.494949489832,-0.0607776381075,0.25018915534,0.310966789722
0.346534639597,0.494949489832,-0.0610888823867,0.249804422259,0.310893297195
0.356435626745,0.494949489832,-0.061241351068,0.249362468719,0.310603827238
0.366336613894,0.494949489832,-0.0612260848284,0.248864039779,0.310090124607
0.376237630844,0.494949489832,-0.0610337257385,0.248309805989,0.309343516827
0.386138617992,0.494949489832,-0.0606546774507,0.247701123357,0.308355808258
0.396039605141,0.494949489832,-0.0600788369775,0.247039154172,0.3071179986
0.405940592289,0.494949489832,-0.0592958927155,0.246325865388,0.305621743202
0.415841579437,0.494949489832,-0.0582951754332,0.245563089848,0.303858280182
0.425742566586,0.494949489832,-0.0570656917989,0.244753167033,0.301818847656
0.435643553734,0.494949489832,-0.0555962100625,0.243898570538,0.299494773149
0.445544540882,0.494949489832,-0.0538753010333,0.243002071977,0.296877384186
0.45544552803,0.494949489832,-0.0518912747502,0.242066681385,0.293957948685
0.465346515179,0.494949489832,-0.0496324747801,0.241095632315,0.290728092194
0.475247502327,0.494949489832,-0.047087021172,0.240092247725,0.287179261446
0.485148519278,0.494949489832,-0.0442432239652,0.239060074091,0.283303290606
0.495049506426,0.494949489832,-0.0410894416273,0.23800265789,0.279092103243
0.504950523376,0.494949489832,-0.0376143530011,0.236923769116,0.274538129568
0.51485145092,0.494949489832,-0.0338070653379,0.235827207565,0.269634276628
0.524752497673,0.494949489832,-0.029657131061,0.234716713428,0.264373838902
0.534653484821,0.494949489832,-0.0251549687237,0.233596146107,0.258751124144
0.54455447197,0.494949489832,-0.0202919449657,0.232469141483,0.252761095762
0.554455459118,0.494949489832,-0.0150605225936,0.231339395046,0.246399924159
0.564356446266,0.494949489832,-0.00945477746427,0.230210497975,0.239665269852
0.574257433414,0.494949489832,-0.00347037008032,0.229085847735,0.232556223869
0.584158420563,0.494949489832,0.00289479410276,0.227968767285,0.225073978305
0.594059407711,0.494949489832,0.009640452452,0.22686226666,0.217221811414
0.603960394859,0.494949489832,0.0167634785175,0.225769296288,0.209005817771
0.613861382008,0.494949489832,0.0242574717849,0.224692627788,0.200435161591
0.623762369156,0.494949489832,0.0321122705936,0.223634749651,0.191522479057
0.633663415909,0.494949489832,0.0403135940433,0.222597777843,0.18228417635
0.643564343452,0.494949489832,0.0488421954215,0.221583947539,0.172741755843
0.653465390205,0.494949489832,0.0576740391552,0.220594853163,0.162920817733
0.663366317749,0.494949489832,0.0667787492275,0.219632208347,0.15285345912
0.673267364502,0.494949489832,0.0761201903224,0.218697279692,0.142577081919
0.683168292046,0.494949489832,0.0856549292803,0.217791110277,0.132136180997
0.693069338799,0.494949489832,0.0953326150775,0.216914594173,0.121581979096
0.702970266342,0.494949489832,0.105094820261,0.216068580747,0.110973760486
0.712871313095,0.494949489832,0.114875622094,0.21525323391,0.100377611816
0.722772240639,0.494949489832,0.124600201845,0.214468970895,0.0898687690496
0.732673287392,0.494949489832,0.134185761213,0.21371589601,0.0795301347971
0.74257427454,0.494949489832,0.143540978432,0.212993815541,0.0694528371096
0.752475261688,0.494949489832,0.15256652236,0.212302595377,0.0597360730171
0.762376248837,0.494949489832,0.161155387759,0.211641818285,0.0504864305258
0.772277235985,0.494949489832,0.169193908572,0.211011171341,0.0418172627687
0.782178223133,0.494949489832,0.176562532783,0.210409507155,0.0338469743729
0.792079210281,0.494949489832,0.183136969805,0.209836468101,0.0266994982958
0.80198019743,0.494949489832,0.188790887594,0.20929120481,0.0205003172159
0.811881184578,0.494949489832,0.193396449089,0.208772718906,0.0153762698174
0.821782171726,0.494949489832,0.196828126907,0.208280012012,0.0114518851042
0.831683158875,0.494949489832,0.198964238167,0.207812219858,0.00884798169136
0.841584146023,0.494949489832,0.199690848589,0.207368016243,0.00767716765404
0.851485133171,0.494949489832,0.19890396297,0.206946283579,0.00804232060909
0.861386120319,0.494949489832,0.196513801813,0.206545948982,0.0100321471691
0.871287107468,0.494949489832,0.192447438836,0.20616582036,0.0137183815241
0.881188154221,0.494949489832,0.186652496457,0.205804750323,0.0191522538662
0.891089081764,0.494949489832,0.179099813104,0.205461248755,0.0263614356518
0.900990128517,0.494949489832,0.169786289334,0.205134317279,0.0353480279446
0.910891115665,0.494949489832,0.158737555146,0.204822674394,0.0460851192474
0.920792102814,0.494949489832,0.146008566022,0.204525202513,0.0585166364908
0.930693089962,0.494949489832,0.131685465574,0.204240351915,0.0725548863411
0.94059407711,0.494949489832,0.11588485539,0.203967303038,0.088082447648
0.950495064259,0.494949489832,0.0987527370453,0.203704491258,0.104951754212
0.960396051407,0.494949489832,0.0804634466767,0.203451395035,0.122987948358
0.970297038555,0.494949489832,0.0612157545984,0.203206062317,0.141990303993
0.980198025703,0.494949489832,0.0412296876311,0.202967867255,0.161738187075
0.990099012852,0.494949489832,0.0207416433841,0.202735826373,0.181994184852
0.00990098994225,0.50505053997,-0.00236993515864,0.237893387675,0.240263327956
0.0198019798845,0.50505053997,-0.00473736552522,0.238678663969,0.243416026235
0.0297029688954,0.50505053997,-0.0070997774601,0.239458590746,0.246558368206
0.039603959769,0.50505053997,-0.00945463869721,0.240231528878,0.249686166644
0.0495049506426,0.50505053997,-0.0117993941531,0.24099598825,0.252795368433
0.0594059377909,0.50505053997,-0.0141314500943,0.241750091314,0.255881547928
0.0693069323897,0.50505053997,-0.0164481699467,0.242492169142,0.258940339088
0.079207919538,0.50505053997,-0.0187468677759,0.243220701814,0.26196756959
0.0891089066863,0.50505053997,-0.0210247766227,0.243933930993,0.264958709478
0.0990099012852,0.50505053997,-0.0232790950686,0.244629636407,0.267908722162
0.108910888433,0.50505053997,-0.0255069006234,0.245306387544,0.270813286304
0.118811875582,0.50505053997,-0.0277052111924,0.245961859822,0.273667067289
0.12871286273,0.50505053997,-0.0298709124327,0.246594175696,0.276465088129
0.138613864779,0.50505053997,-0.0320008173585,0.247201189399,0.279202014208
0.148514851928,0.50505053997,-0.0340915694833,0.247781172395,0.281872749329
0.158415839076,0.50505053997,-0.0361397378147,0.24833163619,0.284471362829
0.168316826224,0.50505053997,-0.0381416976452,0.248850613832,0.286992311478
0.178217813373,0.50505053997,-0.0400936789811,0.249336123466,0.289429813623
0.188118815422,0.50505053997,-0.0419917888939,0.249785616994,0.291777402163
0.19801980257,0.50505053997,-0.0438319072127,0.250197291374,0.294029206038
0.207920789719,0.50505053997,-0.0456097312272,0.250569194555,0.296178936958
0.217821776867,0.50505053997,-0.0473207980394,0.250898778439,0.298219561577
0.227722764015,0.50505053997,-0.0489603616297,0.251184284687,0.300144642591
0.237623751163,0.50505053997,-0.050523519516,0.251423686743,0.301947206259
0.247524753213,0.50505053997,-0.0520050674677,0.251615196466,0.303620278835
0.25742572546,0.50505053997,-0.0533996038139,0.251756817102,0.30515640974
0.267326742411,0.50505053997,-0.0547014251351,0.25184699893,0.306548416615
0.277227729559,0.50505053997,-0.0559045858681,0.251884073019,0.307788670063
0.287128716707,0.50505053997,-0.0570028088987,0.251866728067,0.308869540691
0.297029703856,0.50505053997,-0.0579895302653,0.251793503761,0.309783041477
0.306930691004,0.50505053997,-0.0588578805327,0.251663535833,0.310521423817
0.316831678152,0.50505053997,-0.0596006475389,0.251475781202,0.311076432467
0.3267326653,0.50505053997,-0.0602103583515,0.251229643822,0.311439990997
0.336633652449,0.50505053997,-0.0606790594757,0.250924766064,0.311603814363
0.346534639597,0.50505053997,-0.0609985664487,0.25056090951,0.311559468508
0.356435626745,0.50505053997,-0.061160326004,0.250138372183,0.311298698187
0.366336613894,0.50505053997,-0.0611553601921,0.249657213688,0.310812562704
0.376237630844,0.50505053997,-0.060974355787,0.249118342996,0.310092687607
0.386138617992,0.50505053997,-0.060607727617,0.248522683978,0.309130400419
0.396039605141,0.50505053997,-0.0600453987718,0.24787145853,0.307916849852
0.405940592289,0.50505053997,-0.0592770911753,0.247166246176,0.306443333626
0.415841579437,0.50505053997,-0.0582921244204,0.246408954263,0.304701089859
0.425742566586,0.50505053997,-0.0570795498788,0.245601728559,0.302681267262
0.435643553734,0.50505053997,-0.0556281208992,0.24474696815,0.300375103951
0.445544540882,0.50505053997,-0.0539264194667,0.243847370148,0.297773778439
0.45544552803,0.50505053997,-0.0519627630711,0.242905914783,0.294868677855
0.465346515179,0.50505053997,-0.049725484103,0.241925776005,0.291651248932
0.475247502327,0.50505053997,-0.047202706337,0.240910217166,0.288112938404
0.485148519278,0.50505053997,-0.0443827211857,0.239862933755,0.284245669842
0.495049506426,0.50505053997,-0.0412538610399,0.238787442446,0.280041307211
0.504950523376,0.50505053997,-0.03780477494,0.237687677145,0.275492459536
0.51485145092,0.50505053997,-0.0340245403349,0.236567378044,0.270591914654
0.524752497673,0.50505053997,-0.029902651906,0.235430553555,0.265333205462
0.534653484821,0.50505053997,-0.025429494679,0.234281048179,0.259710550308
0.54455447197,0.50505053997,-0.0205963551998,0.233122751117,0.253719091415
0.554455459118,0.50505053997,-0.0153956208378,0.231959581375,0.247355207801
0.564356446266,0.50505053997,-0.00982129108161,0.230795234442,0.24061653018
0.574257433414,0.50505053997,-0.00386890908703,0.229633316398,0.233502224088
0.584158420563,0.50505053997,0.00246371212415,0.228477358818,0.22601364553
0.594059407711,0.50505053997,0.00917643960565,0.227330684662,0.218154251575
0.603960394859,0.50505053997,0.0162662845105,0.226196438074,0.209930151701
0.613861382008,0.50505053997,0.0237269997597,0.225077494979,0.201350495219
0.623762369156,0.50505053997,0.031548589468,0.223976656795,0.192428067327
0.633663415909,0.50505053997,0.0397169515491,0.222896307707,0.183179348707
0.643564343452,0.50505053997,0.0482130199671,0.221838831902,0.173625811934
0.653465390205,0.50505053997,0.0570129863918,0.220806151628,0.163793161511
0.663366317749,0.50505053997,0.066086679697,0.219800084829,0.153713405132
0.673267364502,0.50505053997,0.0753981769085,0.218822047114,0.143423870206
0.683168292046,0.50505053997,0.084904320538,0.217873468995,0.132969141006
0.693069338799,0.50505053997,0.0945549681783,0.216955289245,0.122400321066
0.702970266342,0.50505053997,0.104292005301,0.216068416834,0.111776411533
0.712871313095,0.50505053997,0.114049702883,0.215213373303,0.101163670421
0.722772240639,0.50505053997,0.123753502965,0.21439063549,0.0906371325254
0.732673287392,0.50505053997,0.13332092762,0.213600307703,0.0802793800831
0.74257427454,0.50505053997,0.142660871148,0.212842494249,0.0701816231012
0.752475261688,0.50505053997,0.151674240828,0.212117090821,0.0604428499937
0.762376248837,0.50505053997,0.160254240036,0.211423650384,0.0511694103479
0.772277235985,0.50505053997,0.168287485838,0.210761889815,0.0424744039774
0.782178223133,0.50505053997,0.175654560328,0.210131049156,0.0344764888287
0.792079210281,0.50505053997,0.182231396437,0.209530696273,0.0272992998362
0.80198019743,0.50505053997,0.187891766429,0.208959668875,0.0210679024458
0.811881184578,0.50505053997,0.192507952452,0.208417445421,0.0159094929695
0.821782171726,0.50505053997,0.195954456925,0.207902908325,0.0119484513998
0.831683158875,0.50505053997,0.198109820485,0.207414895296,0.00930507481098
0.841584146023,0.50505053997,0.198859900236,0.206952407956,0.00809250771999
0.851485133171,0.50505053997,0.198100805283,0.206514388323,0.00841358304024
0.861386120319,0.50505053997,0.195742622018,0.206099465489,0.0103568434715
0.871287107468,0.50505053997,0.191712349653,0.205706343055,0.0139939934015
0.881188154221,0.50505053997,0.18595738709,0.205334067345,0.0193766802549
0.891089081764,0.50505053997,0.178448438644,0.204981386662,0.0265329480171
0.900990128517,0.50505053997,0.169182226062,0.20464669168,0.0354644656181
0.910891115665,0.50505053997,0.158184066415,0.204328835011,0.0461447685957
0.920792102814,0.50505053997,0.145508736372,0.204026848078,0.0585181117058
0.930693089962,0.50505053997,0.131241962314,0.203739061952,0.072497099638
0.94059407711,0.50505053997,0.115500129759,0.203464478254,0.087964348495
0.950495064259,0.50505053997,0.0984288901091,0.203201785684,0.104772895575
0.960396051407,0.50505053997,0.080202229321,0.20294970274,0.122747473419
0.970297038555,0.50505053997,0.0610186196864,0.202707111835,0.141688495874
0.980198025703,0.50505053997,0.0410976558924,0.202472865582,0.161375209689
0.990099012852,0.50505053997,0.0206754542887,0.20224571228,0.181570261717
0.00990098994225,0.515151500702,-0.00236164778471,0.23788420856,0.240245848894
0.0198019798845,0.515151500702,-0.00472081638873,0.238679096103,0.243399918079
0.0297029688954,0.515151500702,-0.00707501592115,0.239469468594,0.246544480324
0.039603959769,0.515151500702,-0.00942173972726,0.240253701806,0.249675437808
0.0495049506426,0.515151500702,-0.0117584615946,0.241030469537,0.252788931131
0.0594059377909,0.515151500702,-0.0140826087445,0.241798073053,0.255880683661
0.0693069323897,0.515151500702,-0.0163915716112,0.242554828525,0.25894638896
0.079207919538,0.515151500702,-0.0186826903373,0.243299052119,0.261981755495
0.0891089066863,0.515151500702,-0.0209532231092,0.244028717279,0.264981925488
0.0990099012852,0.515151500702,-0.0232003964484,0.24474209547,0.267942488194
0.108910888433,0.515151500702,-0.0254213139415,0.245437368751,0.270858675241
0.118811875582,0.515151500702,-0.0276130158454,0.246112570167,0.273725599051
0.12871286273,0.515151500702,-0.0297724232078,0.246765524149,0.276537954807
0.138613864779,0.515151500702,-0.0318963676691,0.247394248843,0.279290616512
0.148514851928,0.515151500702,-0.0339815281332,0.247996628284,0.281978160143
0.158415839076,0.515151500702,-0.0360244959593,0.248570486903,0.284594982862
0.168316826224,0.515151500702,-0.0380216725171,0.249113708735,0.287135392427
0.178217813373,0.515151500702,-0.0399693250656,0.249624207616,0.28959351778
0.188118815422,0.515151500702,-0.0418635830283,0.250099688768,0.291963279247
0.19801980257,0.515151500702,-0.0437003597617,0.250537753105,0.294238120317
0.207920789719,0.515151500702,-0.0454753786325,0.250936597586,0.296411991119
0.217821776867,0.515151500702,-0.0471842139959,0.251293689013,0.298477888107
0.227722764015,0.515151500702,-0.0488221347332,0.251607120037,0.30042925477
0.237623751163,0.515151500702,-0.0503842830658,0.251874834299,0.302259117365
0.247524753213,0.515151500702,-0.0518654808402,0.252094477415,0.303959965706
0.25742572546,0.515151500702,-0.0532603599131,0.252264469862,0.30552482605
0.267326742411,0.515151500702,-0.0545632429421,0.252382963896,0.306946218014
0.277227729559,0.515151500702,-0.0557682290673,0.252448111773,0.308216333389
0.287128716707,0.515151500702,-0.0568690560758,0.252458244562,0.309327304363
0.297029703856,0.515151500702,-0.0578592009842,0.252412140369,0.31027135253
0.306930691004,0.515151500702,-0.0587318204343,0.252308547497,0.311040371656
0.316831678152,0.515151500702,-0.059479739517,0.252146095037,0.31162583828
0.3267326653,0.515151500702,-0.0600955113769,0.251924395561,0.312019914389
0.336633652449,0.515151500702,-0.0605712160468,0.251642644405,0.312213867903
0.346534639597,0.515151500702,-0.0608986988664,0.251300483942,0.312199175358
0.356435626745,0.515151500702,-0.0610694177449,0.25089776516,0.31196719408
0.366336613894,0.515151500702,-0.0610744468868,0.2504350245,0.311509460211
0.376237630844,0.515151500702,-0.0609044916928,0.249912306666,0.310816794634
0.386138617992,0.515151500702,-0.0605499893427,0.249330714345,0.309880703688
0.396039605141,0.515151500702,-0.0600008927286,0.248691290617,0.308692187071
0.405940592289,0.515151500702,-0.0592469237745,0.24799542129,0.307242333889
0.415841579437,0.515151500702,-0.0582774505019,0.247244879603,0.305522322655
0.425742566586,0.515151500702,-0.057081501931,0.24644164741,0.303523153067
0.435643553734,0.515151500702,-0.0556478835642,0.245588093996,0.301235973835
0.445544540882,0.515151500702,-0.0539651587605,0.244686871767,0.298652023077
0.45544552803,0.515151500702,-0.0520216710865,0.243740752339,0.295762419701
0.465346515179,0.515151500702,-0.0498057231307,0.242753013968,0.292558729649
0.475247502327,0.515151500702,-0.0473054461181,0.241726815701,0.289032250643
0.485148519278,0.515151500702,-0.0445091240108,0.240665867925,0.285174995661
0.495049506426,0.515151500702,-0.0414050705731,0.239573776722,0.280978858471
0.504950523376,0.515151500702,-0.0379819124937,0.238454431295,0.276436328888
0.51485145092,0.515151500702,-0.0342286750674,0.237311795354,0.271540462971
0.524752497673,0.515151500702,-0.0301348343492,0.236149817705,0.266284644604
0.534653484821,0.515151500702,-0.0256907064468,0.234972625971,0.260663330555
0.54455447197,0.515151500702,-0.0208875276148,0.233784228563,0.254671752453
0.554455459118,0.515151500702,-0.0157176144421,0.232588604093,0.248306214809
0.564356446266,0.515151500702,-0.0101748751476,0.231389671564,0.241564542055
0.574257433414,0.515151500702,-0.00425477186218,0.230191275477,0.234446048737
0.584158420563,0.515151500702,0.00204500649124,0.228997126222,0.226952120662
0.594059407711,0.515151500702,0.00872443802655,0.227810755372,0.219086319208
0.603960394859,0.515151500702,0.0157806687057,0.226635590196,0.210854917765
0.613861382008,0.515151500702,0.0232075992972,0.225474685431,0.202267080545
0.623762369156,0.515151500702,0.0309953931719,0.224331080914,0.193335682154
0.633663415909,0.515151500702,0.0391301326454,0.223207443953,0.184077307582
0.643564343452,0.515151500702,0.0475929379463,0.222106233239,0.174513295293
0.653465390205,0.515151500702,0.0563602000475,0.221029743552,0.164669543505
0.663366317749,0.515151500702,0.0654019713402,0.219979897141,0.154577925801
0.673267364502,0.515151500702,0.0746825709939,0.218958362937,0.144275784492
0.683168292046,0.515151500702,0.0841590464115,0.217966884375,0.133807837963
0.693069338799,0.515151500702,0.0937815532088,0.217006370425,0.123224817216
0.702970266342,0.515151500702,0.103492170572,0.216078013182,0.112585842609
0.712871313095,0.515151500702,0.113225482404,0.215182483196,0.101957000792
0.722772240639,0.515151500702,0.122907213867,0.21432030201,0.0914130881429
0.732673287392,0.515151500702,0.132455125451,0.213492006063,0.0810368806124
0.74257427454,0.515151500702,0.141778320074,0.21269762516,0.0709193050861
0.752475261688,0.515151500702,0.150778070092,0.211936995387,0.0611589252949
0.762376248837,0.515151500702,0.159347772598,0.211210012436,0.0518622398376
0.772277235985,0.515151500702,0.167374268174,0.21051619947,0.0431419312954
0.782178223133,0.515151500702,0.174738377333,0.209855094552,0.0351167172194
0.792079210281,0.515151500702,0.181316196918,0.209226250648,0.02791005373
0.80198019743,0.515151500702,0.18698169291,0.208628699183,0.0216470062733
0.811881184578,0.515151500702,0.191607266665,0.208061680198,0.0164544135332
0.821782171726,0.515151500702,0.195067539811,0.207523941994,0.0124564021826
0.831683158875,0.515151500702,0.197241038084,0.207014873624,0.00977383553982
0.841584146023,0.515151500702,0.1980137676,0.206533163786,0.00851939618587
0.851485133171,0.515151500702,0.197281762958,0.206077575684,0.00879581272602
0.861386120319,0.515151500702,0.19495511055,0.205647155643,0.0106920450926
0.871287107468,0.515151500702,0.190960600972,0.205240309238,0.0142797082663
0.881188154221,0.515151500702,0.185245618224,0.204856052995,0.0196104347706
0.891089081764,0.515151500702,0.177780643106,0.204492822289,0.026712179184
0.900990128517,0.515151500702,0.168562188745,0.204149708152,0.0355875194073
0.910891115665,0.515151500702,0.157615318894,0.203825026751,0.0462097078562
0.920792102814,0.515151500702,0.144994527102,0.203517645597,0.0585231184959
0.930693089962,0.515151500702,0.130785316229,0.203226208687,0.072440892458
0.94059407711,0.515151500702,0.115103676915,0.202949330211,0.0878456532955
0.950495064259,0.515151500702,0.0980949252844,0.202685803175,0.104590877891
0.960396051407,0.515151500702,0.0799326971173,0.202434539795,0.122501842678
0.970297038555,0.515151500702,0.0608150735497,0.202194005251,0.141378939152
0.980198025703,0.515151500702,0.0409613102674,0.201962977648,0.16100166738
0.990099012852,0.515151500702,0.0206070784479,0.201740413904,0.181133329868
0.00990098994225,0.525252521038,-0.00235313316807,0.237869277596,0.240222409368
0.0198019798845,0.525252521038,-0.00470381230116,0.238672971725,0.243376791477
0.0297029688954,0.525252521038,-0.00704957311973,0.239473029971,0.246522605419
0.039603959769,0.525252521038,-0.00938793178648,0.240268230438,0.249656155705
0.0495049506426,0.525252521038,-0.0117163909599,0.241056933999,0.252773314714
0.0594059377909,0.525252521038,-0.0140323946252,0.241837263107,0.255869656801
0.0693069323897,0.525252521038,-0.0163333676755,0.242607861757,0.258941233158
0.079207919538,0.525252521038,-0.0186166726053,0.243366912007,0.261983573437
0.0891089066863,0.525252521038,-0.0208795964718,0.244112551212,0.264992147684
0.0990099012852,0.525252521038,-0.0231193881482,0.24484282732,0.267962217331
0.108910888433,0.525252521038,-0.0253331717104,0.245556116104,0.270889282227
0.118811875582,0.525252521038,-0.0275180265307,0.246250256896,0.273768275976
0.12871286273,0.525252521038,-0.0296708922833,0.246923133731,0.276594012976
0.138613864779,0.525252521038,-0.0317886285484,0.247572854161,0.279361486435
0.148514851928,0.525252521038,-0.0338679477572,0.248197078705,0.282065033913
0.158415839076,0.525252521038,-0.0359054505825,0.248793691397,0.284699141979
0.168316826224,0.525252521038,-0.0378975942731,0.24936054647,0.287258148193
0.178217813373,0.525252521038,-0.039840657264,0.249895602465,0.289736270905
0.188118815422,0.525252521038,-0.0417307913303,0.250396132469,0.2921269238
0.19801980257,0.525252521038,-0.0435639619827,0.250860124826,0.294424086809
0.207920789719,0.525252521038,-0.0453359037638,0.251285374165,0.296621263027
0.217821776867,0.525252521038,-0.0470422245562,0.251669496298,0.298711717129
0.227722764015,0.525252521038,-0.048678226769,0.252010405064,0.300688624382
0.237623751163,0.525252521038,-0.0502390898764,0.252305775881,0.302544862032
0.247524753213,0.525252521038,-0.0517196506262,0.252553522587,0.304273188114
0.25742572546,0.525252521038,-0.0531145744026,0.252751678228,0.305866241455
0.267326742411,0.525252521038,-0.0544182471931,0.252898097038,0.307316333055
0.277227729559,0.525252521038,-0.0556247383356,0.252991169691,0.308615922928
0.287128716707,0.525252521038,-0.0567278787494,0.253028869629,0.309756755829
0.297029703856,0.525252521038,-0.0577211417258,0.253009915352,0.310731053352
0.306930691004,0.525252521038,-0.05859772861,0.252932727337,0.311530470848
0.316831678152,0.525252521038,-0.0593504868448,0.252795994282,0.312146484852
0.3267326653,0.525252521038,-0.0599720142782,0.252599030733,0.312571048737
0.336633652449,0.525252521038,-0.0604544132948,0.252340763807,0.312795162201
0.346534639597,0.525252521038,-0.0607895664871,0.252020865679,0.31281042099
0.356435626745,0.525252521038,-0.0609689578414,0.25163897872,0.312607944012
0.366336613894,0.525252521038,-0.0609836876392,0.251194953918,0.312178641558
0.376237630844,0.525252521038,-0.060824483633,0.250689476728,0.311513960361
0.386138617992,0.525252521038,-0.0604818165302,0.250122964382,0.310604780912
0.396039605141,0.525252521038,-0.0599456578493,0.249496400356,0.309442043304
0.405940592289,0.525252521038,-0.059205763042,0.248810991645,0.308016747236
0.415841579437,0.525252521038,-0.0582515001297,0.24806843698,0.306319952011
0.425742566586,0.525252521038,-0.0570719391108,0.247270554304,0.304342508316
0.435643553734,0.525252521038,-0.0556558780372,0.246419593692,0.302075475454
0.445544540882,0.525252521038,-0.0539919100702,0.245518133044,0.299510031939
0.45544552803,0.525252521038,-0.0520683676004,0.244568914175,0.296637296677
0.465346515179,0.525252521038,-0.049873560667,0.243574902415,0.293448448181
0.475247502327,0.525252521038,-0.0473956130445,0.242539644241,0.289935261011
0.485148519278,0.525252521038,-0.044622823596,0.241466492414,0.286089301109
0.495049506426,0.525252521038,-0.0415434502065,0.240359336138,0.28190279007
0.504950523376,0.525252521038,-0.0381461307406,0.239221900702,0.277368038893
0.51485145092,0.525252521038,-0.0344198457897,0.238058298826,0.27247813344
0.524752497673,0.525252521038,-0.0303540360183,0.23687261343,0.26722663641
0.534653484821,0.525252521038,-0.0259389709681,0.235668957233,0.261607915163
0.54455447197,0.525252521038,-0.0211658291519,0.234451517463,0.25561735034
0.554455459118,0.525252521038,-0.0160268489271,0.233224570751,0.249251425266
0.564356446266,0.525252521038,-0.010515875183,0.23199211061,0.242507979274
0.574257433414,0.525252521038,-0.00462826760486,0.230758070946,0.23538634181
0.584158420563,0.525252521038,0.0016383822076,0.229526519775,0.227888137102
0.594059407711,0.525252521038,0.00828416831791,0.228301167488,0.220017001033
0.603960394859,0.525252521038,0.0153063712642,0.22708556056,0.21177919209
0.613861382008,0.525252521038,0.0226990338415,0.22588314116,0.203184112906
0.623762369156,0.525252521038,0.0304524824023,0.22469702363,0.194244533777
0.633663415909,0.525252521038,0.0385529659688,0.223530098796,0.184977129102
0.643564343452,0.525252521038,0.0469817966223,0.222385257483,0.17540346086
0.653465390205,0.525252521038,0.055715572089,0.221264839172,0.165549263358
0.663366317749,0.525252521038,0.0647245645523,0.220170989633,0.15544642508
0.673267364502,0.525252521038,0.073973312974,0.219105839729,0.145132526755
0.683168292046,0.525252521038,0.0834190994501,0.218070849776,0.134651750326
0.693069338799,0.525252521038,0.093012355268,0.217067494988,0.12405513972
0.702970266342,0.525252521038,0.102695427835,0.216097101569,0.113401673734
0.712871313095,0.525252521038,0.112403146923,0.215160399675,0.102757252753
0.722772240639,0.525252521038,0.122061491013,0.21425819397,0.0921967029572
0.732673287392,0.525252521038,0.131588533521,0.213391005993,0.0818024724722
0.74257427454,0.525252521038,0.140893667936,0.212559059262,0.071665391326
0.752475261688,0.525252521038,0.149878382683,0.211762174964,0.0618837922812
0.762376248837,0.525252521038,0.158436387777,0.21100063622,0.0525642484426
0.772277235985,0.525252521038,0.166454687715,0.210273981094,0.0438192933798
0.782178223133,0.525252521038,0.173814430833,0.209581628442,0.0357671976089
0.792079210281,0.525252521038,0.180391907692,0.208923220634,0.0285313129425
0.80198019743,0.525252521038,0.18606120348,0.208297982812,0.0222367793322
0.811881184578,0.525252521038,0.190694972873,0.207704827189,0.0170098543167
0.821782171726,0.525252521038,0.194167897105,0.20714327693,0.0129753798246
0.831683158875,0.525252521038,0.196358606219,0.206612050533,0.010253444314
0.841584146023,0.525252521038,0.197153121233,0.20611000061,0.00895687937737
0.851485133171,0.525252521038,0.19644755125,0.205635949969,0.00918839871883
0.861386120319,0.525252521038,0.19415192306,0.205188781023,0.0110368579626
0.871287107468,0.525252521038,0.190192952752,0.20476731658,0.0145743638277
0.881188154221,0.525252521038,0.184517875314,0.204370036721,0.0198521614075
0.891089081764,0.525252521038,0.177097037435,0.203995734453,0.0268986970186
0.900990128517,0.525252521038,0.167926773429,0.203643128276,0.035716354847
0.910891115665,0.525252521038,0.15703189373,0.203310802579,0.0462789088488
0.920792102814,0.525252521038,0.14446657896,0.20299731195,0.0585307329893
0.930693089962,0.525252521038,0.130316033959,0.202701345086,0.0723853111267
0.94059407711,0.525252521038,0.114695943892,0.20242151618,0.087725572288
0.950495064259,0.525252521038,0.0977512300014,0.202156618237,0.104405388236
0.960396051407,0.525252521038,0.0796551480889,0.201905280352,0.122250132263
0.970297038555,0.525252521038,0.0606054030359,0.201666086912,0.141060680151
0.980198025703,0.525252521038,0.040820799768,0.201437845826,0.160617053509
0.990099012852,0.525252521038,0.0205366052687,0.201219514012,0.180682912469
0.00990098994225,0.535353541374,-0.00234440015629,0.237848043442,0.240192443132
0.0198019798845,0.535353541374,-0.00468637049198,0.238659992814,0.243346363306
0.0297029688954,0.535353541374,-0.00702347140759,0.239469483495,0.246492952108
0.039603959769,0.535353541374,-0.00935324467719,0.240274727345,0.24962797761
0.0495049506426,0.535353541374,-0.0116732176393,0.241074621677,0.252747833729
0.0594059377909,0.535353541374,-0.0139808589593,0.241867125034,0.255847990513
0.0693069323897,0.535353541374,-0.0162736196071,0.242650926113,0.258924543858
0.079207919538,0.535353541374,-0.018548887223,0.243424117565,0.261972993612
0.0891089066863,0.535353541374,-0.0208039693534,0.24418489635,0.264988869429
0.0990099012852,0.535353541374,-0.0230361502618,0.244931548834,0.267967700958
0.108910888433,0.535353541374,-0.0252425726503,0.245662108064,0.270904690027
0.118811875582,0.535353541374,-0.0274203438312,0.246374383569,0.273794740438
0.12871286273,0.535353541374,-0.0295664332807,0.247066468,0.276632905006
0.138613864779,0.535353541374,-0.031677711755,0.24773645401,0.279414176941
0.148514851928,0.535353541374,-0.0337509438396,0.248381838202,0.282132774591
0.158415839076,0.535353541374,-0.0357827432454,0.249000504613,0.284783244133
0.168316826224,0.535353541374,-0.0377696044743,0.249590426683,0.287360042334
0.178217813373,0.535353541374,-0.0397078171372,0.250149101019,0.289856910706
0.188118815422,0.535353541374,-0.0415935814381,0.250674128532,0.29226770997
0.19801980257,0.535353541374,-0.0434228740633,0.251163423061,0.29458630085
0.207920789719,0.535353541374,-0.0451914779842,0.251614540815,0.296806007624
0.217821776867,0.535353541374,-0.0468950159848,0.252025216818,0.298920243979
0.227722764015,0.535353541374,-0.0485288351774,0.252393007278,0.300921857357
0.237623751163,0.535353541374,-0.0500881187618,0.252715677023,0.302803784609
0.247524753213,0.535353541374,-0.051567774266,0.252991139889,0.304558902979
0.25742572546,0.535353541374,-0.0529624707997,0.25321701169,0.306179493666
0.267326742411,0.535353541374,-0.0542666167021,0.253391355276,0.307657957077
0.277227729559,0.535353541374,-0.0554743483663,0.253511995077,0.308986335993
0.287128716707,0.535353541374,-0.0565795041621,0.253577321768,0.310156822205
0.297029703856,0.535353541374,-0.0575755983591,0.253585368395,0.311160981655
0.306930691004,0.535353541374,-0.0584558658302,0.253534674644,0.311990529299
0.316831678152,0.535353541374,-0.0592131763697,0.253423929214,0.312637090683
0.3267326653,0.535353541374,-0.0598401576281,0.253251791,0.313091933727
0.336633652449,0.535353541374,-0.0603289604187,0.253017544746,0.313346505165
0.346534639597,0.535353541374,-0.0606714785099,0.252720266581,0.31339174509
0.356435626745,0.535353541374,-0.0608592443168,0.252359598875,0.313218832016
0.366336613894,0.535353541374,-0.0608833730221,0.251935392618,0.31281876564
0.376237630844,0.535353541374,-0.0607346408069,0.251447767019,0.31218239665
0.386138617992,0.535353541374,-0.0604035183787,0.250897169113,0.311300694942
0.396039605141,0.535353541374,-0.0598800256848,0.25028449297,0.310164511204
0.405940592289,0.535353541374,-0.0591539256275,0.249610766768,0.308764696121
0.415841579437,0.535353541374,-0.0582146197557,0.248877376318,0.307092010975
0.425742566586,0.535353541374,-0.0570511929691,0.248086154461,0.305137336254
0.435643553734,0.535353541374,-0.0556524507701,0.247239157557,0.302891612053
0.445544540882,0.535353541374,-0.0540070012212,0.246338799596,0.300345808268
0.45544552803,0.535353541374,-0.0521031916142,0.24538782239,0.297491014004
0.465346515179,0.535353541374,-0.049929343164,0.244389235973,0.294318586588
0.475247502327,0.535353541374,-0.0474735796452,0.243346318603,0.290819883347
0.485148519278,0.535353541374,-0.0447241477668,0.242262586951,0.286986738443
0.495049506426,0.535353541374,-0.0416693612933,0.241141736507,0.282811105251
0.504950523376,0.535353541374,-0.0382977835834,0.239987716079,0.278285503387
0.51485145092,0.535353541374,-0.0345983877778,0.238804668188,0.273403048515
0.524752497673,0.535353541374,-0.03056059964,0.237596601248,0.268157213926
0.534653484821,0.535353541374,-0.0261746123433,0.236367926002,0.262542545795
0.54455447197,0.535353541374,-0.0214315615594,0.235122829676,0.25655439496
0.554455459118,0.535353541374,-0.0163236260414,0.23386567831,0.250189304352
0.564356446266,0.535353541374,-0.0108445761725,0.232600718737,0.243445292115
0.574257433414,0.535353541374,-0.00498968083411,0.231332153082,0.23632183671
0.584158420563,0.535353541374,0.00124356453307,0.230064064264,0.228820502758
0.594059407711,0.535353541374,0.00785537436604,0.228800430894,0.220945060253
0.603960394859,0.535353541374,0.0148431537673,0.227545037866,0.212701886892
0.613861382008,0.535353541374,0.0222010873258,0.226301521063,0.204100430012
0.623762369156,0.535353541374,0.0299196504056,0.22507327795,0.195153623819
0.633663415909,0.535353541374,0.0379852801561,0.223863467574,0.185878187418
0.643564343452,0.535353541374,0.0463794618845,0.222675040364,0.17629557848
0.653465390205,0.535353541374,0.0550789907575,0.221510648727,0.166431665421
0.663366317749,0.535353541374,0.0640543624759,0.220372781157,0.156318426132
0.673267364502,0.535353541374,0.0732703357935,0.219263598323,0.145993262529
0.683168292046,0.535353541374,0.0826844871044,0.218184858561,0.135500371456
0.693069338799,0.535353541374,0.0922474265099,0.217138245702,0.124890819192
0.702970266342,0.535353541374,0.101901806891,0.216125190258,0.114223383367
0.712871313095,0.535353541374,0.111582733691,0.215146720409,0.103563986719
0.722772240639,0.535353541374,0.121216483414,0.214203774929,0.0929872915149
0.732673287392,0.535353541374,0.130721345544,0.213296860456,0.0825755149126
0.74257427454,0.535353541374,0.140007093549,0.212426424026,0.0724193304777
0.752475261688,0.535353541374,0.148975431919,0.211592704058,0.0626172721386
0.762376248837,0.535353541374,0.157520309091,0.210795581341,0.0532752722502
0.772277235985,0.535353541374,0.165529116988,0.21003498137,0.0445058643818
0.782178223133,0.535353541374,0.172883123159,0.209310427308,0.0364273041487
0.792079210281,0.535353541374,0.179458931088,0.208621576428,0.02916264534
0.80198019743,0.535353541374,0.185130804777,0.207967445254,0.0228366404772
0.811881184578,0.535353541374,0.189771533012,0.207347393036,0.0175758600235
0.821782171726,0.535353541374,0.193256050348,0.206760779023,0.0135047286749
0.831683158875,0.535353541374,0.195463001728,0.206206351519,0.0107433497906
0.841584146023,0.535353541374,0.196278557181,0.205682829022,0.00940427184105
0.851485133171,0.535353541374,0.195598766208,0.205189332366,0.00959056615829
0.861386120319,0.535353541374,0.193333700299,0.20472458005,0.0113908797503
0.871287107468,0.535353541374,0.189409956336,0.204287394881,0.0148774385452
0.881188154221,0.535353541374,0.183774769306,0.203876107931,0.020101338625
0.891089081764,0.535353541374,0.176398292184,0.203489854932,0.027091562748
0.900990128517,0.535353541374,0.16727656126,0.203126847744,0.0358502864838
0.910891115665,0.535353541374,0.15643428266,0.202785789967,0.0463515073061
0.920792102814,0.535353541374,0.143925324082,0.202465340495,0.0585400164127
0.930693089962,0.535353541374,0.129834547639,0.202164039016,0.0723294913769
0.94059407711,0.535353541374,0.114277310669,0.201880678535,0.0876033678651
0.950495064259,0.535353541374,0.0973981246352,0.201613709331,0.104215584695
0.960396051407,0.535353541374,0.0793698728085,0.20136167109,0.121991798282
0.970297038555,0.535353541374,0.0603898055851,0.20112323761,0.14073343575
0.980198025703,0.535353541374,0.0406762734056,0.200897067785,0.16022080183
0.990099012852,0.535353541374,0.0204641092569,0.200682029128,0.180217921734
0.00990098994225,0.545454502106,-0.00233545573428,0.237820163369,0.240155622363
0.0198019798845,0.545454502106,-0.00466850586236,0.238639712334,0.243308216333
0.0297029688954,0.545454502106,-0.00699673686177,0.239457815886,0.246454551816
0.039603959769,0.545454502106,-0.00931771285832,0.240272864699,0.249590575695
0.0495049506426,0.545454502106,-0.011628985405,0.24108313024,0.252712130547
0.0594059377909,0.545454502106,-0.0139280501753,0.241887286305,0.255815327168
0.0693069323897,0.545454502106,-0.0162123795599,0.242683514953,0.258895903826
0.079207919538,0.545454502106,-0.0184793937951,0.24347025156,0.261949658394
0.0891089066863,0.545454502106,-0.0207264143974,0.244245544076,0.264971971512
0.0990099012852,0.545454502106,-0.0229507591575,0.245007678866,0.267958432436
0.108910888433,0.545454502106,-0.0251495949924,0.245754897594,0.270904481411
0.118811875582,0.545454502106,-0.0273200552911,0.246484652162,0.273804694414
0.12871286273,0.545454502106,-0.0294591318816,0.247195407748,0.276654541492
0.138613864779,0.545454502106,-0.0315637402236,0.247884616256,0.279448360205
0.148514851928,0.545454502106,-0.0336306393147,0.248550400138,0.282181024551
0.158415839076,0.545454502106,-0.035656504333,0.249190554023,0.284847050905
0.168316826224,0.545454502106,-0.0376378260553,0.249802649021,0.287440478802
0.178217813373,0.545454502106,-0.039570953697,0.25038433075,0.289955288172
0.188118815422,0.545454502106,-0.0414520949125,0.250933289528,0.292385399342
0.19801980257,0.545454502106,-0.0432772673666,0.251447111368,0.29472437501
0.207920789719,0.545454502106,-0.0450422689319,0.251923531294,0.296965807676
0.217821776867,0.545454502106,-0.0467427633703,0.252359986305,0.299102753401
0.227722764015,0.545454502106,-0.0483741313219,0.252754181623,0.301128327847
0.237623751163,0.545454502106,-0.0499315820634,0.253103733063,0.303035318851
0.247524753213,0.545454502106,-0.0514100492001,0.253406256437,0.304816305637
0.25742572546,0.545454502106,-0.0528042390943,0.253659456968,0.306463688612
0.267326742411,0.545454502106,-0.0541085973382,0.253861218691,0.307969808578
0.277227729559,0.545454502106,-0.0553172901273,0.254009395838,0.309326678514
0.287128716707,0.545454502106,-0.0564241781831,0.254102021456,0.310526192188
0.297029703856,0.545454502106,-0.0574228018522,0.254137039185,0.311559855938
0.306930691004,0.545454502106,-0.0583064630628,0.254112958908,0.31241941452
0.316831678152,0.545454502106,-0.0590680427849,0.254028081894,0.313096135855
0.3267326653,0.545454502106,-0.0597001947463,0.253881186247,0.313581377268
0.336633652449,0.545454502106,-0.0601950995624,0.253671050072,0.313866138458
0.346534639597,0.545454502106,-0.0605447031558,0.253396898508,0.313941597939
0.356435626745,0.545454502106,-0.0607405491173,0.253058075905,0.313798636198
0.366336613894,0.545454502106,-0.0607738085091,0.252654194832,0.313428014517
0.376237630844,0.545454502106,-0.0606352500618,0.252185285091,0.312820523977
0.386138617992,0.545454502106,-0.0603154078126,0.251651495695,0.311966896057
0.396039605141,0.545454502106,-0.0598043017089,0.25105369091,0.310857981443
0.405940592289,0.545454502106,-0.0590917319059,0.25039255619,0.309484302998
0.415841579437,0.545454502106,-0.0581671260297,0.249669522047,0.307836651802
0.425742566586,0.545454502106,-0.0570195838809,0.248886063695,0.305905640125
0.435643553734,0.545454502106,-0.0556379295886,0.248044326901,0.303682267666
0.445544540882,0.545454502106,-0.0540107786655,0.247146636248,0.301157414913
0.45544552803,0.545454502106,-0.0521265082061,0.246195316315,0.298321813345
0.465346515179,0.545454502106,-0.0499734282494,0.245193615556,0.295167028904
0.475247502327,0.545454502106,-0.0475396513939,0.244144529104,0.291684180498
0.485148519278,0.545454502106,-0.0448134578764,0.243051752448,0.2878652215
0.495049506426,0.545454502106,-0.0417831167579,0.241918846965,0.283701956272
0.504950523376,0.545454502106,-0.0384371951222,0.240749835968,0.27918702364
0.51485145092,0.545454502106,-0.0347646474838,0.239548668265,0.27431333065
0.524752497673,0.545454502106,-0.0307548381388,0.238319799304,0.269074648619
0.534653484821,0.545454502106,-0.0263979397714,0.237067461014,0.26346540451
0.54455447197,0.545454502106,-0.0216850470752,0.235796034336,0.257481068373
0.554455459118,0.545454502106,-0.0166082624346,0.234510019422,0.251118272543
0.564356446266,0.545454502106,-0.0111612798646,0.233213812113,0.244375094771
0.574257433414,0.545454502106,-0.00533929793164,0.231911689043,0.237250983715
0.584158420563,0.545454502106,0.00086028885562,0.230608031154,0.229747742414
0.594059407711,0.545454502106,0.00743780843914,0.229307040572,0.22186923027
0.603960394859,0.545454502106,0.0143907843158,0.228012636304,0.213621854782
0.613861382008,0.545454502106,0.021713539958,0.226728633046,0.205015093088
0.623762369156,0.545454502106,0.02939671278,0.225458800793,0.196062088013
0.633663415909,0.545454502106,0.037426892668,0.224206402898,0.186779513955
0.643564343452,0.545454502106,0.0457857735455,0.222974598408,0.177188828588
0.653465390205,0.545454502106,0.0544503331184,0.221766456962,0.167316123843
0.663366317749,0.545454502106,0.0633912831545,0.220584452152,0.157193168998
0.673267364502,0.545454502106,0.0725736245513,0.219431072474,0.146857440472
0.683168292046,0.545454502106,0.0819551572204,0.218308404088,0.136353254318
0.693069338799,0.545454502106,0.091486774385,0.217218160629,0.125731378794
0.702970266342,0.545454502106,0.101111382246,0.216162025928,0.115050643682
0.712871313095,0.545454502106,0.110764376819,0.21514120698,0.104376830161
0.722772240639,0.545454502106,0.12037229538,0.214156791568,0.0937844961882
0.732673287392,0.545454502106,0.129853770137,0.213209494948,0.0833557248116
0.74257427454,0.545454502106,0.139118790627,0.212299868464,0.0731810778379
0.752475261688,0.545454502106,0.148069426417,0.211428269744,0.0633588433266
0.762376248837,0.545454502106,0.156599923968,0.210594803095,0.0539948791265
0.772277235985,0.545454502106,0.164597868919,0.209799274802,0.0452014058828
0.782178223133,0.545454502106,0.171944856644,0.20904147625,0.037096619606
0.792079210281,0.545454502106,0.178517714143,0.208320960402,0.0298032462597
0.80198019743,0.545454502106,0.184190943837,0.207637161016,0.0234462171793
0.811881184578,0.545454502106,0.18883754313,0.206989243627,0.0181517004967
0.821782171726,0.545454502106,0.192332535982,0.206376373768,0.0140438377857
0.831683158875,0.545454502106,0.194554850459,0.205797433853,0.0112425833941
0.841584146023,0.545454502106,0.195390611887,0.205251634121,0.00986102223396
0.851485133171,0.545454502106,0.194735959172,0.204737693071,0.0100017338991
0.861386120319,0.545454502106,0.192500963807,0.204254418612,0.0117534548044
0.871287107468,0.545454502106,0.188612237573,0.203800261021,0.015188023448
0.881188154221,0.545454502106,0.183016881347,0.203374266624,0.0203573852777
0.891089081764,0.545454502106,0.175684854388,0.202974691987,0.0272898375988
0.900990128517,0.545454502106,0.166612148285,0.202600479126,0.0359883308411
0.910891115665,0.545454502106,0.155823066831,0.202249839902,0.0464267730713
0.920792102814,0.545454502106,0.143371284008,0.201921701431,0.0585504174232
0.930693089962,0.545454502106,0.129341349006,0.201614379883,0.0722730308771
0.94059407711,0.545454502106,0.113848164678,0.201326474547,0.0874783098698
0.950495064259,0.545454502106,0.0970359742641,0.201056465507,0.104020491242
0.960396051407,0.545454502106,0.079077154398,0.200802996755,0.121725842357
0.970297038555,0.545454502106,0.0601684786379,0.200564756989,0.140396282077
0.980198025703,0.545454502106,0.0405278801918,0.20034006238,0.159812182188
0.990099012852,0.545454502106,0.0203896574676,0.200127989054,0.179738327861
0.00990098994225,0.555555582047,-0.00232630968094,0.237785607576,0.240111917257
0.0198019798845,0.555555582047,-0.00465023843572,0.238612413406,0.243262648582
0.0297029688954,0.555555582047,-0.00696939509362,0.239438310266,0.246407702565
0.039603959769,0.555555582047,-0.00928136985749,0.240262269974,0.249543637037
0.0495049506426,0.555555582047,-0.0115837370977,0.241082489491,0.25266623497
0.0594059377909,0.555555582047,-0.0138740232214,0.2418974787,0.255771487951
0.0693069323897,0.555555582047,-0.0161497164518,0.242705583572,0.258855313063
0.079207919538,0.555555582047,-0.0184082593769,0.243505105376,0.261913359165
0.0891089066863,0.555555582047,-0.0206470135599,0.244294255972,0.26494127512
0.0990099012852,0.555555582047,-0.0228633098304,0.24507111311,0.267934411764
0.108910888433,0.555555582047,-0.0250543411821,0.245834007859,0.270888358355
0.118811875582,0.555555582047,-0.027217278257,0.24658061564,0.273797899485
0.12871286273,0.555555582047,-0.0293491221964,0.247309029102,0.276658147573
0.138613864779,0.555555582047,-0.0314468257129,0.248016908765,0.279463738203
0.148514851928,0.555555582047,-0.0335071757436,0.248702406883,0.282209575176
0.158415839076,0.555555582047,-0.0355268716812,0.249363034964,0.284889906645
0.168316826224,0.555555582047,-0.0375024303794,0.249996513128,0.287498950958
0.178217813373,0.555555582047,-0.0394302308559,0.250600606203,0.290030837059
0.188118815422,0.555555582047,-0.0413065105677,0.251172721386,0.292479217052
0.19801980257,0.555555582047,-0.0431273169816,0.251710474491,0.294837802649
0.207920789719,0.555555582047,-0.0448884740472,0.25221145153,0.297099918127
0.217821776867,0.555555582047,-0.046585675329,0.252673178911,0.299258857965
0.227722764015,0.555555582047,-0.048214327544,0.253093123436,0.301307439804
0.237623751163,0.555555582047,-0.0497696958482,0.253468930721,0.303238630295
0.247524753213,0.555555582047,-0.0512467138469,0.253798007965,0.305044710636
0.25742572546,0.555555582047,-0.0526401475072,0.2540782094,0.306718349457
0.267326742411,0.555555582047,-0.0539444386959,0.254307001829,0.308251440525
0.277227729559,0.555555582047,-0.0551538094878,0.254482328892,0.30963614583
0.287128716707,0.555555582047,-0.0562621615827,0.254601985216,0.310864150524
0.297029703856,0.555555582047,-0.0572630576789,0.254663944244,0.311926990747
0.306930691004,0.555555582047,-0.0581498257816,0.254666358232,0.312816172838
0.316831678152,0.555555582047,-0.0589153729379,0.254607439041,0.313522815704
0.3267326653,0.555555582047,-0.059552423656,0.254485756159,0.314038187265
0.336633652449,0.555555582047,-0.0600531511009,0.254300117493,0.314353257418
0.346534639597,0.555555582047,-0.0604095682502,0.254049420357,0.314458996058
0.356435626745,0.555555582047,-0.0606132224202,0.253732711077,0.314345926046
0.366336613894,0.555555582047,-0.0606553144753,0.253349691629,0.314005017281
0.376237630844,0.555555582047,-0.0605266578496,0.252900034189,0.313426703215
0.386138617992,0.555555582047,-0.0602178126574,0.252384006977,0.312601804733
0.396039605141,0.555555582047,-0.0597188323736,0.251801788807,0.311520636082
0.405940592289,0.555555582047,-0.0590195395052,0.251154273748,0.310173809528
0.415841579437,0.555555582047,-0.0581093728542,0.250442653894,0.308552026749
0.425742566586,0.555555582047,-0.0569774694741,0.249668285251,0.306645750999
0.435643553734,0.555555582047,-0.0556126646698,0.248833060265,0.304445713758
0.445544540882,0.555555582047,-0.0540036074817,0.247939184308,0.301942795515
0.45544552803,0.555555582047,-0.0521386675537,0.246989101171,0.299127757549
0.465346515179,0.555555582047,-0.0500061549246,0.24598570168,0.295991867781
0.475247502327,0.555555582047,-0.0475942157209,0.244932070374,0.29252627492
0.485148519278,0.555555582047,-0.0448911003768,0.243831723928,0.288722813129
0.495049506426,0.555555582047,-0.0418850965798,0.242688328028,0.284573435783
0.504950523376,0.555555582047,-0.0385647378862,0.241505801678,0.280070543289
0.51485145092,0.555555582047,-0.0349189639091,0.240288287401,0.27520725131
0.524752497673,0.555555582047,-0.0309371072799,0.23904004693,0.269977152348
0.534653484821,0.555555582047,-0.0266093127429,0.237765520811,0.264374822378
0.54455447197,0.555555582047,-0.0219266135246,0.236469209194,0.258395820856
0.554455459118,0.555555582047,-0.0168810710311,0.235155671835,0.252036750317
0.564356446266,0.555555582047,-0.0114662991837,0.233829453588,0.245295748115
0.574257433414,0.555555582047,-0.00567742157727,0.232494994998,0.238172411919
0.584158420563,0.555555582047,0.00048827129649,0.231156930327,0.230668663979
0.594059407711,0.555555582047,0.00703119952232,0.229819476604,0.222788274288
0.603960394859,0.555555582047,0.0139490170404,0.228486910462,0.214537888765
0.613861382008,0.555555582047,0.0212361775339,0.22716319561,0.205927014351
0.623762369156,0.555555582047,0.028883472085,0.225852295756,0.196968823671
0.633663415909,0.555555582047,0.0368776582181,0.224557712674,0.187680050731
0.643564343452,0.555555582047,0.0452006012201,0.223283067346,0.178082466125
0.653465390205,0.555555582047,0.053829498589,0.222031220794,0.168201714754
0.663366317749,0.555555582047,0.0627352595329,0.22080527246,0.158070012927
0.673267364502,0.555555582047,0.0718831345439,0.219607666135,0.147724539042
0.683168292046,0.555555582047,0.0812311396003,0.218440786004,0.137209653854
0.693069338799,0.555555582047,0.0907304510474,0.217306673527,0.126576215029
0.702970266342,0.555555582047,0.100324250758,0.216207042336,0.115882791579
0.712871313095,0.555555582047,0.109948195517,0.21514339745,0.105195201933
0.722772240639,0.555555582047,0.119529142976,0.214116960764,0.0945878177881
0.732673287392,0.555555582047,0.128986015916,0.213128596544,0.0841425806284
0.74257427454,0.555555582047,0.138229101896,0.21217904985,0.0739499479532
0.752475261688,0.555555582047,0.147160738707,0.211268797517,0.0641080588102
0.762376248837,0.555555582047,0.155675530434,0.210397958755,0.0547224283218
0.772277235985,0.555555582047,0.163661330938,0.209566712379,0.0459053814411
0.782178223133,0.555555582047,0.171000048518,0.208774626255,0.0377745777369
0.792079210281,0.555555582047,0.177568718791,0.208021506667,0.0304527878761
0.80198019743,0.555555582047,0.183242157102,0.207306906581,0.0240647494793
0.811881184578,0.555555582047,0.187893480062,0.20662997663,0.0187364965677
0.821782171726,0.555555582047,0.191398009658,0.205989852548,0.0145918428898
0.831683158875,0.555555582047,0.193634703755,0.205385699868,0.0117509961128
0.841584146023,0.555555582047,0.194489896297,0.204816371202,0.010326474905
0.851485133171,0.555555582047,0.193859815598,0.204280853271,0.010421037674
0.861386120319,0.555555582047,0.19165442884,0.203777745366,0.0121233165264
0.871287107468,0.555555582047,0.187800467014,0.203305974603,0.0155055075884
0.881188154221,0.555555582047,0.182244837284,0.202863946557,0.020619109273
0.891089081764,0.555555582047,0.174957469106,0.202450469136,0.0274930000305
0.900990128517,0.555555582047,0.165934056044,0.2020637393,0.0361296832561
0.910891115665,0.555555582047,0.155198782682,0.201702862978,0.0465040802956
0.920792102814,0.555555582047,0.142804995179,0.201365962625,0.0585609674454
0.930693089962,0.555555582047,0.128836855292,0.201051622629,0.0722147673368
0.94059407711,0.555555582047,0.113408990204,0.200758352876,0.0873493626714
0.950495064259,0.555555582047,0.0966651514173,0.200484707952,0.103819556534
0.960396051407,0.555555582047,0.0787772834301,0.20022906363,0.1214517802
0.970297038555,0.555555582047,0.0599416866899,0.199990108609,0.140048414469
0.980198025703,0.555555582047,0.0403757803142,0.199766427279,0.159390643239
0.990099012852,0.555555582047,0.02031333372,0.19955638051,0.179243043065
0.00990098994225,0.565656542778,-0.00231696874835,0.237743884325,0.240060850978
0.0198019798845,0.565656542778,-0.00463158031926,0.238577291369,0.243208870292
0.0297029688954,0.565656542778,-0.00694146798924,0.239410758018,0.246352225542
0.039603959769,0.565656542778,-0.0092442445457,0.240242987871,0.249487236142
0.0495049506426,0.565656542778,-0.011537514627,0.241072386503,0.252609908581
0.0594059377909,0.565656542778,-0.0138188162819,0.241897433996,0.255716264248
0.0693069323897,0.565656542778,-0.0160856731236,0.242716655135,0.258802324533
0.079207919538,0.565656542778,-0.0183355491608,0.243528470397,0.261864006519
0.0891089066863,0.565656542778,-0.0205658320338,0.244330480695,0.264896303415
0.0990099012852,0.565656542778,-0.0227738749236,0.245121523738,0.267895400524
0.108910888433,0.565656542778,-0.0249569024891,0.245899483562,0.270856380463
0.118811875582,0.565656542778,-0.0271120946854,0.246661826968,0.273773908615
0.12871286273,0.565656542778,-0.0292365010828,0.24740716815,0.276643663645
0.138613864779,0.565656542778,-0.0313270874321,0.248133182526,0.279460281134
0.148514851928,0.565656542778,-0.0333806686103,0.24883762002,0.282218277454
0.158415839076,0.565656542778,-0.0353939644992,0.249517828226,0.284911781549
0.168316826224,0.565656542778,-0.0373635403812,0.250172048807,0.287535578012
0.178217813373,0.565656542778,-0.0392857789993,0.250797629356,0.290083408356
0.188118815422,0.565656542778,-0.0411569662392,0.251392185688,0.292549163103
0.19801980257,0.565656542778,-0.0429731681943,0.251953065395,0.294926226139
0.207920789719,0.565656542778,-0.0447302423418,0.252477824688,0.297208070755
0.217821776867,0.565656542778,-0.0464239120483,0.252963989973,0.299387902021
0.227722764015,0.565656542778,-0.0480496138334,0.253409147263,0.301458775997
0.237623751163,0.565656542778,-0.0496026352048,0.253810673952,0.303413301706
0.247524753213,0.565656542778,-0.0510779470205,0.25416585803,0.30524379015
0.25742572546,0.565656542778,-0.0524703599513,0.254472464323,0.306942820549
0.267326742411,0.565656542778,-0.0537743344903,0.254727840424,0.308502167463
0.277227729559,0.565656542778,-0.0549841336906,0.254930078983,0.309914201498
0.287128716707,0.565656542778,-0.0560936629772,0.255076289177,0.311169952154
0.297029703856,0.565656542778,-0.0570965632796,0.255164831877,0.312261402607
0.306930691004,0.565656542778,-0.0579861588776,0.255193471909,0.313179641962
0.316831678152,0.565656542778,-0.0587554201484,0.255160480738,0.313915908337
0.3267326653,0.565656542778,-0.0593970865011,0.255064308643,0.314461410046
0.336633652449,0.565656542778,-0.0599033795297,0.254903107882,0.314806491137
0.346534639597,0.565656542778,-0.0602663122118,0.254676014185,0.314942330122
0.356435626745,0.565656542778,-0.0604774951935,0.254382014275,0.314859509468
0.366336613894,0.565656542778,-0.0605281554163,0.25402033329,0.314548492432
0.376237630844,0.565656542778,-0.0604091361165,0.253590553999,0.313999682665
0.386138617992,0.565656542778,-0.060111027211,0.253092676401,0.313203692436
0.396039605141,0.565656542778,-0.0596239008009,0.252527087927,0.312150985003
0.405940592289,0.565656542778,-0.0589376240969,0.251894116402,0.310831725597
0.415841579437,0.565656542778,-0.0580416582525,0.251194953918,0.309236615896
0.425742566586,0.565656542778,-0.0569251552224,0.250430703163,0.307355850935
0.435643553734,0.565656542778,-0.0555769875646,0.249603271484,0.305180251598
0.445544540882,0.565656542778,-0.0539857931435,0.248714566231,0.30270037055
0.45544552803,0.565656542778,-0.0521399639547,0.247767031193,0.299906998873
0.465346515179,0.565656542778,-0.05002784729,0.246763378382,0.296791225672
0.475247502327,0.565656542778,-0.0476375706494,0.245706707239,0.293344289064
0.485148519278,0.565656542778,-0.0449574068189,0.244600370526,0.289557784796
0.495049506426,0.565656542778,-0.0419756062329,0.243448004127,0.285423606634
0.504950523376,0.565656542778,-0.0386807173491,0.242253616452,0.280934333801
0.51485145092,0.565656542778,-0.0350616462529,0.241021245718,0.276082903147
0.524752497673,0.565656542778,-0.031107718125,0.239755243063,0.270862966776
0.534653484821,0.565656542778,-0.0268090255558,0.238460123539,0.265269160271
0.54455447197,0.565656542778,-0.0221565663815,0.237140387297,0.259296953678
0.554455459118,0.565656542778,-0.0171423405409,0.235800758004,0.252943098545
0.564356446266,0.565656542778,-0.0117599042132,0.234445869923,0.24620577693
0.574257433414,0.565656542778,-0.00600429996848,0.233080431819,0.239084735513
0.584158420563,0.565656542778,0.000127266466734,0.231709033251,0.231581762433
0.594059407711,0.565656542778,0.00663532223552,0.230336144567,0.2237008214
0.603960394859,0.565656542778,0.0135176358745,0.228966340423,0.215448707342
0.613861382008,0.565656542778,0.0207688007504,0.227603822947,0.206835016608
0.623762369156,0.565656542778,0.0283797513694,0.226252585649,0.197872832417
0.633663415909,0.565656542778,0.0363374054432,0.22491645813,0.188579052687
0.643564343452,0.565656542778,0.0446238256991,0.22359919548,0.178975373507
0.653465390205,0.565656542778,0.0532163791358,0.22230412066,0.169087737799
0.663366317749,0.565656542778,0.0620862171054,0.221034243703,0.158948034048
0.673267364502,0.565656542778,0.0711987912655,0.219792500138,0.148593708873
0.683168292046,0.565656542778,0.080512419343,0.218581393361,0.138068974018
0.693069338799,0.565656542778,0.0899784713984,0.217403158545,0.127424687147
0.702970266342,0.565656542778,0.0995404496789,0.216259822249,0.116719372571
0.712871313095,0.565656542778,0.109134279191,0.21515288949,0.106018610299
0.722772240639,0.565656542778,0.118687130511,0.214083895087,0.0953967645764
0.732673287392,0.565656542778,0.128118216991,0.213053882122,0.0849356651306
0.74257427454,0.565656542778,0.137338161469,0.212063699961,0.0747255384922
0.752475261688,0.565656542778,0.146249607205,0.21111394465,0.0648643374443
0.762376248837,0.565656542778,0.154747486115,0.210205122828,0.055457636714
0.772277235985,0.565656542778,0.162719890475,0.209337100387,0.0466172099113
0.782178223133,0.565656542778,0.170049071312,0.208509966731,0.0384608954191
0.792079210281,0.565656542778,0.176612362266,0.207723304629,0.0311109423637
0.80198019743,0.565656542778,0.182284802198,0.206976756454,0.0246919542551
0.811881184578,0.565656542778,0.186939805746,0.20626963675,0.0193298310041
0.821782171726,0.565656542778,0.190452888608,0.205601364374,0.0151484757662
0.831683158875,0.565656542778,0.192703127861,0.204970762134,0.0122676342726
0.841584146023,0.565656542778,0.193577006459,0.204376935959,0.0107999294996
0.851485133171,0.565656542778,0.192970842123,0.203818708658,0.0108478665352
0.861386120319,0.565656542778,0.190794691443,0.203295007348,0.0125003159046
0.871287107468,0.565656542778,0.186975181103,0.202804192901,0.0158290117979
0.881188154221,0.565656542778,0.181459233165,0.202345341444,0.0208861082792
0.891089081764,0.565656542778,0.174216598272,0.201916500926,0.0276999026537
0.900990128517,0.565656542778,0.165242895484,0.201516926289,0.0362740308046
0.910891115665,0.565656542778,0.154561951756,0.201144382358,0.0465824306011
0.920792102814,0.565656542778,0.142226889729,0.200797811151,0.0585709214211
0.930693089962,0.565656542778,0.128321558237,0.200475677848,0.0721541196108
0.94059407711,0.565656542778,0.112960137427,0.200176179409,0.0872160419822
0.950495064259,0.565656542778,0.0962859615684,0.199897915125,0.103611953557
0.960396051407,0.565656542778,0.0784705281258,0.199639409781,0.121168881655
0.970297038555,0.565656542778,0.059709623456,0.199399203062,0.139689579606
0.980198025703,0.565656542778,0.0402201078832,0.199175596237,0.158955484629
0.990099012852,0.565656542778,0.0202352050692,0.198967173696,0.178731963038
0.00990098994225,0.575757563114,-0.00230744108558,0.237695351243,0.240002796054
0.0198019798845,0.575757563114,-0.0046125492081,0.238534644246,0.243147194386
0.0297029688954,0.575757563114,-0.006912979763,0.239374831319,0.246287807822
0.039603959769,0.575757563114,-0.0092063723132,0.240214586258,0.249420955777
0.0495049506426,0.575757563114,-0.0114903477952,0.241052642465,0.252543002367
0.0594059377909,0.575757563114,-0.0137624787167,0.241887241602,0.255649715662
0.0693069323897,0.575757563114,-0.01602030918,0.242716953158,0.258737266064
0.079207919538,0.575757563114,-0.0182613283396,0.243539974093,0.261801302433
0.0891089066863,0.575757563114,-0.0204829405993,0.244354516268,0.264837443829
0.0990099012852,0.575757563114,-0.0226825289428,0.245158806443,0.267841339111
0.108910888433,0.575757563114,-0.0248573496938,0.245950758457,0.2708081007
0.118811875582,0.575757563114,-0.0270046032965,0.24672858417,0.273733198643
0.12871286273,0.575757563114,-0.0291213635355,0.24748980999,0.276611179113
0.138613864779,0.575757563114,-0.0312046185136,0.248233065009,0.279437690973
0.148514851928,0.575757563114,-0.0332512184978,0.24895554781,0.282206773758
0.158415839076,0.575757563114,-0.0352579168975,0.249654769897,0.284912675619
0.168316826224,0.575757563114,-0.0372212789953,0.250328809023,0.287550091743
0.178217813373,0.575757563114,-0.0391377471387,0.250975131989,0.290112882853
0.188118815422,0.575757563114,-0.0410036183894,0.251591175795,0.292594790459
0.19801980257,0.575757563114,-0.0428149849176,0.252174437046,0.294989407063
0.207920789719,0.575757563114,-0.0445677451789,0.252722531557,0.29729026556
0.217821776867,0.575757563114,-0.0462576448917,0.253232359886,0.299490004778
0.227722764015,0.575757563114,-0.0478801466525,0.253701895475,0.301582038403
0.237623751163,0.575757563114,-0.0494305863976,0.254128396511,0.303558975458
0.247524753213,0.575757563114,-0.0509039573371,0.254508972168,0.305412918329
0.25742572546,0.575757563114,-0.0522950924933,0.254841327667,0.307136416435
0.267326742411,0.575757563114,-0.0535984896123,0.255123049021,0.308721542358
0.277227729559,0.575757563114,-0.0548084490001,0.255351394415,0.310159832239
0.287128716707,0.575757563114,-0.0559189282358,0.255524069071,0.311443001032
0.297029703856,0.575757563114,-0.0569235607982,0.255638808012,0.312562376261
0.306930691004,0.575757563114,-0.0578157305717,0.255693733692,0.313509464264
0.316831678152,0.575757563114,-0.0585884451866,0.255686461926,0.314274907112
0.3267326653,0.575757563114,-0.059234444052,0.255615442991,0.314849883318
0.336633652449,0.575757563114,-0.0597460232675,0.255478978157,0.31522500515
0.346534639597,0.575757563114,-0.0601152181625,0.255275726318,0.315390944481
0.356435626745,0.575757563114,-0.0603336654603,0.255004525185,0.31533819437
0.366336613894,0.575757563114,-0.0603926219046,0.254664450884,0.315057069063
0.376237630844,0.575757563114,-0.0602829866111,0.254255205393,0.314538180828
0.386138617992,0.575757563114,-0.0599953457713,0.253776282072,0.313771635294
0.396039605141,0.575757563114,-0.0595198310912,0.253227740526,0.312747567892
0.405940592289,0.575757563114,-0.0588463135064,0.252610325813,0.311456650496
0.415841579437,0.575757563114,-0.0579643025994,0.251924395561,0.30988869071
0.425742566586,0.575757563114,-0.0568629577756,0.251171499491,0.308034449816
0.435643553734,0.575757563114,-0.0555311851203,0.250352919102,0.305884093046
0.445544540882,0.575757563114,-0.0539576523006,0.249470710754,0.303428351879
0.45544552803,0.575757563114,-0.0521307513118,0.248527035117,0.300657778978
0.465346515179,0.575757563114,-0.050038844347,0.247524529696,0.297563374043
0.475247502327,0.575757563114,-0.0476700700819,0.246466264129,0.294136345387
0.485148519278,0.575757563114,-0.0450126938522,0.245355546474,0.290368229151
0.495049506426,0.575757563114,-0.0420549809933,0.244195744395,0.286250710487
0.504950523376,0.575757563114,-0.0387854576111,0.242991134524,0.281776607037
0.51485145092,0.575757563114,-0.0351930260658,0.241745531559,0.276938557625
0.524752497673,0.575757563114,-0.0312669798732,0.240463376045,0.271730363369
0.534653484821,0.575757563114,-0.0269973836839,0.239149168134,0.266146540642
0.54455447197,0.575757563114,-0.0223751980811,0.237807586789,0.260182797909
0.554455459118,0.575757563114,-0.0173923633993,0.23644335568,0.253835707903
0.564356446266,0.575757563114,-0.012042382732,0.23506128788,0.2471036762
0.574257433414,0.575757563114,-0.006320215296,0.233666107059,0.23998631537
0.584158420563,0.575757563114,-0.000222990478505,0.232262641191,0.232485637069
0.594059407711,0.575757563114,0.00624992558733,0.230855643749,0.224605724216
0.603960394859,0.575757563114,0.0130964154378,0.229449659586,0.216353237629
0.613861382008,0.575757563114,0.0203111991286,0.228049114347,0.207737922668
0.623762369156,0.575757563114,0.0278853606433,0.226658314466,0.198772951961
0.633663415909,0.575757563114,0.035805977881,0.225281432271,0.189475446939
0.643564343452,0.575757563114,0.0440552830696,0.223922133446,0.179866850376
0.653465390205,0.575757563114,0.0526108667254,0.222584098577,0.169973224401
0.663366317749,0.575757563114,0.0614440664649,0.221270754933,0.159826695919
0.673267364502,0.575757563114,0.0705205798149,0.219984978437,0.149464398623
0.683168292046,0.575757563114,0.079798951745,0.21872960031,0.138930648565
0.693069338799,0.575757563114,0.0892308503389,0.217507138848,0.128276288509
0.702970266342,0.575757563114,0.0987600386143,0.216319769621,0.117559731007
0.712871313095,0.575757563114,0.1083227247,0.215169265866,0.106846541166
0.722772240639,0.575757563114,0.117846392095,0.214057326317,0.0962109342217
0.732673287392,0.575757563114,0.127250596881,0.212985083461,0.0857344865799
0.74257427454,0.575757563114,0.136446207762,0.211953699589,0.075507491827
0.752475261688,0.575757563114,0.145336255431,0.210963755846,0.0656275004148
0.762376248837,0.575757563114,0.153815969825,0.210015952587,0.0561999827623
0.772277235985,0.575757563114,0.161773830652,0.209110334516,0.0473365038633
0.782178223133,0.575757563114,0.169092312455,0.208247229457,0.0391549170017
0.792079210281,0.575757563114,0.1756490767,0.207426011562,0.0317769348621
0.80198019743,0.575757563114,0.181319445372,0.206646636128,0.0253271907568
0.811881184578,0.575757563114,0.185977071524,0.205908402801,0.0199313312769
0.821782171726,0.575757563114,0.189497664571,0.205210849643,0.0157131850719
0.831683158875,0.575757563114,0.191760599613,0.204552665353,0.0127920657396
0.841584146023,0.575757563114,0.192652434111,0.203933179379,0.0112807452679
0.851485133171,0.575757563114,0.192069575191,0.203351274133,0.0112816989422
0.861386120319,0.575757563114,0.189922228456,0.202805683017,0.0128834545612
0.871287107468,0.575757563114,0.186136946082,0.202295005322,0.0161580592394
0.881188154221,0.575757563114,0.180660605431,0.201818048954,0.0211574435234
0.891089081764,0.575757563114,0.173462837934,0.201373159885,0.0279103219509
0.900990128517,0.575757563114,0.164539113641,0.200959205627,0.0364200919867
0.910891115665,0.575757563114,0.153913065791,0.200574338436,0.046661272645
0.920792102814,0.575757563114,0.141637459397,0.200217202306,0.0585797429085
0.930693089962,0.575757563114,0.127795830369,0.199886038899,0.0720902085304
0.94059407711,0.575757563114,0.112501963973,0.199579492211,0.0870775282383
0.950495064259,0.575757563114,0.0958987399936,0.199295982718,0.103397242725
0.960396051407,0.575757563114,0.0781571641564,0.199033498764,0.120876334608
0.970297038555,0.575757563114,0.0594724789262,0.198791325092,0.139318853617
0.980198025703,0.575757563114,0.040060993284,0.198566988111,0.158505991101
0.990099012852,0.575757563114,0.0201553441584,0.198359400034,0.178204059601
0.00990098994225,0.58585858345,-0.00229773344472,0.237639576197,0.23993730545
0.0198019798845,0.58585858345,-0.00459315767512,0.238484099507,0.243077263236
0.0297029688954,0.58585858345,-0.00688395090401,0.239330619574,0.246214568615
0.039603959769,0.58585858345,-0.00916777644306,0.240177497268,0.249345272779
0.0495049506426,0.58585858345,-0.0114422813058,0.241023287177,0.252465575933
0.0594059377909,0.58585858345,-0.0137050561607,0.241866856813,0.255571901798
0.0693069323897,0.58585858345,-0.0159536767751,0.242706120014,0.258659809828
0.079207919538,0.58585858345,-0.0181856453419,0.243539646268,0.261725306511
0.0891089066863,0.58585858345,-0.0203984044492,0.244365870953,0.264764279127
0.0990099012852,0.58585858345,-0.0225893519819,0.245182439685,0.267771780491
0.108910888433,0.58585858345,-0.0247557703406,0.245988056064,0.270743817091
0.118811875582,0.58585858345,-0.0268948860466,0.246780276299,0.273675173521
0.12871286273,0.58585858345,-0.0290038045496,0.24755705893,0.276560872793
0.138613864779,0.58585858345,-0.0310795307159,0.248316466808,0.279395997524
0.148514851928,0.58585858345,-0.0331189520657,0.249055996537,0.282174944878
0.158415839076,0.58585858345,-0.0351188331842,0.249773547053,0.284892380238
0.168316826224,0.58585858345,-0.0370757840574,0.250466614962,0.287542402744
0.178217813373,0.58585858345,-0.038986261934,0.251132875681,0.29011914134
0.188118815422,0.58585858345,-0.0408465974033,0.251769632101,0.292616218328
0.19801980257,0.58585858345,-0.0426529161632,0.252374529839,0.295027434826
0.207920789719,0.58585858345,-0.044401127845,0.252944737673,0.297345876694
0.217821776867,0.58585858345,-0.0460870303214,0.253477811813,0.299564838409
0.227722764015,0.58585858345,-0.0477061197162,0.253970980644,0.301677107811
0.237623751163,0.58585858345,-0.0492537356913,0.254421710968,0.303675442934
0.247524753213,0.58585858345,-0.0507249198854,0.254827141762,0.305552065372
0.25742572546,0.58585858345,-0.0521145351231,0.255184650421,0.30729919672
0.267326742411,0.58585858345,-0.0534171275795,0.255491912365,0.308909028769
0.277227729559,0.58585858345,-0.0546269975603,0.255745977163,0.310372978449
0.287128716707,0.58585858345,-0.0557381622493,0.255944550037,0.311682701111
0.297029703856,0.58585858345,-0.0567442849278,0.256085336208,0.312829613686
0.306930691004,0.58585858345,-0.0576387681067,0.256165891886,0.313804656267
0.316831678152,0.58585858345,-0.0584146641195,0.256184250116,0.314598917961
0.3267326653,0.58585858345,-0.0590647570789,0.256138324738,0.315203070641
0.336633652449,0.58585858345,-0.0595813542604,0.256026625633,0.315607964993
0.346534639597,0.58585858345,-0.0599565505981,0.255847215652,0.315803766251
0.356435626745,0.58585858345,-0.060182005167,0.255599021912,0.315781027079
0.366336613894,0.58585858345,-0.0602489933372,0.255281031132,0.315530031919
0.376237630844,0.58585858345,-0.0601484701037,0.254892557859,0.315041035414
0.386138617992,0.58585858345,-0.0598710551858,0.254432976246,0.314304023981
0.396039605141,0.58585858345,-0.0594068914652,0.2539024055,0.313309311867
0.405940592289,0.58585858345,-0.0587458983064,0.253301113844,0.3120470047
0.415841579437,0.58585858345,-0.057877600193,0.252629548311,0.310507148504
0.425742566586,0.58585858345,-0.0567911937833,0.251888781786,0.308679968119
0.435643553734,0.58585858345,-0.0554756000638,0.25108024478,0.306555837393
0.445544540882,0.58585858345,-0.0539195127785,0.250205636024,0.304125159979
0.45544552803,0.58585858345,-0.0521113276482,0.249267175794,0.301378488541
0.465346515179,0.58585858345,-0.0500394515693,0.248267248273,0.298306703568
0.475247502327,0.58585858345,-0.0476920045912,0.247208863497,0.294900864363
0.485148519278,0.58585858345,-0.0450572818518,0.246095195413,0.291152477264
0.495049506426,0.58585858345,-0.0421235300601,0.244929671288,0.287053197622
0.504950523376,0.58585858345,-0.038879275322,0.24371625483,0.282595515251
0.51485145092,0.58585858345,-0.0353134162724,0.242459088564,0.277772516012
0.524752497673,0.58585858345,-0.0314152017236,0.241162374616,0.27257758379
0.534653484821,0.58585858345,-0.0271747019142,0.239830777049,0.267005473375
0.54455447197,0.58585858345,-0.0225828029215,0.238468900323,0.26105171442
0.554455459118,0.58585858345,-0.0176314301789,0.237081617117,0.254713058472
0.564356446266,0.58585858345,-0.0123140085489,0.23567378521,0.247987791896
0.574257433414,0.58585858345,-0.00662543391809,0.234250366688,0.240875795484
0.584158420563,0.58585858345,-0.000562749162782,0.23281621933,0.233378961682
0.594059407711,0.58585858345,0.00587477628142,0.23137627542,0.22550149262
0.603960394859,0.58585858345,0.0126851331443,0.229935213923,0.217250078917
0.613861382008,0.58585858345,0.0198631715029,0.228497684002,0.208634510636
0.623762369156,0.58585858345,0.0274001173675,0.227068319917,0.199668198824
0.633663415909,0.58585858345,0.0352832078934,0.225651308894,0.190368101001
0.643564343452,0.58585858345,0.043494861573,0.224250689149,0.180755823851
0.653465390205,0.58585858345,0.0520128458738,0.222870290279,0.170857444406
0.663366317749,0.58585858345,0.0608087219298,0.221513658762,0.160704940557
0.673267364502,0.58585858345,0.0698484256864,0.22018417716,0.150335758924
0.683168292046,0.58585858345,0.0790907368064,0.218884751201,0.139794021845
0.693069338799,0.58585858345,0.0884876027703,0.217618137598,0.129130542278
0.702970266342,0.58585858345,0.0979830473661,0.216386541724,0.118403494358
0.712871313095,0.58585858345,0.107513606548,0.215192258358,0.10767865181
0.722772240639,0.58585858345,0.117007061839,0.214036852121,0.0970297902822
0.732673287392,0.58585858345,0.126383259892,0.21292193234,0.0865386724472
0.74257427454,0.58585858345,0.135553434491,0.211848706007,0.0762952715158
0.752475261688,0.58585858345,0.144420951605,0.210818052292,0.066397100687
0.762376248837,0.58585858345,0.152881354094,0.209830477834,0.0569491237402
0.772277235985,0.58585858345,0.160823464394,0.208886504173,0.0480630397797
0.782178223133,0.58585858345,0.168130099773,0.207986354828,0.0398562550545
0.792079210281,0.58585858345,0.174679204822,0.207129761577,0.0324505567551
0.80198019743,0.58585858345,0.180346399546,0.206316515803,0.0259701162577
0.811881184578,0.58585858345,0.185005664825,0.205546185374,0.0205405205488
0.821782171726,0.58585858345,0.18853290379,0.204818204045,0.0162853002548
0.831683158875,0.58585858345,0.190807625651,0.204131513834,0.0133238881826
0.841584146023,0.58585858345,0.191716730595,0.203485310078,0.011768579483
0.851485133171,0.58585858345,0.191156625748,0.2028786093,0.011721983552
0.861386120319,0.58585858345,0.189037621021,0.202310025692,0.0132724046707
0.871287107468,0.58585858345,0.185286283493,0.201778247952,0.0164919644594
0.881188154221,0.58585858345,0.179849460721,0.201282188296,0.0214327275753
0.891089081764,0.58585858345,0.172696709633,0.20082013309,0.0281234234571
0.900990128517,0.58585858345,0.163823261857,0.20039075613,0.0365674942732
0.910891115665,0.58585858345,0.153252586722,0.199992418289,0.0467398315668
0.920792102814,0.58585858345,0.141037121415,0.199623793364,0.0585866719484
0.930693089962,0.58585858345,0.127260088921,0.199282884598,0.0720227956772
0.94059407711,0.58585858345,0.112034827471,0.198968306184,0.086933478713
0.950495064259,0.58585858345,0.0955037847161,0.198678463697,0.103174678981
0.960396051407,0.58585858345,0.0778374299407,0.198411390185,0.120573960245
0.970297038555,0.58585858345,0.0592304468155,0.198165953159,0.138935506344
0.980198025703,0.58585858345,0.039898570627,0.197940409184,0.158041834831
0.990099012852,0.58585858345,0.0200738087296,0.197732999921,0.177659183741
0.00990098994225,0.595959603786,-0.00228785420768,0.237576782703,0.239864632487
0.0198019798845,0.595959603786,-0.00457342201844,0.238426029682,0.242999449372
0.0297029688954,0.595959603786,-0.00685440609232,0.239277973771,0.24613237381
0.039603959769,0.595959603786,-0.00912849232554,0.240131348372,0.249259844422
0.0495049506426,0.595959603786,-0.011393350549,0.240984544158,0.252377897501
0.0594059377909,0.595959603786,-0.0136465970427,0.241836100817,0.255482703447
0.0693069323897,0.595959603786,-0.0158858243376,0.242684409022,0.258570224047
0.079207919538,0.595959603786,-0.0181085690856,0.243527948856,0.261636525393
0.0891089066863,0.595959603786,-0.0203122906387,0.244364649057,0.26467692852
0.0990099012852,0.595959603786,-0.0224944166839,0.245193228126,0.267687648535
0.108910888433,0.595959603786,-0.0246522501111,0.24601149559,0.270663738251
0.118811875582,0.595959603786,-0.0267830435187,0.246817156672,0.273600190878
0.12871286273,0.595959603786,-0.0288839247078,0.247608557343,0.276492476463
0.138613864779,0.595959603786,-0.0309519339353,0.248383358121,0.279335290194
0.148514851928,0.595959603786,-0.0329839773476,0.249139264226,0.282123237848
0.158415839076,0.595959603786,-0.0349768437445,0.249874129891,0.284850984812
0.168316826224,0.595959603786,-0.0369271785021,0.250585496426,0.287512660027
0.178217813373,0.595959603786,-0.0388314649463,0.251270711422,0.290102183819
0.188118815422,0.595959603786,-0.0406860522926,0.251927375793,0.29261341691
0.19801980257,0.595959603786,-0.042487103492,0.25255292654,0.295040041208
0.207920789719,0.595959603786,-0.0442305654287,0.253144592047,0.297375142574
0.217821776867,0.595959603786,-0.0459122546017,0.253699928522,0.2996121943
0.227722764015,0.595959603786,-0.0475276969373,0.254216015339,0.301743716002
0.237623751163,0.595959603786,-0.0490722618997,0.254690289497,0.303762555122
0.247524753213,0.595959603786,-0.050541035831,0.255119740963,0.305660784245
0.25742572546,0.595959603786,-0.051928896457,0.25550198555,0.307430893183
0.267326742411,0.595959603786,-0.0532304383814,0.255834102631,0.309064537287
0.277227729559,0.595959603786,-0.0544399917126,0.256113320589,0.310553312302
0.287128716707,0.595959603786,-0.0555515885353,0.256337374449,0.311888962984
0.297029703856,0.595959603786,-0.0565589368343,0.256503582001,0.313062518835
0.306930691004,0.595959603786,-0.0574554987252,0.256609678268,0.314065188169
0.316831678152,0.595959603786,-0.0582343265414,0.256653279066,0.314887613058
0.3267326653,0.595959603786,-0.0588882602751,0.256632328033,0.315520584583
0.336633652449,0.595959603786,-0.0594096332788,0.256545007229,0.315954625607
0.346534639597,0.595959603786,-0.0597905665636,0.256389558315,0.316180109978
0.356435626745,0.595959603786,-0.0600227564573,0.256164580584,0.31618732214
0.366336613894,0.595959603786,-0.0600975565612,0.255868762732,0.315966308117
0.376237630844,0.595959603786,-0.0600058957934,0.255501389503,0.315507292747
0.386138617992,0.595959603786,-0.0597384385765,0.255061805248,0.314800232649
0.396039605141,0.595959603786,-0.0592853911221,0.254549711943,0.313835114241
0.405940592289,0.595959603786,-0.0586366690695,0.253965169191,0.312601834536
0.415841579437,0.595959603786,-0.0577818565071,0.253308743238,0.31109058857
0.425742566586,0.595959603786,-0.0567101500928,0.252581119537,0.309291273355
0.435643553734,0.595959603786,-0.055410515517,0.251783639193,0.307194143534
0.445544540882,0.595959603786,-0.0538716539741,0.250917881727,0.304789543152
0.45544552803,0.595959603786,-0.0520820133388,0.24998575449,0.302067756653
0.465346515179,0.595959603786,-0.0500299781561,0.248989775777,0.299019753933
0.475247502327,0.595959603786,-0.0477037057281,0.247932642698,0.295636355877
0.485148519278,0.595959603786,-0.0450914800167,0.246817469597,0.291908949614
0.495049506426,0.595959603786,-0.0421815663576,0.245647713542,0.2878292799
0.504950523376,0.595959603786,-0.0389624796808,0.244427263737,0.283389747143
0.51485145092,0.595959603786,-0.0354231074452,0.243160068989,0.278583168983
0.524752497673,0.595959603786,-0.0315526947379,0.241850465536,0.273403167725
0.534653484821,0.595959603786,-0.0273412577808,0.240502998233,0.267844259739
0.54455447197,0.595959603786,-0.0227796770632,0.239122420549,0.261902093887
0.554455459118,0.595959603786,-0.0178598165512,0.237713709474,0.255573511124
0.564356446266,0.595959603786,-0.0125750498846,0.236281722784,0.248856768012
0.574257433414,0.595959603786,-0.00692021101713,0.23483145237,0.241751670837
0.584158420563,0.595959603786,-0.00089225359261,0.233368068933,0.234260320663
0.594059407711,0.595959603786,0.00550964288414,0.231896460056,0.22638681531
0.603960394859,0.595959603786,0.0122835785151,0.230421558022,0.218137979507
0.613861382008,0.595959603786,0.0194245241582,0.228948280215,0.209523752332
0.623762369156,0.595959603786,0.0269238520414,0.2274813205,0.200557470322
0.633663415909,0.595959603786,0.0347689501941,0.226024970412,0.191256016493
0.643564343452,0.595959603786,0.0429424196482,0.224583804607,0.181641384959
0.653465390205,0.595959603786,0.0514222159982,0.223161742091,0.171739518642
0.663366317749,0.595959603786,0.0601801201701,0.221762344241,0.161582231522
0.673267364502,0.595959603786,0.0691822916269,0.220389395952,0.151207104325
0.683168292046,0.595959603786,0.0783877670765,0.219046115875,0.140658348799
0.693069338799,0.595959603786,0.0877487435937,0.217735290527,0.129986554384
0.702970266342,0.595959603786,0.0972095653415,0.216459542513,0.119249977171
0.712871313095,0.595959603786,0.106707036495,0.215221121907,0.108514085412
0.722772240639,0.595959603786,0.116169258952,0.21402220428,0.0978529453278
0.732673287392,0.595959603786,0.125516399741,0.212864205241,0.0873478055
0.74257427454,0.595959603786,0.134660094976,0.211748570204,0.0770884752274
0.752475261688,0.595959603786,0.143503978848,0.210676416755,0.0671724379063
0.762376248837,0.595959603786,0.151943922043,0.209648489952,0.0577045679092
0.772277235985,0.595959603786,0.159869164228,0.208665475249,0.0487963110209
0.782178223133,0.595959603786,0.167162790895,0.207727402449,0.0405646115541
0.792079210281,0.595959603786,0.173703178763,0.206834420562,0.0331312417984
0.80198019743,0.595959603786,0.17936617136,0.205986469984,0.026620298624
0.811881184578,0.595959603786,0.184026062489,0.205182954669,0.0211568921804
0.821782171726,0.595959603786,0.187558993697,0.204423591495,0.0168645977974
0.831683158875,0.595959603786,0.18984477222,0.203707247972,0.0138624757528
0.841584146023,0.595959603786,0.190770447254,0.203033208847,0.0122627615929
0.851485133171,0.595959603786,0.190232530236,0.202400431037,0.0121679008007
0.861386120319,0.595959603786,0.188141420484,0.201807841659,0.013666421175
0.871287107468,0.595959603786,0.184423789382,0.201253965497,0.016830176115
0.881188154221,0.595959603786,0.179026395082,0.200737699866,0.0217113047838
0.891089081764,0.595959603786,0.171918734908,0.200257316232,0.0283385813236
0.900990128517,0.595959603786,0.163095876575,0.199811503291,0.0367156267166
0.910891115665,0.595959603786,0.15258102119,0.199398815632,0.0468177944422
0.920792102814,0.595959603786,0.140426397324,0.199017360806,0.0585909634829
0.930693089962,0.595959603786,0.126714780927,0.198665618896,0.0719508379698
0.94059407711,0.595959603786,0.111559152603,0.198342010379,0.0867828577757
0.950495064259,0.595959603786,0.0951014235616,0.198044866323,0.102943442762
0.960396051407,0.595959603786,0.0775115936995,0.197772547603,0.120260953903
0.970297038555,0.595959603786,0.0589837431908,0.197523161769,0.138539418578
0.980198025703,0.595959603786,0.0397329814732,0.197295337915,0.157562360168
0.990099012852,0.595959603786,0.019990677014,0.197087317705,0.177096635103
0.00990098994225,0.606060624123,-0.00227781012654,0.237506881356,0.239784687757
0.0198019798845,0.606060624123,-0.00455335667357,0.238360315561,0.242913678288
0.0297029688954,0.606060624123,-0.00682436535135,0.239217281342,0.246041640639
0.039603959769,0.606060624123,-0.00908854603767,0.240076348186,0.249164894223
0.0495049506426,0.606060624123,-0.0113435881212,0.240936174989,0.252279758453
0.0594059377909,0.606060624123,-0.0135871367529,0.241795226932,0.255382359028
0.0693069323897,0.606060624123,-0.0158168040216,0.242651805282,0.258468598127
0.079207919538,0.606060624123,-0.0180301535875,0.243504434824,0.26153460145
0.0891089066863,0.606060624123,-0.0202246680856,0.244351312518,0.264575988054
0.0990099012852,0.606060624123,-0.0223977938294,0.245190888643,0.267588675022
0.108910888433,0.606060624123,-0.0245468672365,0.246020779014,0.270567655563
0.118811875582,0.606060624123,-0.0266691558063,0.246839433908,0.273508578539
0.12871286273,0.606060624123,-0.0287618208677,0.247644454241,0.276406288147
0.138613864779,0.606060624123,-0.0308219306171,0.248433709145,0.279255628586
0.148514851928,0.606060624123,-0.0328464023769,0.249205365777,0.282051771879
0.158415839076,0.606060624123,-0.0348320715129,0.249956563115,0.284788638353
0.168316826224,0.606060624123,-0.0367755889893,0.250685125589,0.287460714579
0.178217813373,0.606060624123,-0.0386734865606,0.251388698816,0.290062189102
0.188118815422,0.606060624123,-0.0405221283436,0.252064287663,0.292586416006
0.19801980257,0.606060624123,-0.0423177108169,0.252709776163,0.295027494431
0.207920789719,0.606060624123,-0.0440562181175,0.253322154284,0.297378361225
0.217821776867,0.606060624123,-0.0457334779203,0.253898918629,0.299632400274
0.227722764015,0.606060624123,-0.047345045954,0.254437118769,0.301782160997
0.237623751163,0.606060624123,-0.0488863512874,0.254933893681,0.303820252419
0.247524753213,0.606060624123,-0.0503524839878,0.255386859179,0.305739343166
0.25742572546,0.606060624123,-0.0517383702099,0.255792766809,0.307531148195
0.267326742411,0.606060624123,-0.0530386306345,0.25614926219,0.309187889099
0.277227729559,0.606060624123,-0.0542476139963,0.256453096867,0.310700714588
0.287128716707,0.606060624123,-0.0553594231606,0.256701946259,0.312061369419
0.297029703856,0.606060624123,-0.0563677735627,0.256893187761,0.3132609725
0.306930691004,0.606060624123,-0.0572661571205,0.257024228573,0.314290374517
0.316831678152,0.606060624123,-0.0580476820469,0.257092803717,0.315140485764
0.3267326653,0.606060624123,-0.0587051957846,0.257096529007,0.315801739693
0.336633652449,0.606060624123,-0.0592310912907,0.257033586502,0.316264688969
0.346534639597,0.606060624123,-0.0596175268292,0.256902009249,0.316519528627
0.356435626745,0.606060624123,-0.0598562285304,0.256700158119,0.3165563941
0.366336613894,0.606060624123,-0.059938557446,0.256426841021,0.316365391016
0.376237630844,0.606060624123,-0.0598555095494,0.256080895662,0.315936416388
0.386138617992,0.606060624123,-0.0595977790654,0.255661487579,0.315259277821
0.396039605141,0.606060624123,-0.0591555982828,0.255168288946,0.31432390213
0.405940592289,0.606060624123,-0.0585189275444,0.254601180553,0.313120096922
0.415841579437,0.606060624123,-0.0576773546636,0.253960549831,0.31163790822
0.425742566586,0.606060624123,-0.0566201359034,0.253246963024,0.309867084026
0.435643553734,0.606060624123,-0.0553362481296,0.252461522818,0.307797759771
0.445544540882,0.606060624123,-0.0538144223392,0.251605540514,0.305419951677
0.45544552803,0.606060624123,-0.0520431101322,0.250681072474,0.302724182606
0.465346515179,0.606060624123,-0.0500107370317,0.249690249562,0.299700975418
0.475247502327,0.606060624123,-0.0477054677904,0.248635753989,0.296341210604
0.485148519278,0.606060624123,-0.0451156049967,0.247520655394,0.292636275291
0.495049506426,0.606060624123,-0.0422293916345,0.246348127723,0.288577526808
0.504950523376,0.606060624123,-0.0390353761613,0.245122134686,0.284157514572
0.51485145092,0.606060624123,-0.0355224087834,0.243846490979,0.279368907213
0.524752497673,0.606060624123,-0.0316797345877,0.242525696754,0.274205446243
0.534653484821,0.606060624123,-0.0274973474443,0.241164043546,0.268661379814
0.54455447197,0.606060624123,-0.0229660943151,0.239766478539,0.262732565403
0.554455459118,0.606060624123,-0.0180777981877,0.238337978721,0.256415784359
0.564356446266,0.606060624123,-0.0128257740289,0.236883372068,0.249709144235
0.574257433414,0.606060624123,-0.00720479525626,0.235407814384,0.242612615228
0.584158420563,0.606060624123,-0.00121174240485,0.233916565776,0.235128313303
0.594059407711,0.606060624123,0.0051543014124,0.232414767146,0.22726047039
0.603960394859,0.606060624123,0.0118915401399,0.230907335877,0.219015792012
0.613861382008,0.606060624123,0.0189950671047,0.229399502277,0.210404440761
0.623762369156,0.606060624123,0.0264563877136,0.227895930409,0.201439544559
0.633663415909,0.606060624123,0.0342630632222,0.226401463151,0.192138403654
0.643564343452,0.606060624123,0.0423978418112,0.224920377135,0.182522535324
0.653465390205,0.606060624123,0.0508388914168,0.223457202315,0.172618314624
0.663366317749,0.606060624123,0.0595581941307,0.222015783191,0.162457585335
0.673267364502,0.606060624123,0.0685221478343,0.220599889755,0.15207773447
0.683168292046,0.606060624123,0.0776900276542,0.219212964177,0.141522943974
0.693069338799,0.606060624123,0.0870143324137,0.217858150601,0.130843818188
0.702970266342,0.606060624123,0.0964396372437,0.216538235545,0.120098598301
0.712871313095,0.606060624123,0.105903103948,0.2152556777,0.109352573752
0.722772240639,0.606060624123,0.115333124995,0.214012816548,0.0986796915531
0.732673287392,0.606060624123,0.124650217593,0.212811440229,0.0881612226367
0.74257427454,0.606060624123,0.133766338229,0.211653068662,0.0778867304325
0.752475261688,0.606060624123,0.142585486174,0.210538849235,0.067953363061
0.762376248837,0.606060624123,0.151003941894,0.20946995914,0.0584660172462
0.772277235985,0.606060624123,0.158911213279,0.208447083831,0.0495358705521
0.782178223133,0.606060624123,0.166190817952,0.207470446825,0.0412796288729
0.792079210281,0.606060624123,0.172721385956,0.206540256739,0.0338188707829
0.80198019743,0.606060624123,0.178379163146,0.205656513572,0.0272773504257
0.811881184578,0.606060624123,0.183038696647,0.204818844795,0.0217801481485
0.821782171726,0.606060624123,0.186576515436,0.204026848078,0.0174503326416
0.831683158875,0.606060624123,0.188872545958,0.203279882669,0.0144073367119
0.841584146023,0.606060624123,0.189814031124,0.202576994896,0.0127629637718
0.851485133171,0.606060624123,0.189297765493,0.201917171478,0.0126194059849
0.861386120319,0.606060624123,0.187234193087,0.201299250126,0.0140650570393
0.871287107468,0.606060624123,0.18354998529,0.200722187757,0.0171722024679
0.881188154221,0.606060624123,0.178191944957,0.200184553862,0.0219926089048
0.891089081764,0.606060624123,0.171129450202,0.199684903026,0.0285554528236
0.900990128517,0.606060624123,0.162357419729,0.199221521616,0.0368641018867
0.910891115665,0.606060624123,0.15189884603,0.198793038726,0.0468941926956
0.920792102814,0.606060624123,0.139805659652,0.19839797914,0.0585923194885
0.930693089962,0.606060624123,0.126160264015,0.198034420609,0.0718741565943
0.94059407711,0.606060624123,0.111075237393,0.197700813413,0.0866255760193
0.950495064259,0.606060624123,0.0946919769049,0.197395443916,0.102703467011
0.960396051407,0.606060624123,0.077179916203,0.197116568685,0.119936652482
0.970297038555,0.606060624123,0.0587325543165,0.196862518787,0.138129964471
0.980198025703,0.606060624123,0.0395643524826,0.19663156569,0.157067209482
0.990099012852,0.606060624123,0.0199060086161,0.196422025561,0.176516011357
0.00990098994225,0.616161584854,-0.00226760818623,0.23743031919,0.239697933197
0.0198019798845,0.616161584854,-0.00453297514468,0.238287463784,0.242820441723
0.0297029688954,0.616161584854,-0.00679385010153,0.239148572087,0.245942428708
0.039603959769,0.616161584854,-0.00904796365649,0.240012913942,0.249060884118
0.0495049506426,0.616161584854,-0.0112930340692,0.240878507495,0.252171546221
0.0594059377909,0.616161584854,-0.0135267246515,0.241744339466,0.255271077156
0.0693069323897,0.616161584854,-0.0157466679811,0.242608308792,0.258354961872
0.079207919538,0.616161584854,-0.0179504584521,0.243469506502,0.261419951916
0.0891089066863,0.616161584854,-0.0201355926692,0.244325771928,0.264461368322
0.0990099012852,0.616161584854,-0.0222995560616,0.245175346732,0.267474889755
0.108910888433,0.616161584854,-0.0244396943599,0.246016442776,0.270456135273
0.118811875582,0.616161584854,-0.0265533085912,0.246846973896,0.273400276899
0.12871286273,0.616161584854,-0.0286375824362,0.247664928436,0.27630251646
0.138613864779,0.616161584854,-0.0306896083057,0.248468145728,0.279157757759
0.148514851928,0.616161584854,-0.0327063277364,0.249254286289,0.281960606575
0.158415839076,0.616161584854,-0.0346846096218,0.250021100044,0.28470569849
0.168316826224,0.616161584854,-0.0366211347282,0.250765949488,0.28738707304
0.178217813373,0.616161584854,-0.0385124459863,0.251486748457,0.289999186993
0.188118815422,0.616161584854,-0.0403549522161,0.252180635929,0.292535603046
0.19801980257,0.616161584854,-0.0421448759735,0.252845048904,0.294989913702
0.207920789719,0.616161584854,-0.0438782088459,0.253477245569,0.297355443239
0.217821776867,0.616161584854,-0.0455508343875,0.254074513912,0.299625337124
0.227722764015,0.616161584854,-0.0471583418548,0.254633963108,0.301792293787
0.237623751163,0.616161584854,-0.0486961640418,0.255152761936,0.303848922253
0.247524753213,0.616161584854,-0.0501594506204,0.255628228188,0.305787682533
0.25742572546,0.616161584854,-0.051543135196,0.256057232618,0.30760037899
0.267326742411,0.616161584854,-0.0528418794274,0.256437093019,0.309278964996
0.277227729559,0.616161584854,-0.0540500916541,0.256764918566,0.310815006495
0.287128716707,0.616161584854,-0.0551618672907,0.257038027048,0.312199890614
0.297029703856,0.616161584854,-0.0561709776521,0.25725376606,0.313424736261
0.306930691004,0.616161584854,-0.0570709593594,0.257409214973,0.314480185509
0.316831678152,0.616161584854,-0.0578549318016,0.257502406836,0.315357327461
0.3267326653,0.616161584854,-0.0585157983005,0.25753057003,0.316046357155
0.336633652449,0.616161584854,-0.0590459816158,0.257491618395,0.316537588835
0.346534639597,0.616161584854,-0.0594376660883,0.257383793592,0.316821455956
0.356435626745,0.616161584854,-0.0596826225519,0.257205247879,0.31688785553
0.366336613894,0.616161584854,-0.0597722567618,0.256954193115,0.316726446152
0.376237630844,0.616161584854,-0.059697587043,0.256629824638,0.316327422857
0.386138617992,0.616161584854,-0.0594493411481,0.256231039762,0.315680384636
0.396039605141,0.616161584854,-0.0590177960694,0.255757182837,0.314774990082
0.405940592289,0.616161584854,-0.0583929307759,0.255208194256,0.313601136208
0.415841579437,0.616161584854,-0.0575643852353,0.254583895206,0.312148272991
0.425742566586,0.616161584854,-0.056521423161,0.253885060549,0.310406476259
0.435643553734,0.616161584854,-0.0552530661225,0.253112524748,0.30836558342
0.445544540882,0.616161584854,-0.0537480674684,0.252267479897,0.30601555109
0.45544552803,0.616161584854,-0.051994908601,0.251351743937,0.303346663713
0.465346515179,0.616161584854,-0.0499820224941,0.250367343426,0.300349354744
0.475247502327,0.616161584854,-0.0476975999773,0.249316766858,0.297014355659
0.485148519278,0.616161584854,-0.0451299287379,0.248202964664,0.293332904577
0.495049506426,0.616161584854,-0.0422673076391,0.247029304504,0.289296627045
0.504950523376,0.616161584854,-0.0390982441604,0.24579924345,0.284897476435
0.51485145092,0.616161584854,-0.0356116071343,0.244516834617,0.280128449202
0.524752497673,0.616161584854,-0.0317966155708,0.243186295033,0.274982899427
0.534653484821,0.616161584854,-0.0276432558894,0.241812184453,0.269455432892
0.54455447197,0.616161584854,-0.0231423359364,0.240399315953,0.263541638851
0.554455459118,0.616161584854,-0.0182856358588,0.238952592015,0.25723823905
0.564356446266,0.616161584854,-0.013066438958,0.237476959825,0.250543385744
0.574257433414,0.616161584854,-0.00747944042087,0.2359777987,0.243457242846
0.584158420563,0.616161584854,-0.00152145081665,0.234460249543,0.235981702805
0.594059407711,0.616161584854,0.00480853021145,0.232929617167,0.228121086955
0.603960394859,0.616161584854,0.0115088149905,0.231391131878,0.219882309437
0.613861382008,0.616161584854,0.0185746140778,0.229849904776,0.211275294423
0.623762369156,0.616161584854,0.0259975660592,0.228310972452,0.202313408256
0.633663415909,0.616161584854,0.0337653793395,0.226779326797,0.193013951182
0.643564343452,0.616161584854,0.0418610014021,0.225259408355,0.183398410678
0.653465390205,0.616161584854,0.050262760371,0.223755955696,0.1734931916
0.663366317749,0.616161584854,0.0589428655803,0.222273156047,0.163330286741
0.673267364502,0.616161584854,0.0678679347038,0.220814779401,0.152946844697
0.683168292046,0.616161584854,0.0769975110888,0.21938470006,0.14238718152
0.693069338799,0.616161584854,0.0862843394279,0.217986091971,0.131701752543
0.702970266342,0.616161584854,0.0956733077765,0.216622173786,0.12094886601
0.712871313095,0.616161584854,0.10510186851,0.2152954638,0.11019359529
0.722772240639,0.616161584854,0.114498756826,0.214008614421,0.099509857595
0.732673287392,0.616161584854,0.123784832656,0.212763473392,0.0889786407351
0.74257427454,0.616161584854,0.132872372866,0.21156193316,0.0786895602942
0.752475261688,0.616161584854,0.141665786505,0.210405364633,0.0687395781279
0.762376248837,0.616161584854,0.150061666965,0.209294810891,0.0592331439257
0.772277235985,0.616161584854,0.15794993937,0.208231315017,0.0502813756466
0.782178223133,0.616161584854,0.165214434266,0.207215294242,0.0420008599758
0.792079210281,0.616161584854,0.171734169126,0.206246972084,0.0345128029585
0.80198019743,0.616161584854,0.177385777235,0.205326676369,0.0279408991337
0.811881184578,0.616161584854,0.182044073939,0.204453960061,0.0224098861217
0.821782171726,0.616161584854,0.185585811734,0.203628525138,0.0180427134037
0.831683158875,0.616161584854,0.187891364098,0.202849552035,0.0149581879377
0.841584146023,0.616161584854,0.188848033547,0.202116712928,0.0132686793804
0.851485133171,0.616161584854,0.18835285306,0.201428711414,0.0130758583546
0.861386120319,0.616161584854,0.186316400766,0.200784564018,0.0144681632519
0.871287107468,0.616161584854,0.182665348053,0.200183182955,0.0175178349018
0.881188154221,0.616161584854,0.177346557379,0.199622988701,0.0222764313221
0.891089081764,0.616161584854,0.170329302549,0.199102684855,0.0287733823061
0.900990128517,0.616161584854,0.16160838306,0.198620736599,0.0370123535395
0.910891115665,0.616161584854,0.15120652318,0.198175579309,0.0469690561295
0.920792102814,0.616161584854,0.139175370336,0.197765544057,0.0585901737213
0.930693089962,0.616161584854,0.125596985221,0.197389140725,0.0717921555042
0.94059407711,0.616161584854,0.11058344692,0.197044551373,0.0864611044526
0.950495064259,0.616161584854,0.0942757278681,0.19672973454,0.102454006672
0.960396051407,0.616161584854,0.0768426284194,0.196443542838,0.119600914419
0.970297038555,0.616161584854,0.0584770590067,0.196183741093,0.137706682086
0.980198025703,0.616161584854,0.0393928028643,0.195948779583,0.156555980444
0.990099012852,0.616161584854,0.0198198668659,0.195736780763,0.175916910172
0.00990098994225,0.626262664795,-0.00225725444034,0.237347021699,0.239604279399
0.0198019798845,0.626262664795,-0.0045122904703,0.238207086921,0.242719382048
0.0297029688954,0.626262664795,-0.00676287990063,0.239072188735,0.245835065842
0.039603959769,0.626262664795,-0.0090067749843,0.239940717816,0.248947486281
0.0495049506426,0.626262664795,-0.0112417181954,0.240811794996,0.252053499222
0.0594059377909,0.626262664795,-0.0134653905407,0.241683572531,0.255148977041
0.0693069323897,0.626262664795,-0.0156754590571,0.242554619908,0.258230090141
0.079207919538,0.626262664795,-0.017869528383,0.243423357606,0.261292874813
0.0891089066863,0.626262664795,-0.0200451314449,0.244288250804,0.264333367348
0.0990099012852,0.626262664795,-0.0221997648478,0.24514721334,0.267346978188
0.108910888433,0.626262664795,-0.0243308041245,0.245998486876,0.270329296589
0.118811875582,0.626262664795,-0.0264355819672,0.246840268373,0.273275852203
0.12871286273,0.626262664795,-0.0285112950951,0.247670128942,0.276181429625
0.138613864779,0.626262664795,-0.0305550657213,0.248486295342,0.279041349888
0.148514851928,0.626262664795,-0.0325638651848,0.249286279082,0.281850159168
0.158415839076,0.626262664795,-0.0345345847309,0.250067591667,0.284602165222
0.168316826224,0.626262664795,-0.0364639237523,0.250828295946,0.287292212248
0.178217813373,0.626262664795,-0.0383484698832,0.251565366983,0.289913833141
0.188118815422,0.626262664795,-0.0401846542954,0.252276450396,0.29246109724
0.19801980257,0.626262664795,-0.0419687144458,0.252958923578,0.294927626848
0.207920789719,0.626262664795,-0.0436966903508,0.25361007452,0.297306776047
0.217821776867,0.626262664795,-0.0453644879162,0.254226922989,0.299591422081
0.227722764015,0.626262664795,-0.0469677224755,0.254806816578,0.301774531603
0.237623751163,0.626262664795,-0.0485018603504,0.25534671545,0.303848564625
0.247524753213,0.626262664795,-0.0499620735645,0.255843788385,0.30580586195
0.25742572546,0.626262664795,-0.0513433553278,0.256295114756,0.307638466358
0.267326742411,0.626262664795,-0.0526403822005,0.256697773933,0.309338152409
0.277227729559,0.626262664795,-0.0538475885987,0.257048934698,0.310896515846
0.287128716707,0.626262664795,-0.054959114641,0.257345527411,0.312304645777
0.297029703856,0.626262664795,-0.0559687688947,0.257585048676,0.31355381012
0.306930691004,0.626262664795,-0.0568701066077,0.25776463747,0.314634740353
0.316831678152,0.626262664795,-0.0576563067734,0.257881820202,0.315538138151
0.3267326653,0.626262664795,-0.0583202876151,0.257933884859,0.316254168749
0.336633652449,0.626262664795,-0.0588545314968,0.257918834686,0.316773355007
0.346534639597,0.626262664795,-0.0592512264848,0.257834583521,0.317085802555
0.356435626745,0.626262664795,-0.0595021992922,0.257678836584,0.317181050777
0.366336613894,0.626262664795,-0.0595989003778,0.257450461388,0.317049354315
0.376237630844,0.626262664795,-0.0595323704183,0.257147669792,0.316680043936
0.386138617992,0.626262664795,-0.0592933818698,0.25676959753,0.316062986851
0.396039605141,0.626262664795,-0.058872230351,0.256315469742,0.315187692642
0.405940592289,0.626262664795,-0.0582589618862,0.255784839392,0.314043790102
0.415841579437,0.626262664795,-0.0574432089925,0.255177736282,0.312620937824
0.425742566586,0.626262664795,-0.0564142987132,0.254494428635,0.310908734798
0.435643553734,0.626262664795,-0.055161267519,0.253735482693,0.308896750212
0.445544540882,0.626262664795,-0.0536728985608,0.252902299166,0.306575208902
0.45544552803,0.626262664795,-0.0519376955926,0.251996278763,0.303933978081
0.465346515179,0.626262664795,-0.0499441176653,0.25101941824,0.300963521004
0.475247502327,0.626262664795,-0.0476803705096,0.24997407198,0.29765444994
0.485148519278,0.626262664795,-0.0451347641647,0.248863041401,0.29399779439
0.495049506426,0.626262664795,-0.0422955937684,0.247689470649,0.289985060692
0.504950523376,0.626262664795,-0.0391513817012,0.246456950903,0.285608321428
0.51485145092,0.626262664795,-0.0356909781694,0.245169311762,0.280860304832
0.524752497673,0.626262664795,-0.0319036245346,0.243830859661,0.275734484196
0.534653484821,0.626262664795,-0.0277792550623,0.242445886135,0.270225137472
0.54455447197,0.626262664795,-0.0233086589724,0.241019308567,0.264327973127
0.554455459118,0.626262664795,-0.0184836015105,0.239555984735,0.258039593697
0.564356446266,0.626262664795,-0.0132972933352,0.238061070442,0.251358360052
0.574257433414,0.626262664795,-0.00774438353255,0.236539781094,0.244284167886
0.584158420563,0.626262664795,-0.00182161177509,0.234997600317,0.236819207668
0.594059407711,0.626262664795,0.00447211181745,0.233439698815,0.22896759212
0.603960394859,0.626262664795,0.0111351972446,0.231871470809,0.220736280084
0.613861382008,0.626262664795,0.0181629676372,0.230298250914,0.212135285139
0.623762369156,0.626262664795,0.0255472101271,0.228725224733,0.203178018332
0.633663415909,0.626262664795,0.0332757681608,0.227157473564,0.193881705403
0.643564343452,0.626262664795,0.04133175686,0.225599855185,0.18426810205
0.653465390205,0.626262664795,0.0496937073767,0.224057048559,0.174363344908
0.663366317749,0.626262664795,0.0583340451121,0.222533464432,0.164199411869
0.673267364502,0.626262664795,0.0672195926309,0.221033319831,0.153813719749
0.683168292046,0.626262664795,0.0763101652265,0.219560548663,0.143250375986
0.693069338799,0.626262664795,0.0855587795377,0.218118607998,0.132559835911
0.702970266342,0.626262664795,0.0949106067419,0.216710686684,0.121800079942
0.712871313095,0.626262664795,0.104303441942,0.215340033174,0.111036591232
0.722772240639,0.626262664795,0.113666288555,0.214009150863,0.100342862308
0.732673287392,0.626262664795,0.122920393944,0.21272008121,0.0897996872663
0.74257427454,0.626262664795,0.131978392601,0.211475029588,0.0794966369867
0.752475261688,0.626262664795,0.140745058656,0.21027559042,0.069530531764
0.762376248837,0.626262664795,0.149117335677,0.209122985601,0.0600056499243
0.772277235985,0.626262664795,0.15698556602,0.208018258214,0.051032692194
0.782178223133,0.626262664795,0.164233967662,0.206962093711,0.042728126049
0.792079210281,0.626262664795,0.170741915703,0.205954968929,0.0352130532265
0.80198019743,0.626262664795,0.176386341453,0.204997122288,0.0286107808352
0.811881184578,0.626262664795,0.18104249239,0.204088300467,0.0230458080769
0.821782171726,0.626262664795,0.184587389231,0.203228294849,0.0186409056187
0.831683158875,0.626262664795,0.186901643872,0.202416822314,0.015515178442
0.841584146023,0.626262664795,0.187872901559,0.201652720571,0.0137798190117
0.851485133171,0.626262664795,0.187398299575,0.20093549788,0.0135371983051
0.861386120319,0.626262664795,0.18538852036,0.200263902545,0.014875382185
0.871287107468,0.626262664795,0.181770399213,0.199636876583,0.0178664773703
0.881188154221,0.626262664795,0.176490753889,0.199052914977,0.022562161088
0.891089081764,0.626262664795,0.16951879859,0.198510885239,0.0289920866489
0.900990128517,0.626262664795,0.160849168897,0.198009207845,0.0371600389481
0.910891115665,0.626262664795,0.150504425168,0.197546258569,0.0470418334007
0.920792102814,0.626262664795,0.138535872102,0.197120293975,0.0585844218731
0.930693089962,0.626262664795,0.125025212765,0.196729794145,0.0717045813799
0.94059407711,0.626262664795,0.110084109008,0.196372970939,0.0862888619304
0.950495064259,0.626262664795,0.0938529297709,0.196048080921,0.10219515115
0.960396051407,0.626262664795,0.076499953866,0.195753246546,0.11925329268
0.970297038555,0.626262664795,0.058217421174,0.195486813784,0.13726939261
0.980198025703,0.626262664795,0.0392184555531,0.19524691999,0.156028464437
0.990099012852,0.626262664795,0.0197323095053,0.195031613111,0.175299301744
0.00990098994225,0.636363625526,-0.00224675610662,0.237257346511,0.239504098892
0.0198019798845,0.636363625526,-0.0044913161546,0.238119915128,0.24261122942
0.0297029688954,0.636363625526,-0.00673147337511,0.238988041878,0.245719522238
0.039603959769,0.636363625526,-0.00896500516683,0.23986056447,0.248825564981
0.0495049506426,0.636363625526,-0.0111896721646,0.2407361269,0.25192579627
0.0594059377909,0.636363625526,-0.0134031837806,0.24161337316,0.255016565323
0.0693069323897,0.636363625526,-0.0156032228842,0.242490783334,0.258094012737
0.079207919538,0.636363625526,-0.0177874229848,0.243366494775,0.261153906584
0.0891089066863,0.636363625526,-0.0199533384293,0.244238987565,0.264192312956
0.0990099012852,0.636363625526,-0.0220984891057,0.24510666728,0.267205148935
0.108910888433,0.636363625526,-0.0242202747613,0.245967447758,0.270187735558
0.118811875582,0.636363625526,-0.0263160504401,0.24681943655,0.273135483265
0.12871286273,0.636363625526,-0.0283830463886,0.247660666704,0.276043713093
0.138613864779,0.636363625526,-0.0304183922708,0.248488545418,0.278906941414
0.148514851928,0.636363625526,-0.0324191041291,0.249301552773,0.281720668077
0.158415839076,0.636363625526,-0.0343820899725,0.250096768141,0.284478843212
0.168316826224,0.636363625526,-0.0363040827215,0.25087210536,0.287176191807
0.178217813373,0.636363625526,-0.038181681186,0.251624763012,0.289806455374
0.188118815422,0.636363625526,-0.0400113575161,0.252352207899,0.292363554239
0.19801980257,0.636363625526,-0.0417893752456,0.253051847219,0.294841229916
0.207920789719,0.636363625526,-0.0435118079185,0.253720909357,0.297232717276
0.217821776867,0.636363625526,-0.0451745763421,0.254356533289,0.29953110218
0.227722764015,0.636363625526,-0.0467733442783,0.254955887794,0.301729232073
0.237623751163,0.636363625526,-0.048303604126,0.255515992641,0.303819596767
0.247524753213,0.636363625526,-0.0497605539858,0.256033837795,0.305794388056
0.25742572546,0.636363625526,-0.0511392280459,0.25650665164,0.307645887136
0.267326742411,0.636363625526,-0.052434310317,0.256931453943,0.309365749359
0.277227729559,0.636363625526,-0.0536403022707,0.257304906845,0.310945212841
0.287128716707,0.636363625526,-0.0547513701022,0.257624536753,0.31237590313
0.297029703856,0.636363625526,-0.0557613410056,0.25788718462,0.3136485219
0.306930691004,0.636363625526,-0.0566638186574,0.258090168238,0.314753979445
0.316831678152,0.636363625526,-0.057452019304,0.258230835199,0.315682858229
0.3267326653,0.636363625526,-0.0581188946962,0.258306652308,0.316425561905
0.336633652449,0.636363625526,-0.0586569495499,0.258314996958,0.316971957684
0.346534639597,0.636363625526,-0.0590584389865,0.258253872395,0.317312300205
0.356435626745,0.636363625526,-0.0593152046204,0.258121013641,0.317436218262
0.366336613894,0.636363625526,-0.059418734163,0.257914870977,0.317333608866
0.376237630844,0.636363625526,-0.0593601129949,0.257633924484,0.316994041204
0.386138617992,0.636363625526,-0.0591301620007,0.257276713848,0.316406875849
0.396039605141,0.636363625526,-0.0587191842496,0.256842523813,0.315561711788
0.405940592289,0.636363625526,-0.0581172704697,0.256330698729,0.314447969198
0.415841579437,0.636363625526,-0.0573141016066,0.255741149187,0.313055247068
0.425742566586,0.636363625526,-0.0562990307808,0.255073845387,0.311372876167
0.435643553734,0.636363625526,-0.0550611056387,0.254329353571,0.309390455484
0.445544540882,0.636363625526,-0.053589168936,0.253508746624,0.307097911835
0.45544552803,0.636363625526,-0.0518717467785,0.252613514662,0.30448526144
0.465346515179,0.636363625526,-0.0498972982168,0.251645386219,0.301542699337
0.475247502327,0.636363625526,-0.0476540662348,0.250606417656,0.298260480165
0.485148519278,0.636363625526,-0.0451303720474,0.24949939549,0.294629752636
0.495049506426,0.636363625526,-0.0423145256937,0.248327448964,0.290641963482
0.504950523376,0.636363625526,-0.0391950532794,0.247093886137,0.286288946867
0.51485145092,0.636363625526,-0.0357608087361,0.24580258131,0.281563401222
0.524752497673,0.636363625526,-0.0320010147989,0.244457647204,0.276458650827
0.534653484821,0.636363625526,-0.0279055964202,0.243063464761,0.270969063044
0.54455447197,0.636363625526,-0.0234653316438,0.241624832153,0.265090167522
0.554455459118,0.636363625526,-0.0186719316989,0.240146622062,0.258818566799
0.564356446266,0.636363625526,-0.0135185783729,0.238634139299,0.252152711153
0.574257433414,0.636363625526,-0.00799986068159,0.237092465162,0.245092332363
0.584158420563,0.636363625526,-0.00211244449019,0.235527127981,0.237639576197
0.594059407711,0.636363625526,0.00414483994246,0.233943492174,0.229798644781
0.603960394859,0.636363625526,0.0107704950497,0.232347086072,0.221576586366
0.613861382008,0.636363625526,0.0177599657327,0.230743303895,0.212983340025
0.623762369156,0.636363625526,0.0251051615924,0.229137554765,0.20403239131
0.633663415909,0.636363625526,0.0327940843999,0.227534919977,0.194740831852
0.643564343452,0.636363625526,0.0408100113273,0.225940600038,0.185130596161
0.653465390205,0.636363625526,0.0491316616535,0.224359408021,0.175227746367
0.663366317749,0.636363625526,0.0577316693962,0.222796022892,0.165064349771
0.673267364502,0.636363625526,0.0665770918131,0.221254780889,0.154677689075
0.683168292046,0.636363625526,0.0756280124187,0.219739824533,0.144111812115
0.693069338799,0.636363625526,0.0848376899958,0.218254938722,0.133417248726
0.702970266342,0.636363625526,0.0941516086459,0.21680366993,0.122652061284
0.712871313095,0.636363625526,0.103507854044,0.215389028192,0.111881174147
0.722772240639,0.636363625526,0.112835817039,0.214014053345,0.101178236306
0.732673287392,0.636363625526,0.122057035565,0.212681055069,0.0906240195036
0.74257427454,0.636363625526,0.131084546447,0.211392387748,0.080307841301
0.752475261688,0.636363625526,0.139823481441,0.210149586201,0.0703261047602
0.762376248837,0.636363625526,0.148171231151,0.208954423666,0.0607831925154
0.772277235985,0.636363625526,0.156018435955,0.20780788362,0.0517894476652
0.782178223133,0.636363625526,0.163249760866,0.206711038947,0.0434612780809
0.792079210281,0.636363625526,0.169744938612,0.205664291978,0.0359193533659
0.80198019743,0.636363625526,0.175381287932,0.204667970538,0.0292866826057
0.811881184578,0.636363625526,0.180034399033,0.203722268343,0.0236878693104
0.821782171726,0.636363625526,0.183581680059,0.202826827765,0.0192451477051
0.831683158875,0.636363625526,0.185903936625,0.201981380582,0.0160774439573
0.841584146023,0.636363625526,0.186889111996,0.201185211539,0.0142960995436
0.851485133171,0.636363625526,0.186434552073,0.200437530875,0.0140029788017
0.861386120319,0.636363625526,0.184451073408,0.199737355113,0.0152862817049
0.871287107468,0.636363625526,0.180865630507,0.199083596468,0.0182179659605
0.881188154221,0.636363625526,0.175625026226,0.198474913836,0.0228498876095
0.891089081764,0.636363625526,0.168698430061,0.197910010815,0.0292115807533
0.900990128517,0.636363625526,0.160080298781,0.197387188673,0.0373068898916
0.910891115665,0.636363625526,0.149793058634,0.196905121207,0.0471120625734
0.920792102814,0.636363625526,0.137887641788,0.196462213993,0.0585745722055
0.930693089962,0.636363625526,0.124445408583,0.196056544781,0.071611136198
0.94059407711,0.636363625526,0.109577529132,0.195686489344,0.0861089602113
0.950495064259,0.636363625526,0.0934238880873,0.195350170135,0.101926282048
0.960396051407,0.636363625526,0.0761521160603,0.195045724511,0.118893608451
0.970297038555,0.636363625526,0.0579538308084,0.194771528244,0.13681769371
0.980198025703,0.636363625526,0.0390414223075,0.194525673985,0.155484259129
0.990099012852,0.636363625526,0.0196434017271,0.194306209683,0.174662813544
0.00990098994225,0.646464645863,-0.00223611993715,0.237161412835,0.239397525787
0.0198019798845,0.646464645863,-0.00447006570175,0.238025903702,0.242495968938
0.0297029688954,0.646464645863,-0.00669965380803,0.238896727562,0.245596379042
0.039603959769,0.646464645863,-0.00892268121243,0.239772573113,0.248695254326
0.0495049506426,0.646464645863,-0.0111369313672,0.24065220356,0.25178912282
0.0594059377909,0.646464645863,-0.0133401416242,0.241534173489,0.254874318838
0.0693069323897,0.646464645863,-0.015530012548,0.242416933179,0.257946938276
0.079207919538,0.646464645863,-0.0177041981369,0.243298888206,0.26100307703
0.0891089066863,0.646464645863,-0.019860278815,0.244178473949,0.264038741589
0.0990099012852,0.646464645863,-0.0219957977533,0.245053946972,0.267049729824
0.108910888433,0.646464645863,-0.0241081807762,0.245923563838,0.270031750202
0.118811875582,0.646464645863,-0.0261948034167,0.246784955263,0.27297976613
0.12871286273,0.646464645863,-0.0282529164106,0.247636497021,0.27588942647
0.138613864779,0.646464645863,-0.0302796922624,0.248475730419,0.278755426407
0.148514851928,0.646464645863,-0.032272156328,0.249300792813,0.281572937965
0.158415839076,0.646464645863,-0.034227244556,0.250108808279,0.284336060286
0.168316826224,0.646464645863,-0.0361417196691,0.250897884369,0.287039607763
0.178217813373,0.646464645863,-0.0380122028291,0.251665025949,0.289677232504
0.188118815422,0.646464645863,-0.0398351959884,0.25240790844,0.292243093252
0.19801980257,0.646464645863,-0.0416069999337,0.253123909235,0.294730901718
0.207920789719,0.646464645863,-0.0433237068355,0.253810048103,0.297133743763
0.217821776867,0.646464645863,-0.0449812784791,0.254463553429,0.299444824457
0.227722764015,0.646464645863,-0.0465753823519,0.255081474781,0.301656842232
0.237623751163,0.646464645863,-0.0481015667319,0.255660772324,0.303762346506
0.247524753213,0.646464645863,-0.0495550595224,0.256198704243,0.30575376749
0.25742572546,0.646464645863,-0.0509309135377,0.256692051888,0.307622969151
0.267326742411,0.646464645863,-0.0522238723934,0.257137924433,0.30936178565
0.277227729559,0.646464645863,-0.0534284412861,0.257533222437,0.310961663723
0.287128716707,0.646464645863,-0.0545388236642,0.257874965668,0.312413781881
0.297029703856,0.646464645863,-0.0555489063263,0.258160144091,0.313709050417
0.306930691004,0.646464645863,-0.0564523153007,0.25838586688,0.314838171005
0.316831678152,0.646464645863,-0.0572422891855,0.25854948163,0.315791785717
0.3267326653,0.646464645863,-0.0579118356109,0.258648365736,0.316560208797
0.336633652449,0.646464645863,-0.058453489095,0.258679747581,0.317133247852
0.346534639597,0.646464645863,-0.0588595457375,0.258641451597,0.317501008511
0.356435626745,0.646464645863,-0.0591218806803,0.258531212807,0.317653089762
0.366336613894,0.646464645863,-0.0592320114374,0.258347332478,0.317579329014
0.376237630844,0.646464645863,-0.059181086719,0.258087962866,0.317269057035
0.386138617992,0.646464645863,-0.0589599236846,0.257751792669,0.316711723804
0.396039605141,0.646464645863,-0.0585589036345,0.257337659597,0.315896570683
0.405940592289,0.646464645863,-0.0579681359231,0.256844937801,0.31481307745
0.415841579437,0.646464645863,-0.0571773387492,0.256273299456,0.31345063448
0.425742566586,0.646464645863,-0.0561758875847,0.255622684956,0.31179857254
0.435643553734,0.646464645863,-0.0549528896809,0.254893302917,0.309846192598
0.445544540882,0.646464645863,-0.0534971877933,0.254086226225,0.307583421469
0.45544552803,0.646464645863,-0.0517973452806,0.253202617168,0.304999947548
0.465346515179,0.646464645863,-0.0498418584466,0.252244025469,0.302085876465
0.475247502327,0.646464645863,-0.0476189777255,0.251212596893,0.298831582069
0.485148519278,0.646464645863,-0.0451170504093,0.250110954046,0.295228004456
0.495049506426,0.646464645863,-0.0423243939877,0.248941868544,0.291266262531
0.504950523376,0.646464645863,-0.0392295569181,0.247708693147,0.286938250065
0.51485145092,0.646464645863,-0.0358213707805,0.246415168047,0.282236546278
0.524752497673,0.646464645863,-0.032089073211,0.24506534636,0.277154415846
0.534653484821,0.646464645863,-0.0280225723982,0.243663579226,0.271686136723
0.54455447197,0.646464645863,-0.0236126221716,0.242214664817,0.265827298164
0.554455459118,0.646464645863,-0.0188509002328,0.240723267198,0.259574174881
0.564356446266,0.646464645863,-0.0137305473909,0.239194706082,0.252925246954
0.574257433414,0.646464645863,-0.00824610609561,0.237634316087,0.245880424976
0.584158420563,0.646464645863,-0.00239417422563,0.236047461629,0.238441631198
0.594059407711,0.646464645863,0.00382649898529,0.234439775348,0.230613276362
0.603960394859,0.646464645863,0.0104145146906,0.23281674087,0.222402229905
0.613861382008,0.646464645863,0.0173654220998,0.231183886528,0.213818460703
0.623762369156,0.646464645863,0.0246712639928,0.229546710849,0.204875439405
0.633663415909,0.646464645863,0.0323201864958,0.227910533547,0.195590347052
0.643564343452,0.646464645863,0.0402956344187,0.226280659437,0.185985028744
0.653465390205,0.646464645863,0.048576515168,0.22466224432,0.176085725427
0.663366317749,0.646464645863,0.0571356788278,0.223059907556,0.165924221277
0.673267364502,0.646464645863,0.0659404098988,0.221478462219,0.15553805232
0.683168292046,0.646464645863,0.0749510154128,0.21992200613,0.144970983267
0.693069338799,0.646464645863,0.0841210708022,0.218394801021,0.134273737669
0.702970266342,0.646464645863,0.0933963507414,0.216900229454,0.123503878713
0.712871313095,0.646464645863,0.102715216577,0.215442121029,0.112726904452
0.722772240639,0.646464645863,0.112007461488,0.214023172855,0.102015711367
0.732673287392,0.646464645863,0.121194936335,0.212646201253,0.0914512649179
0.74257427454,0.646464645863,0.13019105792,0.211313560605,0.0811225026846
0.752475261688,0.646464645863,0.138901382685,0.210027262568,0.0711258798838
0.762376248837,0.646464645863,0.147223591805,0.208789154887,0.0615655630827
0.772277235985,0.646464645863,0.155048847198,0.207600444555,0.0525515973568
0.782178223133,0.646464645863,0.162262126803,0.206462070346,0.0441999435425
0.792079210281,0.646464645863,0.168743625283,0.205375060439,0.0366314351559
0.80198019743,0.646464645863,0.174371033907,0.204339519143,0.0299684852362
0.811881184578,0.646464645863,0.179020300508,0.203356057405,0.0243357568979
0.821782171726,0.646464645863,0.182569101453,0.202424272895,0.019855171442
0.831683158875,0.646464645863,0.184898659587,0.20154389739,0.0166452378035
0.841584146023,0.646464645863,0.185897141695,0.200714498758,0.0148173570633
0.851485133171,0.646464645863,0.185462132096,0.199935302138,0.014473170042
0.861386120319,0.646464645863,0.183504596353,0.199205487967,0.015700891614
0.871287107468,0.646464645863,0.179951563478,0.198523640633,0.0185720771551
0.881188154221,0.646464645863,0.174749866128,0.197889000177,0.0231391340494
0.891089081764,0.646464645863,0.167868629098,0.197299972177,0.0294313430786
0.900990128517,0.646464645863,0.159302264452,0.196755066514,0.037452802062
0.910891115665,0.646464645863,0.149072825909,0.196252733469,0.0471799075603
0.920792102814,0.646464645863,0.137231066823,0.195791602135,0.0585605353117
0.930693089962,0.646464645863,0.123857915401,0.195369422436,0.0715115070343
0.94059407711,0.646464645863,0.109064072371,0.194984734058,0.0859206616879
0.950495064259,0.646464645863,0.0929888859391,0.194636031985,0.101647146046
0.960396051407,0.646464645863,0.0757993832231,0.194321095943,0.11852171272
0.970297038555,0.646464645863,0.0576864816248,0.194038107991,0.136351630092
0.980198025703,0.646464645863,0.0388618297875,0.193785086274,0.154923260212
0.990099012852,0.646464645863,0.0195531994104,0.193560451269,0.174007251859
0.00990098994225,0.656565666199,-0.00222535105422,0.237059891224,0.239285245538
0.0198019798845,0.656565666199,-0.00444854982197,0.237925678492,0.242374226451
0.0297029688954,0.656565666199,-0.00666743470356,0.23879852891,0.245465964079
0.039603959769,0.656565666199,-0.00887982547283,0.239677026868,0.248556852341
0.0495049506426,0.656565666199,-0.0110835274681,0.240559875965,0.251643389463
0.0594059377909,0.656565666199,-0.0132762966678,0.241445943713,0.254722237587
0.0693069323897,0.656565666199,-0.0154558587819,0.242333546281,0.2577894032
0.079207919538,0.656565666199,-0.0176198948175,0.243221208453,0.260841101408
0.0891089066863,0.656565666199,-0.0197660010308,0.244107052684,0.263873040676
0.0990099012852,0.656565666199,-0.0218917448074,0.244989708066,0.266881465912
0.108910888433,0.656565666199,-0.0239945836365,0.245867013931,0.269861608744
0.118811875582,0.656565666199,-0.0260719042271,0.246737226844,0.272809118032
0.12871286273,0.656565666199,-0.0281209964305,0.247598275542,0.275719285011
0.138613864779,0.656565666199,-0.0301390402019,0.248447850347,0.278586894274
0.148514851928,0.656565666199,-0.0321231000125,0.24928407371,0.281407177448
0.158415839076,0.656565666199,-0.0340701304376,0.250104188919,0.284174323082
0.168316826224,0.656565666199,-0.0359769277275,0.250905960798,0.28688287735
0.178217813373,0.656565666199,-0.0378401353955,0.251686960459,0.289527088404
0.188118815422,0.656565666199,-0.0396562851965,0.25244435668,0.292100638151
0.19801980257,0.656565666199,-0.0414216965437,0.253175675869,0.294597387314
0.207920789719,0.656565666199,-0.0431324951351,0.253877818584,0.297010302544
0.217821776867,0.656565666199,-0.0447846837342,0.254548221827,0.299332916737
0.227722764015,0.656565666199,-0.0463739521801,0.255183845758,0.301557809114
0.237623751163,0.656565666199,-0.0478958822787,0.255781561136,0.30367743969
0.247524753213,0.656565666199,-0.0493457242846,0.256338596344,0.305684328079
0.25742572546,0.656565666199,-0.050718575716,0.256851762533,0.307570338249
0.267326742411,0.656565666199,-0.0520091950893,0.257318019867,0.309327214956
0.277227729559,0.656565666199,-0.0532121434808,0.257734000683,0.310946136713
0.287128716707,0.656565666199,-0.0543216466904,0.258097082376,0.312418729067
0.297029703856,0.656565666199,-0.0553316287696,0.258404105902,0.313735723495
0.306930691004,0.656565666199,-0.0562357529998,0.258651822805,0.314887583256
0.316831678152,0.656565666199,-0.0570272989571,0.258837908506,0.315865218639
0.3267326653,0.656565666199,-0.0576993077993,0.258959174156,0.316658496857
0.336633652449,0.656565666199,-0.0582443401217,0.259013086557,0.31725743413
0.346534639597,0.656565666199,-0.0586547367275,0.258997321129,0.31765204668
0.356435626745,0.656565666199,-0.058922432363,0.258909493685,0.317831933498
0.366336613894,0.656565666199,-0.0590389557183,0.25874748826,0.317786455154
0.376237630844,0.656565666199,-0.0589954890311,0.258509635925,0.317505121231
0.386138617992,0.656565666199,-0.0587829090655,0.258194386959,0.316977292299
0.396039605141,0.656565666199,-0.0583916381001,0.25780069828,0.31619232893
0.405940592289,0.656565666199,-0.0578117966652,0.257327258587,0.315139055252
0.415841579437,0.656565666199,-0.0570331551135,0.256773740053,0.313806891441
0.425742566586,0.656565666199,-0.0560451261699,0.256140172482,0.312185287476
0.435643553734,0.656565666199,-0.0548368394375,0.255426496267,0.310263335705
0.445544540882,0.656565666199,-0.0533971786499,0.254633665085,0.308030843735
0.45544552803,0.656565666199,-0.0517147406936,0.253762423992,0.305477172136
0.465346515179,0.656565666199,-0.0497780404985,0.252814531326,0.30259257555
0.475247502327,0.656565666199,-0.0475753508508,0.251791805029,0.299367159605
0.485148519278,0.656565666199,-0.0450950525701,0.250696510077,0.295791566372
0.495049506426,0.656565666199,-0.0423254594207,0.249531641603,0.291857093573
0.504950523376,0.656565666199,-0.0392551347613,0.24830019474,0.287555336952
0.51485145092,0.656565666199,-0.0358729250729,0.247005969286,0.282878905535
0.524752497673,0.656565666199,-0.0321680493653,0.245652854443,0.277820914984
0.534653484821,0.656565666199,-0.0281304176897,0.244244962931,0.272375375032
0.54455447197,0.656565666199,-0.0237507559359,0.242787241936,0.266537994146
0.554455459118,0.656565666199,-0.0190207287669,0.241284385324,0.26030510664
0.564356446266,0.656565666199,-0.0139334248379,0.239741533995,0.253674954176
0.574257433414,0.656565666199,-0.00848334282637,0.238164037466,0.246647387743
0.584158420563,0.656565666199,-0.00266700866632,0.236557453871,0.239224463701
0.594059407711,0.656565666199,0.00351689360105,0.234927237034,0.231410339475
0.603960394859,0.656565666199,0.0100670643151,0.233279064298,0.223212003708
0.613861382008,0.656565666199,0.0169791635126,0.231618702412,0.214639544487
0.623762369156,0.656565666199,0.0242453552783,0.229951530695,0.205706179142
0.633663415909,0.656565666199,0.031853929162,0.228283256292,0.19642932713
0.643564343452,0.656565666199,0.0397885106504,0.226619139314,0.186830624938
0.653465390205,0.656565666199,0.0480281859636,0.224964499474,0.17693631351
0.663366317749,0.656565666199,0.056545984,0.22332431376,0.166778326035
0.673267364502,0.656565666199,0.0653094574809,0.221703484654,0.156394034624
0.683168292046,0.656565666199,0.0742791593075,0.220106348395,0.145827189088
0.693069338799,0.656565666199,0.083408921957,0.21853736043,0.135128438473
0.702970266342,0.656565666199,0.0926448404789,0.217000246048,0.124355405569
0.712871313095,0.656565666199,0.101925611496,0.215498790145,0.113573178649
0.722772240639,0.656565666199,0.111181303859,0.214036121964,0.102854818106
0.732673287392,0.656565666199,0.12033418566,0.212615191936,0.0922810062766
0.74257427454,0.656565666199,0.129298061132,0.211238652468,0.0819405913353
0.752475261688,0.656565666199,0.137978807092,0.209908738732,0.0719299316406
0.762376248837,0.656565666199,0.146274641156,0.20862723887,0.0623525977135
0.772277235985,0.656565666199,0.154076993465,0.207395836711,0.0533188432455
0.782178223133,0.656565666199,0.161271348596,0.206215560436,0.0449442118406
0.792079210281,0.656565666199,0.167738243937,0.205087557435,0.0373493134975
0.80198019743,0.656565666199,0.173355817795,0.204012051225,0.0306562334299
0.811881184578,0.656565666199,0.178000405431,0.202989920974,0.024989515543
0.821782171726,0.656565666199,0.181549981236,0.202020764351,0.0204707831144
0.831683158875,0.656565666199,0.18388620019,0.201104596257,0.0172183960676
0.841584146023,0.656565666199,0.184897392988,0.200240969658,0.0153435766697
0.851485133171,0.656565666199,0.184481412172,0.1994291991,0.0149477869272
0.861386120319,0.656565666199,0.182549417019,0.198668330908,0.0161189138889
0.871287107468,0.656565666199,0.179028555751,0.197957605124,0.0189290493727
0.881188154221,0.656565666199,0.173865661025,0.197295755148,0.0234300941229
0.891089081764,0.656565666199,0.167029857635,0.196681424975,0.0296515673399
0.900990128517,0.656565666199,0.158515363932,0.196113035083,0.0375976711512
0.910891115665,0.656565666199,0.148344114423,0.195589333773,0.0472452193499
0.920792102814,0.656565666199,0.136566475034,0.195108473301,0.0585419982672
0.930693089962,0.656565666199,0.123263031244,0.194668754935,0.071405723691
0.94059407711,0.656565666199,0.108544006944,0.194268733263,0.0857247263193
0.950495064259,0.656565666199,0.0925481691957,0.193906217813,0.101358048618
0.960396051407,0.656565666199,0.0754419192672,0.193579316139,0.118137396872
0.970297038555,0.656565666199,0.0574154928327,0.193286448717,0.135870963335
0.980198025703,0.656565666199,0.0386797934771,0.193025454879,0.154345661402
0.990099012852,0.656565666199,0.0194617565721,0.192794516683,0.173332765698
0.00990098994225,0.66666662693,-0.00221445714124,0.23695269227,0.239167153835
0.0198019798845,0.66666662693,-0.00442678434774,0.23781953752,0.242246314883
0.0297029688954,0.66666662693,-0.00663483841345,0.238693714142,0.24532854557
0.039603959769,0.66666662693,-0.0088364649564,0.239574477077,0.24841094017
0.0495049506426,0.66666662693,-0.0110294893384,0.240460172296,0.251489669085
0.0594059377909,0.66666662693,-0.0132116898894,0.241349607706,0.254561305046
0.0693069323897,0.66666662693,-0.0153808174655,0.242241337895,0.257622152567
0.079207919538,0.66666662693,-0.0175345651805,0.243133887649,0.260668456554
0.0891089066863,0.66666662693,-0.0196705684066,0.244025453925,0.263696014881
0.0990099012852,0.66666662693,-0.0217864029109,0.244914248586,0.266700655222
0.108910888433,0.66666662693,-0.0238795541227,0.245798766613,0.269678324461
0.118811875582,0.66666662693,-0.025947438553,0.246676847339,0.272624284029
0.12871286273,0.66666662693,-0.0279873628169,0.247546434402,0.275533795357
0.138613864779,0.66666662693,-0.0299965348095,0.248405665159,0.278402209282
0.148514851928,0.66666662693,-0.0319720394909,0.249252051115,0.281224101782
0.158415839076,0.66666662693,-0.0339108631015,0.250083357096,0.283994227648
0.168316826224,0.66666662693,-0.0358098298311,0.250897169113,0.286706984043
0.178217813373,0.66666662693,-0.0376656018198,0.251690834761,0.289356440306
0.188118815422,0.66666662693,-0.0394747443497,0.252461612225,0.29193636775
0.19801980257,0.66666662693,-0.0412336066365,0.25320738554,0.294440984726
0.207920789719,0.66666662693,-0.0429383404553,0.253924876451,0.296863228083
0.217821776867,0.66666662693,-0.044584967196,0.254611194134,0.299196153879
0.227722764015,0.66666662693,-0.0461692251265,0.255263507366,0.301432728767
0.237623751163,0.66666662693,-0.0476867221296,0.255878806114,0.303565531969
0.247524753213,0.66666662693,-0.0491327233613,0.256453931332,0.305586665869
0.25742572546,0.66666662693,-0.0505023822188,0.256985902786,0.307488292456
0.267326742411,0.66666662693,-0.0517904907465,0.257471501827,0.309261977673
0.277227729559,0.66666662693,-0.0529916249216,0.25790771842,0.310899347067
0.287128716707,0.66666662693,-0.0541000515223,0.258291423321,0.312391459942
0.297029703856,0.66666662693,-0.055109731853,0.258619278669,0.313729017973
0.306930691004,0.66666662693,-0.0560143701732,0.258888542652,0.314902901649
0.316831678152,0.66666662693,-0.0568072795868,0.25909614563,0.315903425217
0.3267326653,0.66666662693,-0.0574815347791,0.259239375591,0.31672090292
0.336633652449,0.66666662693,-0.0580297373235,0.259315341711,0.31734508276
0.346534639597,0.66666662693,-0.0584442727268,0.259321630001,0.317765891552
0.356435626745,0.66666662693,-0.0587171018124,0.259255677462,0.317972779274
0.366336613894,0.66666662693,-0.0588397905231,0.259115338326,0.317955136299
0.376237630844,0.66666662693,-0.0588035918772,0.258898943663,0.317702531815
0.386138617992,0.66666662693,-0.0585993789136,0.258604586124,0.317203968763
0.396039605141,0.66666662693,-0.0582176335156,0.258231014013,0.316448658705
0.405940592289,0.66666662693,-0.0576485097408,0.257777065039,0.31542557478
0.415841579437,0.66666662693,-0.0568818189204,0.257242202759,0.314124017954
0.425742566586,0.66666662693,-0.0559070073068,0.256626009941,0.312533020973
0.435643553734,0.66666662693,-0.0547132454813,0.255928575993,0.310641825199
0.445544540882,0.66666662693,-0.0532894432545,0.25515037775,0.308439821005
0.45544552803,0.66666662693,-0.0516242161393,0.254292458296,0.305916666985
0.465346515179,0.66666662693,-0.0497061349452,0.253355979919,0.303062111139
0.475247502327,0.66666662693,-0.0475234761834,0.25234284997,0.299866318703
0.485148519278,0.66666662693,-0.0450646467507,0.25125515461,0.296319812536
0.495049506426,0.66666662693,-0.0423179902136,0.250095665455,0.292413651943
0.504950523376,0.66666662693,-0.0392720662057,0.248867377639,0.288139432669
0.51485145092,0.66666662693,-0.0359157286584,0.247573778033,0.283489495516
0.524752497673,0.66666662693,-0.0322382077575,0.246218711138,0.278456926346
0.534653484821,0.66666662693,-0.0282293949276,0.244806364179,0.273035764694
0.54455447197,0.66666662693,-0.0238800011575,0.243341550231,0.267221540213
0.554455459118,0.66666662693,-0.0191816650331,0.241828799248,0.261010468006
0.564356446266,0.66666662693,-0.0141274482012,0.240273341537,0.254400789738
0.574257433414,0.66666662693,-0.00871179252863,0.238680496812,0.247392296791
0.584158420563,0.66666662693,-0.00293116737157,0.237055778503,0.239986941218
0.594059407711,0.66666662693,0.00321582192555,0.23540468514,0.232188865542
0.603960394859,0.66666662693,0.00972796417773,0.233733147383,0.224005177617
0.613861382008,0.66666662693,0.0166010223329,0.232046708465,0.215445682406
0.623762369156,0.66666662693,0.0238272864372,0.230351105332,0.206523820758
0.633663415909,0.66666662693,0.03139520064,0.22865203023,0.197256833315
0.643564343452,0.66666662693,0.0392885282636,0.226955026388,0.187666505575
0.653465390205,0.66666662693,0.0474865548313,0.225265413523,0.177778854966
0.663366317749,0.66666662693,0.0559625327587,0.223588570952,0.167626038194
0.673267364502,0.66666662693,0.064684227109,0.221929326653,0.157245099545
0.683168292046,0.66666662693,0.0736124441028,0.220292359591,0.146679908037
0.693069338799,0.66666662693,0.0827012881637,0.218682259321,0.135980963707
0.702970266342,0.66666662693,0.0918971598148,0.217103093863,0.125205934048
0.712871313095,0.66666662693,0.101139068604,0.215558812022,0.114419743419
0.722772240639,0.66666662693,0.11035747081,0.214052736759,0.103695265949
0.732673287392,0.66666662693,0.119474962354,0.212588101625,0.0931131392717
0.74257427454,0.66666662693,0.128405749798,0.21116758883,0.0827618390322
0.752475261688,0.66666662693,0.137056067586,0.209793865681,0.0727377980947
0.762376248837,0.66666662693,0.145324617624,0.20846876502,0.0631441473961
0.772277235985,0.66666662693,0.153103202581,0.207194194198,0.0540909916162
0.782178223133,0.66666662693,0.160277724266,0.205971494317,0.045693770051
0.792079210281,0.66666662693,0.166729226708,0.204801976681,0.0380727499723
0.80198019743,0.66666662693,0.172336116433,0.203686028719,0.0313499122858
0.811881184578,0.66666662693,0.176975205541,0.202624306083,0.0256491005421
0.821782171726,0.66666662693,0.180524885654,0.201616898179,0.0210920125246
0.831683158875,0.66666662693,0.182866990566,0.200663998723,0.0177970081568
0.841584146023,0.66666662693,0.183890327811,0.199764922261,0.01587459445
0.851485133171,0.66666662693,0.183492913842,0.19891962409,0.015426710248
0.861386120319,0.66666662693,0.181586101651,0.198126867414,0.0165407657623
0.871287107468,0.66666662693,0.178097128868,0.197385832667,0.0192887037992
0.881188154221,0.66666662693,0.172972947359,0.196695491672,0.0237225443125
0.891089081764,0.66666662693,0.16618257761,0.196054622531,0.0298720449209
0.900990128517,0.66666662693,0.157720133662,0.195461705327,0.0377415716648
0.910891115665,0.66666662693,0.14760735631,0.194915294647,0.0473079383373
0.920792102814,0.66666662693,0.135894298553,0.194413676858,0.0585193783045
0.930693089962,0.66666662693,0.122661143541,0.193955272436,0.0712941288948
0.94059407711,0.66666662693,0.108017660677,0.19353826344,0.0855206027627
0.950495064259,0.66666662693,0.0921020060778,0.193160697818,0.10105869174
0.960396051407,0.66666662693,0.0750799849629,0.192820936441,0.117740951478
0.970297038555,0.66666662693,0.0571410693228,0.19251704216,0.135375976562
0.980198025703,0.66666662693,0.0384954102337,0.192246839404,0.153751432896
0.990099012852,0.66666662693,0.0193691384047,0.192008599639,0.172639459372
0.00990098994225,0.676767706871,-0.00220344238915,0.23684078455,0.239044234157
0.0198019798845,0.676767706871,-0.00440477626398,0.237707868218,0.242112651467
0.0297029688954,0.676767706871,-0.00660188077018,0.238582983613,0.245184868574
0.039603959769,0.676767706871,-0.0087926229462,0.239465221763,0.24825784564
0.0495049506426,0.676767706871,-0.0109748477116,0.240353137255,0.251327991486
0.0594059377909,0.676767706871,-0.0131463548169,0.241245433688,0.254391789436
0.0693069323897,0.676767706871,-0.0153049184009,0.242140606046,0.257445514202
0.079207919538,0.676767706871,-0.0174482613802,0.243037238717,0.260485500097
0.0891089066863,0.676767706871,-0.0195740256459,0.243933543563,0.263507574797
0.0990099012852,0.676767706871,-0.0216798260808,0.244828179479,0.26650801301
0.108910888433,0.676767706871,-0.02376315929,0.245718985796,0.269482135773
0.118811875582,0.676767706871,-0.0258214678615,0.246604070067,0.272425532341
0.12871286273,0.676767706871,-0.0278520900756,0.247481629252,0.275333732367
0.138613864779,0.676767706871,-0.0298522505909,0.248349502683,0.278201758862
0.148514851928,0.676767706871,-0.0318190604448,0.249205350876,0.28102439642
0.158415839076,0.676767706871,-0.0337495319545,0.250046879053,0.283796399832
0.168316826224,0.676767706871,-0.0356405153871,0.25087171793,0.286512225866
0.178217813373,0.676767706871,-0.0374887064099,0.251677364111,0.28916606307
0.188118815422,0.676767706871,-0.0392906852067,0.252460837364,0.291751533747
0.19801980257,0.676767706871,-0.0410428345203,0.253219902515,0.294262737036
0.207920789719,0.676767706871,-0.0427413359284,0.253951609135,0.296692937613
0.217821776867,0.676767706871,-0.0443822443485,0.254652947187,0.299035191536
0.227722764015,0.676767706871,-0.0459613278508,0.255321085453,0.301282405853
0.237623751163,0.676767706871,-0.0474742054939,0.255952894688,0.303427100182
0.247524753213,0.676767706871,-0.0489162132144,0.256545394659,0.305461615324
0.25742572546,0.676767706871,-0.0502824857831,0.2570951581,0.307377636433
0.267326742411,0.676767706871,-0.05156788975,0.257599443197,0.309167325497
0.277227729559,0.676767706871,-0.0527670234442,0.258054882288,0.310821890831
0.287128716707,0.676767706871,-0.0538741834462,0.258457958698,0.31233215332
0.297029703856,0.676767706871,-0.0548833757639,0.258806288242,0.313689649105
0.306930691004,0.676767706871,-0.0557883307338,0.259096115828,0.314884454012
0.316831678152,0.676767706871,-0.0565823987126,0.259324878454,0.315907269716
0.3267326653,0.676767706871,-0.0572587028146,0.259489238262,0.316747933626
0.336633652449,0.676767706871,-0.0578098744154,0.259586662054,0.317396521568
0.346534639597,0.676767706871,-0.0582283325493,0.259614497423,0.317842841148
0.356435626745,0.676767706871,-0.058506090194,0.259570002556,0.318076103926
0.366336613894,0.676767706871,-0.058634750545,0.259451150894,0.31808590889
0.376237630844,0.676767706871,-0.0586055889726,0.259255826473,0.317861407995
0.386138617992,0.676767706871,-0.0584095418453,0.258982181549,0.317391723394
0.396039605141,0.676767706871,-0.058037109673,0.258628726006,0.316665828228
0.405940592289,0.676767706871,-0.0574785098433,0.258194357157,0.315672874451
0.415841579437,0.676767706871,-0.0567235685885,0.257678180933,0.314401745796
0.425742566586,0.676767706871,-0.0557617731392,0.257079750299,0.312841534615
0.435643553734,0.676767706871,-0.0545823350549,0.256398916245,0.310981243849
0.445544540882,0.676767706871,-0.0531741976738,0.25563621521,0.308810412884
0.45544552803,0.676767706871,-0.0515260100365,0.254792094231,0.306318104267
0.465346515179,0.676767706871,-0.0496263764799,0.253867924213,0.303494304419
0.475247502327,0.676767706871,-0.0474635921419,0.252865254879,0.300328850746
0.485148519278,0.676767706871,-0.0450260937214,0.25178617239,0.296812266111
0.495049506426,0.676767706871,-0.0423022396863,0.250633209944,0.292935460806
0.504950523376,0.676767706871,-0.0392805933952,0.249409213662,0.288689792156
0.51485145092,0.676767706871,-0.0359500385821,0.24811758101,0.284067630768
0.524752497673,0.676767706871,-0.0322997868061,0.246762141585,0.27906191349
0.534653484821,0.676767706871,-0.0283197406679,0.245346933603,0.273666679859
0.54455447197,0.676767706871,-0.0240005888045,0.243876412511,0.267877012491
0.554455459118,0.676767706871,-0.0193339474499,0.242355361581,0.261689305305
0.564356446266,0.676767706871,-0.0143128419295,0.240788981318,0.255101829767
0.574257433414,0.676767706871,-0.00893167220056,0.239182472229,0.248114138842
0.584158420563,0.676767706871,-0.00318685173988,0.237541258335,0.240728110075
0.594059407711,0.676767706871,0.0029230909422,0.235871106386,0.232948020101
0.603960394859,0.676767706871,0.00939702708274,0.234177693725,0.224780663848
0.613861382008,0.676767706871,0.0162308290601,0.232466861606,0.216236025095
0.623762369156,0.676767706871,0.0234169084579,0.230744421482,0.207327514887
0.633663415909,0.676767706871,0.0309438444674,0.229015991092,0.19807215035
0.643564343452,0.676767706871,0.0387955754995,0.227287515998,0.188491940498
0.653465390205,0.676767706871,0.0469515547156,0.225564286113,0.178612738848
0.663366317749,0.676767706871,0.0553852468729,0.22385174036,0.168466493487
0.673267364502,0.676767706871,0.0640646442771,0.222155198455,0.158090561628
0.683168292046,0.676767706871,0.072950810194,0.220479354262,0.147528544068
0.693069338799,0.676767706871,0.0819981247187,0.218829035759,0.13683091104
0.702970266342,0.676767706871,0.0911533012986,0.217208579183,0.126055270433
0.712871313095,0.676767706871,0.100355677307,0.215621903539,0.115266226232
0.722772240639,0.676767706871,0.109536036849,0.214072778821,0.104536741972
0.732673287392,0.676767706871,0.118617363274,0.212564587593,0.093947224319
0.74257427454,0.676767706871,0.127514243126,0.211100414395,0.0835861712694
0.752475261688,0.676767706871,0.136133342981,0.209682703018,0.0735493600368
0.762376248837,0.676767706871,0.144373714924,0.208313927054,0.0639402121305
0.772277235985,0.676767706871,0.152127698064,0.206995978951,0.0548682808876
0.782178223133,0.676767706871,0.159281551838,0.20573040843,0.0464488565922
0.792079210281,0.676767706871,0.165716767311,0.204518616199,0.0388018488884
0.80198019743,0.676767706871,0.171312183142,0.203361392021,0.0320492088795
0.811881184578,0.676767706871,0.175945013762,0.202259525657,0.0263145118952
0.821782171726,0.676767706871,0.179494053125,0.201213240623,0.0217191874981
0.831683158875,0.676767706871,0.181841477752,0.200222551823,0.0183810740709
0.841584146023,0.676767706871,0.182876363397,0.199287250638,0.0164108872414
0.851485133171,0.676767706871,0.182497039437,0.198407053947,0.0159100145102
0.861386120319,0.676767706871,0.180615007877,0.197581291199,0.0169662833214
0.871287107468,0.676767706871,0.177157700062,0.196808889508,0.0196511894464
0.881188154221,0.676767706871,0.172072052956,0.196088910103,0.0240168571472
0.891089081764,0.676767706871,0.165327131748,0.195420384407,0.0300932526588
0.900990128517,0.676767706871,0.15691691637,0.194801554084,0.0378846377134
0.910891115665,0.676767706871,0.146862879395,0.19423122704,0.0473683476448
0.920792102814,0.676767706871,0.135214835405,0.193707570434,0.0584927350283
0.930693089962,0.676767706871,0.122052565217,0.193229064345,0.0711764991283
0.94059407711,0.676767706871,0.107485286891,0.192793801427,0.0853085145354
0.950495064259,0.676767706871,0.0916506573558,0.192400351167,0.100749693811
0.960396051407,0.676767706871,0.0747137442231,0.192046314478,0.117332570255
0.970297038555,0.676767706871,0.0568633489311,0.191730037332,0.134866684675
0.980198025703,0.676767706871,0.0383087918162,0.191449359059,0.153140574694
0.990099012852,0.676767706871,0.0192753840238,0.191202804446,0.171927422285
0.00990098994225,0.686868667603,-0.00219231424853,0.236724317074,0.238916635513
0.0198019798845,0.686868667603,-0.00438254093751,0.237591162324,0.241973698139
0.0297029688954,0.686868667603,-0.00656858226284,0.238466784358,0.245035365224
0.039603959769,0.686868667603,-0.00874832179397,0.239349886775,0.2480982095
0.0495049506426,0.686868667603,-0.0109196323901,0.240239322186,0.251158952713
0.0594059377909,0.686868667603,-0.0130803314969,0.241133838892,0.254214167595
0.0693069323897,0.686868667603,-0.0152282146737,0.242031872272,0.257260084152
0.079207919538,0.686868667603,-0.0173610262573,0.242932021618,0.260293036699
0.0891089066863,0.686868667603,-0.0194764304906,0.243832603097,0.263309031725
0.0990099012852,0.686868667603,-0.0215720720589,0.24473194778,0.266304016113
0.108910888433,0.686868667603,-0.0236454661936,0.245628356934,0.269273817539
0.118811875582,0.686868667603,-0.0256940741092,0.246519863605,0.272213935852
0.12871286273,0.686868667603,-0.0277152583003,0.247404530644,0.275119781494
0.138613864779,0.686868667603,-0.0297062750906,0.248280063272,0.277986347675
0.148514851928,0.686868667603,-0.0316642597318,0.249144583941,0.280808836222
0.158415839076,0.686868667603,-0.0335862413049,0.249995455146,0.283581703901
0.168316826224,0.686868667603,-0.0354690998793,0.250830322504,0.286299407482
0.178217813373,0.686868667603,-0.0373095571995,0.25164681673,0.28895637393
0.188118815422,0.686868667603,-0.0391042269766,0.252442389727,0.291546612978
0.19801980257,0.686868667603,-0.0408495105803,0.253213822842,0.294063329697
0.207920789719,0.686868667603,-0.0425416305661,0.253958970308,0.296500593424
0.217821776867,0.686868667603,-0.0441766642034,0.254674345255,0.298851013184
0.227722764015,0.686868667603,-0.0457503981888,0.255357265472,0.301107674837
0.237623751163,0.686868667603,-0.0472585000098,0.256004631519,0.303263127804
0.247524753213,0.686868667603,-0.0486963242292,0.256613433361,0.305309772491
0.25742572546,0.686868667603,-0.0500590577722,0.257180333138,0.307239383459
0.267326742411,0.686868667603,-0.0513415746391,0.257702201605,0.309043765068
0.277227729559,0.686868667603,-0.0525385215878,0.25817579031,0.310714304447
0.287128716707,0.686868667603,-0.0536442399025,0.258597940207,0.312242180109
0.297029703856,0.686868667603,-0.0546527542174,0.258965462446,0.313618212938
0.306930691004,0.686868667603,-0.0555578283966,0.259275197983,0.314833015203
0.316831678152,0.686868667603,-0.0563528724015,0.259524136782,0.315877020359
0.3267326653,0.686868667603,-0.0570310167968,0.259709119797,0.316740125418
0.336633652449,0.686868667603,-0.0575849562883,0.25982734561,0.317412316799
0.346534639597,0.686868667603,-0.0580071397126,0.259876161814,0.317883312702
0.356435626745,0.686868667603,-0.0582896247506,0.259852796793,0.318142414093
0.366336613894,0.686868667603,-0.0584240444005,0.259754866362,0.318178921938
0.376237630844,0.686868667603,-0.0584017187357,0.259580284357,0.317982017994
0.386138617992,0.686868667603,-0.0582136400044,0.259327173233,0.317540824413
0.396039605141,0.686868667603,-0.057850331068,0.258993923664,0.316844254732
0.405940592289,0.686868667603,-0.0573020353913,0.258579075336,0.315881103277
0.415841579437,0.686868667603,-0.0565586313605,0.258081614971,0.314640253782
0.425742566586,0.686868667603,-0.0556096658111,0.257501244545,0.313110917807
0.435643553734,0.686868667603,-0.0544443614781,0.256837457418,0.311281830072
0.445544540882,0.686868667603,-0.0530517064035,0.256090432405,0.309142142534
0.45544552803,0.686868667603,-0.0514203943312,0.255260765553,0.306681156158
0.465346515179,0.686868667603,-0.0495390258729,0.25434961915,0.303888648748
0.475247502327,0.686868667603,-0.0473959669471,0.25335842371,0.300754398108
0.485148519278,0.686868667603,-0.0449796430767,0.252288818359,0.29726845026
0.495049506426,0.686868667603,-0.0422784499824,0.251143395901,0.293421834707
0.504950523376,0.686868667603,-0.0392809733748,0.249924957752,0.289205938578
0.51485145092,0.686868667603,-0.0359760969877,0.248636692762,0.284612774849
0.524752497673,0.686868667603,-0.0323530398309,0.247282192111,0.279635220766
0.534653484821,0.686868667603,-0.0284017007798,0.245865449309,0.274267137051
0.54455447197,0.686868667603,-0.0241127572954,0.244390800595,0.268503546715
0.554455459118,0.686868667603,-0.0194777976722,0.242863208055,0.262340992689
0.564356446266,0.686868667603,-0.014489825815,0.241287499666,0.255777329206
0.574257433414,0.686868667603,-0.00914319511503,0.239668890834,0.24881207943
0.584158420563,0.686868667603,-0.00343426107429,0.238012954593,0.241447210312
0.594059407711,0.686868667603,0.00263851112686,0.236325338483,0.233686834574
0.603960394859,0.686868667603,0.00907408352941,0.234611749649,0.225537672639
0.613861382008,0.686868667603,0.0158684272319,0.232878118753,0.217009693384
0.623762369156,0.686868667603,0.0230140741915,0.231130436063,0.208116367459
0.633663415909,0.686868667603,0.0304997432977,0.22937425971,0.198874518275
0.643564343452,0.686868667603,0.0383095368743,0.227615684271,0.189306139946
0.653465390205,0.686868667603,0.0464230850339,0.225860118866,0.179437041283
0.663366317749,0.686868667603,0.0548140592873,0.224113374949,0.169299319386
0.673267364502,0.686868667603,0.0634506866336,0.222380563617,0.158929884434
0.683168292046,0.686868667603,0.0722942724824,0.220666885376,0.148372620344
0.693069338799,0.686868667603,0.0812994912267,0.218977212906,0.13767772913
0.702970266342,0.686868667603,0.0904133617878,0.217316061258,0.126902699471
0.712871313095,0.686868667603,0.0995755121112,0.215687677264,0.116112165153
0.722772240639,0.686868667603,0.108717113733,0.214096114039,0.105379000306
0.732673287392,0.686868667603,0.117761529982,0.212544605136,0.0947830751538
0.74257427454,0.686868667603,0.126623719931,0.211036846042,0.084413126111
0.752475261688,0.686868667603,0.135210797191,0.209575355053,0.0743645578623
0.762376248837,0.686868667603,0.143422201276,0.208162799478,0.0647405982018
0.772277235985,0.686868667603,0.151150733232,0.206801176071,0.0556504428387
0.782178223133,0.686868667603,0.158283099532,0.20549249649,0.0472093969584
0.792079210281,0.686868667603,0.164701238275,0.204238086939,0.0395368486643
0.80198019743,0.686868667603,0.170284405351,0.203039005399,0.0327546000481
0.811881184578,0.686868667603,0.174910232425,0.201896190643,0.0269859582186
0.821782171726,0.686868667603,0.178457930684,0.200810059905,0.022352129221
0.831683158875,0.686868667603,0.180810019374,0.199780717492,0.0189706981182
0.841584146023,0.686868667603,0.181855946779,0.198808342218,0.0169523954391
0.851485133171,0.686868667603,0.181494221091,0.197892412543,0.016398191452
0.861386120319,0.686868667603,0.179636627436,0.19703233242,0.0173957049847
0.871287107468,0.686868667603,0.17621076107,0.196227401495,0.0200166404247
0.881188154221,0.686868667603,0.171163529158,0.195476695895,0.0243131667376
0.891089081764,0.686868667603,0.16446402669,0.194779202342,0.0303151756525
0.900990128517,0.686868667603,0.156106159091,0.194133192301,0.0380270332098
0.910891115665,0.686868667603,0.146111160517,0.193537682295,0.0474265217781
0.920792102814,0.686868667603,0.134528532624,0.192990750074,0.0584622174501
0.930693089962,0.686868667603,0.121437616646,0.192490965128,0.0710533484817
0.94059407711,0.686868667603,0.106947220862,0.192036420107,0.085089199245
0.950495064259,0.686868667603,0.0911943614483,0.191625460982,0.100431099534
0.960396051407,0.686868667603,0.0743434354663,0.191255956888,0.116912521422
0.970297038555,0.686868667603,0.0565824881196,0.190926030278,0.134343534708
0.980198025703,0.686868667603,0.0381200499833,0.190633878112,0.152513831854
0.990099012852,0.686868667603,0.0191805586219,0.190377399325,0.171196848154
0.00990098994225,0.696969687939,-0.00218107760884,0.23660364747,0.238784730434
0.0198019798845,0.696969687939,-0.00436008861288,0.237469807267,0.241829901934
0.0297029688954,0.696969687939,-0.0065349554643,0.238345190883,0.244880139828
0.039603959769,0.696969687939,-0.0087035857141,0.23922893405,0.247932523489
0.0495049506426,0.696969687939,-0.0108638685197,0.240119427443,0.250983297825
0.0594059377909,0.696969687939,-0.0130136460066,0.241015464067,0.254029095173
0.0693069323897,0.696969687939,-0.0151507370174,0.241915598512,0.257066339254
0.079207919538,0.696969687939,-0.0172729026526,0.242818564177,0.260091453791
0.0891089066863,0.696969687939,-0.0193778369576,0.24372266233,0.263100504875
0.0990099012852,0.696969687939,-0.0214631967247,0.244626253843,0.266089439392
0.108910888433,0.696969687939,-0.0235265251249,0.245527535677,0.269054055214
0.118811875582,0.696969687939,-0.025565315038,0.246424615383,0.271989941597
0.12871286273,0.696969687939,-0.0275769364089,0.247315362096,0.274892300367
0.138613864779,0.696969687939,-0.0295586809516,0.248198151588,0.277756839991
0.148514851928,0.696969687939,-0.031507704407,0.249070346355,0.280578047037
0.158415839076,0.696969687939,-0.033421061933,0.249929711223,0.283350765705
0.168316826224,0.696969687939,-0.0352956652641,0.250773996115,0.286069661379
0.178217813373,0.696969687939,-0.0371282547712,0.251600503922,0.288728773594
0.188118815422,0.696969687939,-0.0389154739678,0.252406746149,0.291322231293
0.19801980257,0.696969687939,-0.0406537503004,0.253189861774,0.293843626976
0.207920789719,0.696969687939,-0.0423393324018,0.253947168589,0.29628649354
0.217821776867,0.696969687939,-0.0439683310688,0.254675716162,0.298644036055
0.227722764015,0.696969687939,-0.0455365628004,0.255372703075,0.300909280777
0.237623751163,0.696969687939,-0.047039732337,0.25603467226,0.303074419498
0.247524753213,0.696969687939,-0.048473212868,0.256658732891,0.305131942034
0.25742572546,0.696969687939,-0.0498322360218,0.257241606712,0.307073831558
0.267326742411,0.696969687939,-0.0511116981506,0.257780224085,0.308891922235
0.277227729559,0.696969687939,-0.0523062907159,0.258271336555,0.310577630997
0.287128716707,0.696969687939,-0.0534103736281,0.25871142745,0.312121808529
0.297029703856,0.696969687939,-0.0544180199504,0.25909742713,0.313515454531
0.306930691004,0.696969687939,-0.0553230457008,0.259426355362,0.314749389887
0.316831678152,0.696969687939,-0.0561188496649,0.259694695473,0.315813541412
0.3267326653,0.696969687939,-0.056798659265,0.259899675846,0.316698342562
0.336633652449,0.696969687939,-0.0573551803827,0.260037958622,0.317393124104
0.346534639597,0.696969687939,-0.0577808953822,0.260107159615,0.317888051271
0.356435626745,0.696969687939,-0.0580678917468,0.26010414958,0.318172037601
0.366336613894,0.696969687939,-0.0582078844309,0.260026931763,0.318234801292
0.376237630844,0.696969687939,-0.0581921972334,0.259872794151,0.318064987659
0.386138617992,0.696969687939,-0.0580118745565,0.259639889002,0.317651748657
0.396039605141,0.696969687939,-0.0576574727893,0.259326457977,0.316983938217
0.405940592289,0.696969687939,-0.0571193024516,0.258931189775,0.316050499678
0.415841579437,0.696969687939,-0.0563872605562,0.258452773094,0.314840018749
0.425742566586,0.696969687939,-0.0554509237409,0.257890433073,0.313341349363
0.435643553734,0.696969687939,-0.0542995743454,0.257243871689,0.311543434858
0.445544540882,0.696969687939,-0.0529222153127,0.256513059139,0.309435278177
0.45544552803,0.696969687939,-0.0513075888157,0.255698412657,0.307006001472
0.465346515179,0.696969687939,-0.0494443289936,0.254800856113,0.304245173931
0.475247502327,0.696969687939,-0.0473208278418,0.253821700811,0.301142513752
0.485148519278,0.696969687939,-0.0449255444109,0.252762585878,0.297688126564
0.495049506426,0.696969687939,-0.0422468744218,0.251625776291,0.293872654438
0.504950523376,0.696969687939,-0.0392734482884,0.250414043665,0.289687484503
0.51485145092,0.696969687939,-0.0359941460192,0.249130189419,0.285124331713
0.524752497673,0.696969687939,-0.0323981977999,0.247777953744,0.28017616272
0.534653484821,0.696969687939,-0.0284754987806,0.246361166239,0.274836659431
0.54455447197,0.696969687939,-0.0242167245597,0.244884029031,0.269100755453
0.554455459118,0.696969687939,-0.0196134373546,0.243351280689,0.262964725494
0.564356446266,0.696969687939,-0.0146586140618,0.241767823696,0.256426423788
0.574257433414,0.696969687939,-0.00934656709433,0.240138888359,0.249485462904
0.584158420563,0.696969687939,-0.00367360119708,0.238469898701,0.242143496871
0.594059407711,0.696969687939,0.00236189248972,0.23676635325,0.234404459596
0.603960394859,0.696969687939,0.00875895284116,0.235034406185,0.226275458932
0.613861382008,0.696969687939,0.015513648279,0.23327973485,0.217766091228
0.623762369156,0.696969687939,0.0226186383516,0.231508284807,0.208889648318
0.633663415909,0.696969687939,0.0300627686083,0.229725882411,0.199663117528
0.643564343452,0.696969687939,0.0378303006291,0.227938711643,0.190108418465
0.653465390205,0.696969687939,0.0459010601044,0.226152405143,0.180251345038
0.663366317749,0.696969687939,0.0542489029467,0.224372580647,0.170123681426
0.673267364502,0.696969687939,0.0628422945738,0.222604826093,0.159762531519
0.683168292046,0.696969687939,0.0716428086162,0.220854386687,0.149211585522
0.693069338799,0.696969687939,0.0806053802371,0.21912625432,0.138520866632
0.702970266342,0.696969687939,0.0896773040295,0.217425346375,0.127748042345
0.712871313095,0.696969687939,0.09879861027,0.215756028891,0.116957418621
0.722772240639,0.696969687939,0.10790079087,0.214122384787,0.106221593916
0.732673287392,0.696969687939,0.116907559335,0.212528213859,0.0956206545234
0.74257427454,0.696969687939,0.125734299421,0.210976973176,0.0852426737547
0.752475261688,0.696969687939,0.134288609028,0.20947176218,0.0751831531525
0.762376248837,0.696969687939,0.142470270395,0.208015397191,0.0655451267958
0.772277235985,0.696969687939,0.150172546506,0.206610113382,0.0564375668764
0.782178223133,0.696969687939,0.157282650471,0.205257996917,0.047975346446
0.792079210281,0.696969687939,0.163682878017,0.203960448503,0.0402775704861
0.80198019743,0.696969687939,0.169253066182,0.202719047666,0.0334659814835
0.811881184578,0.696969687939,0.173871174455,0.201534718275,0.0276635438204
0.821782171726,0.696969687939,0.177416831255,0.200407966971,0.0229911357164
0.831683158875,0.696969687939,0.179773017764,0.199339330196,0.0195663124323
0.841584146023,0.696969687939,0.180829390883,0.198328763247,0.0174993723631
0.851485133171,0.696969687939,0.180484801531,0.197375983,0.016891181469
0.861386120319,0.696969687939,0.178651332855,0.19648078084,0.0178294479847
0.871287107468,0.696969687939,0.175256595016,0.195642262697,0.0203856676817
0.881188154221,0.696969687939,0.17024768889,0.194859594107,0.0246119052172
0.891089081764,0.696969687939,0.163593605161,0.194131746888,0.0305381417274
0.900990128517,0.696969687939,0.15528818965,0.193457394838,0.0381692051888
0.910891115665,0.696969687939,0.145352467895,0.192835330963,0.0474828630686
0.920792102814,0.696969687939,0.133835628629,0.192263841629,0.0584282130003
0.930693089962,0.696969687939,0.120816625655,0.191741347313,0.0709247216582
0.94059407711,0.696969687939,0.106403708458,0.191266104579,0.084862396121
0.950495064259,0.696969687939,0.0907333418727,0.190836399794,0.100103057921
0.960396051407,0.696969687939,0.0739692226052,0.190450176597,0.116480953991
0.970297038555,0.696969687939,0.0562986396253,0.190105587244,0.133806943893
0.980198025703,0.696969687939,0.0379292704165,0.189800545573,0.151871278882
0.990099012852,0.696969687939,0.0190847087651,0.189533084631,0.170448377728
0.00990098994225,0.707070708275,-0.00216973782517,0.236479327083,0.238649070263
0.0198019798845,0.707070708275,-0.00433742953464,0.237344428897,0.241681858897
0.0297029688954,0.707070708275,-0.00650101853535,0.238219380379,0.24472039938
0.039603959769,0.707070708275,-0.00865843426436,0.239102751017,0.247761189938
0.0495049506426,0.707070708275,-0.0108075840399,0.239993751049,0.250801324844
0.0594059377909,0.707070708275,-0.0129463383928,0.240890786052,0.253837138414
0.0693069323897,0.707070708275,-0.0150725254789,0.241792574525,0.256865113974
0.079207919538,0.707070708275,-0.0171839408576,0.242697879672,0.259881824255
0.0891089066863,0.707070708275,-0.0192782934755,0.24360460043,0.262882888317
0.0990099012852,0.707070708275,-0.0213532596827,0.244511634111,0.265864908695
0.108910888433,0.707070708275,-0.0234064124525,0.245417118073,0.26882353425
0.118811875582,0.707070708275,-0.0254352651536,0.246319070458,0.271754324436
0.12871286273,0.707070708275,-0.0274372044951,0.247215390205,0.274652600288
0.138613864779,0.707070708275,-0.0294095557183,0.248104169965,0.277513712645
0.148514851928,0.707070708275,-0.0313494950533,0.248983204365,0.280332684517
0.158415839076,0.707070708275,-0.0332541018724,0.249850332737,0.283104419708
0.168316826224,0.707070708275,-0.0351203158498,0.250703006983,0.285823315382
0.178217813373,0.707070708275,-0.0369449034333,0.2515386343,0.288483530283
0.188118815422,0.707070708275,-0.0387245304883,0.252354681492,0.291079223156
0.19801980257,0.707070708275,-0.0404556617141,0.253148555756,0.29360422492
0.207920789719,0.707070708275,-0.0421345643699,0.25391754508,0.296052098274
0.217821776867,0.707070708275,-0.043757379055,0.254658311605,0.29841569066
0.227722764015,0.707070708275,-0.0453199632466,0.255367994308,0.300687968731
0.237623751163,0.707070708275,-0.046818036586,0.256043612957,0.302861660719
0.247524753213,0.707070708275,-0.0482470206916,0.25668206811,0.304929077625
0.25742572546,0.707070708275,-0.0496021620929,0.25728020072,0.306882351637
0.267326742411,0.707070708275,-0.050878405571,0.257834553719,0.30871295929
0.277227729559,0.707070708275,-0.0520704686642,0.258342146873,0.310412615538
0.287128716707,0.707070708275,-0.0531727485359,0.258799314499,0.311972051859
0.297029703856,0.707070708275,-0.0541793629527,0.259203076363,0.313382446766
0.306930691004,0.707070708275,-0.0550841391087,0.259550184011,0.31463432312
0.316831678152,0.707070708275,-0.0558805465698,0.259837120771,0.315717667341
0.3267326653,0.707070708275,-0.0565618239343,0.26006129384,0.3166231215
0.336633652449,0.707070708275,-0.0571207255125,0.26021900773,0.317339718342
0.346534639597,0.707070708275,-0.0575497858226,0.260307908058,0.317857682705
0.356435626745,0.707070708275,-0.0578411221504,0.260325014591,0.318166136742
0.366336613894,0.707070708275,-0.0579864792526,0.260267615318,0.318254083395
0.376237630844,0.707070708275,-0.0579772293568,0.260133564472,0.318110793829
0.386138617992,0.707070708275,-0.057804480195,0.259920626879,0.317725121975
0.396039605141,0.707070708275,-0.0574587993324,0.259627014399,0.317085802555
0.405940592289,0.707070708275,-0.0569305457175,0.259250879288,0.31618142128
0.415841579437,0.707070708275,-0.0562096610665,0.258791387081,0.315001040697
0.425742566586,0.707070708275,-0.0552857741714,0.258247375488,0.31353315711
0.435643553734,0.707070708275,-0.0541481822729,0.257618159056,0.311766326427
0.445544540882,0.707070708275,-0.0527859516442,0.256903886795,0.309689849615
0.45544552803,0.707070708275,-0.0511878356338,0.256104767323,0.307292610407
0.465346515179,0.707070708275,-0.049342520535,0.255221426487,0.304563939571
0.475247502327,0.707070708275,-0.0472384169698,0.254254996777,0.301493406296
0.485148519278,0.707070708275,-0.0448640175164,0.253207176924,0.298071205616
0.495049506426,0.707070708275,-0.0422077476978,0.252079963684,0.294287711382
0.504950523376,0.707070708275,-0.039258249104,0.250875771046,0.290134012699
0.51485145092,0.707070708275,-0.0360044203699,0.249597728252,0.285602152348
0.524752497673,0.707070708275,-0.0324354991317,0.248248934746,0.280684441328
0.534653484821,0.707070708275,-0.0285413786769,0.246833458543,0.275374829769
0.54455447197,0.707070708275,-0.0243127215654,0.245355218649,0.269667953253
0.554455459118,0.707070708275,-0.0197410862893,0.243818879128,0.263559967279
0.564356446266,0.707070708275,-0.0148194180802,0.242229193449,0.257048606873
0.574257433414,0.707070708275,-0.00954198930413,0.24059151113,0.250133514404
0.584158420563,0.707070708275,-0.00390505441464,0.23891107738,0.242816135287
0.594059407711,0.707070708275,0.00209305714816,0.237193539739,0.235100477934
0.603960394859,0.707070708275,0.00845146737993,0.235444799066,0.226993337274
0.613861382008,0.707070708275,0.0151663450524,0.233670681715,0.218504339457
0.623762369156,0.707070708275,0.0222304556519,0.23187713325,0.20964667201
0.633663415909,0.707070708275,0.0296327918768,0.230070218444,0.200437426567
0.643564343452,0.707070708275,0.0373577699065,0.228255912662,0.190898150206
0.653465390205,0.707070708275,0.0453853867948,0.226440176368,0.181054785848
0.663366317749,0.707070708275,0.0536897182465,0.22462874651,0.170939028263
0.673267364502,0.707070708275,0.0622394345701,0.222827300429,0.160587862134
0.683168292046,0.707070708275,0.0709963664412,0.221041351557,0.150044977665
0.693069338799,0.707070708275,0.0799157619476,0.219275832176,0.139360070229
0.702970266342,0.707070708275,0.0889451950788,0.217536076903,0.128590881824
0.712871313095,0.707070708275,0.098025046289,0.21582646668,0.117801420391
0.722772240639,0.707070708275,0.107087127864,0.214151531458,0.107064403594
0.732673287392,0.707070708275,0.116055592895,0.212515026331,0.0964594334364
0.74257427454,0.707070708275,0.124846190214,0.210920915008,0.0860747247934
0.752475261688,0.707070708275,0.133366912603,0.209372296929,0.076005384326
0.762376248837,0.707070708275,0.141518086195,0.207872137427,0.0663540512323
0.772277235985,0.707070708275,0.149193376303,0.206423014402,0.0572296380997
0.782178223133,0.707070708275,0.15628041327,0.205027088523,0.0487466752529
0.792079210281,0.707070708275,0.162662059069,0.20368629694,0.0410242378712
0.80198019743,0.707070708275,0.16821847856,0.202402234077,0.034183755517
0.811881184578,0.707070708275,0.172828197479,0.201175630093,0.0283474326134
0.821782171726,0.707070708275,0.176371157169,0.200007855892,0.0236366987228
0.831683158875,0.707070708275,0.178730815649,0.19889895618,0.0201681405306
0.841584146023,0.707070708275,0.179797098041,0.197849243879,0.0180521458387
0.851485133171,0.707070708275,0.179469302297,0.196858868003,0.0173895657063
0.861386120319,0.707070708275,0.177659526467,0.195927381516,0.0182678550482
0.871287107468,0.707070708275,0.174295708537,0.195054009557,0.0207583010197
0.881188154221,0.707070708275,0.169324964285,0.194238230586,0.0249132663012
0.891089081764,0.707070708275,0.162716314197,0.193479016423,0.0307627022266
0.900990128517,0.707070708275,0.154463455081,0.192775085568,0.0383116304874
0.910891115665,0.707070708275,0.144587233663,0.19212526083,0.0475380271673
0.920792102814,0.707070708275,0.13313652575,0.191527798772,0.0583912730217
0.930693089962,0.707070708275,0.120189882815,0.190981328487,0.0707914456725
0.94059407711,0.707070708275,0.105855047703,0.190484181046,0.0846291333437
0.950495064259,0.707070708275,0.0902678444982,0.19003431499,0.0997664704919
0.960396051407,0.707070708275,0.0735913217068,0.189630001783,0.116038680077
0.970297038555,0.707070708275,0.0560119412839,0.189269155264,0.133257210255
0.980198025703,0.707070708275,0.0377365685999,0.188950061798,0.151213496923
0.990099012852,0.707070708275,0.0189878828824,0.188670232892,0.169682353735
0.00990098994225,0.717171728611,-0.0021583000198,0.23635199666,0.238510295749
0.0198019798845,0.717171728611,-0.00431457487866,0.237215548754,0.241530120373
0.0297029688954,0.717171728611,-0.00646678823978,0.238089308143,0.244556099176
0.039603959769,0.717171728611,-0.0086128897965,0.238972142339,0.24758502841
0.0495049506426,0.717171728611,-0.0107508106157,0.239863052964,0.250613868237
0.0594059377909,0.717171728611,-0.0128784328699,0.240760654211,0.253639101982
0.0693069323897,0.717171728611,-0.0149936210364,0.24166354537,0.256657153368
0.079207919538,0.717171728611,-0.0170941781253,0.242570072412,0.259664237499
0.0891089066863,0.717171728611,-0.01917783916,0.243479251862,0.262657105923
0.0990099012852,0.717171728611,-0.0212423074991,0.244388967752,0.26563128829
0.108910888433,0.717171728611,-0.0232851747423,0.245297819376,0.268582999706
0.118811875582,0.717171728611,-0.0253039766103,0.246203690767,0.271507680416
0.12871286273,0.717171728611,-0.0272961258888,0.247104793787,0.274400919676
0.138613864779,0.717171728611,-0.0292589645833,0.247999057174,0.277258008718
0.148514851928,0.717171728611,-0.0311897005886,0.248884290457,0.280074000359
0.158415839076,0.717171728611,-0.0330854356289,0.249758049846,0.282843470573
0.168316826224,0.717171728611,-0.0349431373179,0.250618308783,0.285561442375
0.178217813373,0.717171728611,-0.036759596318,0.251462191343,0.288221776485
0.188118815422,0.717171728611,-0.0385314971209,0.252287387848,0.290818870068
0.19801980257,0.717171728611,-0.0402553491294,0.253090977669,0.293346315622
0.207920789719,0.717171728611,-0.0419274382293,0.253870248795,0.295797675848
0.217821776867,0.717171728611,-0.0435439273715,0.2546223104,0.298166245222
0.227722764015,0.717171728611,-0.0451007187366,0.255344063044,0.30044478178
0.237623751163,0.717171728611,-0.0465935468674,0.256032526493,0.30262607336
0.247524753213,0.717171728611,-0.0480178780854,0.256684362888,0.30470225215
0.25742572546,0.717171728611,-0.049368981272,0.257296621799,0.306665599346
0.267326742411,0.717171728611,-0.050641849637,0.257865905762,0.308507740498
0.277227729559,0.717171728611,-0.0518312081695,0.258388906717,0.310220122337
0.287128716707,0.717171728611,-0.0529315285385,0.258862376213,0.311793893576
0.297029703856,0.717171728611,-0.0539369285107,0.25928285718,0.31321978569
0.306930691004,0.717171728611,-0.0548412874341,0.259647339582,0.314488619566
0.316831678152,0.717171728611,-0.0556381121278,0.259952247143,0.31559035182
0.3267326653,0.717171728611,-0.056320682168,0.260194480419,0.316515147686
0.336633652449,0.717171728611,-0.0568817853928,0.260371118784,0.317252904177
0.346534639597,0.717171728611,-0.0573140010238,0.260479092598,0.317793101072
0.356435626745,0.717171728611,-0.0576094798744,0.260515511036,0.318124979734
0.366336613894,0.717171728611,-0.0577600188553,0.260477811098,0.318237841129
0.376237630844,0.717171728611,-0.0577570274472,0.260363340378,0.318120360374
0.386138617992,0.717171728611,-0.0575916357338,0.260169863701,0.317761510611
0.396039605141,0.717171728611,-0.0572544895113,0.259895533323,0.31715002656
0.405940592289,0.717171728611,-0.0567359700799,0.259538769722,0.316274732351
0.415841579437,0.717171728611,-0.0560260638595,0.259097993374,0.315124064684
0.425742566586,0.717171728611,-0.0551144219935,0.258572101593,0.313686519861
0.435643553734,0.717171728611,-0.0539904274046,0.257960557938,0.311950981617
0.445544540882,0.717171728611,-0.05264313519,0.257263094187,0.309906244278
0.45544552803,0.717171728611,-0.0510613694787,0.256479650736,0.307541012764
0.465346515179,0.717171728611,-0.04923382774,0.25561106205,0.304844886065
0.475247502327,0.717171728611,-0.0471489727497,0.254658043385,0.301807016134
0.485148519278,0.717171728611,-0.0447953119874,0.253622323275,0.298417627811
0.495049506426,0.717171728611,-0.0421613045037,0.252505481243,0.294666796923
0.504950523376,0.717171728611,-0.0392356142402,0.251309990883,0.290545612574
0.51485145092,0.717171728611,-0.0360071472824,0.25003862381,0.286045759916
0.524752497673,0.717171728611,-0.0324651636183,0.248694598675,0.281159758568
0.534653484821,0.717171728611,-0.0285995509475,0.247281596065,0.275881141424
0.54455447197,0.717171728611,-0.024400966242,0.245803624392,0.270204603672
0.554455459118,0.717171728611,-0.0198609568179,0.24426522851,0.264126181602
0.564356446266,0.717171728611,-0.0149724408984,0.242670923471,0.25764337182
0.574257433414,0.717171728611,-0.00972965918481,0.241026088595,0.250755757093
0.584158420563,0.717171728611,-0.00412881560624,0.239335849881,0.243464663625
0.594059407711,0.717171728611,0.00183182465844,0.237605929375,0.235774099827
0.603960394859,0.717171728611,0.00815146043897,0.235842064023,0.227690607309
0.613861382008,0.717171728611,0.014826355502,0.234050065279,0.219223707914
0.623762369156,0.717171728611,0.021849391982,0.232236206532,0.210386812687
0.633663415909,0.717171728611,0.0292096920311,0.230406269431,0.201196581125
0.643564343452,0.717171728611,0.0368918292224,0.228566631675,0.191674798727
0.653465390205,0.717171728611,0.0448759831488,0.226722851396,0.181846871972
0.663366317749,0.717171728611,0.0531364232302,0.224881261587,0.171744838357
0.673267364502,0.717171728611,0.0616420507431,0.223047509789,0.161405459046
0.683168292046,0.717171728611,0.0703549683094,0.221227169037,0.150872200727
0.693069338799,0.717171728611,0.07923065871,0.219425439835,0.140194773674
0.702970266342,0.717171728611,0.0882170572877,0.217647910118,0.129430860281
0.712871313095,0.717171728611,0.0972548350692,0.215898960829,0.11864412576
0.722772240639,0.717171728611,0.106276214123,0.21418325603,0.107907041907
0.732673287392,0.717171728611,0.115205720067,0.21250526607,0.0972995460033
0.74257427454,0.717171728611,0.123959489167,0.210868671536,0.0869091823697
0.752475261688,0.717171728611,0.132445961237,0.209276840091,0.0768308788538
0.762376248837,0.717171728611,0.140565887094,0.207733139396,0.0671672523022
0.772277235985,0.717171728611,0.148213431239,0.20624025166,0.0580268204212
0.782178223133,0.717171728611,0.155276700854,0.204800620675,0.0495239198208
0.792079210281,0.717171728611,0.161638990045,0.203416183591,0.0417771935463
0.80198019743,0.717171728611,0.167180970311,0.20208889246,0.0349079221487
0.811881184578,0.717171728611,0.171781569719,0.200819864869,0.0290382951498
0.821782171726,0.717171728611,0.175321251154,0.199609935284,0.0242886841297
0.831683158875,0.717171728611,0.177683770657,0.198460251093,0.0207764804363
0.841584146023,0.717171728611,0.178759515285,0.197370767593,0.0186112523079
0.851485133171,0.717171728611,0.17844799161,0.196341663599,0.0178936719894
0.861386120319,0.717171728611,0.176661595702,0.195372849703,0.0187112540007
0.871287107468,0.717171728611,0.173328459263,0.194463804364,0.0211353451014
0.881188154221,0.717171728611,0.168395742774,0.19361372292,0.0252179801464
0.891089081764,0.717171728611,0.161832466722,0.192821845412,0.0309893786907
0.900990128517,0.717171728611,0.15363226831,0.192087098956,0.0384548306465
0.910891115665,0.717171728611,0.143815740943,0.191408112645,0.0475923717022
0.920792102814,0.717171728611,0.132431507111,0.190783530474,0.0583520233631
0.930693089962,0.717171728611,0.119557671249,0.190211743116,0.0706540718675
0.94059407711,0.717171728611,0.105301462114,0.189691156149,0.0843896940351
0.950495064259,0.717171728611,0.0897981151938,0.18921995163,0.0994218364358
0.960396051407,0.717171728611,0.0732098892331,0.188796117902,0.115586228669
0.970297038555,0.717171728611,0.0557225421071,0.188417896628,0.132695347071
0.980198025703,0.717171728611,0.0375420339406,0.18808324635,0.150541216135
0.990099012852,0.717171728611,0.018890125677,0.1877900213,0.168899893761
0.00990098994225,0.727272748947,-0.00214677047916,0.236222043633,0.238368809223
0.0198019798845,0.727272748947,-0.00429153628647,0.237083643675,0.241375178099
0.0297029688954,0.727272748947,-0.0064322813414,0.237955823541,0.244388103485
0.039603959769,0.727272748947,-0.00856697373092,0.238837808371,0.247404783964
0.0495049506426,0.727272748947,-0.0106935696676,0.239727988839,0.25042155385
0.0594059377909,0.727272748947,-0.0128099713475,0.240625306964,0.253435283899
0.0693069323897,0.727272748947,-0.0149140581489,0.241528555751,0.256442606449
0.079207919538,0.727272748947,-0.0170036610216,0.24243620038,0.259439855814
0.0891089066863,0.727272748947,-0.0190765373409,0.243346974254,0.26242351532
0.0990099012852,0.727272748947,-0.0211304053664,0.244258835912,0.265389233828
0.108910888433,0.727272748947,-0.0231628790498,0.245170280337,0.268333166838
0.118811875582,0.727272748947,-0.0251715201885,0.246079549193,0.27125108242
0.12871286273,0.727272748947,-0.0271537750959,0.246984630823,0.274138391018
0.138613864779,0.727272748947,-0.0291069950908,0.247883543372,0.276990532875
0.148514851928,0.727272748947,-0.0310284178704,0.248773932457,0.27980235219
0.158415839076,0.727272748947,-0.0329151675105,0.249653756618,0.28256893158
0.168316826224,0.727272748947,-0.034764226526,0.250520706177,0.285284936428
0.178217813373,0.727272748947,-0.0365724340081,0.251372098923,0.28794452548
0.188118815422,0.727272748947,-0.0383364930749,0.252205371857,0.290541857481
0.19801980257,0.727272748947,-0.0400529280305,0.253017872572,0.293070793152
0.207920789719,0.727272748947,-0.041718069464,0.253806769848,0.295524835587
0.217821776867,0.727272748947,-0.0433281026781,0.254568994045,0.297897100449
0.227722764015,0.727272748947,-0.0448789522052,0.255301862955,0.300180822611
0.237623751163,0.727272748947,-0.0463663972914,0.256001919508,0.302368313074
0.247524753213,0.727272748947,-0.0477859266102,0.2566665411,0.304452478886
0.25742572546,0.727272748947,-0.0491328500211,0.257291913033,0.306424766779
0.267326742411,0.727272748947,-0.0504021830857,0.257875174284,0.308277368546
0.277227729559,0.727272748947,-0.0515886880457,0.258412688971,0.310001373291
0.287128716707,0.727272748947,-0.0526868738234,0.258901447058,0.311588317156
0.297029703856,0.727272748947,-0.0536908917129,0.259337872267,0.313028752804
0.306930691004,0.727272748947,-0.0545946732163,0.259718805552,0.314313471317
0.316831678152,0.727272748947,-0.0553917512298,0.26004076004,0.315432518721
0.3267326653,0.727272748947,-0.0560754314065,0.260300517082,0.316375941038
0.336633652449,0.727272748947,-0.0566385537386,0.260495126247,0.317133665085
0.346534639597,0.727272748947,-0.0570737458766,0.260621488094,0.317695230246
0.356435626745,0.727272748947,-0.0573731772602,0.260676592588,0.318049758673
0.366336613894,0.727272748947,-0.0575287230313,0.260657757521,0.318186491728
0.376237630844,0.727272748947,-0.0575317926705,0.260562241077,0.318094044924
0.386138617992,0.727272748947,-0.0573735944927,0.260388046503,0.31776162982
0.396039605141,0.727272748947,-0.0570447891951,0.260132879019,0.317177653313
0.405940592289,0.727272748947,-0.0565358139575,0.259794920683,0.316330730915
0.415841579437,0.727272748947,-0.0558366961777,0.259372740984,0.315209448338
0.425742566586,0.727272748947,-0.0549371391535,0.258865147829,0.313802301884
0.435643553734,0.727272748947,-0.053826533258,0.258271247149,0.312097787857
0.445544540882,0.727272748947,-0.0524940080941,0.257590681314,0.310084700584
0.45544552803,0.727272748947,-0.050928413868,0.256823420525,0.307751834393
0.465346515179,0.727272748947,-0.0491184853017,0.255969911814,0.305088400841
0.475247502327,0.727272748947,-0.0470527224243,0.255030810833,0.302083522081
0.485148519278,0.727272748947,-0.044719658792,0.254007667303,0.298727333546
0.495049506426,0.727272748947,-0.0421077869833,0.252902090549,0.295009881258
0.504950523376,0.727272748947,-0.0392057783902,0.251716136932,0.290921926498
0.51485145092,0.727272748947,-0.0360025689006,0.250452578068,0.286455154419
0.524752497673,0.727272748947,-0.0324874222279,0.249114409089,0.281601846218
0.534653484821,0.727272748947,-0.0286502409726,0.24770526588,0.27635550499
0.54455447197,0.727272748947,-0.0244816746563,0.246228843927,0.270710527897
0.554455459118,0.727272748947,-0.0199732594192,0.244689688087,0.264662951231
0.564356446266,0.727272748947,-0.0151178929955,0.243092343211,0.258210241795
0.574257433414,0.727272748947,-0.00990977603942,0.24144180119,0.251351565123
0.584158420563,0.727272748947,-0.0043450682424,0.239743500948,0.244088575244
0.594059407711,0.727272748947,0.00157802109607,0.238002717495,0.236424699426
0.603960394859,0.727272748947,0.00785877089947,0.236225396395,0.228366628289
0.613861382008,0.727272748947,0.0144935371354,0.234417408705,0.219923868775
0.623762369156,0.727272748947,0.0214753132313,0.232584774494,0.2111094594
0.633663415909,0.727272748947,0.02879335545,0.230733513832,0.20194016397
0.643564343452,0.727272748947,0.0364323854446,0.228869885206,0.192437499762
0.653465390205,0.727272748947,0.0443727597594,0.226999953389,0.18262720108
0.663366317749,0.727272748947,0.0525889694691,0.22512960434,0.172540634871
0.673267364502,0.727272748947,0.0610501281917,0.223264843225,0.162214711308
0.683168292046,0.727272748947,0.0697185695171,0.221411392093,0.151692822576
0.693069338799,0.727272748947,0.0785501003265,0.219574838877,0.14102473855
0.702970266342,0.727272748947,0.0874929577112,0.217760369182,0.13026741147
0.712871313095,0.727272748947,0.0964881107211,0.215973138809,0.119485028088
0.722772240639,0.727272748947,0.105468176305,0.214217752218,0.108749575913
0.732673287392,0.727272748947,0.114358045161,0.212498679757,0.0981406345963
0.74257427454,0.727272748947,0.123074345291,0.210820138454,0.0877457931638
0.752475261688,0.727272748947,0.131525874138,0.209185540676,0.0776596665382
0.762376248837,0.727272748947,0.139613896608,0.207598522305,0.0679846256971
0.772277235985,0.727272748947,0.147232979536,0.206061989069,0.0588290095329
0.782178223133,0.727272748947,0.154271751642,0.204578638077,0.0503068864346
0.792079210281,0.727272748947,0.16061398387,0.203150466084,0.0425364822149
0.80198019743,0.727272748947,0.166140854359,0.20177963376,0.0356387794018
0.811881184578,0.727272748947,0.170731678605,0.200467482209,0.0297358036041
0.821782171726,0.727272748947,0.174267455935,0.199215367436,0.0249479115009
0.831683158875,0.727272748947,0.176632344723,0.198023959994,0.0213916152716
0.841584146023,0.727272748947,0.177717015147,0.196893915534,0.0191769003868
0.851485133171,0.727272748947,0.177421331406,0.195825219154,0.0184038877487
0.861386120319,0.727272748947,0.175658017397,0.194818228483,0.0191602110863
0.871287107468,0.727272748947,0.172355249524,0.193872258067,0.021517008543
0.881188154221,0.727272748947,0.167460441589,0.192986905575,0.0255264639854
0.891089081764,0.727272748947,0.16094250977,0.192161262035,0.031218752265
0.900990128517,0.727272748947,0.152795031667,0.191394358873,0.0385993272066
0.910891115665,0.727272748947,0.143038406968,0.190685093403,0.0476466864347
0.920792102814,0.727272748947,0.131720945239,0.190032064915,0.0583111196756
0.930693089962,0.727272748947,0.118920326233,0.18943361938,0.0705132931471
0.94059407711,0.727272748947,0.104743272066,0.188888281584,0.0841450095177
0.950495064259,0.727272748947,0.0893243402243,0.188394248486,0.0990699082613
0.960396051407,0.727272748947,0.0728251487017,0.187949582934,0.115124434233
0.970297038555,0.727272748947,0.0554305836558,0.187552526593,0.132121950388
0.980198025703,0.727272748947,0.0373457595706,0.187200963497,0.149855196476
0.990099012852,0.727272748947,0.0187914967537,0.186892777681,0.168101280928
0.00990098994225,0.737373709679,-0.00213515339419,0.236090064049,0.238225221634
0.0198019798845,0.737373709679,-0.00426832120866,0.236949443817,0.241217762232
0.0297029688954,0.737373709679,-0.00639750994742,0.237819641829,0.244217157364
0.039603959769,0.737373709679,-0.00852070655674,0.238699793816,0.247220501304
0.0495049506426,0.737373709679,-0.01063588541,0.239588931203,0.25022482872
0.0594059377909,0.737373709679,-0.0127409743145,0.240485846996,0.253226816654
0.0693069323897,0.737373709679,-0.0148338684812,0.241388812661,0.256222695112
0.079207919538,0.737373709679,-0.0169124249369,0.242296874523,0.259209305048
0.0891089066863,0.737373709679,-0.0189744159579,0.243208378553,0.262182801962
0.0990099012852,0.737373709679,-0.021017588675,0.244121849537,0.265139430761
0.108910888433,0.737373709679,-0.0230395793915,0.24503543973,0.268075019121
0.118811875582,0.737373709679,-0.0250379629433,0.245947301388,0.270985275507
0.12871286273,0.737373709679,-0.0270102098584,0.246855571866,0.273865789175
0.138613864779,0.737373709679,-0.0289537087083,0.247758343816,0.276712059975
0.148514851928,0.737373709679,-0.0308656990528,0.248653501272,0.279519200325
0.158415839076,0.737373709679,-0.0327433571219,0.249538451433,0.282281816006
0.168316826224,0.737373709679,-0.0345836654305,0.25041115284,0.28499481082
0.178217813373,0.737373709679,-0.0363835021853,0.251269072294,0.28765258193
0.188118815422,0.737373709679,-0.0381395928562,0.252109616995,0.290249198675
0.19801980257,0.737373709679,-0.0398484952748,0.252929985523,0.292778491974
0.207920789719,0.737373709679,-0.0415065549314,0.253727376461,0.295233935118
0.217821776867,0.737373709679,-0.043109998107,0.254499167204,0.29760915041
0.227722764015,0.737373709679,-0.0446547791362,0.255242168903,0.29989695549
0.237623751163,0.737373709679,-0.0461367070675,0.255953162909,0.302089869976
0.247524753213,0.737373709679,-0.0475512892008,0.256629019976,0.304180324078
0.25742572546,0.737373709679,-0.0488938875496,0.257266908884,0.30616080761
0.267326742411,0.737373709679,-0.0501595288515,0.257863074541,0.308022618294
0.277227729559,0.737373709679,-0.0513430349529,0.258414268494,0.309757292271
0.287128716707,0.737373709679,-0.052438929677,0.2589173913,0.311356306076
0.297029703856,0.737373709679,-0.0534414127469,0.259368807077,0.312810212374
0.306930691004,0.737373709679,-0.0543444305658,0.259765207767,0.314109623432
0.316831678152,0.737373709679,-0.0551415905356,0.260103464127,0.315245062113
0.3267326653,0.737373709679,-0.0558262132108,0.260379970074,0.31620618701
0.336633652449,0.737373709679,-0.0563911907375,0.260591804981,0.316982984543
0.346534639597,0.737373709679,-0.0568291768432,0.26073589921,0.317565083504
0.356435626745,0.737373709679,-0.0571324005723,0.260808855295,0.317941248417
0.366336613894,0.737373709679,-0.0572927445173,0.260808348656,0.318101108074
0.376237630844,0.737373709679,-0.0573017150164,0.260731518269,0.318033218384
0.386138617992,0.737373709679,-0.0571505017579,0.260575979948,0.317726492882
0.396039605141,0.737373709679,-0.0568298697472,0.260339379311,0.317169249058
0.405940592289,0.737373709679,-0.0563302561641,0.260020017624,0.316350281239
0.415841579437,0.737373709679,-0.0556417405605,0.259616315365,0.315258055925
0.425742566586,0.737373709679,-0.0547540821135,0.259126633406,0.313880711794
0.435643553734,0.737373709679,-0.0536567009985,0.258550494909,0.312207192183
0.445544540882,0.737373709679,-0.0523387789726,0.257887005806,0.310225784779
0.45544552803,0.737373709679,-0.0507891848683,0.257136195898,0.307925373316
0.465346515179,0.737373709679,-0.0489967130125,0.256298065186,0.305294781923
0.475247502327,0.737373709679,-0.046949878335,0.255373328924,0.30232322216
0.485148519278,0.737373709679,-0.0446372665465,0.25436347723,0.299000740051
0.495049506426,0.737373709679,-0.0420473888516,0.253269791603,0.295317173004
0.504950523376,0.737373709679,-0.0391689352691,0.25209414959,0.291263073683
0.51485145092,0.737373709679,-0.0359908752143,0.250839322805,0.286830186844
0.524752497673,0.737373709679,-0.032502476126,0.249508067966,0.282010555267
0.534653484821,0.737373709679,-0.0286936480552,0.248103886843,0.276797533035
0.54455447197,0.737373709679,-0.024555047974,0.246630370617,0.271185427904
0.554455459118,0.737373709679,-0.020078189671,0.245091915131,0.265170097351
0.564356446266,0.737373709679,-0.0152559569106,0.243492826819,0.25874876976
0.574257433414,0.737373709679,-0.0100825168192,0.241838261485,0.25192078948
0.584158420563,0.737373709679,-0.00455398764461,0.240133225918,0.244687214494
0.594059407711,0.737373709679,0.00133147917222,0.238383367658,0.2370518893
0.603960394859,0.737373709679,0.00757324136794,0.236594259739,0.229021012783
0.613861382008,0.737373709679,0.0141677400097,0.234771847725,0.220604106784
0.623762369156,0.737373709679,0.021108083427,0.232922136784,0.211814045906
0.633663415909,0.737373709679,0.0283836573362,0.23105122149,0.202667564154
0.643564343452,0.737373709679,0.035979334265,0.229165390134,0.193186059594
0.653465390205,0.737373709679,0.0438756458461,0.227270588279,0.183394938707
0.663366317749,0.737373709679,0.0520472861826,0.225373193622,0.173325911164
0.673267364502,0.737373709679,0.0604635849595,0.223478972912,0.163015395403
0.683168292046,0.737373709679,0.0690871551633,0.221593767405,0.152506619692
0.693069338799,0.737373709679,0.0778740569949,0.219723492861,0.141849428415
0.702970266342,0.737373709679,0.0867728516459,0.217873439193,0.131100594997
0.712871313095,0.737373709679,0.0957248583436,0.216048821807,0.120323963463
0.722772240639,0.737373709679,0.104663036764,0.21425460279,0.109591566026
0.732673287392,0.737373709679,0.113512709737,0.212495356798,0.0989826470613
0.74257427454,0.737373709679,0.122190862894,0.210775509477,0.0885846465826
0.752475261688,0.737373709679,0.130606800318,0.209098696709,0.0784918963909
0.762376248837,0.737373709679,0.138662204146,0.207468628883,0.068806424737
0.772277235985,0.737373709679,0.146252155304,0.205888658762,0.059636503458
0.782178223133,0.737373709679,0.153265759349,0.204361483455,0.0510957241058
0.792079210281,0.737373709679,0.159587264061,0.202889636159,0.043302372098
0.80198019743,0.737373709679,0.165098324418,0.201475009322,0.0363766849041
0.811881184578,0.737373709679,0.16967882216,0.200119540095,0.0304407179356
0.821782171726,0.737373709679,0.173210084438,0.198824539781,0.0256144553423
0.831683158875,0.737373709679,0.175576731563,0.197590991855,0.0220142602921
0.841584146023,0.737373709679,0.176669836044,0.196419492364,0.0197496563196
0.851485133171,0.737373709679,0.176389619708,0.195310682058,0.0189210623503
0.861386120319,0.737373709679,0.17464902997,0.194264382124,0.0196153521538
0.871287107468,0.737373709679,0.17137645185,0.193280637264,0.0219041854143
0.881188154221,0.737373709679,0.166519343853,0.192358836532,0.0258394926786
0.891089081764,0.737373709679,0.160046756268,0.191498279572,0.031451523304
0.900990128517,0.737373709679,0.151952028275,0.190698042512,0.0387460142374
0.910891115665,0.737373709679,0.142255499959,0.189957231283,0.0477017313242
0.920792102814,0.737373709679,0.131005078554,0.189274296165,0.0582692176104
0.930693089962,0.737373709679,0.118278078735,0.188647836447,0.0703697577119
0.94059407711,0.737373709679,0.104180641472,0.188076496124,0.0838958546519
0.950495064259,0.737373709679,0.088846758008,0.187558323145,0.0987115651369
0.960396051407,0.737373709679,0.0724372342229,0.187091439962,0.114654205739
0.970297038555,0.737373709679,0.0551361888647,0.186674103141,0.131537914276
0.980198025703,0.737373709679,0.037147834897,0.186304330826,0.149156495929
0.990099012852,0.737373709679,0.0186920277774,0.185979902744,0.167287871242
0.00990098994225,0.747474789619,-0.00212345388718,0.235956713557,0.238080173731
0.0198019798845,0.747474789619,-0.00424494268373,0.236813098192,0.241058036685
0.0297029688954,0.747474789619,-0.00636249128729,0.237680971622,0.244043469429
0.039603959769,0.747474789619,-0.00847410783172,0.238559350371,0.247033461928
0.0495049506426,0.747474789619,-0.0105777885765,0.239446997643,0.250024795532
0.0594059377909,0.747474789619,-0.0126714771613,0.240342393517,0.253013879061
0.0693069323897,0.747474789619,-0.014753093943,0.241244882345,0.255997985601
0.079207919538,0.747474789619,-0.0168205164373,0.242152839899,0.258973360062
0.0891089066863,0.747474789619,-0.0188715364784,0.243064641953,0.261936187744
0.0990099012852,0.747474789619,-0.0209039207548,0.243978843093,0.264882773161
0.108910888433,0.747474789619,-0.0229153279215,0.24489364028,0.267808973789
0.118811875582,0.747474789619,-0.024903357029,0.245807498693,0.270710855722
0.12871286273,0.747474789619,-0.0268655084074,0.246718510985,0.273584008217
0.138613864779,0.747474789619,-0.0287991762161,0.247624337673,0.276423513889
0.148514851928,0.747474789619,-0.030701642856,0.248523086309,0.279224723577
0.158415839076,0.747474789619,-0.0325700901449,0.249412670732,0.281982749701
0.168316826224,0.747474789619,-0.034401550889,0.250290393829,0.284691929817
0.178217813373,0.747474789619,-0.0361929014325,0.251153916121,0.287346810102
0.188118815422,0.747474789619,-0.037940915674,0.252000778913,0.289941698313
0.19801980257,0.747474789619,-0.0396421588957,0.252828240395,0.292470395565
0.207920789719,0.747474789619,-0.0412930212915,0.253633469343,0.29492649436
0.217821776867,0.747474789619,-0.0428897552192,0.254413694143,0.297303438187
0.227722764015,0.747474789619,-0.0444283299148,0.255165874958,0.299594193697
0.237623751163,0.747474789619,-0.0459045991302,0.255886822939,0.30179142952
0.247524753213,0.747474789619,-0.0473141036928,0.256573289633,0.303887397051
0.25742572546,0.747474789619,-0.048652227968,0.257222443819,0.305874675512
0.267326742411,0.747474789619,-0.0499140396714,0.257830679417,0.307744711637
0.277227729559,0.747474789619,-0.0510943941772,0.258394598961,0.309488981962
0.287128716707,0.747474789619,-0.0521878488362,0.258911043406,0.311098903418
0.297029703856,0.747474789619,-0.0531886406243,0.259376734495,0.312565386295
0.306930691004,0.747474789619,-0.0540907494724,0.259787797928,0.313878536224
0.316831678152,0.747474789619,-0.0548878237605,0.260141283274,0.315029114485
0.3267326653,0.747474789619,-0.0555732212961,0.260433703661,0.316006928682
0.336633652449,0.747474789619,-0.056139882654,0.260662078857,0.316801965237
0.346534639597,0.747474789619,-0.0565804876387,0.260822802782,0.317403286695
0.356435626745,0.747474789619,-0.0568873211741,0.260913282633,0.317800611258
0.366336613894,0.747474789619,-0.0570523142815,0.260930448771,0.317982763052
0.376237630844,0.747474789619,-0.0570669807494,0.260871440172,0.317938417196
0.386138617992,0.747474789619,-0.0569226071239,0.260734021664,0.317656636238
0.396039605141,0.747474789619,-0.056609954685,0.260515809059,0.317125767469
0.405940592289,0.747474789619,-0.0561195164919,0.260214716196,0.316334247589
0.415841579437,0.747474789619,-0.0554414428771,0.25982901454,0.315270453691
0.425742566586,0.747474789619,-0.0545654967427,0.259357511997,0.313923001289
0.435643553734,0.747474789619,-0.0534811615944,0.258798897266,0.312280058861
0.445544540882,0.747474789619,-0.0521776676178,0.258152455091,0.310330122709
0.45544552803,0.747474789619,-0.0506439134479,0.257418036461,0.308061957359
0.465346515179,0.747474789619,-0.048868726939,0.256595611572,0.305464327335
0.475247502327,0.747474789619,-0.0468406789005,0.255685925484,0.302526593208
0.485148519278,0.747474789619,-0.0445483699441,0.254689633846,0.29923799634
0.495049506426,0.747474789619,-0.0419803448021,0.253608494997,0.295588850975
0.504950523376,0.747474789619,-0.0391253344715,0.252444028854,0.29156935215
0.51485145092,0.747474789619,-0.0359723083675,0.251198738813,0.287171036005
0.524752497673,0.747474789619,-0.0325105600059,0.24987539649,0.28238594532
0.534653484821,0.747474789619,-0.0287300087512,0.248477250338,0.277207255363
0.54455447197,0.747474789619,-0.0246213003993,0.247007876635,0.271629184484
0.554455459118,0.747474789619,-0.0201759655029,0.245471253991,0.265647232533
0.564356446266,0.747474789619,-0.0153868375346,0.243871986866,0.259258836508
0.574257433414,0.747474789619,-0.0102480845526,0.242214784026,0.252462863922
0.584158420563,0.747474789619,-0.004755764734,0.240504711866,0.245260477066
0.594059407711,0.747474789619,0.00109202391468,0.238747179508,0.237655162811
0.603960394859,0.747474789619,0.00729470606893,0.236947908998,0.229653209448
0.613861382008,0.747474789619,0.013848816976,0.235112726688,0.2212639153
0.623762369156,0.747474789619,0.020747570321,0.233247697353,0.21250012517
0.633663415909,0.747474789619,0.0279804784805,0.231358721852,0.203378245234
0.643564343452,0.747474789619,0.0355325751007,0.229452311993,0.193919733167
0.653465390205,0.747474789619,0.043384552002,0.227534413338,0.184149861336
0.663366317749,0.747474789619,0.0515113025904,0.225611314178,0.174100011587
0.673267364502,0.747474789619,0.0598823986948,0.223689123988,0.163806721568
0.683168292046,0.747474789619,0.068460687995,0.221773788333,0.153313100338
0.693069338799,0.747474789619,0.0772025510669,0.219871029258,0.142668485641
0.702970266342,0.747474789619,0.0860568061471,0.217986643314,0.131929844618
0.712871313095,0.747474789619,0.0949651449919,0.216125756502,0.12116061151
0.722772240639,0.747474789619,0.103860899806,0.214293688536,0.11043278873
0.732673287392,0.747474789619,0.112669788301,0.212495073676,0.0998252853751
0.74257427454,0.747474789619,0.12130921334,0.210734561086,0.0894253477454
0.752475261688,0.747474789619,0.129688903689,0.209016174078,0.0793272703886
0.762376248837,0.747474789619,0.137711077929,0.207343637943,0.0696325600147
0.772277235985,0.747474789619,0.145271241665,0.205720499158,0.060449257493
0.782178223133,0.747474789619,0.152259007096,0.204149767756,0.0518907606602
0.792079210281,0.747474789619,0.158559158444,0.202634006739,0.0440748482943
0.80198019743,0.747474789619,0.16405376792,0.201175689697,0.0371219217777
0.811881184578,0.747474789619,0.168623283505,0.19977645576,0.0311531722546
0.821782171726,0.747474789619,0.172149449587,0.198438122869,0.0262886732817
0.831683158875,0.747474789619,0.174517348409,0.197161987424,0.0226446390152
0.841584146023,0.747474789619,0.175618439913,0.195948645473,0.0203302055597
0.851485133171,0.747474789619,0.175353288651,0.194798693061,0.0194454044104
0.861386120319,0.747474789619,0.173635065556,0.193712443113,0.0200773775578
0.871287107468,0.747474789619,0.170392423868,0.192689806223,0.0222973823547
0.881188154221,0.747474789619,0.1655728966,0.191730469465,0.0261575728655
0.891089081764,0.747474789619,0.159145563841,0.190833956003,0.0316883921623
0.900990128517,0.747474789619,0.151103705168,0.189999341965,0.038895636797
0.910891115665,0.747474789619,0.141467392445,0.189225524664,0.0477581322193
0.920792102814,0.747474789619,0.130284264684,0.188511654735,0.0582273900509
0.930693089962,0.747474789619,0.11763124913,0.187855899334,0.0702246502042
0.94059407711,0.747474789619,0.103613890707,0.187257051468,0.0836431607604
0.950495064259,0.747474789619,0.0883655697107,0.186713144183,0.0983475744724
0.960396051407,0.747474789619,0.0720463693142,0.186222806573,0.114176437259
0.970297038555,0.747474789619,0.0548395179212,0.185783714056,0.13094419241
0.980198025703,0.747474789619,0.0369483493268,0.185394287109,0.148445934057
0.990099012852,0.747474789619,0.0185917764902,0.185052126646,0.166460350156
0.00990098994225,0.757575750351,-0.00211167661473,0.235822483897,0.237934157252
0.0198019798845,0.757575750351,-0.00422140816227,0.236675798893,0.240897208452
0.0297029688954,0.757575750351,-0.00632723933086,0.237540647388,0.243867889047
0.039603959769,0.757575750351,-0.00842719897628,0.238416552544,0.246843755245
0.0495049506426,0.757575750351,-0.0105192987248,0.239302068949,0.24982136488
0.0594059377909,0.757575750351,-0.0126015096903,0.240195900202,0.252797424793
0.0693069323897,0.757575750351,-0.0146717671305,0.241097316146,0.255769073963
0.079207919538,0.757575750351,-0.0167279690504,0.242004439235,0.258732408285
0.0891089066863,0.757575750351,-0.0187679305673,0.242916047573,0.26168397069
0.0990099012852,0.757575750351,-0.0207894425839,0.243830397725,0.264619827271
0.108910888433,0.757575750351,-0.0227901767939,0.244746133685,0.267536312342
0.118811875582,0.757575750351,-0.0247677695006,0.245661303401,0.270429074764
0.12871286273,0.757575750351,-0.0267197247595,0.246574014425,0.273293733597
0.138613864779,0.757575750351,-0.0286434702575,0.247482329607,0.276125788689
0.148514851928,0.757575750351,-0.0305363126099,0.248384103179,0.278920412064
0.158415839076,0.757575750351,-0.0323954559863,0.24927726388,0.281672716141
0.168316826224,0.757575750351,-0.0342179574072,0.250159293413,0.284377247095
0.178217813373,0.757575750351,-0.0360007211566,0.251027613878,0.287028342485
0.188118815422,0.757575750351,-0.0377405360341,0.251880019903,0.289620548487
0.19801980257,0.757575750351,-0.0394340120256,0.252713620663,0.292147636414
0.207920789719,0.757575750351,-0.0410775542259,0.253525882959,0.294603437185
0.217821776867,0.757575750351,-0.0426674596965,0.254313647747,0.296981096268
0.227722764015,0.757575750351,-0.0441997088492,0.2550740242,0.299273729324
0.237623751163,0.757575750351,-0.045670196414,0.255803853273,0.301474034786
0.247524753213,0.757575750351,-0.0470744892955,0.256500154734,0.30357465148
0.25742572546,0.757575750351,-0.0484080016613,0.257159650326,0.305567651987
0.267326742411,0.757575750351,-0.0496658533812,0.25777888298,0.307444751263
0.277227729559,0.757575750351,-0.0508429072797,0.258354723454,0.309197634459
0.287128716707,0.757575750351,-0.0519337765872,0.258883714676,0.310817480087
0.297029703856,0.757575750351,-0.0529327169061,0.259362339973,0.312295049429
0.306930691004,0.757575750351,-0.053833771497,0.259787410498,0.313621193171
0.316831678152,0.757575750351,-0.054630599916,0.260155200958,0.314785808325
0.3267326653,0.757575750351,-0.055316619575,0.260462760925,0.315779387951
0.336633652449,0.757575750351,-0.0558847971261,0.260706722736,0.316591531038
0.346534639597,0.757575750351,-0.0563278608024,0.260883510113,0.317211359739
0.356435626745,0.757575750351,-0.0566381402314,0.260990679264,0.317628830671
0.366336613894,0.757575750351,-0.0568075887859,0.261024683714,0.317832261324
0.376237630844,0.757575750351,-0.056827802211,0.260983109474,0.317810922861
0.386138617992,0.757575750351,-0.0566900745034,0.260863184929,0.317553251982
0.396039605141,0.757575750351,-0.0563852228224,0.260662764311,0.317047983408
0.405940592289,0.757575750351,-0.0559037961066,0.260379582644,0.316283375025
0.415841579437,0.757575750351,-0.0552359670401,0.260011762381,0.31524771452
0.425742566586,0.757575750351,-0.0543715693057,0.259557843208,0.313929408789
0.435643553734,0.757575750351,-0.0533001236618,0.259016662836,0.312316775322
0.445544540882,0.757575750351,-0.0520108789206,0.258387386799,0.310398280621
0.45544552803,0.757575750351,-0.0504928007722,0.257669508457,0.308162301779
0.465346515179,0.757575750351,-0.0487347468734,0.256863176823,0.305597931147
0.475247502327,0.757575750351,-0.0467253252864,0.255968540907,0.302693873644
0.485148519278,0.757575750351,-0.0444531738758,0.254986464977,0.299439638853
0.495049506426,0.757575750351,-0.0419068671763,0.253918319941,0.295825183392
0.504950523376,0.757575750351,-0.0390751622617,0.252765655518,0.291840821505
0.51485145092,0.757575750351,-0.0359470658004,0.251530796289,0.287477850914
0.524752497673,0.757575750351,-0.0325118638575,0.250216275454,0.282728135586
0.534653484821,0.757575750351,-0.0287595037371,0.248825117946,0.27758461237
0.54455447197,0.757575750351,-0.0246806312352,0.24736097455,0.272041618824
0.554455459118,0.757575750351,-0.020266758278,0.245827659965,0.26609441638
0.564356446266,0.757575750351,-0.0155107192695,0.244229361415,0.25974008441
0.574257433414,0.757575750351,-0.0104066431522,0.242570921779,0.25297755003
0.584158420563,0.757575750351,-0.00495055830106,0.240857303143,0.245807856321
0.594059407711,0.757575750351,0.00085950124776,0.239093735814,0.238234236836
0.603960394859,0.757575750351,0.00702302251011,0.237285941839,0.23026292026
0.613861382008,0.757575750351,0.0135366329923,0.235439613461,0.2219029814
0.623762369156,0.757575750351,0.0203936491162,0.233560800552,0.213167145848
0.633663415909,0.757575750351,0.0275837127119,0.231655567884,0.204071849585
0.643564343452,0.757575750351,0.0350920073688,0.229730203748,0.194638192654
0.653465390205,0.757575750351,0.0428993925452,0.227790787816,0.184891402721
0.663366317749,0.757575750351,0.0509809739888,0.225843667984,0.174862697721
0.673267364502,0.757575750351,0.0593065358698,0.223895028234,0.164588496089
0.683168292046,0.757575750351,0.0678391903639,0.221950873733,0.154111683369
0.693069338799,0.757575750351,0.0765355676413,0.220017105341,0.1434815377
0.702970266342,0.757575750351,0.085344851017,0.218099623919,0.132754772902
0.712871313095,0.757575750351,0.0942090302706,0.216203719378,0.121994689107
0.722772240639,0.757575750351,0.103061847389,0.214334830642,0.111272983253
0.732673287392,0.757575750351,0.111829385161,0.212497904897,0.100668519735
0.74257427454,0.757575750351,0.120429486036,0.210697546601,0.090268060565
0.752475261688,0.757575750351,0.128772377968,0.208938196301,0.0801658183336
0.762376248837,0.757575750351,0.136760666966,0.207223668694,0.0704630017281
0.772277235985,0.757575750351,0.144290417433,0.205557763577,0.0612673461437
0.782178223133,0.757575750351,0.151251733303,0.203943714499,0.0526919811964
0.792079210281,0.757575750351,0.157529860735,0.202384233475,0.0448543727398
0.80198019743,0.757575750351,0.163007438183,0.200882092118,0.0378746539354
0.811881184578,0.757575750351,0.167565360665,0.199439167976,0.0318738073111
0.821782171726,0.757575750351,0.171085909009,0.198057338595,0.0269714295864
0.831683158875,0.757575750351,0.173454493284,0.196737885475,0.0232833921909
0.841584146023,0.757575750351,0.174563139677,0.195481941104,0.0209188014269
0.851485133171,0.757575750351,0.174312621355,0.194290369749,0.019977748394
0.861386120319,0.757575750351,0.17261646688,0.193163216114,0.0205467492342
0.871287107468,0.757575750351,0.169403538108,0.192100897431,0.0226973593235
0.881188154221,0.757575750351,0.164621442556,0.191103190184,0.0264817476273
0.891089081764,0.757575750351,0.158239260316,0.190169587731,0.0319303274155
0.900990128517,0.757575750351,0.150250300765,0.189299315214,0.0390490144491
0.910891115665,0.757575750351,0.140674367547,0.188491508365,0.0478171408176
0.920792102814,0.757575750351,0.129558801651,0.187745153904,0.058186352253
0.930693089962,0.757575750351,0.116980068386,0.187058791518,0.0700787231326
0.94059407711,0.757575750351,0.10304325074,0.186431184411,0.0833879336715
0.950495064259,0.757575750351,0.0878809913993,0.185860410333,0.0979794189334
0.960396051407,0.757575750351,0.0716526657343,0.185344874859,0.113692209125
0.970297038555,0.757575750351,0.0545406714082,0.184882819653,0.130342155695
0.980198025703,0.757575750351,0.0367474034429,0.184472233057,0.147724837065
0.990099012852,0.757575750351,0.0184907782823,0.184110969305,0.165620192885
0.00990098994225,0.767676770687,-0.00209982646629,0.235687986016,0.237787812948
0.0198019798845,0.767676770687,-0.0041977269575,0.236537665129,0.240735396743
0.0297029688954,0.767676770687,-0.00629176525399,0.237399592996,0.24369135499
0.039603959769,0.767676770687,-0.00837999302894,0.238272503018,0.246652498841
0.0495049506426,0.767676770687,-0.0104604391381,0.239155367017,0.249615803361
0.0594059377909,0.767676770687,-0.0125310933217,0.240047499537,0.25257858634
0.0693069323897,0.767676770687,-0.0145899169147,0.240946963429,0.255536884069
0.079207919538,0.767676770687,-0.0166348200291,0.241852775216,0.258487582207
0.0891089066863,0.767676770687,-0.0186636447906,0.242763578892,0.261427223682
0.0990099012852,0.767676770687,-0.0206741988659,0.243677586317,0.264351785183
0.108910888433,0.767676770687,-0.0226641818881,0.2445936203,0.267257809639
0.118811875582,0.767676770687,-0.0246312431991,0.245509058237,0.27014029026
0.12871286273,0.767676770687,-0.0265729129314,0.246423214674,0.272996127605
0.138613864779,0.767676770687,-0.0284866467118,0.247333109379,0.27581974864
0.148514851928,0.767676770687,-0.0303697697818,0.248237162828,0.278606921434
0.158415839076,0.767676770687,-0.0322195142508,0.249133095145,0.281352609396
0.168316826224,0.767676770687,-0.0340329557657,0.250018596649,0.284051537514
0.178217813373,0.767676770687,-0.0358070246875,0.250891089439,0.286698102951
0.188118815422,0.767676770687,-0.0375385470688,0.251748144627,0.289286702871
0.19801980257,0.767676770687,-0.0392241477966,0.252587139606,0.291811287403
0.207920789719,0.767676770687,-0.0408602654934,0.253405421972,0.294265687466
0.217821776867,0.767676770687,-0.0424432121217,0.254199922085,0.296643137932
0.227722764015,0.767676770687,-0.0439690202475,0.254967540503,0.298936545849
0.237623751163,0.767676770687,-0.0454335995018,0.255705654621,0.301139265299
0.247524753213,0.767676770687,-0.0468325577676,0.25641053915,0.303243100643
0.25742572546,0.767676770687,-0.0481613315642,0.257079482079,0.305240809917
0.267326742411,0.767676770687,-0.0494150780141,0.257709026337,0.307124108076
0.277227729559,0.767676770687,-0.0505887009203,0.258295595646,0.308884292841
0.287128716707,0.767676770687,-0.0516768321395,0.258836120367,0.310512959957
0.297029703856,0.767676770687,-0.0526737868786,0.259327054024,0.312000840902
0.306930691004,0.767676770687,-0.0535736270249,0.25976485014,0.31333848834
0.316831678152,0.767676770687,-0.0543700605631,0.260146379471,0.314516425133
0.3267326653,0.767676770687,-0.0550565421581,0.260468035936,0.315524578094
0.336633652449,0.767676770687,-0.0556260719895,0.260726630688,0.316352695227
0.346534639597,0.767676770687,-0.05607143417,0.260919004679,0.316990435123
0.356435626745,0.767676770687,-0.0563849881291,0.261041879654,0.317426860332
0.366336613894,0.767676770687,-0.0565587393939,0.261092215776,0.317650943995
0.376237630844,0.767676770687,-0.0565843209624,0.261067301035,0.317651629448
0.386138617992,0.767676770687,-0.0564530640841,0.260964423418,0.317417502403
0.396039605141,0.767676770687,-0.0561558492482,0.26078119874,0.316937059164
0.405940592289,0.767676770687,-0.0556832626462,0.260515213013,0.316198468208
0.415841579437,0.767676770687,-0.0550255142152,0.260165065527,0.315190583467
0.425742566586,0.767676770687,-0.0541724935174,0.259728550911,0.313901036978
0.435643553734,0.767676770687,-0.0531137622893,0.259204685688,0.312318444252
0.445544540882,0.767676770687,-0.0518385991454,0.258592396975,0.310431003571
0.45544552803,0.767676770687,-0.0503360368311,0.257891178131,0.308227211237
0.465346515179,0.767676770687,-0.0485949628055,0.257100731134,0.305695682764
0.475247502327,0.767676770687,-0.0466040112078,0.256221532822,0.302825540304
0.485148519278,0.767676770687,-0.044351875782,0.255254030228,0.29960590601
0.495049506426,0.767676770687,-0.0418271571398,0.254199385643,0.296026527882
0.504950523376,0.767676770687,-0.0390186347067,0.253059238195,0.292077869177
0.51485145092,0.767676770687,-0.035915337503,0.251835465431,0.287750810385
0.524752497673,0.767676770687,-0.0325065925717,0.25053063035,0.283037215471
0.534653484821,0.767676770687,-0.0287823285908,0.249147549272,0.277929872274
0.54455447197,0.767676770687,-0.0247332211584,0.247689560056,0.272422790527
0.554455459118,0.767676770687,-0.0203507617116,0.246160626411,0.266511380672
0.564356446266,0.767676770687,-0.0156277827919,0.244564637542,0.260192424059
0.574257433414,0.767676770687,-0.0105583770201,0.242906361818,0.253464728594
0.584158420563,0.767676770687,-0.00513854017481,0.241190522909,0.246329069138
0.594059407711,0.767676770687,0.000633743475191,0.239422470331,0.238788723946
0.603960394859,0.767676770687,0.00675803609192,0.237607687712,0.230849653482
0.613861382008,0.767676770687,0.0132310446352,0.235751867294,0.222520828247
0.623762369156,0.767676770687,0.0200461950153,0.233861029148,0.213814839721
0.633663415909,0.767676770687,0.0271932445467,0.231941074133,0.204747825861
0.643564343452,0.767676770687,0.0346575342119,0.22999843955,0.195340901613
0.653465390205,0.767676770687,0.0424200966954,0.228039160371,0.185619056225
0.663366317749,0.767676770687,0.0504562184215,0.226069718599,0.175613492727
0.673267364502,0.767676770687,0.058735921979,0.224096134305,0.165360212326
0.683168292046,0.767676770687,0.0672225728631,0.222124636173,0.154902070761
0.693069338799,0.767676770687,0.0758730992675,0.22016133368,0.144288241863
0.702970266342,0.767676770687,0.0846369490027,0.218212068081,0.133575111628
0.712871313095,0.767676770687,0.0934565365314,0.216282457113,0.122825920582
0.722772240639,0.767676770687,0.102265894413,0.2143779248,0.112112030387
0.732673287392,0.767676770687,0.110991552472,0.21250359714,0.101512044668
0.74257427454,0.767676770687,0.119551800191,0.21066442132,0.0911126211286
0.752475261688,0.767676770687,0.127857282758,0.208864867687,0.0810075849295
0.762376248837,0.767676770687,0.135811105371,0.207109078765,0.0712979733944
0.772277235985,0.767676770687,0.143309831619,0.205400943756,0.0620911121368
0.782178223133,0.767676770687,0.150244057178,0.203743770719,0.0534997135401
0.792079210281,0.767676770687,0.156499579549,0.20214086771,0.0456412881613
0.80198019743,0.767676770687,0.161959514022,0.200594976544,0.0386354625225
0.811881184578,0.767676770687,0.16650532186,0.199108079076,0.0326027572155
0.821782171726,0.767676770687,0.17001965642,0.197682335973,0.027662679553
0.831683158875,0.767676770687,0.172388508916,0.196319535375,0.0239310264587
0.841584146023,0.767676770687,0.173504218459,0.195020511746,0.0215162932873
0.851485133171,0.767676770687,0.173267960548,0.193786486983,0.0205185264349
0.861386120319,0.767676770687,0.17159357667,0.192617967725,0.0210243910551
0.871287107468,0.767676770687,0.168410077691,0.191515192389,0.0231051146984
0.881188154221,0.767676770687,0.163665264845,0.190478011966,0.0268127471209
0.891089081764,0.767676770687,0.157328218222,0.189506173134,0.0321779549122
0.900990128517,0.767676770687,0.149392142892,0.18859924376,0.0392071008682
0.910891115665,0.767676770687,0.139876708388,0.187756285071,0.047879576683
0.920792102814,0.767676770687,0.128828927875,0.186976283789,0.0581473559141
0.930693089962,0.767676770687,0.116324812174,0.186258032918,0.0699332207441
0.94059407711,0.767676770687,0.102468892932,0.185600176454,0.0831312835217
0.950495064259,0.767676770687,0.0873932018876,0.18500110507,0.0976079031825
0.960396051407,0.767676770687,0.0712563171983,0.184459105134,0.113202787936
0.970297038555,0.767676770687,0.0542397834361,0.183972492814,0.129732713103
0.980198025703,0.767676770687,0.0365450456738,0.183539241552,0.146994203329
0.990099012852,0.767676770687,0.0183890797198,0.183157444,0.164768368006
0.00990098994225,0.777777791023,-0.00208790809847,0.235553756356,0.237641662359
0.0198019798845,0.777777791023,-0.00417390977964,0.236399546266,0.240573450923
0.0297029688954,0.777777791023,-0.0062560881488,0.237257704139,0.243513792753
0.039603959769,0.777777791023,-0.00833251327276,0.238127559423,0.246460080147
0.0495049506426,0.777777791023,-0.0104012358934,0.239007636905,0.249408870935
0.0594059377909,0.777777791023,-0.012460263446,0.239896997809,0.252357274294
0.0693069323897,0.777777791023,-0.0145075777546,0.240794330835,0.25530192256
0.079207919538,0.777777791023,-0.0165411103517,0.241698563099,0.258239686489
0.0891089066863,0.777777791023,-0.0185587219894,0.242607906461,0.261166632175
0.0990099012852,0.777777791023,-0.0205582473427,0.243520990014,0.264079242945
0.108910888433,0.777777791023,-0.0225373953581,0.244436427951,0.266973823309
0.118811875582,0.777777791023,-0.0244938451797,0.245352178812,0.269846022129
0.12871286273,0.777777791023,-0.0264251548797,0.246266707778,0.272691875696
0.138613864779,0.777777791023,-0.0283287893981,0.247177660465,0.275506436825
0.148514851928,0.777777791023,-0.0302021056414,0.248083353043,0.278285443783
0.158415839076,0.777777791023,-0.0320423580706,0.248981356621,0.281023710966
0.168316826224,0.777777791023,-0.0338466465473,0.24986936152,0.283716022968
0.178217813373,0.777777791023,-0.0356119275093,0.250745326281,0.28635725379
0.188118815422,0.777777791023,-0.0373350530863,0.251606315374,0.288941383362
0.19801980257,0.777777791023,-0.0390126742423,0.2524497509,0.291462421417
0.207920789719,0.777777791023,-0.040641259402,0.253273189068,0.293914437294
0.217821776867,0.777777791023,-0.0422171391547,0.254073351622,0.296290487051
0.227722764015,0.777777791023,-0.0437363944948,0.254847615957,0.298584014177
0.237623751163,0.777777791023,-0.0451949499547,0.255592703819,0.300787657499
0.247524753213,0.777777791023,-0.046588446945,0.256305456161,0.302893906832
0.25742572546,0.777777791023,-0.0479123555124,0.256983011961,0.304895371199
0.267326742411,0.777777791023,-0.0491618700325,0.257621616125,0.306783497334
0.277227729559,0.777777791023,-0.0503319241107,0.258218228817,0.308550149202
0.287128716707,0.777777791023,-0.0514171905816,0.258769482374,0.310186684132
0.297029703856,0.777777791023,-0.0524120107293,0.259271591902,0.311683595181
0.306930691004,0.777777791023,-0.0533104948699,0.259721487761,0.313031971455
0.316831678152,0.777777791023,-0.0541063882411,0.260115534067,0.314221918583
0.3267326653,0.777777791023,-0.0547931790352,0.260450571775,0.315243750811
0.336633652449,0.777777791023,-0.0553639121354,0.260723233223,0.316087156534
0.346534639597,0.777777791023,-0.0558114089072,0.260929912329,0.316741317511
0.356435626745,0.777777791023,-0.0561280809343,0.261067807674,0.317195892334
0.366336613894,0.777777791023,-0.0563059709966,0.261133760214,0.317439734936
0.376237630844,0.777777791023,-0.0563367493451,0.261124759912,0.317461520433
0.386138617992,0.777777791023,-0.0562118031085,0.261038333178,0.317250132561
0.396039605141,0.777777791023,-0.0559220537543,0.260871738195,0.3167937994
0.405940592289,0.777777791023,-0.0554581321776,0.260622888803,0.316081017256
0.415841579437,0.777777791023,-0.0548103116453,0.260289639235,0.315099954605
0.425742566586,0.777777791023,-0.0539684854448,0.259870290756,0.313838779926
0.435643553734,0.777777791023,-0.0529222898185,0.259363442659,0.312285721302
0.445544540882,0.777777791023,-0.0516610704362,0.258767962456,0.310429036617
0.45544552803,0.777777791023,-0.0501738451421,0.258083462715,0.308257311583
0.465346515179,0.777777791023,-0.0484495870769,0.257309168577,0.305758744478
0.475247502327,0.777777791023,-0.0464769676328,0.25644543767,0.302922397852
0.485148519278,0.777777791023,-0.0442446954548,0.255492836237,0.299737542868
0.495049506426,0.777777791023,-0.0417414307594,0.254452198744,0.296193629503
0.504950523376,0.777777791023,-0.0389559678733,0.2533249259,0.292280882597
0.51485145092,0.777777791023,-0.0358773469925,0.252112925053,0.287990272045
0.524752497673,0.777777791023,-0.0324949510396,0.25081846118,0.283313423395
0.534653484821,0.777777791023,-0.028798699379,0.249444261193,0.278242945671
0.54455447197,0.777777791023,-0.024779278785,0.247993692756,0.272772967815
0.554455459118,0.777777791023,-0.0204281788319,0.246470063925,0.266898244619
0.564356446266,0.777777791023,-0.0157382171601,0.244877591729,0.260615795851
0.574257433414,0.777777791023,-0.0107034668326,0.243220821023,0.253924280405
0.584158420563,0.777777791023,-0.00531988358125,0.241504281759,0.246824160218
0.594059407711,0.777777791023,0.000414597248891,0.239733114839,0.239318519831
0.603960394859,0.777777791023,0.00649960106239,0.237913012505,0.231413409114
0.613861382008,0.777777791023,0.0129319196567,0.23604914546,0.223117232323
0.623762369156,0.777777791023,0.0197050813586,0.234147846699,0.214442759752
0.633663415909,0.777777791023,0.0268089696765,0.232214853168,0.205405890942
0.643564343452,0.777777791023,0.0342290699482,0.230256557465,0.196027487516
0.653465390205,0.777777791023,0.0419465750456,0.228279158473,0.186332583427
0.663366317749,0.777777791023,0.0499369911849,0.226288855076,0.176351860166
0.673267364502,0.777777791023,0.0581705532968,0.224292054772,0.16612149775
0.683168292046,0.777777791023,0.0666108727455,0.222294852138,0.155683979392
0.693069338799,0.777777791023,0.0752151682973,0.220303446054,0.145088285208
0.702970266342,0.777777791023,0.0839332044125,0.218323871493,0.134390667081
0.712871313095,0.777777791023,0.0927077382803,0.216361761093,0.123654022813
0.722772240639,0.777777791023,0.10147318244,0.214422851801,0.112949669361
0.732673287392,0.777777791023,0.110156469047,0.212512299418,0.102355830371
0.74257427454,0.777777791023,0.118676304817,0.210635200143,0.0919588953257
0.752475261688,0.777777791023,0.126943841577,0.208796218038,0.081852376461
0.762376248837,0.777777791023,0.134862631559,0.206999927759,0.0721372961998
0.772277235985,0.777777791023,0.142329767346,0.205250009894,0.062920242548
0.782178223133,0.777777791023,0.149236321449,0.203550368547,0.0543140470982
0.792079210281,0.777777791023,0.15546862781,0.201904252172,0.046435624361
0.80198019743,0.777777791023,0.160910412669,0.200314611197,0.0394041985273
0.811881184578,0.777777791023,0.165443480015,0.198783904314,0.0333404242992
0.821782171726,0.777777791023,0.168951109052,0.197314247489,0.0283631384373
0.831683158875,0.777777791023,0.17131973803,0.195907577872,0.0245878398418
0.841584146023,0.777777791023,0.172442063689,0.194565311074,0.022123247385
0.851485133171,0.777777791023,0.172219708562,0.193288341165,0.0210686326027
0.861386120319,0.777777791023,0.170566752553,0.192077636719,0.0215108841658
0.871287107468,0.777777791023,0.16741245985,0.190933540463,0.0235210806131
0.881188154221,0.777777791023,0.162704765797,0.189856112003,0.0271513462067
0.891089081764,0.777777791023,0.156412795186,0.188845232129,0.0324324369431
0.900990128517,0.777777791023,0.14852963388,0.187900513411,0.0393708795309
0.910891115665,0.777777791023,0.139074802399,0.187021195889,0.0479463934898
0.920792102814,0.777777791023,0.12809497118,0.186206296086,0.0581113249063
0.930693089962,0.777777791023,0.115665756166,0.185454875231,0.0697891190648
0.94059407711,0.777777791023,0.101891130209,0.184765443206,0.0828743129969
0.950495064259,0.777777791023,0.0869024321437,0.184136807919,0.0972343757749
0.960396051407,0.777777791023,0.0708574876189,0.183566898108,0.112709410489
0.970297038555,0.777777791023,0.0539369694889,0.183054357767,0.129117384553
0.980198025703,0.777777791023,0.036341406405,0.18259704113,0.146255642176
0.990099012852,0.777777791023,0.0182867199183,0.182193130255,0.163906410336
0.00990098994225,0.787878751755,-0.00207592570223,0.235420420766,0.237496346235
0.0198019798845,0.787878751755,-0.00414996407926,0.236262023449,0.24041198194
0.0297029688954,0.787878751755,-0.00622021779418,0.237116366625,0.243336588144
0.039603959769,0.787878751755,-0.00828477460891,0.237982437015,0.246267214417
0.0495049506426,0.787878751755,-0.0103417066857,0.238859161735,0.249200865626
0.0594059377909,0.787878751755,-0.0123890405521,0.239745616913,0.252134650946
0.0693069323897,0.787878751755,-0.0144247794524,0.240640476346,0.255065262318
0.079207919538,0.787878751755,-0.0164468698204,0.241542324424,0.257989197969
0.0891089066863,0.787878751755,-0.0184531994164,0.242449820042,0.260903030634
0.0990099012852,0.787878751755,-0.0204416140914,0.243361458182,0.263803064823
0.108910888433,0.787878751755,-0.0224098563194,0.244275778532,0.266685634851
0.118811875582,0.787878751755,-0.0243556220084,0.245191022754,0.269546657801
0.12871286273,0.787878751755,-0.0262764841318,0.246105313301,0.272381782532
0.138613864779,0.787878751755,-0.0281699448824,0.247016713023,0.275186657906
0.148514851928,0.787878751755,-0.0300333704799,0.247923135757,0.277956515551
0.158415839076,0.787878751755,-0.0318640358746,0.248822525144,0.280686557293
0.168316826224,0.787878751755,-0.0336590856314,0.249712556601,0.283371627331
0.178217813373,0.787878751755,-0.0354154855013,0.250591009855,0.286006510258
0.188118815422,0.787878751755,-0.0371301136911,0.251455098391,0.288585215807
0.19801980257,0.787878751755,-0.0387996584177,0.252302378416,0.291102051735
0.207920789719,0.787878751755,-0.0404206067324,0.253129929304,0.293550550938
0.217821776867,0.787878751755,-0.0419893190265,0.253935188055,0.295924514532
0.227722764015,0.787878751755,-0.0435019023716,0.254714936018,0.298216849566
0.237623751163,0.787878751755,-0.0449543222785,0.255466431379,0.300420761108
0.247524753213,0.787878751755,-0.0463422425091,0.25618609786,0.302528351545
0.25742572546,0.787878751755,-0.0476611666381,0.25687122345,0.304532378912
0.267326742411,0.787878751755,-0.0489063262939,0.257518321276,0.30642464757
0.277227729559,0.787878751755,-0.0500726811588,0.258123874664,0.308196544647
0.287128716707,0.787878751755,-0.051154948771,0.258684664965,0.309839606285
0.297029703856,0.787878751755,-0.0521475039423,0.259197294712,0.31134480238
0.306930691004,0.787878751755,-0.0530444942415,0.259658247232,0.312702745199
0.316831678152,0.787878751755,-0.0538396947086,0.260064065456,0.313903748989
0.3267326653,0.787878751755,-0.0545266456902,0.260411649942,0.314938306808
0.336633652449,0.787878751755,-0.0550984293222,0.260697036982,0.315795481205
0.346534639597,0.787878751755,-0.0555479153991,0.26091760397,0.316465526819
0.356435626745,0.787878751755,-0.0558675378561,0.261069685221,0.316937208176
0.366336613894,0.787878751755,-0.0560494065285,0.261150538921,0.31719994545
0.376237630844,0.787878751755,-0.0560852251947,0.261156797409,0.317242026329
0.386138617992,0.787878751755,-0.0559664331377,0.261086076498,0.317052513361
0.396039605141,0.787878751755,-0.0556839816272,0.260935604572,0.316619575024
0.405940592289,0.787878751755,-0.0552285611629,0.26070317626,0.315931737423
0.415841579437,0.787878751755,-0.0545904897153,0.260386377573,0.314976871014
0.425742566586,0.787878751755,-0.0537597090006,0.259983897209,0.313743591309
0.435643553734,0.787878751755,-0.052725892514,0.25949382782,0.312219709158
0.445544540882,0.787878751755,-0.0514784194529,0.258915096521,0.310393512249
0.45544552803,0.787878751755,-0.0500064007938,0.258246839046,0.308253228664
0.465346515179,0.787878751755,-0.0482988022268,0.257488757372,0.305787563324
0.475247502327,0.787878751755,-0.0463443510234,0.256640851498,0.302985191345
0.485148519278,0.787878751755,-0.0441318117082,0.255703121424,0.299834936857
0.495049506426,0.787878751755,-0.041649851948,0.25467684865,0.296326696873
0.504950523376,0.787878751755,-0.0388873144984,0.253563076258,0.292450398207
0.51485145092,0.787878751755,-0.0358332805336,0.252363353968,0.288196623325
0.524752497673,0.787878751755,-0.0324771106243,0.251079916954,0.283557027578
0.534653484821,0.787878751755,-0.0288087837398,0.249715566635,0.278524339199
0.54455447197,0.787878751755,-0.0248189717531,0.248273104429,0.273092091084
0.554455459118,0.787878751755,-0.0204991716892,0.246756032109,0.267255216837
0.564356446266,0.787878751755,-0.0158421825618,0.245168179274,0.261010348797
0.574257433414,0.787878751755,-0.0108420662582,0.243514120579,0.254356175661
0.584158420563,0.787878751755,-0.00549473799765,0.241798058152,0.247292801738
0.594059407711,0.787878751755,0.000201910326723,0.240025401115,0.239823490381
0.603960394859,0.787878751755,0.00624757446349,0.238201200962,0.231953620911
0.613861382008,0.787878751755,0.0126391230151,0.236331030726,0.223691910505
0.623762369156,0.787878751755,0.0193701870739,0.234420910478,0.215050727129
0.633663415909,0.787878751755,0.0264307744801,0.232476353645,0.206045582891
0.643564343452,0.787878751755,0.0338065102696,0.23050417006,0.19669765234
0.653465390205,0.787878751755,0.0414787568152,0.228510156274,0.187031403184
0.663366317749,0.787878751755,0.0494232214987,0.226500734687,0.177077516913
0.673267364502,0.787878751755,0.0576103590429,0.224482238293,0.166871875525
0.683168292046,0.787878751755,0.0660040304065,0.222460925579,0.156456887722
0.693069338799,0.787878751755,0.0745617374778,0.220443055034,0.145881325006
0.702970266342,0.787878751755,0.0832335799932,0.218434602022,0.135201022029
0.712871313095,0.787878751755,0.0919626355171,0.216441318393,0.124478682876
0.722772240639,0.787878751755,0.100683704019,0.214469373226,0.113785669208
0.732673287392,0.787878751755,0.109324134886,0.212523669004,0.103199534118
0.74257427454,0.787878751755,0.11780308187,0.210609674454,0.0928065925837
0.752475261688,0.787878751755,0.126032114029,0.20873247087,0.0827003568411
0.762376248837,0.787878751755,0.133915320039,0.206896200776,0.0729808807373
0.772277235985,0.787878751755,0.141350269318,0.20510533452,0.0637550652027
0.782178223133,0.787878751755,0.148228615522,0.203363776207,0.0551351606846
0.792079210281,0.787878751755,0.154437199235,0.201674729586,0.0472375303507
0.80198019743,0.787878751755,0.159860193729,0.200041621923,0.040181428194
0.811881184578,0.787878751755,0.164380028844,0.198467150331,0.0340871214867
0.821782171726,0.787878751755,0.16788046062,0.196953609586,0.0290731489658
0.831683158875,0.787878751755,0.170248374343,0.195503026247,0.0252546519041
0.841584146023,0.787878751755,0.171376928687,0.194116935134,0.0227400064468
0.851485133171,0.787878751755,0.171168074012,0.192796766758,0.0216286927462
0.861386120319,0.787878751755,0.169536232948,0.191543236375,0.0220070034266
0.871287107468,0.787878751755,0.166410937905,0.190357133746,0.0239461958408
0.881188154221,0.787878751755,0.16174018383,0.189238667488,0.0274984836578
0.891089081764,0.787878751755,0.155493184924,0.188187882304,0.0326946973801
0.900990128517,0.787878751755,0.147662967443,0.187204241753,0.0395412743092
0.910891115665,0.787878751755,0.138268813491,0.186287462711,0.0480186492205
0.920792102814,0.787878751755,0.127357140183,0.185436666012,0.0580795258284
0.930693089962,0.787878751755,0.115003086627,0.184650838375,0.0696477517486
0.94059407711,0.787878751755,0.101310074329,0.183928653598,0.0826185792685
0.950495064259,0.787878751755,0.086408816278,0.183268755674,0.0968599393964
0.960396051407,0.787878751755,0.0704562962055,0.182669863105,0.112213566899
0.970297038555,0.787878751755,0.0536323525012,0.18212968111,0.128497332335
0.980198025703,0.787878751755,0.0361365266144,0.181646898389,0.1455103755
0.990099012852,0.787878751755,0.0181837361306,0.181219473481,0.163035735488
0.00990098994225,0.797979831696,-0.00206388370134,0.235288619995,0.237352505326
0.0198019798845,0.797979831696,-0.00412589870393,0.236125856638,0.240251749754
0.0297029688954,0.797979831696,-0.00618416676298,0.236975759268,0.243159919977
0.039603959769,0.797979831696,-0.00823679659516,0.237837895751,0.246074691415
0.0495049506426,0.797979831696,-0.0102818775922,0.238711088896,0.248992964625
0.0594059377909,0.797979831696,-0.0123174553737,0.239593923092,0.251911371946
0.0693069323897,0.797979831696,-0.0143415518105,0.240485653281,0.254827201366
0.079207919538,0.797979831696,-0.0163521394134,0.241384848952,0.257736980915
0.0891089066863,0.797979831696,-0.0183471161872,0.242289945483,0.260637074709
0.0990099012852,0.797979831696,-0.0203243605793,0.243199631572,0.263523995876
0.108910888433,0.797979831696,-0.0222816262394,0.244112432003,0.266394048929
0.118811875582,0.797979831696,-0.0242166295648,0.245026350021,0.269242972136
0.12871286273,0.797979831696,-0.0261269751936,0.245940133929,0.27206709981
0.138613864779,0.797979831696,-0.0280101783574,0.246851012111,0.274861186743
0.148514851928,0.797979831696,-0.0298636313528,0.247757926583,0.277621567249
0.158415839076,0.797979831696,-0.031684640795,0.248657941818,0.280342578888
0.168316826224,0.797979831696,-0.0334703624249,0.249549254775,0.283019602299
0.178217813373,0.797979831696,-0.0352177917957,0.250429481268,0.285647273064
0.188118815422,0.797979831696,-0.0369238443673,0.251295775175,0.288219630718
0.19801980257,0.797979831696,-0.0385852083564,0.252145946026,0.290731161833
0.207920789719,0.797979831696,-0.0401984155178,0.252976983786,0.293175399303
0.217821776867,0.797979831696,-0.0417598709464,0.253786325455,0.295546203852
0.227722764015,0.797979831696,-0.0432656779885,0.254570871592,0.29783654213
0.237623751163,0.797979831696,-0.0447118468583,0.255327701569,0.300039559603
0.247524753213,0.797979831696,-0.0460940785706,0.256053417921,0.302147507668
0.25742572546,0.797979831696,-0.0474079065025,0.256745219231,0.304153114557
0.267326742411,0.797979831696,-0.0486485846341,0.257399708033,0.306048303843
0.277227729559,0.797979831696,-0.0498111210763,0.258013337851,0.307824462652
0.287128716707,0.797979831696,-0.0508902594447,0.258582949638,0.309473216534
0.297029703856,0.797979831696,-0.051880415529,0.259105056524,0.310985475779
0.306930691004,0.797979831696,-0.0527757741511,0.259576261044,0.312352031469
0.316831678152,0.797979831696,-0.0535701438785,0.259992927313,0.313563078642
0.3267326653,0.797979831696,-0.0542571246624,0.260351866484,0.314608991146
0.336633652449,0.797979831696,-0.05482981354,0.260649710894,0.315479516983
0.346534639597,0.797979831696,-0.0552811287344,0.260883063078,0.316164195538
0.356435626745,0.797979831696,-0.0556035600603,0.26104849577,0.316652059555
0.366336613894,0.797979831696,-0.0557892434299,0.261143386364,0.316932618618
0.376237630844,0.797979831696,-0.055829949677,0.261164277792,0.316994220018
0.386138617992,0.797979831696,-0.0557171404362,0.261108666658,0.316825807095
0.396039605141,0.797979831696,-0.0554418377578,0.260973662138,0.31641548872
0.405940592289,0.797979831696,-0.0549947544932,0.260756999254,0.315751761198
0.415841579437,0.797979831696,-0.054366260767,0.260456413031,0.314822673798
0.425742566586,0.797979831696,-0.0535463578999,0.26007014513,0.313616514206
0.435643553734,0.797979831696,-0.0525247640908,0.259596526623,0.312121301889
0.445544540882,0.797979831696,-0.0512908957899,0.259034216404,0.310325115919
0.45544552803,0.797979831696,-0.0498339124024,0.258382350206,0.308216273785
0.465346515179,0.797979831696,-0.048142824322,0.257640302181,0.305783122778
0.475247502327,0.797979831696,-0.0462064035237,0.256808012724,0.303014427423
0.485148519278,0.797979831696,-0.0440134331584,0.255885660648,0.299899101257
0.495049506426,0.797979831696,-0.0415526404977,0.254873752594,0.296426385641
0.504950523376,0.797979831696,-0.0388129092753,0.253773748875,0.292586654425
0.51485145092,0.797979831696,-0.0357833243906,0.252586871386,0.288370192051
0.524752497673,0.797979831696,-0.0324532873929,0.251315355301,0.28376865387
0.534653484821,0.797979831696,-0.0288127828389,0.249961331487,0.278774112463
0.54455447197,0.797979831696,-0.0248524975032,0.248527869582,0.273380368948
0.554455459118,0.797979831696,-0.0205639246851,0.247018307447,0.26758223772
0.564356446266,0.797979831696,-0.0159398689866,0.245436325669,0.261376202106
0.574257433414,0.797979831696,-0.0109743541107,0.243785977364,0.254760324955
0.584158420563,0.797979831696,-0.00566327665001,0.242071837187,0.247735112906
0.594059407711,0.797979831696,-4.47155707661e-06,0.240298867226,0.240303337574
0.603960394859,0.797979831696,0.00600181007758,0.23847207427,0.23247025907
0.613861382008,0.797979831696,0.0123525233939,0.236597076058,0.22424454987
0.623762369156,0.797979831696,0.0190413929522,0.234679564834,0.215638175607
0.633663415909,0.797979831696,0.0260585509241,0.232725307345,0.206666752696
0.643564343452,0.797979831696,0.0333897583187,0.230740740895,0.197350978851
0.653465390205,0.797979831696,0.0410165674984,0.22873185575,0.187715291977
0.663366317749,0.797979831696,0.0489148497581,0.226704865694,0.177790015936
0.673267364502,0.797979831696,0.0570553019643,0.224666535854,0.167611241341
0.683168292046,0.797979831696,0.0654020309448,0.222622558475,0.15722052753
0.693069338799,0.797979831696,0.0739128366113,0.220579683781,0.14666685462
0.702970266342,0.797979831696,0.0825381204486,0.218543753028,0.13600564003
0.712871313095,0.797979831696,0.0912212878466,0.216520950198,0.125299662352
0.722772240639,0.797979831696,0.0998975634575,0.214517131448,0.11461956799
0.732673287392,0.797979831696,0.1084946841,0.212537661195,0.104042977095
0.74257427454,0.797979831696,0.116932228208,0.210588142276,0.0936559140682
0.752475261688,0.797979831696,0.125122264028,0.208673328161,0.0835510641336
0.762376248837,0.797979831696,0.132969409227,0.206798225641,0.0738288164139
0.772277235985,0.797979831696,0.140371635556,0.204967156053,0.0645955204964
0.782178223133,0.797979831696,0.14722122252,0.203184083104,0.0559628605843
0.792079210281,0.797979831696,0.153405487537,0.2014529109,0.0480474233627
0.80198019743,0.797979831696,0.158809199929,0.199776664376,0.040967464447
0.811881184578,0.797979831696,0.163315296173,0.198158606887,0.0348433107138
0.821782171726,0.797979831696,0.166808053851,0.196601137519,0.0297930836678
0.831683158875,0.797979831696,0.169174790382,0.195106551051,0.0259317606688
0.841584146023,0.797979831696,0.170309156179,0.193676605821,0.0233674496412
0.851485133171,0.797979831696,0.170113444328,0.192312642932,0.0221991986036
0.861386120319,0.797979831696,0.168502449989,0.191015958786,0.0225135087967
0.871287107468,0.797979831696,0.165405869484,0.189787179232,0.0243813097477
0.881188154221,0.797979831696,0.160771906376,0.188627034426,0.0278551280499
0.891089081764,0.797979831696,0.15456981957,0.18753528595,0.0329654663801
0.900990128517,0.797979831696,0.146792531013,0.186511963606,0.0397194325924
0.910891115665,0.797979831696,0.137459129095,0.18555675447,0.0480976253748
0.920792102814,0.797979831696,0.126615762711,0.18466886878,0.0580531060696
0.930693089962,0.797979831696,0.114337101579,0.183847248554,0.0695101469755
0.94059407711,0.797979831696,0.100726038218,0.183091059327,0.0823650211096
0.950495064259,0.797979831696,0.0859125703573,0.182398855686,0.0964862853289
0.960396051407,0.797979831696,0.0700529441237,0.181769102812,0.111716158688
0.970297038555,0.797979831696,0.0533260554075,0.181200310588,0.12787425518
0.980198025703,0.797979831696,0.0359305068851,0.180690646172,0.144760131836
0.990099012852,0.797979831696,0.0180801767856,0.180238008499,0.162157833576
0.00990098994225,0.808080792427,-0.00205178651959,0.235158830881,0.237210616469
0.0198019798845,0.808080792427,-0.00410172343254,0.235991045833,0.240092769265
0.0297029688954,0.808080792427,-0.00614795088768,0.236836776137,0.242984727025
0.039603959769,0.808080792427,-0.00818859692663,0.237694486976,0.245883077383
0.0495049506426,0.808080792427,-0.0102217691019,0.238563537598,0.248785302043
0.0594059377909,0.808080792427,-0.0122455321252,0.239442810416,0.251688331366
0.0693069323897,0.808080792427,-0.0142579292879,0.240330815315,0.254588752985
0.079207919538,0.808080792427,-0.016256948933,0.24122685194,0.257483810186
0.0891089066863,0.808080792427,-0.0182405170053,0.242129191756,0.260369718075
0.0990099012852,0.808080792427,-0.0202065203339,0.243036463857,0.263242989779
0.108910888433,0.808080792427,-0.0221527479589,0.243947193027,0.26609992981
0.118811875582,0.808080792427,-0.0240769255906,0.244859397411,0.26893633604
0.12871286273,0.808080792427,-0.0259766802192,0.245771557093,0.271748244762
0.138613864779,0.808080792427,-0.0278495568782,0.246681824327,0.274531394243
0.148514851928,0.808080792427,-0.029692966491,0.247588068247,0.277281045914
0.158415839076,0.808080792427,-0.0315042361617,0.248488098383,0.279992341995
0.168316826224,0.808080792427,-0.033280543983,0.249380066991,0.282660603523
0.178217813373,0.808080792427,-0.035018928349,0.250261127949,0.285280048847
0.188118815422,0.808080792427,-0.0367163009942,0.251129239798,0.287845551968
0.19801980257,0.808080792427,-0.0383694060147,0.251981437206,0.290350854397
0.207920789719,0.808080792427,-0.0399747937918,0.25281521678,0.29278999567
0.217821776867,0.808080792427,-0.0415288694203,0.253627866507,0.295156747103
0.227722764015,0.808080792427,-0.0430278107524,0.254416286945,0.297444105148
0.237623751163,0.808080792427,-0.0444676242769,0.255177527666,0.299645155668
0.247524753213,0.808080792427,-0.0458440668881,0.255908548832,0.301752626896
0.25742572546,0.808080792427,-0.0471526794136,0.256606221199,0.303758889437
0.267326742411,0.808080792427,-0.0483887605369,0.257267147303,0.305655896664
0.277227729559,0.808080792427,-0.0495473630726,0.257888019085,0.307435393333
0.287128716707,0.808080792427,-0.0506232455373,0.258465468884,0.30908870697
0.297029703856,0.808080792427,-0.0516108758748,0.258995950222,0.310606837273
0.306930691004,0.808080792427,-0.0525044798851,0.259476423264,0.311980903149
0.316831678152,0.808080792427,-0.0532978922129,0.259903252125,0.313201129436
0.3267326653,0.808080792427,-0.0539847388864,0.260272800922,0.314257532358
0.336633652449,0.808080792427,-0.0545581951737,0.260581880808,0.315140068531
0.346534639597,0.808080792427,-0.055011190474,0.260827153921,0.315838336945
0.356435626745,0.808080792427,-0.0553362853825,0.261005520821,0.316341817379
0.366336613894,0.808080792427,-0.0555256381631,0.26111343503,0.316639065742
0.376237630844,0.808080792427,-0.0555710718036,0.261148124933,0.316719204187
0.386138617992,0.808080792427,-0.0554641000926,0.261106878519,0.316570967436
0.396039605141,0.808080792427,-0.055195774883,0.260986804962,0.31618258357
0.405940592289,0.808080792427,-0.0547568798065,0.26078531146,0.315542191267
0.415841579437,0.808080792427,-0.0541378036141,0.260500401258,0.314638197422
0.425742566586,0.808080792427,-0.0533286295831,0.260129988194,0.313458621502
0.435643553734,0.808080792427,-0.0523190833628,0.259672313929,0.311991393566
0.445544540882,0.808080792427,-0.0510986670852,0.259125947952,0.310224622488
0.45544552803,0.808080792427,-0.0496565513313,0.25849032402,0.308146864176
0.465346515179,0.808080792427,-0.0479818247259,0.257764369249,0.305746197701
0.475247502327,0.808080792427,-0.0460632704198,0.256947815418,0.303011089563
0.485148519278,0.808080792427,-0.0438897460699,0.256040692329,0.2999304533
0.495049506426,0.808080792427,-0.0414499938488,0.255043625832,0.29649361968
0.504950523376,0.808080792427,-0.0387329235673,0.253957718611,0.292690634727
0.51485145092,0.808080792427,-0.0357276722789,0.252784132957,0.288511812687
0.524752497673,0.808080792427,-0.0324236527085,0.251524746418,0.283948391676
0.534653484821,0.808080792427,-0.0288108754903,0.250181883574,0.278992772102
0.54455447197,0.808080792427,-0.0248800236732,0.248758286238,0.273638308048
0.554455459118,0.808080792427,-0.0206226166338,0.24725702405,0.267879635096
0.564356446266,0.808080792427,-0.0160314347595,0.245681747794,0.261713176966
0.574257433414,0.808080792427,-0.0111004887149,0.244036406279,0.255136907101
0.584158420563,0.808080792427,-0.00582564109936,0.242325335741,0.248150974512
0.594059407711,0.808080792427,-0.000204690542887,0.240553304553,0.240758001804
0.603960394859,0.808080792427,0.00576217984781,0.238725394011,0.232963219285
0.613861382008,0.808080792427,0.0120719987899,0.236846968532,0.224774971604
0.623762369156,0.808080792427,0.0187185928226,0.234923601151,0.216205000877
0.633663415909,0.808080792427,0.0256922040135,0.232961237431,0.207269027829
0.643564343452,0.808080792427,0.0329787507653,0.23096588254,0.197987139225
0.653465390205,0.808080792427,0.0405599325895,0.228943675756,0.188383743167
0.663366317749,0.808080792427,0.0484118312597,0.226900979877,0.178489148617
0.673267364502,0.808080792427,0.0565053522587,0.224844053388,0.168338701129
0.683168292046,0.808080792427,0.0648048743606,0.222779288888,0.157974421978
0.693069338799,0.808080792427,0.0732684582472,0.220713064075,0.147444605827
0.702970266342,0.808080792427,0.0818468257785,0.2186511904,0.136804372072
0.712871313095,0.808080792427,0.0904837548733,0.216600269079,0.126116514206
0.722772240639,0.808080792427,0.0991148278117,0.214566096663,0.115451268852
0.732673287392,0.808080792427,0.107668191195,0.21255402267,0.104885831475
0.74257427454,0.808080792427,0.116063900292,0.210570007563,0.0945061072707
0.752475261688,0.808080792427,0.124214455485,0.208619058132,0.0844046026468
0.762376248837,0.808080792427,0.132024973631,0.206705987453,0.0746810138226
0.772277235985,0.808080792427,0.139394015074,0.204835504293,0.0654414892197
0.782178223133,0.808080792427,0.146214321256,0.203011825681,0.056797504425
0.792079210281,0.808080792427,0.15237377584,0.201238885522,0.0488651096821
0.80198019743,0.808080792427,0.157757729292,0.199520081282,0.0417623519897
0.811881184578,0.808080792427,0.162249565125,0.197858735919,0.0356091707945
0.821782171726,0.808080792427,0.165734127164,0.196257546544,0.0305234193802
0.831683158875,0.808080792427,0.168099284172,0.194718852639,0.0266195684671
0.841584146023,0.808080792427,0.169239044189,0.193244814873,0.0240057706833
0.851485133171,0.808080792427,0.169056117535,0.191836982965,0.0227808654308
0.861386120319,0.808080792427,0.167465656996,0.190496593714,0.023030936718
0.871287107468,0.808080792427,0.164397567511,0.189224854112,0.0248272866011
0.881188154221,0.808080792427,0.159800246358,0.188022091985,0.0282218456268
0.891089081764,0.808080792427,0.153642937541,0.186888858676,0.0332459211349
0.900990128517,0.808080792427,0.145918533206,0.18582496047,0.0399064272642
0.910891115665,0.808080792427,0.13664598763,0.184830158949,0.048184171319
0.920792102814,0.808080792427,0.125871047378,0.18390417099,0.0580331236124
0.930693089962,0.808080792427,0.113668017089,0.183045849204,0.0693778321147
0.94059407711,0.808080792427,0.100139185786,0.182254239917,0.0821150541306
0.950495064259,0.808080792427,0.0854138731956,0.181528493762,0.0961146205664
0.960396051407,0.808080792427,0.0696475431323,0.180866703391,0.111219160259
0.970297038555,0.808080792427,0.0530181825161,0.180267676711,0.127249494195
0.980198025703,0.808080792427,0.0357234142721,0.17972946167,0.144006043673
0.990099012852,0.808080792427,0.0179760716856,0.179250448942,0.161274373531
0.00990098994225,0.818181812763,-0.00203963764943,0.235031723976,0.237071365118
0.0198019798845,0.818181812763,-0.00407744431868,0.235859066248,0.239936515689
0.0297029688954,0.818181812763,-0.00611157855019,0.236699700356,0.242811277509
0.039603959769,0.818181812763,-0.0081401867792,0.237552821636,0.245693013072
0.0495049506426,0.818181812763,-0.010161396116,0.238417565823,0.248578965664
0.0594059377909,0.818181812763,-0.0121732912958,0.239292427897,0.251465708017
0.0693069323897,0.818181812763,-0.0141739333048,0.240176811814,0.254350751638
0.079207919538,0.818181812763,-0.0161613300443,0.241069167852,0.257230490446
0.0891089066863,0.818181812763,-0.0181334279478,0.241968259215,0.260101675987
0.0990099012852,0.818181812763,-0.0200881324708,0.242872625589,0.262960761786
0.108910888433,0.818181812763,-0.0220232550055,0.243780493736,0.26580375433
0.118811875582,0.818181812763,-0.0239365398884,0.244690448046,0.268626987934
0.12871286273,0.818181812763,-0.0258256457746,0.245600745082,0.271426379681
0.138613864779,0.818181812763,-0.0276881232858,0.246509596705,0.274197727442
0.148514851928,0.818181812763,-0.0295214168727,0.247414663434,0.276936084032
0.158415839076,0.818181812763,-0.0313228741288,0.248314231634,0.279637098312
0.168316826224,0.818181812763,-0.0330897010863,0.249206006527,0.282295703888
0.178217813373,0.818181812763,-0.0348189510405,0.250087440014,0.284906387329
0.188118815422,0.818181812763,-0.0365075729787,0.250956267118,0.287463843822
0.19801980257,0.818181812763,-0.0381523258984,0.251809895039,0.289962232113
0.207920789719,0.818181812763,-0.039749789983,0.252645581961,0.29239538312
0.217821776867,0.818181812763,-0.0412964187562,0.253460764885,0.294757187366
0.227722764015,0.818181812763,-0.0427883826196,0.254252225161,0.297040611506
0.237623751163,0.818181812763,-0.0442217551172,0.255017161369,0.299238920212
0.247524753213,0.818181812763,-0.0455922819674,0.255752652884,0.301344931126
0.25742572546,0.818181812763,-0.0468955785036,0.256455153227,0.303350746632
0.267326742411,0.818181812763,-0.0481269545853,0.257121443748,0.30524840951
0.277227729559,0.818181812763,-0.0492815002799,0.257748782635,0.307030290365
0.287128716707,0.818181812763,-0.0503540150821,0.258333086967,0.308687090874
0.297029703856,0.818181812763,-0.0513390041888,0.258871465921,0.310210466385
0.306930691004,0.818181812763,-0.0522307008505,0.259360283613,0.311590969563
0.316831678152,0.818181812763,-0.0530230216682,0.259796082973,0.312819093466
0.3267326653,0.818181812763,-0.0537096224725,0.260175406933,0.313885033131
0.336633652449,0.818181812763,-0.0542837046087,0.260494887829,0.314778596163
0.346534639597,0.818181812763,-0.0547382496297,0.260751366615,0.31548961997
0.356435626745,0.818181812763,-0.0550658516586,0.260941416025,0.316007256508
0.366336613894,0.818181812763,-0.0552587248385,0.261061877012,0.316320598125
0.376237630844,0.818181812763,-0.0553087368608,0.261109650135,0.316418379545
0.386138617992,0.818181812763,-0.0552074499428,0.261082023382,0.316289484501
0.396039605141,0.818181812763,-0.0549459531903,0.260976076126,0.315922021866
0.405940592289,0.818181812763,-0.0545150786638,0.260789275169,0.315304338932
0.415841579437,0.818181812763,-0.0539052784443,0.260519236326,0.314424514771
0.425742566586,0.818181812763,-0.053106661886,0.260164111853,0.313270777464
0.435643553734,0.818181812763,-0.0521090179682,0.259722232819,0.311831235886
0.445544540882,0.818181812763,-0.0509018935263,0.259191691875,0.310093581676
0.45544552803,0.818181812763,-0.049474503845,0.258571952581,0.308046460152
0.465346515179,0.818181812763,-0.0478159673512,0.257861614227,0.305677592754
0.475247502327,0.818181812763,-0.0459151528776,0.257060736418,0.302975893021
0.485148519278,0.818181812763,-0.0437609143555,0.256168991327,0.299929916859
0.495049506426,0.818181812763,-0.041342061013,0.255186825991,0.296528875828
0.504950523376,0.818181812763,-0.0386475324631,0.254115253687,0.29276278615
0.51485145092,0.818181812763,-0.035666488111,0.252955168486,0.288621664047
0.524752497673,0.818181812763,-0.0323883779347,0.251708686352,0.284097075462
0.534653484821,0.818181812763,-0.0288032200187,0.250377446413,0.279180675745
0.54455447197,0.818181812763,-0.0249017253518,0.248964414001,0.273866146803
0.554455459118,0.818181812763,-0.0206754077226,0.24747222662,0.268147647381
0.564356446266,0.818181812763,-0.0161170363426,0.245904639363,0.262021660805
0.574257433414,0.818181812763,-0.0112206237391,0.244265303016,0.255485922098
0.584158420563,0.818181812763,-0.00598199013621,0.242558538914,0.248540535569
0.594059407711,0.818181812763,-0.000398891308578,0.240788653493,0.241187542677
0.603960394859,0.818181812763,0.00552854314446,0.238960951567,0.233432412148
0.613861382008,0.818181812763,0.0117974188179,0.237080439925,0.225283026695
0.623762369156,0.818181812763,0.0184016600251,0.235152870417,0.216751217842
0.633663415909,0.818181812763,0.0253316275775,0.233183711767,0.207852080464
0.643564343452,0.818181812763,0.0325733758509,0.231179267168,0.198605895042
0.653465390205,0.818181812763,0.0401087701321,0.229145377874,0.189036607742
0.663366317749,0.818181812763,0.0479140840471,0.227088436484,0.179174348712
0.673267364502,0.818181812763,0.0559604540467,0.225014835596,0.169054389
0.683168292046,0.818181812763,0.0642124935985,0.222930714488,0.15871822834
0.693069338799,0.818181812763,0.0726285651326,0.220842599869,0.148214042187
0.702970266342,0.818181812763,0.0811597108841,0.218756735325,0.137597024441
0.712871313095,0.818181812763,0.0897500291467,0.216679021716,0.126928985119
0.722772240639,0.818181812763,0.0983355045319,0.214615777135,0.116280272603
0.732673287392,0.818181812763,0.106844708323,0.212572783232,0.105728074908
0.74257427454,0.818181812763,0.115198120475,0.210555449128,0.0953573286533
0.752475261688,0.818181812763,0.123308748007,0.208569437265,0.0852606892586
0.762376248837,0.818181812763,0.131082192063,0.206619501114,0.0755373090506
0.772277235985,0.818181812763,0.138417541981,0.204710632563,0.0662930905819
0.782178223133,0.818181812763,0.145208060741,0.202847108245,0.0576390475035
0.792079210281,0.818181812763,0.151342198253,0.201033130288,0.0496909320354
0.80198019743,0.818181812763,0.156705841422,0.199272274971,0.0425664335489
0.811881184578,0.818181812763,0.16118298471,0.197568103671,0.0363851189613
0.821782171726,0.818181812763,0.164658918977,0.195923313498,0.0312643945217
0.831683158875,0.818181812763,0.167022034526,0.194340705872,0.0273186713457
0.841584146023,0.818181812763,0.168166786432,0.192822664976,0.0246558785439
0.851485133171,0.818181812763,0.167996346951,0.191370531917,0.0233741849661
0.861386120319,0.818181812763,0.166426122189,0.189986363053,0.0235602408648
0.871287107468,0.818181812763,0.163386300206,0.188671007752,0.0252847075462
0.881188154221,0.818181812763,0.158825427294,0.187425330281,0.0285999029875
0.891089081764,0.818181812763,0.152712792158,0.18624985218,0.0335370600224
0.900990128517,0.818181812763,0.145041286945,0.185144498944,0.0401032119989
0.910891115665,0.818181812763,0.135829612613,0.184109404683,0.0482797920704
0.920792102814,0.818181812763,0.125123262405,0.183144062757,0.0580208003521
0.930693089962,0.818181812763,0.112996049225,0.182247832417,0.0692517831922
0.94059407711,0.818181812763,0.0995496958494,0.181419894099,0.0818701982498
0.950495064259,0.818181812763,0.0849128961563,0.180659100413,0.095746204257
0.960396051407,0.818181812763,0.0692402273417,0.179964140058,0.110723912716
0.970297038555,0.818181812763,0.0527088269591,0.179333493114,0.126624673605
0.980198025703,0.818181812763,0.035515319556,0.178765401244,0.143250077963
0.990099012852,0.818181812763,0.0178714618087,0.178258419037,0.160386949778
0.00990098994225,0.828282833099,-0.00202744151466,0.23490794003,0.236935377121
0.0198019798845,0.828282833099,-0.00405307067558,0.235729902983,0.239782974124
0.0297029688954,0.828282833099,-0.00607506465167,0.236565545201,0.24264061451
0.039603959769,0.828282833099,-0.00809158757329,0.237413719296,0.245505303144
0.0495049506426,0.828282833099,-0.0101007865742,0.238273754716,0.248374536633
0.0594059377909,0.828282833099,-0.0121007617563,0.239144220948,0.251244992018
0.0693069323897,0.828282833099,-0.0140895983204,0.240024298429,0.25411388278
0.079207919538,0.828282833099,-0.0160653200001,0.240912586451,0.256977915764
0.0891089066863,0.828282833099,-0.0180258918554,0.241807863116,0.259833753109
0.0990099012852,0.828282833099,-0.0199692454189,0.242708608508,0.262677848339
0.108910888433,0.828282833099,-0.0218932051212,0.243613600731,0.265506803989
0.118811875582,0.828282833099,-0.0237955432385,0.244520679116,0.268316209316
0.12871286273,0.828282833099,-0.0256739296019,0.245428562164,0.271102488041
0.138613864779,0.828282833099,-0.0275259464979,0.246335342526,0.273861289024
0.148514851928,0.828282833099,-0.0293490625918,0.247238859534,0.276587933302
0.158415839076,0.828282833099,-0.031140640378,0.248137205839,0.279277861118
0.168316826224,0.828282833099,-0.0328979045153,0.249027967453,0.281925857067
0.178217813373,0.828282833099,-0.0346179530025,0.249909102917,0.28452706337
0.188118815422,0.828282833099,-0.0362977348268,0.250778079033,0.287075817585
0.19801980257,0.828282833099,-0.0379340648651,0.251632392406,0.289566457272
0.207920789719,0.828282833099,-0.0395235307515,0.25246912241,0.291992664337
0.217821776867,0.828282833099,-0.0410626083612,0.253285855055,0.294348478317
0.227722764015,0.828282833099,-0.0425475127995,0.254079669714,0.296627193689
0.237623751163,0.828282833099,-0.0439743325114,0.254847556353,0.298821896315
0.247524753213,0.828282833099,-0.0453388653696,0.255586355925,0.300925225019
0.25742572546,0.828282833099,-0.0466367378831,0.256292998791,0.302929729223
0.267326742411,0.828282833099,-0.047863304615,0.256964147091,0.304827451706
0.277227729559,0.828282833099,-0.0490136854351,0.257596790791,0.30661046505
0.287128716707,0.828282833099,-0.0500827096403,0.258187204599,0.308269917965
0.297029703856,0.828282833099,-0.0510649234056,0.258732199669,0.309797108173
0.306930691004,0.828282833099,-0.0519546121359,0.259228587151,0.311183214188
0.316831678152,0.828282833099,-0.052745718509,0.259672433138,0.312418162823
0.3267326653,0.828282833099,-0.0534319356084,0.260060697794,0.313492625952
0.336633652449,0.828282833099,-0.054006498307,0.260389924049,0.31439641118
0.346534639597,0.828282833099,-0.0544624626637,0.260656714439,0.315119177103
0.356435626745,0.828282833099,-0.0547924302518,0.260857731104,0.315650165081
0.366336613894,0.828282833099,-0.0549886897206,0.26098972559,0.31597840786
0.376237630844,0.828282833099,-0.0550431273878,0.261049836874,0.316092967987
0.386138617992,0.828282833099,-0.0549473650753,0.261034846306,0.315982222557
0.396039605141,0.828282833099,-0.0546925514936,0.260942488909,0.315635025501
0.405940592289,0.828282833099,-0.0542695447803,0.260769635439,0.31503918767
0.415841579437,0.828282833099,-0.0536688640714,0.26051402092,0.314182877541
0.425742566586,0.828282833099,-0.0528806522489,0.260173946619,0.313054591417
0.435643553734,0.828282833099,-0.0518947541714,0.259747028351,0.311641782522
0.445544540882,0.828282833099,-0.0507007576525,0.259232133627,0.309932887554
0.45544552803,0.828282833099,-0.0492879450321,0.258627772331,0.307915717363
0.465346515179,0.828282833099,-0.0476454682648,0.257933169603,0.305578649044
0.475247502327,0.828282833099,-0.0457622297108,0.257147580385,0.302909821272
0.485148519278,0.828282833099,-0.0436271429062,0.256271183491,0.299898326397
0.495049506426,0.828282833099,-0.0412290506065,0.255304068327,0.296533107758
0.504950523376,0.828282833099,-0.0385569296777,0.254246890545,0.292803823948
0.51485145092,0.828282833099,-0.0355999730527,0.253100812435,0.288700789213
0.524752497673,0.828282833099,-0.0323476530612,0.251867294312,0.284214943647
0.534653484821,0.828282833099,-0.0287900138646,0.250548422337,0.27933844924
0.54455447197,0.828282833099,-0.024917781353,0.249146416783,0.274064183235
0.554455459118,0.828282833099,-0.0207224711776,0.247664302588,0.268386781216
0.564356446266,0.828282833099,-0.0161968544126,0.246105119586,0.262301981449
0.574257433414,0.828282833099,-0.0113349193707,0.24447272718,0.255807638168
0.584158420563,0.828282833099,-0.00613246811554,0.242771163583,0.248903632164
0.594059407711,0.828282833099,-0.0005872179172,0.241004675627,0.241591900587
0.603960394859,0.828282833099,0.00530076771975,0.239178523421,0.233877748251
0.613861382008,0.828282833099,0.0115286651999,0.23729737103,0.225768700242
0.623762369156,0.828282833099,0.0180904921144,0.235366940498,0.217276453972
0.633663415909,0.828282833099,0.0249767210335,0.233392640948,0.208415925503
0.643564343452,0.828282833099,0.0321735553443,0.231380417943,0.199206858873
0.653465390205,0.828282833099,0.0396630167961,0.229336440563,0.189673423767
0.663366317749,0.828282833099,0.0474215708673,0.227267056704,0.179845482111
0.673267364502,0.828282833099,0.0554205738008,0.225178256631,0.169757679105
0.683168292046,0.828282833099,0.0636249035597,0.223076552153,0.159451648593
0.693069338799,0.828282833099,0.0719931870699,0.220968127251,0.148974940181
0.702970266342,0.828282833099,0.080476783216,0.218859672546,0.13838288188
0.712871313095,0.828282833099,0.0890201702714,0.216756910086,0.127736747265
0.722772240639,0.828282833099,0.0975597053766,0.214666217566,0.117106512189
0.732673287392,0.828282833099,0.106024339795,0.212593540549,0.106569200754
0.74257427454,0.828282833099,0.114335045218,0.210544347763,0.0962093025446
0.752475261688,0.828282833099,0.122405298054,0.208524346352,0.0861190482974
0.762376248837,0.828282833099,0.130141198635,0.206538900733,0.0763977020979
0.772277235985,0.828282833099,0.137442395091,0.204592511058,0.0671501159668
0.782178223133,0.828282833099,0.144202664495,0.202690094709,0.0584874302149
0.792079210281,0.828282833099,0.150311022997,0.200835779309,0.0505247563124
0.80198019743,0.828282833099,0.155653908849,0.199033603072,0.0433796942234
0.811881184578,0.828282833099,0.160115867853,0.197286948562,0.0371710807085
0.821782171726,0.828282833099,0.163582742214,0.195599108934,0.0320163667202
0.831683158875,0.828282833099,0.165943413973,0.193972945213,0.0280295312405
0.841584146023,0.828282833099,0.167092785239,0.192410588264,0.0253178030252
0.851485133171,0.828282833099,0.166934475303,0.190914511681,0.0239800363779
0.861386120319,0.828282833099,0.165384173393,0.189486145973,0.02410197258
0.871287107468,0.828282833099,0.162372380495,0.188126921654,0.0257545411587
0.881188154221,0.828282833099,0.15784779191,0.186837688088,0.0289898961782
0.891089081764,0.828282833099,0.151779785752,0.185619294643,0.0338395088911
0.900990128517,0.828282833099,0.144161120057,0.184471920133,0.0403108000755
0.910891115665,0.828282833099,0.13501034677,0.18339560926,0.0483852624893
0.920792102814,0.828282833099,0.124372653663,0.182390198112,0.0580175444484
0.930693089962,0.828282833099,0.112321421504,0.181455239654,0.0691338181496
0.94059407711,0.828282833099,0.0989578217268,0.180589601398,0.0816317796707
0.950495064259,0.828282833099,0.0844098106027,0.179792657495,0.0953828468919
0.960396051407,0.828282833099,0.0688311755657,0.179062992334,0.110231816769
0.970297038555,0.828282833099,0.0523981228471,0.178399279714,0.126001149416
0.980198025703,0.828282833099,0.0353063009679,0.177800267935,0.142493963242
0.990099012852,0.828282833099,0.0177663825452,0.177263721824,0.159497335553
0.00990098994225,0.838383853436,-0.00201520207338,0.234788119793,0.23680332303
0.0198019798845,0.838383853436,-0.00402860995382,0.235604509711,0.239633113146
0.0297029688954,0.838383853436,-0.006038418971,0.236434713006,0.242473125458
0.039603959769,0.838383853436,-0.00804281234741,0.237277686596,0.245320498943
0.0495049506426,0.838383853436,-0.0100399544463,0.238132581115,0.248172536492
0.0594059377909,0.838383853436,-0.0120279649273,0.238998353481,0.251026332378
0.0693069323897,0.838383853436,-0.014004945755,0.239873692393,0.253878653049
0.079207919538,0.838383853436,-0.01596894674,0.240757703781,0.256726652384
0.0891089066863,0.838383853436,-0.0179179422557,0.241648793221,0.2595667243
0.0990099012852,0.838383853436,-0.019849890843,0.242545679212,0.262395560741
0.108910888433,0.838383853436,-0.0217626355588,0.243446916342,0.265209555626
0.118811875582,0.838383853436,-0.023653967306,0.244350999594,0.268004953861
0.12871286273,0.838383853436,-0.0255215819925,0.245255917311,0.270777493715
0.138613864779,0.838383853436,-0.0273630786687,0.246159821749,0.273522913456
0.148514851928,0.838383853436,-0.029175946489,0.247061252594,0.27623718977
0.158415839076,0.838383853436,-0.0309575758874,0.247957497835,0.278915077448
0.168316826224,0.838383853436,-0.0327052213252,0.248847037554,0.281552255154
0.178217813373,0.838383853436,-0.0344159901142,0.24972705543,0.284143030643
0.188118815422,0.838383853436,-0.0360868759453,0.250595450401,0.286682337523
0.19801980257,0.838383853436,-0.0377146936953,0.251449555159,0.289164245129
0.207920789719,0.838383853436,-0.0392960719764,0.252286881208,0.291582942009
0.217821776867,0.838383853436,-0.0408275127411,0.25310459733,0.293932110071
0.227722764015,0.838383853436,-0.0423052795231,0.253899812698,0.296205103397
0.237623751163,0.838383853436,-0.0437254607677,0.25466966629,0.298395127058
0.247524753213,0.838383853436,-0.0450838953257,0.255411088467,0.300494968891
0.25742572546,0.838383853436,-0.046376246959,0.256120949984,0.302497208118
0.267326742411,0.838383853436,-0.047597900033,0.256796061993,0.304393947124
0.277227729559,0.838383853436,-0.0487440004945,0.257433205843,0.306177198887
0.287128716707,0.838383853436,-0.0498094335198,0.258028745651,0.307838171721
0.297029703856,0.838383853436,-0.0507887601852,0.258579790592,0.309368550777
0.306930691004,0.838383853436,-0.0516763217747,0.259082585573,0.310758918524
0.316831678152,0.838383853436,-0.0524660907686,0.259533911943,0.312000006437
0.3267326653,0.838383853436,-0.0531517863274,0.259930044413,0.31308183074
0.336633652449,0.838383853436,-0.0537267141044,0.260268002748,0.313994705677
0.346534639597,0.838383853436,-0.0541839562356,0.260544091463,0.314728051424
0.356435626745,0.838383853436,-0.054516158998,0.260755360126,0.315271526575
0.366336613894,0.838383853436,-0.0547156557441,0.260898202658,0.315613865852
0.376237630844,0.838383853436,-0.0547743849456,0.260969728231,0.315744102001
0.386138617992,0.838383853436,-0.054684009403,0.260966897011,0.315650910139
0.396039605141,0.838383853436,-0.0544357150793,0.260887265205,0.315322995186
0.405940592289,0.838383853436,-0.0540204308927,0.260727763176,0.314748197794
0.415841579437,0.838383853436,-0.0534287169576,0.260486036539,0.313914746046
0.425742566586,0.838383853436,-0.0526507608593,0.260160237551,0.312810987234
0.435643553734,0.838383853436,-0.0516764521599,0.259747862816,0.311424314976
0.445544540882,0.838383853436,-0.0504954494536,0.259247869253,0.309743314981
0.45544552803,0.838383853436,-0.0490970425308,0.258658736944,0.307755768299
0.465346515179,0.838383853436,-0.0474704802036,0.257979303598,0.305449783802
0.475247502327,0.838383853436,-0.0456046685576,0.257209151983,0.302813827991
0.485148519278,0.838383853436,-0.04348859936,0.256348013878,0.299836605787
0.495049506426,0.838383853436,-0.0411111302674,0.255395799875,0.296506941319
0.504950523376,0.838383853436,-0.0384612753987,0.254353195429,0.292814463377
0.51485145092,0.838383853436,-0.0355282798409,0.253221392632,0.288749665022
0.524752497673,0.838383853436,-0.0323016420007,0.252001166344,0.284302800894
0.534653484821,0.838383853436,-0.0287714153528,0.250695049763,0.279466450214
0.54455447197,0.838383853436,-0.0249283462763,0.24930472672,0.274233072996
0.554455459118,0.838383853436,-0.0207639634609,0.24783308804,0.268597066402
0.564356446266,0.838383853436,-0.0162710305303,0.246283367276,0.26255440712
0.574257433414,0.838383853436,-0.0114435255527,0.244658753276,0.256102263927
0.584158420563,0.838383853436,-0.00627722358331,0.242963463068,0.249240681529
0.594059407711,0.838383853436,-0.000769803009462,0.241201624274,0.241971433163
0.603960394859,0.838383853436,0.00507872598246,0.239377960563,0.234299227595
0.613861382008,0.838383853436,0.01126561407,0.237497493625,0.226231873035
0.623762369156,0.838383853436,0.0177849717438,0.235565453768,0.217780485749
0.633663415909,0.838383853436,0.0246273893863,0.233587354422,0.208959966898
0.643564343452,0.838383853436,0.0317791961133,0.23156914115,0.199789941311
0.653465390205,0.838383853436,0.0392225869,0.229516774416,0.190294191241
0.663366317749,0.838383853436,0.0469342246652,0.227436229587,0.180501997471
0.673267364502,0.838383853436,0.054885674268,0.225333958864,0.170448288321
0.683168292046,0.838383853436,0.0630420669913,0.223216295242,0.1601742208
0.693069338799,0.838383853436,0.0713623091578,0.221089318395,0.149727016687
0.702970266342,0.838383853436,0.0797980725765,0.218959748745,0.139161676168
0.712871313095,0.838383853436,0.0882942080498,0.216833516955,0.128539308906
0.722772240639,0.838383853436,0.096787430346,0.214716941118,0.117929510772
0.732673287392,0.838383853436,0.105207145214,0.212615966797,0.107408821583
0.74257427454,0.838383853436,0.11347476393,0.210536390543,0.0970616266131
0.752475261688,0.838383853436,0.121504232287,0.208483934402,0.0869797021151
0.762376248837,0.838383853436,0.12920217216,0.206463769078,0.0772615969181
0.772277235985,0.838383853436,0.136468723416,0.204481214285,0.0680124908686
0.782178223133,0.838383853436,0.143198266625,0.202540814877,0.0593425482512
0.792079210281,0.838383853436,0.149280399084,0.200647115707,0.0513667166233
0.80198019743,0.838383853436,0.154602065682,0.198804169893,0.0442021042109
0.811881184578,0.838383853436,0.15904840827,0.197015821934,0.0379674136639
0.821782171726,0.838383853436,0.162505820394,0.195285230875,0.0327794104815
0.831683158875,0.838383853436,0.164863601327,0.19361564517,0.0287520438433
0.841584146023,0.838383853436,0.166017249227,0.192009672523,0.025992423296
0.851485133171,0.838383853436,0.165870711207,0.190469413996,0.0245987027884
0.861386120319,0.838383853436,0.164340108633,0.188996717334,0.0246566087008
0.871287107468,0.838383853436,0.161356091499,0.187593460083,0.0262373685837
0.881188154221,0.838383853436,0.15686763823,0.18626049161,0.0293928533792
0.891089081764,0.838383853436,0.150844097137,0.184998720884,0.0341546237469
0.900990128517,0.838383853436,0.143278211355,0.183808431029,0.0405302196741
0.910891115665,0.838383853436,0.134188383818,0.182690218091,0.0485018342733
0.920792102814,0.838383853436,0.123619444668,0.181643843651,0.0580243989825
0.930693089962,0.838383853436,0.111644372344,0.180669009686,0.0690246373415
0.94059407711,0.838383853436,0.0983637347817,0.179764643312,0.0814009085298
0.950495064259,0.838383853436,0.0839047655463,0.178930431604,0.0950256660581
0.960396051407,0.838383853436,0.0684204772115,0.178165003657,0.109744526446
0.970297038555,0.838383853436,0.0520861670375,0.177467271686,0.125381112099
0.980198025703,0.838383853436,0.0350964218378,0.176835343242,0.141738921404
0.990099012852,0.838383853436,0.0176608655602,0.176268085837,0.158607214689
0.00990098994225,0.848484873772,-0.00200292258523,0.234672531486,0.236675456166
0.0198019798845,0.848484873772,-0.00400406913832,0.235483244061,0.239487320185
0.0297029688954,0.848484873772,-0.00600165314972,0.236307784915,0.242309436202
0.039603959769,0.848484873772,-0.00799387507141,0.237145394087,0.245139271021
0.0495049506426,0.848484873772,-0.00997891835868,0.237994968891,0.247973889112
0.0594059377909,0.848484873772,-0.0119549240917,0.238855466247,0.25081038475
0.0693069323897,0.848484873772,-0.0139200082049,0.239726081491,0.253646075726
0.079207919538,0.848484873772,-0.0158722363412,0.240605160594,0.256477385759
0.0891089066863,0.848484873772,-0.0178096126765,0.241491794586,0.259301394224
0.0990099012852,0.848484873772,-0.0197301115841,0.242384403944,0.262114524841
0.108910888433,0.848484873772,-0.0216315872967,0.243281498551,0.264913082123
0.118811875582,0.848484873772,-0.0235118679702,0.244181841612,0.267693698406
0.12871286273,0.848484873772,-0.0253686495125,0.245083168149,0.270451813936
0.138613864779,0.848484873772,-0.0271995682269,0.245984047651,0.273183614016
0.148514851928,0.848484873772,-0.0290021374822,0.246882542968,0.275884687901
0.158415839076,0.848484873772,-0.0307737607509,0.247776523232,0.278550297022
0.168316826224,0.848484873772,-0.0325117185712,0.24866387248,0.281175583601
0.178217813373,0.848484873772,-0.0342131406069,0.249542146921,0.283755302429
0.188118815422,0.848484873772,-0.0358750447631,0.250409245491,0.286284297705
0.19801980257,0.848484873772,-0.0374942868948,0.251262784004,0.2887570858
0.207920789719,0.848484873772,-0.0390675030649,0.252099663019,0.291167169809
0.217821776867,0.848484873772,-0.0405912362039,0.252917438745,0.293508678675
0.227722764015,0.848484873772,-0.0420617647469,0.253713399172,0.295775175095
0.237623751163,0.848484873772,-0.0434752181172,0.254484683275,0.297959893942
0.247524753213,0.848484873772,-0.0448274724185,0.255227774382,0.300055235624
0.25742572546,0.848484873772,-0.0461142063141,0.255940169096,0.30205437541
0.267326742411,0.848484873772,-0.0473308488727,0.256618380547,0.30394923687
0.277227729559,0.848484873772,-0.048472572118,0.257258951664,0.305731534958
0.287128716707,0.848484873772,-0.0495342984796,0.257858991623,0.307393282652
0.297029703856,0.848484873772,-0.0505106411874,0.258415102959,0.308925747871
0.306930691004,0.848484873772,-0.0513959489763,0.258923441172,0.310319393873
0.316831678152,0.848484873772,-0.0521842464805,0.259381115437,0.311565369368
0.3267326653,0.848484873772,-0.0528693161905,0.259784519672,0.312653839588
0.336633652449,0.848484873772,-0.0534444786608,0.260130167007,0.313574641943
0.346534639597,0.848484873772,-0.0539028681815,0.260414987803,0.314317852259
0.356435626745,0.848484873772,-0.0542371720076,0.260635405779,0.314872562885
0.366336613894,0.848484873772,-0.0544397756457,0.260788112879,0.315227895975
0.376237630844,0.848484873772,-0.0545026473701,0.260870575905,0.315373212099
0.386138617992,0.848484873772,-0.0544175058603,0.26087898016,0.315296471119
0.396039605141,0.848484873772,-0.0541756004095,0.260811299086,0.314986884594
0.405940592289,0.848484873772,-0.053767900914,0.260664463043,0.314432352781
0.415841579437,0.848484873772,-0.0531849935651,0.260435819626,0.31362080574
0.425742566586,0.848484873772,-0.0524171404541,0.260123729706,0.312540858984
0.435643553734,0.848484873772,-0.0514542832971,0.259725630283,0.31117990613
0.445544540882,0.848484873772,-0.0502861104906,0.259240061045,0.309526175261
0.45544552803,0.848484873772,-0.0489019863307,0.25866574049,0.307567715645
0.465346515179,0.848484873772,-0.0472911670804,0.25800126791,0.30529242754
0.475247502327,0.848484873772,-0.045442648232,0.257246255875,0.302688896656
0.485148519278,0.848484873772,-0.0433454439044,0.256399989128,0.299745440483
0.495049506426,0.848484873772,-0.0409884564579,0.255462884903,0.296451330185
0.504950523376,0.848484873772,-0.0383607521653,0.254435092211,0.292795836926
0.51485145092,0.848484873772,-0.0354515947402,0.25331735611,0.288768947124
0.524752497673,0.848484873772,-0.0322505049407,0.252110987902,0.284361481667
0.534653484821,0.848484873772,-0.0287475828081,0.250817716122,0.279565304518
0.54455447197,0.848484873772,-0.0249335858971,0.249439641833,0.274373233318
0.554455459118,0.848484873772,-0.0208000373095,0.247979208827,0.268779247999
0.564356446266,0.848484873772,-0.0163397174329,0.246439412236,0.262779116631
0.574257433414,0.848484873772,-0.0115465885028,0.244823351502,0.256369948387
0.584158420563,0.848484873772,-0.00641639763489,0.24313531816,0.249551713467
0.594059407711,0.848484873772,-0.000946784159169,0.241379112005,0.242325901985
0.603960394859,0.848484873772,0.00486229080707,0.239559262991,0.23469696939
0.613861382008,0.848484873772,0.0110081518069,0.237680658698,0.226672500372
0.623762369156,0.848484873772,0.0174849983305,0.235748335719,0.218263342977
0.633663415909,0.848484873772,0.0242835320532,0.233768001199,0.209484472871
0.643564343452,0.848484873772,0.0313902236521,0.231745034456,0.200354814529
0.653465390205,0.848484873772,0.0387874245644,0.229685664177,0.190898239613
0.663366317749,0.848484873772,0.0464519895613,0.22759577632,0.181143790483
0.673267364502,0.848484873772,0.054355699569,0.225481644273,0.171125948429
0.683168292046,0.848484873772,0.0624639354646,0.223349526525,0.160885587335
0.693069338799,0.848484873772,0.0707358941436,0.221205741167,0.150469839573
0.702970266342,0.848484873772,0.0791235938668,0.219056755304,0.139933168888
0.712871313095,0.848484873772,0.0875721648335,0.216908484697,0.129336327314
0.722772240639,0.848484873772,0.0960187539458,0.214767545462,0.118748791516
0.732673287392,0.848484873772,0.104393199086,0.212639838457,0.108246639371
0.74257427454,0.848484873772,0.112617336214,0.210531294346,0.0979139581323
0.752475261688,0.848484873772,0.120605617762,0.208447664976,0.0878420472145
0.762376248837,0.848484873772,0.128265172243,0.206394359469,0.0781291872263
0.772277235985,0.848484873772,0.135496690869,0.20437669754,0.068880006671
0.782178223133,0.848484873772,0.14219507575,0.202399328351,0.0602042526007
0.792079210281,0.848484873772,0.148250520229,0.200467213988,0.052216693759
0.80198019743,0.848484873772,0.153550550342,0.198584496975,0.0450339466333
0.811881184578,0.848484873772,0.157980844378,0.196755006909,0.0387741625309
0.821782171726,0.848484873772,0.161428332329,0.194982454181,0.0335541218519
0.831683158875,0.848484873772,0.163782894611,0.193269863725,0.0294869691133
0.841584146023,0.848484873772,0.164940446615,0.191620290279,0.0266798436642
0.851485133171,0.848484873772,0.164805352688,0.190036103129,0.0252307504416
0.861386120319,0.848484873772,0.163294136524,0.18851929903,0.0252251625061
0.871287107468,0.848484873772,0.160337716341,0.187071561813,0.0267338454723
0.881188154221,0.848484873772,0.155885159969,0.185694381595,0.0298092216253
0.891089081764,0.848484873772,0.149905979633,0.184388920665,0.0344829410315
0.900990128517,0.848484873772,0.142392873764,0.183155462146,0.0407625883818
0.910891115665,0.848484873772,0.133363962173,0.181994646788,0.0486306846142
0.920792102814,0.848484873772,0.12286388129,0.180906608701,0.0580427274108
0.930693089962,0.848484873772,0.110965073109,0.179890707135,0.0689256340265
0.94059407711,0.848484873772,0.0977675765753,0.178947031498,0.0811794549227
0.950495064259,0.848484873772,0.0833979249001,0.178074494004,0.0946765691042
0.960396051407,0.848484873772,0.0680082961917,0.177272006869,0.109263710678
0.970297038555,0.848484873772,0.051773045212,0.176538616419,0.124765574932
0.980198025703,0.848484873772,0.0348857529461,0.17587287724,0.140987128019
0.990099012852,0.848484873772,0.0175549518317,0.175273403525,0.157718449831
0.00990098994225,0.858585834503,-0.001990607474,0.234562054276,0.236552655697
0.0198019798845,0.858585834503,-0.00397945707664,0.235366821289,0.239346280694
0.0297029688954,0.858585834503,-0.00596477929503,0.236185565591,0.242150351405
0.039603959769,0.858585834503,-0.0079447934404,0.237017378211,0.24496217072
0.0495049506426,0.858585834503,-0.00991770066321,0.237861528993,0.247779235244
0.0594059377909,0.858585834503,-0.0118816597387,0.238716393709,0.250598043203
0.0693069323897,0.858585834503,-0.0138348061591,0.239581793547,0.253416597843
0.079207919538,0.858585834503,-0.0157752279192,0.240455776453,0.25623100996
0.0891089066863,0.858585834503,-0.0177009422332,0.241337507963,0.259038448334
0.0990099012852,0.858585834503,-0.0196099430323,0.242225348949,0.261835277081
0.108910888433,0.858585834503,-0.0215001087636,0.243118137121,0.264618247747
0.118811875582,0.858585834503,-0.0233692824841,0.244014114141,0.267383396626
0.12871286273,0.858585834503,-0.0252151861787,0.244911462069,0.270126640797
0.138613864779,0.858585834503,-0.0270354822278,0.245808780193,0.272844254971
0.148514851928,0.858585834503,-0.0288276858628,0.246703743935,0.275531440973
0.158415839076,0.858585834503,-0.0305892452598,0.247594818473,0.278184056282
0.168316826224,0.858585834503,-0.0323174521327,0.248479470611,0.280796915293
0.178217813373,0.858585834503,-0.0340094678104,0.249355509877,0.283364981413
0.188118815422,0.858585834503,-0.0356623344123,0.250220716,0.285883039236
0.19801980257,0.858585834503,-0.0372729226947,0.251072615385,0.28834554553
0.207920789719,0.858585834503,-0.0388379059732,0.251908630133,0.290746539831
0.217821776867,0.858585834503,-0.0403538569808,0.252725869417,0.293079733849
0.227722764015,0.858585834503,-0.0418170690536,0.253521770239,0.295338839293
0.237623751163,0.858585834503,-0.0432237200439,0.25429341197,0.297517120838
0.247524753213,0.858585834503,-0.0445696935058,0.255037695169,0.299607396126
0.25742572546,0.858585834503,-0.0458507239819,0.255751490593,0.301602214575
0.267326742411,0.858585834503,-0.0470622554421,0.256431847811,0.303494095802
0.277227729559,0.858585834503,-0.0481995083392,0.257075488567,0.305274993181
0.287128716707,0.858585834503,-0.0492574311793,0.257679015398,0.306936442852
0.297029703856,0.858585834503,-0.0502306632698,0.258239120245,0.308469772339
0.306930691004,0.858585834503,-0.0511136204004,0.258752346039,0.309865951538
0.316831678152,0.858585834503,-0.0519003346562,0.259215652943,0.311115980148
0.3267326653,0.858585834503,-0.0525846630335,0.259625226259,0.312209904194
0.336633652449,0.858585834503,-0.0531599335372,0.25997787714,0.313137799501
0.346534639597,0.858585834503,-0.0536193400621,0.26027032733,0.313889682293
0.356435626745,0.858585834503,-0.0539556182921,0.260499149561,0.314454764128
0.366336613894,0.858585834503,-0.0541611872613,0.26066121459,0.314822405577
0.376237630844,0.858585834503,-0.0542280748487,0.260753273964,0.314981341362
0.386138617992,0.858585834503,-0.0541480369866,0.260772496462,0.314920544624
0.396039605141,0.858585834503,-0.0539123676717,0.260716021061,0.314628392458
0.405940592289,0.858585834503,-0.0535121001303,0.260580867529,0.314092963934
0.415841579437,0.858585834503,-0.0529378652573,0.260364860296,0.313302725554
0.425742566586,0.858585834503,-0.0521799661219,0.260065615177,0.312245577574
0.435643553734,0.858585834503,-0.0512284114957,0.25968131423,0.310909718275
0.445544540882,0.858585834503,-0.0500729195774,0.259209603071,0.309282511473
0.45544552803,0.858585834503,-0.0487029068172,0.258649647236,0.307352542877
0.465346515179,0.858585834503,-0.0471077114344,0.257999807596,0.305107533932
0.475247502327,0.858585834503,-0.0452763289213,0.25725954771,0.302535891533
0.485148519278,0.858585834503,-0.0431978479028,0.256428301334,0.299626141787
0.495049506426,0.858585834503,-0.0408612154424,0.255505859852,0.29636707902
0.504950523376,0.858585834503,-0.038255520165,0.254492759705,0.292748272419
0.51485145092,0.858585834503,-0.035370066762,0.253389298916,0.288759350777
0.524752497673,0.858585834503,-0.03219441697,0.252196967602,0.284391373396
0.534653484821,0.858585834503,-0.0287186894566,0.250917047262,0.279635727406
0.54455447197,0.858585834503,-0.0249336566776,0.249551519752,0.274485170841
0.554455459118,0.858585834503,-0.0208308603615,0.248102739453,0.268933594227
0.564356446266,0.858585834503,-0.0164030771703,0.246573597193,0.262976676226
0.574257433414,0.858585834503,-0.0116442553699,0.244967058301,0.256611317396
0.584158420563,0.858585834503,-0.00655012764037,0.243287026882,0.24983716011
0.594059407711,0.858585834503,-0.00111829210073,0.241537228227,0.242655515671
0.603960394859,0.858585834503,0.004651339259,0.239722162485,0.235070824623
0.613861382008,0.858585834503,0.0107561619952,0.237846642733,0.227090477943
0.623762369156,0.858585834503,0.0171904657036,0.23591542244,0.218724951148
0.633663415909,0.858585834503,0.0239450614899,0.233934029937,0.209988966584
0.643564343452,0.858585834503,0.0310065597296,0.231908068061,0.200901508331
0.653465390205,0.858585834503,0.038357462734,0.229843199253,0.191485732794
0.663366317749,0.858585834503,0.0459748208523,0.227745339274,0.181770518422
0.673267364502,0.858585834503,0.0538306310773,0.22562097013,0.171790331602
0.683168292046,0.858585834503,0.0618905238807,0.22347599268,0.161585465074
0.693069338799,0.858585834503,0.0701139867306,0.221316874027,0.151202887297
0.702970266342,0.858585834503,0.0784533321857,0.219150006771,0.140696674585
0.712871313095,0.858585834503,0.0868540778756,0.2169816643,0.130127578974
0.722772240639,0.858585834503,0.0952537432313,0.214817851782,0.119564108551
0.732673287392,0.858585834503,0.103582575917,0.212664991617,0.1090824157
0.74257427454,0.858585834503,0.111762873828,0.21052891016,0.0987660363317
0.752475261688,0.858585834503,0.119709588587,0.208415612578,0.0887060239911
0.762376248837,0.858585834503,0.127330362797,0.20633046329,0.0790001004934
0.772277235985,0.858585834503,0.134526446462,0.204278767109,0.0697523206472
0.782178223133,0.858585834503,0.141193270683,0.202265769243,0.06107249856
0.792079210281,0.858585834503,0.14722160995,0.200296208262,0.0530745983124
0.80198019743,0.858585834503,0.152499571443,0.198374584317,0.0458750128746
0.811881184578,0.858585834503,0.156913399696,0.196504816413,0.0395914167166
0.821782171726,0.858585834503,0.160350590944,0.19469076395,0.0343401730061
0.831683158875,0.858585834503,0.162701532245,0.192935869098,0.030234336853
0.841584146023,0.858585834503,0.163862645626,0.191243007779,0.0273803621531
0.851485133171,0.858585834503,0.16373872757,0.189615055919,0.0258763283491
0.861386120319,0.858585834503,0.162246599793,0.188054233789,0.025807633996
0.871287107468,0.858585834503,0.159317523241,0.186562150717,0.0272446274757
0.881188154221,0.858585834503,0.154900729656,0.185140818357,0.0302400887012
0.891089081764,0.858585834503,0.148965775967,0.183791041374,0.0348252654076
0.900990128517,0.858585834503,0.141505345702,0.182513937354,0.0410085916519
0.910891115665,0.858585834503,0.132537394762,0.181309983134,0.0487725883722
0.920792102814,0.858585834503,0.122106164694,0.180179327726,0.0580731630325
0.930693089962,0.858585834503,0.110283762217,0.179122149944,0.0688383877277
0.94059407711,0.858585834503,0.097169585526,0.178137779236,0.0809681937099
0.950495064259,0.858585834503,0.0828894600272,0.177225798368,0.0943363383412
0.960396051407,0.858585834503,0.0675947591662,0.176385402679,0.108790643513
0.970297038555,0.858585834503,0.0514588654041,0.175615251064,0.12415638566
0.980198025703,0.858585834503,0.0346743613482,0.174914434552,0.140240073204
0.990099012852,0.858585834503,0.0174486711621,0.174281388521,0.15683272481
0.00990098994225,0.868686854839,-0.00197825976647,0.234457060695,0.236435323954
0.0198019798845,0.868686854839,-0.00395477889106,0.235255777836,0.239210560918
0.0297029688954,0.868686854839,-0.00592780625448,0.236068621278,0.24199642241
0.039603959769,0.868686854839,-0.00789557863027,0.236894443631,0.244790017605
0.0495049506426,0.868686854839,-0.00985631626099,0.23773239553,0.247588708997
0.0594059377909,0.868686854839,-0.0118081951514,0.238581895828,0.250390082598
0.0693069323897,0.868686854839,-0.0137493684888,0.239441558719,0.253190934658
0.079207919538,0.868686854839,-0.0156779401004,0.240310251713,0.255988180637
0.0891089066863,0.868686854839,-0.0175919514149,0.2411865592,0.258778512478
0.0990099012852,0.868686854839,-0.0194894149899,0.242069408298,0.261558830738
0.108910888433,0.868686854839,-0.0213682260364,0.242957279086,0.264325499535
0.118811875582,0.868686854839,-0.0232262481004,0.243848606944,0.267074853182
0.12871286273,0.868686854839,-0.0250612329692,0.244741529226,0.269802749157
0.138613864779,0.868686854839,-0.026870848611,0.245634824038,0.272505670786
0.148514851928,0.868686854839,-0.0286526437849,0.246525868773,0.275178521872
0.158415839076,0.868686854839,-0.0304040871561,0.24741332233,0.27781739831
0.168316826224,0.868686854839,-0.0321224927902,0.248294681311,0.280417174101
0.178217813373,0.868686854839,-0.03380503878,0.249167829752,0.282972872257
0.188118815422,0.868686854839,-0.0354488007724,0.250030398369,0.285479187965
0.19801980257,0.868686854839,-0.0370506681502,0.250880241394,0.287930905819
0.207920789719,0.868686854839,-0.0386073552072,0.251714468002,0.290321826935
0.217821776867,0.868686854839,-0.0401154458523,0.252530664206,0.292646110058
0.227722764015,0.868686854839,-0.0415712743998,0.253325670958,0.294896960258
0.237623751163,0.868686854839,-0.0429710373282,0.254097044468,0.297068089247
0.247524753213,0.868686854839,-0.0443106517196,0.25484162569,0.299152284861
0.25742572546,0.868686854839,-0.045585885644,0.255556166172,0.301142036915
0.267326742411,0.868686854839,-0.046792216599,0.256238013506,0.303030222654
0.277227729559,0.868686854839,-0.0479248985648,0.256883591413,0.304808497429
0.287128716707,0.868686854839,-0.0489789173007,0.257489651442,0.306468576193
0.297029703856,0.868686854839,-0.0499489493668,0.258053153753,0.308002114296
0.306930691004,0.868686854839,-0.05082943663,0.258570462465,0.309399902821
0.316831678152,0.868686854839,-0.0516144745052,0.259038239717,0.310652703047
0.3267326653,0.868686854839,-0.0522979199886,0.259453177452,0.311751097441
0.336633652449,0.868686854839,-0.052873197943,0.259811997414,0.312685191631
0.346534639597,0.868686854839,-0.0533334948123,0.260111242533,0.31344473362
0.356435626745,0.868686854839,-0.0536716133356,0.260347753763,0.314019382
0.366336613894,0.868686854839,-0.0538800247014,0.260518044233,0.314398080111
0.376237630844,0.868686854839,-0.0539507903159,0.260619163513,0.314569950104
0.386138617992,0.868686854839,-0.0538757219911,0.260648190975,0.314523905516
0.396039605141,0.868686854839,-0.0536461621523,0.260602086782,0.314248263836
0.405940592289,0.868686854839,-0.0532531738281,0.260478228331,0.313731402159
0.415841579437,0.868686854839,-0.0526874624193,0.260274022818,0.312961488962
0.425742566586,0.868686854839,-0.0519393756986,0.259987175465,0.311926543713
0.435643553734,0.868686854839,-0.0509989745915,0.259615659714,0.310614645481
0.445544540882,0.868686854839,-0.049856018275,0.259157657623,0.309013664722
0.45544552803,0.868686854839,-0.0484999865294,0.258611381054,0.307111382484
0.465346515179,0.868686854839,-0.0469202548265,0.257975965738,0.304896235466
0.475247502327,0.868686854839,-0.0451058745384,0.257250010967,0.302355885506
0.485148519278,0.868686854839,-0.0430459752679,0.256433397532,0.299479365349
0.495049506426,0.868686854839,-0.0407295487821,0.255525767803,0.296255320311
0.504950523376,0.868686854839,-0.0381457321346,0.254527151585,0.292672872543
0.51485145092,0.868686854839,-0.0352838598192,0.253438144922,0.288722008467
0.524752497673,0.868686854839,-0.0321335345507,0.252259731293,0.284393250942
0.534653484821,0.868686854839,-0.0286848843098,0.25099337101,0.27967825532
0.54455447197,0.868686854839,-0.0249287169427,0.249640777707,0.274569481611
0.554455459118,0.868686854839,-0.0208565797657,0.24820420146,0.269060790539
0.564356446266,0.868686854839,-0.016461243853,0.24668610096,0.263147354126
0.574257433414,0.868686854839,-0.0117366667837,0.245089814067,0.256826490164
0.584158420563,0.868686854839,-0.00667854817584,0.243418574333,0.250097125769
0.594059407711,0.868686854839,-0.00128445774317,0.241676300764,0.242960751057
0.603960394859,0.868686854839,0.00444574840367,0.239867091179,0.235421344638
0.613861382008,0.868686854839,0.0105095300823,0.237995579839,0.227486044168
0.623762369156,0.868686854839,0.0169012676924,0.236066669226,0.219165399671
0.633663415909,0.868686854839,0.0236118771136,0.234085530043,0.210473656654
0.643564343452,0.868686854839,0.0306281056255,0.232057675719,0.201429575682
0.653465390205,0.868686854839,0.0379326120019,0.229988649487,0.192056030035
0.663366317749,0.868686854839,0.0455026477575,0.227884575725,0.182381927967
0.673267364502,0.868686854839,0.0533104017377,0.225751385093,0.172440975904
0.683168292046,0.868686854839,0.0613217800856,0.223595231771,0.162273451686
0.693069338799,0.868686854839,0.0694965273142,0.221422448754,0.15192592144
0.702970266342,0.868686854839,0.0777873024344,0.219239473343,0.141452163458
0.712871313095,0.868686854839,0.0861399546266,0.217052206397,0.13091224432
0.722772240639,0.868686854839,0.094492405653,0.214867472649,0.120375066996
0.732673287392,0.868686854839,0.10277531296,0.212690904737,0.109915591776
0.74257427454,0.868686854839,0.11091144383,0.210528865457,0.099617421627
0.752475261688,0.868686854839,0.118816234171,0.208387210965,0.0895709767938
0.762376248837,0.868686854839,0.126397877932,0.206271618605,0.0798737406731
0.772277235985,0.868686854839,0.133558094501,0.204187452793,0.0706293582916
0.782178223133,0.868686854839,0.140192970634,0.20214009285,0.0619471222162
0.792079210281,0.868686854839,0.146193802357,0.200134202838,0.0539404004812
0.80198019743,0.868686854839,0.151449307799,0.198174536228,0.0467252284288
0.811881184578,0.868686854839,0.155846253037,0.19626544416,0.0404191911221
0.821782171726,0.868686854839,0.159272760153,0.194410800934,0.035138040781
0.831683158875,0.868686854839,0.161619722843,0.192614004016,0.0309942811728
0.841584146023,0.868686854839,0.162784039974,0.190878525376,0.0280944854021
0.851485133171,0.868686854839,0.162670984864,0.189206972718,0.026535987854
0.861386120319,0.868686854839,0.161197677255,0.187602207065,0.02640452981
0.871287107468,0.868686854839,0.158295735717,0.186065986753,0.0277702510357
0.881188154221,0.868686854839,0.153914511204,0.184600323439,0.0306858122349
0.891089081764,0.868686854839,0.148023694754,0.183206349611,0.0351826548576
0.900990128517,0.868686854839,0.140615835786,0.181885093451,0.0412692576647
0.910891115665,0.868686854839,0.131708815694,0.180637434125,0.0489286184311
0.920792102814,0.868686854839,0.121346525848,0.179463997483,0.0581174716353
0.930693089962,0.868686854839,0.109600611031,0.178364291787,0.0687636807561
0.94059407711,0.868686854839,0.0965698882937,0.177338674664,0.0807687863708
0.950495064259,0.868686854839,0.0823795124888,0.176386475563,0.0940069630742
0.960396051407,0.868686854839,0.0671799629927,0.175506874919,0.108326911926
0.970297038555,0.868686854839,0.0511437170208,0.17469894886,0.123555228114
0.980198025703,0.868686854839,0.0344623066485,0.173961758614,0.13949945569
0.990099012852,0.868686854839,0.0173420533538,0.173293918371,0.155951857567
0.00990098994225,0.878787875175,-0.00196588318795,0.234358161688,0.236324042082
0.0198019798845,0.878787875175,-0.00393004249781,0.235150918365,0.239080965519
0.0297029688954,0.878787875175,-0.00589074660093,0.235957249999,0.241847991943
0.039603959769,0.878787875175,-0.00784624740481,0.236777022481,0.244623273611
0.0495049506426,0.878787875175,-0.00979478284717,0.237609103322,0.247403889894
0.0594059377909,0.878787875175,-0.0117345489562,0.238452449441,0.250187009573
0.0693069323897,0.878787875175,-0.0136637156829,0.239306151867,0.252969861031
0.079207919538,0.878787875175,-0.0155804073438,0.240169122815,0.25574952364
0.0891089066863,0.878787875175,-0.0174826830626,0.241039961576,0.258522629738
0.0990099012852,0.878787875175,-0.0193685684353,0.24191737175,0.261285930872
0.108910888433,0.878787875175,-0.0212359912694,0.24279987812,0.264035880566
0.118811875582,0.878787875175,-0.0230828262866,0.243686079979,0.26676890254
0.12871286273,0.878787875175,-0.0249068457633,0.24457423389,0.269481092691
0.138613864779,0.878787875175,-0.0267057344317,0.245462700725,0.272168427706
0.148514851928,0.878787875175,-0.0284770745784,0.246349528432,0.274826616049
0.158415839076,0.878787875175,-0.0302183441818,0.247232720256,0.277451068163
0.168316826224,0.878787875175,-0.0319268926978,0.248110339046,0.280037224293
0.178217813373,0.878787875175,-0.0335999205709,0.248980015516,0.282579928637
0.188118815422,0.878787875175,-0.0352345183492,0.249839574099,0.285074084997
0.19801980257,0.878787875175,-0.0368276126683,0.250686496496,0.28751412034
0.207920789719,0.878787875175,-0.0383759327233,0.251518428326,0.289894372225
0.217821776867,0.878787875175,-0.0398760959506,0.252332359552,0.292208462954
0.227722764015,0.878787875175,-0.0413244627416,0.253126204014,0.294450670481
0.237623751163,0.878787875175,-0.042717255652,0.253896445036,0.296613693237
0.247524753213,0.878787875175,-0.0440504364669,0.254640430212,0.298690855503
0.25742572546,0.878787875175,-0.0453197956085,0.255355238914,0.300675034523
0.267326742411,0.878787875175,-0.0465208403766,0.256037533283,0.302558362484
0.277227729559,0.878787875175,-0.0476488620043,0.256684362888,0.304333209991
0.287128716707,0.878787875175,-0.0486988760531,0.257292360067,0.305991232395
0.297029703856,0.878787875175,-0.049665607512,0.25785818696,0.307523787022
0.306930691004,0.878787875175,-0.0505435205996,0.258378535509,0.308922052383
0.316831678152,0.878787875175,-0.051326777786,0.258850097656,0.310176879168
0.3267326653,0.878787875175,-0.0520092435181,0.25926977396,0.311279028654
0.336633652449,0.878787875175,-0.052584387362,0.259633779526,0.312218159437
0.346534639597,0.878787875175,-0.0530454665422,0.259938985109,0.312984466553
0.356435626745,0.878787875175,-0.0533853136003,0.260182142258,0.313567459583
0.366336613894,0.878787875175,-0.0535964258015,0.260359972715,0.313956409693
0.376237630844,0.878787875175,-0.0536709427834,0.260469406843,0.314140349627
0.386138617992,0.878787875175,-0.0536007136106,0.260507285595,0.314108014107
0.396039605141,0.878787875175,-0.0533771179616,0.260470837355,0.313847959042
0.405940592289,0.878787875175,-0.0529912784696,0.26035746932,0.313348740339
0.415841579437,0.878787875175,-0.0524339489639,0.260164439678,0.312598377466
0.425742566586,0.878787875175,-0.0516955405474,0.259889364243,0.311584889889
0.435643553734,0.878787875175,-0.050766132772,0.259530246258,0.31029638648
0.445544540882,0.878787875175,-0.0496355704963,0.259084939957,0.308720499277
0.45544552803,0.878787875175,-0.0482933782041,0.258552134037,0.306845515966
0.465346515179,0.878787875175,-0.0467289686203,0.25793042779,0.30465939641
0.475247502327,0.878787875175,-0.0449314489961,0.257218539715,0.30214998126
0.485148519278,0.878787875175,-0.0428899899125,0.256416320801,0.299306303263
0.495049506426,0.878787875175,-0.0405936352909,0.255523055792,0.296116679907
0.504950523376,0.878787875175,-0.0380315594375,0.254538923502,0.292570471764
0.51485145092,0.878787875175,-0.0351931415498,0.253464311361,0.288657456636
0.524752497673,0.878787875175,-0.0320680066943,0.252299934626,0.284367948771
0.534653484821,0.878787875175,-0.0286463238299,0.251047343016,0.27969366312
0.54455447197,0.878787875175,-0.0249189119786,0.249708011746,0.274626910686
0.554455459118,0.878787875175,-0.0208773333579,0.248283848166,0.269161194563
0.564356446266,0.878787875175,-0.0165143683553,0.246777489781,0.263291865587
0.574257433414,0.878787875175,-0.0118239624426,0.245191946626,0.257015913725
0.584158420563,0.878787875175,-0.00680179381743,0.243530124426,0.250331908464
0.594059407711,0.878787875175,-0.00144540471956,0.241796135902,0.243241533637
0.603960394859,0.878787875175,0.00424540136009,0.239993616939,0.23574821651
0.613861382008,0.878787875175,0.0102681489661,0.238127365708,0.227859213948
0.623762369156,0.878787875175,0.0166173055768,0.236201837659,0.219584524632
0.633663415909,0.878787875175,0.0232838951051,0.234222218394,0.210938319564
0.643564343452,0.878787875175,0.0302547961473,0.232193738222,0.201938942075
0.653465390205,0.878787875175,0.0375128351152,0.230122104287,0.192609265447
0.663366317749,0.878787875175,0.045035418123,0.228013217449,0.182977795601
0.673267364502,0.878787875175,0.0527949929237,0.225872650743,0.173077657819
0.683168292046,0.878787875175,0.0607576966286,0.223706886172,0.162949189544
0.693069338799,0.878787875175,0.0688835531473,0.221522167325,0.152638614178
0.702970266342,0.878787875175,0.0771255344152,0.219324469566,0.142198935151
0.712871313095,0.878787875175,0.0854298397899,0.217120155692,0.131690323353
0.722772240639,0.878787875175,0.0937348008156,0.214915767312,0.121180966496
0.732673287392,0.878787875175,0.101971492171,0.212717324495,0.110745832324
0.74257427454,0.878787875175,0.110063157976,0.210530921817,0.100467763841
0.752475261688,0.878787875175,0.117925688624,0.208362355828,0.0904366672039
0.762376248837,0.878787875175,0.125467807055,0.206217736006,0.0807499289513
0.772277235985,0.878787875175,0.132591843605,0.204102516174,0.0715106725693
0.782178223133,0.878787875175,0.139194384217,0.202021852136,0.0628274679184
0.792079210281,0.878787875175,0.145167320967,0.19998088479,0.0548135638237
0.80198019743,0.878787875175,0.150399938226,0.19798438251,0.0475844442844
0.811881184578,0.878787875175,0.154779672623,0.196036949754,0.0412572771311
0.821782171726,0.878787875175,0.158195123076,0.194142356515,0.0359472334385
0.831683158875,0.878787875175,0.160537749529,0.192304685712,0.031766936183
0.841584146023,0.878787875175,0.161704957485,0.190527111292,0.0288221538067
0.851485133171,0.878787875175,0.161602452397,0.188812762499,0.0272103101015
0.861386120319,0.878787875175,0.160147711635,0.187164276838,0.0270165652037
0.871287107468,0.878787875175,0.157272651792,0.18558396399,0.0283113121986
0.881188154221,0.878787875175,0.152926817536,0.184073925018,0.031147107482
0.891089081764,0.878787875175,0.147079959512,0.182635501027,0.0355555415154
0.900990128517,0.878787875175,0.13972465694,0.181270033121,0.0415453761816
0.910891115665,0.878787875175,0.130878508091,0.179978460073,0.0490999519825
0.920792102814,0.878787875175,0.120585180819,0.178761258721,0.0581760779023
0.930693089962,0.878787875175,0.108915835619,0.177618905902,0.0687030702829
0.94059407711,0.878787875175,0.0959687009454,0.176551133394,0.0805824324489
0.950495064259,0.878787875175,0.081868223846,0.175557687879,0.0936894640326
0.960396051407,0.878787875175,0.0667640566826,0.174637958407,0.107873901725
0.970297038555,0.878787875175,0.05082770437,0.173791378736,0.122963674366
0.980198025703,0.878787875175,0.0342496596277,0.173016682267,0.138767018914
0.990099012852,0.878787875175,0.0172351337969,0.1723125875,0.155077457428
0.00990098994225,0.888888895512,-0.00195348053239,0.234266385436,0.236219868064
0.0198019798845,0.888888895512,-0.003905254649,0.235052406788,0.23895765841
0.0297029688954,0.888888895512,-0.00585360778496,0.235852330923,0.241705939174
0.039603959769,0.888888895512,-0.00779680954292,0.236665785313,0.24446259439
0.0495049506426,0.888888895512,-0.00973311718553,0.237491458654,0.247224569321
0.0594059377909,0.888888895512,-0.0116607416421,0.238328665495,0.249989405274
0.0693069323897,0.888888895512,-0.0135778728873,0.239176243544,0.252754122019
0.079207919538,0.888888895512,-0.0154826529324,0.240032985806,0.255515635014
0.0891089066863,0.888888895512,-0.0173731576651,0.240897879004,0.258271038532
0.0990099012852,0.888888895512,-0.0192474350333,0.241769626737,0.261017054319
0.108910888433,0.888888895512,-0.0211034305394,0.242646500468,0.263749927282
0.118811875582,0.888888895512,-0.0229390393943,0.243527203798,0.266466230154
0.12871286273,0.888888895512,-0.0247520525008,0.244410052896,0.269162118435
0.138613864779,0.888888895512,-0.0265401788056,0.245293334126,0.271833509207
0.148514851928,0.888888895512,-0.0283010210842,0.246175453067,0.274476468563
0.158415839076,0.888888895512,-0.0300320722163,0.247054070234,0.277086138725
0.168316826224,0.888888895512,-0.0317307151854,0.247927293181,0.279658019543
0.178217813373,0.888888895512,-0.0333941653371,0.248792886734,0.282187044621
0.188118815422,0.888888895512,-0.0350195467472,0.249648764729,0.284668326378
0.19801980257,0.888888895512,-0.0366038046777,0.250492304564,0.287096112967
0.207920789719,0.888888895512,-0.0381437018514,0.251321196556,0.289464890957
0.217821776867,0.888888895512,-0.0396358706057,0.252132683992,0.291768550873
0.227722764015,0.888888895512,-0.0410767048597,0.252924144268,0.294000864029
0.237623751163,0.888888895512,-0.0424624681473,0.253692746162,0.29615521431
0.247524753213,0.888888895512,-0.0437891334295,0.254435479641,0.298224627972
0.25742572546,0.888888895512,-0.0450525321066,0.255149632692,0.300202161074
0.267326742411,0.888888895512,-0.0462482087314,0.255831688643,0.302079886198
0.277227729559,0.888888895512,-0.0473714768887,0.25647893548,0.303850412369
0.287128716707,0.888888895512,-0.048417404294,0.25708797574,0.305505394936
0.297029703856,0.888888895512,-0.0493807308376,0.257655411959,0.30703613162
0.306930691004,0.888888895512,-0.0502559877932,0.258177936077,0.308433920145
0.316831678152,0.888888895512,-0.0510373301804,0.258652627468,0.309689968824
0.3267326653,0.888888895512,-0.051718711853,0.259075820446,0.310794532299
0.336633652449,0.888888895512,-0.0522936284542,0.259444326162,0.311737954617
0.346534639597,0.888888895512,-0.0527553707361,0.259754568338,0.312509953976
0.356435626745,0.888888895512,-0.053096819669,0.260003626347,0.313100457191
0.366336613894,0.888888895512,-0.0533105172217,0.260188102722,0.313498616219
0.376237630844,0.888888895512,-0.053388658911,0.260304868221,0.313693523407
0.386138617992,0.888888895512,-0.0533231236041,0.260351121426,0.313674241304
0.396039605141,0.888888895512,-0.0531053692102,0.260323613882,0.313428997993
0.405940592289,0.888888895512,-0.0527265444398,0.260219722986,0.312946259975
0.415841579437,0.888888895512,-0.0521774627268,0.260036975145,0.312214434147
0.425742566586,0.888888895512,-0.0514485798776,0.259773135185,0.311221718788
0.435643553734,0.888888895512,-0.0505300424993,0.259425580502,0.309955626726
0.445544540882,0.888888895512,-0.0494117289782,0.25899258256,0.308404326439
0.45544552803,0.888888895512,-0.0480832308531,0.258472651243,0.306555867195
0.465346515179,0.888888895512,-0.0465339906514,0.257864236832,0.304398238659
0.475247502327,0.888888895512,-0.04475319013,0.257166296244,0.301919490099
0.485148519278,0.888888895512,-0.0427300333977,0.256377786398,0.299107819796
0.495049506426,0.888888895512,-0.0404536165297,0.255498677492,0.295952290297
0.504950523376,0.888888895512,-0.0379131510854,0.254528880119,0.292442023754
0.51485145092,0.888888895512,-0.0350980572402,0.253468364477,0.288566410542
0.524752497673,0.888888895512,-0.0319979898632,0.252318233252,0.284316211939
0.534653484821,0.888888895512,-0.0286031570286,0.251079499722,0.279682666063
0.54455447197,0.888888895512,-0.0249043889344,0.249753549695,0.274657934904
0.554455459118,0.888888895512,-0.0208932701498,0.248342201114,0.26923546195
0.564356446266,0.888888895512,-0.0165625866503,0.246848002076,0.26341059804
0.574257433414,0.888888895512,-0.0119062745944,0.245273590088,0.2571798563
0.584158420563,0.888888895512,-0.00691999308765,0.243622049689,0.25054204464
0.594059407711,0.888888895512,-0.00160125573166,0.241896897554,0.243498146534
0.603960394859,0.888888895512,0.00405018078163,0.240102127194,0.236051946878
0.613861382008,0.888888895512,0.0100319087505,0.238241970539,0.228210061789
0.623762369156,0.888888895512,0.0163384787738,0.236320897937,0.219982415438
0.633663415909,0.888888895512,0.022961018607,0.234343901277,0.211382880807
0.643564343452,0.888888895512,0.0298865456134,0.232316166162,0.202429622412
0.653465390205,0.888888895512,0.0370980352163,0.230243206024,0.193145170808
0.663366317749,0.888888895512,0.0445730872452,0.228130668402,0.183557584882
0.673267364502,0.888888895512,0.0522843562067,0.225984469056,0.173700109124
0.683168292046,0.888888895512,0.060198225081,0.223810523748,0.163612306118
0.693069338799,0.888888895512,0.0682750120759,0.22161526978,0.153340250254
0.702970266342,0.888888895512,0.0764679983258,0.219404652715,0.142936646938
0.712871313095,0.888888895512,0.0847237557173,0.217184916139,0.132461160421
0.722772240639,0.888888895512,0.0929809659719,0.214962571859,0.121981605887
0.732673287392,0.888888895512,0.101171165705,0.212743759155,0.111572593451
0.74257427454,0.888888895512,0.10921805352,0.210534438491,0.101316384971
0.752475261688,0.888888895512,0.117038011551,0.208340793848,0.0913027822971
0.762376248837,0.888888895512,0.124540291727,0.206168547273,0.0816282555461
0.772277235985,0.888888895512,0.131627738476,0.204023554921,0.0723958164454
0.782178223133,0.888888895512,0.138197571039,0.201911017299,0.0637134462595
0.792079210281,0.888888895512,0.144142270088,0.199836343527,0.0556940734386
0.80198019743,0.888888895512,0.149351671338,0.197804257274,0.0484525859356
0.811881184578,0.888888895512,0.153713792562,0.195819303393,0.0421055108309
0.821782171726,0.888888895512,0.157117828727,0.19388589263,0.0367680639029
0.831683158875,0.888888895512,0.159455806017,0.192007884383,0.0325520783663
0.841584146023,0.888888895512,0.160625547171,0.19018894434,0.0295633971691
0.851485133171,0.888888895512,0.160533279181,0.188432365656,0.0278990864754
0.861386120319,0.888888895512,0.159096866846,0.186740681529,0.027643814683
0.871287107468,0.888888895512,0.156248450279,0.185116693377,0.0288682430983
0.881188154221,0.888888895512,0.15193785727,0.183562278748,0.0316244214773
0.891089081764,0.888888895512,0.146134853363,0.182079404593,0.0359445512295
0.900990128517,0.888888895512,0.138831958175,0.180669695139,0.0418377369642
0.910891115665,0.888888895512,0.13004668057,0.179333761334,0.0492870807648
0.920792102814,0.888888895512,0.119822308421,0.178072720766,0.0582504123449
0.930693089962,0.888888895512,0.108229577541,0.176886886358,0.0686573088169
0.94059407711,0.888888895512,0.0953661650419,0.175776392221,0.0804102271795
0.950495064259,0.888888895512,0.0813557431102,0.174741029739,0.0933852866292
0.960396051407,0.888888895512,0.066347129643,0.173780485988,0.107433356345
0.970297038555,0.888888895512,0.0505108982325,0.172893866897,0.122382968664
0.980198025703,0.888888895512,0.0340364761651,0.17208071053,0.138044238091
0.990099012852,0.888888895512,0.0171279404312,0.171339377761,0.154211431742
0.00990098994225,0.898989915848,-0.00194105540868,0.234181404114,0.236122459173
0.0198019798845,0.898989915848,-0.0038804220967,0.234960913658,0.238841339946
0.0297029688954,0.898989915848,-0.0058164014481,0.235754594207,0.241570994258
0.039603959769,0.898989915848,-0.00774728180841,0.236561313272,0.244308590889
0.0495049506426,0.898989915848,-0.00967133697122,0.237380608916,0.247051939368
0.0594059377909,0.898989915848,-0.011586795561,0.238211125135,0.249797925353
0.0693069323897,0.898989915848,-0.0134918643162,0.239052459598,0.252544313669
0.079207919538,0.898989915848,-0.0153847048059,0.239902928472,0.255287647247
0.0891089066863,0.898989915848,-0.0172634124756,0.240761443973,0.258024871349
0.0990099012852,0.898989915848,-0.0191260520369,0.241626977921,0.260753035545
0.108910888433,0.898989915848,-0.0209705866873,0.242497995496,0.263468593359
0.118811875582,0.898989915848,-0.0227949358523,0.243372797966,0.266167730093
0.12871286273,0.898989915848,-0.0245969034731,0.244249939919,0.268846839666
0.138613864779,0.898989915848,-0.0263742301613,0.24512770772,0.271501928568
0.148514851928,0.898989915848,-0.0281245280057,0.246004298329,0.274128824472
0.158415839076,0.898989915848,-0.0298453271389,0.246877893806,0.276723206043
0.168316826224,0.898989915848,-0.0315340161324,0.247746303678,0.279280304909
0.178217813373,0.898989915848,-0.0331878438592,0.248607367277,0.281795203686
0.188118815422,0.898989915848,-0.0348039567471,0.249458864331,0.284262835979
0.19801980257,0.898989915848,-0.0363793186843,0.250298440456,0.286677747965
0.207920789719,0.898989915848,-0.037910733372,0.251123577356,0.289034307003
0.217821776867,0.898989915848,-0.039394851774,0.251931995153,0.291326850653
0.227722764015,0.898989915848,-0.0408280864358,0.252720504999,0.293548583984
0.237623751163,0.898989915848,-0.0422067455947,0.253486782312,0.295693516731
0.247524753213,0.898989915848,-0.043526828289,0.254227459431,0.29775428772
0.25742572546,0.898989915848,-0.0447841957211,0.254940003157,0.299724191427
0.267326742411,0.898989915848,-0.0459744185209,0.255621433258,0.30159586668
0.277227729559,0.898989915848,-0.0470928549767,0.256268054247,0.303360909224
0.287128716707,0.898989915848,-0.0481346026063,0.256877273321,0.305011868477
0.297029703856,0.898989915848,-0.0490944385529,0.257445544004,0.306539982557
0.306930691004,0.898989915848,-0.0499669276178,0.257969796658,0.307936728001
0.316831678152,0.898989915848,-0.0507462844253,0.258446514606,0.309192806482
0.3267326653,0.898989915848,-0.0514264628291,0.258872538805,0.310299009085
0.336633652449,0.898989915848,-0.0520010404289,0.259244531393,0.311245560646
0.346534639597,0.898989915848,-0.0524633266032,0.259559214115,0.312022536993
0.356435626745,0.898989915848,-0.0528062544763,0.25981336832,0.312619626522
0.366336613894,0.898989915848,-0.0530224367976,0.260003477335,0.313025921583
0.376237630844,0.898989915848,-0.0531040728092,0.260126948357,0.313231021166
0.386138617992,0.898989915848,-0.0530431121588,0.26018050313,0.313223600388
0.396039605141,0.898989915848,-0.0528310537338,0.260161042213,0.312992095947
0.405940592289,0.898989915848,-0.0524591170251,0.260066241026,0.312525361776
0.415841579437,0.898989915848,-0.0519181489944,0.259893089533,0.311811238527
0.425742566586,0.898989915848,-0.0511986650527,0.259639501572,0.310838162899
0.435643553734,0.898989915848,-0.0502908453345,0.259303122759,0.309593975544
0.445544540882,0.898989915848,-0.0491846464574,0.258881688118,0.308066338301
0.45544552803,0.898989915848,-0.0478696897626,0.258374005556,0.306243687868
0.465346515179,0.898989915848,-0.0463354811072,0.257778286934,0.304113775492
0.475247502327,0.898989915848,-0.044571261853,0.257093518972,0.30166476965
0.485148519278,0.898989915848,-0.0425662659109,0.25631865859,0.298884928226
0.495049506426,0.898989915848,-0.0403096452355,0.255453437567,0.295763075352
0.504950523376,0.898989915848,-0.0377906523645,0.254497498274,0.292288154364
0.51485145092,0.898989915848,-0.0349987521768,0.253451406956,0.288450151682
0.524752497673,0.898989915848,-0.0319236330688,0.252315253019,0.284238874912
0.534653484821,0.898989915848,-0.0285555254668,0.251090377569,0.279645889997
0.54455447197,0.898989915848,-0.0248852968216,0.249777913094,0.274663209915
0.554455459118,0.898989915848,-0.0209045354277,0.248379707336,0.269284248352
0.564356446266,0.898989915848,-0.0166060402989,0.246897980571,0.26350402832
0.574257433414,0.898989915848,-0.0119837354869,0.24533508718,0.25731882453
0.584158420563,0.898989915848,-0.00703327404335,0.243694514036,0.250727802515
0.594059407711,0.898989915848,-0.00175213359762,0.241978928447,0.243731066585
0.603960394859,0.898989915848,0.00385997374542,0.240192577243,0.23633261025
0.613861382008,0.898989915848,0.00980070326477,0.238339498639,0.228538796306
0.623762369156,0.898989915848,0.0160646885633,0.236423909664,0.220359221101
0.633663415909,0.898989915848,0.0226431675255,0.234450608492,0.211807444692
0.643564343452,0.898989915848,0.0295232795179,0.232424795628,0.202901512384
0.653465390205,0.898989915848,0.0366881601512,0.230351790786,0.193663626909
0.663366317749,0.898989915848,0.0441155992448,0.228237122297,0.184121519327
0.673267364502,0.898989915848,0.051778446883,0.226086631417,0.174308180809
0.683168292046,0.898989915848,0.0596433542669,0.22390589118,0.164262533188
0.693069338799,0.898989915848,0.0676709264517,0.221701815724,0.154030889273
0.702970266342,0.898989915848,0.0758147314191,0.219479694963,0.143664956093
0.712871313095,0.898989915848,0.0840217098594,0.217246159911,0.133224457502
0.722772240639,0.898989915848,0.0922309532762,0.215007483959,0.122776530683
0.732673287392,0.898989915848,0.100374400616,0.212769776583,0.112395375967
0.74257427454,0.898989915848,0.108376219869,0.210539415479,0.10216319561
0.752475261688,0.898989915848,0.11615331471,0.208322018385,0.0921687036753
0.762376248837,0.898989915848,0.123615421355,0.206123843789,0.0825084224343
0.772277235985,0.898989915848,0.13066598773,0.203950464725,0.0732844769955
0.782178223133,0.898989915848,0.137202769518,0.201807618141,0.0646048486233
0.792079210281,0.898989915848,0.143118858337,0.199700370431,0.0565815120935
0.80198019743,0.898989915848,0.148304671049,0.197633802891,0.0493291318417
0.811881184578,0.898989915848,0.152648851275,0.19561265409,0.0429638028145
0.821782171726,0.898989915848,0.156041130424,0.193641379476,0.037600249052
0.831683158875,0.898989915848,0.158374071121,0.191724136472,0.0333500653505
0.841584146023,0.898989915848,0.159546092153,0.189864486456,0.0303183943033
0.851485133171,0.898989915848,0.159463778138,0.188066095114,0.0286023169756
0.861386120319,0.898989915848,0.158045426011,0.186331808567,0.028286382556
0.871287107468,0.898989915848,0.155223444104,0.184664413333,0.0294409692287
0.881188154221,0.898989915848,0.150947883725,0.183066159487,0.0321182757616
0.891089081764,0.898989915848,0.145188570023,0.181539192796,0.0363506227732
0.900990128517,0.898989915848,0.137938007712,0.180084809661,0.0421468019485
0.910891115665,0.898989915848,0.129213526845,0.1787045151,0.0494909882545
0.920792102814,0.898989915848,0.119058139622,0.177399367094,0.0583412274718
0.930693089962,0.898989915848,0.107542075217,0.176169589162,0.0686275139451
0.94059407711,0.898989915848,0.0947624444962,0.175015762448,0.0802533179522
0.950495064259,0.898989915848,0.0808422118425,0.173937827349,0.0930956155062
0.960396051407,0.898989915848,0.0659293308854,0.172935575247,0.107006244361
0.970297038555,0.898989915848,0.0501934029162,0.172008424997,0.121815025806
0.980198025703,0.898989915848,0.0338228084147,0.171155512333,0.137332707644
0.990099012852,0.898989915848,0.0170205049217,0.17037589848,0.153355389833
0.00990098994225,0.909090876579,-0.00192861107644,0.234104320407,0.236032932997
0.0198019798845,0.909090876579,-0.00385555042885,0.23487713933,0.23873269558
0.0297029688954,0.909090876579,-0.00577913643792,0.23566415906,0.241443291306
0.039603959769,0.909090876579,-0.00769767491147,0.236464247108,0.244161918759
0.0495049506426,0.909090876579,-0.00960945524275,0.237276732922,0.246886193752
0.0594059377909,0.909090876579,-0.011512725614,0.238100722432,0.249613448977
0.0693069323897,0.909090876579,-0.0134057095274,0.238935232162,0.252340942621
0.079207919538,0.909090876579,-0.0152865871787,0.239779189229,0.255065768957
0.0891089066863,0.909090876579,-0.0171534717083,0.240631267428,0.257784724236
0.0990099012852,0.909090876579,-0.019004445523,0.241490229964,0.260494679213
0.108910888433,0.909090876579,-0.0208374951035,0.242354691029,0.263192176819
0.118811875582,0.909090876579,-0.0226505491883,0.243223503232,0.265874058008
0.12871286273,0.909090876579,-0.0244414433837,0.244094729424,0.268536180258
0.138613864779,0.909090876579,-0.0262079332024,0.244966432452,0.271174371243
0.148514851928,0.909090876579,-0.0279476549476,0.245837196708,0.273784846067
0.158415839076,0.909090876579,-0.0296581573784,0.246705323458,0.276363492012
0.168316826224,0.909090876579,-0.0313368476927,0.247568175197,0.278905034065
0.178217813373,0.909090876579,-0.0329810082912,0.248424172401,0.281405180693
0.188118815422,0.909090876579,-0.0345878042281,0.249270901084,0.283858716488
0.19801980257,0.909090876579,-0.0361542329192,0.250105857849,0.286260098219
0.207920789719,0.909090876579,-0.0376770943403,0.250926852226,0.288603961468
0.217821776867,0.909090876579,-0.0391531027853,0.251731216908,0.290884315968
0.227722764015,0.909090876579,-0.0405786857009,0.252516269684,0.293094962835
0.237623751163,0.909090876579,-0.0419501811266,0.253279358149,0.295229554176
0.247524753213,0.909090876579,-0.0432636030018,0.254017472267,0.297281086445
0.25742572546,0.909090876579,-0.0445148684084,0.254727780819,0.299242645502
0.267326742411,0.909090876579,-0.0456995666027,0.255407631397,0.301107198
0.277227729559,0.909090876579,-0.0468130894005,0.256053209305,0.302866309881
0.287128716707,0.909090876579,-0.0478505641222,0.256661742926,0.304512321949
0.297029703856,0.909090876579,-0.0488068275154,0.257230162621,0.30603697896
0.306930691004,0.909090876579,-0.0496764592826,0.25775501132,0.307431459427
0.316831678152,0.909090876579,-0.0504537113011,0.258232861757,0.308686584234
0.3267326653,0.909090876579,-0.0511326082051,0.25866112113,0.309793740511
0.336633652449,0.909090876579,-0.0517067313194,0.259035736322,0.310742467642
0.346534639597,0.909090876579,-0.052169457078,0.259353786707,0.311523258686
0.356435626745,0.909090876579,-0.0525137633085,0.259612172842,0.312125921249
0.366336613894,0.909090876579,-0.0527322888374,0.259807497263,0.3125397861
0.376237630844,0.909090876579,-0.052817299962,0.259936541319,0.312753856182
0.386138617992,0.909090876579,-0.0527608022094,0.25999674201,0.31275755167
0.396039605141,0.909090876579,-0.0525543130934,0.259984582663,0.312538892031
0.405940592289,0.909090876579,-0.0521891340613,0.259897738695,0.312086880207
0.415841579437,0.909090876579,-0.0516561344266,0.259733498096,0.311389625072
0.425742566586,0.909090876579,-0.0509459003806,0.259489476681,0.310435384512
0.435643553734,0.909090876579,-0.0500486753881,0.259163409472,0.309212088585
0.445544540882,0.909090876579,-0.048954449594,0.258753240108,0.307707697153
0.45544552803,0.909090876579,-0.047652900219,0.25825715065,0.305910050869
0.465346515179,0.909090876579,-0.0461335889995,0.257673770189,0.303807348013
0.475247502327,0.909090876579,-0.0443857982755,0.25700160861,0.301387399435
0.485148519278,0.909090876579,-0.0423988327384,0.256240069866,0.298638910055
0.495049506426,0.909090876579,-0.0401618666947,0.255388319492,0.295550197363
0.504950523376,0.909090876579,-0.0376642197371,0.254446178675,0.292110383511
0.51485145092,0.909090876579,-0.0348953790963,0.253413885832,0.288309276104
0.524752497673,0.909090876579,-0.0318450778723,0.252291619778,0.284136712551
0.534653484821,0.909090876579,-0.0285035781562,0.251080662012,0.279584228992
0.54455447197,0.909090876579,-0.0248617697507,0.249781832099,0.274643599987
0.554455459118,0.909090876579,-0.020911263302,0.248396798968,0.269308060408
0.564356446266,0.909090876579,-0.0166448540986,0.246927812696,0.263572663069
0.574257433414,0.909090876579,-0.0120564745739,0.245377182961,0.257433652878
0.584158420563,0.909090876579,-0.00714175915346,0.243747651577,0.250889420509
0.594059407711,0.909090876579,-0.00189815578051,0.242042481899,0.243940636516
0.603960394859,0.909090876579,0.00367466849275,0.240265011787,0.236590340734
0.613861382008,0.909090876579,0.00957442913204,0.238419875503,0.228845447302
0.623762369156,0.909090876579,0.0157958436757,0.236510574818,0.220714733005
0.633663415909,0.909090876579,0.0223302543163,0.23454208672,0.212211832404
0.643564343452,0.909090876579,0.0291649270803,0.232519373298,0.20335444808
0.653465390205,0.909090876579,0.03628314659,0.23044757545,0.194164425135
0.663366317749,0.909090876579,0.0436629019678,0.228332012892,0.184669107199
0.673267364502,0.909090876579,0.0512772426009,0.226178407669,0.174901157618
0.683168292046,0.909090876579,0.0590930692852,0.223992884159,0.164899811149
0.693069338799,0.909090876579,0.0670712515712,0.221781000495,0.154709756374
0.702970266342,0.909090876579,0.0751657187939,0.219549208879,0.144383490086
0.712871313095,0.909090876579,0.0833237320185,0.217303350568,0.133979618549
0.722772240639,0.909090876579,0.0914847776294,0.215050056577,0.123565278947
0.732673287392,0.909090876579,0.0995812341571,0.21279515326,0.113213919103
0.74257427454,0.909090876579,0.107537738979,0.21054507792,0.103007338941
0.752475261688,0.909090876579,0.115271657705,0.208305567503,0.0930339097977
0.762376248837,0.909090876579,0.122693300247,0.206082969904,0.0833896696568
0.772277235985,0.909090876579,0.129706695676,0.203883036971,0.0741763412952
0.782178223133,0.909090876579,0.136210098863,0.201710939407,0.0655008405447
0.792079210281,0.909090876579,0.142097219825,0.199572712183,0.0574754923582
0.80198019743,0.909090876579,0.147259116173,0.197472944856,0.0502138286829
0.811881184578,0.909090876579,0.151584997773,0.195416793227,0.043831795454
0.821782171726,0.909090876579,0.154965177178,0.193408846855,0.0384436696768
0.831683158875,0.909090876579,0.157292813063,0.191453292966,0.0341604799032
0.841584146023,0.909090876579,0.158466771245,0.189553901553,0.0310871303082
0.851485133171,0.909090876579,0.158394157887,0.187714502215,0.0293203443289
0.861386120319,0.909090876579,0.156993597746,0.185938119888,0.0289445221424
0.871287107468,0.909090876579,0.154197841883,0.18422794342,0.0300301015377
0.881188154221,0.909090876579,0.149957090616,0.182586073875,0.0326289832592
0.891089081764,0.909090876579,0.144241347909,0.18101491034,0.0367735624313
0.900990128517,0.909090876579,0.13704302907,0.179516240954,0.0424732118845
0.910891115665,0.909090876579,0.128379300237,0.178091555834,0.0497122555971
0.920792102814,0.909090876579,0.118292830884,0.176741957664,0.05844912678
0.930693089962,0.909090876579,0.106853470206,0.175468206406,0.0686147361994
0.94059407711,0.909090876579,0.0941577106714,0.174270510674,0.0801128000021
0.950495064259,0.909090876579,0.0803277567029,0.173149481416,0.0928217247128
0.960396051407,0.909090876579,0.0655107423663,0.172104805708,0.106594063342
0.970297038555,0.909090876579,0.049875292927,0.171136215329,0.121260926127
0.980198025703,0.909090876579,0.0336087271571,0.170242846012,0.136634111404
0.990099012852,0.909090876579,0.0169128570706,0.169423907995,0.152511045337
0.00990098994225,0.919191896915,-0.00191615067888,0.234035551548,0.235951706767
0.0198019798845,0.919191896915,-0.00383064639755,0.23480142653,0.238632068038
0.0297029688954,0.919191896915,-0.00574182253331,0.235581576824,0.241323396564
0.039603959769,0.919191896915,-0.00764800142497,0.236374884844,0.244022890925
0.0495049506426,0.919191896915,-0.00954748969525,0.237180456519,0.24672794342
0.0594059377909,0.919191896915,-0.0114385522902,0.237997591496,0.24943614006
0.0693069323897,0.919191896915,-0.0133194336668,0.238825440407,0.252144873142
0.079207919538,0.919191896915,-0.0151883270591,0.239662349224,0.254850685596
0.0891089066863,0.919191896915,-0.0170433651656,0.240507677197,0.257551044226
0.0990099012852,0.919191896915,-0.018882650882,0.241360023618,0.260242670774
0.108910888433,0.919191896915,-0.0207041837275,0.242217972875,0.262922167778
0.118811875582,0.919191896915,-0.022505922243,0.243079960346,0.265585869551
0.12871286273,0.919191896915,-0.0242857113481,0.243944689631,0.26823040843
0.138613864779,0.919191896915,-0.0260413326323,0.244810074568,0.270851403475
0.148514851928,0.919191896915,-0.0277704410255,0.24567463994,0.27344506979
0.158415839076,0.919191896915,-0.029470609501,0.246536552906,0.276007175446
0.168316826224,0.919191896915,-0.0311392694712,0.247393786907,0.278533041477
0.178217813373,0.919191896915,-0.0327737182379,0.248244196177,0.281017899513
0.188118815422,0.919191896915,-0.0343711487949,0.249085456133,0.283456593752
0.19801980257,0.919191896915,-0.0359285846353,0.249915421009,0.285843998194
0.207920789719,0.919191896915,-0.0374428629875,0.250731557608,0.288174420595
0.217821776867,0.919191896915,-0.0389106981456,0.251531362534,0.290442049503
0.227722764015,0.919191896915,-0.0403285771608,0.252312362194,0.292640924454
0.237623751163,0.919191896915,-0.0416928268969,0.253071635962,0.294764459133
0.247524753213,0.919191896915,-0.0429995395243,0.253806501627,0.296806037426
0.25742572546,0.919191896915,-0.0442446246743,0.254513978958,0.298758596182
0.267326742411,0.919191896915,-0.0454237163067,0.255191236734,0.300614953041
0.277227729559,0.919191896915,-0.0465322583914,0.255834907293,0.302367150784
0.287128716707,0.919191896915,-0.0475653894246,0.25644209981,0.30400750041
0.297029703856,0.919191896915,-0.0485179834068,0.257009774446,0.305527746677
0.306930691004,0.919191896915,-0.0493846647441,0.257534563541,0.30691921711
0.316831678152,0.919191896915,-0.0501597374678,0.25801306963,0.308172821999
0.3267326653,0.919191896915,-0.0508372411132,0.258442282677,0.30927953124
0.336633652449,0.919191896915,-0.0514108166099,0.258819013834,0.310229837894
0.346534639597,0.919191896915,-0.0518738776445,0.259139657021,0.311013519764
0.356435626745,0.919191896915,-0.0522194430232,0.259401291609,0.311620742083
0.366336613894,0.919191896915,-0.0524402037263,0.259600698948,0.312040895224
0.376237630844,0.919191896915,-0.0525284744799,0.259734869003,0.312263339758
0.386138617992,0.919191896915,-0.0524763055146,0.259800583124,0.312276899815
0.396039605141,0.919191896915,-0.0522752776742,0.259795099497,0.31207036972
0.405940592289,0.919191896915,-0.0519167073071,0.259715646505,0.311632364988
0.415841579437,0.919191896915,-0.0513915605843,0.259559631348,0.310951203108
0.425742566586,0.919191896915,-0.0506904572248,0.259324491024,0.31001496315
0.435643553734,0.919191896915,-0.049803674221,0.259007900953,0.308811575174
0.445544540882,0.919191896915,-0.0487212836742,0.258608132601,0.307329416275
0.45544552803,0.919191896915,-0.0474329963326,0.258123040199,0.305556029081
0.465346515179,0.919191896915,-0.0459284447134,0.257551282644,0.303479731083
0.475247502327,0.919191896915,-0.0441969558597,0.256891399622,0.301088362932
0.485148519278,0.919191896915,-0.042227871716,0.25614246726,0.298370331526
0.495049506426,0.919191896915,-0.0400104336441,0.255303949118,0.295314371586
0.504950523376,0.919191896915,-0.0375339835882,0.254375338554,0.291909337044
0.51485145092,0.919191896915,-0.0347880721092,0.253356724977,0.288144797087
0.524752497673,0.919191896915,-0.0317624658346,0.252248317003,0.284010767937
0.534653484821,0.919191896915,-0.02844745107,0.251050949097,0.279498398304
0.54455447197,0.919191896915,-0.0248339492828,0.24976579845,0.274599760771
0.554455459118,0.919191896915,-0.0209135860205,0.248394206166,0.269307792187
0.564356446266,0.919191896915,-0.0166791677475,0.246938109398,0.263617277145
0.574257433414,0.919191896915,-0.0121246213093,0.245399817824,0.257524430752
0.584158420563,0.919191896915,-0.00724557274953,0.243781939149,0.251027524471
0.594059407711,0.919191896915,-0.00203943718225,0.242087647319,0.244127079844
0.603960394859,0.919191896915,0.00349415466189,0.240320205688,0.236826047301
0.613861382008,0.919191896915,0.00935298390687,0.238483279943,0.229130297899
0.623762369156,0.919191896915,0.0155318481848,0.236581429839,0.221049576998
0.633663415909,0.919191896915,0.0220221914351,0.234618648887,0.212596461177
0.643564343452,0.919191896915,0.0288114082068,0.232600003481,0.203788593411
0.653465390205,0.919191896915,0.0358829349279,0.230530485511,0.194647550583
0.663366317749,0.919191896915,0.0432149358094,0.228415325284,0.1852003932
0.673267364502,0.919191896915,0.0507806837559,0.226260140538,0.175479456782
0.683168292046,0.919191896915,0.0585473179817,0.224070742726,0.165523424745
0.693069338799,0.919191896915,0.0664760172367,0.221852943301,0.155376926064
0.702970266342,0.919191896915,0.0745209679008,0.219612672925,0.145091712475
0.712871313095,0.919191896915,0.0826298519969,0.217356234789,0.134726375341
0.722772240639,0.919191896915,0.0907424986362,0.215089663863,0.124347165227
0.732673287392,0.919191896915,0.0987917408347,0.212819218636,0.114027477801
0.74257427454,0.919191896915,0.106702648103,0.210551038384,0.103848390281
0.752475261688,0.919191896915,0.114393159747,0.208291187882,0.0938980281353
0.762376248837,0.919191896915,0.121774062514,0.206045672297,0.0842716097832
0.772277235985,0.919191896915,0.128749921918,0.203820407391,0.0750704854727
0.782178223133,0.919191896915,0.135219618678,0.201620981097,0.0664013624191
0.792079210281,0.919191896915,0.141077503562,0.199452981353,0.0583754777908
0.80198019743,0.919191896915,0.146215170622,0.197321519256,0.0511063486338
0.811881184578,0.919191896915,0.150522440672,0.195231661201,0.0447092205286
0.821782171726,0.919191896915,0.153890237212,0.193188250065,0.0392980128527
0.831683158875,0.919191896915,0.156212225556,0.191195264459,0.0349830389023
0.841584146023,0.919191896915,0.157387822866,0.189257189631,0.031869366765
0.851485133171,0.919191896915,0.157324582338,0.187377691269,0.0300531089306
0.861386120319,0.919191896915,0.155941590667,0.185560062528,0.0296184718609
0.871287107468,0.919191896915,0.153171852231,0.183807477355,0.030635625124
0.881188154221,0.919191896915,0.148965761065,0.182122573256,0.033156812191
0.891089081764,0.919191896915,0.14329341054,0.180507779121,0.0372143685818
0.900990128517,0.919191896915,0.136147230864,0.178964957595,0.0428177267313
0.910891115665,0.919191896915,0.127544134855,0.177495792508,0.0499516576529
0.920792102814,0.919191896915,0.117526605725,0.176101654768,0.0585750490427
0.930693089962,0.919191896915,0.106163941324,0.174783393741,0.0686194524169
0.94059407711,0.919191896915,0.0935520753264,0.173541843891,0.0799897685647
0.950495064259,0.919191896915,0.0798125118017,0.172377228737,0.0925647169352
0.960396051407,0.919191896915,0.0650914758444,0.171289533377,0.106198057532
0.970297038555,0.919191896915,0.0495566539466,0.170278608799,0.120721951127
0.980198025703,0.919191896915,0.0333942770958,0.169343963265,0.13594968617
0.990099012852,0.919191896915,0.016805017367,0.168484926224,0.151679903269
0.00990098994225,0.929292917252,-0.00190367700998,0.233975619078,0.235879302025
0.0198019798845,0.929292917252,-0.00380571535788,0.234734803438,0.238540515304
0.0297029688954,0.929292917252,-0.0057044676505,0.235507652164,0.241212114692
0.039603959769,0.929292917252,-0.00759827252477,0.236293897033,0.243892163038
0.0495049506426,0.929292917252,-0.00948545522988,0.237092599273,0.24657805264
0.0594059377909,0.929292917252,-0.0113642960787,0.237902700901,0.24926699698
0.0693069323897,0.929292917252,-0.0132330544293,0.238723233342,0.251956284046
0.079207919538,0.929292917252,-0.015089946799,0.239553153515,0.254643112421
0.0891089066863,0.929292917252,-0.0169331207871,0.24039170146,0.257324814796
0.0990099012852,0.929292917252,-0.0187606941909,0.241236880422,0.259997576475
0.108910888433,0.929292917252,-0.0205706935376,0.24208766222,0.26265835762
0.118811875582,0.929292917252,-0.0223610848188,0.242942795157,0.265303879976
0.12871286273,0.929292917252,-0.0241297483444,0.243800595403,0.267930328846
0.138613864779,0.929292917252,-0.0258744712919,0.24465957284,0.270534038544
0.148514851928,0.929292917252,-0.0275929328054,0.245517536998,0.273110479116
0.158415839076,0.929292917252,-0.0292827356607,0.24637286365,0.275655597448
0.168316826224,0.929292917252,-0.0309413261712,0.247223779559,0.278165102005
0.178217813373,0.929292917252,-0.0325660258532,0.24806791544,0.280633926392
0.188118815422,0.929292917252,-0.0341540575027,0.248903363943,0.283057421446
0.19801980257,0.929292917252,-0.0357024595141,0.249727606773,0.285430073738
0.207920789719,0.929292917252,-0.0372080989182,0.250538408756,0.28774651885
0.217821776867,0.929292917252,-0.0386677123606,0.251333326101,0.290001034737
0.227722764015,0.929292917252,-0.0400778278708,0.252109318972,0.292187154293
0.237623751163,0.929292917252,-0.0414347909391,0.252864509821,0.294299304485
0.247524753213,0.929292917252,-0.0427347198129,0.253595232964,0.296329945326
0.25742572546,0.929292917252,-0.043973557651,0.254299074411,0.298272639513
0.267326742411,0.929292917252,-0.0451469868422,0.254973173141,0.300120174885
0.277227729559,0.929292917252,-0.0462504550815,0.255614310503,0.301864773035
0.287128716707,0.929292917252,-0.0472791641951,0.256219565868,0.303498744965
0.297029703856,0.929292917252,-0.0482280105352,0.256785601377,0.305013597012
0.306930691004,0.929292917252,-0.0490916632116,0.257309317589,0.306400984526
0.316831678152,0.929292917252,-0.049864448607,0.257787585258,0.307652026415
0.3267326653,0.929292917252,-0.0505404658616,0.258217334747,0.308757811785
0.336633652449,0.929292917252,-0.051113396883,0.258594959974,0.309708356857
0.346534639597,0.929292917252,-0.0515766888857,0.258917540312,0.310494244099
0.356435626745,0.929292917252,-0.0519234165549,0.2591817379,0.311105161905
0.366336613894,0.929292917252,-0.0521462969482,0.259384512901,0.311530798674
0.376237630844,0.929292917252,-0.0522377118468,0.259522736073,0.31176045537
0.386138617992,0.929292917252,-0.0521897561848,0.259593427181,0.311783194542
0.396039605141,0.929292917252,-0.051994048059,0.259593874216,0.311587929726
0.405940592289,0.929292917252,-0.051641985774,0.259520798922,0.311162769794
0.415841579437,0.929292917252,-0.0511245578527,0.259372085333,0.310496628284
0.425742566586,0.929292917252,-0.0504324324429,0.259145051241,0.30957749486
0.435643553734,0.929292917252,-0.0495559759438,0.258837670088,0.308393657207
0.445544540882,0.929292917252,-0.0484852828085,0.258447468281,0.306932747364
0.45544552803,0.929292917252,-0.0472101345658,0.257972717285,0.3051828444
0.465346515179,0.929292917252,-0.0457201935351,0.257411926985,0.303132116795
0.475247502327,0.929292917252,-0.0440048649907,0.256763964891,0.300768822432
0.485148519278,0.929292917252,-0.0420535281301,0.25602722168,0.298080742359
0.495049506426,0.929292917252,-0.0398554690182,0.255201280117,0.295056760311
0.504950523376,0.929292917252,-0.0374000929296,0.254285901785,0.29168599844
0.51485145092,0.929292917252,-0.0346769802272,0.253280550241,0.287957519293
0.524752497673,0.929292917252,-0.0316759347916,0.252185642719,0.283861577511
0.534653484821,0.929292917252,-0.0283872820437,0.251002073288,0.279389351606
0.54455447197,0.929292917252,-0.0248019658029,0.249730423093,0.27453237772
0.554455459118,0.929292917252,-0.020911635831,0.248372197151,0.26928383112
0.564356446266,0.929292917252,-0.0167091023177,0.246929302812,0.263638406992
0.574257433414,0.929292917252,-0.0121882949024,0.245403632522,0.257591933012
0.584158420563,0.929292917252,-0.00734483031556,0.243797808886,0.251142650843
0.594059407711,0.929292917252,-0.00217609317042,0.242114722729,0.244290813804
0.603960394859,0.929292917252,0.00331832724623,0.240357592702,0.237039268017
0.613861382008,0.929292917252,0.00913626886904,0.238530129194,0.229393854737
0.623762369156,0.929292917252,0.0152726098895,0.236636176705,0.221363574266
0.633663415909,0.929292917252,0.0217188950628,0.234679952264,0.212961062789
0.643564343452,0.929292917252,0.0284626446664,0.232666447759,0.204203799367
0.653465390205,0.929292917252,0.0354874506593,0.230600193143,0.195112735033
0.663366317749,0.929292917252,0.0427716486156,0.22848674655,0.185715094209
0.673267364502,0.929292917252,0.0502887405455,0.226331189275,0.176042452455
0.683168292046,0.929292917252,0.0580061003566,0.224139288068,0.166133195162
0.693069338799,0.929292917252,0.0658851638436,0.221916899085,0.156031727791
0.702970266342,0.929292917252,0.0738804861903,0.219669684768,0.145789206028
0.712871313095,0.929292917252,0.0819400548935,0.217404097319,0.135464042425
0.722772240639,0.929292917252,0.0900041311979,0.215125977993,0.125121846795
0.732673287392,0.929292917252,0.0980059430003,0.212841510773,0.114835567772
0.74257427454,0.929292917252,0.10587105155,0.210556969047,0.104685917497
0.752475261688,0.929292917252,0.113517872989,0.208278283477,0.0947604104877
0.762376248837,0.929292917252,0.120857775211,0.206011548638,0.085153773427
0.772277235985,0.929292917252,0.127795830369,0.203762605786,0.0759667754173
0.782178223133,0.929292917252,0.134231582284,0.201537281275,0.0673056989908
0.792079210281,0.929292917252,0.140059873462,0.199341028929,0.059281155467
0.80198019743,0.929292917252,0.145172983408,0.19717913866,0.0520061552525
0.811881184578,0.929292917252,0.149461328983,0.195056840777,0.0455955117941
0.821782171726,0.929292917252,0.152816414833,0.192979037762,0.0401626229286
0.831683158875,0.929292917252,0.155132472515,0.190950095654,0.0358176231384
0.841584146023,0.929292917252,0.156309455633,0.188974350691,0.0326648950577
0.851485133171,0.929292917252,0.156255379319,0.187055692077,0.0308003127575
0.861386120319,0.929292917252,0.154889658093,0.185197636485,0.0303079783916
0.871287107468,0.929292917252,0.152145698667,0.183403432369,0.0312577337027
0.881188154221,0.929292917252,0.147974073887,0.181675836444,0.033701762557
0.891089081764,0.929292917252,0.142344966531,0.180017843843,0.0376728773117
0.900990128517,0.929292917252,0.135250777006,0.178431212902,0.0431804358959
0.910891115665,0.929292917252,0.12670828402,0.176917865872,0.050209581852
0.920792102814,0.929292917252,0.116759613156,0.175479218364,0.0587196052074
0.930693089962,0.929292917252,0.105473667383,0.174116581678,0.0686429142952
0.94059407711,0.929292917252,0.0929457247257,0.172830715775,0.0798849910498
0.950495064259,0.929292917252,0.0792965963483,0.171622127295,0.0923255309463
0.960396051407,0.929292917252,0.0646716356277,0.170490920544,0.105819284916
0.970297038555,0.929292917252,0.0492375679314,0.169437244534,0.120199680328
0.980198025703,0.929292917252,0.0331795141101,0.168460533023,0.135281026363
0.990099012852,0.929292917252,0.0166970230639,0.16756041348,0.150863394141
0.00990098994225,0.939393937588,-0.00189119309653,0.233924865723,0.235816061497
0.0198019798845,0.939393937588,-0.00378076429479,0.234676852822,0.238457620144
0.0297029688954,0.939393937588,-0.00566708203405,0.235442876816,0.241109952331
0.039603959769,0.939393937588,-0.00754850264639,0.236221879721,0.243770375848
0.0495049506426,0.939393937588,-0.0094233667478,0.237013429403,0.246436789632
0.0594059377909,0.939393937588,-0.0112899718806,0.237816303968,0.249106273055
0.0693069323897,0.939393937588,-0.0131465960294,0.238629668951,0.251776278019
0.079207919538,0.939393937588,-0.0149914724752,0.239452376962,0.254443854094
0.0891089066863,0.939393937588,-0.01682276465,0.240283310413,0.25710606575
0.0990099012852,0.939393937588,-0.0186386089772,0.241121202707,0.259759813547
0.108910888433,0.939393937588,-0.0204370506108,0.241964966059,0.262402027845
0.118811875582,0.939393937588,-0.0222160816193,0.242812752724,0.265028834343
0.12871286273,0.939393937588,-0.0239735916257,0.243663415313,0.267637014389
0.138613864779,0.939393937588,-0.025707392022,0.244515061378,0.270222455263
0.148514851928,0.939393937588,-0.0274151861668,0.245366156101,0.272781342268
0.158415839076,0.939393937588,-0.0290945861489,0.246214851737,0.275309443474
0.168316826224,0.939393937588,-0.0307430755347,0.247058734298,0.277801811695
0.178217813373,0.939393937588,-0.032357994467,0.247896358371,0.280254364014
0.188118815422,0.939393937588,-0.0339365787804,0.248725473881,0.282662063837
0.19801980257,0.939393937588,-0.0354759059846,0.249543562531,0.28501945734
0.207920789719,0.939393937588,-0.0369728580117,0.250348478556,0.287321329117
0.217821776867,0.939393937588,-0.0384242124856,0.25113761425,0.289561837912
0.227722764015,0.939393937588,-0.0398264974356,0.251908510923,0.291734993458
0.237623751163,0.939393937588,-0.0411761216819,0.25265827775,0.293834388256
0.247524753213,0.939393937588,-0.0424692109227,0.253384530544,0.295853734016
0.25742572546,0.939393937588,-0.0437017455697,0.254084259272,0.297785997391
0.267326742411,0.939393937588,-0.044869441539,0.254754453897,0.299623906612
0.277227729559,0.939393937588,-0.045967772603,0.255392402411,0.301360189915
0.287128716707,0.939393937588,-0.0469919890165,0.255994707346,0.302986681461
0.297029703856,0.939393937588,-0.047937002033,0.256558597088,0.304495602846
0.306930691004,0.939393937588,-0.0487975440919,0.257080554962,0.305878102779
0.316831678152,0.939393937588,-0.049567963928,0.257557958364,0.307125926018
0.3267326653,0.939393937588,-0.0502424016595,0.257987052202,0.308229446411
0.336633652449,0.939393937588,-0.0508145876229,0.258365184069,0.309179782867
0.346534639597,0.939393937588,-0.0512780100107,0.258688718081,0.309966742992
0.356435626745,0.939393937588,-0.0516257882118,0.258954763412,0.310580551624
0.366336613894,0.939393937588,-0.0518506839871,0.259159952402,0.311010628939
0.376237630844,0.939393937588,-0.0519451387227,0.259301513433,0.311246663332
0.386138617992,0.939393937588,-0.0519012659788,0.25937628746,0.31127756834
0.396039605141,0.939393937588,-0.0517107769847,0.259381562471,0.311092346907
0.405940592289,0.939393937588,-0.0513650849462,0.259314417839,0.310679495335
0.415841579437,0.939393937588,-0.0508552491665,0.259172350168,0.310027599335
0.425742566586,0.939393937588,-0.0501719862223,0.258952736855,0.309124708176
0.435643553734,0.939393937588,-0.0493057146668,0.258653342724,0.30795904994
0.445544540882,0.939393937588,-0.0482465848327,0.258272200823,0.306518793106
0.45544552803,0.939393937588,-0.0469844229519,0.257807254791,0.304791688919
0.465346515179,0.939393937588,-0.0455089770257,0.257256954908,0.302765935659
0.475247502327,0.939393937588,-0.0438096635044,0.256619930267,0.300429582596
0.485148519278,0.939393937588,-0.0418759360909,0.255894929171,0.297770857811
0.495049506426,0.939393937588,-0.0396971255541,0.255081176758,0.294778287411
0.504950523376,0.939393937588,-0.0372626855969,0.254178375006,0.291441053152
0.51485145092,0.939393937588,-0.0345622375607,0.253186196089,0.287748426199
0.524752497673,0.939393937588,-0.0315856300294,0.252104699612,0.283690333366
0.534653484821,0.939393937588,-0.0283232107759,0.250934511423,0.279257714748
0.54455447197,0.939393937588,-0.0247659552842,0.249676302075,0.274442255497
0.554455459118,0.939393937588,-0.0209055449814,0.248331680894,0.269237220287
0.564356446266,0.939393937588,-0.016734784469,0.246901839972,0.263636618853
0.574257433414,0.939393937588,-0.0122476248071,0.24538898468,0.257636606693
0.584158420563,0.939393937588,-0.00743964873254,0.243795543909,0.251235187054
0.594059407711,0.939393937588,-0.00230823317543,0.242124214768,0.244432449341
0.603960394859,0.939393937588,0.003147080075,0.240377768874,0.237230688334
0.613861382008,0.939393937588,0.00892418622971,0.238560095429,0.2296359092
0.623762369156,0.939393937588,0.0150180412456,0.236674830317,0.221656784415
0.633663415909,0.939393937588,0.021420288831,0.234726324677,0.213306039572
0.643564343452,0.939393937588,0.0281185749918,0.232718721032,0.204600140452
0.653465390205,0.939393937588,0.0350966341794,0.230656996369,0.195560365915
0.663366317749,0.939393937588,0.0423330068588,0.228546112776,0.186213105917
0.673267364502,0.939393937588,0.0498013794422,0.226391434669,0.176590055227
0.683168292046,0.939393937588,0.0574693828821,0.22419834137,0.166728958488
0.693069338799,0.939393937588,0.0652987286448,0.221972584724,0.156673848629
0.702970266342,0.939393937588,0.0732442885637,0.219720184803,0.146475896239
0.712871313095,0.939393937588,0.0812543928623,0.217446789145,0.136192396283
0.722772240639,0.939393937588,0.0892697200179,0.215158671141,0.125888943672
0.732673287392,0.939393937588,0.0972239077091,0.212861791253,0.115637883544
0.74257427454,0.939393937588,0.105043023825,0.210562393069,0.105519369245
0.752475261688,0.939393937588,0.112645924091,0.208266466856,0.0956205427647
0.762376248837,0.939393937588,0.119944557548,0.20598000288,0.0860354453325
0.772277235985,0.939393937588,0.126844570041,0.203708961606,0.0768643915653
0.782178223133,0.939393937588,0.133246064186,0.201459124684,0.0682130604982
0.792079210281,0.939393937588,0.139044478536,0.199236184359,0.0601917058229
0.80198019743,0.939393937588,0.144132763147,0.197045594454,0.0529128313065
0.811881184578,0.939393937588,0.148401886225,0.194892302155,0.0464904159307
0.821782171726,0.939393937588,0.15174394846,0.192781418562,0.0410374701023
0.831683158875,0.939393937588,0.154053777456,0.190717697144,0.0366639196873
0.841584146023,0.939393937588,0.15523186326,0.188705325127,0.0334734618664
0.851485133171,0.939393937588,0.155186668038,0.186748415232,0.0315617471933
0.861386120319,0.939393937588,0.153837993741,0.184850797057,0.0310128033161
0.871287107468,0.939393937588,0.151119589806,0.183015853167,0.031896263361
0.881188154221,0.939393937588,0.146982252598,0.181246548891,0.0342642962933
0.891089081764,0.939393937588,0.1413962394,0.179545745254,0.0381495058537
0.900990128517,0.939393937588,0.134353920817,0.177915543318,0.0435616225004
0.910891115665,0.939393937588,0.125871926546,0.176358222961,0.0504862964153
0.920792102814,0.939393937588,0.115992069244,0.174875333905,0.0588832646608
0.930693089962,0.939393937588,0.104782797396,0.173468321562,0.0686855241656
0.94059407711,0.939393937588,0.0923387929797,0.172137975693,0.079799182713
0.950495064259,0.939393937588,0.0787801593542,0.17088522017,0.0921050608158
0.960396051407,0.939393937588,0.0642513632774,0.169710114598,0.105458751321
0.970297038555,0.939393937588,0.0489181056619,0.168613150716,0.119695045054
0.980198025703,0.939393937588,0.0329645015299,0.16759391129,0.134629413486
0.990099012852,0.939393937588,0.0165888983756,0.166651934385,0.150063037872
0.00990098994225,0.949494957924,-0.00187870126683,0.23388376832,0.235762476921
0.0198019798845,0.949494957924,-0.00375579693355,0.234628751874,0.238384544849
0.0297029688954,0.949494957924,-0.00562967220321,0.23538762331,0.24101729691
0.039603959769,0.949494957924,-0.00749869830906,0.236159399152,0.243658095598
0.0495049506426,0.949494957924,-0.00936123449355,0.236943647265,0.246304884553
0.0594059377909,0.949494957924,-0.0112155936658,0.237739086151,0.248954683542
0.0693069323897,0.949494957924,-0.0130600724369,0.238544866443,0.251604944468
0.079207919538,0.949494957924,-0.0148929161951,0.239360123873,0.254253029823
0.0891089066863,0.949494957924,-0.0167123135179,0.24018356204,0.25689586997
0.0990099012852,0.949494957924,-0.0185164175928,0.241013973951,0.259530395269
0.108910888433,0.949494957924,-0.0203032903373,0.241850152612,0.262153446674
0.118811875582,0.949494957924,-0.022070934996,0.2426905334,0.264761477709
0.12871286273,0.949494957924,-0.0238172672689,0.243533670902,0.267350941896
0.138613864779,0.949494957924,-0.025540124625,0.244378000498,0.269918113947
0.148514851928,0.949494957924,-0.0272372215986,0.245221614838,0.272458851337
0.158415839076,0.949494957924,-0.0289062019438,0.246062755585,0.274968951941
0.168316826224,0.949494957924,-0.0305445548147,0.246899738908,0.277444303036
0.178217813373,0.949494957924,-0.0321496576071,0.247730374336,0.279880046844
0.188118815422,0.949494957924,-0.033718764782,0.248552531004,0.282271295786
0.19801980257,0.949494957924,-0.0352489724755,0.249363914132,0.284612894058
0.207920789719,0.949494957924,-0.0367371998727,0.250162363052,0.28689956665
0.217821776867,0.949494957924,-0.0381802469492,0.250945240259,0.28912550211
0.227722764015,0.949494957924,-0.0395746678114,0.251710176468,0.29128485918
0.237623751163,0.949494957924,-0.0409168899059,0.252454429865,0.293371319771
0.247524753213,0.949494957924,-0.0422030799091,0.253175318241,0.295378386974
0.25742572546,0.949494957924,-0.0434292592108,0.253870159388,0.297299414873
0.267326742411,0.949494957924,-0.0445911511779,0.254536032677,0.299127191305
0.277227729559,0.949494957924,-0.045684274286,0.255169779062,0.300854057074
0.287128716707,0.949494957924,-0.0467039197683,0.255768686533,0.3024725914
0.297029703856,0.949494957924,-0.0476450324059,0.256329536438,0.303974568844
0.306930691004,0.949494957924,-0.0485023781657,0.256849229336,0.305351614952
0.316831678152,0.949494957924,-0.0492703430355,0.257324665785,0.306594997644
0.3267326653,0.949494957924,-0.0499431267381,0.257752686739,0.307695806026
0.336633652449,0.949494957924,-0.0505144670606,0.258130162954,0.308644622564
0.346534639597,0.949494957924,-0.050977922976,0.258454084396,0.309431999922
0.356435626745,0.949494957924,-0.0513266511261,0.258720934391,0.310047596693
0.366336613894,0.949494957924,-0.0515534579754,0.258927971125,0.3104814291
0.376237630844,0.949494957924,-0.0516508370638,0.259071856737,0.310722708702
0.386138617992,0.949494957924,-0.0516109541059,0.259150266647,0.310761213303
0.396039605141,0.949494957924,-0.0514255538583,0.25915953517,0.310585081577
0.405940592289,0.949494957924,-0.0510861054063,0.259097397327,0.310183495283
0.415841579437,0.949494957924,-0.0505837462842,0.2589610219,0.30954477191
0.425742566586,0.949494957924,-0.0499092191458,0.2587479949,0.308657228947
0.435643553734,0.949494957924,-0.0490530058742,0.258456200361,0.307509213686
0.445544540882,0.949494957924,-0.0480053015053,0.258083343506,0.306088656187
0.45544552803,0.949494957924,-0.0467560105026,0.257627397776,0.304383397102
0.465346515179,0.949494957924,-0.0452948994935,0.257086753845,0.302381664515
0.475247502327,0.949494957924,-0.0436114743352,0.256460398436,0.30007186532
0.485148519278,0.949494957924,-0.0416952185333,0.255746603012,0.297441810369
0.495049506426,0.949494957924,-0.0395355187356,0.254944682121,0.294480204582
0.504950523376,0.949494957924,-0.0371218807995,0.254054039717,0.291175931692
0.51485145092,0.949494957924,-0.0344439633191,0.253074526787,0.287518501282
0.524752497673,0.949494957924,-0.0314916521311,0.252006083727,0.283497750759
0.534653484821,0.949494957924,-0.0282553452998,0.250848948956,0.279104292393
0.54455447197,0.949494957924,-0.024726036936,0.249604314566,0.274330347776
0.554455459118,0.949494957924,-0.0208954233676,0.248272970319,0.269168406725
0.564356446266,0.949494957924,-0.0167563352734,0.246856436133,0.263612776995
0.574257433414,0.949494957924,-0.0123027125373,0.245356500149,0.257659226656
0.584158420563,0.949494957924,-0.00753014069051,0.243775516748,0.251305669546
0.594059407711,0.949494957924,-0.00243596313521,0.242116063833,0.244552031159
0.603960394859,0.949494957924,0.002980313031,0.240381136537,0.237400829792
0.613861382008,0.949494957924,0.00871664006263,0.238573774695,0.229857131839
0.623762369156,0.949494957924,0.0147680509835,0.236697852612,0.221929803491
0.633663415909,0.949494957924,0.0211262851954,0.234757557511,0.213631272316
0.643564343452,0.949494957924,0.0277791172266,0.232756882906,0.204977765679
0.653465390205,0.949494957924,0.0347104296088,0.230700358748,0.19598993659
0.663366317749,0.949494957924,0.0418989397585,0.228593349457,0.186694413424
0.673267364502,0.949494957924,0.0493185408413,0.226440638304,0.177122101188
0.683168292046,0.949494957924,0.056937109679,0.224247530103,0.167310416698
0.693069338799,0.949494957924,0.0647166520357,0.222020030022,0.157303377986
0.702970266342,0.949494957924,0.0726123228669,0.219763368368,0.147151052952
0.712871313095,0.949494957924,0.0805728435516,0.217483848333,0.136911004782
0.722772240639,0.949494957924,0.0885392650962,0.215187177062,0.126647919416
0.732673287392,0.949494957924,0.0964456573129,0.212879419327,0.116433762014
0.74257427454,0.949494957924,0.104218542576,0.210566803813,0.106348261237
0.752475261688,0.949494957924,0.111777327955,0.208255112171,0.0964777842164
0.762376248837,0.949494957924,0.119034454226,0.20595048368,0.0869160294533
0.772277235985,0.949494957924,0.125896155834,0.203659117222,0.0777629613876
0.782178223133,0.949494957924,0.132263109088,0.201386496425,0.0691233873367
0.792079210281,0.949494957924,0.138031423092,0.199138388038,0.0611069649458
0.80198019743,0.949494957924,0.143094569445,0.196920230985,0.05382566154
0.811881184578,0.949494957924,0.147344172001,0.194737479091,0.0473933070898
0.821782171726,0.949494957924,0.1506729424,0.192595005035,0.0419220626354
0.831683158875,0.949494957924,0.152976289392,0.190497532487,0.0375212430954
0.841584146023,0.949494957924,0.154155194759,0.188449889421,0.0342946946621
0.851485133171,0.949494957924,0.154118597507,0.186455950141,0.0323373526335
0.861386120319,0.949494957924,0.152786776423,0.184519886971,0.0317331105471
0.871287107468,0.949494957924,0.150093704462,0.182644918561,0.0325512140989
0.881188154221,0.949494957924,0.145990461111,0.180834650993,0.0348441898823
0.891089081764,0.949494957924,0.140447363257,0.179091617465,0.0386442542076
0.900990128517,0.949494957924,0.133456781507,0.177418470383,0.0439616888762
0.910891115665,0.949494957924,0.125035196543,0.175817593932,0.0507823973894
0.920792102814,0.949494957924,0.115224085748,0.174290806055,0.0590667203069
0.930693089962,0.949494957924,0.104091450572,0.172839313745,0.0687478631735
0.94059407711,0.949494957924,0.0917313992977,0.171464622021,0.079733222723
0.950495064259,0.949494957924,0.0782632753253,0.170167312026,0.0919040367007
0.960396051407,0.949494957924,0.063830666244,0.168948233128,0.105117566884
0.970297038555,0.949494957924,0.0485983416438,0.167807504535,0.119209162891
0.980198025703,0.949494957924,0.0327492654324,0.166745170951,0.133995905519
0.990099012852,0.949494957924,0.016480660066,0.165760651231,0.149279996753
0.00990098994225,0.95959597826,-0.00186620524619,0.233852922916,0.235719129443
0.0198019798845,0.95959597826,-0.0037308211904,0.234590783715,0.238321602345
0.0297029688954,0.95959597826,-0.00559224840254,0.235342532396,0.24093477428
0.039603959769,0.95959597826,-0.00744887581095,0.236106872559,0.243555754423
0.0495049506426,0.95959597826,-0.0092990770936,0.236883431673,0.246182501316
0.0594059377909,0.95959597826,-0.0111411847174,0.23767144978,0.248812630773
0.0693069323897,0.95959597826,-0.0129735087976,0.238469704986,0.251443207264
0.079207919538,0.95959597826,-0.0147943142802,0.239277213812,0.25407153368
0.0891089066863,0.95959597826,-0.0166018065065,0.240093037486,0.256694853306
0.0990099012852,0.95959597826,-0.0183941572905,0.240915566683,0.259309709072
0.108910888433,0.95959597826,-0.0201694406569,0.241743683815,0.261913120747
0.118811875582,0.95959597826,-0.0219256877899,0.242576465011,0.264502167702
0.12871286273,0.95959597826,-0.0236608311534,0.243411839008,0.267072677612
0.138613864779,0.95959597826,-0.0253727212548,0.244248121977,0.269620835781
0.148514851928,0.95959597826,-0.0270591042936,0.24508421123,0.272143304348
0.158415839076,0.95959597826,-0.0287176351994,0.24591769278,0.274635314941
0.168316826224,0.95959597826,-0.0303458310664,0.246747046709,0.27709287405
0.178217813373,0.95959597826,-0.0319410860538,0.247570306063,0.279511392117
0.188118815422,0.95959597826,-0.0335006825626,0.248385027051,0.281885713339
0.19801980257,0.95959597826,-0.0350217372179,0.249189272523,0.284211009741
0.207920789719,0.95959597826,-0.0365012064576,0.249980688095,0.286481887102
0.217821776867,0.95959597826,-0.0379358977079,0.250756978989,0.288692891598
0.227722764015,0.95959597826,-0.0393224060535,0.251515299082,0.290837705135
0.237623751163,0.95959597826,-0.0406571850181,0.2522534132,0.292910605669
0.247524753213,0.95959597826,-0.0419364310801,0.252968519926,0.294904947281
0.25742572546,0.95959597826,-0.0431561842561,0.253657788038,0.296813964844
0.267326742411,0.95959597826,-0.0443122126162,0.254318296909,0.2986305058
0.277227729559,0.95959597826,-0.0454000756145,0.254947692156,0.300347775221
0.287128716707,0.95959597826,-0.046415079385,0.255542188883,0.301957279444
0.297029703856,0.95959597826,-0.0473522171378,0.256099432707,0.303451657295
0.306930691004,0.95959597826,-0.0482062846422,0.256615936756,0.304822206497
0.316831678152,0.95959597826,-0.0489717237651,0.257088959217,0.306060671806
0.3267326653,0.95959597826,-0.049642752856,0.257514983416,0.307157725096
0.336633652449,0.95959597826,-0.0502131693065,0.257891237736,0.308104395866
0.346534639597,0.95959597826,-0.0506765693426,0.258214592934,0.308891177177
0.356435626745,0.95959597826,-0.0510261394083,0.258481562138,0.309507697821
0.366336613894,0.95959597826,-0.0512547641993,0.258689373732,0.309944152832
0.376237630844,0.95959597826,-0.0513549521565,0.258835166693,0.310190111399
0.386138617992,0.95959597826,-0.0513189397752,0.258915960789,0.310234904289
0.396039605141,0.95959597826,-0.0511385127902,0.258928626776,0.310067147017
0.405940592289,0.95959597826,-0.0508052073419,0.258870542049,0.309675753117
0.415841579437,0.95959597826,-0.0503101870418,0.258739471436,0.309049665928
0.425742566586,0.95959597826,-0.0496442727745,0.258532345295,0.308176606894
0.435643553734,0.95959597826,-0.0487979836762,0.258247196674,0.307045191526
0.445544540882,0.95959597826,-0.0477615818381,0.257881730795,0.305643320084
0.45544552803,0.95959597826,-0.0465250238776,0.257434308529,0.303959339857
0.465346515179,0.95959597826,-0.0450781285763,0.256903082132,0.301981210709
0.475247502327,0.95959597826,-0.0434104427695,0.256286233664,0.299696683884
0.485148519278,0.95959597826,-0.041511528194,0.255583107471,0.297094643116
0.495049506426,0.95959597826,-0.0393708050251,0.254792332649,0.294163137674
0.504950523376,0.95959597826,-0.0369778312743,0.253913611174,0.290891438723
0.51485145092,0.95959597826,-0.0343223027885,0.252946287394,0.287268579006
0.524752497673,0.95959597826,-0.0313941650093,0.251890480518,0.283284634352
0.534653484821,0.95959597826,-0.0281838402152,0.250746518373,0.278930366039
0.54455447197,0.95959597826,-0.0246823485941,0.249514818192,0.274197161198
0.554455459118,0.95959597826,-0.0208814125508,0.248196691275,0.269078105688
0.564356446266,0.95959597826,-0.0167738776654,0.246793419123,0.263567298651
0.574257433414,0.95959597826,-0.0123536884785,0.24530659616,0.257660269737
0.584158420563,0.95959597826,-0.00761641841382,0.243738412857,0.251354843378
0.594059407711,0.95959597826,-0.00255939224735,0.242091104388,0.244650498033
0.603960394859,0.95959597826,0.00281792460009,0.240367695689,0.237549766898
0.613861382008,0.95959597826,0.00851353816688,0.238571316004,0.230057775974
0.623762369156,0.95959597826,0.0145225552842,0.236705332994,0.222182780504
0.633663415909,0.95959597826,0.0208368171006,0.234773859382,0.213937044144
0.643564343452,0.95959597826,0.0274442192167,0.232780873775,0.205336660147
0.653465390205,0.95959597826,0.0343287885189,0.230730623007,0.196401834488
0.663366317749,0.95959597826,0.0414694175124,0.228628307581,0.187158882618
0.673267364502,0.95959597826,0.048840213567,0.226478666067,0.177638456225
0.683168292046,0.95959597826,0.0564093030989,0.224286973476,0.167877674103
0.693069338799,0.95959597826,0.0641389489174,0.222058594227,0.157919645309
0.702970266342,0.95959597826,0.0719846487045,0.219799250364,0.14781460166
0.712871313095,0.95959597826,0.0798954665661,0.217514783144,0.137619316578
0.722772240639,0.95959597826,0.087812833488,0.215211138129,0.127398312092
0.732673287392,0.95959597826,0.0956712737679,0.212893933058,0.11722265929
0.74257427454,0.95959597826,0.103397756815,0.210569620132,0.107171863317
0.752475261688,0.95959597826,0.11091221869,0.208243966103,0.0973317474127
0.762376248837,0.95959597826,0.118127636611,0.205922812223,0.087795175612
0.772277235985,0.95959597826,0.124950788915,0.203612551093,0.0786617621779
0.782178223133,0.95959597826,0.131282970309,0.201318651438,0.0700356811285
0.792079210281,0.95959597826,0.137020885944,0.199046865106,0.0620259791613
0.80198019743,0.95959597826,0.142058625817,0.196802943945,0.0547443181276
0.811881184578,0.95959597826,0.146288454533,0.19459207356,0.0483036190271
0.821782171726,0.95959597826,0.149603679776,0.192419305444,0.0428156256676
0.831683158875,0.95959597826,0.151900246739,0.1902898103,0.0383895635605
0.841584146023,0.95959597826,0.153079718351,0.188208013773,0.0351282954216
0.851485133171,0.95959597826,0.153051495552,0.186178162694,0.0331266671419
0.861386120319,0.95959597826,0.15173625946,0.184204444289,0.0324681848288
0.871287107468,0.95959597826,0.149068325758,0.182290732861,0.0332224071026
0.881188154221,0.95959597826,0.144998937845,0.180440083146,0.0354411453009
0.891089081764,0.95959597826,0.139498621225,0.1786557585,0.0391571372747
0.900990128517,0.95959597826,0.132559642196,0.176940411329,0.0443807691336
0.910891115665,0.95959597826,0.124198332429,0.175296410918,0.0510980784893
0.920792102814,0.95959597826,0.114455893636,0.173725754023,0.0592698603868
0.930693089962,0.95959597826,0.103399850428,0.172230035067,0.0688301846385
0.94059407711,0.95959597826,0.0911237224936,0.170811191201,0.0796874687076
0.950495064259,0.95959597826,0.0777461081743,0.16946965456,0.0917235463858
0.960396051407,0.95959597826,0.0634097382426,0.168206214905,0.104796476662
0.970297038555,0.95959597826,0.0482783615589,0.167021498084,0.118743136525
0.980198025703,0.95959597826,0.0325338877738,0.165915548801,0.133381664753
0.990099012852,0.95959597826,0.0163723435253,0.164888143539,0.148515805602
0.00990098994225,0.969696998596,-0.00185370678082,0.233832940459,0.235686644912
0.0198019798845,0.969696998596,-0.00370583985932,0.234563335776,0.238269180059
0.0297029688954,0.969696998596,-0.00555481668562,0.235307529569,0.240862339735
0.039603959769,0.969696998596,-0.00739904167131,0.236064508557,0.243463546038
0.0495049506426,0.969696998596,-0.00923690479249,0.2368337363,0.246070638299
0.0594059377909,0.969696998596,-0.0110667562112,0.237613886595,0.248680636287
0.0693069323897,0.969696998596,-0.0128869209439,0.2384044379,0.251291364431
0.079207919538,0.969696998596,-0.0146956816316,0.239204004407,0.253899693489
0.0891089066863,0.969696998596,-0.0164912585169,0.240011826158,0.256503075361
0.0990099012852,0.969696998596,-0.0182718466967,0.24082647264,0.259098321199
0.108910888433,0.969696998596,-0.0200355313718,0.241646766663,0.26168230176
0.118811875582,0.969696998596,-0.021780371666,0.24247123301,0.264251589775
0.12871286273,0.969696998596,-0.0235043074936,0.243298411369,0.266802728176
0.138613864779,0.969696998596,-0.0252052173018,0.244126752019,0.26933196187
0.148514851928,0.969696998596,-0.026880864054,0.244954615831,0.27183547616
0.158415839076,0.969696998596,-0.0285289194435,0.245780095458,0.274309009314
0.168316826224,0.969696998596,-0.0301469303668,0.246601581573,0.276748508215
0.178217813373,0.969696998596,-0.0317323170602,0.247416749597,0.279149055481
0.188118815422,0.969696998596,-0.0332823731005,0.248223930597,0.281506299973
0.19801980257,0.969696998596,-0.0347942486405,0.249020472169,0.28381472826
0.207920789719,0.969696998596,-0.036264911294,0.249804377556,0.286069273949
0.217821776867,0.969696998596,-0.0376912094653,0.250573188066,0.288264393806
0.227722764015,0.969696998596,-0.0390697605908,0.25132471323,0.290394484997
0.237623751163,0.969696998596,-0.0403970517218,0.252056092024,0.29245314002
0.247524753213,0.969696998596,-0.0416692942381,0.252764672041,0.294433951378
0.25742572546,0.969696998596,-0.0428825765848,0.253447800875,0.296330392361
0.267326742411,0.969696998596,-0.044032689184,0.254102706909,0.298135399818
0.277227729559,0.969696998596,-0.0451152212918,0.254726469517,0.299841701984
0.287128716707,0.969696998596,-0.046125523746,0.255316376686,0.301441907883
0.297029703856,0.969696998596,-0.0470586232841,0.255869060755,0.302927672863
0.306930691004,0.969696998596,-0.0479093417525,0.256381839514,0.304291188717
0.316831678152,0.969696998596,-0.0486721657217,0.256851404905,0.305523574352
0.3267326653,0.969696998596,-0.0493413582444,0.257274806499,0.306616157293
0.336633652449,0.969696998596,-0.0499107651412,0.257649064064,0.307559818029
0.346534639597,0.969696998596,-0.0503740087152,0.257971018553,0.308345019817
0.356435626745,0.969696998596,-0.0507243387401,0.258237570524,0.308961898088
0.366336613894,0.969696998596,-0.050954669714,0.258445560932,0.309400230646
0.376237630844,0.969696998596,-0.0510575734079,0.258592247963,0.309649825096
0.386138617992,0.969696998596,-0.0510253235698,0.258674561977,0.309699892998
0.396039605141,0.969696998596,-0.0508497618139,0.258689969778,0.309539735317
0.405940592289,0.969696998596,-0.05052248016,0.258635342121,0.309157818556
0.415841579437,0.969696998596,-0.0500346757472,0.258508324623,0.308542996645
0.425742566586,0.969696998596,-0.0493772514164,0.258306503296,0.307683765888
0.435643553734,0.969696998596,-0.0485407598317,0.25802719593,0.306567966938
0.445544540882,0.969696998596,-0.0475155375898,0.257668882608,0.305184423923
0.45544552803,0.969696998596,-0.0462915711105,0.257228910923,0.303520470858
0.465346515179,0.969696998596,-0.0448587536812,0.256705969572,0.301564723253
0.475247502327,0.969696998596,-0.0432066842914,0.256098598242,0.299305289984
0.485148519278,0.969696998596,-0.0413249693811,0.255405336618,0.296730309725
0.495049506426,0.969696998596,-0.0392030887306,0.254625409842,0.293828487396
0.504950523376,0.969696998596,-0.036830637604,0.253757894039,0.290588527918
0.51485145092,0.969696998596,-0.034197371453,0.252802401781,0.286999762058
0.524752497673,0.969696998596,-0.0312932692468,0.251758784056,0.283052057028
0.534653484821,0.969696998596,-0.0281087961048,0.250627458096,0.278736263514
0.54455447197,0.969696998596,-0.0246349964291,0.249408885837,0.274043887854
0.554455459118,0.969696998596,-0.020863622427,0.248103782535,0.26896739006
0.564356446266,0.969696998596,-0.0167875271291,0.246713638306,0.263501167297
0.574257433414,0.969696998596,-0.0124006606638,0.245239600539,0.257640272379
0.584158420563,0.969696998596,-0.00769859086722,0.243684262037,0.251382857561
0.594059407711,0.969696998596,-0.00267862249166,0.242049410939,0.244728028774
0.603960394859,0.969696998596,0.00265981582925,0.240338012576,0.237678200006
0.613861382008,0.969696998596,0.00831478368491,0.238552927971,0.230238139629
0.623762369156,0.969696998596,0.0142814666033,0.236697435379,0.222415968776
0.633663415909,0.969696998596,0.0205517970026,0.234775409102,0.214223608375
0.643564343452,0.969696998596,0.0271137915552,0.232790634036,0.205676838756
0.653465390205,0.969696998596,0.0339516289532,0.230747595429,0.196795970201
0.663366317749,0.969696998596,0.0410443693399,0.228650912642,0.187606543303
0.673267364502,0.969696998596,0.0483663417399,0.226505294442,0.178138956428
0.683168292046,0.969696998596,0.0558858923614,0.224315851927,0.16842995584
0.693069338799,0.969696998596,0.0635655969381,0.222088173032,0.158522576094
0.702970266342,0.969696998596,0.0713612511754,0.219827324152,0.148466080427
0.712871313095,0.969696998596,0.0792222395539,0.217539414763,0.138317167759
0.722772240639,0.969696998596,0.0870904326439,0.215229988098,0.128139555454
0.732673287392,0.969696998596,0.0949007570744,0.212904915214,0.118004158139
0.74257427454,0.969696998596,0.102580681443,0.210570365191,0.107989683747
0.752475261688,0.969696998596,0.110050626099,0.208232209086,0.0981815829873
0.762376248837,0.969696998596,0.117224112153,0.205896154046,0.088672041893
0.772277235985,0.969696998596,0.124008499086,0.203568547964,0.0795600488782
0.782178223133,0.969696998596,0.130305662751,0.201254993677,0.0709493309259
0.792079210281,0.969696998596,0.1360129565,0.198961317539,0.0629483610392
0.80198019743,0.969696998596,0.141025066376,0.19669303298,0.0556679666042
0.811881184578,0.969696998596,0.145234853029,0.194455549121,0.0492206960917
0.821782171726,0.969696998596,0.148536249995,0.19225409627,0.0437178462744
0.831683158875,0.969696998596,0.15082578361,0.190093666315,0.0392678827047
0.841584146023,0.969696998596,0.152005568147,0.187979161739,0.0359735935926
0.851485133171,0.969696998596,0.15198546648,0.185914620757,0.0339291542768
0.861386120319,0.969696998596,0.150686576962,0.183904692531,0.0332181155682
0.871287107468,0.969696998596,0.1480435431,0.181953027844,0.0339094847441
0.881188154221,0.969696998596,0.144007891417,0.180063143373,0.036055251956
0.891089081764,0.969696998596,0.138550132513,0.178238213062,0.0396880805492
0.900990128517,0.969696998596,0.131662636995,0.176481246948,0.0448186099529
0.910891115665,0.969696998596,0.123361483216,0.174794837832,0.0514333546162
0.920792102814,0.969696998596,0.113687612116,0.173181056976,0.05949344486
0.930693089962,0.969696998596,0.102708108723,0.171641692519,0.068933583796
0.94059407711,0.969696998596,0.0905158594251,0.170178547502,0.0796626880765
0.950495064259,0.969696998596,0.0772287398577,0.168792560697,0.0915638208389
0.960396051407,0.969696998596,0.0629886165261,0.167484879494,0.104496262968
0.970297038555,0.969696998596,0.0479582250118,0.166255906224,0.118297681212
0.980198025703,0.969696998596,0.0323183871806,0.165106132627,0.132787749171
0.990099012852,0.969696998596,0.0162639692426,0.164035260677,0.147771298885
0.00990098994225,0.979797959328,-0.00184120913036,0.233823552728,0.235664755106
0.0198019798845,0.979797959328,-0.00368086015806,0.234547093511,0.238227948546
0.0297029688954,0.979797959328,-0.00551738636568,0.235283836722,0.240801230073
0.039603959769,0.979797959328,-0.00734920939431,0.236033275723,0.243382483721
0.0495049506426,0.979797959328,-0.0091747334227,0.236794680357,0.245969414711
0.0594059377909,0.979797959328,-0.0109923267737,0.237567037344,0.248559370637
0.0693069323897,0.979797959328,-0.0128003275022,0.238349512219,0.251149833202
0.079207919538,0.979797959328,-0.0145970378071,0.239141196012,0.253738224506
0.0891089066863,0.979797959328,-0.0163806974888,0.239940792322,0.256321489811
0.0990099012852,0.979797959328,-0.0181495118886,0.240747198462,0.258896708488
0.108910888433,0.979797959328,-0.0199015941471,0.241559252143,0.261460840702
0.118811875582,0.979797959328,-0.0216350089759,0.24237523973,0.264010250568
0.12871286273,0.979797959328,-0.023347729817,0.243194177747,0.266541898251
0.138613864779,0.979797959328,-0.0250376462936,0.244014054537,0.26905170083
0.148514851928,0.979797959328,-0.0267025381327,0.244833424687,0.27153596282
0.158415839076,0.979797959328,-0.0283401049674,0.245650619268,0.27399072051
0.168316826224,0.979797959328,-0.0299479160458,0.24646358192,0.276411503553
0.178217813373,0.979797959328,-0.031523399055,0.247270569205,0.27879396081
0.188118815422,0.979797959328,-0.0330638848245,0.248069360852,0.281133234501
0.19801980257,0.979797959328,-0.0345665551722,0.248858124018,0.283424675465
0.207920789719,0.979797959328,-0.0360283851624,0.249634131789,0.285662531853
0.217821776867,0.979797959328,-0.037446256727,0.250395208597,0.287841469049
0.227722764015,0.979797959328,-0.0388168171048,0.251138925552,0.289955735207
0.237623751163,0.979797959328,-0.040136564523,0.251862972975,0.291999548674
0.247524753213,0.979797959328,-0.0414017699659,0.252564549446,0.293966323137
0.25742572546,0.979797959328,-0.0426085218787,0.253241032362,0.295849561691
0.267326742411,0.979797959328,-0.0437526591122,0.253889501095,0.297642171383
0.277227729559,0.979797959328,-0.0448298081756,0.254507482052,0.299337297678
0.287128716707,0.979797959328,-0.0458353459835,0.25509172678,0.300927072763
0.297029703856,0.979797959328,-0.0467643253505,0.255639284849,0.302403599024
0.306930691004,0.979797959328,-0.0476116351783,0.256147533655,0.303759157658
0.316831678152,0.979797959328,-0.0483717694879,0.256613075733,0.30498483777
0.3267326653,0.979797959328,-0.0490390509367,0.257033318281,0.306072354317
0.336633652449,0.979797959328,-0.0496073588729,0.257404595613,0.307011961937
0.346534639597,0.979797959328,-0.0500703640282,0.257724434137,0.307794809341
0.356435626745,0.979797959328,-0.0504213571548,0.257989525795,0.30841088295
0.366336613894,0.979797959328,-0.0506532937288,0.25819709897,0.3088504076
0.376237630844,0.979797959328,-0.0507588125765,0.25834390521,0.309102714062
0.386138617992,0.979797959328,-0.0507302209735,0.258427143097,0.309157371521
0.396039605141,0.979797959328,-0.050559412688,0.258444368839,0.309003770351
0.405940592289,0.979797959328,-0.050238031894,0.258392214775,0.308630257845
0.415841579437,0.979797959328,-0.0497573427856,0.258268803358,0.308026134968
0.425742566586,0.979797959328,-0.049108274281,0.258071273565,0.307179540396
0.435643553734,0.979797959328,-0.0482814721763,0.257797300816,0.306078761816
0.445544540882,0.979797959328,-0.0472672842443,0.257444947958,0.304712235928
0.45544552803,0.979797959328,-0.0460557825863,0.257012069225,0.303067862988
0.465346515179,0.979797959328,-0.0446369163692,0.25649702549,0.301133930683
0.475247502327,0.979797959328,-0.0430003255606,0.255898237228,0.29889857769
0.485148519278,0.979797959328,-0.0411356724799,0.255214244127,0.296349912882
0.495049506426,0.979797959328,-0.0390324965119,0.254444330931,0.293476819992
0.504950523376,0.979797959328,-0.0366804376245,0.253587603569,0.290268033743
0.51485145092,0.979797959328,-0.0340693034232,0.252643346786,0.286712646484
0.524752497673,0.979797959328,-0.0311891026795,0.251611739397,0.282800853252
0.534653484821,0.979797959328,-0.0280303433537,0.250492721796,0.278523057699
0.54455447197,0.979797959328,-0.024584107101,0.249286845326,0.273870944977
0.554455459118,0.979797959328,-0.0208421647549,0.247994586825,0.268836736679
0.564356446266,0.979797959328,-0.0167973898351,0.246617332101,0.26341471076
0.574257433414,0.979797959328,-0.0124437343329,0.245156422257,0.257600158453
0.584158420563,0.979797959328,-0.00777676329017,0.243613868952,0.251390635967
0.594059407711,0.979797959328,-0.0027937553823,0.241991847754,0.244785606861
0.603960394859,0.979797959328,0.00250589288771,0.240292519331,0.237786620855
0.613861382008,0.979797959328,0.00812029466033,0.238518849015,0.23039855063
0.623762369156,0.979797959328,0.0140447057784,0.236674308777,0.222629606724
0.633663415909,0.979797959328,0.0202711578459,0.234762296081,0.214491143823
0.643564343452,0.979797959328,0.0267877820879,0.232786491513,0.205998703837
0.653465390205,0.979797959328,0.033578902483,0.230751395226,0.197172492743
0.663366317749,0.979797959328,0.0406237654388,0.228661254048,0.188037484884
0.673267364502,0.979797959328,0.0478968955576,0.226520434022,0.17862354219
0.683168292046,0.979797959328,0.0553668886423,0.224334612489,0.168967723846
0.693069338799,0.979797959328,0.0629965811968,0.222108334303,0.159111753106
0.702970266342,0.979797959328,0.0707421004772,0.21984744072,0.149105340242
0.712871313095,0.979797959328,0.0785531923175,0.217557162046,0.139003962278
0.722772240639,0.979797959328,0.0863720923662,0.215243533254,0.128871440887
0.732673287392,0.979797959328,0.0941341742873,0.212912023067,0.11877784878
0.74257427454,0.979797959328,0.101767390966,0.210568740964,0.108801349998
0.752475261688,0.979797959328,0.10919264704,0.208219498396,0.099026851356
0.762376248837,0.979797959328,0.116324014962,0.205870300531,0.0895462855697
0.772277235985,0.979797959328,0.123069427907,0.203526809812,0.0804573819041
0.782178223133,0.979797959328,0.129331380129,0.201195135713,0.0718637555838
0.792079210281,0.979797959328,0.135007783771,0.198880970478,0.0638731867075
0.80198019743,0.979797959328,0.139993995428,0.19658985734,0.0565958619118
0.811881184578,0.979797959328,0.144183501601,0.194327399135,0.0501438975334
0.821782171726,0.979797959328,0.14747081697,0.192098766565,0.0446279495955
0.831683158875,0.979797959328,0.149753078818,0.189908981323,0.0401559025049
0.841584146023,0.979797959328,0.150932908058,0.187762930989,0.0368300229311
0.851485133171,0.979797959328,0.150920689106,0.185665369034,0.0347446799278
0.861386120319,0.979797959328,0.149637952447,0.18362018466,0.033982232213
0.871287107468,0.979797959328,0.147019639611,0.181631729007,0.0346120893955
0.881188154221,0.979797959328,0.143017470837,0.179703563452,0.0366860926151
0.891089081764,0.979797959328,0.13760215044,0.177839100361,0.0402369499207
0.900990128517,0.979797959328,0.130765929818,0.176041260362,0.0452753305435
0.910891115665,0.979797959328,0.122524827719,0.174313008785,0.0517881810665
0.920792102814,0.979797959328,0.112919412553,0.172656476498,0.0597370639443
0.930693089962,0.979797959328,0.102016359568,0.17107398808,0.0690576285124
0.94059407711,0.979797959328,0.0899079591036,0.169566869736,0.0796589106321
0.950495064259,0.979797959328,0.0767113044858,0.168136864901,0.0914255604148
0.960396051407,0.979797959328,0.0625674128532,0.166784957051,0.104217544198
0.970297038555,0.979797959328,0.0476380102336,0.165511652827,0.117873638868
0.980198025703,0.979797959328,0.032102830708,0.164317697287,0.132214874029
0.990099012852,0.979797959328,0.0161555595696,0.16320322454,0.147047668695
0.00990098994225,0.989898979664,-0.00182871392462,0.233826056123,0.235654771328
0.0198019798845,0.989898979664,-0.0036558858119,0.234542191029,0.238198071718
0.0297029688954,0.989898979664,-0.00547996442765,0.23527136445,0.240751326084
0.039603959769,0.989898979664,-0.00729938596487,0.236013188958,0.243312567472
0.0495049506426,0.989898979664,-0.00911257229745,0.236766770482,0.245879337192
0.0594059377909,0.989898979664,-0.0109179066494,0.237531274557,0.24844917655
0.0693069323897,0.989898979664,-0.0127137443051,0.238305747509,0.251019477844
0.079207919538,0.989898979664,-0.0144984060898,0.239089146256,0.253587543964
0.0891089066863,0.989898979664,-0.0162701420486,0.239880412817,0.25615054369
0.0990099012852,0.989898979664,-0.0180271845311,0.240678414702,0.258705586195
0.108910888433,0.989898979664,-0.0197676531971,0.241481810808,0.261249452829
0.118811875582,0.989898979664,-0.0214896444231,0.242289334536,0.263778984547
0.12871286273,0.989898979664,-0.0231911316514,0.243099555373,0.266290694475
0.138613864779,0.989898979664,-0.0248700436205,0.243910685182,0.268780738115
0.148514851928,0.989898979664,-0.0265241693705,0.244721442461,0.271245598793
0.158415839076,0.989898979664,-0.0281512308866,0.245529636741,0.273680865765
0.168316826224,0.989898979664,-0.0297488179058,0.246334075928,0.276082903147
0.178217813373,0.989898979664,-0.0313143804669,0.247132182121,0.278446555138
0.188118815422,0.989898979664,-0.0328452847898,0.247922673821,0.280767947435
0.19801980257,0.989898979664,-0.034338708967,0.248702660203,0.283041357994
0.207920789719,0.989898979664,-0.0357916727662,0.24947026372,0.285261929035
0.217821776867,0.989898979664,-0.0372010841966,0.250223010778,0.287424087524
0.227722764015,0.989898979664,-0.0385636128485,0.250958800316,0.289522409439
0.237623751163,0.989898979664,-0.0398757830262,0.251675128937,0.291550904512
0.247524753213,0.989898979664,-0.0411338955164,0.2523688972,0.293502807617
0.25742572546,0.989898979664,-0.0423340760171,0.253038227558,0.295372307301
0.267326742411,0.989898979664,-0.0434721969068,0.253679692745,0.297151893377
0.277227729559,0.989898979664,-0.044543903321,0.254291057587,0.298834949732
0.287128716707,0.989898979664,-0.0455446094275,0.254868984222,0.300413608551
0.297029703856,0.989898979664,-0.0464694201946,0.255410939455,0.30188035965
0.306930691004,0.989898979664,-0.0473132394254,0.255913972855,0.303227216005
0.316831678152,0.989898979664,-0.0480706170201,0.256374895573,0.304445505142
0.3267326653,0.989898979664,-0.0487359054387,0.256790846586,0.305526763201
0.336633652449,0.989898979664,-0.0493030324578,0.257158666849,0.306461691856
0.346534639597,0.989898979664,-0.0497657172382,0.257475852966,0.307241559029
0.356435626745,0.989898979664,-0.0501172766089,0.257738858461,0.307856142521
0.366336613894,0.989898979664,-0.0503507368267,0.257945001125,0.308295726776
0.376237630844,0.989898979664,-0.0504587590694,0.258091121912,0.308549880981
0.386138617992,0.989898979664,-0.0504337176681,0.258174717426,0.308608442545
0.396039605141,0.989898979664,-0.0502675622702,0.258192688227,0.308460235596
0.405940592289,0.989898979664,-0.0499519743025,0.258142620325,0.308094590902
0.415841579437,0.989898979664,-0.0494782738388,0.258021831512,0.307500094175
0.425742566586,0.989898979664,-0.0488374643028,0.257827818394,0.306665271521
0.435643553734,0.989898979664,-0.0480202063918,0.257558375597,0.305578589439
0.445544540882,0.989898979664,-0.0470169372857,0.257211446762,0.304228395224
0.45544552803,0.989898979664,-0.045817784965,0.256784707308,0.302602499723
0.465346515179,0.989898979664,-0.044412728399,0.256276726723,0.300689458847
0.475247502327,0.989898979664,-0.0427914746106,0.255685985088,0.298477470875
0.485148519278,0.989898979664,-0.0409437566996,0.255010724068,0.295954465866
0.495049506426,0.989898979664,-0.0388591513038,0.254250377417,0.293109536171
0.504950523376,0.989898979664,-0.0365273542702,0.253403693438,0.289931058884
0.51485145092,0.989898979664,-0.033938203007,0.252470493317,0.286408692598
0.524752497673,0.989898979664,-0.0310817733407,0.251450240612,0.282532006502
0.534653484821,0.989898979664,-0.0279485937208,0.250343173742,0.278291761875
0.54455447197,0.989898979664,-0.0245297942311,0.249149441719,0.273679226637
0.554455459118,0.989898979664,-0.0208171606064,0.247869923711,0.268687069416
0.564356446266,0.989898979664,-0.0168035831302,0.246505394578,0.26330897212
0.574257433414,0.989898979664,-0.0124830231071,0.24505764246,0.257540673018
0.584158420563,0.989898979664,-0.00785103812814,0.243527919054,0.251378953457
0.594059407711,0.989898979664,-0.00290488917381,0.24191826582,0.244823157787
0.603960394859,0.989898979664,0.00235606054775,0.240231364965,0.237875297666
0.613861382008,0.989898979664,0.00792997609824,0.238469660282,0.230539679527
0.623762369156,0.989898979664,0.0138121880591,0.236636310816,0.222824126482
0.633663415909,0.989898979664,0.0199948158115,0.234734788537,0.214739978313
0.643564343452,0.989898979664,0.0264661163092,0.23276861012,0.206302493811
0.653465390205,0.989898979664,0.0332105569541,0.230741888285,0.197531327605
0.663366317749,0.989898979664,0.0402075499296,0.228658854961,0.188451305032
0.673267364502,0.989898979664,0.0474318303168,0.226524174213,0.179092347622
0.683168292046,0.989898979664,0.0548522472382,0.22434258461,0.169490337372
0.693069338799,0.989898979664,0.0624318905175,0.222119107842,0.15968722105
0.702970266342,0.989898979664,0.0701272115111,0.219859153032,0.149731934071
0.712871313095,0.989898979664,0.0778883099556,0.217567935586,0.13967962563
0.722772240639,0.989898979664,0.0856578201056,0.215251207352,0.129593387246
0.732673287392,0.989898979664,0.0933715552092,0.212914735079,0.11954317987
0.74257427454,0.989898979664,0.100957900286,0.210564136505,0.109606236219
0.752475261688,0.989898979664,0.108338303864,0.208205416799,0.0998671129346
0.762376248837,0.989898979664,0.11542738229,0.205844283104,0.0904169008136
0.772277235985,0.989898979664,0.122133634984,0.203486651182,0.0813530161977
0.782178223133,0.989898979664,0.128360137343,0.201138556004,0.0727784186602
0.792079210281,0.989898979664,0.134005472064,0.198805555701,0.0648000836372
0.80198019743,0.989898979664,0.138965561986,0.196493178606,0.0575276166201
0.811881184578,0.989898979664,0.143134519458,0.194207325578,0.0510728061199
0.821782171726,0.989898979664,0.146407544613,0.191952854395,0.045545309782
0.831683158875,0.989898979664,0.148682281375,0.189735144377,0.0410528630018
0.841584146023,0.989898979664,0.149861946702,0.187559187412,0.0376972407103
0.851485133171,0.989898979664,0.149857386947,0.185429558158,0.0355721712112
0.861386120319,0.989898979664,0.148590520024,0.183350682259,0.0347601622343
0.871287107468,0.989898979664,0.145996719599,0.181326583028,0.0353298634291
0.881188154221,0.989898979664,0.142027854919,0.179361268878,0.0373334139585
0.891089081764,0.989898979664,0.136654764414,0.177458226681,0.0408034622669
0.900990128517,0.989898979664,0.129869699478,0.175620600581,0.045750901103
0.910891115665,0.989898979664,0.121688485146,0.173851206899,0.0521627217531
0.920792102814,0.989898979664,0.112151451409,0.172152623534,0.0600011721253
0.930693089962,0.989898979664,0.101324766874,0.170527368784,0.0692026019096
0.94059407711,0.989898979664,0.0893001183867,0.168976873159,0.0796767547727
0.950495064259,0.989898979664,0.0761938914657,0.167503103614,0.0913092121482
0.960396051407,0.989898979664,0.0621461942792,0.166106894612,0.103960700333
0.970297038555,0.989898979664,0.0473177693784,0.164789393544,0.11747162044
0.980198025703,0.989898979664,0.0318872481585,0.163551270962,0.131664022803
0.990099012852,0.989898979664,0.0160471387208,0.162393018603,0.146345883608
0.00990098994225,1,-0.00181622442324,0.23384039104,0.235656619072
0.0198019798845,1,-0.00363092217594,0.234548911452,0.238179832697
0.0297029688954,1,-0.0054425583221,0.235270902514,0.240713462234
0.039603959769,1,-0.00724958302453,0.236004814506,0.243254393339
0.0495049506426,1,-0.00905043631792,0.236750498414,0.245800942183
0.0594059377909,1,-0.0108435126022,0.237506702542,0.248350217938
0.0693069323897,1,-0.0126271918416,0.238273084164,0.250900268555
0.079207919538,1,-0.0143998032436,0.239048227668,0.253448039293
0.0891089066863,1,-0.0161596182734,0.239831030369,0.25599065423
0.0990099012852,1,-0.0179048813879,0.240620404482,0.258525282145
0.108910888433,1,-0.019633738324,0.241415008903,0.261048734188
0.118811875582,1,-0.0213442910463,0.242213651538,0.263557940722
0.12871286273,1,-0.0230345502496,0.243014872074,0.266049414873
0.138613864779,1,-0.0247024390846,0.243817180395,0.268519610167
0.148514851928,1,-0.0263457912952,0.244618847966,0.2709646523
0.158415839076,1,-0.0279623363167,0.245418146253,0.273380488157
0.168316826224,1,-0.0295496806502,0.246213391423,0.275763064623
0.178217813373,1,-0.0311053115875,0.24700255692,0.278107881546
0.188118815422,1,-0.0326265990734,0.24778367579,0.280410289764
0.19801980257,1,-0.0341107621789,0.248554930091,0.28266569972
0.207920789719,1,-0.0355548374355,0.249313652515,0.284868478775
0.217821776867,1,-0.0369557514787,0.250057697296,0.287013441324
0.227722764015,1,-0.0383102148771,0.250784963369,0.289095163345
0.237623751163,1,-0.039614778012,0.251492768526,0.291107535362
0.247524753213,1,-0.0408657565713,0.252178639174,0.293044388294
0.25742572546,1,-0.0420593246818,0.252839893103,0.294899225235
0.267326742411,1,-0.0431913621724,0.253473997116,0.296665370464
0.277227729559,1,-0.0442575775087,0.254078030586,0.29833561182
0.287128716707,1,-0.0452533960342,0.254649221897,0.299902617931
0.297029703856,1,-0.0461739711463,0.25518488884,0.30135884881
0.306930691004,1,-0.0470142327249,0.25568190217,0.30269613862
0.316831678152,1,-0.0477687940001,0.256137549877,0.303906351328
0.3267326653,1,-0.0484320148826,0.256548702717,0.30498072505
0.336633652449,1,-0.0489978864789,0.256912529469,0.305910408497
0.346534639597,1,-0.0494601540267,0.257225900888,0.306686043739
0.356435626745,1,-0.0498122014105,0.257486134768,0.307298332453
0.366336613894,1,-0.0500470846891,0.257689982653,0.307737052441
0.376237630844,1,-0.0501575246453,0.257834762335,0.30799227953
0.386138617992,1,-0.0501359403133,0.257917732,0.308053672314
0.396039605141,1,-0.049974322319,0.257936090231,0.30791041255
0.405940592289,1,-0.0496644154191,0.257887035608,0.307551443577
0.415841579437,1,-0.0491976030171,0.257768213749,0.306965827942
0.425742566586,1,-0.0485649071634,0.257577210665,0.306142121553
0.435643553734,1,-0.047757089138,0.257311314344,0.305068403482
0.445544540882,1,-0.0467646196485,0.256969034672,0.30373364687
0.45544552803,1,-0.0455776676536,0.256547778845,0.302125453949
0.465346515179,1,-0.0441863052547,0.256046265364,0.300232559443
0.475247502327,1,-0.0425802692771,0.255462706089,0.298042982817
0.485148519278,1,-0.0407493449748,0.254795670509,0.295545011759
0.495049506426,1,-0.0386831723154,0.254043996334,0.292727172375
0.504950523376,1,-0.0363714881241,0.253207117319,0.289578616619
0.51485145092,1,-0.0338041968644,0.252284169197,0.286088377237
0.524752497673,1,-0.0309713967144,0.251275002956,0.282246410847
0.534653484821,1,-0.0278636720031,0.250179350376,0.278043031693
0.54455447197,1,-0.0244721733034,0.248997583985,0.273469746113
0.554455459118,1,-0.0207887198776,0.247730240226,0.268518954515
0.564356446266,1,-0.0168062150478,0.246378526092,0.263184726238
0.574257433414,1,-0.0125186312944,0.244943201542,0.257461845875
0.584158420563,1,-0.00792151968926,0.243426397443,0.251347929239
0.594059407711,1,-0.00301212328486,0.241829574108,0.244841694832
0.603960394859,1,0.00221022614278,0.240155100822,0.237944871187
0.613861382008,1,0.00774374557659,0.238405510783,0.230661764741
0.623762369156,1,0.0135838352144,0.236583679914,0.222999840975
0.633663415909,1,0.019722705707,0.234692946076,0.214970245957
0.643564343452,1,0.0261487327516,0.232736766338,0.206588029861
0.653465390205,1,0.0328465253115,0.230719327927,0.197872802615
0.663366317749,1,0.0397956781089,0.228644236922,0.188848555088
0.673267364502,1,0.046971116215,0.226516202092,0.179545089602
0.683168292046,1,0.0543419346213,0.2243398875,0.169997960329
0.693069338799,1,0.0618715025485,0.222120165825,0.160248667002
0.702970266342,1,0.0695165917277,0.219862252474,0.150345653296
0.712871313095,1,0.0772276371717,0.217571094632,0.14034345746
0.722772240639,1,0.084947668016,0.215252801776,0.130305141211
0.732673287392,1,0.0926129296422,0.212912604213,0.120299674571
0.74257427454,1,0.100152291358,0.21055611968,0.110403828323
0.752475261688,1,0.10748770833,0.208189114928,0.100701406598
0.762376248837,1,0.114534333348,0.205817878246,0.091283544898
0.772277235985,1,0.121201232076,0.203447565436,0.0822463333607
0.782178223133,1,0.127392113209,0.201084494591,0.073692381382
0.792079210281,1,0.13300614059,0.198734268546,0.0657281279564
0.80198019743,1,0.13793990016,0.196402475238,0.058462575078
0.811881184578,1,0.142088130116,0.194094374776,0.0520062446594
0.821782171726,1,0.145346581936,0.191815763712,0.046469181776
0.831683158875,1,0.147613570094,0.189571872354,0.0419583022594
0.841584146023,1,0.148792818189,0.187367320061,0.0385745018721
0.851485133171,1,0.14879566431,0.185207128525,0.0364114642143
0.861386120319,1,0.147544518113,0.183095648885,0.0355511307716
0.871287107468,1,0.144974991679,0.181037381291,0.0360623896122
0.881188154221,1,0.141039252281,0.179036095738,0.0379968434572
0.891089081764,1,0.13570818305,0.177095517516,0.041387334466
0.900990128517,1,0.128974109888,0.175218895078,0.0462447851896
0.910891115665,1,0.120852671564,0.173409283161,0.0525566115975
0.920792102814,1,0.111383870244,0.171669617295,0.0602857470512
0.930693089962,1,0.100633427501,0.170002028346,0.0693686008453
0.94059407711,1,0.0886924862862,0.168408811092,0.0797163248062
0.950495064259,1,0.0756765976548,0.166891410947,0.091214813292
0.960396051407,1,0.0617250539362,0.165451407433,0.103726357222
0.970297038555,1,0.0469975806773,0.164089784026,0.117092207074
0.980198025703,1,0.0316717028618,0.162807673216,0.131135970354
0.990099012852,1,0.0159387309104,0.161605119705,0.145666390657
