x,t,u_true,u_pinn,abs_error
0.00990098994225,0,0.00651459023356,0.0065380949527,2.35047191381e-05
0.0198019798845,0,0.0130291804671,0.0129362922162,9.2888250947e-05
0.0297029688954,0,0.0195437632501,0.0193689242005,0.000174839049578
0.039603959769,0,0.0260583274066,0.0258302465081,0.000228080898523
0.0495049506426,0,0.0325728468597,0.0323149226606,0.000257924199104
0.0594059377909,0,0.0390872769058,0.0388182736933,0.000269003212452
0.0693069323897,0,0.0456015653908,0.0453362092376,0.00026535615325
0.079207919538,0,0.052115611732,0.0518643856049,0.000251226127148
0.0891089066863,0,0.0586292892694,0.058400079608,0.000229209661484
0.0990099012852,0,0.0651424750686,0.0649399757385,0.000202499330044
0.108910888433,0,0.0716549679637,0.0714816972613,0.000173270702362
0.118811875582,0,0.0781665146351,0.0780233442783,0.00014317035675
0.12871286273,0,0.0846768468618,0.0845631957054,0.000113651156425
0.138613864779,0,0.091185644269,0.0910996422172,8.60020518303e-05
0.148514851928,0,0.0976924523711,0.0976320356131,6.04167580605e-05
0.158415839076,0,0.104196861386,0.104158990085,3.78713011742e-05
0.168316826224,0,0.110698312521,0.110679663718,1.86488032341e-05
0.178217813373,0,0.117196172476,0.117193691432,2.48104333878e-06
0.188118815422,0,0.123689763248,0.123700089753,1.03265047073e-05
0.19801980257,0,0.130178287625,0.130198121071,1.9833445549e-05
0.207920789719,0,0.136660829186,0.136687129736,2.63005495071e-05
0.217821776867,0,0.143136411905,0.143165886402,2.94744968414e-05
0.227722764015,0,0.149603843689,0.149633497,2.96533107758e-05
0.237623751163,0,0.156061947346,0.15608894825,2.70009040833e-05
0.247524753213,0,0.162509262562,0.162530958652,2.16960906982e-05
0.25742572546,0,0.16894428432,0.16895827651,1.3992190361e-05
0.267326742411,0,0.175365328789,0.175369590521,4.26173210144e-06
0.277227729559,0,0.181770518422,0.181763380766,7.13765621185e-06
0.287128716707,0,0.188157781959,0.188138157129,1.96248292923e-05
0.297029703856,0,0.194524854422,0.194492459297,3.23951244354e-05
0.306930691004,0,0.200869292021,0.200824379921,4.49120998383e-05
0.316831678152,0,0.207188397646,0.207132190466,5.62071800232e-05
0.3267326653,0,0.213479295373,0.213413238525,6.60568475723e-05
0.336633652449,0,0.219738692045,0.219665437937,7.3254108429e-05
0.346534639597,0,0.22596322,0.225885570049,7.76499509811e-05
0.356435626745,0,0.232149079442,0.232070356607,7.87228345871e-05
0.366336613894,0,0.238292217255,0.238215595484,7.66217708588e-05
0.376237630844,0,0.244388207793,0.24431720376,7.10040330887e-05
0.386138617992,0,0.250432312489,0.250369995832,6.23166561127e-05
0.396039605141,0,0.256419301033,0.256368458271,5.08427619934e-05
0.405940592289,0,0.2623437047,0.262306720018,3.69846820831e-05
0.415841579437,0,0.268199563026,0.268178075552,2.14874744415e-05
0.425742566586,0,0.273980379105,0.273975521326,4.85777854919e-06
0.435643553734,0,0.279679328203,0.279691487551,1.21593475342e-05
0.445544540882,0,0.285288870335,0.285317838192,2.89678573608e-05
0.45544552803,0,0.290801167488,0.290846347809,4.51803207397e-05
0.465346515179,0,0.296207606792,0.296267539263,5.99324703217e-05
0.475247502327,0,0.301499068737,0.301572263241,7.31945037842e-05
0.485148519278,0,0.306665867567,0.306750297546,8.44299793243e-05
0.495049506426,0,0.311697542667,0.311790823936,9.32812690735e-05
0.504950523376,0,0.316583007574,0.316682875156,9.98675823212e-05
0.51485145092,0,0.321310371161,0.321414202452,0.000103831291199
0.524752497673,0,0.325867205858,0.325972169638,0.000104963779449
0.534653484821,0,0.33024007082,0.330343514681,0.000103443861008
0.54455447197,0,0.33441478014,0.334514200687,9.94205474854e-05
0.554455459118,0,0.338376373053,0.33846911788,9.27448272705e-05
0.564356446266,0,0.342109084129,0.34219288826,8.38041305542e-05
0.574257433414,0,0.34559610486,0.345669031143,7.29262828827e-05
0.584158420563,0,0.348819941282,0.348880022764,6.00814819336e-05
0.594059407711,0,0.351762026548,0.351808398962,4.63724136353e-05
0.603960394859,0,0.354403078556,0.354435145855,3.20672988892e-05
0.613861382008,0,0.356722831726,0.356740832329,1.80006027222e-05
0.623762369156,0,0.358700096607,0.3587051332,5.03659248352e-06
0.633663415909,0,0.360312998295,0.360306948423,6.0498714447e-06
0.643564343452,0,0.361538738012,0.361524343491,1.43945217133e-05
0.653465390205,0,0.362353771925,0.362334698439,1.90734863281e-05
0.663366317749,0,0.362734049559,0.362714380026,1.96695327759e-05
0.673267364502,0,0.362654626369,0.362639158964,1.54674053192e-05
0.683168292046,0,0.362090289593,0.362083792686,6.49690628052e-06
0.693069338799,0,0.361015498638,0.36102309823,7.59959220886e-06
0.702970266342,0,0.359404295683,0.359430521727,2.62260437012e-05
0.712871313095,0,0.357230812311,0.357279866934,4.90546226501e-05
0.722772240639,0,0.354469329119,0.354544401169,7.50720500946e-05
0.732673287392,0,0.351094484329,0.351197898388,0.000103414058685
0.74257427454,0,0.34708160162,0.347214400768,0.00013279914856
0.752475261688,0,0.342406779528,0.34256875515,0.000161975622177
0.762376248837,0,0.337047487497,0.337237387896,0.000189900398254
0.772277235985,0,0.330982685089,0.331197798252,0.000215113162994
0.782178223133,0,0.324193239212,0.324430018663,0.00023677945137
0.792079210281,0,0.316662192345,0.316916257143,0.000254064798355
0.80198019743,0,0.308375298977,0.308641850948,0.000266551971436
0.811881184578,0,0.299321502447,0.299595206976,0.000273704528809
0.821782171726,0,0.289493083954,0.289768695831,0.000275611877441
0.831683158875,0,0.278886169195,0.27915880084,0.000272631645203
0.841584146023,0,0.267501145601,0.267766296864,0.000265151262283
0.851485133171,0,0.255343168974,0.255597412586,0.000254243612289
0.861386120319,0,0.242422178388,0.242662966251,0.000240787863731
0.871287107468,0,0.22875328362,0.228979617357,0.000226333737373
0.881188154221,0,0.214357420802,0.214569181204,0.000211760401726
0.891089081764,0,0.199261054397,0.199460327625,0.000199273228645
0.900990128517,0,0.183495998383,0.183686465025,0.00019046664238
0.910891115665,0,0.167100414634,0.167287915945,0.000187501311302
0.920792102814,0,0.150117710233,0.150310367346,0.000192657113075
0.930693089962,0,0.132597222924,0.132805079222,0.000207856297493
0.94059407711,0,0.114593178034,0.114828921854,0.000235743820667
0.950495064259,0,0.096164599061,0.0964438542724,0.000279255211353
0.960396051407,0,0.0773753374815,0.0777160003781,0.000340662896633
0.970297038555,0,0.0582926087081,0.0587158352137,0.000423226505518
0.980198025703,0,0.0389869175851,0.0395174324512,0.000530514866114
0.990099012852,0,0.0195310711861,0.0201973952353,0.000666324049234
0.00990098994225,0.0101010100916,0.00644911779091,0.00632145255804,0.000127665232867
0.0198019798845,0.0101010100916,0.0128982355818,0.0125977303833,0.000300505198538
0.0297029688954,0.0101010100916,0.0193473454565,0.0189124941826,0.000434851273894
0.039603959769,0.0101010100916,0.025796437636,0.0252599529922,0.000536484643817
0.0495049506426,0.0101010100916,0.0322454869747,0.0316348746419,0.000610612332821
0.0594059377909,0.0101010100916,0.0386944450438,0.0380323678255,0.000662077218294
0.0693069323897,0.0101010100916,0.0451432652771,0.0444480217993,0.000695243477821
0.079207919538,0.0101010100916,0.051591835916,0.0508777797222,0.000714056193829
0.0891089066863,0.0101010100916,0.0580400563776,0.0573184788227,0.000721577554941
0.0990099012852,0.0101010100916,0.0644877851009,0.0637665241957,0.000721260905266
0.108910888433,0.0101010100916,0.0709348171949,0.0702199265361,0.000714890658855
0.118811875582,0.0101010100916,0.0773809328675,0.0766760036349,0.000704929232597
0.12871286273,0.0101010100916,0.0838258340955,0.0831330493093,0.000692784786224
0.138613864779,0.0101010100916,0.090269215405,0.0895895585418,0.000679656863213
0.148514851928,0.0101010100916,0.0967106372118,0.0960441529751,0.000666484236717
0.158415839076,0.0101010100916,0.103149674833,0.102495744824,0.000653930008411
0.168316826224,0.0101010100916,0.109585776925,0.108943447471,0.000642329454422
0.178217813373,0.0101010100916,0.116018332541,0.115386463702,0.000631868839264
0.188118815422,0.0101010100916,0.122446671128,0.121823973954,0.000622697174549
0.19801980257,0.0101010100916,0.128869980574,0.128255188465,0.000614792108536
0.207920789719,0.0101010100916,0.135287374258,0.134679168463,0.000608205795288
0.217821776867,0.0101010100916,0.141697853804,0.141095072031,0.000602781772614
0.227722764015,0.0101010100916,0.148100301623,0.147501796484,0.000598505139351
0.237623751163,0.0101010100916,0.154493495822,0.153898179531,0.000595316290855
0.247524753213,0.0101010100916,0.160876020789,0.160283088684,0.000592932105064
0.25742572546,0.0101010100916,0.167246371508,0.166655212641,0.000591158866882
0.267326742411,0.0101010100916,0.173602893949,0.173013091087,0.000589802861214
0.277227729559,0.0101010100916,0.179943695664,0.179355353117,0.000588342547417
0.287128716707,0.0101010100916,0.186266764998,0.185680449009,0.000586315989494
0.297029703856,0.0101010100916,0.192569851875,0.191986829042,0.00058302283287
0.306930691004,0.0101010100916,0.198850527406,0.198272794485,0.000577732920647
0.316831678152,0.0101010100916,0.205106124282,0.204536229372,0.000569894909859
0.3267326653,0.0101010100916,0.211333796382,0.210774958134,0.000558838248253
0.336633652449,0.0101010100916,0.217530280352,0.216986447573,0.000543832778931
0.346534639597,0.0101010100916,0.223692253232,0.22316762805,0.000524625182152
0.356435626745,0.0101010100916,0.229815945029,0.229315191507,0.000500753521919
0.366336613894,0.0101010100916,0.235897347331,0.235425144434,0.000472202897072
0.376237630844,0.0101010100916,0.241932079196,0.241492956877,0.000439122319221
0.386138617992,0.0101010100916,0.247915416956,0.247513860464,0.000401556491852
0.396039605141,0.0101010100916,0.253842264414,0.253482013941,0.000360250473022
0.405940592289,0.0101010100916,0.259707123041,0.259391307831,0.000315815210342
0.415841579437,0.0101010100916,0.265504091978,0.26523527503,0.000268816947937
0.425742566586,0.0101010100916,0.271226853132,0.27100661397,0.000220239162445
0.435643553734,0.0101010100916,0.276868492365,0.276697844267,0.000170648097992
0.445544540882,0.0101010100916,0.282421708107,0.282300829887,0.000120878219604
0.45544552803,0.0101010100916,0.287878543139,0.287806898355,7.164478302e-05
0.465346515179,0.0101010100916,0.293230682611,0.293207019567,2.36630439758e-05
0.475247502327,0.0101010100916,0.298468947411,0.298491597176,2.26497650146e-05
0.485148519278,0.0101010100916,0.303583830595,0.303650587797,6.67572021484e-05
0.495049506426,0.0101010100916,0.308564931154,0.308673381805,0.000108450651169
0.504950523376,0.0101010100916,0.313401311636,0.313548564911,0.000147253274918
0.51485145092,0.0101010100916,0.318081170321,0.318264365196,0.000183194875717
0.524752497673,0.0101010100916,0.322592198849,0.322807967663,0.000215768814087
0.534653484821,0.0101010100916,0.326921105385,0.327166318893,0.000245213508606
0.54455447197,0.0101010100916,0.331053853035,0.331325083971,0.00027123093605
0.554455459118,0.0101010100916,0.334975659847,0.33526968956,0.000294029712677
0.564356446266,0.0101010100916,0.3386708498,0.338984340429,0.000313490629196
0.574257433414,0.0101010100916,0.342122823,0.342452734709,0.000329911708832
0.584158420563,0.0101010100916,0.345314234495,0.345657587051,0.000343352556229
0.594059407711,0.0101010100916,0.34822678566,0.348580867052,0.000354081392288
0.603960394859,0.0101010100916,0.350841283798,0.351204067469,0.000362783670425
0.613861382008,0.0101010100916,0.35313770175,0.353507488966,0.000369787216187
0.623762369156,0.0101010100916,0.355095088482,0.355470627546,0.000375539064407
0.633663415909,0.0101010100916,0.356691807508,0.357072353363,0.000380545854568
0.643564343452,0.0101010100916,0.357905209064,0.358290582895,0.000385373830795
0.653465390205,0.0101010100916,0.358712106943,0.359102547169,0.000390440225601
0.663366317749,0.0101010100916,0.359088510275,0.359484434128,0.000395923852921
0.673267364502,0.0101010100916,0.359009861946,0.359411925077,0.000402063131332
0.683168292046,0.0101010100916,0.358451247215,0.358860015869,0.00040876865387
0.693069338799,0.0101010100916,0.357387244701,0.357802718878,0.000415474176407
0.702970266342,0.0101010100916,0.355792224407,0.356213957071,0.000421732664108
0.712871313095,0.0101010100916,0.353640586138,0.354067504406,0.000426918268204
0.722772240639,0.0101010100916,0.35090687871,0.351336717606,0.000429838895798
0.732673287392,0.0101010100916,0.347565919161,0.347995489836,0.000429570674896
0.74257427454,0.0101010100916,0.343593388796,0.344018429518,0.000425040721893
0.752475261688,0.0101010100916,0.338965564966,0.339380651712,0.000415086746216
0.762376248837,0.0101010100916,0.33366009593,0.334058940411,0.000398844480515
0.772277235985,0.0101010100916,0.327656239271,0.32803183794,0.000375598669052
0.782178223133,0.0101010100916,0.320935040712,0.321280002594,0.000344961881638
0.792079210281,0.0101010100916,0.313479691744,0.313786536455,0.000306844711304
0.80198019743,0.0101010100916,0.305276066065,0.305537343025,0.000261276960373
0.811881184578,0.0101010100916,0.296313256025,0.29652261734,0.000209361314774
0.821782171726,0.0101010100916,0.286583632231,0.286735057831,0.000151425600052
0.831683158875,0.0101010100916,0.276083320379,0.276172667742,8.93473625183e-05
0.841584146023,0.0101010100916,0.264812707901,0.264837265015,2.45571136475e-05
0.851485133171,0.0101010100916,0.252776920795,0.252736032009,4.08887863159e-05
0.861386120319,0.0101010100916,0.239985793829,0.239880919456,0.000104874372482
0.871287107468,0.0101010100916,0.226454272866,0.226289391518,0.00016488134861
0.881188154221,0.0101010100916,0.212203100324,0.211984574795,0.000218525528908
0.891089081764,0.0101010100916,0.197258457541,0.196995556355,0.000262901186943
0.900990128517,0.0101010100916,0.181651830673,0.181356698275,0.000295132398605
0.910891115665,0.0101010100916,0.165421038866,0.165108591318,0.000312447547913
0.920792102814,0.0101010100916,0.148609012365,0.148297220469,0.00031179189682
0.930693089962,0.0101010100916,0.131264612079,0.130974471569,0.000290140509605
0.94059407711,0.0101010100916,0.113441497087,0.113196916878,0.000244580209255
0.950495064259,0.0101010100916,0.0951981320977,0.0950262919068,0.000171840190887
0.960396051407,0.0101010100916,0.0765976980329,0.0765284746885,6.9223344326e-05
0.970297038555,0.0101010100916,0.0577067583799,0.0577736496925,6.68913125992e-05
0.980198025703,0.0101010100916,0.0385950952768,0.0388349145651,0.000239819288254
0.990099012852,0.0101010100916,0.0193347800523,0.019787915051,0.000453134998679
0.00990098994225,0.0202020201832,0.00638430239633,0.0061169154942,0.000267386902124
0.0198019798845,0.0202020201832,0.0127686047927,0.0122710037977,0.000497600995004
0.0297029688954,0.0202020201832,0.0191529002041,0.0184675678611,0.000685332342982
0.039603959769,0.0202020201832,0.0255371779203,0.0247010588646,0.000836119055748
0.0495049506426,0.0202020201832,0.0319214127958,0.0309659130871,0.000955499708652
0.0594059377909,0.0202020201832,0.0383055582643,0.0372573211789,0.00104823708534
0.0693069323897,0.0202020201832,0.044689565897,0.0435706079006,0.00111895799637
0.079207919538,0.0202020201832,0.0510733276606,0.0499020144343,0.00117131322622
0.0891089066863,0.0202020201832,0.0574567392468,0.0562476441264,0.00120909512043
0.0990099012852,0.0202020201832,0.0638396665454,0.0626042112708,0.00123545527458
0.108910888433,0.0202020201832,0.0702219158411,0.0689690485597,0.00125286728144
0.118811875582,0.0202020201832,0.0766032412648,0.0753398016095,0.0012634396553
0.12871286273,0.0202020201832,0.0829833596945,0.081714220345,0.00126913934946
0.138613864779,0.0202020201832,0.0893619805574,0.0880908444524,0.00127113610506
0.148514851928,0.0202020201832,0.09573867172,0.0944680124521,0.0012706592679
0.158415839076,0.0202020201832,0.102112993598,0.100844502449,0.00126849114895
0.168316826224,0.0202020201832,0.1084844172,0.107219442725,0.00126497447491
0.178217813373,0.0202020201832,0.114852316678,0.113591723144,0.00126059353352
0.188118815422,0.0202020201832,0.121216058731,0.119960539043,0.00125551968813
0.19801980257,0.0202020201832,0.127574801445,0.126324862242,0.00124993920326
0.207920789719,0.0202020201832,0.133927702904,0.132684141397,0.00124356150627
0.217821776867,0.0202020201832,0.140273779631,0.139037162066,0.00123661756516
0.227722764015,0.0202020201832,0.146611869335,0.145382761955,0.00122910737991
0.237623751163,0.0202020201832,0.152940809727,0.151720017195,0.00122079253197
0.247524753213,0.0202020201832,0.159259185195,0.158047586679,0.00121159851551
0.25742572546,0.0202020201832,0.165565505624,0.164364248514,0.00120125710964
0.267326742411,0.0202020201832,0.171858146787,0.170668452978,0.00118969380856
0.277227729559,0.0202020201832,0.178135216236,0.176958739758,0.00117647647858
0.287128716707,0.0202020201832,0.184394747019,0.183233857155,0.00116088986397
0.297029703856,0.0202020201832,0.190634474158,0.189491808414,0.00114266574383
0.306930691004,0.0202020201832,0.196852043271,0.19573110342,0.00112093985081
0.316831678152,0.0202020201832,0.203044757247,0.2019495368,0.00109522044659
0.3267326653,0.0202020201832,0.20920984447,0.208145081997,0.00106476247311
0.336633652449,0.0202020201832,0.215344071388,0.21431517601,0.00102889537811
0.346534639597,0.0202020201832,0.221444100142,0.220456570387,0.000987529754639
0.356435626745,0.0202020201832,0.227506235242,0.226566195488,0.000940039753914
0.366336613894,0.0202020201832,0.233526527882,0.232639878988,0.000886648893356
0.376237630844,0.0202020201832,0.239500597119,0.238673210144,0.000827386975288
0.386138617992,0.0202020201832,0.245423823595,0.244660973549,0.000762850046158
0.396039605141,0.0202020201832,0.25129109621,0.250597894192,0.000693202018738
0.405940592289,0.0202020201832,0.257097035646,0.256477355957,0.000619679689407
0.415841579437,0.0202020201832,0.262835741043,0.262292951345,0.000542789697647
0.425742566586,0.0202020201832,0.268500953913,0.268037348986,0.000463604927063
0.435643553734,0.0202020201832,0.274085909128,0.273702979088,0.000382930040359
0.445544540882,0.0202020201832,0.27958330512,0.279281437397,0.000301867723465
0.45544552803,0.0202020201832,0.284985303879,0.284764319658,0.000220984220505
0.465346515179,0.0202020201832,0.29028365016,0.290142327547,0.000141322612762
0.475247502327,0.0202020201832,0.295469284058,0.295405954123,6.33299350739e-05
0.485148519278,0.0202020201832,0.300532758236,0.300545156002,1.23977661133e-05
0.495049506426,0.0202020201832,0.305463820696,0.305548876524,8.50558280945e-05
0.504950523376,0.0202020201832,0.310251563787,0.310406416655,0.000154852867126
0.51485145092,0.0202020201832,0.314884394407,0.315105676651,0.000221282243729
0.524752497673,0.0202020201832,0.319350063801,0.319633811712,0.000283747911453
0.534653484821,0.0202020201832,0.323635458946,0.323977857828,0.000342398881912
0.54455447197,0.0202020201832,0.327726662159,0.328123688698,0.000397026538849
0.554455459118,0.0202020201832,0.331609100103,0.332056611776,0.000447511672974
0.564356446266,0.0202020201832,0.33526712656,0.335760742426,0.000493615865707
0.574257433414,0.0202020201832,0.338684409857,0.339220046997,0.000535637140274
0.584158420563,0.0202020201832,0.341843783855,0.342417180538,0.000573396682739
0.594059407711,0.0202020201832,0.344727039337,0.345333993435,0.000606954097748
0.603960394859,0.0202020201832,0.347315222025,0.347951978445,0.000636756420135
0.613861382008,0.0202020201832,0.349588572979,0.350251168013,0.000662595033646
0.623762369156,0.0202020201832,0.351526319981,0.352211356163,0.000685036182404
0.633663415909,0.0202020201832,0.353106975555,0.35381102562,0.000704050064087
0.643564343452,0.0202020201832,0.354308217764,0.355028271675,0.000720053911209
0.653465390205,0.0202020201832,0.355106949806,0.355839669704,0.000732719898224
0.663366317749,0.0202020201832,0.355479598045,0.356221824884,0.000742226839066
0.673267364502,0.0202020201832,0.355401724577,0.356150090694,0.000748366117477
0.683168292046,0.0202020201832,0.354848742485,0.355599194765,0.000750452280045
0.693069338799,0.0202020201832,0.353795409203,0.354543417692,0.000748008489609
0.702970266342,0.0202020201832,0.352216422558,0.352956593037,0.000740170478821
0.712871313095,0.0202020201832,0.350086420774,0.350812375546,0.000725954771042
0.722772240639,0.0202020201832,0.347380191088,0.348084539175,0.000704348087311
0.732673287392,0.0202020201832,0.344072788954,0.344747155905,0.000674366950989
0.74257427454,0.0202020201832,0.340140193701,0.340775102377,0.000634908676147
0.752475261688,0.0202020201832,0.335558861494,0.33614423871,0.000585377216339
0.762376248837,0.0202020201832,0.330306738615,0.330831587315,0.00052484869957
0.772277235985,0.0202020201832,0.324363231659,0.324816584587,0.000453352928162
0.782178223133,0.0202020201832,0.317709565163,0.318080663681,0.000371098518372
0.792079210281,0.0202020201832,0.310329139233,0.31060770154,0.000278562307358
0.80198019743,0.0202020201832,0.302208006382,0.302384853363,0.000176846981049
0.811881184578,0.0202020201832,0.293335258961,0.293402850628,6.75916671753e-05
0.821782171726,0.0202020201832,0.283703386784,0.283656060696,4.73260879517e-05
0.831683158875,0.0202020201832,0.273308634758,0.273143023252,0.000165611505508
0.841584146023,0.0202020201832,0.262151300907,0.261867165565,0.000284135341644
0.851485133171,0.0202020201832,0.250236451626,0.249836176634,0.000400274991989
0.861386120319,0.0202020201832,0.237573891878,0.237063318491,0.000510573387146
0.871287107468,0.0202020201832,0.224178373814,0.22356697917,0.000611394643784
0.881188154221,0.0202020201832,0.210070416331,0.209371209145,0.000699207186699
0.891089081764,0.0202020201832,0.195275962353,0.194505721331,0.00077024102211
0.900990128517,0.0202020201832,0.179826185107,0.179005593061,0.000820592045784
0.910891115665,0.0202020201832,0.163758516312,0.162911713123,0.000846803188324
0.920792102814,0.0202020201832,0.147115454078,0.146270781755,0.000844672322273
0.930693089962,0.0202020201832,0.129945367575,0.12913441658,0.000810950994492
0.94059407711,0.0202020201832,0.112301386893,0.111559249461,0.000742137432098
0.950495064259,0.0202020201832,0.0942413732409,0.0936069488525,0.000634424388409
0.960396051407,0.0202020201832,0.0758278742433,0.0753431096673,0.000484764575958
0.970297038555,0.0202020201832,0.0571267902851,0.056837245822,0.000289544463158
0.980198025703,0.0202020201832,0.0382072031498,0.0381617583334,4.54448163509e-05
0.990099012852,0.0202020201832,0.0191404614598,0.0193913690746,0.000250907614827
0.00990098994225,0.0303030312061,0.00632013985887,0.00592360086739,0.000396538991481
0.0198019798845,0.0303030312061,0.0126402787864,0.0119551382959,0.000685140490532
0.0297029688954,0.0303030312061,0.0189604125917,0.0180333703756,0.000927042216063
0.039603959769,0.0303030312061,0.0252805240452,0.0241523906589,0.00112813338637
0.0495049506426,0.0303030312061,0.0316005982459,0.0303070023656,0.00129359588027
0.0594059377909,0.0303030312061,0.0379205830395,0.0364922434092,0.00142833963037
0.0693069323897,0.0303030312061,0.0442404262722,0.0427032411098,0.00153718516231
0.079207919538,0.0303030312061,0.0505600348115,0.0489358529449,0.00162418186665
0.0891089066863,0.0303030312061,0.0568792931736,0.0551864877343,0.00169280543923
0.0990099012852,0.0303030312061,0.0631980746984,0.0614516437054,0.00174643099308
0.108910888433,0.0303030312061,0.0695161744952,0.0677282810211,0.0017878934741
0.118811875582,0.0303030312061,0.0758333653212,0.0740136355162,0.00181972980499
0.12871286273,0.0303030312061,0.0821493715048,0.0803059563041,0.00184341520071
0.138613864779,0.0303030312061,0.0884638875723,0.0866029113531,0.00186097621918
0.148514851928,0.0303030312061,0.0947764888406,0.0929028242826,0.00187366455793
0.158415839076,0.0303030312061,0.101086743176,0.0992047488689,0.00188199430704
0.168316826224,0.0303030312061,0.107394136488,0.105507045984,0.00188709050417
0.178217813373,0.0303030312061,0.113698035479,0.111809007823,0.00188902765512
0.188118815422,0.0303030312061,0.119997814298,0.118109352887,0.001888461411
0.19801980257,0.0303030312061,0.126292660832,0.124407269061,0.00188539177179
0.207920789719,0.0303030312061,0.132581710815,0.130701869726,0.00187984108925
0.217821776867,0.0303030312061,0.138863995671,0.136992007494,0.0018719881773
0.227722764015,0.0303030312061,0.145138397813,0.143276751041,0.00186164677143
0.237623751163,0.0303030312061,0.151403725147,0.149554818869,0.00184890627861
0.247524753213,0.0303030312061,0.157658606768,0.15582498908,0.00183361768723
0.25742572546,0.0303030312061,0.163901552558,0.162085920572,0.00181563198566
0.267326742411,0.0303030312061,0.170130938292,0.168336331844,0.00179460644722
0.277227729559,0.0303030312061,0.176344946027,0.17457434535,0.00177060067654
0.287128716707,0.0303030312061,0.182541549206,0.180799007416,0.00174254179001
0.297029703856,0.0303030312061,0.188718572259,0.187008172274,0.00171039998531
0.306930691004,0.0303030312061,0.194873645902,0.193200409412,0.0016732364893
0.316831678152,0.0303030312061,0.201004132628,0.199373424053,0.00163070857525
0.3267326653,0.0303030312061,0.207107260823,0.205525130033,0.00158213078976
0.336633652449,0.0303030312061,0.213179826736,0.211652994156,0.00152683258057
0.346534639597,0.0303030312061,0.219218567014,0.217754006386,0.00146456062794
0.356435626745,0.0303030312061,0.225219786167,0.223824769258,0.00139501690865
0.366336613894,0.0303030312061,0.231179565191,0.229861289263,0.0013182759285
0.376237630844,0.0303030312061,0.237093612552,0.235859066248,0.00123454630375
0.386138617992,0.0303030312061,0.242957293987,0.241813033819,0.00114426016808
0.396039605141,0.0303030312061,0.248765572906,0.247717559338,0.00104801356792
0.405940592289,0.0303030312061,0.254513144493,0.253566324711,0.000946819782257
0.415841579437,0.0303030312061,0.260194182396,0.259352624416,0.000841557979584
0.425742566586,0.0303030312061,0.265802502632,0.265069127083,0.000733375549316
0.435643553734,0.0303030312061,0.271331310272,0.270708084106,0.000623226165771
0.445544540882,0.0303030312061,0.276773422956,0.276261210442,0.000512212514877
0.45544552803,0.0303030312061,0.282121181488,0.281719833612,0.000401347875595
0.465346515179,0.0303030312061,0.287366271019,0.287074685097,0.000291585922241
0.475247502327,0.0303030312061,0.292499780655,0.292316317558,0.000183463096619
0.485148519278,0.0303030312061,0.297512382269,0.297434449196,7.79330730438e-05
0.495049506426,0.0303030312061,0.302393853664,0.302418529987,2.4676322937e-05
0.504950523376,0.0303030312061,0.307133495808,0.30725723505,0.000123739242554
0.51485145092,0.0303030312061,0.3117197752,0.311938494444,0.000218719244003
0.524752497673,0.0303030312061,0.316140562296,0.316450297832,0.000309735536575
0.534653484821,0.0303030312061,0.320382893085,0.320778936148,0.00039604306221
0.54455447197,0.0303030312061,0.324432998896,0.324910491705,0.000477492809296
0.554455459118,0.0303030312061,0.328276365995,0.328830182552,0.000553816556931
0.564356446266,0.0303030312061,0.331897646189,0.332522660494,0.000625014305115
0.574257433414,0.0303030312061,0.335280567408,0.335971325636,0.000690758228302
0.584158420563,0.0303030312061,0.338408172131,0.339158892632,0.000750720500946
0.594059407711,0.0303030312061,0.341262429953,0.342067688704,0.000805258750916
0.603960394859,0.0303030312061,0.343824654818,0.344678550959,0.000853896141052
0.613861382008,0.0303030312061,0.346075177193,0.346971929073,0.000896751880646
0.623762369156,0.0303030312061,0.347993433475,0.348927140236,0.000933706760406
0.633663415909,0.0303030312061,0.349558204412,0.350522875786,0.000964671373367
0.643564343452,0.0303030312061,0.35074737668,0.35173663497,0.000989258289337
0.653465390205,0.0303030312061,0.351538091898,0.352545648813,0.00100755691528
0.663366317749,0.0303030312061,0.351906985044,0.352925926447,0.00101894140244
0.673267364502,0.0303030312061,0.351829916239,0.352852731943,0.00102281570435
0.683168292046,0.0303030312061,0.351282447577,0.352300822735,0.00101837515831
0.693069338799,0.0303030312061,0.350239723921,0.351244479418,0.00100475549698
0.702970266342,0.0303030312061,0.348676592112,0.349657505751,0.000980913639069
0.712871313095,0.0303030312061,0.346568018198,0.347513705492,0.000945687294006
0.722772240639,0.0303030312061,0.343888968229,0.344787180424,0.000898212194443
0.732673287392,0.0303030312061,0.340614825487,0.341452121735,0.000837296247482
0.74257427454,0.0303030312061,0.336721718311,0.337483823299,0.000762104988098
0.752475261688,0.0303030312061,0.332186460495,0.332858681679,0.000672221183777
0.762376248837,0.0303030312061,0.326987117529,0.327554613352,0.000567495822906
0.772277235985,0.0303030312061,0.321103364229,0.321551382542,0.000448018312454
0.782178223133,0.0303030312061,0.314516574144,0.314831405878,0.000314831733704
0.792079210281,0.0303030312061,0.307210296392,0.307379484177,0.000169187784195
0.80198019743,0.0303030312061,0.2991707623,0.299183785915,1.30236148834e-05
0.811881184578,0.0303030312061,0.29038721323,0.290235877037,0.000151336193085
0.821782171726,0.0303030312061,0.280852138996,0.280531346798,0.000320792198181
0.831683158875,0.0303030312061,0.27056184411,0.27006983757,0.000492006540298
0.841584146023,0.0303030312061,0.259516626596,0.258855551481,0.000661075115204
0.851485133171,0.0303030312061,0.247721537948,0.246897727251,0.000823810696602
0.861386120319,0.0303030312061,0.235186249018,0.234210044146,0.000976204872131
0.871287107468,0.0303030312061,0.221925348043,0.220812290907,0.00111305713654
0.881188154221,0.0303030312061,0.207959190011,0.206728965044,0.001230224967
0.891089081764,0.0303030312061,0.193313419819,0.191990673542,0.00132274627686
0.900990128517,0.0303030312061,0.178018912673,0.176632940769,0.0013859719038
0.910891115665,0.0303030312061,0.162112727761,0.160697311163,0.00141541659832
0.920792102814,0.0303030312061,0.145636916161,0.144230425358,0.00140649080276
0.930693089962,0.0303030312061,0.128639385104,0.127284318209,0.00135506689548
0.94059407711,0.0303030312061,0.111172743142,0.109915621579,0.00125712156296
0.950495064259,0.0303030312061,0.0932942330837,0.0921854153275,0.00110881775618
0.960396051407,0.0303030312061,0.0750657990575,0.0741593688726,0.000906430184841
0.970297038555,0.0303030312061,0.0565526597202,0.0559060052037,0.000646654516459
0.980198025703,0.0303030312061,0.0378232188523,0.0374971590936,0.000326059758663
0.990099012852,0.0303030312061,0.018948096782,0.0190068334341,5.87366521358e-05
0.00990098994225,0.0404040403664,0.00625662133098,0.0057405680418,0.000516053289175
0.0198019798845,0.0404040403664,0.012513242662,0.0116492137313,0.000864028930664
0.0297029688954,0.0404040403664,0.0187698565423,0.0176086053252,0.00116125121713
0.039603959769,0.0404040403664,0.0250264499336,0.0236131958663,0.0014132540673
0.0495049506426,0.0404040403664,0.031283006072,0.0296573378146,0.00162566825747
0.0594059377909,0.0404040403664,0.0375394746661,0.0357360132039,0.00180346146226
0.0693069323897,0.0404040403664,0.0437958016992,0.0418445318937,0.00195126980543
0.079207919538,0.0404040403664,0.0500519014895,0.0479786321521,0.00207326933742
0.0891089066863,0.0404040403664,0.0563076473773,0.0541342645884,0.0021733827889
0.0990099012852,0.0404040403664,0.0625629201531,0.060307957232,0.00225496292114
0.108910888433,0.0404040403664,0.0688175261021,0.0664962977171,0.00232122838497
0.118811875582,0.0404040403664,0.0750712305307,0.0726968944073,0.00237433612347
0.12871286273,0.0404040403664,0.0813237577677,0.0789070576429,0.00241670012474
0.138613864779,0.0404040403664,0.0875748097897,0.0851247608662,0.00245004892349
0.148514851928,0.0404040403664,0.0938239619136,0.0913481190801,0.00247584283352
0.158415839076,0.0404040403664,0.100070804358,0.0975756123662,0.00249519199133
0.168316826224,0.0404040403664,0.10631480068,0.103805892169,0.00250890851021
0.178217813373,0.0404040403664,0.112555354834,0.110037781298,0.00251757353544
0.188118815422,0.0404040403664,0.118791818619,0.116270087659,0.00252173095942
0.19801980257,0.0404040403664,0.125023409724,0.122501887381,0.00252152234316
0.207920789719,0.0404040403664,0.131249248981,0.128732144833,0.00251710414886
0.217821776867,0.0404040403664,0.137468397617,0.134959846735,0.00250855088234
0.227722764015,0.0404040403664,0.143679723144,0.141183823347,0.00249589979649
0.237623751163,0.0404040403664,0.149882093072,0.147402822971,0.00247927010059
0.247524753213,0.0404040403664,0.156074106693,0.153615683317,0.00245842337608
0.25742572546,0.0404040403664,0.162254303694,0.159820944071,0.00243335962296
0.267326742411,0.0404040403664,0.16842110455,0.166017264128,0.00240384042263
0.277227729559,0.0404040403664,0.174572646618,0.172203242779,0.00236940383911
0.287128716707,0.0404040403664,0.180706977844,0.178376942873,0.00233003497124
0.297029703856,0.0404040403664,0.18682192266,0.184537053108,0.00228486955166
0.306930691004,0.0404040403664,0.192915126681,0.19068172574,0.0022334009409
0.316831678152,0.0404040403664,0.198983997107,0.196808874607,0.00217512249947
0.3267326653,0.0404040403664,0.205025792122,0.202916204929,0.00210958719254
0.336633652449,0.0404040403664,0.211037322879,0.209001213312,0.00203610956669
0.346534639597,0.0404040403664,0.217015385628,0.215061098337,0.00195428729057
0.356435626745,0.0404040403664,0.222956269979,0.221092313528,0.00186395645142
0.366336613894,0.0404040403664,0.228856161237,0.227090984583,0.00176517665386
0.376237630844,0.0404040403664,0.234710767865,0.233052253723,0.00165851414204
0.386138617992,0.0404040403664,0.240515515208,0.238971531391,0.0015439838171
0.396039605141,0.0404040403664,0.246265426278,0.244842737913,0.00142268836498
0.405940592289,0.0404040403664,0.251955240965,0.250659674406,0.00129556655884
0.415841579437,0.0404040403664,0.25757920742,0.256415635347,0.00116357207298
0.425742566586,0.0404040403664,0.263131141663,0.262103170156,0.00102797150612
0.435643553734,0.0404040403664,0.268604367971,0.267714321613,0.000890046358109
0.445544540882,0.0404040403664,0.273991823196,0.273241102695,0.000750720500946
0.45544552803,0.0404040403664,0.279285788536,0.278674453497,0.000611335039139
0.465346515179,0.0404040403664,0.284478157759,0.284005105495,0.00047305226326
0.475247502327,0.0404040403664,0.289560109377,0.289223641157,0.000336468219757
0.485148519278,0.0404040403664,0.294522285461,0.294319719076,0.000202566385269
0.495049506426,0.0404040403664,0.299354761839,0.299282729626,7.20322132111e-05
0.504950523376,0.0404040403664,0.304046750069,0.304101526737,5.47766685486e-05
0.51485145092,0.0404040403664,0.308586895466,0.308764100075,0.000177204608917
0.524752497673,0.0404040403664,0.312963306904,0.313257992268,0.00029468536377
0.534653484821,0.0404040403664,0.31716299057,0.317569673061,0.000406682491302
0.54455447197,0.0404040403664,0.321172386408,0.321685791016,0.000513404607773
0.554455459118,0.0404040403664,0.324977129698,0.325591146946,0.000614017248154
0.564356446266,0.0404040403664,0.328561991453,0.32927018404,0.000708192586899
0.574257433414,0.0404040403664,0.331910938025,0.332706689835,0.000795751810074
0.584158420563,0.0404040403664,0.3350071311,0.335883170366,0.000876039266586
0.594059407711,0.0404040403664,0.337832719088,0.338782042265,0.000949323177338
0.603960394859,0.0404040403664,0.340369194746,0.34138405323,0.00101485848427
0.613861382008,0.0404040403664,0.342597067356,0.343669623137,0.00107255578041
0.623762369156,0.0404040403664,0.344496011734,0.345617949963,0.00112193822861
0.633663415909,0.0404040403664,0.346045076847,0.347207486629,0.00116240978241
0.643564343452,0.0404040403664,0.347222298384,0.348416030407,0.00119373202324
0.653465390205,0.0404040403664,0.348005056381,0.349220454693,0.00121539831161
0.663366317749,0.0404040403664,0.34837025404,0.349596381187,0.00122612714767
0.673267364502,0.0404040403664,0.348293989897,0.349519461393,0.00122547149658
0.683168292046,0.0404040403664,0.347752034664,0.348964333534,0.00121229887009
0.693069338799,0.0404040403664,0.346719771624,0.347905129194,0.00118535757065
0.702970266342,0.0404040403664,0.345172345638,0.346316039562,0.00114369392395
0.712871313095,0.0404040403664,0.343084931374,0.34417077899,0.0010858476162
0.722772240639,0.0404040403664,0.340432822704,0.341443657875,0.00101083517075
0.732673287392,0.0404040403664,0.337191581726,0.338109463453,0.000917881727219
0.74257427454,0.0404040403664,0.333337605,0.334143728018,0.000806123018265
0.752475261688,0.0404040403664,0.328847944736,0.329523444176,0.00067549943924
0.762376248837,0.0404040403664,0.323700845242,0.32422721386,0.000526368618011
0.772277235985,0.0404040403664,0.317876219749,0.31823554635,0.000359326601028
0.782178223133,0.0404040403664,0.311355620623,0.311531603336,0.000175982713699
0.792079210281,0.0404040403664,0.304122775793,0.304101169109,2.16066837311e-05
0.80198019743,0.0404040403664,0.296164035797,0.295933514833,0.000230520963669
0.811881184578,0.0404040403664,0.287468791008,0.287021040916,0.000447750091553
0.821782171726,0.0404040403664,0.27802953124,0.277360528708,0.000669002532959
0.831683158875,0.0404040403664,0.267842650414,0.266952544451,0.000890105962753
0.841584146023,0.0404040403664,0.25690844655,0.255802482367,0.00110596418381
0.851485133171,0.0404040403664,0.24523191154,0.243920266628,0.00131164491177
0.861386120319,0.0404040403664,0.232822597027,0.231321036816,0.00150156021118
0.871287107468,0.0404040403664,0.219694957137,0.218025058508,0.00166989862919
0.881188154221,0.0404040403664,0.205869153142,0.204057633877,0.00181151926517
0.891089081764,0.0404040403664,0.19137057662,0.189450144768,0.00192043185234
0.900990128517,0.0404040403664,0.176229789853,0.174238562584,0.00199122726917
0.910891115665,0.0404040403664,0.160483464599,0.1584649086,0.0020185559988
0.920792102814,0.0404040403664,0.144173249602,0.142176240683,0.00199700891972
0.930693089962,0.0404040403664,0.127346545458,0.125424206257,0.00192233920097
0.94059407711,0.0404040403664,0.110055439174,0.108265705407,0.00178973376751
0.950495064259,0.0404040403664,0.0923566147685,0.0907615125179,0.00159510225058
0.960396051407,0.0404040403664,0.0743113681674,0.0729765743017,0.00133479386568
0.970297038555,0.0404040403664,0.0559842959046,0.0549792051315,0.00100509077311
0.980198025703,0.0404040403664,0.0374430902302,0.0368404015899,0.000602688640356
0.990099012852,0.0404040403664,0.0187576636672,0.0186334811151,0.000124182552099
0.00990098994225,0.0505050495267,0.00619374122471,0.00556664541364,0.000627095811069
0.0198019798845,0.0505050495267,0.0123874815181,0.0113521050662,0.00103537645191
0.0297029688954,0.0505050495267,0.0185812171549,0.0171925760806,0.0013886410743
0.039603959769,0.0505050495267,0.0247749313712,0.0230821445584,0.00169278681278
0.0495049506426,0.0505050495267,0.030968606472,0.02901571244,0.001952894032
0.0594059377909,0.0505050495267,0.0371621958911,0.0349879302084,0.0021742656827
0.0693069323897,0.0505050495267,0.0433556511998,0.0409937798977,0.00236187130213
0.079207919538,0.0505050495267,0.0495488680899,0.0470289885998,0.00251987949014
0.0891089066863,0.0505050495267,0.0557417422533,0.0530897006392,0.00265204161406
0.0990099012852,0.0505050495267,0.0619341507554,0.0591719970107,0.0027621537447
0.108910888433,0.0505050495267,0.0681258961558,0.0652725324035,0.00285336375237
0.118811875582,0.0505050495267,0.0743167474866,0.0713882446289,0.00292850285769
0.12871286273,0.0505050495267,0.0805064365268,0.0775167122483,0.00298972427845
0.138613864779,0.0505050495267,0.0866946652532,0.0836555734277,0.00303909182549
0.148514851928,0.0505050495267,0.0928810164332,0.0898026823997,0.00307833403349
0.158415839076,0.0505050495267,0.0990650728345,0.0959563329816,0.00310873985291
0.168316826224,0.0505050495267,0.105246320367,0.102115139365,0.00313118100166
0.178217813373,0.0505050495267,0.111424148083,0.108277522027,0.00314662605524
0.188118815422,0.0505050495267,0.117597937584,0.114442400634,0.00315553694963
0.19801980257,0.0505050495267,0.123766891658,0.120608620346,0.00315827131271
0.207920789719,0.0505050495267,0.12993016839,0.126775026321,0.00315514206886
0.217821776867,0.0505050495267,0.136086806655,0.132940560579,0.00314624607563
0.227722764015,0.0505050495267,0.142235726118,0.139104068279,0.00313165783882
0.237623751163,0.0505050495267,0.148375749588,0.145264416933,0.00311133265495
0.247524753213,0.0505050495267,0.15450553596,0.151420116425,0.00308541953564
0.25742572546,0.0505050495267,0.160623639822,0.157569825649,0.00305381417274
0.267326742411,0.0505050495267,0.166728436947,0.16371229291,0.00301614403725
0.277227729559,0.0505050495267,0.172818168998,0.169845730066,0.00297243893147
0.287128716707,0.0505050495267,0.178890839219,0.175968796015,0.00292204320431
0.297029703856,0.0505050495267,0.184944316745,0.182079553604,0.00286476314068
0.306930691004,0.0505050495267,0.190976306796,0.188176393509,0.00279991328716
0.316831678152,0.0505050495267,0.196984186769,0.194257229567,0.00272695720196
0.3267326653,0.0505050495267,0.202965244651,0.200319796801,0.00264544785023
0.336633652449,0.0505050495267,0.2089163661,0.206361621618,0.00255474448204
0.346534639597,0.0505050495267,0.214834332466,0.212379574776,0.00245475769043
0.356435626745,0.0505050495267,0.220715522766,0.218370497227,0.0023450255394
0.366336613894,0.0505050495267,0.226556137204,0.224330216646,0.00222592055798
0.376237630844,0.0505050495267,0.232351869345,0.230254352093,0.00209751725197
0.386138617992,0.0505050495267,0.238098308444,0.236137747765,0.00196056067944
0.396039605141,0.0505050495267,0.243790432811,0.241974651814,0.00181578099728
0.405940592289,0.0505050495267,0.249423056841,0.247758954763,0.00166410207748
0.415841579437,0.0505050495267,0.254990458488,0.253483474255,0.00150698423386
0.425742566586,0.0505050495267,0.260486632586,0.259140878916,0.00134575366974
0.435643553734,0.0505050495267,0.26590487361,0.264723271132,0.00118160247803
0.445544540882,0.0505050495267,0.271238148212,0.270222365856,0.00101578235626
0.45544552803,0.0505050495267,0.276478916407,0.275629401207,0.000849515199661
0.465346515179,0.0505050495267,0.281619101763,0.280934751034,0.000684350728989
0.475247502327,0.0505050495267,0.2866499722,0.286129146814,0.000520825386047
0.485148519278,0.0505050495267,0.291562318802,0.291202068329,0.000360250473022
0.495049506426,0.0505050495267,0.296346187592,0.296142816544,0.000203371047974
0.504950523376,0.0505050495267,0.300991028547,0.300940454006,5.05745410919e-05
0.51485145092,0.0505050495267,0.305485576391,0.305582880974,9.73045825958e-05
0.524752497673,0.0505050495267,0.309817969799,0.310057461262,0.000239491462708
0.534653484821,0.0505050495267,0.313975423574,0.314351320267,0.000375896692276
0.54455447197,0.0505050495267,0.317944526672,0.318450331688,0.000505805015564
0.554455459118,0.0505050495267,0.321711063385,0.322339743376,0.000628679990768
0.564356446266,0.0505050495267,0.325259894133,0.326003879309,0.000743985176086
0.574257433414,0.0505050495267,0.328575193882,0.329426527023,0.000851333141327
0.584158420563,0.0505050495267,0.33164024353,0.332590430975,0.000950187444687
0.594059407711,0.0505050495267,0.334437429905,0.335477471352,0.00104004144669
0.603960394859,0.0505050495267,0.336948394775,0.338068693876,0.00112029910088
0.613861382008,0.0505050495267,0.339153885841,0.340344250202,0.00119036436081
0.623762369156,0.0505050495267,0.341033786535,0.342283546925,0.00124976038933
0.633663415909,0.0505050495267,0.342567235231,0.343864947557,0.00129771232605
0.643564343452,0.0505050495267,0.343732625246,0.345065772533,0.00133314728737
0.653465390205,0.0505050495267,0.344507575035,0.345863163471,0.00135558843613
0.663366317749,0.0505050495267,0.344869077206,0.346232503653,0.00136342644691
0.673267364502,0.0505050495267,0.344793558121,0.346149712801,0.00135615468025
0.683168292046,0.0505050495267,0.344257056713,0.345589101315,0.00133204460144
0.693069338799,0.0505050495267,0.343235164881,0.344525068998,0.00128990411758
0.702970266342,0.0505050495267,0.341703295708,0.34293153882,0.00122824311256
0.712871313095,0.0505050495267,0.33963689208,0.340782910585,0.0011460185051
0.722772240639,0.0505050495267,0.337011426687,0.338053494692,0.00104206800461
0.732673287392,0.0505050495267,0.333802759647,0.334718614817,0.000915855169296
0.74257427454,0.0505050495267,0.32998752594,0.330754250288,0.000766724348068
0.752475261688,0.0505050495267,0.325542986393,0.326137840748,0.000594854354858
0.762376248837,0.0505050495267,0.320447593927,0.320848822594,0.000401228666306
0.772277235985,0.0505050495267,0.314681500196,0.314868420362,0.000186920166016
0.782178223133,0.0505050495267,0.308226436377,0.308180809021,4.56273555756e-05
0.792079210281,0.0505050495267,0.301066309214,0.300772577524,0.000293731689453
0.80198019743,0.0505050495267,0.293187558651,0.292633712292,0.000553846359253
0.811881184578,0.0505050495267,0.284579664469,0.28375813365,0.000821530818939
0.821782171726,0.0505050495267,0.275235295296,0.274143457413,0.001091837883
0.831683158875,0.0505050495267,0.265150785446,0.263791114092,0.00135967135429
0.841584146023,0.0505050495267,0.254326492548,0.252707600594,0.00161889195442
0.851485133171,0.0505050495267,0.24276727438,0.240904092789,0.00186318159103
0.861386120319,0.0505050495267,0.230482682586,0.228396266699,0.00208641588688
0.871287107468,0.0505050495267,0.217486992478,0.215205252171,0.00228174030781
0.881188154221,0.0505050495267,0.203800141811,0.201357424259,0.00244271755219
0.891089081764,0.0505050495267,0.189447283745,0.186884373426,0.00256291031837
0.900990128517,0.0505050495267,0.174458652735,0.171822696924,0.00263595581055
0.910891115665,0.0505050495267,0.158870577812,0.156214863062,0.00265571475029
0.920792102814,0.0505050495267,0.14272429049,0.140107959509,0.00261633098125
0.930693089962,0.0505050495267,0.126066699624,0.123553805053,0.00251289457083
0.94059407711,0.0505050495267,0.108949363232,0.106609165668,0.00234019756317
0.950495064259,0.0505050495267,0.0914284139872,0.0893346071243,0.00209380686283
0.960396051407,0.0505050495267,0.0735645294189,0.0717944651842,0.00177006423473
0.970297038555,0.0505050495267,0.0554216466844,0.0540564581752,0.00136518850923
0.980198025703,0.0505050495267,0.0370667800307,0.0361908860505,0.000875893980265
0.990099012852,0.0505050495267,0.0185691472143,0.018270291388,0.000298855826259
0.00990098994225,0.0606060624123,0.00613149348646,0.00540111772716,0.000730375759304
0.0198019798845,0.0606060624123,0.0122629860416,0.0110630020499,0.00119998399168
0.0297029688954,0.0606060624123,0.0183944739401,0.0167841389775,0.00161033496261
0.039603959769,0.0606060624123,0.0245259404182,0.0225586295128,0.00196731090546
0.0495049506426,0.0606060624123,0.0306573677808,0.0283812247217,0.00227614305913
0.0594059377909,0.0606060624123,0.036788713187,0.0342464447021,0.00254226848483
0.0693069323897,0.0606060624123,0.0429199188948,0.0401496812701,0.00277023762465
0.079207919538,0.0606060624123,0.0490508936346,0.0460862517357,0.00296464189887
0.0891089066863,0.0606060624123,0.0551815368235,0.0520519912243,0.00312954559922
0.0990099012852,0.0606060624123,0.0613117069006,0.0580429136753,0.00326879322529
0.108910888433,0.0606060624123,0.0674412250519,0.0640557035804,0.0033855214715
0.118811875582,0.0606060624123,0.0735698565841,0.0700869783759,0.00348287820816
0.12871286273,0.0606060624123,0.0796973332763,0.0761341527104,0.00356318056583
0.138613864779,0.0606060624123,0.0858233720064,0.0821944326162,0.00362893939018
0.148514851928,0.0606060624123,0.0919475480914,0.0882657915354,0.00368175655603
0.158415839076,0.0606060624123,0.0980694517493,0.0943461880088,0.00372326374054
0.168316826224,0.0606060624123,0.104188583791,0.100433938205,0.00375464558601
0.178217813373,0.0606060624123,0.110304325819,0.106527537107,0.00377678871155
0.188118815422,0.0606060624123,0.116416066885,0.11262563616,0.00379043072462
0.19801980257,0.0606060624123,0.122523024678,0.11872690171,0.0037961229682
0.207920789719,0.0606060624123,0.128624349833,0.124830104411,0.00379424542189
0.217821776867,0.0606060624123,0.134719118476,0.13093405962,0.00378505885601
0.227722764015,0.0606060624123,0.140806242824,0.137037754059,0.00376848876476
0.237623751163,0.0606060624123,0.146884560585,0.143139719963,0.00374484062195
0.247524753213,0.0606060624123,0.152952730656,0.14923864603,0.00371408462524
0.25742572546,0.0606060624123,0.159009337425,0.155333131552,0.00367620587349
0.267326742411,0.0606060624123,0.165052801371,0.161421895027,0.00363090634346
0.277227729559,0.0606060624123,0.171081319451,0.16750317812,0.00357814133167
0.287128716707,0.0606060624123,0.177092969418,0.173575311899,0.00351765751839
0.297029703856,0.0606060624123,0.183085605502,0.179636776447,0.00344882905483
0.306930691004,0.0606060624123,0.18905697763,0.185685694218,0.00337128341198
0.316831678152,0.0606060624123,0.195004463196,0.191719979048,0.00328448414803
0.3267326653,0.0606060624123,0.200925424695,0.197737365961,0.00318805873394
0.336633652449,0.0606060624123,0.206816732883,0.203735232353,0.00308150053024
0.346534639597,0.0606060624123,0.212675228715,0.209710925817,0.00296430289745
0.356435626745,0.0606060624123,0.218497306108,0.215660810471,0.00283649563789
0.366336613894,0.0606060624123,0.22427919507,0.221581041813,0.00269815325737
0.376237630844,0.0606060624123,0.230016723275,0.227467030287,0.0025496929884
0.386138617992,0.0606060624123,0.23570536077,0.233313709497,0.00239165127277
0.396039605141,0.0606060624123,0.24134029448,0.239115417004,0.00222487747669
0.405940592289,0.0606060624123,0.2469163239,0.244865685701,0.00205063819885
0.415841579437,0.0606060624123,0.252427786589,0.250557720661,0.00187006592751
0.425742566586,0.0606060624123,0.257868677378,0.256183892488,0.00168478488922
0.435643553734,0.0606060624123,0.263232499361,0.261736363173,0.00149613618851
0.445544540882,0.0606060624123,0.268512159586,0.267206758261,0.00130540132523
0.45544552803,0.0606060624123,0.273700267076,0.272586077452,0.00111418962479
0.465346515179,0.0606060624123,0.278788805008,0.277864873409,0.000923931598663
0.475247502327,0.0606060624123,0.283769130707,0.2830337286,0.000735402107239
0.485148519278,0.0606060624123,0.28863209486,0.288082182407,0.000549912452698
0.495049506426,0.0606060624123,0.293367862701,0.292999655008,0.0003682076931
0.504950523376,0.0606060624123,0.29796603322,0.297774702311,0.000191330909729
0.51485145092,0.0606060624123,0.302415400743,0.302395641804,1.9758939743e-05
0.524752497673,0.0606060624123,0.306704282761,0.306849807501,0.000145524740219
0.534653484821,0.0606060624123,0.31081995368,0.311124145985,0.000304192304611
0.54455447197,0.0606060624123,0.314749151468,0.315204560757,0.000455409288406
0.554455459118,0.0606060624123,0.318477809429,0.319076448679,0.000598639249802
0.564356446266,0.0606060624123,0.321991026402,0.32272413373,0.000733107328415
0.574257433414,0.0606060624123,0.325272977352,0.326131075621,0.000858098268509
0.584158420563,0.0606060624123,0.328307211399,0.329280465841,0.000973254442215
0.594059407711,0.0606060624123,0.331076294184,0.33215379715,0.00107750296593
0.603960394859,0.0606060624123,0.333562046289,0.334732234478,0.00117018818855
0.613861382008,0.0606060624123,0.335745364428,0.336995959282,0.00125059485435
0.623762369156,0.0606060624123,0.337606370449,0.338924020529,0.00131765007973
0.633663415909,0.0606060624123,0.339124411345,0.340494692326,0.00137028098106
0.643564343452,0.0606060624123,0.340278059244,0.34168574214,0.00140768289566
0.653465390205,0.0606060624123,0.341045200825,0.342473596334,0.00142839550972
0.663366317749,0.0606060624123,0.341403096914,0.34283426404,0.0014311671257
0.673267364502,0.0606060624123,0.34132835269,0.34274315834,0.00141480565071
0.683168292046,0.0606060624123,0.3407972157,0.342174530029,0.00137731432915
0.693069338799,0.0606060624123,0.339785605669,0.341103255749,0.00131765007973
0.702970266342,0.0606060624123,0.338269144297,0.339503496885,0.00123435258865
0.712871313095,0.0606060624123,0.336223483086,0.33734947443,0.00112599134445
0.722772240639,0.0606060624123,0.33362442255,0.334616035223,0.000991612672806
0.732673287392,0.0606060624123,0.330448001623,0.331278920174,0.000830918550491
0.74257427454,0.0606060624123,0.326671123505,0.32731461525,0.000643491744995
0.752475261688,0.0606060624123,0.322271227837,0.322701215744,0.00042998790741
0.762376248837,0.0606060624123,0.317227065563,0.317418813705,0.000191748142242
0.772277235985,0.0606060624123,0.311518907547,0.311449587345,6.93202018738e-05
0.782178223133,0.0606060624123,0.305128723383,0.304778456688,0.000350266695023
0.792079210281,0.0606060624123,0.298040539026,0.297392874956,0.000647664070129
0.80198019743,0.0606060624123,0.290240973234,0.289284259081,0.00095671415329
0.811881184578,0.0606060624123,0.281719595194,0.280446976423,0.0012726187706
0.821782171726,0.0606060624123,0.272469162941,0.270879685879,0.00158947706223
0.831683158875,0.0606060624123,0.262485980988,0.260585278273,0.00190070271492
0.841584146023,0.0606060624123,0.251770466566,0.249571084976,0.00219938158989
0.851485133171,0.0606060624123,0.240327432752,0.237848848104,0.00247858464718
0.861386120319,0.0606060624123,0.228166297078,0.225435435772,0.00273086130619
0.871287107468,0.0606060624123,0.215301215649,0.212352842093,0.00294837355614
0.881188154221,0.0606060624123,0.201751917601,0.198627859354,0.00312405824661
0.891089081764,0.0606060624123,0.187543317676,0.184292942286,0.00325037539005
0.900990128517,0.0606060624123,0.172705307603,0.169385135174,0.00332017242908
0.910891115665,0.0606060624123,0.157273903489,0.153946787119,0.0033271163702
0.920792102814,0.0606060624123,0.141289889812,0.138025403023,0.0032644867897
0.930693089962,0.0606060624123,0.124799706042,0.121672920883,0.00312678515911
0.94059407711,0.0606060624123,0.107854403555,0.1049458161,0.00290858745575
0.950495064259,0.0606060624123,0.0905095413327,0.0879042893648,0.00260525196791
0.960396051407,0.0606060624123,0.0728251934052,0.070612385869,0.00221280753613
0.970297038555,0.0606060624123,0.0548646487296,0.0531371533871,0.00172749534249
0.980198025703,0.0606060624123,0.0366942547262,0.0355480052531,0.00114624947309
0.990099012852,0.0606060624123,0.0183825250715,0.0179163850844,0.000466139987111
0.00990098994225,0.0707070678473,0.00606987113133,0.0052430126816,0.000826858449727
0.0198019798845,0.0707070678473,0.0121397413313,0.010781025514,0.00135871581733
0.0297029688954,0.0707070678473,0.0182096064091,0.0163825191557,0.00182708725333
0.039603959769,0.0707070678473,0.0242794509977,0.0220416821539,0.00223776884377
0.0495049506426,0.0707070678473,0.0303492564708,0.0277530364692,0.00259622000158
0.0594059377909,0.0707070678473,0.0364189781249,0.0335112400353,0.00290773808956
0.0693069323897,0.0707070678473,0.0424885675311,0.0393114797771,0.00317708775401
0.079207919538,0.0707070678473,0.0485579296947,0.0451492071152,0.00340872257948
0.0891089066863,0.0707070678473,0.0546269491315,0.0510199218988,0.00360702723265
0.0990099012852,0.0707070678473,0.0606955140829,0.0569196715951,0.00377584248781
0.108910888433,0.0707070678473,0.0667634233832,0.0628448650241,0.00391855835915
0.118811875582,0.0707070678473,0.0728304684162,0.0687919259071,0.00403854250908
0.12871286273,0.0707070678473,0.0788963735104,0.0747581198812,0.00413825362921
0.138613864779,0.0707070678473,0.0849608331919,0.0807404443622,0.00422038882971
0.148514851928,0.0707070678473,0.0910234674811,0.0867365524173,0.00428691506386
0.158415839076,0.0707070678473,0.0970838442445,0.0927443429828,0.00433950126171
0.168316826224,0.0707070678473,0.103141471744,0.0987619459629,0.00437952578068
0.178217813373,0.0707070678473,0.109195746481,0.104787260294,0.00440848618746
0.188118815422,0.0707070678473,0.11524605751,0.110819242895,0.00442681461573
0.19801980257,0.0707070678473,0.121291644871,0.116856329143,0.00443531572819
0.207920789719,0.0707070678473,0.127331659198,0.122897140682,0.00443451851606
0.217821776867,0.0707070678473,0.133365169168,0.128940314054,0.00442485511303
0.227722764015,0.0707070678473,0.139391109347,0.134984612465,0.00440649688244
0.237623751163,0.0707070678473,0.145408347249,0.141028851271,0.00437949597836
0.247524753213,0.0707070678473,0.151415541768,0.14707159996,0.00434394180775
0.25742572546,0.0707070678473,0.157411262393,0.153111338615,0.00429992377758
0.267326742411,0.0707070678473,0.163393989205,0.159146755934,0.0042472332716
0.277227729559,0.0707070678473,0.169361919165,0.165176033974,0.00418588519096
0.287128716707,0.0707070678473,0.175313159823,0.171197742224,0.00411541759968
0.297029703856,0.0707070678473,0.181245580316,0.177209854126,0.00403572618961
0.306930691004,0.0707070678473,0.187156915665,0.183210730553,0.003946185112
0.316831678152,0.0707070678473,0.193044632673,0.189198285341,0.003846347332
0.3267326653,0.0707070678473,0.198906078935,0.19517031312,0.00373576581478
0.336633652449,0.0707070678473,0.204738199711,0.20112413168,0.00361406803131
0.346534639597,0.0707070678473,0.210537806153,0.207056879997,0.00348092615604
0.356435626745,0.0707070678473,0.216301366687,0.212965071201,0.0033362954855
0.366336613894,0.0707070678473,0.222025156021,0.218844920397,0.00318023562431
0.376237630844,0.0707070678473,0.227705001831,0.224691957235,0.00301304459572
0.386138617992,0.0707070678473,0.233336508274,0.230501115322,0.00283539295197
0.396039605141,0.0707070678473,0.238914787769,0.236266374588,0.0026484131813
0.405940592289,0.0707070678473,0.244434788823,0.241981625557,0.00245316326618
0.415841579437,0.0707070678473,0.249890848994,0.247640013695,0.00225083529949
0.425742566586,0.0707070678473,0.255277067423,0.253233671188,0.00204339623451
0.435643553734,0.0707070678473,0.260586977005,0.258755087852,0.00183188915253
0.445544540882,0.0707070678473,0.265813589096,0.264195263386,0.0016183257103
0.45544552803,0.0707070678473,0.270949572325,0.269545704126,0.00140386819839
0.465346515179,0.0707070678473,0.275986939669,0.274796754122,0.00119018554688
0.475247502327,0.0707070678473,0.280917197466,0.279938817024,0.000978380441666
0.485148519278,0.0707070678473,0.285731256008,0.284961551428,0.000769704580307
0.495049506426,0.0707070678473,0.290419459343,0.289854228497,0.000565230846405
0.504950523376,0.0707070678473,0.29497140646,0.294605493546,0.000365912914276
0.51485145092,0.0707070678473,0.299376070499,0.299203425646,0.000172644853592
0.524752497673,0.0707070678473,0.303621828556,0.303635716438,1.38878822327e-05
0.534653484821,0.0707070678473,0.307696163654,0.307888954878,0.000192791223526
0.54455447197,0.0707070678473,0.311585903168,0.311949312687,0.000363409519196
0.554455459118,0.0707070678473,0.315277069807,0.315801799297,0.00052472949028
0.564356446266,0.0707070678473,0.318754941225,0.319431275129,0.000676333904266
0.574257433414,0.0707070678473,0.322003930807,0.322820961475,0.000817030668259
0.584158420563,0.0707070678473,0.325007677078,0.325953722,0.000946044921875
0.594059407711,0.0707070678473,0.327748954296,0.328811466694,0.00106251239777
0.603960394859,0.0707070678473,0.330209702253,0.331374913454,0.00116521120071
0.613861382008,0.0707070678473,0.33237105608,0.333624362946,0.00125330686569
0.623762369156,0.0707070678473,0.334213346243,0.33553904295,0.00132569670677
0.633663415909,0.0707070678473,0.335716158152,0.337096869946,0.0013807117939
0.643564343452,0.0707070678473,0.336858212948,0.338275462389,0.00141724944115
0.653465390205,0.0707070678473,0.337617635727,0.339051574469,0.00143393874168
0.663366317749,0.0707070678473,0.337971955538,0.339400947094,0.00142899155617
0.673267364502,0.0707070678473,0.337897926569,0.339298903942,0.00140097737312
0.683168292046,0.0707070678473,0.337372153997,0.338720232248,0.00134807825089
0.693069338799,0.0707070678473,0.336370706558,0.337639421225,0.00126871466637
0.702970266342,0.0707070678473,0.334869503975,0.336031138897,0.00116163492203
0.712871313095,0.0707070678473,0.332844376564,0.333869725466,0.00102534890175
0.722772240639,0.0707070678473,0.330271452665,0.331130594015,0.000859141349792
0.732673287392,0.0707070678473,0.327126950026,0.327789604664,0.00066265463829
0.74257427454,0.0707070678473,0.323388010263,0.323824197054,0.000436186790466
0.752475261688,0.0707070678473,0.319032341242,0.319212913513,0.000180572271347
0.762376248837,0.0707070678473,0.314038872719,0.31393674016,0.000102132558823
0.772277235985,0.0707070678473,0.308388084173,0.307978600264,0.000409483909607
0.782178223133,0.0707070678473,0.302062124014,0.301324218512,0.000737905502319
0.792079210281,0.0707070678473,0.295045167208,0.293962270021,0.00108289718628
0.80198019743,0.0707070678473,0.287324011326,0.285884559155,0.00143945217133
0.811881184578,0.0707070678473,0.278888255358,0.277087032795,0.00180122256279
0.821782171726,0.0707070678473,0.269730806351,0.267569303513,0.00216150283813
0.831683158875,0.0707070678473,0.259847968817,0.257335066795,0.00251290202141
0.841584146023,0.0707070678473,0.249240130186,0.246392577887,0.0028475522995
0.851485133171,0.0707070678473,0.237912118435,0.23475459218,0.00315752625465
0.861386120319,0.0707070678473,0.225873187184,0.222438901663,0.00343428552151
0.871287107468,0.0707070678473,0.213137403131,0.209467947483,0.00366945564747
0.881188154221,0.0707070678473,0.199724286795,0.195869415998,0.0038548707962
0.891089081764,0.0707070678473,0.185658469796,0.181676089764,0.00398238003254
0.900990128517,0.0707070678473,0.170969605446,0.166925609112,0.00404399633408
0.910891115665,0.0707070678473,0.155693277717,0.151660561562,0.00403271615505
0.920792102814,0.0707070678473,0.139869898558,0.135928481817,0.00394141674042
0.930693089962,0.0707070678473,0.123545445502,0.119781278074,0.00376416742802
0.94059407711,0.0707070678473,0.106770455837,0.103275261819,0.00349519401789
0.950495064259,0.0707070678473,0.0895999148488,0.0864703208208,0.003129594028
0.960396051407,0.0707070678473,0.0720932930708,0.0694298818707,0.00266341120005
0.970297038555,0.0707070678473,0.054313249886,0.0522204041481,0.00209284573793
0.980198025703,0.0707070678473,0.0363254696131,0.0349107533693,0.00141471624374
0.990099012852,0.0707070678473,0.0181977786124,0.0175713412464,0.000626437366009
0.00990098994225,0.0808080807328,0.00600886670873,0.00509153865278,0.000917328055948
0.0198019798845,0.0808080807328,0.0120177343488,0.010505374521,0.00151235982776
0.0297029688954,0.0808080807328,0.0180265940726,0.0159868746996,0.00203971937299
0.039603959769,0.0808080807328,0.0240354351699,0.0215301029384,0.00250533223152
0.0495049506426,0.0808080807328,0.0300442390144,0.0271299034357,0.00291433557868
0.0594059377909,0.0808080807328,0.0360529571772,0.0327809974551,0.00327195972204
0.0693069323897,0.0808080807328,0.0420615449548,0.0384782813489,0.00358326360583
0.079207919538,0.0808080807328,0.048069909215,0.0442168675363,0.00385304167867
0.0891089066863,0.0808080807328,0.0540779344738,0.049992620945,0.00408531352878
0.0990099012852,0.0808080807328,0.0600855089724,0.0558013767004,0.00428413227201
0.108910888433,0.0808080807328,0.0660924315453,0.0616390109062,0.00445342063904
0.118811875582,0.0808080807328,0.0720985010266,0.0675022229552,0.0045962780714
0.12871286273,0.0808080807328,0.0781034380198,0.0733877792954,0.00471565872431
0.138613864779,0.0808080807328,0.0841069594026,0.0792926624417,0.00481429696083
0.148514851928,0.0808080807328,0.0901086553931,0.0852140858769,0.00489456951618
0.158415839076,0.0808080807328,0.0961081311107,0.0911498889327,0.00495824217796
0.168316826224,0.0808080807328,0.102104872465,0.0970978662372,0.00500700622797
0.178217813373,0.0808080807328,0.108098298311,0.103055998683,0.00504229962826
0.188118815422,0.0808080807328,0.114087812603,0.109022811055,0.00506500154734
0.19801980257,0.0808080807328,0.120072633028,0.114996351302,0.00507628172636
0.207920789719,0.0808080807328,0.126051932573,0.120975650847,0.00507628172636
0.217821776867,0.0808080807328,0.132024824619,0.126958817244,0.00506600737572
0.227722764015,0.0808080807328,0.137990191579,0.132944852114,0.00504533946514
0.237623751163,0.0808080807328,0.143946945667,0.138932108879,0.00501483678818
0.247524753213,0.0808080807328,0.149893760681,0.144919276237,0.00497448444366
0.25742572546,0.0808080807328,0.155829250813,0.150905072689,0.00492417812347
0.267326742411,0.0808080807328,0.161751836538,0.156887501478,0.00486433506012
0.277227729559,0.0808080807328,0.167659789324,0.16286534071,0.00479444861412
0.287128716707,0.0808080807328,0.173551216722,0.168836712837,0.00471450388432
0.297029703856,0.0808080807328,0.179424002767,0.174799799919,0.00462420284748
0.306930691004,0.0808080807328,0.185275942087,0.180752903223,0.00452303886414
0.316831678152,0.0808080807328,0.191104486585,0.186693847179,0.00441063940525
0.3267326653,0.0808080807328,0.196907028556,0.192620098591,0.00428692996502
0.336633652449,0.0808080807328,0.202680498362,0.198529571295,0.0041509270668
0.346534639597,0.0808080807328,0.208421856165,0.204418987036,0.00400286912918
0.356435626745,0.0808080807328,0.214127480984,0.210285097361,0.00384238362312
0.366336613894,0.0808080807328,0.219793751836,0.216123998165,0.00366975367069
0.376237630844,0.0808080807328,0.225416511297,0.221931219101,0.00348529219627
0.386138617992,0.0808080807328,0.230991393328,0.227701723576,0.00328966975212
0.396039605141,0.0808080807328,0.236513629556,0.233429700136,0.00308392941952
0.405940592289,0.0808080807328,0.241978138685,0.239108860493,0.00286927819252
0.415841579437,0.0808080807328,0.247379377484,0.244732260704,0.00264711678028
0.425742566586,0.0808080807328,0.252711474895,0.250292360783,0.00241911411285
0.435643553734,0.0808080807328,0.257967978716,0.255781173706,0.00218680500984
0.445544540882,0.0808080807328,0.263142079115,0.261190116405,0.00195196270943
0.45544552803,0.0808080807328,0.268226444721,0.266510158777,0.00171628594398
0.465346515179,0.0808080807328,0.273213207722,0.271732091904,0.00148111581802
0.475247502327,0.0808080807328,0.278093904257,0.276845902205,0.00124800205231
0.485148519278,0.0808080807328,0.28285959363,0.281841397285,0.00101819634438
0.495049506426,0.0808080807328,0.287500649691,0.286707669497,0.000792980194092
0.504950523376,0.0808080807328,0.292006880045,0.291433572769,0.000573307275772
0.51485145092,0.0808080807328,0.296367287636,0.29600712657,0.000360161066055
0.524752497673,0.0808080807328,0.300570338964,0.30041590333,0.000154435634613
0.534653484821,0.0808080807328,0.304603755474,0.304646402597,4.26471233368e-05
0.54455447197,0.0808080807328,0.308454364538,0.30868512392,0.000230759382248
0.554455459118,0.0808080807328,0.312108457088,0.312516689301,0.000408232212067
0.564356446266,0.0808080807328,0.31555134058,0.316126018763,0.000574678182602
0.574257433414,0.0808080807328,0.318767696619,0.319496333599,0.000728636980057
0.584158420563,0.0808080807328,0.321741253138,0.322610616684,0.000869363546371
0.594059407711,0.0808080807328,0.324454963207,0.325450539589,0.000995576381683
0.603960394859,0.0808080807328,0.326891005039,0.327996939421,0.00110593438148
0.613861382008,0.0808080807328,0.329030662775,0.330229967833,0.00119930505753
0.623762369156,0.0808080807328,0.330854415894,0.33212864399,0.00127422809601
0.633663415909,0.0808080807328,0.332342147827,0.333671241999,0.00132909417152
0.643564343452,0.0808080807328,0.333472698927,0.33483505249,0.00136235356331
0.653465390205,0.0808080807328,0.334224492311,0.335596859455,0.00137236714363
0.663366317749,0.0808080807328,0.334575206041,0.335932314396,0.00135710835457
0.673267364502,0.0808080807328,0.334501981735,0.335816979408,0.00131499767303
0.683168292046,0.0808080807328,0.333981484175,0.335225641727,0.00124415755272
0.693069338799,0.0808080807328,0.332990080118,0.334132969379,0.00114288926125
0.702970266342,0.0808080807328,0.33150395751,0.332513898611,0.00100994110107
0.712871313095,0.0808080807328,0.329499214888,0.330343186855,0.000843971967697
0.722772240639,0.0808080807328,0.3269520998,0.327596366405,0.000644266605377
0.732673287392,0.0808080807328,0.323839217424,0.324250251055,0.000411033630371
0.74257427454,0.0808080807328,0.320137858391,0.320282608271,0.000144749879837
0.752475261688,0.0808080807328,0.315825968981,0.315672755241,0.000153213739395
0.762376248837,0.0808080807328,0.310882687569,0.310402363539,0.000480324029922
0.772277235985,0.0808080807328,0.30528870225,0.30445510149,0.000833600759506
0.782178223133,0.0808080807328,0.299026340246,0.297817856073,0.00120848417282
0.792079210281,0.0808080807328,0.292079895735,0.290479928255,0.00159996747971
0.80198019743,0.0808080807328,0.284436315298,0.282434642315,0.00200167298317
0.811881184578,0.0808080807328,0.27608537674,0.273678570986,0.00240680575371
0.821782171726,0.0808080807328,0.267019897699,0.26421225071,0.00280764698982
0.831683158875,0.0808080807328,0.257236421108,0.254040330648,0.00319609045982
0.841584146023,0.0808080807328,0.246735185385,0.243172287941,0.00356289744377
0.851485133171,0.0808080807328,0.235521033406,0.231621414423,0.00389961898327
0.861386120319,0.0808080807328,0.223603099585,0.219406366348,0.00419673323631
0.871287107468,0.0808080807328,0.210995316505,0.206550389528,0.00444492697716
0.881188154221,0.0808080807328,0.197716996074,0.193081796169,0.00463519990444
0.891089081764,0.0808080807328,0.183792546391,0.179033756256,0.00475879013538
0.900990128517,0.0808080807328,0.169251322746,0.164444208145,0.00480711460114
0.910891115665,0.0808080807328,0.154128521681,0.149356156588,0.00477236509323
0.920792102814,0.0808080807328,0.138464167714,0.133816927671,0.00464724004269
0.930693089962,0.0808080807328,0.122303783894,0.117878757417,0.00442502647638
0.94059407711,0.0808080807328,0.105697385967,0.101597227156,0.00410015881062
0.950495064259,0.0808080807328,0.0886994078755,0.0850322470069,0.00366716086864
0.960396051407,0.0808080807328,0.0713687390089,0.0682465732098,0.00312216579914
0.970297038555,0.0808080807328,0.0537673905492,0.0513059198856,0.00246147066355
0.980198025703,0.0808080807328,0.0359603911638,0.0342784523964,0.00168193876743
0.990099012852,0.0808080807328,0.0180148854852,0.0172337554395,0.000781130045652
0.00990098994225,0.0909090936184,0.00594847695902,0.00494583323598,0.00100264372304
0.0198019798845,0.0909090936184,0.011896953918,0.0102350432426,0.00166191067547
0.0297029688954,0.0909090936184,0.0178454257548,0.0155961364508,0.00224928930402
0.039603959769,0.0909090936184,0.0237938761711,0.0210233964026,0.00277047976851
0.0495049506426,0.0909090936184,0.0297422911972,0.0265113078058,0.0032309833914
0.0594059377909,0.0909090936184,0.0356906205416,0.0320548191667,0.00363580137491
0.0693069323897,0.0909090936184,0.0416388250887,0.0376488529146,0.00398997217417
0.079207919538,0.0909090936184,0.0475867986679,0.0432884544134,0.00429834425449
0.0891089066863,0.0909090936184,0.0535344481468,0.0489692613482,0.00456518679857
0.0990099012852,0.0909090936184,0.0594816431403,0.0546867921948,0.00479485094547
0.108910888433,0.0909090936184,0.0654281973839,0.0604372993112,0.00499089807272
0.118811875582,0.0909090936184,0.0713739022613,0.066216789186,0.00515711307526
0.12871286273,0.0909090936184,0.0773184895515,0.0720221325755,0.00529635697603
0.138613864779,0.0909090936184,0.0832616761327,0.0778499022126,0.00541177392006
0.148514851928,0.0909090936184,0.0892030522227,0.0836974903941,0.00550556182861
0.158415839076,0.0909090936184,0.0951422303915,0.0895619317889,0.00558029860258
0.168316826224,0.0909090936184,0.10107871145,0.0954412743449,0.00563743710518
0.178217813373,0.0909090936184,0.107011906803,0.101332977414,0.00567892938852
0.188118815422,0.0909090936184,0.112941220403,0.107235513628,0.00570570677519
0.19801980257,0.0909090936184,0.118865899742,0.113146774471,0.00571912527084
0.207920789719,0.0909090936184,0.124785102904,0.119065381587,0.00571972131729
0.217821776867,0.0909090936184,0.130697965622,0.124989591539,0.00570837408304
0.227722764015,0.0909090936184,0.13660338521,0.130918115377,0.00568526983261
0.237623751163,0.0909090936184,0.142500266433,0.136849492788,0.00565077364445
0.247524753213,0.0909090936184,0.14838732779,0.142782092094,0.00560523569584
0.25742572546,0.0909090936184,0.154263153672,0.148714393377,0.00554876029491
0.267326742411,0.0909090936184,0.16012622416,0.154644787312,0.00548143684864
0.277227729559,0.0909090936184,0.165974795818,0.160571724176,0.00540307164192
0.287128716707,0.0909090936184,0.171807006001,0.166493445635,0.00531356036663
0.297029703856,0.0909090936184,0.177620783448,0.172407835722,0.00521294772625
0.306930691004,0.0909090936184,0.183413892984,0.178313344717,0.00510054826736
0.316831678152,0.0909090936184,0.189183875918,0.184207737446,0.00497613847256
0.3267326653,0.0909090936184,0.194928094745,0.190088629723,0.00483946502209
0.336633652449,0.0909090936184,0.20064355433,0.195953398943,0.00469015538692
0.346534639597,0.0909090936184,0.206327199936,0.201799303293,0.00452789664268
0.356435626745,0.0909090936184,0.211975499988,0.207622796297,0.00435270369053
0.366336613894,0.0909090936184,0.2175848037,0.21342009306,0.00416471064091
0.376237630844,0.0909090936184,0.223151043057,0.219186753035,0.00396429002285
0.386138617992,0.0909090936184,0.228669941425,0.22491773963,0.00375220179558
0.396039605141,0.0909090936184,0.234136655927,0.230607300997,0.00352935492992
0.405940592289,0.0909090936184,0.239546224475,0.236249357462,0.00329686701298
0.415841579437,0.0909090936184,0.244893208146,0.241836488247,0.00305671989918
0.425742566586,0.0909090936184,0.250171691179,0.247361570597,0.00281012058258
0.435643553734,0.0909090936184,0.255375385284,0.25281649828,0.00255888700485
0.445544540882,0.0909090936184,0.260497480631,0.258192539215,0.00230494141579
0.45544552803,0.0909090936184,0.265530735254,0.263480871916,0.00204986333847
0.465346515179,0.0909090936184,0.270467370749,0.268672168255,0.00179520249367
0.475247502327,0.0909090936184,0.275299012661,0.273756176233,0.00154283642769
0.485148519278,0.0909090936184,0.280016839504,0.27872300148,0.00129383802414
0.495049506426,0.0909090936184,0.28461125493,0.283561497927,0.00104975700378
0.504950523376,0.0909090936184,0.289072185755,0.288260400295,0.000811785459518
0.51485145092,0.0909090936184,0.293388754129,0.292807936668,0.000580817461014
0.524752497673,0.0909090936184,0.297549575567,0.297191530466,0.000358045101166
0.534653484821,0.0909090936184,0.301542431116,0.301397770643,0.00014466047287
0.54455447197,0.0909090936184,0.305354386568,0.305412620306,5.82337379456e-05
0.554455459118,0.0909090936184,0.308971703053,0.309221535921,0.000249832868576
0.564356446266,0.0909090936184,0.312380045652,0.312808722258,0.000428676605225
0.574257433414,0.0909090936184,0.315564066172,0.316157788038,0.000593721866608
0.584158420563,0.0909090936184,0.318507730961,0.319251418114,0.000743687152863
0.594059407711,0.0909090936184,0.321194142103,0.32207134366,0.000877201557159
0.603960394859,0.0909090936184,0.323605686426,0.324598371983,0.000992685556412
0.613861382008,0.0909090936184,0.325723856688,0.326812565327,0.00108870863914
0.623762369156,0.0909090936184,0.32752931118,0.328692913055,0.00116360187531
0.633663415909,0.0909090936184,0.329002052546,0.330217629671,0.00121557712555
0.643564343452,0.0909090936184,0.330121308565,0.331364154816,0.00124284625053
0.653465390205,0.0909090936184,0.33086553216,0.332108855247,0.00124332308769
0.663366317749,0.0909090936184,0.331212699413,0.332428008318,0.00121530890465
0.673267364502,0.0909090936184,0.331140190363,0.332296729088,0.0011565387249
0.683168292046,0.0909090936184,0.330624938011,0.331690251827,0.00106531381607
0.693069338799,0.0909090936184,0.329643517733,0.330583482981,0.000939965248108
0.702970266342,0.0909090936184,0.328172326088,0.328951358795,0.000779032707214
0.712871313095,0.0909090936184,0.326187729836,0.326769262552,0.000581532716751
0.722772240639,0.0909090936184,0.323666214943,0.324013292789,0.000347077846527
0.732673287392,0.0909090936184,0.320584625006,0.320660471916,7.58469104767e-05
0.74257427454,0.0909090936184,0.31692045927,0.316689223051,0.000231236219406
0.752475261688,0.0909090936184,0.312651902437,0.312079995871,0.00057190656662
0.762376248837,0.0909090936184,0.307758301497,0.306814938784,0.00094336271286
0.772277235985,0.0909090936184,0.302220523357,0.300878793001,0.00134173035622
0.782178223133,0.0909090936184,0.296021103859,0.294258922338,0.00176218152046
0.792079210281,0.0909090936184,0.289144456387,0.28694614768,0.00219830870628
0.80198019743,0.0909090936184,0.281577706337,0.278934389353,0.00264331698418
0.811881184578,0.0909090936184,0.273310691118,0.270221322775,0.00308936834335
0.821782171726,0.0909090936184,0.26433634758,0.260808289051,0.0035280585289
0.831683158875,0.0909090936184,0.25465118885,0.250701278448,0.0039499104023
0.841584146023,0.0909090936184,0.244255498052,0.239910006523,0.00434549152851
0.851485133171,0.0909090936184,0.233154013753,0.228449255228,0.00470475852489
0.861386120319,0.0909090936184,0.221355870366,0.216338068247,0.00501780211926
0.871287107468,0.0909090936184,0.208874806762,0.203600466251,0.00527434051037
0.881188154221,0.0909090936184,0.195729926229,0.190265148878,0.00546477735043
0.891089081764,0.0909090936184,0.181945413351,0.176365941763,0.00557947158813
0.900990128517,0.0909090936184,0.167550325394,0.161940962076,0.00560936331749
0.910891115665,0.0909090936184,0.152579516172,0.147033363581,0.00554615259171
0.920792102814,0.0909090936184,0.137072592974,0.13169080019,0.00538179278374
0.930693089962,0.0909090936184,0.12107462436,0.11596480757,0.00510981678963
0.94059407711,0.0909090936184,0.104635119438,0.0999114140868,0.00472370535135
0.950495064259,0.0909090936184,0.0878079757094,0.0835896134377,0.00421836227179
0.960396051407,0.0909090936184,0.0706514790654,0.0670616924763,0.00358978658915
0.970297038555,0.0909090936184,0.0532270222902,0.0503929182887,0.00283410400152
0.980198025703,0.0909090936184,0.0355989858508,0.0336504988372,0.00194848701358
0.990099012852,0.0909090936184,0.017833834514,0.0169029273093,0.000930907204747
0.00990098994225,0.101010099053,0.00588869396597,0.00480514019728,0.00108355376869
0.0198019798845,0.101010099053,0.0117773870006,0.00996941886842,0.0018079681322
0.0297029688954,0.101010099053,0.0176660753787,0.0152096971869,0.00245637819171
0.039603959769,0.101010099053,0.0235547460616,0.0205204673111,0.00303427875042
0.0495049506426,0.101010099053,0.0294433757663,0.025896307081,0.00354706868529
0.0594059377909,0.101010099053,0.0353319272399,0.0313320048153,0.00399992242455
0.0693069323897,0.101010099053,0.0412203446031,0.0368224903941,0.00439785420895
0.079207919538,0.101010099053,0.0471085421741,0.0423628948629,0.00474564731121
0.0891089066863,0.101010099053,0.0529964156449,0.0479485467076,0.00504786893725
0.0990099012852,0.101010099053,0.0588838458061,0.0535751059651,0.00530873984098
0.108910888433,0.101010099053,0.0647706389427,0.0592384710908,0.00553216785192
0.118811875582,0.101010099053,0.0706565827131,0.0649347230792,0.00572185963392
0.12871286273,0.101010099053,0.0765414312482,0.0706600248814,0.00588140636683
0.138613864779,0.101010099053,0.0824248790741,0.0764115005732,0.00601337850094
0.148514851928,0.101010099053,0.0883065462112,0.0821856036782,0.00612094253302
0.158415839076,0.101010099053,0.0941860303283,0.0879795849323,0.00620644539595
0.168316826224,0.101010099053,0.100062847137,0.0937909930944,0.00627185404301
0.178217813373,0.101010099053,0.105936422944,0.0996173843741,0.00631903856993
0.188118815422,0.101010099053,0.11180613935,0.105456523597,0.0063496157527
0.19801980257,0.101010099053,0.117671266198,0.111306615174,0.00636465102434
0.207920789719,0.101010099053,0.123530991375,0.117165751755,0.00636523962021
0.217821776867,0.101010099053,0.129384428263,0.123032219708,0.00635220855474
0.227722764015,0.101010099053,0.135230496526,0.128904372454,0.00632612407207
0.237623751163,0.101010099053,0.14106811583,0.134780913591,0.00628720223904
0.247524753213,0.101010099053,0.146896004677,0.140659987926,0.00623601675034
0.25742572546,0.101010099053,0.152712777257,0.146539896727,0.00617288053036
0.267326742411,0.101010099053,0.158516928554,0.152419120073,0.00609780848026
0.277227729559,0.101010099053,0.164306715131,0.158295989037,0.00601072609425
0.287128716707,0.101010099053,0.170080304146,0.164168685675,0.00591161847115
0.297029703856,0.101010099053,0.17583565414,0.17003518343,0.0058004707098
0.306930691004,0.101010099053,0.18157055974,0.17589366436,0.00567689538002
0.316831678152,0.101010099053,0.187282547355,0.181741803885,0.00554074347019
0.3267326653,0.101010099053,0.192969039083,0.187577217817,0.00539182126522
0.336633652449,0.101010099053,0.198627054691,0.19339749217,0.00522956252098
0.346534639597,0.101010099053,0.204253554344,0.199199557304,0.00505399703979
0.356435626745,0.101010099053,0.209845095873,0.204980075359,0.00486502051353
0.366336613894,0.101010099053,0.215398028493,0.210735172033,0.00466285645962
0.376237630844,0.101010099053,0.220908358693,0.216460675001,0.00444768369198
0.386138617992,0.101010099053,0.226371750236,0.222151339054,0.00422041118145
0.396039605141,0.101010099053,0.231783539057,0.227801591158,0.00398194789886
0.405940592289,0.101010099053,0.237138748169,0.233404994011,0.00373375415802
0.415841579437,0.101010099053,0.242431968451,0.238954752684,0.00347721576691
0.425742566586,0.101010099053,0.247657433152,0.244443535805,0.00321389734745
0.435643553734,0.101010099053,0.25280880928,0.249863028526,0.00294578075409
0.445544540882,0.101010099053,0.257879465818,0.255204826593,0.00267463922501
0.45544552803,0.101010099053,0.262862116098,0.260459929705,0.00240218639374
0.465346515179,0.101010099053,0.267749130726,0.265618741512,0.00213038921356
0.475247502327,0.101010099053,0.272532224655,0.270671576262,0.00186064839363
0.485148519278,0.101010099053,0.277202606201,0.275607824326,0.00159478187561
0.495049506426,0.101010099053,0.281750887632,0.280416846275,0.00133404135704
0.504950523376,0.101010099053,0.286166965961,0.285087198019,0.00107976794243
0.51485145092,0.101010099053,0.290440142155,0.289606899023,0.000833243131638
0.524752497673,0.101010099053,0.294559180737,0.29396340251,0.000595778226852
0.534653484821,0.101010099053,0.298511892557,0.298143416643,0.000368475914001
0.54455447197,0.101010099053,0.302285522223,0.302132934332,0.000152587890625
0.554455459118,0.101010099053,0.305866509676,0.305917114019,5.06043434143e-05
0.564356446266,0.101010099053,0.309240579605,0.309480339289,0.000239759683609
0.574257433414,0.101010099053,0.312392562628,0.312806040049,0.000413477420807
0.584158420563,0.101010099053,0.315306663513,0.315876722336,0.000570058822632
0.594059407711,0.101010099053,0.317966103554,0.318674325943,0.000708222389221
0.603960394859,0.101010099053,0.320353418589,0.321179717779,0.000826299190521
0.613861382008,0.101010099053,0.32245028019,0.323372453451,0.000922173261642
0.623762369156,0.101010099053,0.324237585068,0.32523187995,0.000994294881821
0.633663415909,0.101010099053,0.325695514679,0.326736092567,0.00104057788849
0.643564343452,0.101010099053,0.326803505421,0.327862560749,0.00105905532837
0.653465390205,0.101010099053,0.327540248632,0.328587770462,0.00104752182961
0.663366317749,0.101010099053,0.327883958817,0.328887820244,0.00100386142731
0.673267364502,0.101010099053,0.327812165022,0.328738093376,0.000925928354263
0.683168292046,0.101010099053,0.327302098274,0.328114032745,0.00081193447113
0.693069338799,0.101010099053,0.326330512762,0.326990544796,0.00066003203392
0.702970266342,0.101010099053,0.324874132872,0.325343310833,0.000469177961349
0.712871313095,0.101010099053,0.322909474373,0.32314774394,0.00023826956749
0.722772240639,0.101010099053,0.320413321257,0.320380777121,3.25441360474e-05
0.732673287392,0.101010099053,0.31736266613,0.317019701004,0.000342965126038
0.74257427454,0.101010099053,0.313735336065,0.313044011593,0.000691324472427
0.752475261688,0.101010099053,0.309509694576,0.308434665203,0.00107502937317
0.762376248837,0.101010099053,0.304665267467,0.303174555302,0.00149071216583
0.772277235985,0.101010099053,0.299183160067,0.297249406576,0.00193375349045
0.782178223133,0.101010099053,0.293046027422,0.290647655725,0.00239837169647
0.792079210281,0.101010099053,0.286238521338,0.283360719681,0.00287780165672
0.80198019743,0.101010099053,0.278747797012,0.275383800268,0.00336399674416
0.811881184578,0.101010099053,0.270563840866,0.266715407372,0.00384843349457
0.821782171726,0.101010099053,0.26167973876,0.257357776165,0.00432196259499
0.831683158875,0.101010099053,0.252091854811,0.24731785059,0.00477400422096
0.841584146023,0.101010099053,0.241800680757,0.236606240273,0.00519444048405
0.851485133171,0.101010099053,0.230810776353,0.225238293409,0.00557248294353
0.861386120319,0.101010099053,0.219131201506,0.213234186172,0.00589701533318
0.871287107468,0.101010099053,0.206775560975,0.200618118048,0.00615744292736
0.881188154221,0.101010099053,0.193762809038,0.187419474125,0.00634333491325
0.891089081764,0.101010099053,0.180116847157,0.173672676086,0.00644417107105
0.900990128517,0.101010099053,0.165866404772,0.159415751696,0.00645065307617
0.910891115665,0.101010099053,0.151046067476,0.14469230175,0.00635376572609
0.920792102814,0.101010099053,0.135694980621,0.12954980135,0.0061451792717
0.930693089962,0.101010099053,0.119857795537,0.114039637148,0.00581815838814
0.94059407711,0.101010099053,0.10358350724,0.0982174798846,0.00536602735519
0.950495064259,0.101010099053,0.0869254842401,0.0821420401335,0.00478344410658
0.960396051407,0.101010099053,0.0699414089322,0.0658751502633,0.0040662586689
0.970297038555,0.101010099053,0.052692078054,0.0494809225202,0.00321115553379
0.980198025703,0.101010099053,0.0352412089705,0.0330261290073,0.00221507996321
0.990099012852,0.101010099053,0.0176546014845,0.0165781378746,0.00107646360993
0.00990098994225,0.111111111939,0.00582951121032,0.00466872565448,0.00116078555584
0.0198019798845,0.111111111939,0.011659023352,0.00970747880638,0.00195154454559
0.0297029688954,0.111111111939,0.017488528043,0.0148266889155,0.00266183912754
0.039603959769,0.111111111939,0.0233180131763,0.02002068609,0.00329732708633
0.0495049506426,0.111111111939,0.0291474629194,0.0252840667963,0.00386339612305
0.0594059377909,0.111111111939,0.0349768325686,0.0306115560234,0.00436527654529
0.0693069323897,0.111111111939,0.0408060736954,0.0359984450042,0.0048076286912
0.079207919538,0.111111111939,0.0466350950301,0.0414393730462,0.00519572198391
0.0891089066863,0.111111111939,0.0524637922645,0.0469298288226,0.00553396344185
0.0990099012852,0.111111111939,0.0582920499146,0.0524654239416,0.00582662597299
0.108910888433,0.111111111939,0.064119681716,0.0580417737365,0.00607790797949
0.118811875582,0.111111111939,0.069946475327,0.0636548995972,0.00629157572985
0.12871286273,0.111111111939,0.0757721662521,0.0693009197712,0.00647124648094
0.138613864779,0.111111111939,0.081596493721,0.0749761462212,0.00662034749985
0.148514851928,0.111111111939,0.0874190479517,0.0806775465608,0.00674150139093
0.158415839076,0.111111111939,0.093239441514,0.0864018201828,0.00683762133121
0.168316826224,0.111111111939,0.0990571975708,0.0921462401748,0.00691095739603
0.178217813373,0.111111111939,0.104871734977,0.0979081988335,0.0069635361433
0.188118815422,0.111111111939,0.110682465136,0.10368527472,0.00699719041586
0.19801980257,0.111111111939,0.116488650441,0.10947535187,0.00701329857111
0.207920789719,0.111111111939,0.122289478779,0.115276239812,0.00701323896646
0.217821776867,0.111111111939,0.128084078431,0.121086187661,0.00699789077044
0.227722764015,0.111111111939,0.133871391416,0.126903533936,0.00696785748005
0.237623751163,0.111111111939,0.139650344849,0.132726311684,0.00692403316498
0.247524753213,0.111111111939,0.145419672132,0.138553023338,0.00686664879322
0.25742572546,0.111111111939,0.151177987456,0.144381970167,0.00679601728916
0.267326742411,0.111111111939,0.156923800707,0.150211155415,0.00671264529228
0.277227729559,0.111111111939,0.16265539825,0.156038939953,0.00661645829678
0.287128716707,0.111111111939,0.168370977044,0.16186350584,0.0065074712038
0.297029703856,0.111111111939,0.174068465829,0.167682826519,0.00638563930988
0.306930691004,0.111111111939,0.179745733738,0.173494786024,0.00625094771385
0.316831678152,0.111111111939,0.185400307178,0.179297238588,0.00610306859016
0.3267326653,0.111111111939,0.191029652953,0.185087680817,0.0059419721365
0.336633652449,0.111111111939,0.196630805731,0.190863549709,0.0057672560215
0.346534639597,0.111111111939,0.202200770378,0.196621865034,0.00557890534401
0.356435626745,0.111111111939,0.207736104727,0.202359229326,0.00537687540054
0.366336613894,0.111111111939,0.213233232498,0.208071798086,0.005161434412
0.376237630844,0.111111111939,0.218688175082,0.213755279779,0.00493289530277
0.386138617992,0.111111111939,0.224096655846,0.219404637814,0.00469201803207
0.396039605141,0.111111111939,0.22945407033,0.225014507771,0.00443956255913
0.405940592289,0.111111111939,0.234755471349,0.230578303337,0.00417716801167
0.415841579437,0.111111111939,0.239995494485,0.236089408398,0.00390608608723
0.425742566586,0.111111111939,0.245168417692,0.241540282965,0.00362813472748
0.435643553734,0.111111111939,0.250268042088,0.246922940016,0.00334510207176
0.445544540882,0.111111111939,0.255287706852,0.252228796482,0.00305891036987
0.45544552803,0.111111111939,0.26022028923,0.257448941469,0.00277134776115
0.465346515179,0.111111111939,0.265058219433,0.262573778629,0.00248444080353
0.475247502327,0.111111111939,0.269793212414,0.267593473196,0.00219973921776
0.485148519278,0.111111111939,0.274416685104,0.272497653961,0.00191903114319
0.495049506426,0.111111111939,0.278919219971,0.277275472879,0.00164374709129
0.504950523376,0.111111111939,0.283290922642,0.28191524744,0.00137567520142
0.51485145092,0.111111111939,0.287521183491,0.286405354738,0.00111582875252
0.524752497673,0.111111111939,0.291598796844,0.290732979774,0.000865817070007
0.534653484821,0.111111111939,0.295511782169,0.294884979725,0.000626802444458
0.54455447197,0.111111111939,0.299247473478,0.298847079277,0.000400394201279
0.554455459118,0.111111111939,0.302792489529,0.302604287863,0.000188201665878
0.564356446266,0.111111111939,0.306132644415,0.306141197681,8.55326652527e-06
0.574257433414,0.111111111939,0.309252947569,0.309441328049,0.000188380479813
0.584158420563,0.111111111939,0.312137782574,0.312486827374,0.000349044799805
0.594059407711,0.111111111939,0.314770489931,0.31525978446,0.000489294528961
0.603960394859,0.111111111939,0.317133784294,0.317740827799,0.000607043504715
0.613861382008,0.111111111939,0.319209575653,0.319909870625,0.000700294971466
0.623762369156,0.111111111939,0.320978909731,0.321745723486,0.000766813755035
0.633663415909,0.111111111939,0.322422236204,0.323226779699,0.000804543495178
0.643564343452,0.111111111939,0.323519080877,0.324330449104,0.000811368227005
0.653465390205,0.111111111939,0.324248403311,0.325033277273,0.000784873962402
0.663366317749,0.111111111939,0.324588656425,0.32531145215,0.000722795724869
0.673267364502,0.111111111939,0.324517607689,0.325140446424,0.00062283873558
0.683168292046,0.111111111939,0.324012637138,0.324496239424,0.000483602285385
0.693069338799,0.111111111939,0.323050826788,0.323353797197,0.000302970409393
0.702970266342,0.111111111939,0.321609050035,0.321689039469,7.99894332886e-05
0.712871313095,0.111111111939,0.319664180279,0.319478273392,0.000185906887054
0.722772240639,0.111111111939,0.317193090916,0.316698342562,0.000494748353958
0.732673287392,0.111111111939,0.314173102379,0.313327878714,0.000845223665237
0.74257427454,0.111111111939,0.310582250357,0.309346526861,0.00123572349548
0.752475261688,0.111111111939,0.306399047375,0.304736286402,0.00166276097298
0.762376248837,0.111111111939,0.301603317261,0.299480855465,0.00212246179581
0.772277235985,0.111111111939,0.296176314354,0.293566703796,0.00260961055756
0.782178223133,0.111111111939,0.290100842714,0.286983579397,0.00311726331711
0.792079210281,0.111111111939,0.283361762762,0.279723644257,0.00363811850548
0.80198019743,0.111111111939,0.275946319103,0.271782815456,0.00416350364685
0.811881184578,0.111111111939,0.267844647169,0.263160765171,0.00468388199806
0.821782171726,0.111111111939,0.259049803019,0.253860712051,0.00518909096718
0.831683158875,0.111111111939,0.24955829978,0.24389013648,0.00566816329956
0.841584146023,0.111111111939,0.239370524883,0.233260899782,0.00610962510109
0.851485133171,0.111111111939,0.228491097689,0.221988856792,0.00650224089622
0.861386120319,0.111111111939,0.216928899288,0.210094749928,0.00683414936066
0.871287107468,0.111111111939,0.204697430134,0.197603523731,0.00709390640259
0.881188154221,0.111111111939,0.191815450788,0.184545189142,0.00727026164532
0.891089081764,0.111111111939,0.178306624293,0.170953989029,0.0073526352644
0.900990128517,0.111111111939,0.164199411869,0.15686878562,0.00733062624931
0.910891115665,0.111111111939,0.149528026581,0.142332881689,0.00719514489174
0.920792102814,0.111111111939,0.134331226349,0.127393782139,0.00693744421005
0.930693089962,0.111111111939,0.118653208017,0.112102873623,0.00655033439398
0.94059407711,0.111111111939,0.102542474866,0.0965152680874,0.00602720677853
0.950495064259,0.111111111939,0.0860518589616,0.0806892290711,0.00536262989044
0.960396051407,0.111111111939,0.0692384913564,0.0646861121058,0.00455237925053
0.970297038555,0.111111111939,0.0521625131369,0.0485693588853,0.00359315425158
0.980198025703,0.111111111939,0.0348870269954,0.0324045345187,0.0024824924767
0.990099012852,0.111111111939,0.0174771677703,0.016258765012,0.00121840275824
0.00990098994225,0.121212124825,0.00577092403546,0.0045359171927,0.00123500684276
0.0198019798845,0.121212124825,0.0115418480709,0.00944900512695,0.00209284294397
0.0297029688954,0.121212124825,0.0173127651215,0.0144464299083,0.00286633521318
0.039603959769,0.121212124825,0.0230836663395,0.0195231921971,0.00356047414243
0.0495049506426,0.121212124825,0.028854528442,0.0246737860143,0.00418074242771
0.0594059377909,0.121212124825,0.0346253104508,0.0298928283155,0.0047324821353
0.0693069323897,0.121212124825,0.040395963937,0.0351755954325,0.00522036850452
0.079207919538,0.121212124825,0.0461664050817,0.0405169054866,0.00564949959517
0.0891089066863,0.121212124825,0.0519365221262,0.0459121763706,0.00602434575558
0.0990099012852,0.121212124825,0.0577062033117,0.0513566881418,0.00634951516986
0.108910888433,0.121212124825,0.063475266099,0.0568460524082,0.00662921369076
0.118811875582,0.121212124825,0.0692434981465,0.0623763427138,0.0068671554327
0.12871286273,0.121212124825,0.0750106498599,0.0679431632161,0.00706748664379
0.138613864779,0.121212124825,0.080776438117,0.0735430791974,0.00723335891962
0.148514851928,0.121212124825,0.0865404754877,0.0791723653674,0.0073681101203
0.158415839076,0.121212124825,0.0923023745418,0.0848277360201,0.00747463852167
0.168316826224,0.121212124825,0.098061658442,0.0905060842633,0.0075555741787
0.178217813373,0.121212124825,0.103817760944,0.0962047129869,0.00761304795742
0.188118815422,0.121212124825,0.109570086002,0.101920820773,0.0076492652297
0.19801980257,0.121212124825,0.11531791836,0.107652135193,0.00766578316689
0.207920789719,0.121212124825,0.121060445905,0.113396294415,0.00766415148973
0.217821776867,0.121212124825,0.126796811819,0.11915115267,0.00764565914869
0.227722764015,0.121212124825,0.132525980473,0.124915026128,0.00761095434427
0.237623751163,0.121212124825,0.138246849179,0.13068574667,0.0075611025095
0.247524753213,0.121212124825,0.143958181143,0.136461555958,0.00749662518501
0.25742572546,0.121212124825,0.149658620358,0.142240762711,0.00741785764694
0.267326742411,0.121212124825,0.155346691608,0.148021280766,0.0073254108429
0.277227729559,0.121212124825,0.161020681262,0.153801292181,0.007219389081
0.287128716707,0.121212124825,0.16667881608,0.159578979015,0.00709983706474
0.297029703856,0.121212124825,0.172319054604,0.165352016687,0.00696703791618
0.306930691004,0.121212124825,0.177939265966,0.171118408442,0.00682085752487
0.316831678152,0.121212124825,0.183537006378,0.17687574029,0.00666126608849
0.3267326653,0.121212124825,0.189109772444,0.182621628046,0.00648814439774
0.336633652449,0.121212124825,0.194654643536,0.188353419304,0.00630122423172
0.346534639597,0.121212124825,0.20016862452,0.194068014622,0.00610060989857
0.356435626745,0.121212124825,0.205648317933,0.199762105942,0.00588621199131
0.366336613894,0.121212124825,0.2110902071,0.205431848764,0.00565835833549
0.376237630844,0.121212124825,0.216490328312,0.211072802544,0.00541752576828
0.386138617992,0.121212124825,0.221844449639,0.216680318117,0.00516413152218
0.396039605141,0.121212124825,0.227148011327,0.222248613834,0.00489939749241
0.405940592289,0.121212124825,0.232396140695,0.227771788836,0.00462435185909
0.415841579437,0.121212124825,0.237583488226,0.233242809772,0.00434067845345
0.425742566586,0.121212124825,0.242704451084,0.238654404879,0.00405004620552
0.435643553734,0.121212124825,0.247752815485,0.243998557329,0.00375425815582
0.445544540882,0.121212124825,0.252721995115,0.249266833067,0.00345516204834
0.45544552803,0.121212124825,0.257605016232,0.254450231791,0.00315478444099
0.465346515179,0.121212124825,0.262394338846,0.259539216757,0.00285512208939
0.475247502327,0.121212124825,0.267081767321,0.264524102211,0.00255766510963
0.485148519278,0.121212124825,0.271658748388,0.269394040108,0.00226470828056
0.495049506426,0.121212124825,0.276116043329,0.274138689041,0.0019773542881
0.504950523376,0.121212124825,0.280443817377,0.278746247292,0.00169757008553
0.51485145092,0.121212124825,0.28463152051,0.283204644918,0.00142687559128
0.524752497673,0.121212124825,0.288668185472,0.287501424551,0.00116676092148
0.534653484821,0.121212124825,0.292541831732,0.291623234749,0.000918596982956
0.54455447197,0.121212124825,0.296239972115,0.295555651188,0.000684320926666
0.554455459118,0.121212124825,0.299749344587,0.29928407073,0.000465273857117
0.564356446266,0.121212124825,0.303055971861,0.302792429924,0.000263541936874
0.574257433414,0.121212124825,0.306144922972,0.306064546108,8.03768634796e-05
0.584158420563,0.121212124825,0.309000730515,0.309082508087,8.17775726318e-05
0.594059407711,0.121212124825,0.311607003212,0.311828196049,0.000221192836761
0.603960394859,0.121212124825,0.313946545124,0.314282476902,0.000335931777954
0.613861382008,0.121212124825,0.31600150466,0.316424816847,0.000423312187195
0.623762369156,0.121212124825,0.317753046751,0.318234533072,0.000481486320496
0.633663415909,0.121212124825,0.319181829691,0.319689661264,0.000507831573486
0.643564343452,0.121212124825,0.320267617702,0.320767581463,0.000499963760376
0.653465390205,0.121212124825,0.320989668369,0.321445316076,0.000455647706985
0.663366317749,0.121212124825,0.321326494217,0.321698844433,0.000372350215912
0.673267364502,0.121212124825,0.321256130934,0.321504116058,0.000247985124588
0.683168292046,0.121212124825,0.32075625658,0.320836991072,8.07344913483e-05
0.693069338799,0.121212124825,0.319804131985,0.319673061371,0.000131070613861
0.702970266342,0.121212124825,0.318376839161,0.317988663912,0.0003881752491
0.712871313095,0.121212124825,0.316451489925,0.315760374069,0.000691115856171
0.722772240639,0.121212124825,0.314005255699,0.312966048717,0.00103920698166
0.732673287392,0.121212124825,0.311015635729,0.309584677219,0.00143095850945
0.74257427454,0.121212124825,0.307460844517,0.305596679449,0.00186416506767
0.752475261688,0.121212124825,0.303319692612,0.300984889269,0.00233480334282
0.762376248837,0.121212124825,0.298572182655,0.295733749866,0.00283843278885
0.772277235985,0.121212124825,0.293199688196,0.289830982685,0.00336870551109
0.782178223133,0.121212124825,0.287185281515,0.283267080784,0.00391820073128
0.792079210281,0.121212124825,0.280513912439,0.27603495121,0.00447896122932
0.80198019743,0.121212124825,0.273173034191,0.268131732941,0.00504130125046
0.811881184578,0.121212124825,0.265152752399,0.25955760479,0.00559514760971
0.821782171726,0.121212124825,0.256446301937,0.250317275524,0.00612902641296
0.831683158875,0.121212124825,0.247050210834,0.240418612957,0.00663159787655
0.841584146023,0.121212124825,0.236964821815,0.229874283075,0.00709053874016
0.851485133171,0.121212124825,0.226194709539,0.21870097518,0.00749373435974
0.861386120319,0.121212124825,0.214748725295,0.206920057535,0.0078286677599
0.871287107468,0.121212124825,0.202640175819,0.194557011127,0.00808316469193
0.881188154221,0.121212124825,0.189887672663,0.181642085314,0.00824558734894
0.891089081764,0.121212124825,0.176514610648,0.168210208416,0.00830440223217
0.900990128517,0.121212124825,0.162549197674,0.154299944639,0.00824925303459
0.910891115665,0.121212124825,0.148025244474,0.139955103397,0.00807014107704
0.920792102814,0.121212124825,0.132981181145,0.125222891569,0.00775828957558
0.930693089962,0.121212124825,0.117460727692,0.110154338181,0.00730638951063
0.94059407711,0.121212124825,0.101511910558,0.0948044210672,0.00670748949051
0.950495064259,0.121212124825,0.0851870253682,0.0792308375239,0.00595618784428
0.960396051407,0.121212124825,0.0685426369309,0.0634942278266,0.00504840910435
0.970297038555,0.121212124825,0.0516382716596,0.0476575642824,0.0039807073772
0.980198025703,0.121212124825,0.0345364063978,0.0317852646112,0.00275114178658
0.990099012852,0.121212124825,0.0173015203327,0.0159436352551,0.0013578850776
0.00990098994225,0.13131313026,0.00571292545646,0.00440606288612,0.00130686257035
0.0198019798845,0.13131313026,0.0114258509129,0.00919282995164,0.00223302096128
0.0297029688954,0.13131313026,0.0171387698501,0.0140683725476,0.00307039730251
0.039603959769,0.13131313026,0.0228516701609,0.0190272331238,0.00382443703711
0.0495049506426,0.13131313026,0.028564536944,0.0240644589067,0.00450007803738
0.0594059377909,0.13131313026,0.0342773199081,0.0291748307645,0.00510248914361
0.0693069323897,0.13131313026,0.039989978075,0.0343532562256,0.00563672184944
0.079207919538,0.13131313026,0.0457024239004,0.0395947061479,0.00610771775246
0.0891089066863,0.13131313026,0.051414553076,0.0448945239186,0.0065200291574
0.0990099012852,0.13131313026,0.0571262463927,0.0502480715513,0.0068781748414
0.108910888433,0.13131313026,0.0628373250365,0.0556505993009,0.00718672573566
0.118811875582,0.13131313026,0.068547591567,0.0610980987549,0.00744949281216
0.12871286273,0.13131313026,0.0742567777634,0.0665862038732,0.00767057389021
0.138613864779,0.13131313026,0.0799646228552,0.0721111148596,0.00785350799561
0.148514851928,0.13131313026,0.0856707319617,0.0776688829064,0.00800184905529
0.158415839076,0.13131313026,0.0913747176528,0.0832562446594,0.00811847299337
0.168316826224,0.13131313026,0.0970761179924,0.0888695120811,0.00820660591125
0.178217813373,0.13131313026,0.102774374187,0.0945059880614,0.00826838612556
0.188118815422,0.13131313026,0.108468897641,0.100162439048,0.00830645859241
0.19801980257,0.13131313026,0.114158965647,0.105836316943,0.00832264870405
0.207920789719,0.13131313026,0.119843773544,0.11152523011,0.00831854343414
0.217821776867,0.13131313026,0.125522479415,0.117226608098,0.00829587131739
0.227722764015,0.13131313026,0.131194069982,0.12293856591,0.00825550407171
0.237623751163,0.13131313026,0.136857450008,0.128658860922,0.00819858908653
0.247524753213,0.13131313026,0.142511382699,0.13438552618,0.00812585651875
0.25742572546,0.13131313026,0.148154526949,0.140116542578,0.00803798437119
0.267326742411,0.13131313026,0.153785437346,0.145849883556,0.00793555378914
0.277227729559,0.13131313026,0.159402415156,0.15158367157,0.00781874358654
0.287128716707,0.13131313026,0.165003672242,0.157315671444,0.00768800079823
0.297029703856,0.13131313026,0.170587226748,0.163043737411,0.00754348933697
0.306930691004,0.13131313026,0.176150947809,0.168765723705,0.00738522410393
0.316831678152,0.13131313026,0.181692451239,0.174479097128,0.00721335411072
0.3267326653,0.13131313026,0.187209203839,0.180181086063,0.00702811777592
0.336633652449,0.13131313026,0.192698344588,0.185869336128,0.00682900846004
0.346534639597,0.13131313026,0.198156893253,0.191540509462,0.00661638379097
0.356435626745,0.13131313026,0.203581541777,0.197191387415,0.00639015436172
0.366336613894,0.13131313026,0.20896871388,0.202817946672,0.00615076720715
0.376237630844,0.13131313026,0.214314579964,0.208416074514,0.0058985054493
0.386138617992,0.13131313026,0.219614908099,0.213980853558,0.00563405454159
0.396039605141,0.13131313026,0.224865138531,0.219506770372,0.00535836815834
0.405940592289,0.13131313026,0.230060517788,0.224988013506,0.005072504282
0.415841579437,0.13131313026,0.235195741057,0.23041754961,0.00477819144726
0.425742566586,0.13131313026,0.240265235305,0.235788375139,0.0044768601656
0.435643553734,0.13131313026,0.245262846351,0.241092383862,0.00417046248913
0.445544540882,0.13131313026,0.250182121992,0.246321350336,0.00386077165604
0.45544552803,0.13131313026,0.255016058683,0.251466184855,0.00354987382889
0.465346515179,0.13131313026,0.259757250547,0.256517469883,0.00323978066444
0.475247502327,0.13131313026,0.264397531748,0.261465281248,0.00293225049973
0.485148519278,0.13131313026,0.268928527832,0.266299396753,0.00262913107872
0.495049506426,0.13131313026,0.273341029882,0.271008759737,0.00233227014542
0.504950523376,0.13131313026,0.27762529254,0.275581717491,0.00204357504845
0.51485145092,0.13131313026,0.281770944595,0.280006468296,0.00176447629929
0.524752497673,0.13131313026,0.285767018795,0.284270226955,0.0014967918396
0.534653484821,0.13131313026,0.289601773024,0.288359642029,0.0012421309948
0.54455447197,0.13131313026,0.293262720108,0.292260318995,0.00100240111351
0.554455459118,0.13131313026,0.296736836433,0.295957356691,0.00077947974205
0.564356446266,0.13131313026,0.300010204315,0.299434959888,0.000575244426727
0.574257433414,0.13131313026,0.303068101406,0.302676469088,0.000391632318497
0.584158420563,0.13131313026,0.305895239115,0.30566444993,0.00023078918457
0.594059407711,0.13131313026,0.308475285769,0.308380365372,9.49203968048e-05
0.603960394859,0.13131313026,0.310791343451,0.310804992914,1.36494636536e-05
0.613861382008,0.13131313026,0.312825620174,0.312917977571,9.23573970795e-05
0.623762369156,0.13131313026,0.314559578896,0.314698636532,0.000139057636261
0.633663415909,0.13131313026,0.315973997116,0.316124856472,0.000150859355927
0.643564343452,0.13131313026,0.31704890728,0.317174255848,0.000125348567963
0.653465390205,0.13131313026,0.31776368618,0.317823797464,6.0111284256e-05
0.663366317749,0.13131313026,0.318097144365,0.318049907684,4.72366809845e-05
0.673267364502,0.13131313026,0.318027466536,0.317828685045,0.000198781490326
0.683168292046,0.13131313026,0.317532628775,0.317135930061,0.000396698713303
0.693069338799,0.13131313026,0.316590040922,0.3159481287,0.000641912221909
0.702970266342,0.13131313026,0.315177112818,0.314241707325,0.000935405492783
0.712871313095,0.13131313026,0.313271105289,0.31199413538,0.00127696990967
0.722772240639,0.13131313026,0.310849457979,0.309183508158,0.00166594982147
0.732673287392,0.13131313026,0.30788987875,0.3057898283,0.00210005044937
0.74257427454,0.13131313026,0.304370820522,0.301794230938,0.00257658958435
0.752475261688,0.13131313026,0.300271302462,0.297180294991,0.00309100747108
0.762376248837,0.13131313026,0.295571476221,0.291933506727,0.00363796949387
0.772277235985,0.13131313026,0.290253013372,0.286042362452,0.00421065092087
0.782178223133,0.13131313026,0.284299045801,0.279498010874,0.00480103492737
0.792079210281,0.13131313026,0.277694731951,0.27229487896,0.0053998529911
0.80198019743,0.13131313026,0.27042761445,0.264430642128,0.00599697232246
0.811881184578,0.13131313026,0.262487947941,0.255906432867,0.00658151507378
0.821782171726,0.13131313026,0.253868967295,0.246727734804,0.00714123249054
0.831683158875,0.13131313026,0.24456730485,0.236903369427,0.0076639354229
0.841584146023,0.13131313026,0.234583288431,0.226446688175,0.00813660025597
0.851485133171,0.13131313026,0.223921433091,0.215375095606,0.00854633748531
0.861386120319,0.13131313026,0.21259047091,0.203710436821,0.00888003408909
0.871287107468,0.13131313026,0.200603619218,0.191478729248,0.00912488996983
0.881188154221,0.13131313026,0.187979266047,0.178710699081,0.00926856696606
0.891089081764,0.13131313026,0.174740612507,0.165441274643,0.00929933786392
0.900990128517,0.13131313026,0.16091555357,0.151709526777,0.00920602679253
0.910891115665,0.13131313026,0.146537572145,0.137558966875,0.00897860527039
0.920792102814,0.13131313026,0.131644695997,0.123036824167,0.00860787183046
0.930693089962,0.13131313026,0.1162802279,0.108193971217,0.00808625668287
0.94059407711,0.13131313026,0.100491695106,0.0930846855044,0.00740700960159
0.950495064259,0.13131313026,0.0843308866024,0.0777665302157,0.00656435638666
0.960396051407,0.13131313026,0.0678537636995,0.0622991845012,0.00555457919836
0.970297038555,0.13131313026,0.0511193014681,0.0467448979616,0.00437440350652
0.980198025703,0.13131313026,0.0341893136501,0.0311674997211,0.00302181392908
0.990099012852,0.13131313026,0.0171276386827,0.0156320556998,0.0014955829829
0.00990098994225,0.141414135695,0.00565550941974,0.00427866540849,0.00137684401125
0.0198019798845,0.141414135695,0.0113110188395,0.0089385677129,0.00237245112658
0.0297029688954,0.141414135695,0.01696652174,0.0136916339397,0.00327488780022
0.039603959769,0.141414135695,0.0226220078766,0.018532384187,0.00408962368965
0.0495049506426,0.141414135695,0.0282774586231,0.0234559476376,0.00482151098549
0.0594059377909,0.141414135695,0.0339328311384,0.0284570194781,0.00547581166029
0.0693069323897,0.141414135695,0.0395880751312,0.0335306562483,0.00605741888285
0.079207919538,0.141414135695,0.0452431067824,0.0386720485985,0.00657105818391
0.0891089066863,0.141414135695,0.0508978292346,0.0438761822879,0.00702164694667
0.0990099012852,0.141414135695,0.0565521195531,0.0491385534406,0.00741356611252
0.108910888433,0.141414135695,0.0622058026493,0.0544543340802,0.00775146856904
0.118811875582,0.141414135695,0.0678586810827,0.0598191544414,0.00803952664137
0.12871286273,0.141414135695,0.0735104903579,0.065228998661,0.00828149169683
0.138613864779,0.141414135695,0.0791609659791,0.0706793144345,0.00848165154457
0.148514851928,0.141414135695,0.0848097279668,0.0761663466692,0.00864338129759
0.158415839076,0.141414135695,0.0904563888907,0.0816863626242,0.00877002626657
0.168316826224,0.141414135695,0.096100486815,0.0872355923057,0.00886489450932
0.178217813373,0.141414135695,0.101741477847,0.0928109660745,0.00893051177263
0.188118815422,0.141414135695,0.107378765941,0.0984091684222,0.00896959751844
0.19801980257,0.141414135695,0.113011643291,0.104027181864,0.00898446142673
0.207920789719,0.141414135695,0.118639327586,0.109662286937,0.00897704064846
0.217821776867,0.141414135695,0.12426096946,0.115312002599,0.00894896686077
0.227722764015,0.141414135695,0.129875555634,0.120973847806,0.00890170782804
0.237623751163,0.141414135695,0.135482013226,0.126645624638,0.00883638858795
0.247524753213,0.141414135695,0.141079127789,0.132324874401,0.00875425338745
0.25742572546,0.141414135695,0.146665558219,0.138009488583,0.00865606963634
0.267326742411,0.141414135695,0.152239859104,0.14369764924,0.00854220986366
0.277227729559,0.141414135695,0.157800391316,0.149386763573,0.00841362774372
0.287128716707,0.141414135695,0.163345366716,0.155074924231,0.00827044248581
0.297029703856,0.141414135695,0.16887280345,0.160759359598,0.00811344385147
0.306930691004,0.141414135695,0.174380600452,0.166438162327,0.00794243812561
0.316831678152,0.141414135695,0.179866403341,0.172108620405,0.0077577829361
0.3267326653,0.141414135695,0.185327723622,0.17776787281,0.00755985081196
0.336633652449,0.141414135695,0.190761685371,0.183413118124,0.00734856724739
0.346534639597,0.141414135695,0.196165397763,0.189041465521,0.00712393224239
0.356435626745,0.141414135695,0.201535522938,0.194649219513,0.00688630342484
0.366336613894,0.141414135695,0.206868559122,0.200232744217,0.00663581490517
0.376237630844,0.141414135695,0.212160676718,0.205787420273,0.00637325644493
0.386138617992,0.141414135695,0.217407718301,0.211308985949,0.00609873235226
0.396039605141,0.141414135695,0.222605198622,0.216791838408,0.00581336021423
0.405940592289,0.141414135695,0.227748379111,0.222229868174,0.00551851093769
0.415841579437,0.141414135695,0.232832014561,0.227616608143,0.00521540641785
0.425742566586,0.141414135695,0.237850531936,0.232944995165,0.00490553677082
0.435643553734,0.141414135695,0.242797926068,0.238207310438,0.00459061563015
0.445544540882,0.141414135695,0.247667774558,0.243394881487,0.00427289307117
0.45544552803,0.141414135695,0.252453118563,0.248499125242,0.00395399332047
0.465346515179,0.141414135695,0.257146656513,0.253510653973,0.00363600254059
0.475247502327,0.141414135695,0.261740326881,0.2584194839,0.00332084298134
0.485148519278,0.141414135695,0.266225755215,0.263215452433,0.00301030278206
0.495049506426,0.141414135695,0.270593911409,0.267887234688,0.00270667672157
0.504950523376,0.141414135695,0.274835109711,0.272423714399,0.00241139531136
0.51485145092,0.141414135695,0.27893909812,0.276812553406,0.00212654471397
0.524752497673,0.141414135695,0.282895028591,0.281040996313,0.00185403227806
0.534653484821,0.141414135695,0.286691218615,0.285095542669,0.00159567594528
0.54455447197,0.141414135695,0.290315389633,0.288961976767,0.00135341286659
0.554455459118,0.141414135695,0.293754607439,0.292625278234,0.00112932920456
0.564356446266,0.141414135695,0.296995073557,0.296069562435,0.00092551112175
0.574257433414,0.141414135695,0.300022244453,0.299278140068,0.000744104385376
0.584158420563,0.141414135695,0.302820980549,0.302233278751,0.000587701797485
0.594059407711,0.141414135695,0.30537506938,0.304916739464,0.000458329916
0.603960394859,0.141414135695,0.307667851448,0.30730882287,0.000359028577805
0.613861382008,0.141414135695,0.309681683779,0.309389799833,0.000291883945465
0.623762369156,0.141414135695,0.311398178339,0.311138242483,0.000259935855865
0.633663415909,0.141414135695,0.312798440456,0.312532752752,0.000265687704086
0.643564343452,0.141414135695,0.313862532377,0.313550591469,0.000311940908432
0.653465390205,0.141414135695,0.314570099115,0.314169198275,0.000400900840759
0.663366317749,0.141414135695,0.314900189638,0.314364701509,0.000535488128662
0.673267364502,0.141414135695,0.314831256866,0.314114004374,0.000717252492905
0.683168292046,0.141414135695,0.314341366291,0.313393175602,0.000948190689087
0.693069338799,0.141414135695,0.313408285379,0.312178939581,0.00122934579849
0.702970266342,0.141414135695,0.31200954318,0.310448348522,0.00156119465828
0.712871313095,0.141414135695,0.310122698545,0.308179229498,0.00194346904755
0.722772240639,0.141414135695,0.30772536993,0.305350989103,0.00237438082695
0.732673287392,0.141414135695,0.304795563221,0.30194362998,0.00285193324089
0.74257427454,0.141414135695,0.301311850548,0.297939360142,0.00337249040604
0.752475261688,0.141414135695,0.297253519297,0.293322682381,0.00393083691597
0.762376248837,0.141414135695,0.292600929737,0.288080066442,0.0045208632946
0.772277235985,0.141414135695,0.287335902452,0.282200753689,0.00513514876366
0.782178223133,0.141414135695,0.281441807747,0.275676935911,0.00576487183571
0.792079210281,0.141414135695,0.274903863668,0.268503785133,0.00640007853508
0.80198019743,0.141414135695,0.267709761858,0.260679900646,0.00702986121178
0.811881184578,0.141414135695,0.259849905968,0.252207517624,0.00764238834381
0.821782171726,0.141414135695,0.251317560673,0.243092745543,0.00822481513023
0.831683158875,0.141414135695,0.242109373212,0.233344972134,0.00876440107822
0.841584146023,0.141414135695,0.232225686312,0.222978621721,0.00924706459045
0.851485133171,0.141414135695,0.221670985222,0.212011605501,0.00965937972069
0.861386120319,0.141414135695,0.210453897715,0.200466156006,0.00998774170876
0.871287107468,0.141414135695,0.198587536812,0.188369065523,0.0102184712887
0.881188154221,0.141414135695,0.186090052128,0.175751030445,0.0103390216827
0.891089081764,0.141414135695,0.172984451056,0.162647545338,0.0103369057178
0.900990128517,0.141414135695,0.159298330545,0.149097591639,0.0102007389069
0.910891115665,0.141414135695,0.145064845681,0.135144591331,0.00992025434971
0.920792102814,0.141414135695,0.130321651697,0.120835788548,0.00948586314917
0.930693089962,0.141414135695,0.115111589432,0.106221571565,0.00889001786709
0.94059407711,0.141414135695,0.0994817391038,0.091356150806,0.00812558829784
0.950495064259,0.141414135695,0.0834833532572,0.0762959718704,0.00718738138676
0.960396051407,0.141414135695,0.0671718269587,0.0611005797982,0.00607124716043
0.970297038555,0.141414135695,0.0506055429578,0.0458310879767,0.00477445498109
0.980198025703,0.141414135695,0.0338457040489,0.0305507183075,0.00329498574138
0.990099012852,0.141414135695,0.0169555023313,0.0153233706951,0.00163213163614
0.00990098994225,0.151515156031,0.00559867033735,0.00415295362473,0.00144571671262
0.0198019798845,0.151515156031,0.0111973406747,0.00868574157357,0.00251159910113
0.0297029688954,0.151515156031,0.0167960040271,0.0133157074451,0.00348029658198
0.039603959769,0.151515156031,0.0223946515471,0.0180378630757,0.00435678847134
0.0495049506426,0.151515156031,0.0279932618141,0.0228471085429,0.0051461532712
0.0594059377909,0.151515156031,0.0335917957127,0.0277386382222,0.00585315749049
0.0693069323897,0.151515156031,0.0391902066767,0.0327071920037,0.00648301467299
0.079207919538,0.151515156031,0.0447884052992,0.0377480126917,0.00704039260745
0.0891089066863,0.151515156031,0.0503862947226,0.0428563840687,0.00752991065383
0.0990099012852,0.151515156031,0.0559837594628,0.0480273291469,0.00795643031597
0.108910888433,0.151515156031,0.0615806207061,0.0532563999295,0.00832422077656
0.118811875582,0.151515156031,0.0671766772866,0.0585388019681,0.00863787531853
0.12871286273,0.151515156031,0.0727716907859,0.0638704225421,0.00890126824379
0.138613864779,0.151515156031,0.0783653855324,0.0692467540503,0.00911863148212
0.148514851928,0.151515156031,0.0839573666453,0.074663579464,0.00929378718138
0.158415839076,0.151515156031,0.089547291398,0.0801170691848,0.00943022221327
0.168316826224,0.151515156031,0.0951346680522,0.0856033489108,0.00953131914139
0.178217813373,0.151515156031,0.100718952715,0.0911188647151,0.0096000880003
0.188118815422,0.151515156031,0.106299586594,0.0966599658132,0.00963962078094
0.19801980257,0.151515156031,0.111875854433,0.102223679423,0.00965217500925
0.207920789719,0.151515156031,0.11744697392,0.10780685395,0.00964011996984
0.217821776867,0.151515156031,0.123012118042,0.113406650722,0.00960546731949
0.227722764015,0.151515156031,0.128570273519,0.119020290673,0.00954998284578
0.237623751163,0.151515156031,0.134120389819,0.124645389616,0.00947500020266
0.247524753213,0.151515156031,0.139661237597,0.130279332399,0.0093819051981
0.25742572546,0.151515156031,0.145191535354,0.135919928551,0.00927160680294
0.267326742411,0.151515156031,0.150709822774,0.14156460762,0.00914521515369
0.277227729559,0.151515156031,0.156214460731,0.147211134434,0.00900332629681
0.287128716707,0.151515156031,0.161703705788,0.152857035398,0.00884667038918
0.297029703856,0.151515156031,0.167175590992,0.158499956131,0.00867563486099
0.306930691004,0.151515156031,0.172628045082,0.164137154818,0.00849089026451
0.316831678152,0.151515156031,0.178058698773,0.169765949249,0.00829274952412
0.3267326653,0.151515156031,0.183465123177,0.175383687019,0.00808143615723
0.336633652449,0.151515156031,0.188844487071,0.180987089872,0.00785739719868
0.346534639597,0.151515156031,0.194193899632,0.186573177576,0.00762072205544
0.356435626745,0.151515156031,0.199510037899,0.192138254642,0.00737178325653
0.366336613894,0.151515156031,0.204789474607,0.197678655386,0.00711081922054
0.376237630844,0.151515156031,0.210028409958,0.203190088272,0.00683832168579
0.386138617992,0.151515156031,0.215222731233,0.208667695522,0.00655503571033
0.396039605141,0.151515156031,0.220367982984,0.214106410742,0.00626157224178
0.405940592289,0.151515156031,0.225459471345,0.219500273466,0.00595919787884
0.415841579437,0.151515156031,0.230491966009,0.224842965603,0.00564900040627
0.425742566586,0.151515156031,0.235460072756,0.230127483606,0.00533258914948
0.435643553734,0.151515156031,0.240357741714,0.235345870256,0.0050118714571
0.445544540882,0.151515156031,0.245178639889,0.240490406752,0.00468823313713
0.45544552803,0.151515156031,0.249915897846,0.245552152395,0.00436374545097
0.465346515179,0.151515156031,0.25456225872,0.250521659851,0.00404059886932
0.475247502327,0.151515156031,0.259109765291,0.255389302969,0.00372046232224
0.485148519278,0.151515156031,0.263550132513,0.260144591331,0.00340554118156
0.495049506426,0.151515156031,0.267874360085,0.2647767663,0.00309759378433
0.504950523376,0.151515156031,0.272072970867,0.269274175167,0.00279879570007
0.51485145092,0.151515156031,0.276135712862,0.273624539375,0.00251117348671
0.524752497673,0.151515156031,0.280051857233,0.277815192938,0.0022366642952
0.534653484821,0.151515156031,0.283809900284,0.281832635403,0.00197726488113
0.54455447197,0.151515156031,0.287397652864,0.285662382841,0.00173527002335
0.554455459118,0.151515156031,0.290802299976,0.28928938508,0.00151291489601
0.564356446266,0.151515156031,0.294010192156,0.292697697878,0.00131249427795
0.574257433414,0.151515156031,0.297006964684,0.295870512724,0.00113645195961
0.584158420563,0.151515156031,0.299777507782,0.298790097237,0.000987410545349
0.594059407711,0.151515156031,0.302305996418,0.301438093185,0.000867903232574
0.603960394859,0.151515156031,0.304575711489,0.303794920444,0.000780791044235
0.613861382008,0.151515156031,0.30656927824,0.305840492249,0.000728785991669
0.623762369156,0.151515156031,0.308268606663,0.307554006577,0.000714600086212
0.633663415909,0.151515156031,0.309654712677,0.308913469315,0.000741243362427
0.643564343452,0.151515156031,0.310708135366,0.309896796942,0.000811338424683
0.653465390205,0.151515156031,0.31140857935,0.310481220484,0.000927358865738
0.663366317749,0.151515156031,0.311735391617,0.310643464327,0.00109192728996
0.673267364502,0.151515156031,0.311667114496,0.310360342264,0.00130677223206
0.683168292046,0.151515156031,0.311182171106,0.309608668089,0.00157350301743
0.693069338799,0.151515156031,0.310258448124,0.308365434408,0.00189301371574
0.702970266342,0.151515156031,0.308873772621,0.306608438492,0.00226533412933
0.712871313095,0.151515156031,0.307005882263,0.304315954447,0.00268992781639
0.722772240639,0.151515156031,0.304632663727,0.301468044519,0.00316461920738
0.732673287392,0.151515156031,0.30173227191,0.298045784235,0.00368648767471
0.74257427454,0.151515156031,0.298283606768,0.294032126665,0.00425148010254
0.752475261688,0.151515156031,0.294266074896,0.289412289858,0.00485378503799
0.762376248837,0.151515156031,0.289660215378,0.28417378664,0.00548642873764
0.772277235985,0.151515156031,0.284448117018,0.278306603432,0.00614151358604
0.782178223133,0.151515156031,0.278613239527,0.27180403471,0.00680920481682
0.792079210281,0.151515156031,0.272141009569,0.264661937952,0.00747907161713
0.80198019743,0.151515156031,0.265019208193,0.25687995553,0.00813925266266
0.811881184578,0.151515156031,0.257238358259,0.248461157084,0.00877720117569
0.821782171726,0.151515156031,0.248791754246,0.239412248135,0.00937950611115
0.831683158875,0.151515156031,0.239676132798,0.229743778706,0.0099323540926
0.841584146023,0.151515156031,0.229891777039,0.219470471144,0.0104213058949
0.851485133171,0.151515156031,0.219443142414,0.208610892296,0.0108322501183
0.861386120319,0.151515156031,0.208338797092,0.197187691927,0.0111511051655
0.871287107468,0.151515156031,0.196591690183,0.185228288174,0.011363402009
0.881188154221,0.151515156031,0.184219807386,0.172763586044,0.0114562213421
0.891089081764,0.151515156031,0.171245917678,0.159829229116,0.0114166885614
0.900990128517,0.151515156031,0.157697334886,0.146464139223,0.0112331956625
0.910891115665,0.151515156031,0.14360691607,0.132712125778,0.0108947902918
0.920792102814,0.151515156031,0.129011884332,0.118619643152,0.0103922411799
0.930693089962,0.151515156031,0.113954693079,0.104237176478,0.00971751660109
0.94059407711,0.151515156031,0.0984819307923,0.0896182581782,0.0088636726141
0.950495064259,0.151515156031,0.0826443210244,0.0748190358281,0.0078252851963
0.960396051407,0.151515156031,0.0664967373013,0.0598977953196,0.00659894198179
0.970297038555,0.151515156031,0.0500969476998,0.0449155159295,0.00518143177032
0.980198025703,0.151515156031,0.0335055477917,0.0299341753125,0.0035713724792
0.990099012852,0.151515156031,0.0167850963771,0.0150168351829,0.00176826119423
0.00990098994225,0.161616161466,0.00554240262136,0.00402858294547,0.00151381967589
0.0198019798845,0.161616161466,0.0110848052427,0.00843362696469,0.00265117827803
0.0297029688954,0.161616161466,0.0166272036731,0.0129400286824,0.00368717499077
0.039603959769,0.161616161466,0.0221695825458,0.0175429321826,0.00462665036321
0.0495049506426,0.161616161466,0.0277119260281,0.022237598896,0.00547432713211
0.0594059377909,0.161616161466,0.0332541950047,0.0270189121366,0.00623528286815
0.0693069323897,0.161616161466,0.038796339184,0.0318819768727,0.00691436231136
0.079207919538,0.161616161466,0.0443382710218,0.0368220806122,0.00751619040966
0.0891089066863,0.161616161466,0.0498799048364,0.0418342240155,0.00804568082094
0.0990099012852,0.161616161466,0.0554211176932,0.0469137579203,0.00850735977292
0.108910888433,0.161616161466,0.0609617270529,0.0520558729768,0.00890585407615
0.118811875582,0.161616161466,0.0665015429258,0.0572560280561,0.00924551486969
0.12871286273,0.161616161466,0.0720403268933,0.062509663403,0.0095306634903
0.138613864779,0.161616161466,0.0775777995586,0.0678123384714,0.00976546108723
0.148514851928,0.161616161466,0.0831135883927,0.0731595754623,0.00995401293039
0.158415839076,0.161616161466,0.0886473283172,0.0785473808646,0.0100999474525
0.168316826224,0.161616161466,0.0941785424948,0.083971619606,0.0102069228888
0.178217813373,0.161616161466,0.0997067093849,0.0894284844398,0.0102782249451
0.188118815422,0.161616161466,0.105231262743,0.0949140936136,0.0103171691298
0.19801980257,0.161616161466,0.110751487315,0.100425109267,0.0103263780475
0.207920789719,0.161616161466,0.116266615689,0.105958022177,0.0103085935116
0.217821776867,0.161616161466,0.121775820851,0.111509822309,0.0102659985423
0.227722764015,0.161616161466,0.127278119326,0.117077358067,0.0102007612586
0.237623751163,0.161616161466,0.132772445679,0.12265805155,0.0101143941283
0.247524753213,0.161616161466,0.138257622719,0.128249019384,0.0100086033344
0.25742572546,0.161616161466,0.143732339144,0.133847564459,0.00988477468491
0.267326742411,0.161616161466,0.149195149541,0.139451295137,0.0097438544035
0.277227729559,0.161616161466,0.154644474387,0.145057499409,0.00958697497845
0.287128716707,0.161616161466,0.160078555346,0.150663405657,0.00941514968872
0.297029703856,0.161616161466,0.165495440364,0.156266480684,0.0092289596796
0.306930691004,0.161616161466,0.170893102884,0.161864072084,0.00902903079987
0.316831678152,0.161616161466,0.176269188523,0.167453080416,0.00881610810757
0.3267326653,0.161616161466,0.181621283293,0.173030555248,0.00859072804451
0.336633652449,0.161616161466,0.186946570873,0.178593337536,0.0083532333374
0.346534639597,0.161616161466,0.192242205143,0.184138059616,0.00810414552689
0.356435626745,0.161616161466,0.197504922748,0.18966126442,0.00784365832806
0.366336613894,0.161616161466,0.202731311321,0.19515889883,0.00757241249084
0.376237630844,0.161616161466,0.207917585969,0.200626671314,0.00729091465473
0.386138617992,0.161616161466,0.213059708476,0.20606020093,0.00699950754642
0.396039605141,0.161616161466,0.218153238297,0.211454093456,0.00669914484024
0.405940592289,0.161616161466,0.22319355607,0.216802746058,0.00639081001282
0.415841579437,0.161616161466,0.228175491095,0.222099900246,0.00607559084892
0.425742566586,0.161616161466,0.233093649149,0.227338671684,0.00575497746468
0.435643553734,0.161616161466,0.237942129374,0.232511818409,0.00543031096458
0.445544540882,0.161616161466,0.242714554071,0.237611055374,0.00510349869728
0.45544552803,0.161616161466,0.24740421772,0.242628008127,0.00477620959282
0.465346515179,0.161616161466,0.252003848553,0.247553288937,0.00445055961609
0.475247502327,0.161616161466,0.256505668163,0.252377301455,0.00412836670876
0.485148519278,0.161616161466,0.260901421309,0.25708976388,0.00381165742874
0.495049506426,0.161616161466,0.265182197094,0.261679559946,0.0035026371479
0.504950523376,0.161616161466,0.269338577986,0.266135364771,0.00320321321487
0.51485145092,0.161616161466,0.273360490799,0.27044481039,0.00291568040848
0.524752497673,0.161616161466,0.277237296104,0.274595171213,0.00264212489128
0.534653484821,0.161616161466,0.28095754981,0.278572767973,0.00238478183746
0.54455447197,0.161616161466,0.284509271383,0.282363116741,0.00214615464211
0.554455459118,0.161616161466,0.287879675627,0.285951018333,0.00192865729332
0.564356446266,0.161616161466,0.291055351496,0.28932055831,0.00173479318619
0.574257433414,0.161616161466,0.294021993876,0.292454749346,0.00156724452972
0.584158420563,0.161616161466,0.296764701605,0.295335888863,0.00142881274223
0.594059407711,0.161616161466,0.29926776886,0.297945439816,0.00132232904434
0.603960394859,0.161616161466,0.301514685154,0.300263822079,0.00125086307526
0.613861382008,0.161616161466,0.303488254547,0.302271187305,0.00121706724167
0.623762369156,0.161616161466,0.305170446634,0.303946316242,0.00122413039207
0.633663415909,0.161616161466,0.306542634964,0.305267721415,0.00127491354942
0.643564343452,0.161616161466,0.307585477829,0.306213319302,0.00137215852737
0.653465390205,0.161616161466,0.308278888464,0.306760400534,0.0015184879303
0.663366317749,0.161616161466,0.308602392673,0.306886345148,0.00171604752541
0.673267364502,0.161616161466,0.308534801006,0.306567966938,0.0019668340683
0.683168292046,0.161616161466,0.308054745197,0.305782586336,0.00227215886116
0.693069338799,0.161616161466,0.307140320539,0.304507821798,0.00263249874115
0.702970266342,0.161616161466,0.305769532919,0.302722036839,0.0030474960804
0.712871313095,0.161616161466,0.303920418024,0.300404340029,0.0035160779953
0.722772240639,0.161616161466,0.301571041346,0.297535270452,0.0040357708931
0.732673287392,0.161616161466,0.298699826002,0.294096797705,0.00460302829742
0.74257427454,0.161616161466,0.295285791159,0.290072798729,0.00521299242973
0.752475261688,0.161616161466,0.291308641434,0.285449415445,0.00585922598839
0.762376248837,0.161616161466,0.286749094725,0.280214846134,0.00653424859047
0.772277235985,0.161616161466,0.281589359045,0.274360239506,0.00722911953926
0.782178223133,0.161616161466,0.275813132524,0.267879575491,0.00793355703354
0.792079210281,0.161616161466,0.269405931234,0.260769844055,0.00863608717918
0.80198019743,0.161616161466,0.262355744839,0.253031343222,0.00932440161705
0.811881184578,0.161616161466,0.254653036594,0.244668066502,0.00998497009277
0.821782171726,0.161616161466,0.246291354299,0.235687375069,0.0106039792299
0.831683158875,0.161616161466,0.237267360091,0.226100534201,0.0111668258905
0.841584146023,0.161616161466,0.227581337094,0.215922743082,0.0116585940123
0.851485133171,0.161616161466,0.217237710953,0.205173432827,0.0120642781258
0.861386120319,0.161616161466,0.206244960427,0.193875640631,0.0123693197966
0.871287107468,0.161616161466,0.194615900517,0.182056963444,0.0125589370728
0.881188154221,0.161616161466,0.18236836791,0.169748693705,0.0126196742058
0.891089081764,0.161616161466,0.169524878263,0.156986624002,0.012538254261
0.900990128517,0.161616161466,0.156112447381,0.143809765577,0.0123026818037
0.910891115665,0.161616161466,0.1421636343,0.13026162982,0.0119020044804
0.920792102814,0.161616161466,0.127715289593,0.1163886711,0.0113266184926
0.930693089962,0.161616161466,0.112809427083,0.102240793407,0.0105686336756
0.94059407711,0.161616161466,0.0974921658635,0.0878711417317,0.00962102413177
0.950495064259,0.161616161466,0.0818137377501,0.0733351185918,0.00847861915827
0.960396051407,0.161616161466,0.065828435123,0.0586908459663,0.00713758915663
0.970297038555,0.161616161466,0.0495934635401,0.0439977794886,0.00559568405151
0.980198025703,0.161616161466,0.0331688113511,0.0293173976243,0.00385141372681
0.990099012852,0.161616161466,0.0166164040565,0.0147117953748,0.0019046086818
0.00990098994225,0.171717166901,0.00548670068383,0.00390497408807,0.00158172659576
0.0198019798845,0.171717166901,0.010973402299,0.00818175822496,0.00279164407402
0.0297029688954,0.171717166901,0.0164600964636,0.0125641152263,0.00389598123729
0.039603959769,0.171717166901,0.0219467747957,0.0170473754406,0.00489939935505
0.0495049506426,0.171717166901,0.0274334177375,0.0216266401112,0.00580677762628
0.0594059377909,0.171717166901,0.0329199843109,0.026297301054,0.00662268325686
0.0693069323897,0.171717166901,0.0384064279497,0.0310544334352,0.00735199451447
0.079207919538,0.171717166901,0.0438926666975,0.0358932577074,0.00799940899014
0.0891089066863,0.171717166901,0.0493785999715,0.0408089607954,0.00856963917613
0.0990099012852,0.171717166901,0.0548641234636,0.0457968227565,0.0090673007071
0.108910888433,0.171717166901,0.0603490509093,0.0508520230651,0.00949702784419
0.118811875582,0.171717166901,0.065833196044,0.0559698268771,0.00986336916685
0.12871286273,0.171717166901,0.0713163092732,0.0611457675695,0.0101705417037
0.138613864779,0.171717166901,0.0767981261015,0.0663750991225,0.010423026979
0.148514851928,0.171717166901,0.0822782814503,0.0716534778476,0.0106248036027
0.158415839076,0.171717166901,0.0877564027905,0.0769762843847,0.0107801184058
0.168316826224,0.171717166901,0.0932320281863,0.082339592278,0.0108924359083
0.178217813373,0.171717166901,0.0987046435475,0.0877389982343,0.0109656453133
0.188118815422,0.171717166901,0.104173667729,0.0931704416871,0.0110032260418
0.19801980257,0.171717166901,0.109638407826,0.0986303836107,0.0110080242157
0.207920789719,0.171717166901,0.115098118782,0.104114972055,0.0109831467271
0.217821776867,0.171717166901,0.120551966131,0.109620891511,0.0109310746193
0.227722764015,0.171717166901,0.125998958945,0.115144528449,0.0108544304967
0.237623751163,0.171717166901,0.131438061595,0.120683215559,0.0107548460364
0.247524753213,0.171717166901,0.13686811924,0.126233518124,0.0106346011162
0.25742572546,0.171717166901,0.142287805676,0.131792664528,0.0104951411486
0.267326742411,0.171717166901,0.147695720196,0.137357711792,0.0103380084038
0.277227729559,0.171717166901,0.153090283275,0.142926037312,0.0101642459631
0.287128716707,0.171717166901,0.158469736576,0.148494422436,0.00997531414032
0.297029703856,0.171717166901,0.163832187653,0.15406024456,0.00977194309235
0.306930691004,0.171717166901,0.169175609946,0.159620314837,0.00955529510975
0.316831678152,0.171717166901,0.174497663975,0.165171355009,0.00932630896568
0.3267326653,0.171717166901,0.179795965552,0.170710474253,0.00908549129963
0.336633652449,0.171717166901,0.185067728162,0.176234096289,0.00883363187313
0.346534639597,0.171717166901,0.190310150385,0.181738704443,0.00857144594193
0.356435626745,0.171717166901,0.195519968867,0.187220752239,0.00829921662807
0.366336613894,0.171717166901,0.200693830848,0.192676097155,0.00801773369312
0.376237630844,0.171717166901,0.205827981234,0.198100596666,0.00772738456726
0.386138617992,0.171717166901,0.210918426514,0.203489601612,0.00742882490158
0.396039605141,0.171717166901,0.215960785747,0.208838194609,0.00712259113789
0.405940592289,0.171717166901,0.22095040977,0.214140534401,0.00680987536907
0.415841579437,0.171717166901,0.225882291794,0.219391018152,0.00649127364159
0.425742566586,0.171717166901,0.230751037598,0.224582582712,0.00616845488548
0.435643553734,0.171717166901,0.235550761223,0.229708373547,0.00584238767624
0.445544540882,0.171717166901,0.240275233984,0.234760344028,0.00551488995552
0.45544552803,0.171717166901,0.244917750359,0.239730060101,0.00518769025803
0.465346515179,0.171717166901,0.249471187592,0.244608789682,0.00486239790916
0.475247502327,0.171717166901,0.253927767277,0.249386578798,0.00454118847847
0.485148519278,0.171717166901,0.258279293776,0.254053413868,0.00422587990761
0.495049506426,0.171717166901,0.26251706481,0.258598357439,0.00391870737076
0.504950523376,0.171717166901,0.266631692648,0.263009876013,0.00362181663513
0.51485145092,0.171717166901,0.27061316371,0.26727566123,0.00333750247955
0.524752497673,0.171717166901,0.274451047182,0.271382957697,0.00306808948517
0.534653484821,0.171717166901,0.278133898973,0.275317877531,0.00281602144241
0.54455447197,0.171717166901,0.281649887562,0.279065936804,0.00258395075798
0.554455459118,0.171717166901,0.284986436367,0.282611995935,0.00237444043159
0.564356446266,0.171717166901,0.288130193949,0.285939753056,0.00219044089317
0.574257433414,0.171717166901,0.291067004204,0.289032310247,0.00203469395638
0.584158420563,0.171717166901,0.293782174587,0.29187181592,0.00191035866737
0.594059407711,0.171717166901,0.29626005888,0.294439762831,0.00182029604912
0.603960394859,0.171717166901,0.298484385014,0.296716570854,0.00176781415939
0.613861382008,0.171717166901,0.300438135862,0.298682242632,0.00175589323044
0.623762369156,0.171717166901,0.302103430033,0.300315827131,0.00178760290146
0.633663415909,0.171717166901,0.303461849689,0.301595836878,0.00186601281166
0.643564343452,0.171717166901,0.304494172335,0.302500367165,0.00199380517006
0.653465390205,0.171717166901,0.305180639029,0.30300706625,0.0021735727787
0.663366317749,0.171717166901,0.305500894785,0.303093463182,0.00240743160248
0.673267364502,0.171717166901,0.305433988571,0.302736967802,0.00269702076912
0.683168292046,0.171717166901,0.304958760738,0.301915109158,0.00304365158081
0.693069338799,0.171717166901,0.304053485394,0.30060634017,0.00344714522362
0.702970266342,0.171717166901,0.302696496248,0.29878950119,0.00390699505806
0.712871313095,0.171717166901,0.300865978003,0.296444445848,0.00442153215408
0.722772240639,0.171717166901,0.298540234566,0.293552666903,0.00498756766319
0.732673287392,0.171717166901,0.295697838068,0.290096700191,0.00560113787651
0.74257427454,0.171717166901,0.2923181355,0.286061704159,0.00625643134117
0.752475261688,0.171717166901,0.288380920887,0.281434178352,0.00694674253464
0.762376248837,0.171717166901,0.28386721015,0.276203751564,0.00766345858574
0.772277235985,0.171717166901,0.278759330511,0.270362138748,0.00839719176292
0.782178223133,0.171717166901,0.273041188717,0.263904333115,0.00913685560226
0.792079210281,0.171717166901,0.266698390245,0.256828159094,0.00987023115158
0.80198019743,0.171717166901,0.259719014168,0.249134659767,0.0105843544006
0.811881184578,0.171717166901,0.252093762159,0.240828633308,0.0112651288509
0.821782171726,0.171717166901,0.243816107512,0.231918215752,0.0118978917599
0.831683158875,0.171717166901,0.234882757068,0.222415447235,0.0124673098326
0.841584146023,0.171717166901,0.225294083357,0.212336152792,0.0129579305649
0.851485133171,0.171717166901,0.215054422617,0.201699823141,0.0133545994759
0.861386120319,0.171717166901,0.204172164202,0.190530329943,0.013641834259
0.871287107468,0.171717166901,0.192659988999,0.178855448961,0.0138045400381
0.881188154221,0.171717166901,0.180535539985,0.166706830263,0.0138287097216
0.891089081764,0.171717166901,0.167821109295,0.154120057821,0.0137010514736
0.900990128517,0.171717166901,0.154543504119,0.141134589911,0.0134089142084
0.910891115665,0.171717166901,0.140734866261,0.127793192863,0.012941673398
0.920792102814,0.171717166901,0.126431748271,0.114142529666,0.0122892186046
0.930693089962,0.171717166901,0.111675679684,0.100232176483,0.011443503201
0.94059407711,0.171717166901,0.096512362361,0.0861144810915,0.0103978812695
0.950495064259,0.171717166901,0.080991499126,0.0718443095684,0.00914718955755
0.960396051407,0.171717166901,0.0651668459177,0.0574791058898,0.0076877400279
0.970297038555,0.171717166901,0.0490950420499,0.0430773645639,0.00601767748594
0.980198025703,0.171717166901,0.0328354611993,0.0286998488009,0.00413561239839
0.990099012852,0.171717166901,0.0164494048804,0.0144075155258,0.00204188935459
0.00990098994225,0.181818187237,0.00543155893683,0.00378174334764,0.00164981558919
0.0198019798845,0.181818187237,0.0108631169423,0.0079297721386,0.00293334480375
0.0297029688954,0.181818187237,0.0162946712226,0.0121874697506,0.00410720147192
0.039603959769,0.181818187237,0.021726205945,0.016550283879,0.00517592206597
0.0495049506426,0.181818187237,0.0271577071398,0.021013893187,0.0061438139528
0.0594059377909,0.181818187237,0.0325891338289,0.0255732685328,0.00701586529613
0.0693069323897,0.181818187237,0.0380204357207,0.0302241072059,0.00779632851481
0.079207919538,0.181818187237,0.0434515401721,0.0349610820413,0.00849045813084
0.0891089066863,0.181818187237,0.048882342875,0.0397799797356,0.00910236313939
0.0990099012852,0.181818187237,0.0543127320707,0.0446757636964,0.00963696837425
0.108910888433,0.181818187237,0.0597425363958,0.0496439784765,0.0100985579193
0.118811875582,0.181818187237,0.0651715621352,0.0546795427799,0.0104920193553
0.12871286273,0.181818187237,0.0705995708704,0.0597778484225,0.0108217224479
0.138613864779,0.181818187237,0.0760262906551,0.0649341717362,0.0110921189189
0.148514851928,0.181818187237,0.0814513713121,0.070144072175,0.0113072991371
0.158415839076,0.181818187237,0.0868744403124,0.0754028484225,0.0114715918899
0.168316826224,0.181818187237,0.0922950357199,0.0807061269879,0.0115889087319
0.178217813373,0.181818187237,0.0977126434445,0.0860491842031,0.0116634592414
0.188118815422,0.181818187237,0.103126704693,0.0914282053709,0.0116984993219
0.19801980257,0.181818187237,0.108536534011,0.0968386977911,0.0116978362203
0.207920789719,0.181818187237,0.113941371441,0.102276869118,0.0116645023227
0.217821776867,0.181818187237,0.119340389967,0.107738941908,0.0116014480591
0.227722764015,0.181818187237,0.124732635915,0.11322119087,0.0115114450455
0.237623751163,0.181818187237,0.130117103457,0.118720166385,0.0113969370723
0.247524753213,0.181818187237,0.135492578149,0.124232538044,0.0112600401044
0.25742572546,0.181818187237,0.14085778594,0.129755020142,0.0111027657986
0.267326742411,0.181818187237,0.146211355925,0.135284304619,0.0109270513058
0.277227729559,0.181818187237,0.151551693678,0.140817523003,0.0107341706753
0.287128716707,0.181818187237,0.156877100468,0.146351009607,0.0105260908604
0.297029703856,0.181818187237,0.162185654044,0.151882112026,0.0103035420179
0.306930691004,0.181818187237,0.167475357652,0.157407075167,0.010068282485
0.316831678152,0.181818187237,0.172743931413,0.16292271018,0.00982122123241
0.3267326653,0.181818187237,0.177988991141,0.168425410986,0.00956358015537
0.336633652449,0.181818187237,0.183207765222,0.173911750317,0.00929601490498
0.346534639597,0.181818187237,0.188397496939,0.17937785387,0.00901964306831
0.356435626745,0.181818187237,0.193554967642,0.184819757938,0.00873520970345
0.366336613894,0.181818187237,0.198676839471,0.190233707428,0.00844313204288
0.376237630844,0.181818187237,0.203759387136,0.195615142584,0.00814424455166
0.386138617992,0.181818187237,0.208798661828,0.200959682465,0.00783897936344
0.396039605141,0.181818187237,0.213790342212,0.206262260675,0.00752808153629
0.405940592289,0.181818187237,0.21872985363,0.211517572403,0.00721228122711
0.415841579437,0.181818187237,0.223612159491,0.216719835997,0.00689232349396
0.425742566586,0.181818187237,0.22843195498,0.221862763166,0.00656919181347
0.435643553734,0.181818187237,0.233183428645,0.226939111948,0.00624431669712
0.445544540882,0.181818187237,0.237860441208,0.231941610575,0.00591883063316
0.45544552803,0.181818187237,0.242456302047,0.236861944199,0.00559435784817
0.465346515179,0.181818187237,0.246963962913,0.241691350937,0.00527261197567
0.475247502327,0.181818187237,0.251375734806,0.246420413256,0.00495532155037
0.485148519278,0.181818187237,0.2556835711,0.251039028168,0.00464454293251
0.495049506426,0.181818187237,0.259878724813,0.255536109209,0.0043426156044
0.504950523376,0.181818187237,0.26395201683,0.259900480509,0.00405153632164
0.51485145092,0.181818187237,0.267893463373,0.264119774103,0.00377368927002
0.524752497673,0.181818187237,0.271692752838,0.268180787563,0.00351196527481
0.534653484821,0.181818187237,0.275338619947,0.272070199251,0.00326842069626
0.54455447197,0.181818187237,0.278819292784,0.275772929192,0.00304636359215
0.554455459118,0.181818187237,0.282122313976,0.279273927212,0.00284838676453
0.564356446266,0.181818187237,0.285234421492,0.282556831837,0.00267758965492
0.574257433414,0.181818187237,0.28814175725,0.285604506731,0.0025372505188
0.584158420563,0.181818187237,0.290829658508,0.288399279118,0.00243037939072
0.594059407711,0.181818187237,0.293282628059,0.290922284126,0.00236034393311
0.603960394859,0.181818187237,0.295484602451,0.293154120445,0.00233048200607
0.613861382008,0.181818187237,0.297418683767,0.295074820518,0.00234386324883
0.623762369156,0.181818187237,0.299067258835,0.296663492918,0.00240376591682
0.633663415909,0.181818187237,0.300412029028,0.297898709774,0.00251331925392
0.643564343452,0.181818187237,0.301433980465,0.298758804798,0.00267517566681
0.653465390205,0.181818187237,0.30211353302,0.299221754074,0.00289177894592
0.663366317749,0.181818187237,0.302430540323,0.299265384674,0.00316515564919
0.673267364502,0.181818187237,0.302364349365,0.298867613077,0.00349673628807
0.683168292046,0.181818187237,0.301893860102,0.298006623983,0.00388723611832
0.693069338799,0.181818187237,0.30099773407,0.296661168337,0.00433656573296
0.702970266342,0.181818187237,0.299654364586,0.294811069965,0.00484329462051
0.712871313095,0.181818187237,0.297842234373,0.292436718941,0.00540551543236
0.722772240639,0.181818187237,0.295539855957,0.2895206213,0.00601923465729
0.732673287392,0.181818187237,0.292726039886,0.286046147346,0.00667989253998
0.74257427454,0.181818187237,0.289380282164,0.281999111176,0.00738117098808
0.752475261688,0.181818187237,0.285482674837,0.277367323637,0.0081153512001
0.762376248837,0.181818187237,0.281014293432,0.272140979767,0.00887331366539
0.772277235985,0.181818187237,0.275957763195,0.266312807798,0.00964495539665
0.782178223133,0.181818187237,0.270297050476,0.259878724813,0.0104183256626
0.792079210281,0.181818187237,0.264018028975,0.252837270498,0.0111807584763
0.80198019743,0.181818187237,0.257108807564,0.245190531015,0.0119182765484
0.811881184578,0.181818187237,0.249560177326,0.236943721771,0.012616455555
0.821782171726,0.181818187237,0.24136570096,0.228105962276,0.0132597386837
0.831683158875,0.181818187237,0.232522144914,0.218689590693,0.0138325542212
0.841584146023,0.181818187237,0.223029866815,0.208711117506,0.0143187493086
0.851485133171,0.181818187237,0.212893098593,0.198190748692,0.0147023499012
0.861386120319,0.181818187237,0.2021201998,0.187152385712,0.0149678140879
0.871287107468,0.181818187237,0.190723732114,0.17562431097,0.0150994211435
0.881188154221,0.181818187237,0.178721129894,0.163638234138,0.0150828957558
0.891089081764,0.181818187237,0.166134491563,0.15123000741,0.0149044841528
0.900990128517,0.181818187237,0.152990326285,0.138438671827,0.014551654458
0.910891115665,0.181818187237,0.139320462942,0.125307202339,0.014013260603
0.920792102814,0.181818187237,0.125161081553,0.111881919205,0.0132791623473
0.930693089962,0.181818187237,0.110553324223,0.0982116684318,0.0123416557908
0.94059407711,0.181818187237,0.0955424010754,0.0843483358622,0.0111940652132
0.950495064259,0.181818187237,0.0801775231957,0.0703465119004,0.00983101129532
0.960396051407,0.181818187237,0.0645119175315,0.0562624037266,0.00824951380491
0.970297038555,0.181818187237,0.0486016310751,0.0421540886164,0.00644754245877
0.980198025703,0.181818187237,0.0325054563582,0.0280810520053,0.0044244043529
0.990099012852,0.181818187237,0.0162840858102,0.0141035672277,0.00218051858246
0.00990098994225,0.191919192672,0.00537697086111,0.00365862809122,0.00171834276989
0.0198019798845,0.191919192672,0.0107539417222,0.00767715834081,0.0030767833814
0.0297029688954,0.191919192672,0.016130907461,0.0118096265942,0.00432128086686
0.039603959769,0.191919192672,0.0215078555048,0.016051646322,0.00545620918274
0.0495049506426,0.191919192672,0.0268847681582,0.0203986465931,0.0064861215651
0.0594059377909,0.191919192672,0.0322616063058,0.0248463600874,0.00741524621844
0.0693069323897,0.191919192672,0.0376383289695,0.0293899811804,0.00824834778905
0.079207919538,0.191919192672,0.0430148467422,0.0340249836445,0.00898986309767
0.0891089066863,0.191919192672,0.0483910664916,0.0387465804815,0.00964448601007
0.0990099012852,0.191919192672,0.0537668839097,0.0435501635075,0.0102167204022
0.108910888433,0.191919192672,0.0591421164572,0.0484309569001,0.0107111595571
0.118811875582,0.191919192672,0.0645165815949,0.0533841699362,0.0111324116588
0.12871286273,0.191919192672,0.069890037179,0.0584050863981,0.0114849507809
0.138613864779,0.191919192672,0.0752622187138,0.0634889304638,0.01177328825
0.148514851928,0.191919192672,0.080632776022,0.0686307474971,0.0120020285249
0.158415839076,0.191919192672,0.0860013365746,0.0738260149956,0.012175321579
0.168316826224,0.191919192672,0.0913674607873,0.0790701806545,0.0122972801328
0.178217813373,0.191919192672,0.0967306271195,0.0843582525849,0.0123723745346
0.188118815422,0.191919192672,0.102090276778,0.0896859541535,0.0124043226242
0.19801980257,0.191919192672,0.107445724308,0.0950489193201,0.0123968049884
0.207920789719,0.191919192672,0.112796239555,0.100442744792,0.0123534947634
0.217821776867,0.191919192672,0.118141010404,0.10586322844,0.0122777819633
0.227722764015,0.191919192672,0.123479060829,0.111306451261,0.0121726095676
0.237623751163,0.191919192672,0.128809407353,0.116768471897,0.0120409354568
0.247524753213,0.191919192672,0.134130850434,0.122245721519,0.0118851289153
0.25742572546,0.191919192672,0.139442160726,0.127734422684,0.0117077380419
0.267326742411,0.191919192672,0.144741922617,0.133230984211,0.011510938406
0.277227729559,0.191919192672,0.150028586388,0.138732165098,0.0112964212894
0.287128716707,0.191919192672,0.155300453305,0.144234031439,0.0110664218664
0.297029703856,0.191919192672,0.160555675626,0.14973321557,0.0108224600554
0.306930691004,0.191919192672,0.16579221189,0.155225902796,0.0105663090944
0.316831678152,0.191919192672,0.171007841825,0.16070869565,0.0102991461754
0.3267326653,0.191919192672,0.176200166345,0.16617757082,0.0100225955248
0.336633652449,0.191919192672,0.18136651814,0.171628683805,0.00973783433437
0.346534639597,0.191919192672,0.186504080892,0.177057832479,0.00944624841213
0.356435626745,0.191919192672,0.191609725356,0.182461321354,0.00914840400219
0.366336613894,0.191919192672,0.196680098772,0.187834769487,0.00884532928467
0.376237630844,0.191919192672,0.201711580157,0.193173795938,0.00853778421879
0.386138617992,0.191919192672,0.206700205803,0.198473960161,0.00822624564171
0.396039605141,0.191919192672,0.211641728878,0.203730374575,0.00791135430336
0.405940592289,0.191919192672,0.216531574726,0.208937883377,0.00759369134903
0.415841579437,0.191919192672,0.221364825964,0.21409085393,0.00727397203445
0.425742566586,0.191919192672,0.226136192679,0.219183325768,0.00695286691189
0.435643553734,0.191919192672,0.230839937925,0.224208384752,0.00663155317307
0.445544540882,0.191919192672,0.235469907522,0.22915917635,0.00631073117256
0.45544552803,0.191919192672,0.240019589663,0.23402762413,0.0059919655323
0.465346515179,0.191919192672,0.244481950998,0.238805055618,0.00567689538002
0.475247502327,0.191919192672,0.248849377036,0.243482500315,0.00536687672138
0.485148519278,0.191919192672,0.253113895655,0.248049736023,0.00506415963173
0.495049506426,0.191919192672,0.257266938686,0.252496153116,0.00477078557014
0.504950523376,0.191919192672,0.261299282312,0.256810247898,0.00448903441429
0.51485145092,0.191919192672,0.265201091766,0.260979801416,0.00422129034996
0.524752497673,0.191919192672,0.268962204456,0.264991641045,0.00397056341171
0.534653484821,0.191919192672,0.272571444511,0.268832057714,0.00373938679695
0.54455447197,0.191919192672,0.276017129421,0.272486388683,0.00353074073792
0.554455459118,0.191919192672,0.279286921024,0.275939077139,0.00334784388542
0.564356446266,0.191919192672,0.282367825508,0.279173702002,0.00319412350655
0.574257433414,0.191919192672,0.285245895386,0.282173216343,0.00307267904282
0.584158420563,0.191919192672,0.287906765938,0.284919679165,0.00298708677292
0.594059407711,0.191919192672,0.290335088968,0.287394404411,0.00294068455696
0.603960394859,0.191919192672,0.292514950037,0.289577752352,0.00293719768524
0.613861382008,0.191919192672,0.294429570436,0.291449844837,0.00297972559929
0.623762369156,0.191919192672,0.296061575413,0.292990088463,0.00307148694992
0.633663415909,0.191919192672,0.297392815351,0.294176995754,0.00321581959724
0.643564343452,0.191919192672,0.298404544592,0.294989228249,0.00341531634331
0.653465390205,0.191919192672,0.299077272415,0.295405060053,0.00367221236229
0.663366317749,0.191919192672,0.29939109087,0.295402705669,0.0039883852005
0.673267364502,0.191919192672,0.299325555563,0.294960528612,0.00436502695084
0.683168292046,0.191919192672,0.298859804869,0.294057488441,0.00480231642723
0.693069338799,0.191919192672,0.297972649336,0.292672783136,0.00529986619949
0.702970266342,0.191919192672,0.296642810106,0.290787100792,0.00585570931435
0.712871313095,0.191919192672,0.294848889112,0.288381785154,0.00646710395813
0.722772240639,0.191919192672,0.292569637299,0.285439819098,0.00712981820107
0.732673287392,0.191919192672,0.289784103632,0.281945466995,0.00783863663673
0.74257427454,0.191919192672,0.286471992731,0.277885854244,0.00858613848686
0.752475261688,0.191919192672,0.282613545656,0.273249447346,0.00936409831047
0.762376248837,0.191919192672,0.278190076351,0.268027156591,0.0101629197598
0.772277235985,0.191919192672,0.273184359074,0.262213081121,0.0109712779522
0.782178223133,0.191919192672,0.267580538988,0.255803585052,0.0117769539356
0.792079210281,0.191919192672,0.261364609003,0.248798191547,0.0125664174557
0.80198019743,0.191919192672,0.254524827003,0.241199702024,0.013325124979
0.811881184578,0.191919192672,0.247052058578,0.23301410675,0.014037951827
0.821782171726,0.191919192672,0.238939955831,0.224251002073,0.0146889537573
0.831683158875,0.191919192672,0.230185270309,0.214923590422,0.0152616798878
0.841584146023,0.191919192672,0.220788374543,0.205048680305,0.0157396942377
0.851485133171,0.191919192672,0.210753500462,0.194646835327,0.0161066651344
0.861386120319,0.191919192672,0.200088873506,0.1837426126,0.0163462609053
0.871287107468,0.191919192672,0.188806936145,0.172364264727,0.0164426714182
0.881188154221,0.191919192672,0.176924958825,0.160543769598,0.0163811892271
0.891089081764,0.191919192672,0.164464816451,0.148316949606,0.0161478668451
0.900990128517,0.191919192672,0.151452749968,0.135722756386,0.0157299935818
0.910891115665,0.191919192672,0.137920275331,0.122804068029,0.0151162073016
0.920792102814,0.191919192672,0.12390320003,0.109606616199,0.0142965838313
0.930693089962,0.191919192672,0.10944224894,0.0961790680885,0.0132631808519
0.94059407711,0.191919192672,0.0945821776986,0.0825728103518,0.0120093673468
0.950495064259,0.191919192672,0.079371728003,0.0688413977623,0.0105303302407
0.960396051407,0.191919192672,0.0638635605574,0.0550404787064,0.00882308185101
0.970297038555,0.191919192672,0.0481131784618,0.0412274226546,0.00688575580716
0.980198025703,0.191919192672,0.0321787744761,0.0274605154991,0.00471825897694
0.990099012852,0.191919192672,0.0161204282194,0.013799296692,0.00232113152742
0.00990098994225,0.202020198107,0.00532293180004,0.00353490561247,0.00178802618757
0.0198019798845,0.202020198107,0.0106458617374,0.00742362067103,0.0032222410664
0.0297029688954,0.202020198107,0.0159687884152,0.0114302057773,0.00453858263791
0.039603959769,0.202020198107,0.0212916955352,0.0155506953597,0.00574100017548
0.0495049506426,0.202020198107,0.0266145709902,0.0197807103395,0.00683386065066
0.0594059377909,0.202020198107,0.0319373719394,0.0241159461439,0.00782142579556
0.0693069323897,0.202020198107,0.037260055542,0.0285519845784,0.00870807096362
0.079207919538,0.202020198107,0.0425825379789,0.0330842509866,0.00949828699231
0.0891089066863,0.202020198107,0.0479047298431,0.0377081632614,0.0101965665817
0.0990099012852,0.202020198107,0.0532265156507,0.0424191765487,0.010807339102
0.108910888433,0.202020198107,0.0585477277637,0.0472123399377,0.011335387826
0.118811875582,0.202020198107,0.0638681724668,0.0520831719041,0.0117850005627
0.12871286273,0.202020198107,0.0691876262426,0.0570265725255,0.0121610537171
0.138613864779,0.202020198107,0.0745058208704,0.0620379149914,0.012467905879
0.148514851928,0.202020198107,0.0798223987222,0.0671122819185,0.0127101168036
0.158415839076,0.202020198107,0.0851370096207,0.0722449570894,0.0128920525312
0.168316826224,0.202020198107,0.0904491990805,0.0774308294058,0.0130183696747
0.178217813373,0.202020198107,0.0957584530115,0.0826651901007,0.0130932629108
0.188118815422,0.202020198107,0.101064242423,0.0879431813955,0.0131210610271
0.19801980257,0.202020198107,0.10636588186,0.0932603180408,0.0131055638194
0.207920789719,0.202020198107,0.111662626266,0.0986116155982,0.0130510106683
0.217821776867,0.202020198107,0.116953670979,0.103992879391,0.0129607915878
0.227722764015,0.202020198107,0.122238069773,0.109399728477,0.0128383412957
0.237623751163,0.202020198107,0.127514839172,0.114827640355,0.0126871988177
0.247524753213,0.202020198107,0.132782816887,0.120272703469,0.0125101134181
0.25742572546,0.202020198107,0.138040736318,0.12573081255,0.012309923768
0.267326742411,0.202020198107,0.143287241459,0.131198018789,0.0120892226696
0.277227729559,0.202020198107,0.148520767689,0.136670202017,0.0118505656719
0.287128716707,0.202020198107,0.153739660978,0.142143666744,0.0115959942341
0.297029703856,0.202020198107,0.158942058682,0.147614449263,0.0113276094198
0.306930691004,0.202020198107,0.164125964046,0.153078228235,0.0110477358103
0.316831678152,0.202020198107,0.169289171696,0.158531099558,0.0107580721378
0.3267326653,0.202020198107,0.17442932725,0.163968831301,0.0104604959488
0.336633652449,0.202020198107,0.179543748498,0.169387131929,0.0101566165686
0.346534639597,0.202020198107,0.184629678726,0.174781769514,0.00984790921211
0.356435626745,0.202020198107,0.189684003592,0.180148482323,0.00953552126884
0.366336613894,0.202020198107,0.194703429937,0.185482829809,0.00922060012817
0.376237630844,0.202020198107,0.199684336782,0.190780431032,0.00890390574932
0.386138617992,0.202020198107,0.204622834921,0.196036487818,0.00858634710312
0.396039605141,0.202020198107,0.209514677525,0.201246589422,0.00826808810234
0.405940592289,0.202020198107,0.214355394244,0.206405520439,0.00794987380505
0.415841579437,0.202020198107,0.219140067697,0.211508214474,0.00763185322285
0.425742566586,0.202020198107,0.223863482475,0.216548651457,0.00731483101845
0.435643553734,0.202020198107,0.228519946337,0.221520662308,0.00699928402901
0.445544540882,0.202020198107,0.23310340941,0.22641736269,0.00668604671955
0.45544552803,0.202020198107,0.237607344985,0.231231272221,0.0063760727644
0.465346515179,0.202020198107,0.242024838924,0.235954046249,0.00607079267502
0.475247502327,0.202020198107,0.246348381042,0.240576803684,0.00577157735825
0.485148519278,0.202020198107,0.250570088625,0.245089590549,0.00548049807549
0.495049506426,0.202020198107,0.254681348801,0.249481976032,0.0051993727684
0.504950523376,0.202020198107,0.258673131466,0.253742575645,0.00493055582047
0.51485145092,0.202020198107,0.262535810471,0.257858932018,0.0046768784523
0.524752497673,0.202020198107,0.266259074211,0.261818349361,0.0044407248497
0.534653484821,0.202020198107,0.269832015038,0.26560652256,0.00422549247742
0.54455447197,0.202020198107,0.273243099451,0.269208818674,0.00403428077698
0.554455459118,0.202020198107,0.276480048895,0.272609740496,0.0038703083992
0.564356446266,0.202020198107,0.279529958963,0.275792658329,0.00373730063438
0.574257433414,0.202020198107,0.282379120588,0.278740435839,0.0036386847496
0.584158420563,0.202020198107,0.285013258457,0.28143492341,0.00357833504677
0.594059407711,0.202020198107,0.287417173386,0.283857554197,0.00355961918831
0.603960394859,0.202020198107,0.289575099945,0.285988867283,0.0035862326622
0.613861382008,0.202020198107,0.291470497847,0.287808656693,0.0036618411541
0.623762369156,0.202020198107,0.293086111546,0.289296627045,0.00378948450089
0.633663415909,0.202020198107,0.294403970242,0.290431648493,0.00397232174873
0.643564343452,0.202020198107,0.295405507088,0.291192442179,0.00421306490898
0.653465390205,0.202020198107,0.296071469784,0.291557699442,0.00451377034187
0.663366317749,0.202020198107,0.296382158995,0.29150596261,0.00487619638443
0.673267364502,0.202020198107,0.296317249537,0.291016429663,0.00530081987381
0.683168292046,0.202020198107,0.295856207609,0.290068417788,0.00578778982162
0.693069338799,0.202020198107,0.294977992773,0.288642048836,0.0063359439373
0.702970266342,0.202020198107,0.293661504984,0.286718338728,0.00694316625595
0.712871313095,0.202020198107,0.291885614395,0.284279882908,0.00760573148727
0.722772240639,0.202020198107,0.289629250765,0.281310528517,0.00831872224808
0.732673287392,0.202020198107,0.286871701479,0.277795433998,0.00907626748085
0.74257427454,0.202020198107,0.283592909575,0.273722440004,0.00987046957016
0.752475261688,0.202020198107,0.279773205519,0.269080996513,0.0106922090054
0.762376248837,0.202020198107,0.275394201279,0.263863176107,0.0115310251713
0.772277235985,0.202020198107,0.270438820124,0.258063673973,0.0123751461506
0.782178223133,0.202020198107,0.264891296625,0.251679599285,0.01321169734
0.792079210281,0.202020198107,0.25873786211,0.244711667299,0.0140261948109
0.80198019743,0.202020198107,0.251966804266,0.237162947655,0.0148038566113
0.811881184578,0.202020198107,0.244569152594,0.2290404737,0.015528678894
0.821782171726,0.202020198107,0.236538544297,0.220354318619,0.0161842256784
0.831683158875,0.202020198107,0.227871865034,0.211118161678,0.0167537033558
0.841584146023,0.202020198107,0.218569412827,0.20134934783,0.0172200649977
0.851485133171,0.202020198107,0.208635374904,0.191068917513,0.0175664573908
0.861386120319,0.202020198107,0.198077932,0.180301576853,0.0177763551474
0.871287107468,0.202020198107,0.186909377575,0.169075787067,0.0178335905075
0.881188154221,0.202020198107,0.175146833062,0.157423734665,0.0177230983973
0.891089081764,0.202020198107,0.162811920047,0.145381301641,0.0174306184053
0.900990128517,0.202020198107,0.149930611253,0.132987111807,0.0169434994459
0.910891115665,0.202020198107,0.136534139514,0.120283909142,0.016250230372
0.920792102814,0.202020198107,0.122657939792,0.107317015529,0.015340924263
0.930693089962,0.202020198107,0.108342327178,0.094134747982,0.0142075791955
0.94059407711,0.202020198107,0.0936316177249,0.0807878002524,0.0128438174725
0.950495064259,0.202020198107,0.0785740241408,0.067328967154,0.0112450569868
0.960396051407,0.202020198107,0.0632217153907,0.0538132563233,0.00940845906734
0.970297038555,0.202020198107,0.0476296320558,0.0402970351279,0.00733259692788
0.980198025703,0.202020198107,0.0318553708494,0.0268380045891,0.00501736626029
0.990099012852,0.202020198107,0.0159584153444,0.0134941339493,0.00246428139508
0.00990098994225,0.212121218443,0.00526943476871,0.00341075286269,0.00185868190601
0.0198019798845,0.212121218443,0.0105388695374,0.00716888532043,0.00336998421699
0.0297029688954,0.212121218443,0.0158082991838,0.0110489726067,0.00475932657719
0.039603959769,0.212121218443,0.0210777111351,0.0150472112,0.00603049993515
0.0495049506426,0.212121218443,0.0263470914215,0.0191595107317,0.00718758068979
0.0594059377909,0.212121218443,0.031616397202,0.0233816243708,0.0082347728312
0.0693069323897,0.212121218443,0.0368855856359,0.027709543705,0.00917604193091
0.079207919538,0.212121218443,0.0421545766294,0.0321384519339,0.0100161246955
0.0891089066863,0.212121218443,0.047423273325,0.0366642549634,0.0107590183616
0.0990099012852,0.212121218443,0.0526915751398,0.0412821918726,0.0114093832672
0.108910888433,0.212121218443,0.0579593107104,0.0459874682128,0.0119718424976
0.118811875582,0.212121218443,0.0632262900472,0.0507755726576,0.0124507173896
0.12871286273,0.212121218443,0.0684922784567,0.0556416884065,0.0128505900502
0.138613864779,0.212121218443,0.0737570226192,0.0605807378888,0.0131762847304
0.148514851928,0.212121218443,0.0790201723576,0.06558804214,0.0134321302176
0.158415839076,0.212121218443,0.0842813700438,0.0706585049629,0.0136228650808
0.168316826224,0.212121218443,0.089540168643,0.0757871195674,0.0137530490756
0.178217813373,0.212121218443,0.094796076417,0.0809688046575,0.0138272717595
0.188118815422,0.212121218443,0.100048527122,0.086198553443,0.0138499736786
0.19801980257,0.212121218443,0.105296880007,0.0914715602994,0.0138253197074
0.207920789719,0.212121218443,0.110540390015,0.0967826247215,0.0137577652931
0.217821776867,0.212121218443,0.115778267384,0.102127127349,0.0136511400342
0.227722764015,0.212121218443,0.12100956589,0.107500009239,0.0135095566511
0.237623751163,0.212121218443,0.126233309507,0.112896837294,0.0133364722133
0.247524753213,0.212121218443,0.131448313594,0.118312977254,0.0131353363395
0.25742572546,0.212121218443,0.136653393507,0.123743854463,0.0129095390439
0.267326742411,0.212121218443,0.141847163439,0.129185080528,0.0126620829105
0.277227729559,0.212121218443,0.147028118372,0.13463228941,0.0123958289623
0.287128716707,0.212121218443,0.152194559574,0.140080958605,0.0121136009693
0.297029703856,0.212121218443,0.157344654202,0.145526796579,0.0118178576231
0.306930691004,0.212121218443,0.162476480007,0.150965094566,0.0115113854408
0.316831678152,0.212121218443,0.167587772012,0.156391531229,0.0111962407827
0.3267326653,0.212121218443,0.172676280141,0.1618013978,0.0108748823404
0.336633652449,0.212121218443,0.177739292383,0.167189925909,0.0105493664742
0.346534639597,0.212121218443,0.182774111629,0.172552555799,0.010221555829
0.356435626745,0.212121218443,0.187777638435,0.177884578705,0.00989305973053
0.366336613894,0.212121218443,0.192746639252,0.183181464672,0.00956517457962
0.376237630844,0.212121218443,0.197677478194,0.188438653946,0.00923882424831
0.386138617992,0.212121218443,0.202566340566,0.193651407957,0.0089149326086
0.396039605141,0.212121218443,0.207409009337,0.198815196753,0.00859381258488
0.405940592289,0.212121218443,0.212201088667,0.203925192356,0.00827589631081
0.415841579437,0.212121218443,0.216937661171,0.208976477385,0.00796118378639
0.425742566586,0.212121218443,0.22161360085,0.213963598013,0.00765000283718
0.435643553734,0.212121218443,0.226223275065,0.21888038516,0.00734288990498
0.445544540882,0.212121218443,0.230760648847,0.22372084856,0.00703980028629
0.45544552803,0.212121218443,0.235219359398,0.228477448225,0.00674191117287
0.465346515179,0.212121218443,0.239592447877,0.233142703772,0.00644974410534
0.475247502327,0.212121218443,0.24387255311,0.237707525492,0.00616502761841
0.485148519278,0.212121218443,0.248051807284,0.242162823677,0.00588898360729
0.495049506426,0.212121218443,0.25212174654,0.246497660875,0.00562408566475
0.504950523376,0.212121218443,0.256073445082,0.250701248646,0.00537219643593
0.51485145092,0.212121218443,0.259897261858,0.254761010408,0.00513625144958
0.524752497673,0.212121218443,0.263583123684,0.258664160967,0.00491896271706
0.534653484821,0.212121218443,0.267120182514,0.262396454811,0.00472372770309
0.54455447197,0.212121218443,0.270496964455,0.265943050385,0.00455391407013
0.554455459118,0.212121218443,0.273701369762,0.26928845048,0.00441291928291
0.564356446266,0.212121218443,0.276720613241,0.272415816784,0.00430479645729
0.574257433414,0.212121218443,0.279541164637,0.275308102369,0.0042330622673
0.584158420563,0.212121218443,0.282148808241,0.277946829796,0.00420197844505
0.594059407711,0.212121218443,0.284528583288,0.28031373024,0.00421485304832
0.603960394859,0.212121218443,0.286664813757,0.282388925552,0.00427588820457
0.613861382008,0.212121218443,0.288541197777,0.284152656794,0.0043885409832
0.623762369156,0.212121218443,0.290140539408,0.285584449768,0.00455608963966
0.633663415909,0.212121218443,0.291445165873,0.28666383028,0.00478133559227
0.643564343452,0.212121218443,0.292436629534,0.287369340658,0.00506728887558
0.653465390205,0.212121218443,0.293095886707,0.287680357695,0.00541552901268
0.663366317749,0.212121218443,0.293403476477,0.287576168776,0.00582730770111
0.673267364502,0.212121218443,0.29333922267,0.287035942078,0.00630328059196
0.683168292046,0.212121218443,0.2928827703,0.286039918661,0.00684285163879
0.693069338799,0.212121218443,0.292013406754,0.284569054842,0.00744435191154
0.702970266342,0.212121218443,0.290710151196,0.282605320215,0.0081048309803
0.712871313095,0.212121218443,0.288952112198,0.280131846666,0.00882026553154
0.722772240639,0.212121218443,0.286718428135,0.277133494616,0.00958493351936
0.732673287392,0.212121218443,0.283988595009,0.273596554995,0.0103920400143
0.74257427454,0.212121218443,0.280742734671,0.269509553909,0.0112331807613
0.752475261688,0.212121218443,0.276961445808,0.264863044024,0.0120984017849
0.762376248837,0.212121218443,0.272626459599,0.259649723768,0.0129767358303
0.772277235985,0.212121218443,0.267720848322,0.253865331411,0.0138555169106
0.782178223133,0.212121218443,0.262229114771,0.247507959604,0.0147211551666
0.792079210281,0.212121218443,0.256137490273,0.240578562021,0.0155589282513
0.80198019743,0.212121218443,0.249434500933,0.233081489801,0.0163530111313
0.811881184578,0.212121218443,0.242111176252,0.225023925304,0.017087250948
0.821782171726,0.212121218443,0.234161317348,0.216416835785,0.0177444815636
0.831683158875,0.212121218443,0.225581720471,0.207274347544,0.0183073729277
0.841584146023,0.212121218443,0.21637275815,0.197614133358,0.0187586247921
0.851485133171,0.212121218443,0.206538572907,0.187457740307,0.0190808326006
0.861386120319,0.212121218443,0.19608721137,0.176829963923,0.019257247448
0.871287107468,0.212121218443,0.185030907393,0.165759682655,0.0192712247372
0.881188154221,0.212121218443,0.173386573792,0.154278934002,0.0191076397896
0.891089081764,0.212121218443,0.161175623536,0.142423540354,0.0187520831823
0.900990128517,0.212121218443,0.148423776031,0.130232095718,0.0181916803122
0.910891115665,0.212121218443,0.135161951184,0.117747150362,0.0174148008227
0.920792102814,0.212121218443,0.12142521143,0.105013437569,0.0164117738605
0.930693089962,0.212121218443,0.107253469527,0.0920788049698,0.015174664557
0.94059407711,0.212121218443,0.0926906019449,0.078993216157,0.013697385788
0.950495064259,0.212121218443,0.0777843371034,0.0658091828227,0.0119751542807
0.960396051407,0.212121218443,0.0625863224268,0.0525805056095,0.0100058168173
0.970297038555,0.212121218443,0.0471509471536,0.0393628701568,0.0077880769968
0.980198025703,0.212121218443,0.0315352194011,0.0262127332389,0.00532248616219
0.990099012852,0.212121218443,0.0157980304211,0.0131876450032,0.00261038541794
0.00990098994225,0.222222223878,0.00521647604182,0.00328552350402,0.0019309525378
0.0198019798845,0.222222223878,0.0104329520836,0.00691244751215,0.0035205045715
0.0297029688954,0.222222223878,0.0156494230032,0.0106654763222,0.00498394668102
0.039603959769,0.222222223878,0.0208658780903,0.0145407970995,0.00632508099079
0.0495049506426,0.222222223878,0.0260822977871,0.0185346603394,0.00754763744771
0.0594059377909,0.222222223878,0.0312986448407,0.022643122822,0.00865552201867
0.0693069323897,0.222222223878,0.036514878273,0.0268620811403,0.00965279713273
0.079207919538,0.222222223878,0.0417309179902,0.0311871618032,0.010543756187
0.0891089066863,0.222222223878,0.0469466671348,0.0356141701341,0.0113324970007
0.0990099012852,0.222222223878,0.0521620176733,0.0401385203004,0.0120234973729
0.108910888433,0.222222223878,0.0573768094182,0.0447556637228,0.0126211456954
0.118811875582,0.222222223878,0.0625908598304,0.0494609326124,0.013129927218
0.12871286273,0.222222223878,0.0678039193153,0.054249510169,0.0135544091463
0.138613864779,0.222222223878,0.0730157569051,0.059116512537,0.0138992443681
0.148514851928,0.222222223878,0.0782260000706,0.0640570819378,0.0141689181328
0.158415839076,0.222222223878,0.0834343209863,0.069066002965,0.0143683180213
0.168316826224,0.222222223878,0.0886402726173,0.0741381049156,0.0145021677017
0.178217813373,0.222222223878,0.0938433557749,0.0792683139443,0.0145750418305
0.188118815422,0.222222223878,0.0990430191159,0.084451302886,0.0145917162299
0.19801980257,0.222222223878,0.104238629341,0.0896818935871,0.014556735754
0.207920789719,0.222222223878,0.109429441392,0.0949547663331,0.0144746750593
0.217821776867,0.222222223878,0.114614672959,0.100264765322,0.0143499076366
0.227722764015,0.222222223878,0.119793392718,0.105606690049,0.0141867026687
0.237623751163,0.222222223878,0.124964624643,0.11097548157,0.0139891430736
0.247524753213,0.222222223878,0.130127251148,0.116365902126,0.0137613490224
0.25742572546,0.222222223878,0.135280013084,0.121773220599,0.0135067924857
0.267326742411,0.222222223878,0.140421584249,0.127192348242,0.0132292360067
0.277227729559,0.222222223878,0.145550444722,0.13261833787,0.0129321068525
0.287128716707,0.222222223878,0.150664970279,0.138046234846,0.0126187354326
0.297029703856,0.222222223878,0.155763313174,0.143471121788,0.0122921913862
0.306930691004,0.222222223878,0.16084356606,0.148888081312,0.0119554847479
0.316831678152,0.222222223878,0.165903493762,0.154291808605,0.0116116851568
0.3267326653,0.222222223878,0.170940846205,0.159677267075,0.0112635791302
0.336633652449,0.222222223878,0.175952985883,0.165039330721,0.0109136551619
0.346534639597,0.222222223878,0.180937215686,0.170372724533,0.0105644911528
0.356435626745,0.222222223878,0.185890436172,0.175672739744,0.0102176964283
0.366336613894,0.222222223878,0.190809488297,0.180934250355,0.00987523794174
0.376237630844,0.222222223878,0.195690780878,0.186152696609,0.00953808426857
0.386138617992,0.222222223878,0.200530514121,0.191323012114,0.00920750200748
0.396039605141,0.222222223878,0.2053245157,0.196441024542,0.00888349115849
0.405940592289,0.222222223878,0.210068419576,0.201501905918,0.00856651365757
0.415841579437,0.222222223878,0.214757397771,0.206500917673,0.00825648009777
0.425742566586,0.222222223878,0.219386354089,0.211433112621,0.00795324146748
0.435643553734,0.222222223878,0.223949685693,0.216292977333,0.00765670835972
0.445544540882,0.222222223878,0.228441476822,0.221074551344,0.00736692547798
0.45544552803,0.222222223878,0.232855349779,0.225771456957,0.00708389282227
0.465346515179,0.222222223878,0.237184494734,0.230375885963,0.00680860877037
0.475247502327,0.222222223878,0.241421595216,0.234879761934,0.00654183328152
0.485148519278,0.222222223878,0.245558828115,0.239273667336,0.00628516077995
0.495049506426,0.222222223878,0.249587878585,0.243547469378,0.00604040920734
0.504950523376,0.222222223878,0.253499865532,0.247690349817,0.00580951571465
0.51485145092,0.222222223878,0.257285237312,0.25168967247,0.00559556484222
0.524752497673,0.222222223878,0.260934084654,0.255532681942,0.00540140271187
0.534653484821,0.222222223878,0.264435559511,0.259205102921,0.00523045659065
0.54455447197,0.222222223878,0.267778426409,0.262692332268,0.00508609414101
0.554455459118,0.222222223878,0.270950615406,0.265978038311,0.00497257709503
0.564356446266,0.222222223878,0.273939520121,0.269046038389,0.00489348173141
0.574257433414,0.222222223878,0.276731729507,0.271878689528,0.00485303997993
0.584158420563,0.222222223878,0.279313147068,0.274457842112,0.00485530495644
0.594059407711,0.222222223878,0.281669020653,0.276764631271,0.00490438938141
0.603960394859,0.222222223878,0.283783793449,0.2787797153,0.0050040781498
0.613861382008,0.222222223878,0.285641282797,0.280483454466,0.00515782833099
0.623762369156,0.222222223878,0.287224590778,0.281855195761,0.00536939501762
0.633663415909,0.222222223878,0.288516074419,0.28287473321,0.00564134120941
0.643564343452,0.222222223878,0.289497584105,0.283521234989,0.00597634911537
0.653465390205,0.222222223878,0.290150254965,0.28377443552,0.00637581944466
0.663366317749,0.222222223878,0.29045471549,0.283613890409,0.00684082508087
0.673267364502,0.222222223878,0.290391087532,0.283019721508,0.00737136602402
0.683168292046,0.222222223878,0.289939254522,0.281973004341,0.0079662501812
0.693069338799,0.222222223878,0.289078623056,0.280454993248,0.00862362980843
0.702970266342,0.222222223878,0.287788450718,0.278448760509,0.00933969020844
0.712871313095,0.222222223878,0.286048084497,0.275938481092,0.010109603405
0.722772240639,0.222222223878,0.283836841583,0.272909790277,0.0109270513058
0.732673287392,0.222222223878,0.281134486198,0.269349873066,0.0117846131325
0.74257427454,0.222222223878,0.277921229601,0.265248209238,0.0126730203629
0.752475261688,0.222222223878,0.2741779387,0.26059627533,0.0135816633701
0.762376248837,0.222222223878,0.269886523485,0.255387872458,0.0144986510277
0.772277235985,0.222222223878,0.26503020525,0.249619394541,0.015410810709
0.782178223133,0.222222223878,0.259593635798,0.243289381266,0.0163042545319
0.792079210281,0.222222223878,0.253563255072,0.236400038004,0.0171632170677
0.80198019743,0.222222223878,0.246927633882,0.228955954313,0.0179716795683
0.811881184578,0.222222223878,0.239677920938,0.220965534449,0.0187123864889
0.821782171726,0.222222223878,0.231807947159,0.212439537048,0.0193684101105
0.831683158875,0.222222223878,0.223314583302,0.20339307189,0.0199215114117
0.841584146023,0.222222223878,0.214198172092,0.193844079971,0.0203540921211
0.851485133171,0.222222223878,0.204462811351,0.183814227581,0.0206485837698
0.861386120319,0.222222223878,0.194116517901,0.173328787088,0.020787730813
0.871287107468,0.222222223878,0.18317130208,0.162416756153,0.020754545927
0.881188154221,0.222222223878,0.171644002199,0.151109993458,0.0205340087414
0.891089081764,0.222222223878,0.159555777907,0.139444440603,0.0201113373041
0.900990128517,0.222222223878,0.146932095289,0.127458512783,0.0194735825062
0.910891115665,0.222222223878,0.13380356133,0.115194134414,0.0186094269156
0.920792102814,0.222222223878,0.120204865932,0.102696083486,0.0175087824464
0.930693089962,0.222222223878,0.106175556779,0.0900114104152,0.0161641463637
0.94059407711,0.222222223878,0.0917590409517,0.0771894156933,0.0145696252584
0.950495064259,0.222222223878,0.0770025998354,0.0642820224166,0.0127205774188
0.960396051407,0.222222223878,0.0619573257864,0.0513420403004,0.010615285486
0.970297038555,0.222222223878,0.0466770678759,0.0384245105088,0.00825255736709
0.980198025703,0.222222223878,0.031218284741,0.0255847387016,0.00563354603946
0.990099012852,0.222222223878,0.015639256686,0.0128794554621,0.00275980122387
0.00990098994225,0.232323229313,0.00516404956579,0.00315907225013,0.00200497731566
0.0198019798845,0.232323229313,0.0103280991316,0.00665433891118,0.00367376022041
0.0297029688954,0.232323229313,0.0154921431094,0.0102795381099,0.00521260499954
0.039603959769,0.232323229313,0.0206561721861,0.0140313245356,0.00662484765053
0.0495049506426,0.232323229313,0.0258201677352,0.0179060846567,0.0079140830785
0.0594059377909,0.232323229313,0.0309840887785,0.0219000093639,0.00908407941461
0.0693069323897,0.232323229313,0.0361478962004,0.0260094590485,0.0101384371519
0.079207919538,0.232323229313,0.0413115136325,0.0302299931645,0.011081520468
0.0891089066863,0.232323229313,0.046474840492,0.0345574766397,0.0119173638523
0.0990099012852,0.232323229313,0.0516377836466,0.0389878191054,0.0126499645412
0.108910888433,0.232323229313,0.0568001642823,0.0435164310038,0.0132837332785
0.118811875582,0.232323229313,0.0619618035853,0.0481384992599,0.0138233043253
0.12871286273,0.232323229313,0.0671224817634,0.0528495833278,0.0142728984356
0.138613864779,0.232323229313,0.0722819343209,0.0576444864273,0.0146374478936
0.148514851928,0.232323229313,0.0774398222566,0.0625184848905,0.0149213373661
0.158415839076,0.232323229313,0.082595795393,0.0674664378166,0.0151293575764
0.168316826224,0.232323229313,0.0877494290471,0.0724828392267,0.0152665898204
0.178217813373,0.232323229313,0.0929002091289,0.0775627121329,0.0153374969959
0.188118815422,0.232323229313,0.0980476215482,0.0827003344893,0.0153472870588
0.19801980257,0.232323229313,0.103191010654,0.0878903120756,0.0153006985784
0.207920789719,0.232323229313,0.10832965374,0.0931271910667,0.0152024626732
0.217821776867,0.232323229313,0.113462783396,0.0984051078558,0.0150576755404
0.227722764015,0.232323229313,0.118589445949,0.103718854487,0.0148705914617
0.237623751163,0.232323229313,0.123708717525,0.10906264931,0.0146460682154
0.247524753213,0.232323229313,0.128819450736,0.114431045949,0.0143884047866
0.25742572546,0.232323229313,0.133920431137,0.11981857568,0.0141018554568
0.267326742411,0.232323229313,0.139010325074,0.125219464302,0.0137908607721
0.277227729559,0.232323229313,0.144087642431,0.130628407001,0.0134592354298
0.287128716707,0.232323229313,0.149150758982,0.136039912701,0.0131108462811
0.297029703856,0.232323229313,0.154197871685,0.141448408365,0.0127494633198
0.306930691004,0.232323229313,0.159227058291,0.146848142147,0.0123789161444
0.316831678152,0.232323229313,0.164236143231,0.152233362198,0.0120027810335
0.3267326653,0.232323229313,0.16922287643,0.15759858489,0.0116242915392
0.336633652449,0.232323229313,0.174184635282,0.162937909365,0.0112467259169
0.346534639597,0.232323229313,0.17911875248,0.16824567318,0.0108730792999
0.356435626745,0.232323229313,0.184022217989,0.173516541719,0.0105056762695
0.366336613894,0.232323229313,0.18889182806,0.178745210171,0.0101466178894
0.376237630844,0.232323229313,0.193724051118,0.183926701546,0.00979734957218
0.386138617992,0.232323229313,0.198515161872,0.189056038857,0.0094591230154
0.396039605141,0.232323229313,0.203260987997,0.194128721952,0.00913226604462
0.405940592289,0.232323229313,0.207957208157,0.199140459299,0.0088167488575
0.415841579437,0.232323229313,0.21259906888,0.204086631536,0.0085124373436
0.425742566586,0.232323229313,0.217181488872,0.208962708712,0.00821878015995
0.435643553734,0.232323229313,0.221698954701,0.213763743639,0.00793521106243
0.445544540882,0.232323229313,0.226145595312,0.218484342098,0.00766125321388
0.45544552803,0.232323229313,0.230515122414,0.223118543625,0.00739657878876
0.465346515179,0.232323229313,0.234800770879,0.227659076452,0.00714169442654
0.475247502327,0.232323229313,0.238995268941,0.23209837079,0.00689689815044
0.485148519278,0.232323229313,0.243090942502,0.236427396536,0.00666354596615
0.495049506426,0.232323229313,0.247079491615,0.240636378527,0.00644311308861
0.504950523376,0.232323229313,0.250952154398,0.244714349508,0.00623780488968
0.51485145092,0.232323229313,0.254699498415,0.24864923954,0.00605025887489
0.524752497673,0.232323229313,0.258311659098,0.252427965403,0.00588369369507
0.534653484821,0.232323229313,0.261777937412,0.256036609411,0.00574132800102
0.54455447197,0.232323229313,0.26508718729,0.25945982337,0.00562736392021
0.554455459118,0.232323229313,0.268227517605,0.26268184185,0.00554567575455
0.564356446266,0.232323229313,0.271186411381,0.265686094761,0.00550031661987
0.574257433414,0.232323229313,0.27395054698,0.26845484972,0.0054956972599
0.584158420563,0.232323229313,0.27650603652,0.270969986916,0.00553604960442
0.594059407711,0.232323229313,0.278838187456,0.273212581873,0.00562560558319
0.603960394859,0.232323229313,0.280931711197,0.275163352489,0.00576835870743
0.613861382008,0.232323229313,0.282770574093,0.276802539825,0.00596803426743
0.623762369156,0.232323229313,0.28433790803,0.278110057116,0.006227850914
0.633663415909,0.232323229313,0.285616457462,0.279065728188,0.00655072927475
0.643564343452,0.232323229313,0.286588102579,0.279649376869,0.00693872570992
0.653465390205,0.232323229313,0.287234187126,0.279840826988,0.00739336013794
0.663366317749,0.232323229313,0.287535578012,0.279620498419,0.00791507959366
0.673267364502,0.232323229313,0.287472635508,0.278969019651,0.00850361585617
0.683168292046,0.232323229313,0.287025332451,0.277868270874,0.00915706157684
0.693069338799,0.232323229313,0.286173313856,0.276300609112,0.00987270474434
0.702970266342,0.232323229313,0.28489613533,0.274249821901,0.0106463134289
0.712871313095,0.232323229313,0.283173233271,0.271700650454,0.0114725828171
0.722772240639,0.232323229313,0.280984252691,0.268639951944,0.0123443007469
0.732673287392,0.232323229313,0.27830901742,0.265056103468,0.0132529139519
0.74257427454,0.232323229313,0.27512806654,0.260939329863,0.0141887366772
0.752475261688,0.232323229313,0.271422415972,0.256281912327,0.0151405036449
0.762376248837,0.232323229313,0.267174124718,0.25107845664,0.0160956680775
0.772277235985,0.232323229313,0.262366622686,0.245326250792,0.0170403718948
0.782178223133,0.232323229313,0.256984710693,0.239024907351,0.0179598033428
0.792079210281,0.232323229313,0.251014918089,0.232176929712,0.0188379883766
0.80198019743,0.232323229313,0.244445964694,0.224787801504,0.0196581631899
0.811881184578,0.232323229313,0.237269118428,0.21686604619,0.020403072238
0.821782171726,0.232323229313,0.229478225112,0.208423554897,0.0210546702147
0.831683158875,0.232323229313,0.221070244908,0.199475347996,0.0215948969126
0.841584146023,0.232323229313,0.212045431137,0.19003996253,0.0220054686069
0.851485133171,0.232323229313,0.202407926321,0.180139303207,0.0222686231136
0.861386120319,0.232323229313,0.192165598273,0.169798880816,0.0223667174578
0.871287107468,0.232323229313,0.181330427527,0.159047693014,0.0222827345133
0.881188154221,0.232323229313,0.169918954372,0.147917717695,0.0220012366772
0.891089081764,0.232323229313,0.157952219248,0.136444658041,0.0215075612068
0.900990128517,0.232323229313,0.145455420017,0.124666683376,0.0207887366414
0.910891115665,0.232323229313,0.132458806038,0.112625576556,0.0198332294822
0.920792102814,0.232323229313,0.118996784091,0.10036534816,0.0186314359307
0.930693089962,0.232323229313,0.105108469725,0.0879328176379,0.0171756520867
0.94059407711,0.232323229313,0.0908368527889,0.0753765702248,0.0154602825642
0.950495064259,0.232323229313,0.0762287080288,0.0627476423979,0.0134810656309
0.960396051407,0.232323229313,0.061334643513,0.0500980392098,0.0112366043031
0.970297038555,0.232323229313,0.0462079569697,0.0374819412827,0.00872601568699
0.980198025703,0.232323229313,0.0309045370668,0.0249538496137,0.00595068745315
0.990099012852,0.232323229313,0.0154820811003,0.0125692635775,0.00291281752288
0.00990098994225,0.242424249649,0.00511214975268,0.00303135812283,0.00208079162985
0.0198019798845,0.242424249649,0.0102243004367,0.00639423541725,0.00383006501943
0.0297029688954,0.242424249649,0.0153364436701,0.00989099964499,0.0054454440251
0.039603959769,0.242424249649,0.0204485729337,0.0135184340179,0.00693013891578
0.0495049506426,0.242424249649,0.0255606677383,0.0172733366489,0.00828733108938
0.0594059377909,0.242424249649,0.0306726936251,0.0211521498859,0.0095205437392
0.0693069323897,0.242424249649,0.0357846058905,0.0251510702074,0.0106335356832
0.079207919538,0.242424249649,0.0408963263035,0.0292663536966,0.0116299726069
0.0891089066863,0.242424249649,0.0460077635944,0.0334940254688,0.0125137381256
0.0990099012852,0.242424249649,0.0511188134551,0.0378296561539,0.0132891573012
0.108910888433,0.242424249649,0.0562293119729,0.0422691255808,0.0139601863921
0.118811875582,0.242424249649,0.0613390766084,0.0468077585101,0.0145313180983
0.12871286273,0.242424249649,0.0664478838444,0.0514409393072,0.0150069445372
0.138613864779,0.242424249649,0.0715554878116,0.0561639592052,0.0153915286064
0.148514851928,0.242424249649,0.0766615346074,0.0609717741609,0.0156897604465
0.158415839076,0.242424249649,0.0817656889558,0.0658590346575,0.0159066542983
0.168316826224,0.242424249649,0.0868675261736,0.0708206444979,0.0160468816757
0.178217813373,0.242424249649,0.0919665470719,0.0758510828018,0.0161154642701
0.188118815422,0.242424249649,0.0970622301102,0.0809448063374,0.0161174237728
0.19801980257,0.242424249649,0.102153927088,0.0860958620906,0.0160580649972
0.207920789719,0.242424249649,0.107240915298,0.0912986844778,0.0159422308207
0.217821776867,0.242424249649,0.112322449684,0.0965472683311,0.0157751813531
0.227722764015,0.242424249649,0.117397606373,0.101835645735,0.0155619606376
0.237623751163,0.242424249649,0.122465416789,0.107157818973,0.015307597816
0.247524753213,0.242424249649,0.127524778247,0.112507633865,0.015017144382
0.25742572546,0.242424249649,0.132574483752,0.117879115045,0.0146953687072
0.267326742411,0.242424249649,0.137613236904,0.123266331851,0.0143469050527
0.277227729559,0.242424249649,0.142639532685,0.128662824631,0.0139767080545
0.287128716707,0.242424249649,0.14765176177,0.13406252861,0.01358923316
0.297029703856,0.242424249649,0.152648150921,0.139459162951,0.0131889879704
0.306930691004,0.242424249649,0.157626792789,0.144846409559,0.0127803832293
0.316831678152,0.242424249649,0.162585541606,0.150218009949,0.0123675316572
0.3267326653,0.242424249649,0.167522147298,0.15556743741,0.0119547098875
0.336633652449,0.242424249649,0.172434046865,0.16088822484,0.0115458220243
0.346534639597,0.242424249649,0.177318572998,0.166174381971,0.0111441910267
0.356435626745,0.242424249649,0.182172760367,0.171419560909,0.0107531994581
0.366336613894,0.242424249649,0.186993420124,0.176618307829,0.0103751122952
0.376237630844,0.242424249649,0.191777095199,0.181765168905,0.0100119262934
0.386138617992,0.242424249649,0.196520030499,0.186855018139,0.00966501235962
0.396039605141,0.242424249649,0.201218172908,0.191883563995,0.00933460891247
0.405940592289,0.242424249649,0.20586720109,0.196846574545,0.00902062654495
0.415841579437,0.242424249649,0.210462391376,0.201739341021,0.00872305035591
0.425742566586,0.242424249649,0.214998751879,0.206558197737,0.008440554142
0.435643553734,0.242424249649,0.219470843673,0.21129873395,0.00817210972309
0.445544540882,0.242424249649,0.223872795701,0.215955972672,0.00791682302952
0.45544552803,0.242424249649,0.228198394179,0.220524549484,0.00767384469509
0.465346515179,0.242424249649,0.232440963387,0.224998027086,0.00744293630123
0.475247502327,0.242424249649,0.236593306065,0.229369014502,0.00722429156303
0.485148519278,0.242424249649,0.240647822618,0.233629405499,0.00701841711998
0.495049506426,0.242424249649,0.244596287608,0.237769335508,0.0068269520998
0.504950523376,0.242424249649,0.248430028558,0.241778373718,0.00665165483952
0.51485145092,0.242424249649,0.25213971734,0.245644360781,0.00649535655975
0.524752497673,0.242424249649,0.255715548992,0.249354541302,0.00636100769043
0.534653484821,0.242424249649,0.259147018194,0.252894610167,0.00625240802765
0.54455447197,0.242424249649,0.26242300868,0.256249606609,0.006173402071
0.554455459118,0.242424249649,0.265531778336,0.259403377771,0.00612840056419
0.564356446266,0.242424249649,0.268460929394,0.262339323759,0.00612160563469
0.574257433414,0.242424249649,0.271197259426,0.265039712191,0.00615754723549
0.584158420563,0.242424249649,0.273727089167,0.267486274242,0.00624081492424
0.594059407711,0.242424249649,0.276035815477,0.269660055637,0.00637575984001
0.603960394859,0.242424249649,0.278108298779,0.271541953087,0.00656634569168
0.613861382008,0.242424249649,0.279928654432,0.273112118244,0.00681653618813
0.623762369156,0.242424249649,0.281480282545,0.274351090193,0.00712919235229
0.633663415909,0.242424249649,0.282745957375,0.275238573551,0.00750738382339
0.643564343452,0.242424249649,0.28370782733,0.275755137205,0.00795269012451
0.653465390205,0.242424249649,0.28434741497,0.275880932808,0.00846648216248
0.663366317749,0.242424249649,0.284645795822,0.275597065687,0.00904873013496
0.673267364502,0.242424249649,0.284583479166,0.274885028601,0.00969845056534
0.683168292046,0.242424249649,0.28414067626,0.273727297783,0.0104133784771
0.693069338799,0.242424249649,0.283297210932,0.272107124329,0.0111900866032
0.702970266342,0.242424249649,0.282032877207,0.270009070635,0.012023806572
0.712871313095,0.242424249649,0.280327290297,0.267419278622,0.0129080116749
0.722772240639,0.242424249649,0.278160303831,0.264325350523,0.0138349533081
0.732673287392,0.242424249649,0.275511950254,0.260716557503,0.0147953927517
0.74257427454,0.242424249649,0.272362977266,0.256583869457,0.0157791078091
0.752475261688,0.242424249649,0.268694549799,0.251920729876,0.0167738199234
0.762376248837,0.242424249649,0.264488965273,0.246722817421,0.0177661478519
0.772277235985,0.242424249649,0.259729772806,0.240987658501,0.0187421143055
0.782178223133,0.242424249649,0.254401922226,0.234715938568,0.0196859836578
0.792079210281,0.242424249649,0.248492136598,0.227910667658,0.0205814689398
0.80198019743,0.242424249649,0.241989254951,0.220577865839,0.0214113891125
0.811881184578,0.242424249649,0.234884515405,0.212726980448,0.0221575349569
0.821782171726,0.242424249649,0.227171942592,0.204369843006,0.0228020995855
0.831683158875,0.242424249649,0.218848437071,0.19552218914,0.0233262479305
0.841584146023,0.242424249649,0.209914341569,0.186203032732,0.0237113088369
0.851485133171,0.242424249649,0.200373694301,0.17643404007,0.0239396542311
0.861386120319,0.242424249649,0.190234303474,0.166241377592,0.0239929258823
0.871287107468,0.242424249649,0.179508015513,0.155653476715,0.0238545387983
0.881188154221,0.242424249649,0.168211236596,0.144702792168,0.0235084444284
0.891089081764,0.242424249649,0.156364783645,0.133424788713,0.0229399949312
0.900990128517,0.242424249649,0.143993556499,0.12185729295,0.0221362635493
0.910891115665,0.242424249649,0.131127581,0.110041804612,0.0210857763886
0.920792102814,0.242424249649,0.117800846696,0.0980218723416,0.0197789743543
0.930693089962,0.242424249649,0.104052111506,0.0858434736729,0.0182086378336
0.94059407711,0.242424249649,0.0899239182472,0.0735548213124,0.0163690969348
0.950495064259,0.242424249649,0.0754625871778,0.0612059533596,0.0142566338181
0.960396051407,0.242424249649,0.060718216002,0.0488484203815,0.0118697956204
0.970297038555,0.242424249649,0.0457435548306,0.0365349724889,0.00920858234167
0.980198025703,0.242424249649,0.0305939391255,0.024319563061,0.00627437606454
0.990099012852,0.242424249649,0.0153264831752,0.0122564695776,0.00307001359761
0.00990098994225,0.252525240183,0.00506077194586,0.00290195643902,0.00215881550685
0.0198019798845,0.252525240183,0.0101215438917,0.00613198243082,0.00398956146091
0.0297029688954,0.252525240183,0.0151823116466,0.00949959643185,0.00568271521479
0.039603959769,0.252525240183,0.0202430617064,0.0130019672215,0.00724109448493
0.0495049506426,0.252525240183,0.0253037791699,0.0166362263262,0.00866755284369
0.0594059377909,0.252525240183,0.0303644258529,0.020399030298,0.0099653955549
0.0693069323897,0.252525240183,0.0354249626398,0.024286955595,0.0111380070448
0.079207919538,0.252525240183,0.0404853112996,0.0282962247729,0.0121890865266
0.0891089066863,0.252525240183,0.0455453768373,0.0324231684208,0.0131222084165
0.0990099012852,0.252525240183,0.05060505867,0.0366635248065,0.0139415338635
0.108910888433,0.252525240183,0.0556642003357,0.041013341397,0.0146508589387
0.118811875582,0.252525240183,0.0607226081192,0.0454681739211,0.0152544341981
0.12871286273,0.252525240183,0.0657800734043,0.0500234290957,0.0157566443086
0.138613864779,0.252525240183,0.0708363428712,0.0546742975712,0.0161620453
0.148514851928,0.252525240183,0.0758910700679,0.0594158917665,0.0164751783013
0.158415839076,0.252525240183,0.0809439346194,0.0642430633307,0.0167008712888
0.168316826224,0.252525240183,0.0859944969416,0.0691504701972,0.0168440267444
0.178217813373,0.252525240183,0.091042265296,0.0741326063871,0.0169096589088
0.188118815422,0.252525240183,0.0960867404938,0.0791835784912,0.0169031620026
0.19801980257,0.252525240183,0.101127259433,0.0842975378036,0.0168297216296
0.207920789719,0.252525240183,0.106163136661,0.0894685164094,0.0166946202517
0.217821776867,0.252525240183,0.111193597317,0.0946901068091,0.0165034905076
0.227722764015,0.252525240183,0.11621773243,0.0999560952187,0.0162616372108
0.237623751163,0.252525240183,0.121234618127,0.105259999633,0.0159746184945
0.247524753213,0.252525240183,0.126243129373,0.110595040023,0.0156480893493
0.25742572546,0.252525240183,0.131242096424,0.115954808891,0.0152872875333
0.267326742411,0.252525240183,0.136230200529,0.12133256346,0.0148976370692
0.277227729559,0.252525240183,0.141205981374,0.126721322536,0.0144846588373
0.287128716707,0.252525240183,0.146167844534,0.132114201784,0.0140536427498
0.297029703856,0.252525240183,0.151114016771,0.137504279613,0.0136097371578
0.306930691004,0.252525240183,0.15604262054,0.142884373665,0.0131582468748
0.316831678152,0.252525240183,0.160951524973,0.148247331381,0.0127041935921
0.3267326653,0.252525240183,0.165838524699,0.153585910797,0.0122526139021
0.336633652449,0.252525240183,0.170701056719,0.158893018961,0.0118080377579
0.346534639597,0.252525240183,0.175536498427,0.164161592722,0.0113749057055
0.356435626745,0.252525240183,0.180341884494,0.169385224581,0.0109566599131
0.366336613894,0.252525240183,0.185114115477,0.17455753684,0.0105565786362
0.376237630844,0.252525240183,0.189849704504,0.179672569036,0.0101771354675
0.386138617992,0.252525240183,0.19454498589,0.184725254774,0.00981973111629
0.396039605141,0.252525240183,0.199195891619,0.1897110641,0.00948482751846
0.405940592289,0.252525240183,0.203798189759,0.194625616074,0.00917257368565
0.415841579437,0.252525240183,0.208347216249,0.199465066195,0.00888215005398
0.425742566586,0.252525240183,0.212837979198,0.204225987196,0.00861199200153
0.435643553734,0.252525240183,0.217265129089,0.208904266357,0.00836086273193
0.445544540882,0.252525240183,0.22162283957,0.213495880365,0.00812695920467
0.45544552803,0.252525240183,0.225904971361,0.217995971441,0.00790899991989
0.465346515179,0.252525240183,0.230104908347,0.222398906946,0.00770600140095
0.475247502327,0.252525240183,0.234215512872,0.226698160172,0.00751735270023
0.485148519278,0.252525240183,0.23822927475,0.230885624886,0.0073436498642
0.495049506426,0.252525240183,0.242138057947,0.234952270985,0.00718578696251
0.504950523376,0.252525240183,0.245933264494,0.238887667656,0.007045596838
0.51485145092,0.252525240183,0.249605670571,0.242680191994,0.00692547857761
0.524752497673,0.252525240183,0.253145575523,0.246317118406,0.00682845711708
0.534653484821,0.252525240183,0.256542563438,0.24978390336,0.00675866007805
0.54455447197,0.252525240183,0.259785622358,0.253065913916,0.00671970844269
0.554455459118,0.252525240183,0.26286315918,0.256146609783,0.00671654939651
0.564356446266,0.252525240183,0.265762835741,0.259009361267,0.00675347447395
0.574257433414,0.252525240183,0.268471688032,0.261636465788,0.00683522224426
0.584158420563,0.252525240183,0.270976096392,0.264009475708,0.00696662068367
0.594059407711,0.252525240183,0.273261606693,0.266109645367,0.0071519613266
0.603960394859,0.252525240183,0.275313258171,0.267917871475,0.00739538669586
0.613861382008,0.252525240183,0.277115315199,0.269414573908,0.00770074129105
0.623762369156,0.252525240183,0.278651326895,0.270580172539,0.008071154356
0.633663415909,0.252525240183,0.279904305935,0.271395087242,0.00850921869278
0.643564343452,0.252525240183,0.280856519938,0.27184009552,0.0090164244175
0.653465390205,0.252525240183,0.281489670277,0.2718963027,0.0095933675766
0.663366317749,0.252525240183,0.281785070896,0.271545052528,0.0102400183678
0.673267364502,0.252525240183,0.281723380089,0.270768821239,0.0109545588493
0.683168292046,0.252525240183,0.281284987926,0.269550830126,0.0117341578007
0.693069338799,0.252525240183,0.280450046062,0.267875403166,0.0125746428967
0.702970266342,0.252525240183,0.279198408127,0.265728145838,0.013470262289
0.712871313095,0.252525240183,0.277509957552,0.263095766306,0.014414191246
0.722772240639,0.252525240183,0.275364756584,0.259967058897,0.0153976976871
0.732673287392,0.252525240183,0.272743016481,0.256332278252,0.0164107382298
0.74257427454,0.252525240183,0.26962569356,0.252183318138,0.0174423754215
0.752475261688,0.252525240183,0.265994101763,0.247514545918,0.0184795558453
0.762376248837,0.252525240183,0.261830806732,0.242322146893,0.0195086598396
0.772277235985,0.252525240183,0.257119446993,0.236604660749,0.0205147862434
0.782178223133,0.252525240183,0.251845180988,0.230363518,0.0214816629887
0.792079210281,0.252525240183,0.245994776487,0.22360226512,0.0223925113678
0.80198019743,0.252525240183,0.239557206631,0.216327697039,0.0232295095921
0.811881184578,0.252525240183,0.232523903251,0.208549290895,0.0239746123552
0.821782171726,0.252525240183,0.224888816476,0.200279802084,0.0246090143919
0.831683158875,0.252525240183,0.216648980975,0.191535025835,0.0251139551401
0.841584146023,0.252525240183,0.207804664969,0.18233409524,0.0254705697298
0.851485133171,0.252525240183,0.198359906673,0.172699511051,0.0256603956223
0.861386120319,0.252525240183,0.188322424889,0.162656873465,0.025665551424
0.871287107468,0.252525240183,0.177703931928,0.152235150337,0.0254687815905
0.881188154221,0.252525240183,0.166520684958,0.141466319561,0.0250543653965
0.891089081764,0.252525240183,0.154793277383,0.130385756493,0.0244075208902
0.900990128517,0.252525240183,0.142546400428,0.119031153619,0.0235152468085
0.910891115665,0.252525240183,0.129809722304,0.10744343698,0.0223662853241
0.920792102814,0.252525240183,0.116616927087,0.09566578269,0.0209511443973
0.930693089962,0.252525240183,0.103006370366,0.0837435424328,0.0192628279328
0.94059407711,0.252525240183,0.0890201702714,0.0717243403196,0.0172958299518
0.950495064259,0.252525240183,0.0747041851282,0.0596571713686,0.0150470137596
0.960396051407,0.252525240183,0.0601079910994,0.0475930646062,0.0125149264932
0.970297038555,0.252525240183,0.0452838279307,0.0355835556984,0.00970027223229
0.980198025703,0.252525240183,0.0302864648402,0.0236818268895,0.00660463795066
0.990099012852,0.252525240183,0.0151724489406,0.0119412243366,0.00323122460395
0.00990098994225,0.262626260519,0.00500991055742,0.00277100875974,0.00223890179768
0.0198019798845,0.262626260519,0.0100198211148,0.00586742162704,0.00415239948779
0.0297029688954,0.262626260519,0.0150297256187,0.00910511985421,0.00592460576445
0.039603959769,0.262626260519,0.02003961429,0.0124818459153,0.00755776837468
0.0495049506426,0.262626260519,0.0250494740903,0.0159946903586,0.0090547837317
0.0594059377909,0.262626260519,0.0300592593849,0.0196407213807,0.0104185380042
0.0693069323897,0.262626260519,0.035068936646,0.0234167948365,0.0116521418095
0.079207919538,0.262626260519,0.0400784276426,0.027319137007,0.0127592906356
0.0891089066863,0.262626260519,0.0450876392424,0.0313445962965,0.0137430429459
0.0990099012852,0.262626260519,0.0500964671373,0.0354892089963,0.014607258141
0.108910888433,0.262626260519,0.055104766041,0.039748866111,0.01535589993
0.118811875582,0.262626260519,0.0601123385131,0.0441193655133,0.0159929729998
0.12871286273,0.262626260519,0.0651189684868,0.0485962182283,0.0165227502584
0.138613864779,0.262626260519,0.070124424994,0.0531748384237,0.0169495865703
0.148514851928,0.262626260519,0.0751283615828,0.0578505694866,0.0172777920961
0.158415839076,0.262626260519,0.0801304355264,0.0626177713275,0.0175126641989
0.168316826224,0.262626260519,0.0851302370429,0.0674716383219,0.017658598721
0.178217813373,0.262626260519,0.090127274394,0.0724062845111,0.0177209898829
0.188118815422,0.262626260519,0.0951210483909,0.0774158760905,0.0177051723003
0.19801980257,0.262626260519,0.100110910833,0.0824944972992,0.0176164135337
0.207920789719,0.262626260519,0.105096176267,0.0876356586814,0.0174605175853
0.217821776867,0.262626260519,0.110076084733,0.0928327962756,0.0172432884574
0.227722764015,0.262626260519,0.115049734712,0.098079316318,0.0169704183936
0.237623751163,0.262626260519,0.12001619488,0.103368282318,0.0166479125619
0.247524753213,0.262626260519,0.124974377453,0.108692474663,0.0162819027901
0.25742572546,0.262626260519,0.129923090339,0.114044852555,0.0158782377839
0.267326742411,0.262626260519,0.134861081839,0.119417883456,0.0154431983829
0.277227729559,0.262626260519,0.139786839485,0.12480392307,0.0149829164147
0.287128716707,0.262626260519,0.144698828459,0.130195319653,0.0145035088062
0.297029703856,0.262626260519,0.149595290422,0.135584264994,0.0140110254288
0.306930691004,0.262626260519,0.154474362731,0.140962541103,0.0135118216276
0.316831678152,0.262626260519,0.15933392942,0.146322667599,0.0130112618208
0.3267326653,0.262626260519,0.164171814919,0.151655763388,0.0125160515308
0.336633652449,0.262626260519,0.168985486031,0.156954407692,0.0120310783386
0.346534639597,0.262626260519,0.173772335052,0.162210822105,0.0115615129471
0.356435626745,0.262626260519,0.178529426455,0.167417287827,0.011112138629
0.366336613894,0.262626260519,0.183253675699,0.172566950321,0.010686725378
0.376237630844,0.262626260519,0.187941685319,0.177653729916,0.0102879554033
0.386138617992,0.262626260519,0.192589774728,0.182671904564,0.00991787016392
0.396039605141,0.262626260519,0.197193935513,0.187616676092,0.00957725942135
0.405940592289,0.262626260519,0.20174998045,0.192483961582,0.00926601886749
0.415841579437,0.262626260519,0.206253290176,0.197270303965,0.00898298621178
0.425742566586,0.262626260519,0.210698932409,0.201972335577,0.00872659683228
0.435643553734,0.262626260519,0.215081572533,0.20658698678,0.00849458575249
0.445544540882,0.262626260519,0.219395488501,0.2111107409,0.00828474760056
0.45544552803,0.262626260519,0.223634585738,0.215539574623,0.00809501111507
0.465346515179,0.262626260519,0.227792307734,0.219868689775,0.00792361795902
0.475247502327,0.262626260519,0.23186160624,0.22409209609,0.00776951014996
0.485148519278,0.262626260519,0.235835030675,0.228202462196,0.00763256847858
0.495049506426,0.262626260519,0.239704534411,0.232191234827,0.00751329958439
0.504950523376,0.262626260519,0.243461593986,0.236048519611,0.0074130743742
0.51485145092,0.262626260519,0.247097089887,0.239762634039,0.00733445584774
0.524752497673,0.262626260519,0.250601410866,0.243321031332,0.00728037953377
0.534653484821,0.262626260519,0.253964245319,0.246709525585,0.00725471973419
0.54455447197,0.262626260519,0.257174730301,0.249913066626,0.00726166367531
0.554455459118,0.262626260519,0.260221332312,0.252915620804,0.0073057115078
0.564356446266,0.262626260519,0.263091892004,0.255700051785,0.0073918402195
0.574257433414,0.262626260519,0.265773504972,0.258248627186,0.00752487778664
0.584158420563,0.262626260519,0.26825273037,0.260543078184,0.00770965218544
0.594059407711,0.262626260519,0.270515263081,0.262564480305,0.00795078277588
0.603960394859,0.262626260519,0.272546321154,0.264294058084,0.00825226306915
0.613861382008,0.262626260519,0.274330288172,0.265712052584,0.00861823558807
0.623762369156,0.262626260519,0.275850862265,0.266799539328,0.00905132293701
0.633663415909,0.262626260519,0.277091234922,0.267537027597,0.00955420732498
0.643564343452,0.262626260519,0.27803388238,0.267906278372,0.0101276040077
0.653465390205,0.262626260519,0.278660655022,0.267888426781,0.010772228241
0.663366317749,0.262626260519,0.278953075409,0.267465889454,0.011487185955
0.673267364502,0.262626260519,0.278891980648,0.266621887684,0.0122700929642
0.683168292046,0.262626260519,0.278458058834,0.265340566635,0.0131174921989
0.693069338799,0.262626260519,0.27763146162,0.26360693574,0.0140245258808
0.702970266342,0.262626260519,0.276392400265,0.261407971382,0.0149844288826
0.712871313095,0.262626260519,0.274720937014,0.258731096983,0.0159898400307
0.722772240639,0.262626260519,0.272597283125,0.255566239357,0.0170310437679
0.732673287392,0.262626260519,0.270001918077,0.251904428005,0.0180974900723
0.74257427454,0.262626260519,0.266915887594,0.247738659382,0.0191772282124
0.752475261688,0.262626260519,0.263320863247,0.243063956499,0.0202569067478
0.762376248837,0.262626260519,0.259199351072,0.237877517939,0.0213218331337
0.772277235985,0.262626260519,0.254535377026,0.232178717852,0.022356659174
0.782178223133,0.262626260519,0.249314084649,0.225969046354,0.0233450382948
0.792079210281,0.262626260519,0.24352248013,0.219253242016,0.0242692381144
0.80198019743,0.262626260519,0.237149611115,0.212038367987,0.0251112431288
0.811881184578,0.262626260519,0.230186983943,0.204334408045,0.0258525758982
0.821782171726,0.262626260519,0.222628653049,0.196154594421,0.0264740586281
0.831683158875,0.262626260519,0.214471623302,0.187514901161,0.0269567221403
0.841584146023,0.262626260519,0.205716192722,0.178434759378,0.0272814333439
0.851485133171,0.262626260519,0.196366354823,0.168936729431,0.027429625392
0.861386120319,0.262626260519,0.1864297539,0.159046769142,0.0273829847574
0.871287107468,0.262626260519,0.175917968154,0.148793369532,0.0271245986223
0.881188154221,0.262626260519,0.164847120643,0.138209015131,0.0266381055117
0.891089081764,0.262626260519,0.153237581253,0.127328246832,0.0259093344212
0.900990128517,0.262626260519,0.141113772988,0.116188876331,0.0249248966575
0.910891115665,0.262626260519,0.128505110741,0.104831203818,0.0236739069223
0.920792102814,0.262626260519,0.115444906056,0.0932977944613,0.0221471115947
0.930693089962,0.262626260519,0.101971149445,0.0816336125135,0.020337536931
0.94059407711,0.262626260519,0.0881255045533,0.0698855370283,0.018239967525
0.950495064259,0.262626260519,0.0739533901215,0.0581016540527,0.0158517360687
0.960396051407,0.262626260519,0.0595038942993,0.0463321320713,0.013171762228
0.970297038555,0.262626260519,0.0448287203908,0.0346277207136,0.0102009996772
0.980198025703,0.262626260519,0.0299820825458,0.0230406485498,0.00694143399596
0.990099012852,0.262626260519,0.0150199634954,0.0116230454296,0.00339691806585
0.00990098994225,0.272727280855,0.00495956046507,0.00263824500144,0.00232131546363
0.0198019798845,0.272727280855,0.00991912093014,0.00560047850013,0.00431864243001
0.0297029688954,0.272727280855,0.0148786762729,0.00870765931904,0.00617101695389
0.039603959769,0.272727280855,0.0198382139206,0.0119578372687,0.00788037665188
0.0495049506426,0.272727280855,0.0247977208346,0.0153486058116,0.00944911502302
0.0594059377909,0.272727280855,0.0297571606934,0.0188769586384,0.010880202055
0.0693069323897,0.272727280855,0.0347164906561,0.0225402377546,0.0121762529016
0.079207919538,0.272727280855,0.0396756343544,0.0263350866735,0.0133405476809
0.0891089066863,0.272727280855,0.0446344986558,0.030258346349,0.0143761523068
0.0990099012852,0.272727280855,0.0495929978788,0.0343062356114,0.0152867622674
0.108910888433,0.272727280855,0.0545509569347,0.0384750850499,0.0160758718848
0.118811875582,0.272727280855,0.0595082007349,0.0427607409656,0.0167474597692
0.12871286273,0.272727280855,0.0644645169377,0.0471589639783,0.0173055529594
0.138613864779,0.272727280855,0.0694196671247,0.0516652464867,0.0177544206381
0.148514851928,0.272727280855,0.0743733048439,0.0562748014927,0.0180985033512
0.158415839076,0.272727280855,0.0793251171708,0.0609826669097,0.0183424502611
0.168316826224,0.272727280855,0.0842746719718,0.0657833591104,0.0184913128614
0.178217813373,0.272727280855,0.0892214924097,0.0706715881824,0.0185499042273
0.188118815422,0.272727280855,0.0941650718451,0.0756409019232,0.0185241699219
0.19801980257,0.272727280855,0.0991047844291,0.0806856229901,0.0184191614389
0.207920789719,0.272727280855,0.104039952159,0.0857989937067,0.0182409584522
0.217821776867,0.272727280855,0.108969800174,0.0909743607044,0.0179954394698
0.227722764015,0.272727280855,0.113893471658,0.0962044075131,0.0176890641451
0.237623751163,0.272727280855,0.118810027838,0.101481929421,0.0173280984163
0.247524753213,0.272727280855,0.123718366027,0.106799378991,0.0169189870358
0.25742572546,0.272727280855,0.128617346287,0.112148649991,0.0164686962962
0.267326742411,0.272727280855,0.133505702019,0.117521904409,0.0159837976098
0.277227729559,0.272727280855,0.138381972909,0.122910402715,0.0154715701938
0.287128716707,0.272727280855,0.143244594336,0.128305971622,0.0149386227131
0.297029703856,0.272727280855,0.148091852665,0.133699566126,0.0143922865391
0.306930691004,0.272727280855,0.152921870351,0.139082551003,0.0138393193483
0.316831678152,0.272727280855,0.157732605934,0.144445449114,0.0132871568203
0.3267326653,0.272727280855,0.162521868944,0.149779438972,0.0127424299717
0.336633652449,0.272727280855,0.167287155986,0.155075460672,0.0122116953135
0.346534639597,0.272727280855,0.172025904059,0.160324901342,0.011701002717
0.356435626745,0.272727280855,0.176735192537,0.16551938653,0.0112158060074
0.366336613894,0.272727280855,0.18141195178,0.170651108027,0.0107608437538
0.376237630844,0.272727280855,0.186052843928,0.175713390112,0.0103394538164
0.386138617992,0.272727280855,0.190654218197,0.180700182915,0.00995403528214
0.396039605141,0.272727280855,0.195212125778,0.185606300831,0.00960582494736
0.405940592289,0.272727280855,0.199722379446,0.190427839756,0.00929453969002
0.415841579437,0.272727280855,0.204180419445,0.195161521435,0.00901889801025
0.425742566586,0.272727280855,0.208581387997,0.199804574251,0.0087768137455
0.435643553734,0.272727280855,0.212919980288,0.204354196787,0.00856578350067
0.445544540882,0.272727280855,0.217190548778,0.208808153868,0.00838239490986
0.45544552803,0.272727280855,0.221387028694,0.213162869215,0.00822415947914
0.465346515179,0.272727280855,0.225502967834,0.217414677143,0.00808829069138
0.475247502327,0.272727280855,0.229531362653,0.221558213234,0.00797314941883
0.485148519278,0.272727280855,0.233464851975,0.225587099791,0.00787775218487
0.495049506426,0.272727280855,0.237295478582,0.229493170977,0.00780230760574
0.504950523376,0.272727280855,0.241014778614,0.233267068863,0.00774770975113
0.51485145092,0.272727280855,0.244613736868,0.236897438765,0.00771629810333
0.524752497673,0.272727280855,0.248082846403,0.240372091532,0.00771075487137
0.534653484821,0.272727280855,0.251411885023,0.243676811457,0.00773507356644
0.54455447197,0.272727280855,0.25459009409,0.246796607971,0.00779348611832
0.554455459118,0.272727280855,0.257606089115,0.249715209007,0.00789088010788
0.564356446266,0.272727280855,0.260447770357,0.252415686846,0.00803208351135
0.574257433414,0.272727280855,0.263102442026,0.254880428314,0.00822201371193
0.584158420563,0.272727280855,0.265556752682,0.257090628147,0.00846612453461
0.594059407711,0.272727280855,0.267796576023,0.259027928114,0.00876864790916
0.603960394859,0.272727280855,0.269807219505,0.260673195124,0.00913402438164
0.613861382008,0.272727280855,0.271573215723,0.262007415295,0.00956580042839
0.623762369156,0.272727280855,0.273078501225,0.263011604548,0.010066896677
0.633663415909,0.272727280855,0.274306446314,0.263667017221,0.0106394290924
0.643564343452,0.272727280855,0.27523958683,0.263955563307,0.0112840235233
0.653465390205,0.272727280855,0.275860100985,0.263859212399,0.012000888586
0.663366317749,0.272727280855,0.276149570942,0.263361304998,0.0127882659435
0.673267364502,0.272727280855,0.27608910203,0.262445986271,0.0136431157589
0.683168292046,0.272727280855,0.275659501553,0.261097848415,0.0145616531372
0.693069338799,0.272727280855,0.274841248989,0.259303361177,0.0155378878117
0.702970266342,0.272727280855,0.273614645004,0.257050126791,0.0165645182133
0.712871313095,0.272727280855,0.271959960461,0.254326939583,0.0176330208778
0.722772240639,0.272727280855,0.269857645035,0.251124352217,0.0187332928181
0.732673287392,0.272727280855,0.267288357019,0.247434556484,0.0198538005352
0.74257427454,0.272727280855,0.264233350754,0.243251562119,0.0209817886353
0.752475261688,0.272727280855,0.260674446821,0.238570928574,0.0221035182476
0.762376248837,0.272727280855,0.256594389677,0.233390539885,0.0232038497925
0.772277235985,0.272727280855,0.251977264881,0.227710902691,0.0242663621902
0.782178223133,0.272727280855,0.246808454394,0.221534013748,0.0252744406462
0.792079210281,0.272727280855,0.241075053811,0.214864879847,0.0262101739645
0.80198019743,0.272727280855,0.234766229987,0.207711398602,0.0270548313856
0.811881184578,0.272727280855,0.227873578668,0.20008379221,0.027789786458
0.821782171726,0.272727280855,0.220391213894,0.191995441914,0.0283957719803
0.831683158875,0.272727280855,0.212316155434,0.183463126421,0.0288530290127
0.841584146023,0.272727280855,0.203648731112,0.174506038427,0.0291426926851
0.851485133171,0.272727280855,0.194392845035,0.165147036314,0.0292458087206
0.861386120319,0.272727280855,0.184556096792,0.155411958694,0.0291441380978
0.871287107468,0.272727280855,0.174149975181,0.145329654217,0.0288203209639
0.881188154221,0.272727280855,0.16319039464,0.13493180275,0.0282585918903
0.891089081764,0.272727280855,0.151697516441,0.124253295362,0.0274442210793
0.900990128517,0.272727280855,0.139695569873,0.113331310451,0.0263642594218
0.910891115665,0.272727280855,0.127213612199,0.102205596864,0.0250080153346
0.920792102814,0.272727280855,0.114284671843,0.0909184813499,0.0233661904931
0.930693089962,0.272727280855,0.100946322083,0.0795141980052,0.0214321240783
0.94059407711,0.272727280855,0.087239831686,0.0680385828018,0.0192012488842
0.950495064259,0.272727280855,0.0732101500034,0.0565394833684,0.016670666635
0.960396051407,0.272727280855,0.0589058734477,0.0450658015907,0.013840071857
0.970297038555,0.272727280855,0.0443781837821,0.0336675345898,0.0107106491923
0.980198025703,0.272727280855,0.0296807587147,0.0223957672715,0.00728499144316
0.990099012852,0.272727280855,0.0148690119386,0.011301888153,0.00356712378561
0.00990098994225,0.282828271389,0.00490971561521,0.0025037266314,0.00240598898381
0.0198019798845,0.282828271389,0.00981943123043,0.00533105246723,0.0044883787632
0.0297029688954,0.282828271389,0.014729142189,0.00830699503422,0.00642214715481
0.039603959769,0.282828271389,0.0196388363838,0.0114299878478,0.00820884853601
0.0495049506426,0.282828271389,0.0245485007763,0.0146976802498,0.00985082052648
0.0594059377909,0.282828271389,0.0294580943882,0.0181076750159,0.0113504193723
0.0693069323897,0.282828271389,0.0343675836921,0.0216573476791,0.0127102360129
0.079207919538,0.282828271389,0.0392768830061,0.0253438316286,0.0139330513775
0.0891089066863,0.282828271389,0.0441859140992,0.0291640497744,0.0150218643248
0.0990099012852,0.282828271389,0.0490945763886,0.0331145338714,0.0159800425172
0.108910888433,0.282828271389,0.0540027059615,0.0371918715537,0.0168108344078
0.118811875582,0.282828271389,0.0589101314545,0.0413920767605,0.0175180546939
0.12871286273,0.282828271389,0.0638166368008,0.0457112155855,0.0181054212153
0.138613864779,0.282828271389,0.0687219873071,0.0501449406147,0.0185770466924
0.148514851928,0.282828271389,0.0736258402467,0.0546883791685,0.0189374610782
0.158415839076,0.282828271389,0.0785278752446,0.0593369305134,0.0191909447312
0.168316826224,0.282828271389,0.0834276899695,0.0640851184726,0.019342571497
0.178217813373,0.282828271389,0.0883248001337,0.0689275339246,0.0193972662091
0.188118815422,0.282828271389,0.0932186841965,0.0738580003381,0.0193606838584
0.19801980257,0.282828271389,0.0981087610126,0.0788704678416,0.0192382931709
0.207920789719,0.282828271389,0.102994322777,0.0839581266046,0.0190361961722
0.217821776867,0.282828271389,0.107874639332,0.0891140550375,0.0187605842948
0.227722764015,0.282828271389,0.112748816609,0.0943306460977,0.0184181705117
0.237623751163,0.282828271389,0.117615953088,0.0996002703905,0.0180156826973
0.247524753213,0.282828271389,0.122474975884,0.104914754629,0.0175602212548
0.25742572546,0.282828271389,0.127324715257,0.110265649855,0.0170590654016
0.267326742411,0.282828271389,0.13216394186,0.115644089878,0.0165198519826
0.277227729559,0.282828271389,0.136991202831,0.121040709317,0.0159504935145
0.287128716707,0.282828271389,0.14180496335,0.126446306705,0.0153586566448
0.297029703856,0.282828271389,0.146603494883,0.131850838661,0.0147526562214
0.306930691004,0.282828271389,0.151384979486,0.137244552374,0.0141404271126
0.316831678152,0.282828271389,0.156147360802,0.142617106438,0.013530254364
0.3267326653,0.282828271389,0.160888493061,0.147958427668,0.0129300653934
0.336633652449,0.282828271389,0.165605887771,0.153258293867,0.0123475939035
0.346534639597,0.282828271389,0.170296996832,0.158507019281,0.0117899775505
0.356435626745,0.282828271389,0.174958959222,0.163695126772,0.0112638324499
0.366336613894,0.282828271389,0.179588735104,0.168814331293,0.0107744038105
0.376237630844,0.282828271389,0.184182971716,0.173856556416,0.0103264153004
0.386138617992,0.282828271389,0.18873809278,0.17881578207,0.00992231070995
0.396039605141,0.282828271389,0.193250194192,0.183686226606,0.00956396758556
0.405940592289,0.282828271389,0.197715118527,0.18846398592,0.00925113260746
0.415841579437,0.282828271389,0.202128365636,0.193145871162,0.00898249447346
0.425742566586,0.282828271389,0.206485107541,0.197729676962,0.00875543057919
0.435643553734,0.282828271389,0.210780084133,0.202213615179,0.00856646895409
0.445544540882,0.282828271389,0.215007737279,0.206595689058,0.00841204822063
0.45544552803,0.282828271389,0.219162046909,0.210873752832,0.00828829407692
0.465346515179,0.282828271389,0.223236620426,0.215044677258,0.00819194316864
0.475247502327,0.282828271389,0.22722452879,0.219104260206,0.0081202685833
0.485148519278,0.282828271389,0.231118485332,0.223047018051,0.00807146728039
0.495049506426,0.282828271389,0.234910592437,0.226865440607,0.00804515182972
0.504950523376,0.282828271389,0.238592520356,0.230550557375,0.00804196298122
0.51485145092,0.282828271389,0.242155313492,0.234091728926,0.00806358456612
0.524752497673,0.282828271389,0.245589569211,0.237476706505,0.00811286270618
0.534653484821,0.282828271389,0.248885154724,0.240691870451,0.00819328427315
0.54455447197,0.282828271389,0.252031415701,0.243721812963,0.00830960273743
0.554455459118,0.282828271389,0.255017071962,0.2465505898,0.00846648216248
0.564356446266,0.282828271389,0.257830202579,0.249161362648,0.00866883993149
0.574257433414,0.282828271389,0.260458230972,0.251535981894,0.00892224907875
0.584158420563,0.282828271389,0.262887865305,0.253656297922,0.00923156738281
0.594059407711,0.282828271389,0.265105158091,0.255503445864,0.00960171222687
0.603960394859,0.282828271389,0.267095595598,0.257058858871,0.0100367367268
0.613861382008,0.282828271389,0.268843859434,0.258303701878,0.0105401575565
0.623762369156,0.282828271389,0.270334005356,0.259219259024,0.0111147463322
0.633663415909,0.282828271389,0.271549582481,0.259787231684,0.0117623507977
0.643564343452,0.282828271389,0.272473365068,0.259990155697,0.0124832093716
0.653465390205,0.282828271389,0.273087620735,0.259810894728,0.0132767260075
0.663366317749,0.282828271389,0.273374199867,0.259233444929,0.0141407549381
0.673267364502,0.282828271389,0.273314356804,0.258242607117,0.0150717496872
0.683168292046,0.282828271389,0.272889047861,0.256824493408,0.0160645544529
0.693069338799,0.282828271389,0.272079020739,0.254966080189,0.0171129405499
0.702970266342,0.282828271389,0.270864754915,0.252656191587,0.0182085633278
0.712871313095,0.282828271389,0.269226700068,0.249884575605,0.0193421244621
0.722772240639,0.282828271389,0.267145544291,0.246643036604,0.0205025076866
0.732673287392,0.282828271389,0.264602035284,0.242924273014,0.02167776227
0.74257427454,0.282828271389,0.261577755213,0.238723218441,0.0228545367718
0.752475261688,0.282828271389,0.258054614067,0.234036624432,0.0240179896355
0.762376248837,0.282828271389,0.254015535116,0.228862911463,0.0251526236534
0.772277235985,0.282828271389,0.249444827437,0.223203033209,0.0262417942286
0.782178223133,0.282828271389,0.2443279773,0.21705982089,0.0272681564093
0.792079210281,0.282828271389,0.238652184606,0.210438877344,0.0282133072615
0.80198019743,0.282828271389,0.232406780124,0.203348189592,0.0290585905313
0.811881184578,0.282828271389,0.225583389401,0.195798695087,0.029784694314
0.821782171726,0.282828271389,0.218176230788,0.187804102898,0.0303721278906
0.831683158875,0.282828271389,0.210182324052,0.179380983114,0.0308013409376
0.841584146023,0.282828271389,0.201602011919,0.170549303293,0.0310527086258
0.851485133171,0.282828271389,0.192439168692,0.161331653595,0.0311075150967
0.861386120319,0.282828271389,0.182701274753,0.151753842831,0.030947431922
0.871287107468,0.282828271389,0.17239972949,0.141844779253,0.0305549502373
0.881188154221,0.282828271389,0.161550298333,0.131635755301,0.0299145430326
0.891089081764,0.282828271389,0.150172933936,0.121161706746,0.0290112271905
0.900990128517,0.282828271389,0.138291597366,0.110459022224,0.0278325751424
0.910891115665,0.282828271389,0.125935092568,0.099567502737,0.0263675898314
0.920792102814,0.282828271389,0.113136090338,0.0885285288095,0.0246075615287
0.930693089962,0.282828271389,0.0999317839742,0.0773855745792,0.0225462093949
0.94059407711,0.282828271389,0.0863630473614,0.0661842748523,0.0201787725091
0.950495064259,0.282828271389,0.0724743753672,0.0549711063504,0.0175032690167
0.960396051407,0.282828271389,0.0583138540387,0.0437943823636,0.0145194716752
0.970297038555,0.282828271389,0.0439321734011,0.0327030606568,0.0112291127443
0.980198025703,0.282828271389,0.0293824579567,0.0217473767698,0.00763508118689
0.990099012852,0.282828271389,0.0147195747122,0.0109776873142,0.00374188739806
0.00990098994225,0.292929291725,0.00486037228256,0.00236729905009,0.00249307323247
0.0198019798845,0.292929291725,0.00972074549645,0.00505919009447,0.00466155540198
0.0297029688954,0.292929291725,0.0145811121911,0.00790336541831,0.00667774677277
0.039603959769,0.292929291725,0.0194414649159,0.0108981784433,0.00854328647256
0.0495049506426,0.292929291725,0.024301784113,0.0140421334654,0.0102596506476
0.0594059377909,0.292929291725,0.0291620381176,0.0173328891397,0.011829148978
0.0693069323897,0.292929291725,0.0340221859515,0.0207681059837,0.0132540799677
0.079207919538,0.292929291725,0.0388821475208,0.02434521541,0.0145369321108
0.0891089066863,0.292929291725,0.0437418408692,0.0280615985394,0.0156802423298
0.0990099012852,0.292929291725,0.0486011691391,0.0319139510393,0.0166872180998
0.108910888433,0.292929291725,0.0534599721432,0.0358990393579,0.0175609327853
0.118811875582,0.292929291725,0.0583180785179,0.0400133393705,0.0183047391474
0.12871286273,0.292929291725,0.0631752759218,0.0442529022694,0.0189223736525
0.138613864779,0.292929291725,0.0680313184857,0.048613473773,0.0194178447127
0.148514851928,0.292929291725,0.0728858932853,0.0530909150839,0.0197949782014
0.158415839076,0.292929291725,0.0777386650443,0.0576803535223,0.020058311522
0.168316826224,0.292929291725,0.0825892314315,0.0623762607574,0.020212970674
0.178217813373,0.292929291725,0.0874371230602,0.0671735852957,0.0202635377645
0.188118815422,0.292929291725,0.0922818332911,0.0720662921667,0.0202155411243
0.19801980257,0.292929291725,0.0971227586269,0.0770479589701,0.0200747996569
0.207920789719,0.292929291725,0.101959213614,0.0821118354797,0.0198473781347
0.217821776867,0.292929291725,0.106790490448,0.0872507914901,0.0195396989584
0.227722764015,0.292929291725,0.111615680158,0.092456959188,0.0191587209702
0.237623751163,0.292929291725,0.116433903575,0.0977222695947,0.0187116339803
0.247524753213,0.292929291725,0.121244080365,0.103037968278,0.0182061120868
0.25742572546,0.292929291725,0.12604509294,0.108395136893,0.0176499560475
0.267326742411,0.292929291725,0.130835682154,0.113783933222,0.0170517489314
0.277227729559,0.292929291725,0.135614424944,0.119194410741,0.0164200142026
0.287128716707,0.292929291725,0.140379801393,0.124616198242,0.0157636031508
0.297029703856,0.292929291725,0.145130112767,0.130038291216,0.0150918215513
0.306930691004,0.292929291725,0.149863541126,0.135449767113,0.0144137740135
0.316831678152,0.292929291725,0.154578074813,0.140839040279,0.0137390345335
0.3267326653,0.292929291725,0.159271553159,0.146194696426,0.0130768567324
0.336633652449,0.292929291725,0.163941517472,0.151505440474,0.0124360769987
0.346534639597,0.292929291725,0.168585494161,0.156760275364,0.0118252187967
0.356435626745,0.292929291725,0.1732006073,0.161948502064,0.0112521052361
0.366336613894,0.292929291725,0.177783846855,0.167060822248,0.0107230246067
0.376237630844,0.292929291725,0.18233191967,0.172088503838,0.0102434158325
0.386138617992,0.292929291725,0.186841264367,0.177024304867,0.00981695950031
0.396039605141,0.292929291725,0.191308006644,0.181862622499,0.00944538414478
0.405940592289,0.292929291725,0.195728078485,0.186599045992,0.00912903249264
0.415841579437,0.292929291725,0.200096949935,0.19123083353,0.00886611640453
0.425742566586,0.292929291725,0.204409897327,0.19575586915,0.00865402817726
0.435643553734,0.292929291725,0.208661720157,0.200173169374,0.0084885507822
0.445544540882,0.292929291725,0.212846875191,0.204481899738,0.00836497545242
0.45544552803,0.292929291725,0.216959446669,0.208680421114,0.00827902555466
0.465346515179,0.292929291725,0.220993056893,0.212767124176,0.00822593271732
0.475247502327,0.292929291725,0.224940896034,0.216738700867,0.00820219516754
0.485148519278,0.292929291725,0.228795722127,0.220590472221,0.00820524990559
0.495049506426,0.292929291725,0.232549726963,0.224315881729,0.00823384523392
0.504950523376,0.292929291725,0.236194655299,0.227906703949,0.00828795135021
0.51485145092,0.292929291725,0.239721611142,0.231352627277,0.00836898386478
0.524752497673,0.292929291725,0.243121355772,0.234641939402,0.00847941637039
0.534653484821,0.292929291725,0.246383816004,0.23776102066,0.0086227953434
0.54455447197,0.292929291725,0.249498471618,0.240694999695,0.00880347192287
0.554455459118,0.292929291725,0.252454131842,0.243427634239,0.00902649760246
0.564356446266,0.292929291725,0.255239009857,0.245941966772,0.0092970430851
0.574257433414,0.292929291725,0.257840573788,0.248220264912,0.00962030887604
0.584158420563,0.292929291725,0.260245800018,0.250244230032,0.0100015699863
0.594059407711,0.292929291725,0.262440830469,0.251995116472,0.0104457139969
0.603960394859,0.292929291725,0.264411240816,0.253454625607,0.0109566152096
0.613861382008,0.292929291725,0.266141951084,0.254604011774,0.0115379393101
0.623762369156,0.292929291725,0.26761713624,0.255425184965,0.0121919512749
0.633663415909,0.292929291725,0.268820494413,0.255900382996,0.0129201114178
0.643564343452,0.292929291725,0.269735008478,0.256012588739,0.0137224197388
0.653465390205,0.292929291725,0.270343065262,0.255745559931,0.014597505331
0.663366317749,0.292929291725,0.270626753569,0.255084037781,0.0155427157879
0.673267364502,0.292929291725,0.270567506552,0.254013895988,0.0165536105633
0.683168292046,0.292929291725,0.270146518946,0.252522081137,0.017624437809
0.693069338799,0.292929291725,0.269344598055,0.250596880913,0.0187477171421
0.702970266342,0.292929291725,0.268142521381,0.248227804899,0.0199147164822
0.712871313095,0.292929291725,0.266520947218,0.245405912399,0.0211150348186
0.722772240639,0.292929291725,0.264460682869,0.242123603821,0.0223370790482
0.732673287392,0.292929291725,0.261942774057,0.238374978304,0.0235677957535
0.74257427454,0.292929291725,0.258948862553,0.234155476093,0.0247933864594
0.752475261688,0.292929291725,0.255461126566,0.229462772608,0.0259983539581
0.762376248837,0.292929291725,0.25146266818,0.22429600358,0.0271666646004
0.772277235985,0.292929291725,0.24693788588,0.218656569719,0.0282813161612
0.782178223133,0.292929291725,0.24187245965,0.212548136711,0.0293243229389
0.792079210281,0.292929291725,0.236253708601,0.205976486206,0.0302772223949
0.80198019743,0.292929291725,0.230071082711,0.19895029068,0.0311207920313
0.811881184578,0.292929291725,0.223316267133,0.191480666399,0.0318356007338
0.821782171726,0.292929291725,0.21598353982,0.183581709862,0.032401829958
0.831683158875,0.292929291725,0.208069980145,0.175270050764,0.0327999293804
0.841584146023,0.292929291725,0.199575901031,0.166565865278,0.0330100357533
0.851485133171,0.292929291725,0.190505117178,0.157491803169,0.0330133140087
0.861386120319,0.292929291725,0.180865108967,0.148073524237,0.0327915847301
0.871287107468,0.292929291725,0.170667096972,0.138339817524,0.0323272794485
0.881188154221,0.292929291725,0.159926712513,0.128322064877,0.0316046476364
0.891089081764,0.292929291725,0.148663684726,0.118054486811,0.0306091979146
0.900990128517,0.292929291725,0.136901751161,0.107573233545,0.0293285176158
0.910891115665,0.292929291725,0.124669425189,0.096917681396,0.0277517437935
0.920792102814,0.292929291725,0.111999057233,0.0861284583807,0.0258705988526
0.930693089962,0.292929291725,0.0989274680614,0.0752486810088,0.0236787870526
0.94059407711,0.292929291725,0.0854950919747,0.0643226578832,0.0211724340916
0.950495064259,0.292929291725,0.0717459991574,0.053396679461,0.0183493196964
0.960396051407,0.292929291725,0.0577277988195,0.0425180271268,0.0152097716928
0.970297038555,0.292929291725,0.0434906482697,0.0317344553769,0.0117561928928
0.980198025703,0.292929291725,0.0290871635079,0.0210954658687,0.00799169763923
0.990099012852,0.292929291725,0.0145716415718,0.0106503646821,0.00392127688974
0.00990098994225,0.303030312061,0.00481152487919,0.00222904607654,0.00258247880265
0.0198019798845,0.303030312061,0.00962304882705,0.00478493049741,0.00483811832964
0.0297029688954,0.303030312061,0.014434568584,0.00749653764069,0.00693803094327
0.039603959769,0.303030312061,0.0192460734397,0.0103626027703,0.00888347066939
0.0495049506426,0.303030312061,0.0240575466305,0.0133818294853,0.0106757171452
0.0594059377909,0.303030312061,0.0288689527661,0.0165523998439,0.0123165529221
0.0693069323897,0.303030312061,0.0336802527308,0.0198723748326,0.0138078778982
0.079207919538,0.303030312061,0.0384913720191,0.0233393013477,0.0151520706713
0.0891089066863,0.303030312061,0.0433022305369,0.0269509851933,0.0163512453437
0.0990099012852,0.303030312061,0.0481127165258,0.0307042784989,0.0174084380269
0.108910888433,0.303030312061,0.0529226846993,0.0345964096487,0.0183262750506
0.118811875582,0.303030312061,0.0577319711447,0.0386240407825,0.0191079303622
0.12871286273,0.303030312061,0.0625403448939,0.0427833907306,0.0197569541633
0.138613864779,0.303030312061,0.0673475936055,0.047070838511,0.0202767550945
0.148514851928,0.303030312061,0.0721533745527,0.0514818355441,0.0206715390086
0.158415839076,0.303030312061,0.0769573748112,0.0560120418668,0.0209453329444
0.168316826224,0.303030312061,0.0817591920495,0.0606562942266,0.0211028978229
0.178217813373,0.303030312061,0.0865583568811,0.0654091909528,0.0211491659284
0.188118815422,0.303030312061,0.0913543775678,0.0702651366591,0.0210892409086
0.19801980257,0.303030312061,0.0961466580629,0.0752175301313,0.0209291279316
0.207920789719,0.303030312061,0.100934505463,0.0802596136928,0.0206748917699
0.217821776867,0.303030312061,0.105717211962,0.0853840187192,0.0203331932425
0.227722764015,0.303030312061,0.110493913293,0.0905827507377,0.0199111625552
0.237623751163,0.303030312061,0.115263707936,0.0958472564816,0.0194164514542
0.247524753213,0.303030312061,0.120025552809,0.101168274879,0.0188572779298
0.25742572546,0.303030312061,0.124778315425,0.106536321342,0.0182419940829
0.267326742411,0.303030312061,0.129520758986,0.111940927804,0.017579831183
0.277227729559,0.303030312061,0.134251460433,0.117371223867,0.0168802365661
0.287128716707,0.303030312061,0.13896894455,0.122815661132,0.0161532834172
0.297029703856,0.303030312061,0.143671527505,0.128262341022,0.0154091864824
0.306930691004,0.303030312061,0.148357376456,0.133698731661,0.0146586447954
0.316831678152,0.303030312061,0.15302452445,0.139112114906,0.013912409544
0.3267326653,0.303030312061,0.15767082572,0.144490033388,0.0131807923317
0.336633652449,0.303030312061,0.162293866277,0.149819195271,0.0124746710062
0.346534639597,0.303030312061,0.166891172528,0.155087560415,0.011803612113
0.356435626745,0.303030312061,0.171459898353,0.160283178091,0.0111767202616
0.366336613894,0.303030312061,0.175997078419,0.165395200253,0.0106018781662
0.376237630844,0.303030312061,0.180499449372,0.170414060354,0.0100853890181
0.386138617992,0.303030312061,0.184963464737,0.175331741571,0.00963172316551
0.396039605141,0.303030312061,0.189385324717,0.180141955614,0.00924336910248
0.405940592289,0.303030312061,0.193760946393,0.184840381145,0.00892056524754
0.415841579437,0.303030312061,0.198085933924,0.189423918724,0.00866201519966
0.425742566586,0.303030312061,0.202355533838,0.193891108036,0.00846442580223
0.435643553734,0.303030312061,0.206564620137,0.198241680861,0.0083229392767
0.445544540882,0.303030312061,0.210707724094,0.202475339174,0.00823238492012
0.45544552803,0.303030312061,0.21477894485,0.206592172384,0.00818677246571
0.465346515179,0.303030312061,0.218772038817,0.210591137409,0.0081809014082
0.475247502327,0.303030312061,0.222680196166,0.214470356703,0.00820983946323
0.485148519278,0.303030312061,0.226496264338,0.218226134777,0.00827012956142
0.495049506426,0.303030312061,0.230212554336,0.221853107214,0.00835944712162
0.504950523376,0.303030312061,0.233820840716,0.225343644619,0.00847719609737
0.51485145092,0.303030312061,0.237312361598,0.228688031435,0.008624330163
0.524752497673,0.303030312061,0.240677937865,0.231875181198,0.00880275666714
0.534653484821,0.303030312061,0.243907615542,0.234891474247,0.00901614129543
0.54455447197,0.303030312061,0.246990963817,0.23772251606,0.00926844775677
0.554455459118,0.303030312061,0.249916911125,0.240352123976,0.00956478714943
0.564356446266,0.303030312061,0.252673774958,0.242763280869,0.00991049408913
0.574257433414,0.303030312061,0.255249232054,0.244938492775,0.0103107392788
0.584158420563,0.303030312061,0.257630288601,0.246859312057,0.0107709765434
0.594059407711,0.303030312061,0.259803235531,0.24850744009,0.0112957954407
0.603960394859,0.303030312061,0.261753857136,0.249864518642,0.0118893384933
0.613861382008,0.303030312061,0.263467162848,0.250912070274,0.0125550925732
0.623762369156,0.303030312061,0.264927536249,0.251632869244,0.0132946670055
0.633663415909,0.303030312061,0.26611879468,0.252009391785,0.014109402895
0.643564343452,0.303030312061,0.267024099827,0.252025485039,0.0149986147881
0.653465390205,0.303030312061,0.267626076937,0.251665592194,0.0159604847431
0.663366317749,0.303030312061,0.267906904221,0.250915467739,0.0169914364815
0.673267364502,0.303030312061,0.26784825325,0.249761939049,0.0180863142014
0.683168292046,0.303030312061,0.267431467772,0.248192965984,0.0192385017872
0.693069338799,0.303030312061,0.266637653112,0.246197611094,0.0204400420189
0.702970266342,0.303030312061,0.265447646379,0.24376693368,0.0216807126999
0.712871313095,0.303030312061,0.263842344284,0.240892618895,0.0229497253895
0.722772240639,0.303030312061,0.261802792549,0.237568169832,0.0242346227169
0.732673287392,0.303030312061,0.259310185909,0.233788490295,0.0255216956139
0.74257427454,0.303030312061,0.25634637475,0.229550153017,0.0267962217331
0.752475261688,0.303030312061,0.252893686295,0.224851101637,0.0280425846577
0.762376248837,0.303030312061,0.248935431242,0.219691544771,0.0292438864708
0.772277235985,0.303030312061,0.244456097484,0.214073270559,0.0303828269243
0.782178223133,0.303030312061,0.23944157362,0.208000570536,0.0314410030842
0.792079210281,0.303030312061,0.233879297972,0.201479703188,0.0323995947838
0.80198019743,0.303030312061,0.227758809924,0.194519340992,0.0332394689322
0.811881184578,0.303030312061,0.221071884036,0.187131345272,0.033940538764
0.821782171726,0.303030312061,0.213812842965,0.179329901934,0.0344829410315
0.831683158875,0.303030312061,0.205978825688,0.171131819487,0.0348470062017
0.841584146023,0.303030312061,0.197570100427,0.162557244301,0.0350128561258
0.851485133171,0.303030312061,0.18859051168,0.153628796339,0.0349617153406
0.861386120319,0.303030312061,0.179047375917,0.14437225461,0.0346751213074
0.871287107468,0.303030312061,0.16895185411,0.134816259146,0.034135594964
0.881188154221,0.303030312061,0.158319398761,0.124991752207,0.0333276465535
0.891089081764,0.303030312061,0.147169575095,0.114932604134,0.0322369709611
0.900990128517,0.303030312061,0.135525867343,0.104674741626,0.0308511257172
0.910891115665,0.303030312061,0.123416483402,0.0942569151521,0.0291595682502
0.920792102814,0.303030312061,0.110873445868,0.083719201386,0.0271542444825
0.930693089962,0.303030312061,0.0979332253337,0.0731038376689,0.0248293876648
0.94059407711,0.303030312061,0.0846358537674,0.0624545812607,0.0221812725067
0.950495064259,0.303030312061,0.0710249319673,0.0518167391419,0.0192081928253
0.960396051407,0.303030312061,0.0571476183832,0.0412367805839,0.0159108377993
0.970297038555,0.303030312061,0.0430535599589,0.0307618007064,0.0122917592525
0.980198025703,0.303030312061,0.028794830665,0.0204400457442,0.00835478492081
0.990099012852,0.303030312061,0.0144251929596,0.0103198066354,0.00410538632423
0.00990098994225,0.313131302595,0.00476316828281,0.00208904221654,0.00267412606627
0.0198019798845,0.313131302595,0.00952633563429,0.00450821407139,0.0050181215629
0.0297029688954,0.313131302595,0.0142894983292,0.00708659924567,0.0072028990835
0.039603959769,0.313131302595,0.0190526470542,0.00982321053743,0.00922943651676
0.0495049506426,0.313131302595,0.0238157659769,0.0127169787884,0.0110987871885
0.0594059377909,0.313131302595,0.0285788159817,0.0157666094601,0.0128122065216
0.0693069323897,0.313131302595,0.0333417616785,0.0189702808857,0.0143714807928
0.079207919538,0.313131302595,0.0381045304239,0.0223261713982,0.0157783590257
0.0891089066863,0.313131302595,0.0428670346737,0.0258321240544,0.0170349106193
0.0990099012852,0.313131302595,0.0476291775703,0.0294855795801,0.0181435979903
0.108910888433,0.313131302595,0.0523908026516,0.0332839787006,0.019106823951
0.118811875582,0.313131302595,0.0571517534554,0.0372241027653,0.0199276506901
0.12871286273,0.313131302595,0.0619118101895,0.0413028225303,0.0206089876592
0.138613864779,0.313131302595,0.0666707381606,0.0455165691674,0.0211541689932
0.148514851928,0.313131302595,0.0714282244444,0.0498608797789,0.0215673446655
0.158415839076,0.313131302595,0.0761839449406,0.0543318763375,0.021852068603
0.168316826224,0.313131302595,0.0809374973178,0.0589246600866,0.0220128372312
0.178217813373,0.313131302595,0.0856884345412,0.0636339262128,0.0220545083284
0.188118815422,0.313131302595,0.090436257422,0.0684540495276,0.0219822078943
0.19801980257,0.313131302595,0.095180362463,0.0733784362674,0.0218019261956
0.207920789719,0.313131302595,0.0999201014638,0.0784006118774,0.0215194895864
0.217821776867,0.313131302595,0.104654736817,0.0835128650069,0.02114187181
0.227722764015,0.313131302595,0.109383434057,0.0887070223689,0.0206764116883
0.237623751163,0.313131302595,0.114105291665,0.0939742177725,0.0201310738921
0.247524753213,0.313131302595,0.118819281459,0.0993049442768,0.019514337182
0.25742572546,0.313131302595,0.123524270952,0.104688771069,0.0188354998827
0.267326742411,0.313131302595,0.128219053149,0.110114730895,0.0181043222547
0.277227729559,0.313131302595,0.132902219892,0.115570761263,0.0173314586282
0.287128716707,0.313131302595,0.137572288513,0.121044717729,0.0165275707841
0.297029703856,0.313131302595,0.142227590084,0.126522958279,0.0157046318054
0.306930691004,0.313131302595,0.146866366267,0.131992131472,0.0148742347956
0.316831678152,0.313131302595,0.151486590505,0.137437909842,0.0140486806631
0.3267326653,0.313131302595,0.156086206436,0.142845898867,0.0132403075695
0.336633652449,0.313131302595,0.160662800074,0.148201912642,0.0124608874321
0.346534639597,0.313131302595,0.165213897824,0.153491973877,0.0117219239473
0.356435626745,0.313131302595,0.16973669827,0.158702611923,0.0110340863466
0.366336613894,0.313131302595,0.174228280783,0.163821697235,0.0104065835476
0.376237630844,0.313131302595,0.17868539691,0.168838530779,0.00984686613083
0.386138617992,0.313131302595,0.183104559779,0.173743963242,0.00936059653759
0.396039605141,0.313131302595,0.187481969595,0.178531199694,0.00895076990128
0.405940592289,0.313131302595,0.191813632846,0.183195143938,0.00861848890781
0.415841579437,0.313131302595,0.196095138788,0.187732994556,0.0083621442318
0.425742566586,0.313131302595,0.20032183826,0.192143797874,0.00817804038525
0.435643553734,0.313131302595,0.204488620162,0.196427732706,0.00806088745594
0.445544540882,0.313131302595,0.208590075374,0.200585454702,0.00800462067127
0.45544552803,0.313131302595,0.212620377541,0.204618126154,0.00800225138664
0.465346515179,0.313131302595,0.216573357582,0.2085262537,0.00804710388184
0.475247502327,0.313131302595,0.220442220569,0.212308853865,0.00813336670399
0.485148519278,0.313131302595,0.224219962955,0.215963751078,0.00825621187687
0.495049506426,0.313131302595,0.227898880839,0.219486564398,0.00841231644154
0.504950523376,0.313131302595,0.231470912695,0.222870379686,0.00860053300858
0.51485145092,0.313131302595,0.234927341342,0.226106733084,0.00882060825825
0.524752497673,0.313131302595,0.238259091973,0.229184508324,0.00907458364964
0.534653484821,0.313131302595,0.241456314921,0.232091039419,0.0093652755022
0.54455447197,0.313131302595,0.244508653879,0.234811812639,0.00969684123993
0.554455459118,0.313131302595,0.247405201197,0.237330943346,0.0100742578506
0.564356446266,0.313131302595,0.250134378672,0.239631712437,0.010502666235
0.574257433414,0.313131302595,0.25268393755,0.241696387529,0.0109875500202
0.584158420563,0.313131302595,0.255041062832,0.24350681901,0.0115342438221
0.594059407711,0.313131302595,0.25719216466,0.245044946671,0.012147217989
0.603960394859,0.313131302595,0.259123206139,0.246292561293,0.012830644846
0.613861382008,0.313131302595,0.260819286108,0.247231900692,0.013587385416
0.623762369156,0.313131302595,0.262264966965,0.247845739126,0.0144192278385
0.633663415909,0.313131302595,0.263444244862,0.248117566109,0.0153266787529
0.643564343452,0.313131302595,0.2643404603,0.248031824827,0.0163086354733
0.653465390205,0.313131302595,0.264936387539,0.247573912144,0.0173624753952
0.663366317749,0.313131302595,0.265214413404,0.246730327606,0.0184840857983
0.673267364502,0.313131302595,0.265156328678,0.245489001274,0.019667327404
0.683168292046,0.313131302595,0.264743745327,0.243838995695,0.0209047496319
0.693069338799,0.313131302595,0.263957887888,0.241770595312,0.0221872925758
0.702970266342,0.313131302595,0.262779831886,0.239275485277,0.0235043466091
0.712871313095,0.313131302595,0.261190712452,0.236346662045,0.0248440504074
0.722772240639,0.313131302595,0.259171634912,0.232978492975,0.0261931419373
0.732673287392,0.313131302595,0.256704062223,0.229166775942,0.0275372862816
0.74257427454,0.313131302595,0.253770053387,0.224908947945,0.028861105442
0.752475261688,0.313131302595,0.250352084637,0.220203489065,0.0301485955715
0.762376248837,0.313131302595,0.246433585882,0.215051352978,0.0313822329044
0.772277235985,0.313131302595,0.241999268532,0.209454983473,0.032544285059
0.782178223133,0.313131302595,0.237035140395,0.203418850899,0.0336162894964
0.792079210281,0.313131302595,0.231528788805,0.196949869394,0.0345789194107
0.80198019743,0.313131302595,0.225469782948,0.190057247877,0.0354125350714
0.811881184578,0.313131302595,0.2188500911,0.182752460241,0.0360976308584
0.821782171726,0.313131302595,0.211663991213,0.175050288439,0.036613702774
0.831683158875,0.313131302595,0.203908711672,0.166967660189,0.0369410514832
0.841584146023,0.313131302595,0.195584505796,0.158524781466,0.0370597243309
0.851485133171,0.313131302595,0.18669514358,0.149744302034,0.0369508415461
0.861386120319,0.313131302595,0.177247911692,0.140651673079,0.0365962386131
0.871287107468,0.313131302595,0.167253866792,0.131275236607,0.0359786301851
0.881188154221,0.313131302595,0.15672826767,0.121645949781,0.0350823178887
0.891089081764,0.313131302595,0.145690500736,0.111797310412,0.0338931903243
0.900990128517,0.313131302595,0.134163796902,0.101764693856,0.0323991030455
0.910891115665,0.313131302595,0.122176133096,0.0915861204267,0.0305900126696
0.920792102814,0.313131302595,0.109759144485,0.0813012644649,0.0284578800201
0.930693089962,0.313131302595,0.0969489812851,0.0709517598152,0.0259972214699
0.94059407711,0.313131302595,0.0837852433324,0.0605805590749,0.0232046842575
0.950495064259,0.313131302595,0.0703111216426,0.050231911242,0.0200792104006
0.960396051407,0.313131302595,0.0565732754767,0.0399514660239,0.0166218094528
0.970297038555,0.313131302595,0.0426208637655,0.0297856405377,0.0128352232277
0.980198025703,0.313131302595,0.0285054370761,0.0197813473642,0.0087240897119
0.990099012852,0.313131302595,0.014280218631,0.00998637452722,0.00429384410381
0.00990098994225,0.323232322931,0.00471529737115,0.00194706581533,0.00276823155582
0.0198019798845,0.323232322931,0.0094305947423,0.00422924011946,0.00520135462284
0.0297029688954,0.323232322931,0.0141458865255,0.00667371042073,0.00747217610478
0.039603959769,0.323232322931,0.0188611652702,0.00927997007966,0.00958119519055
0.0495049506426,0.323232322931,0.0235764104873,0.0120475906879,0.0115288197994
0.0594059377909,0.323232322931,0.0282915923744,0.0149752590805,0.0133163332939
0.0693069323897,0.323232322931,0.0330066718161,0.0180619433522,0.0149447284639
0.079207919538,0.323232322931,0.0377215705812,0.0213057249784,0.0164158456028
0.0891089066863,0.323232322931,0.0424362123013,0.0247051455081,0.0177310667932
0.0990099012852,0.323232322931,0.0471504926682,0.0282578915358,0.0188926011324
0.108910888433,0.323232322931,0.0518642701209,0.0319617241621,0.0199025459588
0.118811875582,0.323232322931,0.0565773658454,0.0358137302101,0.0207636356354
0.12871286273,0.323232322931,0.0612895786762,0.039811026305,0.0214785523713
0.138613864779,0.323232322931,0.0660006850958,0.0439504161477,0.0220502689481
0.148514851928,0.323232322931,0.0707103535533,0.0482279807329,0.0224823728204
0.158415839076,0.323232322931,0.0754182785749,0.0526398122311,0.0227784663439
0.168316826224,0.323232322931,0.08012406528,0.0571812018752,0.0229428634048
0.178217813373,0.323232322931,0.0848272517323,0.0618472769856,0.0229799747467
0.188118815422,0.323232322931,0.089527361095,0.0666324943304,0.0228948667645
0.19801980257,0.323232322931,0.0942237824202,0.0715303197503,0.0226934626698
0.207920789719,0.323232322931,0.0989158898592,0.0765341967344,0.0223816931248
0.217821776867,0.323232322931,0.103602938354,0.081636659801,0.021966278553
0.227722764015,0.323232322931,0.108284108341,0.0868291482329,0.0214549601078
0.237623751163,0.323232322931,0.1129585132,0.0921026617289,0.0208558514714
0.247524753213,0.323232322931,0.117625117302,0.0974471569061,0.0201779603958
0.25742572546,0.323232322931,0.122282832861,0.102851733565,0.0194310992956
0.267326742411,0.323232322931,0.12693041563,0.108304515481,0.0186259001493
0.277227729559,0.323232322931,0.131566524506,0.113792739809,0.0177737846971
0.287128716707,0.323232322931,0.136189669371,0.119302995503,0.0168866738677
0.297029703856,0.323232322931,0.140798181295,0.124820552766,0.0159776285291
0.306930691004,0.323232322931,0.145390331745,0.130330502987,0.0150598287582
0.316831678152,0.323232322931,0.149964123964,0.135816991329,0.0141471326351
0.3267326653,0.323232322931,0.154517516494,0.141264081001,0.0132534354925
0.336633652449,0.323232322931,0.159048095345,0.146655738354,0.0123923569918
0.346534639597,0.323232322931,0.163553461432,0.151976168156,0.0115772932768
0.356435626745,0.323232322931,0.168030813336,0.157210499048,0.0108203142881
0.366336613894,0.323232322931,0.172477260232,0.162344843149,0.0101324170828
0.376237630844,0.323232322931,0.176889583468,0.167367070913,0.00952251255512
0.386138617992,0.323232322931,0.181264325976,0.172266989946,0.00899733603001
0.396039605141,0.323232322931,0.185597747564,0.177036762238,0.00856098532677
0.405940592289,0.323232322931,0.189885869622,0.181670993567,0.00821487605572
0.415841579437,0.323232322931,0.194124341011,0.186166703701,0.00795763731003
0.425742566586,0.323232322931,0.198308557272,0.190523028374,0.00778552889824
0.435643553734,0.323232322931,0.202433466911,0.194740772247,0.007692694664
0.445544540882,0.323232322931,0.206493705511,0.198821872473,0.00767183303833
0.45544552803,0.323232322931,0.210483506322,0.202768594027,0.00771491229534
0.465346515179,0.323232322931,0.214396744967,0.206582605839,0.00781413912773
0.475247502327,0.323232322931,0.218226730824,0.210264503956,0.00796222686768
0.485148519278,0.323232322931,0.221966490149,0.213813364506,0.00815312564373
0.495049506426,0.323232322931,0.225608453155,0.217225879431,0.00838257372379
0.504950523376,0.323232322931,0.229144588113,0.22049665451,0.00864793360233
0.51485145092,0.323232322931,0.232566267252,0.22361767292,0.00894859433174
0.524752497673,0.323232322931,0.235864534974,0.226578891277,0.00928564369678
0.534653484821,0.323232322931,0.239029631019,0.22936797142,0.00966165959835
0.54455447197,0.323232322931,0.242051288486,0.231970697641,0.0100805908442
0.554455459118,0.323232322931,0.244918748736,0.234371423721,0.0105473250151
0.564356446266,0.323232322931,0.247620478272,0.236553758383,0.0110667198896
0.574257433414,0.323232322931,0.250144422054,0.238499999046,0.011644423008
0.584158420563,0.323232322931,0.252477824688,0.240192264318,0.0122855603695
0.594059407711,0.323232322931,0.254607349634,0.241612821817,0.0129945278168
0.603960394859,0.323232322931,0.256518959999,0.24274367094,0.0137752890587
0.613861382008,0.323232322931,0.25819799304,0.243567466736,0.0146305263042
0.623762369156,0.323232322931,0.259629160166,0.24406760931,0.0155615508556
0.633663415909,0.323232322931,0.260796576738,0.244228392839,0.0165681838989
0.643564343452,0.323232322931,0.261683791876,0.244034737349,0.0176490545273
0.653465390205,0.323232322931,0.262273728848,0.24347320199,0.0188005268574
0.663366317749,0.323232322931,0.262548953295,0.242531180382,0.020017772913
0.673267364502,0.323232322931,0.262491464615,0.24119758606,0.0212938785553
0.683168292046,0.323232322931,0.262083023787,0.239462733269,0.0226202905178
0.693069338799,0.323232322931,0.261305034161,0.237317860126,0.0239871740341
0.702970266342,0.323232322931,0.260138869286,0.234755605459,0.0253832638264
0.712871313095,0.323232322931,0.258565694094,0.231770068407,0.0267956256866
0.722772240639,0.323232322931,0.256566911936,0.228356719017,0.0282101929188
0.732673287392,0.323232322931,0.254124164581,0.224511802197,0.0296123623848
0.74257427454,0.323232322931,0.251219630241,0.220233678818,0.0309859514236
0.752475261688,0.323232322931,0.247835993767,0.21552169323,0.0323143005371
0.762376248837,0.323232322931,0.24395686388,0.210377395153,0.0335794687271
0.772277235985,0.323232322931,0.239567145705,0.204803287983,0.0347638577223
0.782178223133,0.323232322931,0.234652906656,0.198804736137,0.0358481705189
0.792079210281,0.323232322931,0.229201883078,0.192388921976,0.0368129611015
0.80198019743,0.323232322931,0.223203778267,0.185565114021,0.0376386642456
0.811881184578,0.323232322931,0.216650605202,0.178345561028,0.0383050441742
0.821782171726,0.323232322931,0.209536731243,0.170744508505,0.0387922227383
0.831683158875,0.323232322931,0.201859384775,0.162779331207,0.0390800535679
0.841584146023,0.323232322931,0.19361884892,0.154470086098,0.0391487628222
0.851485133171,0.323232322931,0.184818819165,0.145839363337,0.0389794558287
0.861386120319,0.323232322931,0.175466537476,0.136912643909,0.0385538935661
0.871287107468,0.323232322931,0.165572926402,0.127718001604,0.037854924798
0.881188154221,0.323232322931,0.155153125525,0.118285961449,0.0368671640754
0.891089081764,0.323232322931,0.144226282835,0.10864956677,0.0355767160654
0.900990128517,0.323232322931,0.132815435529,0.0988438874483,0.0339715480804
0.910891115665,0.323232322931,0.12094822526,0.0889061838388,0.0320420414209
0.920792102814,0.323232322931,0.108656048775,0.0788756608963,0.0297803878784
0.930693089962,0.323232322931,0.0959746167064,0.0687931925058,0.0271814242005
0.94059407711,0.323232322931,0.0829431936145,0.0587008520961,0.0242423415184
0.950495064259,0.323232322931,0.069604486227,0.048642359674,0.0209621265531
0.960396051407,0.323232322931,0.0560047067702,0.0386622399092,0.017342466861
0.970297038555,0.323232322931,0.0421925187111,0.028805963695,0.013386555016
0.980198025703,0.323232322931,0.0282189529389,0.0191196165979,0.00909933634102
0.990099012852,0.323232322931,0.0141366990283,0.00964998081326,0.00448671821505
0.00990098994225,0.333333343267,0.00466790795326,0.0018035788089,0.00286432914436
0.0198019798845,0.333333343267,0.0093358149752,0.00394796207547,0.00538785289973
0.0297029688954,0.333333343267,0.0140037182719,0.00625793449581,0.00774578377604
0.039603959769,0.333333343267,0.018671605736,0.00873331725597,0.00993828848004
0.0495049506426,0.333333343267,0.0233394633979,0.0113737732172,0.0119656901807
0.0594059377909,0.333333343267,0.0280072577298,0.0141787510365,0.0138285066932
0.0693069323897,0.333333343267,0.0326749458909,0.017147295177,0.0155276507139
0.079207919538,0.333333343267,0.0373424626887,0.0202782787383,0.0170641839504
0.0891089066863,0.333333343267,0.0420097187161,0.0235701538622,0.0184395648539
0.0990099012852,0.333333343267,0.046676620841,0.0270212516189,0.0196553692222
0.108910888433,0.333333343267,0.051343023777,0.0306294858456,0.0207135379314
0.118811875582,0.333333343267,0.0560087561607,0.034392721951,0.0216160342097
0.12871286273,0.333333343267,0.060673609376,0.0383080244064,0.0223655849695
0.138613864779,0.333333343267,0.0653373599052,0.0423726290464,0.0229647308588
0.148514851928,0.333333343267,0.0699997022748,0.0465829148889,0.0234167873859
0.158415839076,0.333333343267,0.0746603086591,0.0509354323149,0.0237248763442
0.168316826224,0.333333343267,0.0793187990785,0.0554256737232,0.0238931253552
0.178217813373,0.333333343267,0.0839747190475,0.0600490048528,0.0239257141948
0.188118815422,0.333333343267,0.0886275917292,0.0648000091314,0.0238275825977
0.19801980257,0.333333343267,0.0932768210769,0.0696725323796,0.0236042886972
0.207920789719,0.333333343267,0.0979217588902,0.0746600180864,0.0232617408037
0.217821776867,0.333333343267,0.102561712265,0.0797548517585,0.0228068605065
0.227722764015,0.333333343267,0.107195839286,0.0849485248327,0.0222473144531
0.237623751163,0.333333343267,0.111823260784,0.0902318060398,0.0215914547443
0.247524753213,0.333333343267,0.116442970932,0.0955942720175,0.0208486989141
0.25742572546,0.333333343267,0.121053859591,0.101024493575,0.0200293660164
0.267326742411,0.333333343267,0.125654742122,0.106509916484,0.0191448256373
0.277227729559,0.333333343267,0.130244255066,0.112036712468,0.0182075425982
0.287128716707,0.333333343267,0.13482093811,0.117590390146,0.0172305479646
0.297029703856,0.333333343267,0.139383137226,0.123155094683,0.0162280425429
0.306930691004,0.333333343267,0.14392913878,0.128714174032,0.0152149647474
0.316831678152,0.333333343267,0.148456960917,0.134250372648,0.0142065882683
0.3267326653,0.333333343267,0.152964577079,0.139745771885,0.0132188051939
0.336633652449,0.333333343267,0.157449632883,0.14518263936,0.0122669935226
0.346534639597,0.333333343267,0.161909714341,0.150543034077,0.0113666802645
0.356435626745,0.333333343267,0.166342079639,0.155810326338,0.0105317533016
0.366336613894,0.333333343267,0.170743823051,0.160968899727,0.00977492332458
0.376237630844,0.333333343267,0.175111800432,0.166004866362,0.00910693407059
0.386138617992,0.333333343267,0.179442584515,0.170906752348,0.00853583216667
0.396039605141,0.333333343267,0.183732450008,0.175665706396,0.00806674361229
0.405940592289,0.333333343267,0.187977477908,0.180275559425,0.00770191848278
0.415841579437,0.333333343267,0.192173361778,0.184733182192,0.00744017958641
0.425742566586,0.333333343267,0.196315526962,0.189037740231,0.00727778673172
0.435643553734,0.333333343267,0.20039896667,0.193190723658,0.00720824301243
0.445544540882,0.333333343267,0.20441840589,0.197195112705,0.00722329318523
0.45544552803,0.333333343267,0.208368107677,0.201054096222,0.00731401145458
0.465346515179,0.333333343267,0.212242022157,0.20477104187,0.0074709802866
0.475247502327,0.333333343267,0.216033518314,0.208348065615,0.00768545269966
0.485148519278,0.333333343267,0.219735682011,0.211785495281,0.00795018672943
0.495049506426,0.333333343267,0.223341032863,0.215081721544,0.0082593113184
0.504950523376,0.333333343267,0.226841628551,0.218232631683,0.00860899686813
0.51485145092,0.333333343267,0.230228945613,0.221230953932,0.0089979916811
0.524752497673,0.333333343267,0.233494058251,0.224067747593,0.00942631065845
0.534653484821,0.333333343267,0.236627325416,0.226731061935,0.00989626348019
0.54455447197,0.333333343267,0.239618629217,0.229207247496,0.0104113817215
0.554455459118,0.333333343267,0.242457270622,0.231481283903,0.0109759867191
0.564356446266,0.333333343267,0.245131850243,0.233536660671,0.0115951895714
0.574257433414,0.333333343267,0.247630417347,0.235356092453,0.012274324894
0.584158420563,0.333333343267,0.249940380454,0.236921966076,0.0130184143782
0.594059407711,0.333333343267,0.252048492432,0.23821669817,0.0138317942619
0.603960394859,0.333333343267,0.253940880299,0.239222824574,0.0147180557251
0.613861382008,0.333333343267,0.255603045225,0.239923626184,0.0156794190407
0.623762369156,0.333333343267,0.257019817829,0.240302890539,0.01671692729
0.633663415909,0.333333343267,0.258175522089,0.24034550786,0.0178300142288
0.643564343452,0.333333343267,0.25905379653,0.240037679672,0.0190161168575
0.653465390205,0.333333343267,0.259637832642,0.239366620779,0.0202712118626
0.663366317749,0.333333343267,0.259910255671,0.238320976496,0.0215892791748
0.673267364502,0.333333343267,0.259853363037,0.236890643835,0.022962719202
0.683168292046,0.333333343267,0.259449034929,0.2350666821,0.024382352829
0.693069338799,0.333333343267,0.258678883314,0.23284175992,0.025837123394
0.702970266342,0.333333343267,0.257524430752,0.230209589005,0.0273148417473
0.712871313095,0.333333343267,0.255967050791,0.227165222168,0.0288018286228
0.722772240639,0.333333343267,0.253988355398,0.223704755306,0.0302836000919
0.732673287392,0.333333343267,0.251570165157,0.21982562542,0.0317445397377
0.74257427454,0.333333343267,0.248694807291,0.215526670218,0.0331681370735
0.752475261688,0.333333343267,0.245345190167,0.210807979107,0.0345372110605
0.762376248837,0.333333343267,0.24150505662,0.205671459436,0.0358335971832
0.772277235985,0.333333343267,0.237159445882,0.200120449066,0.0370389968157
0.782178223133,0.333333343267,0.232294589281,0.194160342216,0.0381342470646
0.792079210281,0.333333343267,0.226898357272,0.187798947096,0.0390994101763
0.80198019743,0.333333343267,0.22096054256,0.181045472622,0.0399150699377
0.811881184578,0.333333343267,0.214473217726,0.173912465572,0.0405607521534
0.821782171726,0.333333343267,0.207430839539,0.166414320469,0.0410165190697
0.831683158875,0.333333343267,0.199830666184,0.15856847167,0.0412621945143
0.841584146023,0.333333343267,0.191672936082,0.150394767523,0.0412781685591
0.851485133171,0.333333343267,0.182961344719,0.141915857792,0.041045486927
0.861386120319,0.333333343267,0.173703074455,0.133157104254,0.0405459702015
0.871287107468,0.333333343267,0.163908883929,0.124146021903,0.0397628620267
0.881188154221,0.333333343267,0.153593793511,0.114912949502,0.0386808440089
0.891089081764,0.333333343267,0.142776787281,0.105490624905,0.0372861623764
0.900990128517,0.333333343267,0.13148060441,0.0959132835269,0.0355673208833
0.910891115665,0.333333343267,0.119732677937,0.0862180888653,0.0335145890713
0.920792102814,0.333333343267,0.107564032078,0.07644328475,0.0311207473278
0.930693089962,0.333333343267,0.0950100570917,0.0666289031506,0.0283811539412
0.94059407711,0.333333343267,0.082109592855,0.0568164885044,0.0252931043506
0.950495064259,0.333333343267,0.0689049437642,0.0470488592982,0.021856084466
0.960396051407,0.333333343267,0.0554418489337,0.0373696237803,0.0180722251534
0.970297038555,0.333333343267,0.041768476367,0.027823228389,0.013945247978
0.980198025703,0.333333343267,0.0279353465885,0.018455106765,0.00948023982346
0.990099012852,0.333333343267,0.0139946220443,0.00931079871953,0.00468382332474
0.00990098994225,0.343434333801,0.00462099490687,0.00165837071836,0.00296262418851
0.0198019798845,0.343434333801,0.00924198888242,0.00366462767124,0.00557736121118
0.0297029688954,0.343434333801,0.013862978667,0.00583946146071,0.00802351720631
0.039603959769,0.343434333801,0.0184839554131,0.00818314217031,0.0103008132428
0.0495049506426,0.343434333801,0.0231049023569,0.0106958635151,0.0124090388417
0.0594059377909,0.343434333801,0.0277257822454,0.0133772827685,0.0143484994769
0.0693069323897,0.343434333801,0.0323465615511,0.0162268318236,0.0161197297275
0.079207919538,0.343434333801,0.0369671694934,0.0192439705133,0.0177231989801
0.0891089066863,0.343434333801,0.0415875166655,0.0224274881184,0.019160028547
0.0990099012852,0.343434333801,0.0462075211108,0.0257759280503,0.0204315930605
0.108910888433,0.343434333801,0.0508270226419,0.0292878039181,0.0215392187238
0.118811875582,0.343434333801,0.0554458610713,0.0329612530768,0.0224846079946
0.12871286273,0.343434333801,0.0600638352334,0.0367938131094,0.0232700221241
0.138613864779,0.343434333801,0.0646807178855,0.0407829657197,0.0238977521658
0.148514851928,0.343434333801,0.0692961961031,0.0449257604778,0.0243704356253
0.158415839076,0.343434333801,0.0739099681377,0.0492186993361,0.0246912688017
0.168316826224,0.343434333801,0.0785216391087,0.0536577999592,0.0248638391495
0.178217813373,0.343434333801,0.083130761981,0.0582387447357,0.0248920172453
0.188118815422,0.343434333801,0.0877368673682,0.0629563480616,0.0247805193067
0.19801980257,0.343434333801,0.092339374125,0.067804813385,0.02453456074
0.207920789719,0.343434333801,0.0969376415014,0.0727774202824,0.0241602212191
0.217821776867,0.343434333801,0.101530961692,0.0778669863939,0.0236639752984
0.227722764015,0.343434333801,0.106118500233,0.0830646529794,0.0230538472533
0.237623751163,0.343434333801,0.110699430108,0.088361248374,0.0223381817341
0.247524753213,0.343434333801,0.115272700787,0.0937458276749,0.0215268731117
0.25742572546,0.343434333801,0.119837261736,0.0992065519094,0.0206307098269
0.267326742411,0.343434333801,0.124391905963,0.104730196297,0.0196617096663
0.277227729559,0.343434333801,0.128935292363,0.1103021577,0.0186331346631
0.287128716707,0.343434333801,0.133465960622,0.115906722844,0.0175592377782
0.297029703856,0.343434333801,0.137982323766,0.121526651084,0.0164556726813
0.306930691004,0.343434333801,0.142482638359,0.127143770456,0.0153388679028
0.316831678152,0.343434333801,0.146964967251,0.132738888264,0.0142260789871
0.3267326653,0.343434333801,0.151427283883,0.138292521238,0.0131347626448
0.336633652449,0.343434333801,0.155867263675,0.143784612417,0.0120826512575
0.346534639597,0.343434333801,0.160282507539,0.149195253849,0.0110872536898
0.356435626745,0.343434333801,0.164670318365,0.154505640268,0.0101646780968
0.366336613894,0.343434333801,0.169027835131,0.159698098898,0.00932973623276
0.376237630844,0.343434333801,0.173351913691,0.164756983519,0.00859493017197
0.386138617992,0.343434333801,0.177639171481,0.169669300318,0.00796987116337
0.396039605141,0.343434333801,0.181885927916,0.174424856901,0.0074610710144
0.405940592289,0.343434333801,0.18608827889,0.179016619921,0.00707165896893
0.415841579437,0.343434333801,0.190242007375,0.183440953493,0.00680105388165
0.425742566586,0.343434333801,0.194342538714,0.187697350979,0.00664518773556
0.435643553734,0.343434333801,0.198384955525,0.19178751111,0.00659744441509
0.445544540882,0.343434333801,0.202363982797,0.195715278387,0.0066487044096
0.45544552803,0.343434333801,0.206273987889,0.199485480785,0.00678850710392
0.465346515179,0.343434333801,0.210108965635,0.203102737665,0.00700622797012
0.475247502327,0.343434333801,0.213862374425,0.206570774317,0.00729160010815
0.485148519278,0.343434333801,0.217527315021,0.209891796112,0.0076355189085
0.495049506426,0.343434333801,0.22109644115,0.213065594435,0.00803084671497
0.504950523376,0.343434333801,0.224561840296,0.216089218855,0.00847262144089
0.51485145092,0.343434333801,0.227915108204,0.218957275152,0.00895783305168
0.524752497673,0.343434333801,0.231147423387,0.221661180258,0.00948624312878
0.534653484821,0.343434333801,0.234249204397,0.224189966917,0.0100592374802
0.54455447197,0.343434333801,0.237210437655,0.226530969143,0.0106794685125
0.554455459118,0.343434333801,0.240020543337,0.228669047356,0.0113514959812
0.564356446266,0.343434333801,0.242668256164,0.230588257313,0.0120799988508
0.574257433414,0.343434333801,0.24514169991,0.232271879911,0.0128698199987
0.584158420563,0.343434333801,0.24742847681,0.233702361584,0.0137261152267
0.594059407711,0.343434333801,0.249515369534,0.234862565994,0.0146528035402
0.603960394859,0.343434333801,0.251388758421,0.235735625029,0.0156531333923
0.613861382008,0.343434333801,0.253034204245,0.236305058002,0.0167291462421
0.623762369156,0.343434333801,0.254436761141,0.236555635929,0.0178811252117
0.633663415909,0.343434333801,0.255580842495,0.236473202705,0.0191076397896
0.643564343452,0.343434333801,0.256450295448,0.236044257879,0.020406037569
0.653465390205,0.343434333801,0.257028460503,0.235257744789,0.0217707157135
0.663366317749,0.343434333801,0.25729817152,0.234102904797,0.0231952667236
0.673267364502,0.343434333801,0.257241815329,0.232570588589,0.0246712267399
0.683168292046,0.343434333801,0.256841540337,0.230653703213,0.0261878371239
0.693069338799,0.343434333801,0.256079137325,0.228345096111,0.027734041214
0.702970266342,0.343434333801,0.254936277866,0.225640147924,0.0292961299419
0.712871313095,0.343434333801,0.253394544125,0.222534477711,0.0308600664139
0.722772240639,0.343434333801,0.251435756683,0.219025075436,0.0324106812477
0.732673287392,0.343434333801,0.249041855335,0.215110570192,0.0339312851429
0.74257427454,0.343434333801,0.246195405722,0.2107899189,0.0354054868221
0.752475261688,0.343434333801,0.24287943542,0.206064283848,0.0368151515722
0.762376248837,0.343434333801,0.239077910781,0.200935781002,0.0381421297789
0.772277235985,0.343434333801,0.234775975347,0.195408314466,0.0393676608801
0.782178223133,0.343434333801,0.229960024357,0.189487725496,0.0404722988605
0.792079210281,0.343434333801,0.224618017673,0.183181464672,0.0414365530014
0.80198019743,0.343434333801,0.21873986721,0.176499903202,0.0422399640083
0.811881184578,0.343434333801,0.212317749858,0.169454842806,0.042862907052
0.821782171726,0.343434333801,0.205346152186,0.162061393261,0.0432847589254
0.831683158875,0.343434333801,0.197822347283,0.154336601496,0.0434857457876
0.841584146023,0.343434333801,0.18974660337,0.146300464869,0.0434461385012
0.851485133171,0.343434333801,0.181122586131,0.137975245714,0.0431473404169
0.861386120319,0.343434333801,0.171957343817,0.129386216402,0.0425711274147
0.871287107468,0.343434333801,0.162261590362,0.1205605492,0.041701041162
0.881188154221,0.343434333801,0.152050167322,0.111528269947,0.0405218973756
0.891089081764,0.343434333801,0.141341865063,0.102321535349,0.0390203297138
0.900990128517,0.343434333801,0.13015922904,0.0929743871093,0.0371848419309
0.910891115665,0.343434333801,0.118529357016,0.0835227817297,0.0350065752864
0.920792102814,0.343434333801,0.106483004987,0.0740049034357,0.0324781015515
0.930693089962,0.343434333801,0.094055198133,0.0644596889615,0.0295955091715
0.94059407711,0.343434333801,0.0812843888998,0.0549280717969,0.0263563171029
0.950495064259,0.343434333801,0.0682124421,0.0454519242048,0.0227605178952
0.960396051407,0.343434333801,0.0548846498132,0.0360738970339,0.0188107527792
0.970297038555,0.343434333801,0.0413486994803,0.0268378853798,0.0145108141005
0.980198025703,0.343434333801,0.0276545938104,0.0177880115807,0.00986658222973
0.990099012852,0.343434333801,0.0138539755717,0.00896907038987,0.00488490518183
0.00990098994225,0.353535354137,0.00457455310971,0.0015117097646,0.00306284334511
0.0198019798845,0.353535354137,0.00914910621941,0.00337926484644,0.00576984137297
0.0297029688954,0.353535354137,0.0137236546725,0.00541848689318,0.00830516777933
0.039603959769,0.353535354137,0.0182981882244,0.00762983411551,0.0106683541089
0.0495049506426,0.353535354137,0.0228726938367,0.0100140254945,0.0128586683422
0.0594059377909,0.353535354137,0.0274471342564,0.0125709716231,0.0148761626333
0.0693069323897,0.353535354137,0.0320214740932,0.0153007283807,0.0167207457125
0.079207919538,0.353535354137,0.0365956425667,0.0182030275464,0.0183926150203
0.0891089066863,0.353535354137,0.0411695577204,0.0212771557271,0.0198924019933
0.0990099012852,0.353535354137,0.0457431264222,0.0245220586658,0.0212210677564
0.108910888433,0.353535354137,0.0503162033856,0.0279366970062,0.0223795063794
0.118811875582,0.353535354137,0.0548886209726,0.0315195173025,0.0233691036701
0.12871286273,0.353535354137,0.0594601817429,0.0352685749531,0.0241916067898
0.138613864779,0.353535354137,0.064030662179,0.0391817502677,0.0248489119112
0.148514851928,0.353535354137,0.0685997605324,0.0432565324008,0.0253432281315
0.158415839076,0.353535354137,0.0731671601534,0.0474896654487,0.0256774947047
0.168316826224,0.353535354137,0.0777324810624,0.0518776774406,0.0258548036218
0.178217813373,0.353535354137,0.0822952911258,0.0564166754484,0.0258786156774
0.188118815422,0.353535354137,0.0868551060557,0.0611014515162,0.0257536545396
0.19801980257,0.353535354137,0.0914113596082,0.0659267902374,0.0254845693707
0.207920789719,0.353535354137,0.095963396132,0.0708862766623,0.0250771194696
0.217821776867,0.353535354137,0.100510552526,0.0759725496173,0.0245380029082
0.227722764015,0.353535354137,0.105051994324,0.0811770111322,0.0238749831915
0.237623751163,0.353535354137,0.109586879611,0.0864902809262,0.0230965986848
0.247524753213,0.353535354137,0.114114202559,0.0919012278318,0.0222129747272
0.25742572546,0.353535354137,0.118632882833,0.0973973944783,0.0212354883552
0.267326742411,0.353535354137,0.123141750693,0.102965153754,0.0201765969396
0.277227729559,0.353535354137,0.127639487386,0.108588919044,0.0190505683422
0.287128716707,0.353535354137,0.132124617696,0.114251680672,0.0178729370236
0.297029703856,0.353535354137,0.136595577002,0.119935132563,0.0166604444385
0.306930691004,0.353535354137,0.14105065167,0.125619202852,0.0154314488173
0.316831678152,0.353535354137,0.145487949252,0.131283193827,0.0142047554255
0.3267326653,0.353535354137,0.149905413389,0.136905223131,0.013000190258
0.336633652449,0.353535354137,0.154300779104,0.142463296652,0.0118374824524
0.346534639597,0.353535354137,0.15867164731,0.147935003042,0.010736644268
0.356435626745,0.353535354137,0.163015365601,0.153299421072,0.00971594452858
0.366336613894,0.353535354137,0.167329072952,0.158536463976,0.00879260897636
0.376237630844,0.353535354137,0.171609699726,0.163628518581,0.00798118114471
0.386138617992,0.353535354137,0.175853863358,0.168560564518,0.00729329884052
0.396039605141,0.353535354137,0.180057942867,0.173321187496,0.00673675537109
0.405940592289,0.353535354137,0.184218078852,0.177902042866,0.00631603598595
0.415841579437,0.353535354137,0.188330039382,0.182299107313,0.00603093206882
0.425742566586,0.353535354137,0.19238935411,0.186511307955,0.00587804615498
0.435643553734,0.353535354137,0.196391150355,0.190541416407,0.00584973394871
0.445544540882,0.353535354137,0.200330197811,0.194393724203,0.00593647360802
0.45544552803,0.353535354137,0.204200908542,0.198074281216,0.00612662732601
0.465346515179,0.353535354137,0.207997336984,0.201589465141,0.00640787184238
0.475247502327,0.353535354137,0.211713016033,0.204944759607,0.00676825642586
0.485148519278,0.353535354137,0.215341150761,0.208144128323,0.00719702243805
0.495049506426,0.353535354137,0.218874394894,0.211189031601,0.00768536329269
0.504950523376,0.353535354137,0.222304984927,0.214078336954,0.00822664797306
0.51485145092,0.353535354137,0.225624546409,0.216807574034,0.00881697237492
0.524752497673,0.353535354137,0.228824362159,0.219370007515,0.00945435464382
0.534653484821,0.353535354137,0.231894955039,0.221755295992,0.0101396590471
0.54455447197,0.353535354137,0.23482644558,0.223951131105,0.0108753144741
0.554455459118,0.353535354137,0.237608298659,0.225943595171,0.0116647034883
0.564356446266,0.353535354137,0.240229398012,0.227717012167,0.0125123858452
0.574257433414,0.353535354137,0.242677986622,0.229255020618,0.0134229660034
0.584158420563,0.353535354137,0.24494177103,0.230540633202,0.0144011378288
0.594059407711,0.353535354137,0.247007727623,0.231556862593,0.0154508650303
0.603960394859,0.353535354137,0.248862266541,0.232287764549,0.0165745019913
0.613861382008,0.353535354137,0.250491172075,0.232717335224,0.0177738368511
0.623762369156,0.353535354137,0.251879632473,0.232831060886,0.0190485715866
0.633663415909,0.353535354137,0.253012239933,0.232615590096,0.0203966498375
0.643564343452,0.353535354137,0.253872931004,0.232058823109,0.0218141078949
0.653465390205,0.353535354137,0.254445284605,0.231150090694,0.0232951939106
0.663366317749,0.353535354137,0.254712283611,0.229880213737,0.0248320698738
0.673267364502,0.353535354137,0.254656493664,0.228241205215,0.0264152884483
0.683168292046,0.353535354137,0.254260271788,0.22622641921,0.0280338525772
0.693069338799,0.353535354137,0.253505498171,0.223830789328,0.0296747088432
0.702970266342,0.353535354137,0.252374112606,0.221049726009,0.0313243865967
0.712871313095,0.353535354137,0.250847905874,0.217880249023,0.0329676568508
0.722772240639,0.353535354137,0.248908802867,0.214320331812,0.034588471055
0.732673287392,0.353535354137,0.246538937092,0.210368812084,0.0361701250076
0.74257427454,0.353535354137,0.243721112609,0.206025958061,0.0376951545477
0.752475261688,0.353535354137,0.240438461304,0.201292932034,0.0391455292702
0.762376248837,0.353535354137,0.236675128341,0.196172565222,0.0405025631189
0.772277235985,0.353535354137,0.232416450977,0.190669059753,0.0417473912239
0.782178223133,0.353535354137,0.227648898959,0.184788525105,0.0428603738546
0.792079210281,0.353535354137,0.222360566258,0.178538948298,0.0438216179609
0.80198019743,0.353535354137,0.216541498899,0.171930223703,0.0446112751961
0.811881184578,0.353535354137,0.210183918476,0.164974927902,0.0452089905739
0.821782171726,0.353535354137,0.203282400966,0.15768763423,0.045594766736
0.831683158875,0.353535354137,0.195834204555,0.150085777044,0.0457484275103
0.841584146023,0.353535354137,0.187839627266,0.14218878746,0.0456508398056
0.851485133171,0.353535354137,0.179302275181,0.134019225836,0.045283049345
0.861386120319,0.353535354137,0.170229151845,0.125601649284,0.0446275025606
0.871287107468,0.353535354137,0.160630822182,0.116963110864,0.0436677113175
0.881188154221,0.353535354137,0.150522038341,0.108133353293,0.0423886850476
0.891089081764,0.353535354137,0.139921367168,0.0991437807679,0.0407775864005
0.900990128517,0.353535354137,0.128851100802,0.0900279954076,0.0388231053948
0.910891115665,0.353535354137,0.117338113487,0.0808213353157,0.0365167781711
0.920792102814,0.353535354137,0.105412833393,0.0715613737702,0.0338514596224
0.930693089962,0.353535354137,0.0931099280715,0.0622863471508,0.0308235809207
0.94059407711,0.353535354137,0.0804674699903,0.0530362203717,0.0274312496185
0.950495064259,0.353535354137,0.0675268992782,0.0438521355391,0.0236747637391
0.960396051407,0.353535354137,0.0543330535293,0.0347759462893,0.01955710724
0.970297038555,0.353535354137,0.0409331358969,0.0258502587676,0.0150828771293
0.980198025703,0.353535354137,0.0273766629398,0.0171187743545,0.0102578885853
0.990099012852,0.353535354137,0.0137147400528,0.00862502120435,0.00508971884847
0.00990098994225,0.363636374474,0.00452857837081,0.00136366859078,0.00316490978003
0.0198019798845,0.363636374474,0.0090571558103,0.0030922498554,0.0059649059549
0.0297029688954,0.363636374474,0.0135857295245,0.00499523431063,0.00859049521387
0.039603959769,0.363636374474,0.0181142892689,0.00707363523543,0.0110406540334
0.0495049506426,0.363636374474,0.0226428173482,0.00932834669948,0.0133144706488
0.0594059377909,0.363636374474,0.027171285823,0.0117602366954,0.0154110491276
0.0693069323897,0.363636374474,0.0316996537149,0.0143692772835,0.0173303764313
0.079207919538,0.363636374474,0.0362278483808,0.0171557851136,0.0190720632672
0.0891089066863,0.363636374474,0.0407557971776,0.0201196298003,0.0206361673772
0.0990099012852,0.363636374474,0.0452833995223,0.0232600085437,0.0220233909786
0.108910888433,0.363636374474,0.0498105175793,0.0265764668584,0.0232340507209
0.118811875582,0.363636374474,0.0543369837105,0.030067730695,0.0242692530155
0.12871286273,0.363636374474,0.0588625967503,0.033732637763,0.0251299589872
0.138613864779,0.363636374474,0.0633871480823,0.0375692658126,0.0258178822696
0.148514851928,0.363636374474,0.0679103210568,0.041575293988,0.0263350270689
0.158415839076,0.363636374474,0.0724318176508,0.0457483753562,0.0266834422946
0.168316826224,0.363636374474,0.0769512578845,0.050085388124,0.0268658697605
0.178217813373,0.363636374474,0.0814682096243,0.054582439363,0.0268857702613
0.188118815422,0.363636374474,0.085982196033,0.059235304594,0.026746891439
0.19801980257,0.363636374474,0.0904926508665,0.0640385448933,0.0264541059732
0.207920789719,0.363636374474,0.094998948276,0.0689863190055,0.0260126292706
0.217821776867,0.363636374474,0.0995004102588,0.074071392417,0.0254290178418
0.227722764015,0.363636374474,0.1039962098,0.0792854353786,0.0247107744217
0.237623751163,0.363636374474,0.108485519886,0.0846186801791,0.0238668397069
0.247524753213,0.363636374474,0.112967334688,0.0900599434972,0.0229073911905
0.25742572546,0.363636374474,0.117440596223,0.0955966636539,0.021843932569
0.267326742411,0.363636374474,0.121904157102,0.101214237511,0.020689919591
0.277227729559,0.363636374474,0.126356676221,0.106896460056,0.0194602161646
0.287128716707,0.363636374474,0.13079674542,0.112625144422,0.0181716009974
0.297029703856,0.363636374474,0.135222777724,0.118380494416,0.0168422833085
0.306930691004,0.363636374474,0.139633074403,0.124141059816,0.0154920145869
0.316831678152,0.363636374474,0.144025757909,0.129883974791,0.0141417831182
0.3267326653,0.363636374474,0.148398831487,0.135585308075,0.0128135234118
0.336633652449,0.363636374474,0.152750015259,0.141220450401,0.0115295648575
0.346534639597,0.363636374474,0.157076969743,0.146764814854,0.0103121548891
0.356435626745,0.363636374474,0.161377027631,0.152194738388,0.00918228924274
0.366336613894,0.363636374474,0.165647387505,0.15748783946,0.0081595480442
0.376237630844,0.363636374474,0.169884994626,0.162624210119,0.0072607845068
0.386138617992,0.363636374474,0.174086511135,0.167586386204,0.00650012493134
0.396039605141,0.363636374474,0.178248330951,0.172361314297,0.00588701665401
0.405940592289,0.363636374474,0.182366639376,0.176939606667,0.00542703270912
0.415841579437,0.363636374474,0.186437293887,0.181315928698,0.00512136518955
0.425742566586,0.363636374474,0.190455824137,0.185489416122,0.0049664080143
0.435643553734,0.363636374474,0.194417387247,0.189462840557,0.00495454668999
0.445544540882,0.363636374474,0.198316842318,0.193241298199,0.00507554411888
0.45544552803,0.363636374474,0.202148646116,0.196832299232,0.00531634688377
0.465346515179,0.363636374474,0.205906927586,0.200243592262,0.00566333532333
0.475247502327,0.363636374474,0.209585264325,0.203482657671,0.00610260665417
0.485148519278,0.363636374474,0.213176935911,0.206555038691,0.00662189722061
0.495049506426,0.363636374474,0.216674670577,0.209464758635,0.00720991194248
0.504950523376,0.363636374474,0.220070779324,0.212212055922,0.00785872340202
0.51485145092,0.363636374474,0.223356977105,0.214794248343,0.00856272876263
0.524752497673,0.363636374474,0.226524621248,0.217205822468,0.00931879878044
0.534653484821,0.363636374474,0.229564383626,0.219437479973,0.0101269036531
0.54455447197,0.363636374474,0.23246639967,0.221478402615,0.0109879970551
0.554455459118,0.363636374474,0.235220298171,0.223314911127,0.011905387044
0.564356446266,0.363636374474,0.237815052271,0.224931925535,0.0128831267357
0.574257433414,0.363636374474,0.240239039063,0.226313769817,0.0139252692461
0.584158420563,0.363636374474,0.242480069399,0.227444142103,0.0150359272957
0.594059407711,0.363636374474,0.244525238872,0.228306591511,0.0162186473608
0.603960394859,0.363636374474,0.246361151338,0.228885471821,0.0174756795168
0.613861382008,0.363636374474,0.247973695397,0.229165911674,0.0188077837229
0.623762369156,0.363636374474,0.249348193407,0.229134112597,0.0202140808105
0.633663415909,0.363636374474,0.25046941638,0.228777676821,0.0216917395592
0.643564343452,0.363636374474,0.251321464777,0.228085339069,0.0232361257076
0.653465390205,0.363636374474,0.25188806653,0.227047741413,0.0248403251171
0.663366317749,0.363636374474,0.252152383327,0.225656658411,0.0264957249165
0.673267364502,0.363636374474,0.252097159624,0.223905384541,0.0281917750835
0.683168292046,0.363636374474,0.251704901457,0.22178837657,0.0299165248871
0.693069338799,0.363636374474,0.250957727432,0.219301432371,0.0316562950611
0.702970266342,0.363636374474,0.249837711453,0.216441214085,0.0333964973688
0.712871313095,0.363636374474,0.248326852918,0.213205486536,0.0351213663816
0.722772240639,0.363636374474,0.246407225728,0.209592938423,0.0368142873049
0.732673287392,0.363636374474,0.244061201811,0.205603301525,0.0384579002857
0.74257427454,0.363636374474,0.241271674633,0.201237082481,0.0400345921516
0.752475261688,0.363636374474,0.238022014499,0.196496278048,0.0415257364511
0.762376248837,0.363636374474,0.234296515584,0.191384077072,0.0429124385118
0.772277235985,0.363636374474,0.230080619454,0.185904920101,0.0441756993532
0.782178223133,0.363636374474,0.225360974669,0.180065304041,0.0452956706285
0.792079210281,0.363636374474,0.220125794411,0.173873156309,0.0462526381016
0.80198019743,0.363636374474,0.214365229011,0.167338699102,0.0470265299082
0.811881184578,0.363636374474,0.208071529865,0.160474538803,0.0475969910622
0.821782171726,0.363636374474,0.20123937726,0.153295069933,0.0479443073273
0.831683158875,0.363636374474,0.193866029382,0.145817488432,0.0480485409498
0.841584146023,0.363636374474,0.185951799154,0.138061642647,0.0478901565075
0.851485133171,0.363636374474,0.177500247955,0.130049228668,0.0474510192871
0.861386120319,0.363636374474,0.168518319726,0.121804915369,0.0467134043574
0.871287107468,0.363636374474,0.159016475081,0.113355211914,0.0456612631679
0.881188154221,0.363636374474,0.149009272456,0.104729376733,0.0442798957229
0.891089081764,0.363636374474,0.138515129685,0.0959584489465,0.0425566807389
0.900990128517,0.363636374474,0.127556115389,0.0870753526688,0.0404807627201
0.910891115665,0.363636374474,0.116158850491,0.0781150013208,0.0380438491702
0.920792102814,0.363636374474,0.104353420436,0.0691139027476,0.0352395176888
0.930693089962,0.363636374474,0.0921741575003,0.0601097196341,0.0320644378662
0.94059407711,0.363636374474,0.0796587541699,0.0511418581009,0.028516896069
0.950495064259,0.363636374474,0.0668482407928,0.0422501340508,0.0245981067419
0.960396051407,0.363636374474,0.053786996752,0.0334760062397,0.0203109905124
0.970297038555,0.363636374474,0.0405217520893,0.0248610004783,0.015660751611
0.980198025703,0.363636374474,0.0271015204489,0.0164477564394,0.0106537640095
0.990099012852,0.363636374474,0.0135769052431,0.00827909260988,0.00529781263322
0.00990098994225,0.373737365007,0.00448306510225,0.00121434405446,0.00326872104779
0.0198019798845,0.373737365007,0.0089661302045,0.00280369818211,0.00616243202239
0.0297029688954,0.373737365007,0.0134491911158,0.00456986576319,0.00887932535261
0.039603959769,0.373737365007,0.0179322361946,0.0065147485584,0.0114174876362
0.0495049506426,0.373737365007,0.0224152524024,0.00863952748477,0.0137757249177
0.0594059377909,0.373737365007,0.0268982090056,0.010945206508,0.0159530024976
0.0693069323897,0.373737365007,0.0313810631633,0.0134328082204,0.0179482549429
0.079207919538,0.373737365007,0.0358637534082,0.0161028020084,0.0197609513998
0.0891089066863,0.373737365007,0.0403461940587,0.0189551785588,0.0213910154998
0.0990099012852,0.373737365007,0.0448282957077,0.0219902507961,0.0228380449116
0.108910888433,0.373737365007,0.0493099093437,0.025207541883,0.0241023674607
0.118811875582,0.373737365007,0.0537908859551,0.0286065116525,0.0251843743026
0.12871286273,0.373737365007,0.0582710169256,0.0321862585843,0.0260847583413
0.138613864779,0.373737365007,0.0627500936389,0.0359454788268,0.0268046148121
0.148514851928,0.373737365007,0.0672278031707,0.0398824810982,0.0273453220725
0.158415839076,0.373737365007,0.0717038661242,0.0439952909946,0.0277085751295
0.168316826224,0.373737365007,0.0761778876185,0.0482808873057,0.0278970003128
0.178217813373,0.373737365007,0.0806494355202,0.0527364388108,0.0279129967093
0.188118815422,0.373737365007,0.0851180553436,0.0573577061296,0.0277603492141
0.19801980257,0.373737365007,0.0895831808448,0.0621399059892,0.0274432748556
0.207920789719,0.373737365007,0.0940441861749,0.0670774802566,0.0269667059183
0.217821776867,0.373737365007,0.0985004082322,0.0721634402871,0.0263369679451
0.227722764015,0.373737365007,0.102951027453,0.0773893967271,0.0255616307259
0.237623751163,0.373737365007,0.107395216823,0.0827460587025,0.0246491581202
0.247524753213,0.373737365007,0.111831992865,0.0882218256593,0.0236101672053
0.25742572546,0.373737365007,0.116260297596,0.0938039273024,0.0224563702941
0.267326742411,0.373737365007,0.120678991079,0.0994772091508,0.0212017819285
0.277227729559,0.373737365007,0.125086769462,0.105224475265,0.0198622941971
0.287128716707,0.373737365007,0.129482209682,0.111026935279,0.0184552744031
0.297029703856,0.373737365007,0.13386374712,0.116862930357,0.0170008167624
0.306930691004,0.373737365007,0.138229727745,0.122709430754,0.0155202969909
0.316831678152,0.373737365007,0.142578274012,0.128541767597,0.0140365064144
0.3267326653,0.373737365007,0.146907404065,0.134333342314,0.0125740617514
0.336633652449,0.373737365007,0.151214852929,0.140057444572,0.0111574083567
0.346534639597,0.373737365007,0.155498310924,0.145686805248,0.00981150567532
0.356435626745,0.373737365007,0.159755155444,0.151194781065,0.00856037437916
0.366336613894,0.373737365007,0.163982614875,0.156556159258,0.00742645561695
0.376237630844,0.373737365007,0.168177619576,0.161748528481,0.00642909109592
0.386138617992,0.373737365007,0.172336891294,0.166752338409,0.0055845528841
0.396039605141,0.373737365007,0.176456898451,0.171552062035,0.00490483641624
0.405940592289,0.373737365007,0.180533826351,0.176136821508,0.00439700484276
0.415841579437,0.373737365007,0.184563562274,0.180500388145,0.00406317412853
0.425742566586,0.373737365007,0.188541710377,0.184641510248,0.00390020012856
0.435643553734,0.373737365007,0.192463442683,0.188562422991,0.00390101969242
0.445544540882,0.373737365007,0.196323722601,0.192269772291,0.00405395030975
0.45544552803,0.373737365007,0.200117021799,0.195771604776,0.00434541702271
0.465346515179,0.373737365007,0.203837513924,0.199077576399,0.0047599375248
0.475247502327,0.373737365007,0.207478880882,0.202197045088,0.00528183579445
0.485148519278,0.373737365007,0.211034461856,0.205137968063,0.00589649379253
0.495049506426,0.373737365007,0.214497044683,0.207905977964,0.0065910667181
0.504950523376,0.373737365007,0.217859014869,0.210503488779,0.00735552608967
0.51485145092,0.373737365007,0.221112191677,0.212929666042,0.00818252563477
0.524752497673,0.373737365007,0.22424800694,0.21518060565,0.00906740128994
0.534653484821,0.373737365007,0.227257207036,0.21724870801,0.0100084990263
0.54455447197,0.373737365007,0.230130076408,0.219123542309,0.0110065340996
0.554455459118,0.373737365007,0.232856288552,0.220792889595,0.0120633989573
0.564356446266,0.373737365007,0.23542496562,0.222242534161,0.0131824314594
0.574257433414,0.373737365007,0.237824589014,0.223457098007,0.0143674910069
0.584158420563,0.373737365007,0.240043103695,0.224421113729,0.0156219899654
0.594059407711,0.373737365007,0.242067709565,0.225118905306,0.0169488042593
0.603960394859,0.373737365007,0.243885174394,0.225535750389,0.0183494240046
0.613861382008,0.373737365007,0.24548150599,0.225657194853,0.0198243111372
0.623762369156,0.373737365007,0.246842190623,0.225470542908,0.0213716477156
0.633663415909,0.373737365007,0.247952133417,0.224964350462,0.0229877829552
0.643564343452,0.373737365007,0.248795643449,0.224128693342,0.0246669501066
0.653465390205,0.373737365007,0.249356523156,0.222954958677,0.0264015644789
0.663366317749,0.373737365007,0.249618202448,0.221436202526,0.0281819999218
0.673267364502,0.373737365007,0.249563530087,0.219567060471,0.0299964696169
0.683168292046,0.373737365007,0.249175205827,0.21734303236,0.0318321734667
0.693069338799,0.373737365007,0.248435556889,0.214760601521,0.033674955368
0.702970266342,0.373737365007,0.247326791286,0.211817711592,0.0355090796947
0.712871313095,0.373737365007,0.245831102133,0.20851290226,0.037318199873
0.722772240639,0.373737365007,0.243930771947,0.204845696688,0.0390850752592
0.732673287392,0.373737365007,0.241608336568,0.200816303492,0.0407920330763
0.74257427454,0.373737365007,0.238846853375,0.196425914764,0.042420938611
0.752475261688,0.373737365007,0.235629856586,0.191676944494,0.0439529120922
0.762376248837,0.373737365007,0.231941774487,0.186572760344,0.0453690141439
0.772277235985,0.373737365007,0.22776825726,0.181118369102,0.0466498881578
0.782178223133,0.373737365007,0.223096042871,0.17532017827,0.0477758646011
0.792079210281,0.373737365007,0.217913493514,0.169186472893,0.0487270206213
0.80198019743,0.373737365007,0.212210819125,0.162727445364,0.0494833737612
0.811881184578,0.373737365007,0.205980375409,0.155955463648,0.0500249117613
0.821782171726,0.373737365007,0.199216872454,0.148885428905,0.0503314435482
0.831683158875,0.373737365007,0.191917657852,0.141533970833,0.0503836870193
0.841584146023,0.373737365007,0.184082955122,0.133920609951,0.050162345171
0.851485133171,0.373737365007,0.175716340542,0.126067250967,0.0496490895748
0.861386120319,0.373737365007,0.166824668646,0.117997579277,0.0488270893693
0.871287107468,0.373737365007,0.157418325543,0.109738402069,0.0476799234748
0.881188154221,0.373737365007,0.147511690855,0.10131791234,0.0461937785149
0.891089081764,0.373737365007,0.137123018503,0.0927670076489,0.0443560108542
0.900990128517,0.373737365007,0.126274168491,0.0841178447008,0.0421563237906
0.910891115665,0.373737365007,0.114991426468,0.0754047632217,0.0395866632462
0.920792102814,0.373737365007,0.103304646909,0.0666633844376,0.0366412624717
0.930693089962,0.373737365007,0.0912477895617,0.0579308494925,0.0333169400692
0.94059407711,0.373737365007,0.0788581669331,0.0492455735803,0.0296125933528
0.950495064259,0.373737365007,0.0661763995886,0.040646802634,0.0255295969546
0.960396051407,0.373737365007,0.0532464273274,0.0321748815477,0.0210715457797
0.970297038555,0.373737365007,0.0401144996285,0.0238704159856,0.016244083643
0.980198025703,0.373737365007,0.0268291458488,0.0157752931118,0.0110538527369
0.990099012852,0.373737365007,0.0134404543787,0.00793136842549,0.00550908595324
0.00990098994225,0.383838385344,0.00443800957873,0.0010639987886,0.00337401079014
0.0198019798845,0.383838385344,0.00887601915747,0.00251360051334,0.00636241864413
0.0297029688954,0.383838385344,0.0133140236139,0.00414269603789,0.00917132757604
0.039603959769,0.383838385344,0.0177520141006,0.00595329143107,0.0117987226695
0.0495049506426,0.383838385344,0.0221899766475,0.00794745795429,0.0142425186932
0.0594059377909,0.383838385344,0.0266278777272,0.0101265236735,0.0165013540536
0.0693069323897,0.383838385344,0.0310656800866,0.012491684407,0.0185739956796
0.079207919538,0.383838385344,0.0355033166707,0.0150440242141,0.0204592924565
0.0891089066863,0.383838385344,0.0399407073855,0.0177843458951,0.0221563614905
0.0990099012852,0.383838385344,0.044377759099,0.0207130685449,0.0236646905541
0.108910888433,0.383838385344,0.0488143377006,0.0238303020597,0.024984035641
0.118811875582,0.383838385344,0.0532502792776,0.0271361358464,0.0261141434312
0.12871286273,0.383838385344,0.0576853826642,0.0306299589574,0.0270554237068
0.138613864779,0.383838385344,0.0621194466949,0.0343111976981,0.0278082489967
0.148514851928,0.383838385344,0.0665521621704,0.0381784327328,0.0283737294376
0.158415839076,0.383838385344,0.0709832310677,0.0422304496169,0.0287527814507
0.168316826224,0.383838385344,0.0754122883081,0.0464649051428,0.0289473831654
0.178217813373,0.383838385344,0.0798388943076,0.0508789047599,0.0289599895477
0.188118815422,0.383838385344,0.0842626020312,0.0554690957069,0.0287935063243
0.19801980257,0.383838385344,0.0886828526855,0.0602312162519,0.0284516364336
0.207920789719,0.383838385344,0.0930990353227,0.0651598870754,0.0279391482472
0.217821776867,0.383838385344,0.0975104644895,0.0702484920621,0.0272619724274
0.227722764015,0.383838385344,0.101916350424,0.0754891857505,0.0264271646738
0.237623751163,0.383838385344,0.106315881014,0.0808723717928,0.0254435092211
0.247524753213,0.383838385344,0.110708065331,0.0863867178559,0.0243213474751
0.25742572546,0.383838385344,0.115091867745,0.0920190215111,0.0230728462338
0.267326742411,0.383838385344,0.119466148317,0.0977537110448,0.0217124372721
0.277227729559,0.383838385344,0.123829618096,0.103573001921,0.0202566161752
0.287128716707,0.383838385344,0.128180891275,0.10945674032,0.0187241509557
0.297029703856,0.383838385344,0.132518410683,0.115382246673,0.0171361640096
0.306930691004,0.383838385344,0.136840507388,0.121324665844,0.0155158415437
0.316831678152,0.383838385344,0.141145348549,0.127256959677,0.0138883888721
0.3267326653,0.383838385344,0.145430967212,0.133150696754,0.0122802704573
0.336633652449,0.383838385344,0.149695113301,0.138975948095,0.010719165206
0.346534639597,0.383838385344,0.153935536742,0.144702881575,0.00923265516758
0.356435626745,0.383838385344,0.158149600029,0.150301873684,0.00784772634506
0.366336613894,0.383838385344,0.162334561348,0.155744761229,0.0065898001194
0.376237630844,0.383838385344,0.166487395763,0.161006093025,0.00548130273819
0.386138617992,0.383838385344,0.170604899526,0.166063725948,0.00454117357731
0.396039605141,0.383838385344,0.174683481455,0.170899689198,0.00378379225731
0.405940592289,0.383838385344,0.178719431162,0.175501465797,0.00321796536446
0.415841579437,0.383838385344,0.182708665729,0.179861217737,0.00284744799137
0.425742566586,0.383838385344,0.186646819115,0.183976918459,0.00266990065575
0.435643553734,0.383838385344,0.190529167652,0.18785110116,0.00267806649208
0.445544540882,0.383838385344,0.194350644946,0.191490381956,0.00286026299
0.45544552803,0.383838385344,0.198105812073,0.194904446602,0.00320136547089
0.465346515179,0.383838385344,0.201788917184,0.198104441166,0.00368447601795
0.475247502327,0.383838385344,0.205393701792,0.201101660728,0.00429204106331
0.485148519278,0.383838385344,0.20891353488,0.203906238079,0.00500729680061
0.495049506426,0.383838385344,0.212341323495,0.206526070833,0.00581525266171
0.504950523376,0.383838385344,0.215669497848,0.208966046572,0.00670345127583
0.51485145092,0.383838385344,0.218889981508,0.211227267981,0.00766271352768
0.524752497673,0.383838385344,0.221994280815,0.213307529688,0.00868675112724
0.534653484821,0.383838385344,0.224973231554,0.21520075202,0.00977247953415
0.54455447197,0.383838385344,0.227817222476,0.216898322105,0.0109189003706
0.554455459118,0.383838385344,0.230516046286,0.218388795853,0.012127250433
0.564356446266,0.383838385344,0.233058899641,0.219658881426,0.0134000182152
0.574257433414,0.383838385344,0.235434412956,0.22069439292,0.0147400200367
0.584158420563,0.383838385344,0.237630620599,0.221480339766,0.0161502808332
0.594059407711,0.383838385344,0.239634901285,0.222002178431,0.0176327228546
0.603960394859,0.383838385344,0.24143409729,0.222245633602,0.0191884636879
0.613861382008,0.383838385344,0.243014395237,0.222197592258,0.0208168029785
0.623762369156,0.383838385344,0.244361385703,0.221846163273,0.0225152224302
0.633663415909,0.383838385344,0.245460182428,0.221181154251,0.0242790281773
0.643564343452,0.383838385344,0.246295198798,0.220193535089,0.0261016637087
0.653465390205,0.383838385344,0.246850445867,0.218876153231,0.0279742926359
0.663366317749,0.383838385344,0.247109487653,0.217223167419,0.0298863202333
0.673267364502,0.383838385344,0.247055381536,0.215230107307,0.031825274229
0.683168292046,0.383838385344,0.24667096138,0.212893635035,0.0337773263454
0.693069338799,0.383838385344,0.245938748121,0.210211604834,0.0357271432877
0.702970266342,0.383838385344,0.244841128588,0.207182496786,0.0376586318016
0.712871313095,0.383838385344,0.243360474706,0.203805655241,0.0395548194647
0.722772240639,0.383838385344,0.241479247808,0.200081557035,0.041397690773
0.732673287392,0.383838385344,0.239180132747,0.196010679007,0.0431694537401
0.74257427454,0.383838385344,0.236446395516,0.191595077515,0.0448513180017
0.752475261688,0.383838385344,0.233261734247,0.186837345362,0.0464243888855
0.762376248837,0.383838385344,0.229610741138,0.181741088629,0.0478696525097
0.772277235985,0.383838385344,0.225479140878,0.176311641932,0.0491674989462
0.782178223133,0.383838385344,0.22085390985,0.170555382967,0.0502985268831
0.792079210281,0.383838385344,0.21572342515,0.164481043816,0.0512423813343
0.80198019743,0.383838385344,0.210078060627,0.158098578453,0.0519794821739
0.811881184578,0.383838385344,0.203910246491,0.151420265436,0.0524899810553
0.821782171726,0.383838385344,0.197214707732,0.144460886717,0.0527538210154
0.831683158875,0.383838385344,0.189988836646,0.137237042189,0.0527517944574
0.841584146023,0.383838385344,0.182232886553,0.129767864943,0.0524650216103
0.851485133171,0.383838385344,0.173950374126,0.122074790299,0.0518755838275
0.861386120319,0.383838385344,0.165148064494,0.114181555808,0.0509665086865
0.871287107468,0.383838385344,0.155836239457,0.10611409694,0.0497221425176
0.881188154221,0.383838385344,0.146029189229,0.097900480032,0.048128709197
0.891089081764,0.383838385344,0.135744914412,0.0895706936717,0.0461742207408
0.900990128517,0.383838385344,0.125005096197,0.0811564922333,0.0438486039639
0.910891115665,0.383838385344,0.11383575201,0.0726916566491,0.0411440953612
0.920792102814,0.383838385344,0.102266415954,0.0642107352614,0.0380556806922
0.930693089962,0.383838385344,0.0903307422996,0.0557504892349,0.0345802530646
0.94059407711,0.383838385344,0.0780656337738,0.0473483279347,0.0307173058391
0.950495064259,0.383838385344,0.0655113235116,0.0390426367521,0.0264686867595
0.960396051407,0.383838385344,0.0527112931013,0.0308729559183,0.021838337183
0.970297038555,0.383838385344,0.0397113449872,0.0228791870177,0.0168321579695
0.980198025703,0.383838385344,0.0265595093369,0.0151019915938,0.0114575177431
0.990099012852,0.383838385344,0.0133053762838,0.00758239813149,0.00572297815233
0.00990098994225,0.39393940568,0.00439340667799,0.000912794843316,0.00348061183468
0.0198019798845,0.39393940568,0.00878681335598,0.00222231261432,0.00656450074166
0.0297029688954,0.39393940568,0.0131802149117,0.00371390208602,0.00946631282568
0.039603959769,0.39393940568,0.0175736024976,0.00538993068039,0.0121836718172
0.0495049506426,0.39393940568,0.0219669640064,0.00725275091827,0.0147142130882
0.0594059377909,0.39393940568,0.0263602603227,0.00930433161557,0.0170559287071
0.0693069323897,0.39393940568,0.0307534616441,0.0115464478731,0.0192070137709
0.079207919538,0.39393940568,0.0351465009153,0.013980448246,0.0211660526693
0.0891089066863,0.39393940568,0.0395392924547,0.0166076980531,0.0229315944016
0.0990099012852,0.39393940568,0.0439317561686,0.0194290243089,0.0245027318597
0.108910888433,0.39393940568,0.0483237430453,0.0224454365671,0.0258783064783
0.118811875582,0.39393940568,0.052715100348,0.0256571173668,0.0270579829812
0.12871286273,0.39393940568,0.0571056306362,0.0290642827749,0.0280413478613
0.138613864779,0.39393940568,0.0614951327443,0.0326668471098,0.0288282856345
0.148514851928,0.39393940568,0.0658832937479,0.0364637672901,0.0294195264578
0.158415839076,0.39393940568,0.0702698305249,0.040454570204,0.0298152603209
0.168316826224,0.39393940568,0.0746543705463,0.0446374155581,0.0300169549882
0.178217813373,0.39393940568,0.0790364965796,0.0490100681782,0.0300264284015
0.188118815422,0.39393940568,0.0834157466888,0.0535697340965,0.0298460125923
0.19801980257,0.39393940568,0.0877915769815,0.0583125650883,0.0294790118933
0.207920789719,0.39393940568,0.0921633690596,0.0632337331772,0.0289296358824
0.217821776867,0.39393940568,0.0965304672718,0.0683268383145,0.0282036289573
0.227722764015,0.39393940568,0.100892074406,0.0735846534371,0.027307420969
0.237623751163,0.39393940568,0.105247378349,0.0789977088571,0.0262496694922
0.247524753213,0.39393940568,0.109595417976,0.0845545306802,0.0250408872962
0.25742572546,0.39393940568,0.113935165107,0.0902418270707,0.0236933380365
0.267326742411,0.39393940568,0.118265487254,0.0960438326001,0.0222216546535
0.277227729559,0.39393940568,0.122585110366,0.101941883564,0.0206432268023
0.287128716707,0.39393940568,0.126892641187,0.107914790511,0.0189778506756
0.297029703856,0.39393940568,0.131186559796,0.113938651979,0.0172479078174
0.306930691004,0.39393940568,0.135465234518,0.119986779988,0.0154784545302
0.316831678152,0.39393940568,0.139726787806,0.126030236483,0.0136965513229
0.3267326653,0.39393940568,0.143969342113,0.132037609816,0.0119317322969
0.336633652449,0.39393940568,0.148190647364,0.137977063656,0.0102135837078
0.346534639597,0.39393940568,0.152388438582,0.14381480217,0.00857363641262
0.356435626745,0.39393940568,0.156560152769,0.149518668652,0.00704148411751
0.366336613894,0.39393940568,0.160703063011,0.155056983232,0.00564607977867
0.376237630844,0.39393940568,0.164814159274,0.160400956869,0.00441320240498
0.386138617992,0.39393940568,0.168890267611,0.165525645018,0.00336462259293
0.396039605141,0.39393940568,0.172927856445,0.17041054368,0.00251731276512
0.405940592289,0.39393940568,0.176923260093,0.175040632486,0.00188262760639
0.415841579437,0.39393940568,0.180872395635,0.179406523705,0.00146587193012
0.425742566586,0.39393940568,0.184770971537,0.183505296707,0.00126567482948
0.435643553734,0.39393940568,0.188614293933,0.187339037657,0.00127525627613
0.445544540882,0.39393940568,0.192397370934,0.190914869308,0.00148250162601
0.45544552803,0.39393940568,0.196114808321,0.194243252277,0.00187155604362
0.465346515179,0.39393940568,0.199760898948,0.197337269783,0.0024236291647
0.475247502327,0.39393940568,0.20332942903,0.200209885836,0.00311954319477
0.485148519278,0.39393940568,0.206813901663,0.202873855829,0.00394004583359
0.495049506426,0.39393940568,0.210207223892,0.205339372158,0.00486785173416
0.504950523376,0.39393940568,0.213501960039,0.207613795996,0.00588816404343
0.51485145092,0.39393940568,0.216690078378,0.209700614214,0.00698946416378
0.524752497673,0.39393940568,0.219763189554,0.211599618196,0.00816357135773
0.534653484821,0.39393940568,0.22271220386,0.213306874037,0.00940532982349
0.54455447197,0.39393940568,0.225527614355,0.214815050364,0.0107125639915
0.554455459118,0.39393940568,0.22819930315,0.216113984585,0.0120853185654
0.564356446266,0.39393940568,0.230716601014,0.21719199419,0.0135246068239
0.574257433414,0.39393940568,0.23306825757,0.218035548925,0.0150327086449
0.584158420563,0.39393940568,0.235242381692,0.218630850315,0.0166115313768
0.594059407711,0.39393940568,0.237226501107,0.218964397907,0.0182621032
0.603960394859,0.39393940568,0.239007622004,0.219022780657,0.0199848413467
0.613861382008,0.39393940568,0.240572050214,0.218794077635,0.021777972579
0.623762369156,0.39393940568,0.241905495524,0.218267530203,0.0236379653215
0.633663415909,0.39393940568,0.242993235588,0.217433899641,0.025559335947
0.643564343452,0.39393940568,0.243819892406,0.216285586357,0.0275343060493
0.653465390205,0.39393940568,0.244369551539,0.214816451073,0.0295531004667
0.663366317749,0.39393940568,0.244625985622,0.213021963835,0.0316040217876
0.673267364502,0.39393940568,0.244572401047,0.210898727179,0.0336736738682
0.683168292046,0.39393940568,0.244191870093,0.208444535732,0.0357473343611
0.693069338799,0.39393940568,0.243466988206,0.205658048391,0.0378089398146
0.702970266342,0.39393940568,0.242380410433,0.202538907528,0.0398415029049
0.712871313095,0.39393940568,0.24091462791,0.199087202549,0.0418274253607
0.722772240639,0.39393940568,0.239052310586,0.195303708315,0.0437486022711
0.732673287392,0.39393940568,0.236776307225,0.19118976593,0.0455865412951
0.74257427454,0.39393940568,0.234070047736,0.186747610569,0.0473224371672
0.752475261688,0.39393940568,0.230917394161,0.181980162859,0.0489372313023
0.762376248837,0.39393940568,0.227303087711,0.176891684532,0.0504114031792
0.772277235985,0.39393940568,0.223213031888,0.171487271786,0.0517257601023
0.782178223133,0.39393940568,0.218634262681,0.165773630142,0.0528606325388
0.792079210281,0.39393940568,0.213555365801,0.159759312868,0.0537960529327
0.80198019743,0.39393940568,0.207966715097,0.153454363346,0.0545123517513
0.811881184578,0.39393940568,0.201860889792,0.146870881319,0.0549900084734
0.821782171726,0.39393940568,0.195232659578,0.140023559332,0.0552091002464
0.831683158875,0.39393940568,0.188079401851,0.132928520441,0.0551508814096
0.841584146023,0.39393940568,0.180401399732,0.125604897738,0.0547965019941
0.851485133171,0.39393940568,0.172202125192,0.118073754013,0.0541283711791
0.861386120319,0.39393940568,0.163488268852,0.11035836488,0.0531299039721
0.871287107468,0.39393940568,0.15427005291,0.102484069765,0.0517859831452
0.881188154221,0.39393940568,0.144561544061,0.0944783464074,0.0500831976533
0.891089081764,0.39393940568,0.134380638599,0.0863709226251,0.0480097159743
0.900990128517,0.39393940568,0.123748756945,0.078192807734,0.0455559492111
0.910891115665,0.39393940568,0.112691670656,0.0699768438935,0.0427148267627
0.920792102814,0.39393940568,0.101238615811,0.0617573708296,0.0394812449813
0.930693089962,0.39393940568,0.0894228890538,0.0535697937012,0.0358530953526
0.94059407711,0.39393940568,0.077281050384,0.0454509332776,0.0318301171064
0.950495064259,0.39393940568,0.0648529157043,0.0374386943877,0.0274142213166
0.960396051407,0.39393940568,0.0521815307438,0.0295711383224,0.0226103924215
0.970297038555,0.39393940568,0.0393122322857,0.0218878015876,0.0174244306982
0.980198025703,0.39393940568,0.0262925792485,0.0144281443208,0.0118644349277
0.990099012852,0.39393940568,0.0131716532633,0.0072324052453,0.00593924801797
0.00990098994225,0.404040396214,0.00434925220907,0.000761039555073,0.00358821265399
0.0198019798845,0.404040396214,0.00869850441813,0.00193019397557,0.00676831044257
0.0297029688954,0.404040396214,0.0130477519706,0.00328396819532,0.00976378377527
0.039603959769,0.404040396214,0.0173969864845,0.00482493638992,0.0125720500946
0.0495049506426,0.404040396214,0.0217461921275,0.00655579008162,0.0151904020458
0.0594059377909,0.404040396214,0.0260953381658,0.00847937725484,0.0176159609109
0.0693069323897,0.404040396214,0.0304443892092,0.0105974655598,0.0198469236493
0.079207919538,0.404040396214,0.0347932726145,0.0129123032093,0.0218809694052
0.0891089066863,0.404040396214,0.0391419194639,0.015425644815,0.0237162746489
0.0990099012852,0.404040396214,0.0434902347624,0.0181388556957,0.0253513790667
0.108910888433,0.404040396214,0.0478380806744,0.0210533812642,0.0267846994102
0.118811875582,0.404040396214,0.0521853081882,0.0241700075567,0.0280153006315
0.12871286273,0.404040396214,0.0565317161381,0.0274897441268,0.0290419720113
0.138613864779,0.404040396214,0.0608770959079,0.0310127437115,0.0298643521965
0.148514851928,0.404040396214,0.0652211606503,0.0347389616072,0.030482199043
0.158415839076,0.404040396214,0.0695636123419,0.0386680811644,0.0308955311775
0.168316826224,0.404040396214,0.0739040896297,0.0427991859615,0.0311049036682
0.178217813373,0.404040396214,0.0782421678305,0.0471308082342,0.0311113595963
0.188118815422,0.404040396214,0.0825774073601,0.0516602322459,0.0309171751142
0.19801980257,0.404040396214,0.0869092568755,0.0563845336437,0.0305247232318
0.207920789719,0.404040396214,0.0912371128798,0.0612993836403,0.0299377292395
0.217821776867,0.404040396214,0.0955603197217,0.0663990601897,0.029161259532
0.227722764015,0.404040396214,0.0998780876398,0.0716762766242,0.0282018110156
0.237623751163,0.404040396214,0.104189626873,0.0771221145988,0.0270675122738
0.247524753213,0.404040396214,0.108493968844,0.0827253460884,0.025768622756
0.25742572546,0.404040396214,0.112790100276,0.088472597301,0.0243175029755
0.267326742411,0.404040396214,0.117076911032,0.0943475142121,0.0227293968201
0.277227729559,0.404040396214,0.121353112161,0.100331097841,0.0210220143199
0.287128716707,0.404040396214,0.125617355108,0.10640104115,0.0192163139582
0.297029703856,0.404040396214,0.129868119955,0.112532235682,0.0173358842731
0.306930691004,0.404040396214,0.134103789926,0.118696294725,0.0154074952006
0.316831678152,0.404040396214,0.138322532177,0.124861784279,0.0134607478976
0.3267326653,0.404040396214,0.142522439361,0.130995482206,0.0115269571543
0.336633652449,0.404040396214,0.146701321006,0.137061744928,0.00963957607746
0.346534639597,0.404040396214,0.150856927037,0.143024533987,0.00783239305019
0.356435626745,0.404040396214,0.154986709356,0.148847490549,0.00613921880722
0.366336613894,0.404040396214,0.159087970853,0.1544957757,0.00459219515324
0.376237630844,0.404040396214,0.163157775998,0.159937143326,0.00322063267231
0.386138617992,0.404040396214,0.167192906141,0.165143191814,0.00204971432686
0.396039605141,0.404040396214,0.171189934015,0.170090347528,0.00109958648682
0.405940592289,0.404040396214,0.175145164132,0.174761325121,0.000383839011192
0.415841579437,0.404040396214,0.179054602981,0.1791446805,9.00775194168e-05
0.425742566586,0.404040396214,0.18291400373,0.18323585391,0.000321850180626
0.435643553734,0.404040396214,0.186718702316,0.187036752701,0.000318050384521
0.445544540882,0.404040396214,0.190463751554,0.190554469824,9.07182693481e-05
0.45544552803,0.404040396214,0.19414383173,0.193800479174,0.000343352556229
0.465346515179,0.404040396214,0.197753280401,0.19678902626,0.000964254140854
0.475247502327,0.404040396214,0.20128595829,0.199535518885,0.00175043940544
0.485148519278,0.404040396214,0.204735398293,0.202055096626,0.00268030166626
0.495049506426,0.404040396214,0.208094641566,0.204360306263,0.00373433530331
0.504950523376,0.404040396214,0.211356252432,0.206461399794,0.00489485263824
0.51485145092,0.404040396214,0.214512318373,0.20836430788,0.00614801049232
0.524752497673,0.404040396214,0.217554539442,0.2100712955,0.00748324394226
0.534653484821,0.404040396214,0.22047393024,0.21158054471,0.00889338552952
0.54455447197,0.404040396214,0.223261028528,0.212886452675,0.0103745758533
0.554455459118,0.404040396214,0.225905880332,0.21398088336,0.0119249969721
0.564356446266,0.404040396214,0.228397890925,0.214852958918,0.0135449320078
0.574257433414,0.404040396214,0.230725884438,0.215491175652,0.015234708786
0.584158420563,0.404040396214,0.232878163457,0.215882509947,0.0169956535101
0.594059407711,0.404040396214,0.234842374921,0.216014623642,0.0188277512789
0.603960394859,0.404040396214,0.23660556972,0.215875506401,0.0207300633192
0.613861382008,0.404040396214,0.238154277205,0.215454310179,0.0226999670267
0.623762369156,0.404040396214,0.239474341273,0.214741230011,0.0247331112623
0.633663415909,0.404040396214,0.240551128983,0.213728755713,0.026822373271
0.643564343452,0.404040396214,0.241369470954,0.212410181761,0.0289592891932
0.653465390205,0.404040396214,0.241913601756,0.2107809484,0.0311326533556
0.663366317749,0.404040396214,0.242167472839,0.208837330341,0.033330142498
0.673267364502,0.404040396214,0.242114439607,0.206577390432,0.0355370491743
0.683168292046,0.404040396214,0.241737708449,0.203999698162,0.0377380102873
0.693069338799,0.404040396214,0.241020128131,0.201104044914,0.0399160832167
0.702970266342,0.404040396214,0.239944458008,0.197890877724,0.0420535802841
0.712871313095,0.404040396214,0.238493412733,0.194360733032,0.0441326797009
0.722772240639,0.404040396214,0.236649826169,0.190515309572,0.0461345165968
0.732673287392,0.404040396214,0.23439668119,0.186356306076,0.0480403751135
0.74257427454,0.404040396214,0.23171761632,0.18188637495,0.0498312413692
0.752475261688,0.404040396214,0.228596642613,0.177108615637,0.0514880269766
0.762376248837,0.404040396214,0.225018680096,0.172027409077,0.052991271019
0.772277235985,0.404040396214,0.220969721675,0.166648119688,0.0543216019869
0.782178223133,0.404040396214,0.216436967254,0.160977452993,0.0554595142603
0.792079210281,0.404040396214,0.211409091949,0.155023723841,0.0563853681087
0.80198019743,0.404040396214,0.205876633525,0.148797124624,0.0570795089006
0.811881184578,0.404040396214,0.199832171202,0.142309635878,0.0575225353241
0.821782171726,0.404040396214,0.193270549178,0.135575383902,0.0576951652765
0.831683158875,0.404040396214,0.186189189553,0.128610700369,0.0575784891844
0.841584146023,0.404040396214,0.178588345647,0.12143407017,0.0571542754769
0.851485133171,0.404040396214,0.170471459627,0.114066056907,0.05640540272
0.861386120319,0.404040396214,0.161845207214,0.106529653072,0.055315554142
0.871287107468,0.404040396214,0.15271961689,0.0988497361541,0.0538698807359
0.881188154221,0.404040396214,0.143108695745,0.0910532847047,0.0520554110408
0.891089081764,0.404040396214,0.133030101657,0.0831692665815,0.0498608350754
0.900990128517,0.404040396214,0.12250507623,0.0752278789878,0.0472771972418
0.910891115665,0.404040396214,0.1115591079,0.0672616809607,0.044297426939
0.920792102814,0.404040396214,0.100221164525,0.059303984046,0.0409171804786
0.930693089962,0.404040396214,0.0885241776705,0.0513896271586,0.0371345505118
0.94059407711,0.404040396214,0.0765043720603,0.0435544326901,0.0329499393702
0.950495064259,0.404040396214,0.0642011389136,0.0358353406191,0.0283657982945
0.960396051407,0.404040396214,0.0516570992768,0.0282700173557,0.0233870819211
0.970297038555,0.404040396214,0.0389171428978,0.0208966434002,0.0180204994977
0.980198025703,0.404040396214,0.0260283369571,0.013754311949,0.0122740250081
0.990099012852,0.404040396214,0.0130392769352,0.00688204728067,0.00615722965449
0.00990098994225,0.41414141655,0.00430554151535,0.000608578324318,0.00369696319103
0.0198019798845,0.41414141655,0.0086110830307,0.00163749419153,0.00697358883917
0.0297029688954,0.41414141655,0.0129166198894,0.00285292975605,0.0100636901334
0.039603959769,0.41414141655,0.0172221437097,0.00425847619772,0.0129636675119
0.0495049506426,0.41414141655,0.0215276386589,0.00585712306201,0.0156705155969
0.0594059377909,0.41414141655,0.0258330758661,0.00765188410878,0.0181811917573
0.0693069323897,0.41414141655,0.0301384162158,0.00964536517859,0.0204930510372
0.079207919538,0.41414141655,0.0344435945153,0.0118401926011,0.0226034019142
0.0891089066863,0.41414141655,0.0387485362589,0.014238782227,0.0245097540319
0.0990099012852,0.41414141655,0.043053150177,0.0168430581689,0.0262100920081
0.108910888433,0.41414141655,0.0473573058844,0.0196547992527,0.0277025066316
0.118811875582,0.41414141655,0.051660835743,0.0226757265627,0.0289851091802
0.12871286273,0.41414141655,0.0559635609388,0.0259072072804,0.0300563536584
0.138613864779,0.41414141655,0.0602652728558,0.029349911958,0.0309153608978
0.148514851928,0.41414141655,0.0645656809211,0.0330047011375,0.0315609797835
0.158415839076,0.41414141655,0.0688644871116,0.0368719510734,0.0319925360382
0.168316826224,0.41414141655,0.0731613412499,0.0409510992467,0.0322102420032
0.178217813373,0.41414141655,0.0774558261037,0.0452413707972,0.0322144553065
0.188118815422,0.41414141655,0.081747494638,0.0497411340475,0.0320063605905
0.19801980257,0.41414141655,0.0860358029604,0.0544476956129,0.0315881073475
0.207920789719,0.41414141655,0.0903201624751,0.0593573972583,0.0309627652168
0.217821776867,0.41414141655,0.0945999249816,0.0644652172923,0.0301347076893
0.227722764015,0.41414141655,0.0988743007183,0.0697644650936,0.0291098356247
0.237623751163,0.41414141655,0.103142499924,0.0752462595701,0.0278962403536
0.247524753213,0.41414141655,0.107403583825,0.0808997303247,0.0265038534999
0.25742572546,0.41414141655,0.111656539142,0.0867116600275,0.0249448791146
0.267326742411,0.41414141655,0.11590026319,0.0926650166512,0.0232352465391
0.277227729559,0.41414141655,0.120133496821,0.0987408980727,0.0213925987482
0.287128716707,0.41414141655,0.124354884028,0.104915767908,0.0194391161203
0.297029703856,0.41414141655,0.128562927246,0.111163266003,0.017399661243
0.306930691004,0.41414141655,0.132756024599,0.117453359067,0.0153026655316
0.316831678152,0.41414141655,0.136932358146,0.123752467334,0.0131798908114
0.3267326653,0.41414141655,0.141090065241,0.130024582148,0.0110654830933
0.336633652449,0.41414141655,0.145226940513,0.136231452227,0.00899548828602
0.346534639597,0.41414141655,0.14934079349,0.142333209515,0.00700758397579
0.356435626745,0.41414141655,0.153429061174,0.14829030633,0.00513875484467
0.366336613894,0.41414141655,0.157489106059,0.154063761234,0.00342534482479
0.376237630844,0.41414141655,0.161518007517,0.159617930651,0.00190007686615
0.386138617992,0.41414141655,0.165512576699,0.164920538664,0.000592038035393
0.396039605141,0.41414141655,0.169469431043,0.169944614172,0.000475183129311
0.405940592289,0.41414141655,0.173384934664,0.174670040607,0.00128510594368
0.415841579437,0.41414141655,0.177255094051,0.179083108902,0.00182801485062
0.425742566586,0.41414141655,0.181075692177,0.183177411556,0.00210171937943
0.435643553734,0.41414141655,0.184842154384,0.186954259872,0.00211210548878
0.445544540882,0.41414141655,0.188549563289,0.190420418978,0.00187085568905
0.45544552803,0.41414141655,0.192192658782,0.193588107824,0.00139544904232
0.465346515179,0.41414141655,0.195765823126,0.196473091841,0.000707268714905
0.475247502327,0.41414141655,0.199263006449,0.199092686176,0.000170320272446
0.485148519278,0.41414141655,0.202677771449,0.201464414597,0.00121335685253
0.495049506426,0.41414141655,0.206003248692,0.203603774309,0.0023994743824
0.504950523376,0.41414141655,0.209232091904,0.205523580313,0.00370851159096
0.51485145092,0.41414141655,0.212356433272,0.207233011723,0.0051234215498
0.524752497673,0.41414141655,0.21536809206,0.208736807108,0.00663128495216
0.534653484821,0.41414141655,0.21825812757,0.210035502911,0.00822262465954
0.54455447197,0.41414141655,0.221017226577,0.211125969887,0.00989125669003
0.554455459118,0.41414141655,0.223635494709,0.212001800537,0.0116336941719
0.564356446266,0.41414141655,0.226102441549,0.212654024363,0.0134484171867
0.574257433414,0.41414141655,0.22840705514,0.213072359562,0.0153346955776
0.584158420563,0.41414141655,0.230537712574,0.21324557066,0.0172921419144
0.594059407711,0.41414141655,0.232482165098,0.21316242218,0.019319742918
0.603960394859,0.41414141655,0.234227657318,0.212812423706,0.0214152336121
0.613861382008,0.41414141655,0.235760778189,0.212185889482,0.0235748887062
0.623762369156,0.41414141655,0.237067565322,0.211274802685,0.0257927626371
0.633663415909,0.41414141655,0.238133564591,0.210072398186,0.0280611664057
0.643564343452,0.41414141655,0.23894366622,0.2085737288,0.0303699374199
0.653465390205,0.41414141655,0.239482343197,0.206775158644,0.0327071845531
0.663366317749,0.41414141655,0.239733636379,0.204674571753,0.0350590646267
0.673267364502,0.41414141655,0.239681139588,0.202270716429,0.0374104231596
0.683168292046,0.41414141655,0.239308208227,0.199563622475,0.0397445857525
0.693069338799,0.41414141655,0.23859782517,0.19655367732,0.0420441478491
0.702970266342,0.41414141655,0.237532973289,0.193242073059,0.0442909002304
0.712871313095,0.41414141655,0.236096516252,0.189630180597,0.0464663356543
0.722772240639,0.41414141655,0.234271451831,0.185719996691,0.0485514551401
0.732673287392,0.41414141655,0.232040971518,0.181513905525,0.0505270659924
0.74257427454,0.41414141655,0.229388833046,0.1770144701,0.0523743629456
0.752475261688,0.41414141655,0.226299226284,0.172225475311,0.0540737509727
0.762376248837,0.41414141655,0.222757205367,0.167151093483,0.0556061118841
0.772277235985,0.41414141655,0.218748942018,0.161796718836,0.0569522231817
0.782178223133,0.41414141655,0.214261740446,0.156169235706,0.0580925047398
0.792079210281,0.41414141655,0.209284409881,0.150276839733,0.0590075701475
0.80198019743,0.41414141655,0.203807547688,0.144129365683,0.0596781820059
0.811881184578,0.41414141655,0.197823822498,0.137738794088,0.06008502841
0.821782171726,0.41414141655,0.191328153014,0.131118863821,0.0602092891932
0.831683158875,0.41414141655,0.184317961335,0.124285586178,0.0600323751569
0.841584146023,0.41414141655,0.176793500781,0.117257021368,0.0595364794135
0.851485133171,0.41414141655,0.16875821352,0.110053546727,0.0587046667933
0.861386120319,0.41414141655,0.160218626261,0.102697402239,0.0575212240219
0.871287107468,0.41414141655,0.151184767485,0.0952130407095,0.0559717267752
0.881188154221,0.41414141655,0.141670435667,0.0876266732812,0.0540437623858
0.891089081764,0.41414141655,0.131693139672,0.0799668431282,0.0517262965441
0.900990128517,0.41414141655,0.121273882687,0.0722632706165,0.0490106120706
0.910891115665,0.41414141655,0.110437914729,0.0645472705364,0.0458906441927
0.920792102814,0.41414141655,0.0992139130831,0.0568518042564,0.0423621088266
0.930693089962,0.41414141655,0.0876345038414,0.0492109060287,0.0384235978127
0.94059407711,0.41414141655,0.0757354944944,0.0416594929993,0.0340760014951
0.950495064259,0.41414141655,0.0635559037328,0.034233674407,0.0293222293258
0.960396051407,0.41414141655,0.0511379390955,0.0269703306258,0.0241676084697
0.970297038555,0.41414141655,0.0385260209441,0.0199067443609,0.0186192765832
0.980198025703,0.41414141655,0.025766748935,0.0130809824914,0.0126857664436
0.990099012852,0.41414141655,0.0129082305357,0.006531432271,0.00637679826468
0.00990098994225,0.424242436886,0.00426226994023,0.000455828383565,0.00380644155666
0.0198019798845,0.424242436886,0.00852453988045,0.00134423188865,0.0071803079918
0.0297029688954,0.424242436886,0.0127868046984,0.00242150016129,0.0103653045371
0.039603959769,0.424242436886,0.0170490574092,0.00369119644165,0.0133578609675
0.0495049506426,0.424242436886,0.0213112812489,0.00515697151423,0.0161543097347
0.0594059377909,0.424242436886,0.0255734473467,0.00682238303125,0.0187510643154
0.0693069323897,0.424242436886,0.0298355184495,0.00869070738554,0.021144811064
0.079207919538,0.424242436886,0.0340974293649,0.0107650049031,0.0233324244618
0.0891089066863,0.424242436886,0.038359105587,0.01304792054,0.025311185047
0.0990099012852,0.424242436886,0.0426204614341,0.0155423656106,0.0270780958235
0.108910888433,0.424242436886,0.0468813553452,0.0182506330311,0.0286307223141
0.118811875582,0.424242436886,0.0511416345835,0.0211749374866,0.0299666970968
0.12871286273,0.424242436886,0.0554011166096,0.0243172496557,0.0310838669538
0.138613864779,0.424242436886,0.0596595965326,0.0276791080832,0.0319804884493
0.148514851928,0.424242436886,0.0639167800546,0.0312620699406,0.032654710114
0.158415839076,0.424242436886,0.0681723803282,0.0350667349994,0.0331056453288
0.168316826224,0.424242436886,0.0724260509014,0.0390937514603,0.0333322994411
0.178217813373,0.424242436886,0.0766773745418,0.043342910707,0.0333344638348
0.188118815422,0.424242436886,0.080925911665,0.0478131473064,0.0331127643585
0.19801980257,0.424242436886,0.0851711332798,0.0525027066469,0.0326684266329
0.207920789719,0.424242436886,0.0894124284387,0.0574085488915,0.0320038795471
0.217821776867,0.424242436886,0.0936491787434,0.0625262707472,0.0311229079962
0.227722764015,0.424242436886,0.0978806018829,0.0678496956825,0.0300309062004
0.237623751163,0.424242436886,0.102105908096,0.0733704715967,0.0287354364991
0.247524753213,0.424242436886,0.106324166059,0.0790781155229,0.0272460505366
0.25742572546,0.424242436886,0.110534369946,0.0849591121078,0.0255752578378
0.267326742411,0.424242436886,0.11473543942,0.0909970700741,0.0237383693457
0.277227729559,0.424242436886,0.118926122785,0.0971717610955,0.0217543616891
0.287128716707,0.424242436886,0.123105093837,0.103459380567,0.0196457132697
0.297029703856,0.424242436886,0.127270832658,0.109832175076,0.0174386575818
0.306930691004,0.424242436886,0.131421804428,0.116258434951,0.0151633694768
0.316831678152,0.424242436886,0.135556161404,0.122702665627,0.0128534957767
0.3267326653,0.424242436886,0.139672085643,0.12912607193,0.0105460137129
0.336633652449,0.424242436886,0.143767386675,0.13548707962,0.00828030705452
0.346534639597,0.424242436886,0.14783988893,0.141742527485,0.00609736144543
0.356435626745,0.424242436886,0.151887074113,0.14784899354,0.00403808057308
0.366336613894,0.424242436886,0.155906304717,0.15376368165,0.0021426230669
0.376237630844,0.424242436886,0.159894704819,0.159446567297,0.000448137521744
0.386138617992,0.424242436886,0.163849145174,0.164861738682,0.00101259350777
0.396039605141,0.424242436886,0.167766228318,0.169978171587,0.00221194326878
0.405940592289,0.424242436886,0.171642377973,0.17477285862,0.00313048064709
0.415841579437,0.424242436886,0.175473630428,0.179229021072,0.00375539064407
0.425742566586,0.424242436886,0.179255843163,0.183338582516,0.00408273935318
0.435643553734,0.424242436886,0.18298445642,0.187101155519,0.00411669909954
0.445544540882,0.424242436886,0.186654597521,0.190523564816,0.00386896729469
0.45544552803,0.424242436886,0.19026106596,0.193618297577,0.00335723161697
0.465346515179,0.424242436886,0.193798333406,0.196402281523,0.0026039481163
0.475247502327,0.424242436886,0.19726036489,0.19889485836,0.00163449347019
0.485148519278,0.424242436886,0.200640827417,0.201116114855,0.000475287437439
0.495049506426,0.424242436886,0.203932866454,0.203084498644,0.000848367810249
0.504950523376,0.424242436886,0.207129269838,0.204815536737,0.00231373310089
0.51485145092,0.424242436886,0.21022221446,0.206321954727,0.0039002597332
0.524752497673,0.424242436886,0.213203594089,0.207611143589,0.00559245049953
0.534653484821,0.424242436886,0.216064572334,0.208686619997,0.00737795233727
0.54455447197,0.424242436886,0.218795955181,0.209547698498,0.00924825668335
0.554455459118,0.424242436886,0.221387892962,0.210190147161,0.0111977458
0.564356446266,0.424242436886,0.223830074072,0.21060743928,0.0132226347923
0.574257433414,0.424242436886,0.226111516356,0.210790753365,0.0153207629919
0.584158420563,0.424242436886,0.228220745921,0.210730701685,0.0174900442362
0.594059407711,0.424242436886,0.230145677924,0.210417717695,0.0197279602289
0.603960394859,0.424242436886,0.231873601675,0.209842741489,0.0220308601856
0.613861382008,0.424242436886,0.233391344547,0.208997637033,0.0243937075138
0.623762369156,0.424242436886,0.234685003757,0.20787575841,0.026809245348
0.633663415909,0.424242436886,0.235740274191,0.20647200942,0.0292682647705
0.643564343452,0.424242436886,0.236542209983,0.204782605171,0.0317596048117
0.653465390205,0.424242436886,0.23707549274,0.202805310488,0.0342701822519
0.663366317749,0.424242436886,0.237324267626,0.200539082289,0.0367851853371
0.673267364502,0.424242436886,0.237272307277,0.197984188795,0.0392881184816
0.683168292046,0.424242436886,0.236903116107,0.195141106844,0.041762009263
0.693069338799,0.424242436886,0.236199870706,0.192011386156,0.0441884845495
0.702970266342,0.424242436886,0.235145717859,0.188596785069,0.0465489327908
0.712871313095,0.424242436886,0.233723700047,0.184899389744,0.0488243103027
0.722772240639,0.424242436886,0.231916964054,0.18092161417,0.050995349884
0.732673287392,0.424242436886,0.229708895087,0.176665842533,0.0530430525541
0.74257427454,0.424242436886,0.227083429694,0.172135472298,0.0549479573965
0.752475261688,0.424242436886,0.224024862051,0.167333960533,0.0566909015179
0.762376248837,0.424242436886,0.220518440008,0.162265658379,0.0582527816296
0.772277235985,0.424242436886,0.216550469398,0.156936228275,0.0596142411232
0.782178223133,0.424242436886,0.212108373642,0.151351898909,0.0607564747334
0.792079210281,0.424242436886,0.207181051373,0.145521193743,0.0616598576307
0.80198019743,0.424242436886,0.201759234071,0.139453649521,0.0623055845499
0.811881184578,0.424242436886,0.195835649967,0.13316065073,0.0626749992371
0.821782171726,0.424242436886,0.18940526247,0.126656025648,0.0627492368221
0.831683158875,0.424242436886,0.182465523481,0.119955353439,0.0625101700425
0.841584146023,0.424242436886,0.175016701221,0.113076038659,0.0619406625628
0.851485133171,0.424242436886,0.167062148452,0.106038048863,0.0610240995884
0.861386120319,0.424242436886,0.158608391881,0.098863221705,0.059745170176
0.871287107468,0.424242436886,0.14966532588,0.0915753394365,0.0580899864435
0.881188154221,0.424242436886,0.140246614814,0.084200270474,0.0560463443398
0.891089081764,0.424242436886,0.130369573832,0.0767654925585,0.0536040812731
0.900990128517,0.424242436886,0.120055042207,0.0693001672626,0.0507548749447
0.910891115665,0.424242436886,0.109328001738,0.0618350431323,0.0474929586053
0.920792102814,0.424242436886,0.0982168018818,0.0544021353126,0.0438146665692
0.930693089962,0.424242436886,0.0867537558079,0.0470347180963,0.0397190377116
0.94059407711,0.424242436886,0.0749743357301,0.0397670976818,0.0352072380483
0.950495064259,0.424242436886,0.0629171580076,0.0326343737543,0.0302827842534
0.960396051407,0.424242436886,0.0506239905953,0.0256727002561,0.0249512903392
0.970297038555,0.424242436886,0.0381388254464,0.0189182981849,0.0192205272615
0.980198025703,0.424242436886,0.0255077853799,0.0124087408185,0.0130990445614
0.990099012852,0.424242436886,0.012778500095,0.00618114136159,0.00659735873342
0.00990098994225,0.43434342742,0.00421943329275,0.000302907079458,0.00391652621329
0.0198019798845,0.43434342742,0.00843886658549,0.00105101242661,0.00738785415888
0.0297029688954,0.43434342742,0.0126582961529,0.00198976881802,0.0106685273349
0.039603959769,0.43434342742,0.0168777108192,0.00312328897417,0.0137544218451
0.0495049506426,0.43434342742,0.0210971012712,0.00445604883134,0.0166410524398
0.0594059377909,0.43434342742,0.0253164302558,0.00599174015224,0.0193246901035
0.0693069323897,0.43434342742,0.0295356661081,0.00773421861231,0.0218014474958
0.079207919538,0.43434342742,0.0337547436357,0.00968697853386,0.0240677651018
0.0891089066863,0.43434342742,0.0379735901952,0.0118538532406,0.0261197369546
0.0990099012852,0.43434342742,0.0421921163797,0.0142377354205,0.0279543809593
0.108910888433,0.43434342742,0.0464101843536,0.0168416537344,0.0295685306191
0.118811875582,0.43434342742,0.0506276525557,0.0196685865521,0.0309590660036
0.12871286273,0.43434342742,0.054844327271,0.0227209441364,0.0321233831346
0.138613864779,0.43434342742,0.0590600073338,0.0260013751686,0.0330586321652
0.148514851928,0.43434342742,0.0632743984461,0.0295116975904,0.0337627008557
0.158415839076,0.43434342742,0.0674872398376,0.0332535393536,0.034233700484
0.168316826224,0.43434342742,0.0716981589794,0.0372281931341,0.0344699658453
0.178217813373,0.43434342742,0.07590675354,0.041436303407,0.0344704501331
0.188118815422,0.43434342742,0.0801125913858,0.0458775274456,0.0342350639403
0.19801980257,0.43434342742,0.0843151435256,0.0505507588387,0.0337643846869
0.207920789719,0.43434342742,0.0885138213634,0.0554538816214,0.0330599397421
0.217821776867,0.43434342742,0.0927079841495,0.0605831444263,0.0321248397231
0.227722764015,0.43434342742,0.096896879375,0.0659329742193,0.0309639051557
0.237623751163,0.43434342742,0.101079724729,0.0714957341552,0.0295839905739
0.247524753213,0.43434342742,0.105255588889,0.0772612169385,0.0279943719506
0.25742572546,0.43434342742,0.109423488379,0.0832161977887,0.0262072905898
0.267326742411,0.43434342742,0.113582327962,0.0893439725041,0.0242383554578
0.277227729559,0.43434342742,0.117730900645,0.0956241860986,0.0221067145467
0.287128716707,0.43434342742,0.121867865324,0.102032423019,0.0198354423046
0.297029703856,0.43434342742,0.125991746783,0.108539685607,0.0174520611763
0.306930691004,0.43434342742,0.130100980401,0.11511246115,0.0149885192513
0.316831678152,0.43434342742,0.134193792939,0.121713213623,0.0124805793166
0.3267326653,0.43434342742,0.138268351555,0.128300428391,0.00996792316437
0.336633652449,0.43434342742,0.14232249558,0.134829461575,0.00749303400517
0.346534639597,0.43434342742,0.146354064345,0.141253650188,0.00510041415691
0.356435626745,0.43434342742,0.150360569358,0.147525340319,0.00283522903919
0.366336613894,0.43434342742,0.154339432716,0.153597563505,0.000741869211197
0.376237630844,0.43434342742,0.158287748694,0.159426003695,0.00113825500011
0.386138617992,0.43434342742,0.162202432752,0.16497027874,0.00276784598827
0.396039605141,0.43434342742,0.166080147028,0.17019584775,0.00411570072174
0.405940592289,0.43434342742,0.169917330146,0.175075232983,0.0051579028368
0.415841579437,0.43434342742,0.173710092902,0.179589062929,0.00587897002697
0.425742566586,0.43434342742,0.177454292774,0.183726787567,0.00627249479294
0.435643553734,0.43434342742,0.181145429611,0.187486469746,0.00634104013443
0.445544540882,0.43434342742,0.184778690338,0.190873980522,0.00609529018402
0.45544552803,0.43434342742,0.188348919153,0.193902224302,0.00555330514908
0.465346515179,0.43434342742,0.191850632429,0.196589171886,0.00473853945732
0.475247502327,0.43434342742,0.195277869701,0.198955863714,0.00367799401283
0.485148519278,0.43434342742,0.19862434268,0.20102468133,0.00240033864975
0.495049506426,0.43434342742,0.20188331604,0.202817231417,0.000933915376663
0.504950523376,0.43434342742,0.20504757762,0.204352706671,0.000694870948792
0.51485145092,0.43434342742,0.208109453321,0.205646365881,0.00246308743954
0.524752497673,0.43434342742,0.211060866714,0.206709504128,0.00435136258602
0.534653484821,0.43434342742,0.213893100619,0.207548648119,0.00634445250034
0.54455447197,0.43434342742,0.216597020626,0.20816591382,0.0084311068058
0.554455459118,0.43434342742,0.219162911177,0.208560049534,0.0106028616428
0.564356446266,0.43434342742,0.221580550075,0.208726286888,0.0128542631865
0.574257433414,0.43434342742,0.223839059472,0.208658665419,0.0151803940535
0.584158420563,0.43434342742,0.225927084684,0.208349406719,0.0175776779652
0.594059407711,0.43434342742,0.227832660079,0.207791000605,0.0200416594744
0.603960394859,0.43434342742,0.229543238878,0.206976115704,0.0225671231747
0.613861382008,0.43434342742,0.23104570806,0.205898165703,0.0251475423574
0.623762369156,0.43434342742,0.232326373458,0.204552412033,0.0277739614248
0.633663415909,0.43434342742,0.233371019363,0.20293495059,0.0304360687733
0.643564343452,0.43434342742,0.234164938331,0.201043754816,0.0331211835146
0.653465390205,0.43434342742,0.234692841768,0.198877602816,0.0358152389526
0.663366317749,0.43434342742,0.23493912816,0.196437060833,0.0385020673275
0.673267364502,0.43434342742,0.234887674451,0.193722903728,0.0411647707224
0.683168292046,0.43434342742,0.23452219367,0.190737247467,0.0437849462032
0.693069338799,0.43434342742,0.233826041222,0.187481820583,0.0463442206383
0.702970266342,0.43434342742,0.232782483101,0.1839594841,0.0488229990005
0.712871313095,0.43434342742,0.231374740601,0.180172502995,0.051202237606
0.722772240639,0.43434342742,0.229586169124,0.176123827696,0.0534623414278
0.732673287392,0.43434342742,0.227400287986,0.171816170216,0.0555841177702
0.74257427454,0.43434342742,0.224801197648,0.167252749205,0.0575484484434
0.752475261688,0.43434342742,0.221773386002,0.162437468767,0.0593359172344
0.762376248837,0.43434342742,0.218302190304,0.157374531031,0.0609276592731
0.772277235985,0.43434342742,0.214374110103,0.152069419622,0.0623046904802
0.782178223133,0.43434342742,0.209976643324,0.14652839303,0.0634482502937
0.792079210281,0.43434342742,0.205098852515,0.140759676695,0.0643391758204
0.80198019743,0.43434342742,0.199731528759,0.134772330523,0.0649591982365
0.811881184578,0.43434342742,0.193867474794,0.128577977419,0.0652894973755
0.821782171726,0.43434342742,0.187501698732,0.122189588845,0.0653121098876
0.831683158875,0.43434342742,0.180631712079,0.115622214973,0.0650094971061
0.841584146023,0.43434342742,0.173257738352,0.1088931337,0.0643646046519
0.851485133171,0.43434342742,0.165383145213,0.102021671832,0.0633614733815
0.861386120319,0.43434342742,0.157014355063,0.0950290933251,0.0619852617383
0.871287107468,0.43434342742,0.148161157966,0.0879386514425,0.0602225065231
0.881188154221,0.43434342742,0.138837099075,0.0807753801346,0.0580617189407
0.891089081764,0.43434342742,0.12905934453,0.0735664144158,0.0554929301143
0.900990128517,0.43434342742,0.118848472834,0.0663399100304,0.0525085628033
0.910891115665,0.43434342742,0.108229234815,0.0591260045767,0.049103230238
0.920792102814,0.43434342742,0.0972296968102,0.0519559457898,0.0452737510204
0.930693089962,0.43434342742,0.0858818665147,0.0448622629046,0.04101960361
0.94059407711,0.43434342742,0.074220828712,0.0378782823682,0.0363425463438
0.950495064259,0.43434342742,0.0622848309577,0.031038440764,0.0312463901937
0.960396051407,0.43434342742,0.0501152127981,0.024377848953,0.0257373638451
0.970297038555,0.43434342742,0.037755522877,0.0179321542382,0.0198233686388
0.980198025703,0.43434342742,0.025251429528,0.0117379613221,0.0135134682059
0.990099012852,0.43434342742,0.0126500735059,0.00583173893392,0.00681833457202
0.00990098994225,0.444444447756,0.00417702738196,0.000150162726641,0.00402686465532
0.0198019798845,0.444444447756,0.00835405476391,0.000757910311222,0.00759614445269
0.0297029688954,0.444444447756,0.0125310774893,0.00155813992023,0.010972937569
0.039603959769,0.444444447756,0.0167080871761,0.00255549140275,0.0141525957733
0.0495049506426,0.444444447756,0.0208850726485,0.0037546493113,0.0171304233372
0.0594059377909,0.444444447756,0.0250619966537,0.00516020692885,0.0199017897248
0.0693069323897,0.444444447756,0.0292388293892,0.0067763980478,0.0224624313414
0.079207919538,0.444444447756,0.0334155037999,0.00860743038356,0.0248080734164
0.0891089066863,0.444444447756,0.0375919491053,0.010657183826,0.0269347652793
0.0990099012852,0.444444447756,0.0417680777609,0.0129297710955,0.0288383066654
0.108910888433,0.444444447756,0.0459437556565,0.0154287554324,0.0305150002241
0.118811875582,0.444444447756,0.0501188375056,0.0181575156748,0.0319613218307
0.12871286273,0.444444447756,0.0542931333184,0.02111947909,0.0331736542284
0.138613864779,0.444444447756,0.0584664456546,0.0243177078664,0.0341487377882
0.148514851928,0.444444447756,0.0626384913921,0.0277549102902,0.0348835811019
0.158415839076,0.444444447756,0.0668089836836,0.0314336791635,0.0353753045201
0.168316826224,0.444444447756,0.0709775835276,0.035355810076,0.0356217734516
0.178217813373,0.444444447756,0.0751438811421,0.0395225770772,0.035621304065
0.188118815422,0.444444447756,0.0793074518442,0.0439350903034,0.0353723615408
0.19801980257,0.444444447756,0.0834677666426,0.0485928729177,0.0348748937249
0.207920789719,0.444444447756,0.0876242443919,0.0534944906831,0.0341297537088
0.217821776867,0.444444447756,0.0917762592435,0.0586368665099,0.0331393927336
0.227722764015,0.444444447756,0.0959230512381,0.0640154927969,0.0319075584412
0.237623751163,0.444444447756,0.100063860416,0.0696230456233,0.0304408147931
0.247524753213,0.444444447756,0.104197755456,0.0754500478506,0.0287477076054
0.25742572546,0.444444447756,0.108323760331,0.0814835056663,0.0268402546644
0.267326742411,0.444444447756,0.112440817058,0.0877068266273,0.0247339904308
0.277227729559,0.444444447756,0.116547688842,0.0940994471312,0.0224482417107
0.287128716707,0.444444447756,0.12064307183,0.100635930896,0.0200071409345
0.297029703856,0.444444447756,0.124725520611,0.107286415994,0.0174391046166
0.306930691004,0.444444447756,0.12879344821,0.114016033709,0.0147774145007
0.316831678152,0.444444447756,0.132845133543,0.120784811676,0.0120603218675
0.3267326653,0.444444447756,0.136878728867,0.127548694611,0.00933003425598
0.336633652449,0.444444447756,0.140892133117,0.134259819984,0.00663231313229
0.346534639597,0.444444447756,0.144883185625,0.14086779952,0.00401538610458
0.356435626745,0.444444447756,0.148849442601,0.147320777178,0.00152866542339
0.366336613894,0.444444447756,0.152788296342,0.153567403555,0.00077910721302
0.376237630844,0.444444447756,0.156696930528,0.159558594227,0.00286166369915
0.386138617992,0.444444447756,0.160572290421,0.165249556303,0.00467726588249
0.396039605141,0.444444447756,0.164411023259,0.170601129532,0.0061901062727
0.405940592289,0.444444447756,0.168209642172,0.175581842661,0.00737220048904
0.415841579437,0.444444447756,0.171964287758,0.18016898632,0.00820469856262
0.425742566586,0.444444447756,0.175670862198,0.18434920907,0.00867834687233
0.435643553734,0.444444447756,0.179324895144,0.188118368387,0.00879347324371
0.445544540882,0.444444447756,0.182921633124,0.191481262445,0.0085596293211
0.45544552803,0.444444447756,0.186455979943,0.194450765848,0.00799478590488
0.465346515179,0.444444447756,0.189922511578,0.197045505047,0.00712299346924
0.475247502327,0.444444447756,0.193315297365,0.19928830862,0.00597301125526
0.485148519278,0.444444447756,0.196628153324,0.201203852892,0.00457569956779
0.495049506426,0.444444447756,0.199854359031,0.202816963196,0.00296260416508
0.504950523376,0.444444447756,0.202986821532,0.204149931669,0.00116311013699
0.51485145092,0.444444447756,0.206017926335,0.205221801996,0.000796124339104
0.524752497673,0.444444447756,0.208939656615,0.206047385931,0.00289227068424
0.534653484821,0.444444447756,0.211743459105,0.206636816263,0.00510664284229
0.54455447197,0.444444447756,0.214420184493,0.206995487213,0.00742469727993
0.554455459118,0.444444447756,0.216960296035,0.207125157118,0.00983513891697
0.564356446266,0.444444447756,0.219353631139,0.207024157047,0.0123294740915
0.574257433414,0.444444447756,0.221589446068,0.2066886127,0.0149008333683
0.584158420563,0.444444447756,0.223656505346,0.206113517284,0.0175429880619
0.594059407711,0.444444447756,0.225542902946,0.20529332757,0.0202495753765
0.603960394859,0.444444447756,0.227236300707,0.204222649336,0.023013651371
0.613861382008,0.444444447756,0.228723660111,0.202897191048,0.0258264690638
0.623762369156,0.444444447756,0.229991450906,0.20131316781,0.0286782830954
0.633663415909,0.444444447756,0.231025621295,0.199469327927,0.0315562933683
0.643564343452,0.444444447756,0.231811538339,0.197364389896,0.0344471484423
0.653465390205,0.444444447756,0.232334136963,0.194998949766,0.0373351871967
0.663366317749,0.444444447756,0.232577949762,0.192374438047,0.0402035117149
0.673267364502,0.444444447756,0.232527017593,0.189493060112,0.0430339574814
0.683168292046,0.444444447756,0.232165202498,0.186357408762,0.0458077937365
0.693069338799,0.444444447756,0.231476053596,0.182970285416,0.0485057681799
0.702970266342,0.444444447756,0.230442985892,0.179334878922,0.0511081069708
0.712871313095,0.444444447756,0.229049384594,0.175453990698,0.0535953938961
0.722772240639,0.444444447756,0.227278798819,0.171330899,0.0559478998184
0.732673287392,0.444444447756,0.225114881992,0.166968375444,0.0581465065479
0.74257427454,0.444444447756,0.22254191339,0.162369936705,0.0601719766855
0.752475261688,0.444444447756,0.219544529915,0.157539308071,0.0620052218437
0.762376248837,0.444444447756,0.216108217835,0.152480810881,0.0636274069548
0.772277235985,0.444444447756,0.21221961081,0.147199481726,0.0650201290846
0.782178223133,0.444444447756,0.207866355777,0.141701638699,0.0661647170782
0.792079210281,0.444444447756,0.203037574887,0.135994911194,0.0670426636934
0.80198019743,0.444444447756,0.197724178433,0.13008838892,0.0676357895136
0.811881184578,0.444444447756,0.191919073462,0.123993046582,0.0679260268807
0.821782171726,0.444444447756,0.185617297888,0.117721416056,0.0678958818316
0.831683158875,0.444444447756,0.178816348314,0.11128834635,0.0675280019641
0.841584146023,0.444444447756,0.171516478062,0.1047103405,0.0668061375618
0.851485133171,0.444444447756,0.16372102499,0.0980063974857,0.0657146275043
0.861386120319,0.444444447756,0.155436351895,0.0911970287561,0.0642393231392
0.871287107468,0.444444447756,0.146672129631,0.0843047350645,0.0623673945665
0.881188154221,0.444444447756,0.137441784143,0.0773539990187,0.0600877851248
0.891089081764,0.444444447756,0.127762287855,0.0703712925315,0.0573909953237
0.900990128517,0.444444447756,0.117654025555,0.0633839592338,0.0542700663209
0.910891115665,0.444444447756,0.107141517103,0.0564215406775,0.0507199764252
0.920792102814,0.444444447756,0.0962525308132,0.0495144426823,0.046738088131
0.930693089962,0.444444447756,0.0850187391043,0.0426942408085,0.0423244982958
0.94059407711,0.444444447756,0.0734748989344,0.0359937772155,0.0374811217189
0.950495064259,0.444444447756,0.0616588592529,0.0294464528561,0.0322124063969
0.960396051407,0.444444447756,0.0496115460992,0.0230865702033,0.0265249758959
0.970297038555,0.444444447756,0.037376075983,0.0169492140412,0.0204268619418
0.980198025703,0.444444447756,0.0249976478517,0.0110694132745,0.0139282345772
0.990099012852,0.444444447756,0.0125229386613,0.00548353046179,0.00703940819949
0.00990098994225,0.454545468092,0.00413504801691,-2.32085585594e-06,0.00413736887276
0.0198019798845,0.454545468092,0.00827009603381,0.000465370714664,0.00780472531915
0.0297029688954,0.454545468092,0.0124051393941,0.00112699344754,0.0112781459466
0.039603959769,0.454545468092,0.0165401697159,0.00198797509074,0.0145521946251
0.0495049506426,0.454545468092,0.0206751730293,0.00305342674255,0.0176217462867
0.0594059377909,0.454545468092,0.0248101204634,0.00432853214443,0.0204815883189
0.0693069323897,0.454545468092,0.0289449747652,0.00581790134311,0.0231270734221
0.079207919538,0.454545468092,0.0330796763301,0.00752651691437,0.0255531594157
0.0891089066863,0.454545468092,0.0372141450644,0.00945888273418,0.0277552623302
0.0990099012852,0.454545468092,0.0413483045995,0.0116195380688,0.0297287665308
0.108910888433,0.454545468092,0.0454820170999,0.0140128396451,0.0314691774547
0.118811875582,0.454545468092,0.0496151335537,0.0166428498924,0.0329722836614
0.12871286273,0.454545468092,0.0537474825978,0.0195135883987,0.0342338941991
0.138613864779,0.454545468092,0.0578788481653,0.0226292423904,0.0352496057749
0.148514851928,0.454545468092,0.0620089620352,0.025992795825,0.0360161662102
0.158415839076,0.454545468092,0.0661375448108,0.0296080224216,0.0365295223892
0.168316826224,0.454545468092,0.0702642500401,0.0334773510695,0.0367868989706
0.178217813373,0.454545468092,0.0743886753917,0.0376033522189,0.0367853231728
0.188118815422,0.454545468092,0.0785104036331,0.0419874042273,0.0365229994059
0.19801980257,0.454545468092,0.0826289057732,0.046630397439,0.0359985083342
0.207920789719,0.454545468092,0.0867436081171,0.0515315160155,0.0352120921016
0.217821776867,0.454545468092,0.0908538997173,0.056688837707,0.0341650620103
0.227722764015,0.454545468092,0.094959013164,0.0620984137058,0.0328605994582
0.237623751163,0.454545468092,0.0990581959486,0.0677537694573,0.0313044264913
0.247524753213,0.454545468092,0.103150546551,0.0736459568143,0.0295045897365
0.25742572546,0.454545468092,0.107235096395,0.0797625258565,0.0274725705385
0.267326742411,0.454545468092,0.111310765147,0.0860869064927,0.0252238586545
0.277227729559,0.454545468092,0.115376368165,0.092598259449,0.022778108716
0.287128716707,0.454545468092,0.119430594146,0.0992707535625,0.0201598405838
0.297029703856,0.454545468092,0.123472005129,0.106073647738,0.0173983573914
0.306930691004,0.454545468092,0.127499058843,0.112970136106,0.0145289227366
0.316831678152,0.454545468092,0.131510019302,0.119918622077,0.0115913972259
0.3267326653,0.454545468092,0.135503083467,0.126872032881,0.0086310505867
0.336633652449,0.454545468092,0.139476150274,0.133779346943,0.00569680333138
0.346534639597,0.454545468092,0.143427088857,0.140586405993,0.00284068286419
0.356435626745,0.454545468092,0.147353470325,0.147236853838,0.000116616487503
0.366336613894,0.454545468092,0.151252761483,0.153674989939,0.00242222845554
0.376237630844,0.454545468092,0.155122101307,0.159846633673,0.0047245323658
0.386138617992,0.454545468092,0.158958509564,0.165702074766,0.00674356520176
0.396039605141,0.454545468092,0.162758678198,0.17119756341,0.00843888521194
0.405940592289,0.454545468092,0.166519120336,0.176297187805,0.0097780674696
0.415841579437,0.454545468092,0.17023602128,0.180974125862,0.0107381045818
0.425742566586,0.454545468092,0.173905342817,0.185211956501,0.0113066136837
0.435643553734,0.454545468092,0.177522644401,0.189004182816,0.011481538415
0.445544540882,0.454545468092,0.181083247066,0.192354053259,0.0112708061934
0.45544552803,0.454545468092,0.184582084417,0.195273816586,0.0106917321682
0.465346515179,0.454545468092,0.188013762236,0.197782546282,0.00976878404617
0.475247502327,0.454545468092,0.191372454166,0.199904710054,0.00853225588799
0.485148519278,0.454545468092,0.19465200603,0.20166733861,0.00701533257961
0.495049506426,0.454545468092,0.197845801711,0.203097760677,0.00525195896626
0.504950523376,0.454545468092,0.200946778059,0.204222172499,0.0032753944397
0.51485145092,0.454545468092,0.203947409987,0.20506337285,0.00111596286297
0.524752497673,0.454545468092,0.206839799881,0.205640137196,0.00119966268539
0.534653484821,0.454545468092,0.209615394473,0.205966442823,0.00364895164967
0.54455447197,0.454545468092,0.212265238166,0.206051439047,0.006213799119
0.554455459118,0.454545468092,0.214779809117,0.205900341272,0.00887946784496
0.564356446266,0.454545468092,0.217149093747,0.20551481843,0.0116342753172
0.574257433414,0.454545468092,0.219362437725,0.204894036055,0.0144684016705
0.584158420563,0.454545468092,0.221408724785,0.204035490751,0.0173732340336
0.594059407711,0.454545468092,0.223276183009,0.20293623209,0.0203399509192
0.603960394859,0.454545468092,0.224952548742,0.201593250036,0.0233592987061
0.613861382008,0.454545468092,0.226424977183,0.200004220009,0.0264207571745
0.623762369156,0.454545468092,0.227680012584,0.198167741299,0.0295122712851
0.633663415909,0.454545468092,0.228703781962,0.196083456278,0.0326203256845
0.643564343452,0.454545468092,0.229481816292,0.193752527237,0.0357292890549
0.653465390205,0.454545468092,0.229999169707,0.19117641449,0.0388227552176
0.663366317749,0.454545468092,0.230240508914,0.188358038664,0.0418824702501
0.673267364502,0.454545468092,0.230190098286,0.18530061841,0.0448894798756
0.683168292046,0.454545468092,0.229831933975,0.182007342577,0.0478245913982
0.693069338799,0.454545468092,0.229149669409,0.178481906652,0.0506677627563
0.702970266342,0.454545468092,0.228126987815,0.174727916718,0.0533990710974
0.712871313095,0.454545468092,0.22674742341,0.170748472214,0.0559989511967
0.722772240639,0.454545468092,0.224994599819,0.166547119617,0.0584474802017
0.732673287392,0.454545468092,0.222852453589,0.162126839161,0.0607256144285
0.74257427454,0.454545468092,0.220305338502,0.157491028309,0.0628143101931
0.752475261688,0.454545468092,0.217338070273,0.152643412352,0.0646946579218
0.762376248837,0.454545468092,0.213936313987,0.147587954998,0.0663483589888
0.772277235985,0.454545468092,0.210086762905,0.142329663038,0.0677570998669
0.782178223133,0.454545468092,0.205777272582,0.136874526739,0.0689027458429
0.792079210281,0.454545468092,0.200997024775,0.131229966879,0.0697670578957
0.80198019743,0.454545468092,0.195737034082,0.125404387712,0.0703326463699
0.811881184578,0.454545468092,0.189990267158,0.119408495724,0.0705817714334
0.821782171726,0.454545468092,0.183751806617,0.113254345953,0.0704974606633
0.831683158875,0.454545468092,0.177019223571,0.106956228614,0.070062994957
0.841584146023,0.454545468092,0.169792726636,0.10053011775,0.0692626088858
0.851485133171,0.454545468092,0.162075594068,0.0939942598343,0.0680813342333
0.861386120319,0.454545468092,0.153874188662,0.0873685777187,0.0665056109428
0.871287107468,0.454545468092,0.145198047161,0.0806750506163,0.0645229965448
0.881188154221,0.454545468092,0.136060461402,0.0739375203848,0.0621229410172
0.891089081764,0.454545468092,0.126478254795,0.0671814531088,0.0592968016863
0.900990128517,0.454545468092,0.116471588612,0.0604337006807,0.0560378879309
0.910891115665,0.454545468092,0.106064721942,0.0537229701877,0.0523417517543
0.920792102814,0.454545468092,0.0952851772308,0.0470787733793,0.0482064038515
0.930693089962,0.454545468092,0.0841642916203,0.0405320264399,0.0436322651803
0.94059407711,0.454545468092,0.0727364644408,0.0341147519648,0.038621712476
0.950495064259,0.454545468092,0.0610391795635,0.0278593823314,0.0331797972322
0.960396051407,0.454545468092,0.0491129457951,0.0217996016145,0.0273133441806
0.970297038555,0.454545468092,0.0370004400611,0.0159695148468,0.0210309252143
0.980198025703,0.454545468092,0.0247464179993,0.0104035902768,0.0143428277224
0.990099012852,0.454545468092,0.0123970815912,0.00513695925474,0.00726012233645
0.00990098994225,0.464646458626,0.00409349007532,-0.00015420652926,0.00424769660458
0.0198019798845,0.464646458626,0.00818698015064,0.000173332169652,0.00801364798099
0.0297029688954,0.464646458626,0.0122804651037,0.000696687027812,0.0115837780759
0.039603959769,0.464646458626,0.0163739379495,0.00142131559551,0.014952622354
0.0495049506426,0.464646458626,0.020467383787,0.00235295295715,0.0181144308299
0.0594059377909,0.464646458626,0.0245607737452,0.00349733233452,0.0210634414107
0.0693069323897,0.464646458626,0.0286540724337,0.0048596970737,0.02379437536
0.079207919538,0.464646458626,0.0327472165227,0.00644538365304,0.0263018328696
0.0891089066863,0.464646458626,0.0368401408195,0.00825983099639,0.0285803098232
0.0990099012852,0.464646458626,0.0409327447414,0.0103080216795,0.0306247230619
0.108910888433,0.464646458626,0.0450249165297,0.0125950202346,0.0324298962951
0.118811875582,0.464646458626,0.0491164959967,0.0151256583631,0.0339908376336
0.12871286273,0.464646458626,0.053207308054,0.0179048106074,0.0353024974465
0.138613864779,0.464646458626,0.057297155261,0.0209371782839,0.0363599769771
0.148514851928,0.464646458626,0.0613857656717,0.0242267809808,0.0371589846909
0.158415839076,0.464646458626,0.065472856164,0.0277781225741,0.0376947335899
0.168316826224,0.464646458626,0.0695580840111,0.0315946191549,0.0379634648561
0.178217813373,0.464646458626,0.0736410543323,0.0356798097491,0.0379612445831
0.188118815422,0.464646458626,0.0777213573456,0.0400359146297,0.0376854427159
0.19801980257,0.464646458626,0.0817984715104,0.0446647256613,0.0371337458491
0.207920789719,0.464646458626,0.0858718156815,0.049566693604,0.0363051220775
0.217821776867,0.464646458626,0.0899407938123,0.0547406002879,0.0352001935244
0.227722764015,0.464646458626,0.0940046533942,0.0601833835244,0.0338212698698
0.237623751163,0.464646458626,0.0980626419187,0.0658894404769,0.0321732014418
0.247524753213,0.464646458626,0.102113865316,0.0718506500125,0.0302632153034
0.25742572546,0.464646458626,0.106157362461,0.0780547261238,0.0281026363373
0.267326742411,0.464646458626,0.110192082822,0.0844855234027,0.0257065594196
0.277227729559,0.464646458626,0.114216819406,0.0911222249269,0.0230945944786
0.287128716707,0.464646458626,0.118230298162,0.0979385599494,0.0202917382121
0.297029703856,0.464646458626,0.122231088579,0.104902558029,0.01732853055
0.306930691004,0.464646458626,0.126217663288,0.111976347864,0.0142413154244
0.316831678152,0.464646458626,0.130188331008,0.11911585182,0.0110724791884
0.3267326653,0.464646458626,0.134141251445,0.126271694899,0.00786955654621
0.336633652449,0.464646458626,0.138074398041,0.133389264345,0.0046851336956
0.346534639597,0.464646458626,0.141985625029,0.14041057229,0.00157505273819
0.356435626745,0.464646458626,0.145872548223,0.147274971008,0.00140242278576
0.366336613894,0.464646458626,0.149732649326,0.153921753168,0.00418910384178
0.376237630844,0.464646458626,0.15356311202,0.160291790962,0.00672867894173
0.386138617992,0.464646458626,0.157360941172,0.16633015871,0.00896921753883
0.396039605141,0.464646458626,0.161122918129,0.171987861395,0.0108649432659
0.405940592289,0.464646458626,0.164845570922,0.177224457264,0.012378886342
0.415841579437,0.464646458626,0.168525114655,0.182008713484,0.0134835988283
0.425742566586,0.464646458626,0.172157555819,0.186320364475,0.0141628086567
0.435643553734,0.464646458626,0.17573851347,0.190150231123,0.0144117176533
0.445544540882,0.464646458626,0.179263338447,0.193499743938,0.0142364054918
0.45544552803,0.464646458626,0.182726994157,0.196380078793,0.0136530846357
0.465346515179,0.464646458626,0.186124190688,0.19881054759,0.0126863569021
0.475247502327,0.464646458626,0.189449116588,0.200816661119,0.0113675445318
0.485148519278,0.464646458626,0.192695721984,0.202427387238,0.00973166525364
0.495049506426,0.464646458626,0.195857405663,0.203673303127,0.00781589746475
0.504950523376,0.464646458626,0.198927223682,0.204584032297,0.00565680861473
0.51485145092,0.464646458626,0.201897695661,0.205186277628,0.00328858196735
0.524752497673,0.464646458626,0.204761013389,0.205503225327,0.000742211937904
0.534653484821,0.464646458626,0.207508727908,0.205552965403,0.00195576250553
0.54455447197,0.464646458626,0.210131928325,0.205349028111,0.0047829002142
0.554455459118,0.464646458626,0.212621256709,0.204900532961,0.00772072374821
0.564356446266,0.464646458626,0.214966714382,0.20421269536,0.010754019022
0.574257433414,0.464646458626,0.217157796025,0.203288376331,0.0138694196939
0.584158420563,0.464646458626,0.219183519483,0.202128142118,0.0170553773642
0.594059407711,0.464646458626,0.221032217145,0.200731873512,0.0203003436327
0.603960394859,0.464646458626,0.222691729665,0.199099183083,0.0235925465822
0.613861382008,0.464646458626,0.224149361253,0.197230160236,0.0269192010164
0.623762369156,0.464646458626,0.225391790271,0.195125430822,0.0302663594484
0.633663415909,0.464646458626,0.226405277848,0.192786633968,0.0336186438799
0.643564343452,0.464646458626,0.227175489068,0.190216362476,0.0369591265917
0.653465390205,0.464646458626,0.227687627077,0.187417984009,0.0402696430683
0.663366317749,0.464646458626,0.227926552296,0.184395194054,0.043531358242
0.673267364502,0.464646458626,0.227876648307,0.181152164936,0.0467244833708
0.683168292046,0.464646458626,0.227522075176,0.177693217993,0.0498288571835
0.693069338799,0.464646458626,0.226846694946,0.17402240634,0.0528242886066
0.702970266342,0.464646458626,0.225834280252,0.170143842697,0.0556904375553
0.712871313095,0.464646458626,0.224468559027,0.166061103344,0.0584074556828
0.722772240639,0.464646458626,0.22273337841,0.161777287722,0.0609560906887
0.732673287392,0.464646458626,0.220612734556,0.157295912504,0.063316822052
0.74257427454,0.464646458626,0.218091219664,0.15262016654,0.0654710531235
0.752475261688,0.464646458626,0.215153798461,0.147753417492,0.067400380969
0.762376248837,0.464646458626,0.211786210537,0.142699658871,0.0690865516663
0.772277235985,0.464646458626,0.207975372672,0.137463539839,0.0705118328333
0.782178223133,0.464646458626,0.203709170222,0.13205063343,0.0716585367918
0.792079210281,0.464646458626,0.198976963758,0.126467764378,0.0725091993809
0.80198019743,0.464646458626,0.193769857287,0.120723299682,0.0730465576053
0.811881184578,0.464646458626,0.188080832362,0.114827133715,0.073253698647
0.821782171726,0.464646458626,0.181905075908,0.108790911734,0.0731141641736
0.831683158875,0.464646458626,0.175240144134,0.102628089488,0.072612054646
0.841584146023,0.464646458626,0.168086275458,0.0963545367122,0.0717317387462
0.851485133171,0.464646458626,0.160446718335,0.0899873077869,0.0704594105482
0.861386120319,0.464646458626,0.152327731252,0.08354601264,0.0687817186117
0.871287107468,0.464646458626,0.143738776445,0.0770518183708,0.0666869580746
0.881188154221,0.464646458626,0.134693041444,0.0705278068781,0.0641652345657
0.891089081764,0.464646458626,0.125207126141,0.063998632133,0.0612084940076
0.900990128517,0.464646458626,0.115301027894,0.0574906021357,0.0578104257584
0.910891115665,0.464646458626,0.104998759925,0.0510314330459,0.0539673268795
0.920792102814,0.464646458626,0.0943275466561,0.0446500703692,0.0496774762869
0.930693089962,0.464646458626,0.0833184197545,0.0383765734732,0.0449418462813
0.94059407711,0.464646458626,0.0720054507256,0.0322418734431,0.0397635772824
0.950495064259,0.464646458626,0.0604257248342,0.0262780077755,0.0341477170587
0.960396051407,0.464646458626,0.0486193522811,0.0205175839365,0.0281017683446
0.970297038555,0.464646458626,0.0366285815835,0.014993943274,0.0216346383095
0.980198025703,0.464646458626,0.024497712031,0.00974078476429,0.0147569272667
0.990099012852,0.464646458626,0.0122724883258,0.00479243136942,0.00748005695641
0.00990098994225,0.474747478962,0.00405234983191,-0.000305524095893,0.0043578739278
0.0198019798845,0.474747478962,0.0081046987325,-0.000117594376206,0.0082222931087
0.0297029688954,0.474747478962,0.0121570434421,0.000267585739493,0.0118894577026
0.039603959769,0.474747478962,0.0162093751132,0.000855922698975,0.0153534524143
0.0495049506426,0.474747478962,0.02026168257,0.00165378861129,0.0186078939587
0.0594059377909,0.474747478962,0.0243139322847,0.00266727432609,0.0216466579586
0.0693069323897,0.474747478962,0.0283660944551,0.00390230119228,0.0244637932628
0.079207919538,0.474747478962,0.032418102026,0.00536492094398,0.027053181082
0.0891089066863,0.474747478962,0.0364698842168,0.00706090964377,0.029408974573
0.0990099012852,0.474747478962,0.0405213646591,0.00899624451995,0.0315251201391
0.108910888433,0.474747478962,0.0445724055171,0.0111764427274,0.033395960927
0.118811875582,0.474747478962,0.0486228652298,0.0136071927845,0.0350156724453
0.12871286273,0.474747478962,0.0526725649834,0.016294170171,0.0363783948123
0.138613864779,0.474747478962,0.0567213073373,0.0192427821457,0.0374785251915
0.148514851928,0.474747478962,0.0607688203454,0.0224581547081,0.0383106656373
0.158415839076,0.474747478962,0.0648148357868,0.0259453877807,0.0388694480062
0.168316826224,0.474747478962,0.0688590034842,0.0297091454268,0.0391498580575
0.178217813373,0.474747478962,0.0729009509087,0.0337535142899,0.0391474366188
0.188118815422,0.474747478962,0.0769402384758,0.0380822196603,0.0388580188155
0.19801980257,0.474747478962,0.0809763744473,0.042697828263,0.0382785461843
0.207920789719,0.474747478962,0.0850087925792,0.0476016774774,0.0374071151018
0.217821776867,0.474747478962,0.0890368744731,0.0527938902378,0.0362429842353
0.227722764015,0.474747478962,0.0930598825216,0.0582721978426,0.034787684679
0.237623751163,0.474747478962,0.0970770940185,0.0640319138765,0.0330451801419
0.247524753213,0.474747478962,0.101087599993,0.0700657442212,0.0310218557715
0.25742572546,0.474747478962,0.105090461671,0.0763618722558,0.0287285894156
0.267326742411,0.474747478962,0.109084621072,0.0829046368599,0.0261799842119
0.277227729559,0.474747478962,0.113068915904,0.0896731540561,0.0233957618475
0.287128716707,0.474747478962,0.117042057216,0.0966410040855,0.0204010531306
0.297029703856,0.474747478962,0.1210026443,0.103775031865,0.0172276124358
0.306930691004,0.474747478962,0.124949164689,0.111036039889,0.0139131247997
0.316831678152,0.474747478962,0.128879904747,0.118378184736,0.0105017200112
0.3267326653,0.474747478962,0.132793113589,0.125749081373,0.00704403221607
0.336633652449,0.474747478962,0.136686712503,0.133091121912,0.00359559059143
0.346534639597,0.474747478962,0.140558645129,0.14034190774,0.000216737389565
0.356435626745,0.474747478962,0.144406497478,0.147436589003,0.00303009152412
0.366336613894,0.474747478962,0.148227795959,0.154309272766,0.00608147680759
0.376237630844,0.474747478962,0.152019754052,0.160895854235,0.00887610018253
0.386138617992,0.474747478962,0.155779436231,0.167135506868,0.0113560706377
0.396039605141,0.474747478962,0.159503594041,0.172974467278,0.0134708732367
0.405940592289,0.474747478962,0.163188830018,0.178366392851,0.0151775628328
0.415841579437,0.474747478962,0.166831418872,0.183275967836,0.0164445489645
0.425742566586,0.474747478962,0.170427337289,0.18767863512,0.0172512978315
0.435643553734,0.474747478962,0.173972308636,0.19156190753,0.0175895988941
0.445544540882,0.474747478962,0.177461698651,0.194925010204,0.017463311553
0.45544552803,0.474747478962,0.180890545249,0.197777479887,0.016886934638
0.465346515179,0.474747478962,0.18425360322,0.200138509274,0.0158849060535
0.475247502327,0.474747478962,0.187545120716,0.202034324408,0.0144892036915
0.485148519278,0.474747478962,0.190759092569,0.203495949507,0.0127368569374
0.495049506426,0.474747478962,0.193889006972,0.204556405544,0.010667398572
0.504950523376,0.474747478962,0.196927964687,0.205249160528,0.00832119584084
0.51485145092,0.474747478962,0.19986858964,0.20560503006,0.00573644042015
0.524752497673,0.474747478962,0.202703133225,0.205651551485,0.00294841825962
0.534653484821,0.474747478962,0.205423220992,0.205411553383,1.16676092148e-05
0.54455447197,0.474747478962,0.208020061255,0.204903423786,0.00311663746834
0.554455459118,0.474747478962,0.210484355688,0.204140394926,0.00634396076202
0.564356446266,0.474747478962,0.212806254625,0.203132420778,0.00967383384705
0.574257433414,0.474747478962,0.214975327253,0.201885730028,0.0130895972252
0.584158420563,0.474747478962,0.216980695724,0.200404822826,0.0165758728981
0.594059407711,0.474747478962,0.218810781837,0.198692709208,0.020118072629
0.603960394859,0.474747478962,0.220453634858,0.19675219059,0.0237014442682
0.613861382008,0.474747478962,0.221896603703,0.194585800171,0.0273108035326
0.623762369156,0.474747478962,0.223126545548,0.192196547985,0.0309299975634
0.633663415909,0.474747478962,0.224129855633,0.189588099718,0.0345417559147
0.643564343452,0.474747478962,0.224892318249,0.186764895916,0.0381274223328
0.653465390205,0.474747478962,0.225399315357,0.183731555939,0.0416677594185
0.663366317749,0.474747478962,0.225635841489,0.180493116379,0.0451427251101
0.673267364502,0.474747478962,0.225586429238,0.177054822445,0.0485316067934
0.683168292046,0.474747478962,0.225235417485,0.17342159152,0.0518138259649
0.693069338799,0.474747478962,0.224566832185,0.169598013163,0.0549688190222
0.702970266342,0.474747478962,0.223564594984,0.165588438511,0.0579761564732
0.712871313095,0.474747478962,0.222212612629,0.161396712065,0.0608159005642
0.722772240639,0.474747478962,0.22049485147,0.157026290894,0.0634685605764
0.732673287392,0.474747478962,0.218395546079,0.152480185032,0.0659153610468
0.74257427454,0.474747478962,0.21589936316,0.147761434317,0.0681379288435
0.752475261688,0.474747478962,0.212991461158,0.14287352562,0.0701179355383
0.762376248837,0.474747478962,0.209657728672,0.137819737196,0.0718379914761
0.772277235985,0.474747478962,0.20588517189,0.132604598999,0.0732805728912
0.782178223133,0.474747478962,0.201661840081,0.127233088017,0.0744287520647
0.792079210281,0.474747478962,0.196977213025,0.121711708605,0.0752655044198
0.80198019743,0.474747478962,0.19182240963,0.116048164666,0.0757742449641
0.811881184578,0.474747478962,0.186190575361,0.110251776874,0.0759387984872
0.821782171726,0.474747478962,0.180076897144,0.104333542287,0.075743354857
0.831683158875,0.474747478962,0.17347894609,0.0983067601919,0.0751721858978
0.841584146023,0.474747478962,0.166396975517,0.0921858251095,0.0742111504078
0.851485133171,0.474747478962,0.158834204078,0.0859877541661,0.0728464499116
0.861386120319,0.474747478962,0.150796800852,0.079731144011,0.0710656568408
0.871287107468,0.474747478962,0.142294183373,0.073436550796,0.0688576325774
0.881188154221,0.474747478962,0.133339345455,0.0671262815595,0.0662130638957
0.891089081764,0.474747478962,0.123948775232,0.0608242601156,0.0631245151162
0.900990128517,0.474747478962,0.114142231643,0.054555952549,0.0595862790942
0.910891115665,0.474747478962,0.103943496943,0.0483482629061,0.0555952340364
0.920792102814,0.474747478962,0.093379534781,0.0422295182943,0.0511500164866
0.930693089962,0.474747478962,0.0824810564518,0.0362286269665,0.0462524294853
0.94059407711,0.474747478962,0.0712817832828,0.0303762368858,0.040905546397
0.950495064259,0.474747478962,0.059818431735,0.0247031114995,0.0351153202355
0.960396051407,0.474747478962,0.0481307171285,0.0192413181067,0.0288893990219
0.970297038555,0.474747478962,0.0362604521215,0.0140231885016,0.0222372636199
0.980198025703,0.474747478962,0.0242515057325,0.00908178836107,0.0151697173715
0.990099012852,0.474747478962,0.0121491476893,0.00445045158267,0.00769869610667
0.00990098994225,0.484848499298,0.00401162263006,-0.000455813482404,0.00446743611246
0.0198019798845,0.484848499298,0.00802324526012,-0.000407102517784,0.0084303477779
0.0297029688954,0.484848499298,0.0120348632336,-0.000159842893481,0.012194706127
0.039603959769,0.484848499298,0.0160464700311,0.000292379409075,0.0157540906221
0.0495049506426,0.484848499298,0.0200580507517,0.000956449657679,0.019101601094
0.0594059377909,0.484848499298,0.0240695755929,0.00183894298971,0.0222306326032
0.0693069323897,0.484848499298,0.0280810110271,0.00294660776854,0.0251344032586
0.079207919538,0.484848499298,0.0320922955871,0.00428581796587,0.0278064776212
0.0891089066863,0.484848499298,0.0361033603549,0.00586311332881,0.0302402470261
0.0990099012852,0.484848499298,0.0401141159236,0.00768511928618,0.0324289947748
0.108910888433,0.484848499298,0.044124443084,0.00975829176605,0.0343661531806
0.118811875582,0.484848499298,0.0481341965497,0.0120887365192,0.0360454618931
0.12871286273,0.484848499298,0.052143201232,0.0146831590682,0.0374600440264
0.138613864779,0.484848499298,0.0561512522399,0.017547737807,0.0386035144329
0.148514851928,0.484848499298,0.0601580888033,0.0206885002553,0.0394695885479
0.158415839076,0.484848499298,0.0641634315252,0.0241115801036,0.0400518514216
0.168316826224,0.484848499298,0.0681669637561,0.0278225280344,0.0403444357216
0.178217813373,0.484848499298,0.0721682831645,0.0318265929818,0.0403416901827
0.188118815422,0.484848499298,0.0761669799685,0.0361283160746,0.0400386638939
0.19801980257,0.484848499298,0.0801625475287,0.0407313853502,0.0394311621785
0.207920789719,0.484848499298,0.0841544345021,0.0456386171281,0.038515817374
0.217821776867,0.484848499298,0.0881420373917,0.0508507862687,0.037291251123
0.227722764015,0.484848499298,0.0921246260405,0.05636690557,0.0357577204704
0.237623751163,0.484848499298,0.0961014553905,0.0621833577752,0.0339180976152
0.247524753213,0.484848499298,0.100071661174,0.0682934299111,0.0317782312632
0.25742572546,0.484848499298,0.104034282267,0.0746861621737,0.0293481200933
0.267326742411,0.484848499298,0.10798830539,0.081346437335,0.0266418680549
0.277227729559,0.484848499298,0.111932553351,0.0882533863187,0.0236791670322
0.287128716707,0.484848499298,0.115865767002,0.09538012743,0.0204856395721
0.297029703856,0.484848499298,0.119786545634,0.102693006396,0.017093539238
0.306930691004,0.484848499298,0.123693399131,0.110151417553,0.0135419815779
0.316831678152,0.484848499298,0.127584636211,0.117707230151,0.0098774060607
0.3267326653,0.484848499298,0.131458520889,0.125306010246,0.00615251064301
0.336633652449,0.484848499298,0.135312989354,0.132886230946,0.00242675840855
0.346534639597,0.484848499298,0.139146000147,0.140381783247,0.00123578310013
0.356435626745,0.484848499298,0.142955198884,0.147723048925,0.00476785004139
0.366336613894,0.484848499298,0.14673808217,0.154838949442,0.00810086727142
0.376237630844,0.484848499298,0.150491937995,0.161660015583,0.0111680775881
0.386138617992,0.484848499298,0.154213830829,0.168119847775,0.0139060169458
0.396039605141,0.484848499298,0.157900556922,0.174158483744,0.0162579268217
0.405940592289,0.484848499298,0.161548763514,0.179725021124,0.0181762576103
0.415841579437,0.484848499298,0.165154725313,0.184778422117,0.019623696804
0.425742566586,0.484848499298,0.168714523315,0.18928989768,0.0205753743649
0.435643553734,0.484848499298,0.172223865986,0.193243086338,0.0210192203522
0.445544540882,0.484848499298,0.175678178668,0.196634531021,0.0209563523531
0.45544552803,0.484848499298,0.179072573781,0.199472129345,0.0203995555639
0.465346515179,0.484848499298,0.182401835918,0.201774090528,0.0193722546101
0.475247502327,0.484848499298,0.185660272837,0.203566879034,0.0179066061974
0.485148519278,0.484848499298,0.188841938972,0.204883277416,0.0160413384438
0.495049506426,0.484848499298,0.191940382123,0.20575889945,0.0138185173273
0.504950523376,0.484848499298,0.194948807359,0.206230551004,0.0112817436457
0.51485145092,0.484848499298,0.197859883308,0.206333458424,0.0084735751152
0.524752497673,0.484848499298,0.200665935874,0.206099778414,0.00543384253979
0.534653484821,0.484848499298,0.203358694911,0.205557495356,0.0021988004446
0.54455447197,0.484848499298,0.205929428339,0.204729706049,0.00119972229004
0.554455459118,0.484848499298,0.208368957043,0.203635364771,0.0047335922718
0.564356446266,0.484848499298,0.210667520761,0.202288538218,0.00837898254395
0.574257433414,0.484848499298,0.212814792991,0.200700312853,0.0121144801378
0.584158420563,0.484848499298,0.21479998529,0.19887933135,0.0159206539392
0.594059407711,0.484848499298,0.216611713171,0.196831971407,0.0197797417641
0.603960394859,0.484848499298,0.218238055706,0.19456461072,0.0236734449863
0.613861382008,0.484848499298,0.21966651082,0.192082792521,0.0275837182999
0.623762369156,0.484848499298,0.220884099603,0.189391940832,0.0314921587706
0.633663415909,0.484848499298,0.221877321601,0.186498016119,0.0353793054819
0.643564343452,0.484848499298,0.222632110119,0.183407336473,0.0392247736454
0.653465390205,0.484848499298,0.223134025931,0.180125951767,0.0430080741644
0.663366317749,0.484848499298,0.223368167877,0.176660090685,0.0467080771923
0.673267364502,0.484848499298,0.223319247365,0.173016041517,0.0503032058477
0.683168292046,0.484848499298,0.222971767187,0.169199287891,0.0537724792957
0.693069338799,0.484848499298,0.22230990231,0.165214955807,0.0570949465036
0.702970266342,0.484848499298,0.221317738295,0.161067694426,0.060250043869
0.712871313095,0.484848499298,0.219979330897,0.156761258841,0.0632180720568
0.722772240639,0.484848499298,0.218278840184,0.152299135923,0.0659797042608
0.732673287392,0.484848499298,0.216200634837,0.147684246302,0.0685163885355
0.74257427454,0.484848499298,0.213729545474,0.142919540405,0.0708100050688
0.752475261688,0.484848499298,0.210850849748,0.138007700443,0.0728431493044
0.762376248837,0.484848499298,0.207550629973,0.132952153683,0.0745984762907
0.772277235985,0.484848499298,0.203815981746,0.127756506205,0.0760594755411
0.782178223133,0.484848499298,0.199635118246,0.122425548732,0.0772095695138
0.792079210281,0.484848499298,0.194997549057,0.116964928806,0.0780326202512
0.80198019743,0.484848499298,0.1898945719,0.11138189584,0.0785126760602
0.811881184578,0.484848499298,0.184319332242,0.105685204268,0.0786341279745
0.821782171726,0.484848499298,0.178267091513,0.099885173142,0.0783819183707
0.831683158875,0.484848499298,0.171735450625,0.0939942672849,0.0777411833405
0.841584146023,0.484848499298,0.1647246629,0.0880264118314,0.0766982510686
0.851485133171,0.484848499298,0.157237887383,0.0819976851344,0.0752402022481
0.861386120319,0.484848499298,0.149281278253,0.0759260356426,0.07335524261
0.871287107468,0.484848499298,0.140864089131,0.069831199944,0.0710328891873
0.881188154221,0.484848499298,0.131999269128,0.0637349188328,0.0682643502951
0.891089081764,0.484848499298,0.122703060508,0.0576599836349,0.0650430768728
0.900990128517,0.484848499298,0.1129950881,0.0516311749816,0.0613639131188
0.910891115665,0.484848499298,0.102898851037,0.045674931258,0.0572239197791
0.920792102814,0.484848499298,0.092441059649,0.0398182794452,0.0526227802038
0.930693089962,0.484848499298,0.0816521123052,0.0340897329152,0.04756237939
0.94059407711,0.484848499298,0.0705653876066,0.0285187400877,0.0420466475189
0.950495064259,0.484848499298,0.059217248112,0.0231356285512,0.0360816195607
0.960396051407,0.484848499298,0.0476469956338,0.0179713629186,0.0296756327152
0.970297038555,0.484848499298,0.0358960330486,0.01305767335,0.0228383596987
0.980198025703,0.484848499298,0.0240077730268,0.00842688791454,0.0155808851123
0.990099012852,0.484848499298,0.0120270466432,0.00411132909358,0.00791571754962
0.00990098994225,0.494949489832,0.00397130521014,-0.000605107285082,0.00457641249523
0.0198019798845,0.494949489832,0.00794261042029,-0.000694966875017,0.0086375772953
0.0297029688954,0.494949489832,0.0119139114395,-0.000585262663662,0.0124991741031
0.039603959769,0.494949489832,0.0158852003515,-0.000268841162324,0.0161540415138
0.0495049506426,0.494949489832,0.0198564622551,0.000261472538114,0.019594989717
0.0594059377909,0.494949489832,0.0238276701421,0.00101324357092,0.0228144265711
0.0693069323897,0.494949489832,0.0277987904847,0.00199333578348,0.0258054547012
0.079207919538,0.494949489832,0.031769759953,0.00320896692574,0.0285607930273
0.0891089066863,0.494949489832,0.0357405133545,0.00466751307249,0.031073000282
0.0990099012852,0.494949489832,0.0397109612823,0.00637590140104,0.0333350598812
0.108910888433,0.494949489832,0.0436809845269,0.00834159180522,0.0353393927217
0.118811875582,0.494949489832,0.0476504378021,0.0105715524405,0.0370788872242
0.12871286273,0.494949489832,0.0516191497445,0.0130731016397,0.0385460481048
0.138613864779,0.494949489832,0.0555869191885,0.0158534571528,0.0397334620357
0.148514851928,0.494949489832,0.0595534816384,0.0189195424318,0.0406339392066
0.158415839076,0.494949489832,0.0635185837746,0.0222783386707,0.0412402451038
0.168316826224,0.494949489832,0.0674818754196,0.0259366631508,0.0415452122688
0.178217813373,0.494949489832,0.071442976594,0.0299005806446,0.0415423959494
0.188118815422,0.494949489832,0.0754014849663,0.0341759882867,0.0412254966795
0.19801980257,0.494949489832,0.0793569087982,0.0387676768005,0.0405892319977
0.207920789719,0.494949489832,0.0833086743951,0.0436794944108,0.0396291799843
0.217821776867,0.494949489832,0.087256193161,0.0489135459065,0.0383426472545
0.227722764015,0.494949489832,0.0911987572908,0.0544698536396,0.0367289036512
0.237623751163,0.494949489832,0.0951356291771,0.0603460446,0.0347895845771
0.247524753213,0.494949489832,0.0990659147501,0.066536128521,0.0325297862291
0.25742572546,0.494949489832,0.10298871994,0.0730301886797,0.0299585312605
0.267326742411,0.494949489832,0.106902994215,0.079813465476,0.0270895287395
0.277227729559,0.494949489832,0.110807605088,0.0868652239442,0.0239423811436
0.287128716707,0.494949489832,0.114701300859,0.0941585153341,0.0205427855253
0.297029703856,0.494949489832,0.118582673371,0.101658940315,0.0169237330556
0.306930691004,0.494949489832,0.122450254858,0.109324626625,0.013125628233
0.316831678152,0.494949489832,0.126302391291,0.117105640471,0.00919675081968
0.3267326653,0.494949489832,0.130137339234,0.124944515526,0.00519282370806
0.336633652449,0.494949489832,0.133953079581,0.132776737213,0.00117634236813
0.346534639597,0.494949489832,0.137747555971,0.14053183794,0.00278428196907
0.356435626745,0.494949489832,0.141518458724,0.148135751486,0.0066172927618
0.366336613894,0.494949489832,0.145263344049,0.155512064695,0.0102487206459
0.376237630844,0.494949489832,0.148979470134,0.162585556507,0.0136060863733
0.386138617992,0.494949489832,0.152663961053,0.169283896685,0.0166199356318
0.396039605141,0.494949489832,0.156313642859,0.175541549921,0.0192279070616
0.405940592289,0.494949489832,0.159925162792,0.181301414967,0.0213762521744
0.415841579437,0.494949489832,0.163494884968,0.18651753664,0.0230226516724
0.425742566586,0.494949489832,0.167018905282,0.191156029701,0.0241371244192
0.435643553734,0.494949489832,0.170492976904,0.195196688175,0.0247037112713
0.445544540882,0.494949489832,0.173912584782,0.198632389307,0.0247198045254
0.45544552803,0.494949489832,0.177272871137,0.201468884945,0.0241960138083
0.465346515179,0.494949489832,0.180568650365,0.203723192215,0.0231545418501
0.475247502327,0.494949489832,0.183794334531,0.205421775579,0.0216274410486
0.485148519278,0.494949489832,0.186944022775,0.206598341465,0.0196543186903
0.495049506426,0.494949489832,0.190011352301,0.207291185856,0.0172798335552
0.504950523376,0.494949489832,0.19298954308,0.207540005445,0.0145504623652
0.51485145092,0.494949489832,0.195871338248,0.20738440752,0.011513069272
0.524752497673,0.494949489832,0.198649197817,0.206861644983,0.00821244716644
0.534653484821,0.494949489832,0.201314896345,0.206004858017,0.00468996167183
0.54455447197,0.494949489832,0.203859806061,0.204842954874,0.000983148813248
0.554455459118,0.494949489832,0.206274807453,0.203400194645,0.00287461280823
0.564356446266,0.494949489832,0.208550259471,0.201695978642,0.00685428082943
0.574257433414,0.494949489832,0.21067596972,0.199746727943,0.0109292417765
0.584158420563,0.494949489832,0.212641209364,0.197565376759,0.0150758326054
0.594059407711,0.494949489832,0.214434713125,0.195162892342,0.0192718207836
0.603960394859,0.494949489832,0.216044709086,0.192549258471,0.0234954506159
0.613861382008,0.494949489832,0.217458829284,0.189733088017,0.0277257412672
0.623762369156,0.494949489832,0.218664169312,0.186723053455,0.0319411158562
0.633663415909,0.494949489832,0.219647407532,0.183527052402,0.0361203551292
0.643564343452,0.494949489832,0.22039462626,0.180153518915,0.0402411073446
0.653465390205,0.494949489832,0.220891490579,0.176610201597,0.0442812889814
0.663366317749,0.494949489832,0.221123278141,0.172904670238,0.0482186079025
0.673267364502,0.494949489832,0.221074849367,0.169043660164,0.0520311892033
0.683168292046,0.494949489832,0.220730870962,0.165033608675,0.0556972622871
0.693069338799,0.494949489832,0.220075637102,0.160880088806,0.059195548296
0.702970266342,0.494949489832,0.219093456864,0.156587719917,0.0625057369471
0.712871313095,0.494949489832,0.217768505216,0.152160346508,0.0656081587076
0.722772240639,0.494949489832,0.216085091233,0.147601306438,0.0684837847948
0.732673287392,0.494949489832,0.214027762413,0.142913520336,0.0711142420769
0.74257427454,0.494949489832,0.211581513286,0.138099074364,0.0734824389219
0.752475261688,0.494949489832,0.208731755614,0.133160829544,0.0755709260702
0.762376248837,0.494949489832,0.205464705825,0.128101110458,0.0773635953665
0.772277235985,0.494949489832,0.201767593622,0.122923351824,0.0788442417979
0.782178223133,0.494949489832,0.197628736496,0.117631457746,0.0799972787499
0.792079210281,0.494949489832,0.19303779304,0.112230785191,0.0808070078492
0.80198019743,0.494949489832,0.18798610568,0.106727808714,0.0812582969666
0.811881184578,0.494949489832,0.182466879487,0.101130530238,0.0813363492489
0.821782171726,0.494949489832,0.176475480199,0.0954484343529,0.081027045846
0.831683158875,0.494949489832,0.170009464025,0.0896934494376,0.0803160145879
0.841584146023,0.494949489832,0.163069143891,0.0838786438107,0.0791905000806
0.851485133171,0.494949489832,0.155657619238,0.0780192688107,0.0776383504272
0.861386120319,0.494949489832,0.147780969739,0.0721326470375,0.0756483227015
0.871287107468,0.494949489832,0.139448389411,0.0662376955152,0.0732106938958
0.881188154221,0.494949489832,0.130672648549,0.0603551417589,0.0703175067902
0.891089081764,0.494949489832,0.12146987021,0.0545071810484,0.0669626891613
0.900990128517,0.494949489832,0.111859463155,0.0487178638577,0.0631415992975
0.910891115665,0.494949489832,0.101864695549,0.0430124849081,0.0588522106409
0.920792102814,0.494949489832,0.0915120020509,0.0374174937606,0.0540945082903
0.930693089962,0.494949489832,0.0808314904571,0.0319605022669,0.0488709881902
0.94059407711,0.494949489832,0.0698561891913,0.0266702957451,0.0431858934462
0.950495064259,0.494949489832,0.0586221031845,0.0215761251748,0.0370459780097
0.960396051407,0.494949489832,0.0471681319177,0.0167085342109,0.0304595977068
0.970297038555,0.494949489832,0.0355352684855,0.0120981559157,0.0234371125698
0.980198025703,0.494949489832,0.0237664915621,0.00777660124004,0.0159898903221
0.990099012852,0.494949489832,0.0119061730802,0.00377556867898,0.00813060440123
0.00990098994225,0.50505053997,0.00393139291555,-0.000753075815737,0.00468446873128
0.0198019798845,0.50505053997,0.00786278583109,-0.000981115736067,0.00884390156716
0.0297029688954,0.50505053997,0.0117941750214,-0.00100845564157,0.0128026306629
0.039603959769,0.50505053997,0.0157255511731,-0.000827445648611,0.0165529958904
0.0495049506426,0.50505053997,0.0196569021791,-0.000430370680988,0.0200872719288
0.0594059377909,0.50505053997,0.0235881973058,0.000190675258636,0.0233975220472
0.0693069323897,0.50505053997,0.0275194104761,0.00104332529008,0.026476085186
0.079207919538,0.50505053997,0.0314504727721,0.00213546305895,0.0293150097132
0.0891089066863,0.50505053997,0.0353813134134,0.00347505696118,0.0319062545896
0.0990099012852,0.50505053997,0.039311863482,0.00506982766092,0.0342420339584
0.108910888433,0.50505053997,0.0432419888675,0.00692795775831,0.0363140329719
0.118811875582,0.50505053997,0.0471715442836,0.00905719958246,0.0381143465638
0.12871286273,0.50505053997,0.0511003658175,0.0114656444639,0.039634719491
0.138613864779,0.50505053997,0.0550282634795,0.0141616333276,0.0408666282892
0.148514851928,0.50505053997,0.0589549615979,0.01715291664,0.0418020449579
0.158415839076,0.50505053997,0.0628802105784,0.020447652787,0.0424325577915
0.168316826224,0.50505053997,0.0668036714196,0.0240534581244,0.0427502132952
0.178217813373,0.50505053997,0.0707249641418,0.0279778763652,0.0427470877767
0.188118815422,0.50505053997,0.0746436938643,0.0322275906801,0.0424161031842
0.19801980257,0.50505053997,0.0785593539476,0.0368089675903,0.0417503863573
0.207920789719,0.50505053997,0.0824714079499,0.041726808995,0.0407445989549
0.217821776867,0.50505053997,0.0863792523742,0.0469846278429,0.0393946245313
0.227722764015,0.50505053997,0.0902821943164,0.052583694458,0.0376984998584
0.237623751163,0.50505053997,0.0941794961691,0.0585227012634,0.0356567949057
0.247524753213,0.50505053997,0.0980702936649,0.0647966116667,0.0332736819983
0.25742572546,0.50505053997,0.101953662932,0.0713965296745,0.0305571332574
0.267326742411,0.50505053997,0.105828605592,0.0783083364367,0.0275202691555
0.277227729559,0.50505053997,0.109693981707,0.0855115503073,0.0241824313998
0.287128716707,0.50505053997,0.113548532128,0.0929789319634,0.0205696001649
0.297029703856,0.50505053997,0.1173908934,0.100675746799,0.0167151466012
0.306930691004,0.50505053997,0.121219620109,0.108558647335,0.012660972774
0.316831678152,0.50505053997,0.125033035874,0.116575844586,0.00845719128847
0.3267326653,0.50505053997,0.128829434514,0.124667175114,0.00416225939989
0.336633652449,0.50505053997,0.132606819272,0.132764875889,0.000158056616783
0.346534639597,0.50505053997,0.136363178492,0.1407943964,0.00443121790886
0.356435626745,0.50505053997,0.14009617269,0.14867657423,0.0085804015398
0.366336613894,0.50505053997,0.143803417683,0.15633007884,0.0125266611576
0.376237630844,0.50505053997,0.147482201457,0.163673400879,0.0161911994219
0.386138617992,0.50505053997,0.151129662991,0.170628637075,0.0194989740849
0.396039605141,0.50505053997,0.154742658138,0.177123844624,0.0223811864853
0.405940592289,0.50505053997,0.158317908645,0.183096259832,0.0247783511877
0.415841579437,0.50505053997,0.161851748824,0.188493937254,0.0266421884298
0.425742566586,0.50505053997,0.165340334177,0.193278163671,0.0279378294945
0.435643553734,0.50505053997,0.168779492378,0.197423875332,0.0286443829536
0.445544540882,0.50505053997,0.172164738178,0.200920552015,0.0287558138371
0.45544552803,0.50505053997,0.175491243601,0.203770846128,0.0282796025276
0.465346515179,0.50505053997,0.178753912449,0.205990254879,0.0272363424301
0.475247502327,0.50505053997,0.181947186589,0.207604855299,0.0256576687098
0.485148519278,0.50505053997,0.185065209866,0.208648651838,0.0235834419727
0.495049506426,0.50505053997,0.188101708889,0.209161996841,0.0210602879524
0.504950523376,0.50505053997,0.191049963236,0.209187716246,0.0181377530098
0.51485145092,0.50505053997,0.193902820349,0.208769768476,0.0148669481277
0.524752497673,0.50505053997,0.196652755141,0.207950025797,0.0112972706556
0.534653484821,0.50505053997,0.199291646481,0.206767827272,0.00747618079185
0.54455447197,0.50505053997,0.201810985804,0.205257624388,0.00344663858414
0.554455459118,0.50505053997,0.204201728106,0.203449636698,0.000752091407776
0.564356446266,0.50505053997,0.20645429194,0.201369851828,0.00508444011211
0.574257433414,0.50505053997,0.208558648825,0.199039757252,0.00951889157295
0.584158420563,0.50505053997,0.21050414443,0.196477651596,0.0140264928341
0.594059407711,0.50505053997,0.212279632688,0.193699628115,0.0185800045729
0.603960394859,0.50505053997,0.213873431087,0.190719395876,0.0231540352106
0.613861382008,0.50505053997,0.215273335576,0.187549442053,0.0277238935232
0.623762369156,0.50505053997,0.216466575861,0.184201449156,0.0322651267052
0.633663415909,0.50505053997,0.21743991971,0.180686146021,0.0367537736893
0.643564343452,0.50505053997,0.218179628253,0.177014023066,0.0411656051874
0.653465390205,0.50505053997,0.218671485782,0.173194229603,0.0454772561789
0.663366317749,0.50505053997,0.218900948763,0.169235646725,0.0496653020382
0.673267364502,0.50505053997,0.218853011727,0.165146142244,0.053706869483
0.683168292046,0.50505053997,0.218512475491,0.160932570696,0.0575799047947
0.693069338799,0.50505053997,0.217863857746,0.156600624323,0.0612632334232
0.702970266342,0.50505053997,0.216891527176,0.152155339718,0.064736187458
0.712871313095,0.50505053997,0.215579897165,0.147600471973,0.0679794251919
0.722772240639,0.50505053997,0.213913410902,0.142938971519,0.0709744393826
0.732673287392,0.50505053997,0.211876764894,0.138173192739,0.073703572154
0.74257427454,0.50505053997,0.209455087781,0.133305281401,0.0761498063803
0.752475261688,0.50505053997,0.206633970141,0.128337144852,0.0782968252897
0.762376248837,0.50505053997,0.20339974761,0.123270682991,0.0801290646195
0.772277235985,0.50505053997,0.199739813805,0.118108786643,0.0816310271621
0.782178223133,0.50505053997,0.195642545819,0.112854681909,0.0827878639102
0.792079210281,0.50505053997,0.191097736359,0.107512913644,0.0835848227143
0.80198019743,0.50505053997,0.186096802354,0.102089062333,0.0840077400208
0.811881184578,0.50505053997,0.180633082986,0.0965904891491,0.0840425938368
0.821782171726,0.50505053997,0.174701869488,0.0910263061523,0.0836755633354
0.831683158875,0.50505053997,0.16830085218,0.0854068174958,0.0828940346837
0.841584146023,0.50505053997,0.16143026948,0.0797448903322,0.0816853791475
0.851485133171,0.50505053997,0.154093235731,0.0740549117327,0.0800383239985
0.861386120319,0.50505053997,0.146295756102,0.0683532580733,0.0779424980283
0.871287107468,0.50505053997,0.138046905398,0.0626579076052,0.0753889977932
0.881188154221,0.50505053997,0.12935936451,0.0569888427854,0.0723705217242
0.891089081764,0.50505053997,0.120249077678,0.0513676404953,0.0688814371824
0.900990128517,0.50505053997,0.11073525995,0.0458172857761,0.064917974174
0.910891115665,0.50505053997,0.100840941072,0.0403621904552,0.0604787506163
0.920792102814,0.50505053997,0.090592302382,0.0350282117724,0.0555640906096
0.930693089962,0.50505053997,0.0800191238523,0.0298420675099,0.0501770563424
0.94059407711,0.50505053997,0.0691541284323,0.0248316675425,0.0443224608898
0.950495064259,0.50505053997,0.0580329447985,0.0200256668031,0.0380072779953
0.960396051407,0.50505053997,0.0466940887272,0.0154534168541,0.0312406718731
0.970297038555,0.50505053997,0.0351781323552,0.0111450217664,0.0240331105888
0.980198025703,0.50505053997,0.0235276352614,0.00713136047125,0.0163962747902
0.990099012852,0.50505053997,0.0117865139619,0.00344348326325,0.0083430306986
0.00990098994225,0.515151500702,0.00389188202098,-0.000899489969015,0.00479137199
0.0198019798845,0.515151500702,0.00778376404196,-0.00126499775797,0.00904876179993
0.0297029688954,0.515151500702,0.011675641872,-0.00142878759652,0.0131044294685
0.039603959769,0.515151500702,0.0155675075948,-0.0013828240335,0.0169503316283
0.0495049506426,0.515151500702,0.0194593463093,-0.00111862178892,0.0205779671669
0.0594059377909,0.515151500702,0.0233511347324,-0.000628073699772,0.0239792093635
0.0693069323897,0.515151500702,0.0272428356111,9.74759459496e-05,0.0271453596652
0.079207919538,0.515151500702,0.0311343893409,0.00106620416045,0.0300681851804
0.0891089066863,0.515151500702,0.0350257270038,0.002286888659,0.0327388383448
0.0990099012852,0.515151500702,0.0389167740941,0.00376800820231,0.0351487658918
0.108910888433,0.515151500702,0.0428073965013,0.00551841408014,0.0372889824212
0.118811875582,0.515151500702,0.0466974675655,0.00754690915346,0.0391505584121
0.12871286273,0.515151500702,0.0505868010223,0.00986240431666,0.0407243967056
0.138613864779,0.515151500702,0.0544752217829,0.0124739985913,0.0420012250543
0.148514851928,0.515151500702,0.0583624579012,0.0153906531632,0.042971804738
0.158415839076,0.515151500702,0.0622482523322,0.0186214707792,0.043626781553
0.168316826224,0.515151500702,0.0661322847009,0.0221751444042,0.0439571402967
0.178217813373,0.515151500702,0.0700141713023,0.0260604731739,0.0439536981285
0.188118815422,0.515151500702,0.0738935172558,0.0302855782211,0.0436079390347
0.19801980257,0.515151500702,0.0777698233724,0.0348577536643,0.0429120697081
0.207920789719,0.515151500702,0.0816425532103,0.0397832281888,0.0418593250215
0.217821776867,0.515151500702,0.0855111256242,0.0450669676065,0.0404441580176
0.227722764015,0.515151500702,0.0893748402596,0.0507113784552,0.0386634618044
0.237623751163,0.515151500702,0.0932329744101,0.0567163303494,0.0365166440606
0.247524753213,0.515151500702,0.0970846638083,0.0630780756474,0.034006588161
0.25742572546,0.515151500702,0.100929014385,0.0697887390852,0.0311402752995
0.267326742411,0.515151500702,0.104765020311,0.0768345370889,0.027930483222
0.277227729559,0.515151500702,0.108591541648,0.084195740521,0.024395801127
0.287128716707,0.515151500702,0.11240734905,0.0918449237943,0.0205624252558
0.297029703856,0.515151500702,0.116211108863,0.0997466221452,0.0164644867182
0.306930691004,0.515151500702,0.120001345873,0.107856422663,0.0121449232101
0.316831678152,0.515151500702,0.123776435852,0.11612085253,0.00765558332205
0.3267326653,0.515151500702,0.127534672618,0.124476902187,0.00305777043104
0.336633652449,0.515151500702,0.131274104118,0.132853269577,0.00157916545868
0.346534639597,0.515151500702,0.134992703795,0.141171485186,0.00617878139019
0.356435626745,0.515151500702,0.138688191772,0.149347454309,0.010659262538
0.366336613894,0.515151500702,0.14235816896,0.157294124365,0.0149359554052
0.376237630844,0.515151500702,0.145999982953,0.164924681187,0.0189246982336
0.386138617992,0.515151500702,0.149610772729,0.172154486179,0.0225437134504
0.396039605141,0.515151500702,0.153187468648,0.178905725479,0.0257182568312
0.405940592289,0.515151500702,0.156726777554,0.185109227896,0.0283824503422
0.415841579437,0.515151500702,0.160225108266,0.190707325935,0.0304822176695
0.425742566586,0.515151500702,0.163678646088,0.195655822754,0.0319771766663
0.435643553734,0.515151500702,0.167083233595,0.199924767017,0.0328415334225
0.445544540882,0.515151500702,0.170434445143,0.203499436378,0.0330649912357
0.45544552803,0.515151500702,0.173727527261,0.206379562616,0.0326520353556
0.465346515179,0.515151500702,0.176957413554,0.208578050137,0.0316206365824
0.475247502327,0.515151500702,0.180118590593,0.210119843483,0.0300012528896
0.485148519278,0.515151500702,0.183205276728,0.211039423943,0.0278341472149
0.495049506426,0.515151500702,0.186211258173,0.211378365755,0.0251671075821
0.504950523376,0.515151500702,0.189129889011,0.211182594299,0.0220527052879
0.51485145092,0.515151500702,0.191954061389,0.210499763489,0.0185457020998
0.524752497673,0.515151500702,0.194676354527,0.20937693119,0.014700576663
0.534653484821,0.515151500702,0.197288736701,0.207859128714,0.0105703920126
0.54455447197,0.515151500702,0.19978274405,0.205987334251,0.00620459020138
0.554455459118,0.515151500702,0.202149450779,0.203798353672,0.00164890289307
0.564356446266,0.515151500702,0.204379409552,0.201324552298,0.00305485725403
0.574257433414,0.515151500702,0.206462591887,0.198593944311,0.00786864757538
0.584158420563,0.515151500702,0.208388537169,0.195630788803,0.0127577483654
0.594059407711,0.515151500702,0.210146188736,0.192456096411,0.0176900923252
0.603960394859,0.515151500702,0.211723968387,0.189088642597,0.0226353257895
0.613861382008,0.515151500702,0.21310980618,0.185544908047,0.0275648981333
0.623762369156,0.515151500702,0.21429105103,0.181839823723,0.0324512273073
0.633663415909,0.515151500702,0.215254604816,0.177987247705,0.037267357111
0.643564343452,0.515151500702,0.21598687768,0.173999577761,0.0419872999191
0.653465390205,0.515151500702,0.216473817825,0.169888108969,0.0465857088566
0.663366317749,0.515151500702,0.216700956225,0.165662735701,0.0510382205248
0.673267364502,0.515151500702,0.216653510928,0.161332190037,0.0553213208914
0.683168292046,0.515151500702,0.216316401958,0.156904131174,0.0594122707844
0.693069338799,0.515151500702,0.21567428112,0.152384191751,0.0632900893688
0.702970266342,0.515151500702,0.214711740613,0.147777587175,0.0669341534376
0.712871313095,0.515151500702,0.213413283229,0.14308783412,0.0703254491091
0.722772240639,0.515151500702,0.211763560772,0.138317793608,0.0734457671642
0.732673287392,0.515151500702,0.209747359157,0.133469045162,0.0762783139944
0.74257427454,0.515151500702,0.207350045443,0.128543198109,0.0788068473339
0.752475261688,0.515151500702,0.204557284713,0.123541675508,0.0810156092048
0.762376248837,0.515151500702,0.201355561614,0.118465863168,0.0828896984458
0.772277235985,0.515151500702,0.197732388973,0.113317497075,0.0844148918986
0.782178223133,0.515151500702,0.193676307797,0.108099266887,0.0855770409107
0.792079210281,0.515151500702,0.189177170396,0.102814905345,0.0863622650504
0.80198019743,0.515151500702,0.184226498008,0.0974692329764,0.0867572650313
0.811881184578,0.515151500702,0.178817674518,0.092068605125,0.0867490693927
0.821782171726,0.515151500702,0.172946095467,0.0866213738918,0.0863247215748
0.831683158875,0.515151500702,0.166609406471,0.0811372324824,0.0854721739888
0.841584146023,0.515151500702,0.159807875752,0.0756278783083,0.0841799974442
0.851485133171,0.515151500702,0.152544572949,0.0701069310308,0.0824376419187
0.861386120319,0.515151500702,0.144825443625,0.06458966434,0.0802357792854
0.871287107468,0.515151500702,0.136659517884,0.0590936765075,0.0775658413768
0.881188154221,0.515151500702,0.1280592978,0.0536379143596,0.0744213834405
0.891089081764,0.515151500702,0.119040571153,0.0482428744435,0.0707976967096
0.900990128517,0.515151500702,0.109622351825,0.0429309122264,0.0666914433241
0.910891115665,0.515151500702,0.0998274683952,0.0377255119383,0.0621019564569
0.920792102814,0.515151500702,0.0896818265319,0.0326517112553,0.0570301152766
0.930693089962,0.515151500702,0.0792149156332,0.0277355462313,0.0514793694019
0.94059407711,0.515151500702,0.0684591159225,0.0230038799345,0.0454552359879
0.950495064259,0.515151500702,0.0574497021735,0.0184846669436,0.0389650352299
0.960396051407,0.515151500702,0.0462248064578,0.0142066236585,0.0320181846619
0.970297038555,0.515151500702,0.0348245874047,0.0101989209652,0.0246256664395
0.980198025703,0.515151500702,0.0232911780477,0.00649168901145,0.0167994890362
0.990099012852,0.515151500702,0.0116680571809,0.00311521999538,0.00855283718556
0.00990098994225,0.525252521038,0.00385276786983,-0.00104438886046,0.00489715673029
0.0198019798845,0.525252521038,0.00770553573966,-0.00154649186879,0.00925202760845
0.0297029688954,0.525252521038,0.0115582989529,-0.00184603501111,0.013404333964
0.039603959769,0.525252521038,0.0154110500589,-0.00193430110812,0.0173453502357
0.0495049506426,0.525252521038,0.0192637778819,-0.00180262420326,0.0210664011538
0.0594059377909,0.525252521038,0.0231164507568,-0.00144204311073,0.0245584938675
0.0693069323897,0.525252521038,0.0269690398127,-0.000843493267894,0.0278125330806
0.079207919538,0.525252521038,0.0308214835823,2.22027301788e-06,0.0308192633092
0.0891089066863,0.525252521038,0.0346737131476,0.00110410153866,0.033569611609
0.0990099012852,0.525252521038,0.0385256521404,0.00247163325548,0.0360540188849
0.108910888433,0.525252521038,0.0423771776259,0.00411466695368,0.0382625088096
0.118811875582,0.525252521038,0.0462281480432,0.00604240782559,0.0401857420802
0.12871286273,0.525252521038,0.0500783957541,0.00826498866081,0.0418134070933
0.138613864779,0.525252521038,0.0539277344942,0.0107923131436,0.043135419488
0.148514851928,0.525252521038,0.0577759072185,0.013634564355,0.0441413447261
0.158415839076,0.525252521038,0.0616226494312,0.0168017446995,0.0448209047318
0.168316826224,0.525252521038,0.0654676482081,0.0203039050102,0.0451637431979
0.178217813373,0.525252521038,0.069310516119,0.0241509526968,0.0451595634222
0.188118815422,0.525252521038,0.0731508657336,0.0283523611724,0.0447985045612
0.19801980257,0.525252521038,0.0769882202148,0.032916713506,0.0440715067089
0.207920789719,0.525252521038,0.0808220356703,0.0378516055644,0.0429704301059
0.217821776867,0.525252521038,0.0846517309546,0.043163344264,0.0414883866906
0.227722764015,0.525252521038,0.0884766131639,0.0488557815552,0.0396208316088
0.237623751163,0.525252521038,0.092295974493,0.0549301728606,0.0373658016324
0.247524753213,0.525252521038,0.0961089581251,0.0613838434219,0.0347251147032
0.25742572546,0.525252521038,0.09991466254,0.0682099312544,0.0317047312856
0.267326742411,0.525252521038,0.103712111712,0.0753956362605,0.028316475451
0.277227729559,0.525252521038,0.107500173151,0.0829213708639,0.0245788022876
0.287128716707,0.525252521038,0.111277639866,0.0907599180937,0.0205177217722
0.297029703856,0.525252521038,0.1150431633,0.0988752767444,0.0161678865552
0.306930691004,0.525252521038,0.11879530549,0.107221953571,0.0115733519197
0.316831678152,0.525252521038,0.122532464564,0.115744270384,0.00678819417953
0.3267326653,0.525252521038,0.126252934337,0.124376855791,0.00187607854605
0.336633652449,0.525252521038,0.129954785109,0.133044958115,0.00309017300606
0.346534639597,0.525252521038,0.133635997772,0.141665637493,0.00802963972092
0.356435626745,0.525252521038,0.137294352055,0.150150299072,0.0128559470177
0.366336613894,0.525252521038,0.140927448869,0.158406198025,0.017478749156
0.376237630844,0.525252521038,0.14453266561,0.166340261698,0.0218075960875
0.386138617992,0.525252521038,0.148107171059,0.173861950636,0.0257547795773
0.396039605141,0.525252521038,0.151647910476,0.18088683486,0.0292389243841
0.405940592289,0.525252521038,0.15515165031,0.187339633703,0.0321879833937
0.415841579437,0.525252521038,0.158614814281,0.193156540394,0.0345417261124
0.425742566586,0.525252521038,0.162033647299,0.198287606239,0.0362539589405
0.435643553734,0.525252521038,0.16540402174,0.202697962523,0.0372939407825
0.445544540882,0.525252521038,0.168721556664,0.206368386745,0.0376468300819
0.45544552803,0.525252521038,0.171981543303,0.209294497967,0.0373129546642
0.465346515179,0.525252521038,0.175178959966,0.211486965418,0.0363080054522
0.475247502327,0.525252521038,0.178308367729,0.212968856096,0.0346604883671
0.485148519278,0.525252521038,0.181364044547,0.213774234056,0.0324101895094
0.495049506426,0.525252521038,0.184339806437,0.213945627213,0.029605820775
0.504950523376,0.525252521038,0.187229096889,0.213531434536,0.0263023376465
0.51485145092,0.525252521038,0.190024897456,0.212582945824,0.0225580483675
0.524752497673,0.525252521038,0.192719832063,0.211152374744,0.0184325426817
0.534653484821,0.525252521038,0.195305943489,0.209290444851,0.0139845013618
0.54455447197,0.525252521038,0.197774887085,0.207045018673,0.00927013158798
0.554455459118,0.525252521038,0.200117826462,0.204459935427,0.00434210896492
0.564356446266,0.525252521038,0.202325358987,0.201574832201,0.000750526785851
0.574257433414,0.525252521038,0.20438760519,0.198424339294,0.00596326589584
0.584158420563,0.525252521038,0.206294193864,0.195039391518,0.0112548023462
0.594059407711,0.525252521038,0.208034172654,0.191447138786,0.0165870338678
0.603960394859,0.525252521038,0.20959611237,0.187671124935,0.0219249874353
0.613861382008,0.525252521038,0.210968017578,0.18373298645,0.0272350311279
0.623762369156,0.525252521038,0.212137386203,0.179651111364,0.0324862748384
0.633663415909,0.525252521038,0.213091269135,0.175442397594,0.037648871541
0.643564343452,0.525252521038,0.213816180825,0.171121954918,0.0426942259073
0.653465390205,0.525252521038,0.214298218489,0.166702598333,0.0475956201553
0.663366317749,0.525252521038,0.214523091912,0.162195980549,0.0523271113634
0.673267364502,0.525252521038,0.214476123452,0.157611340284,0.0568647831678
0.683168292046,0.525252521038,0.214142382145,0.152956902981,0.0611854791641
0.693069338799,0.525252521038,0.213506728411,0.148238927126,0.0652678012848
0.702970266342,0.525252521038,0.212553858757,0.143462002277,0.0690918564796
0.712871313095,0.525252521038,0.21126845479,0.138629704714,0.0726387500763
0.722772240639,0.525252521038,0.209635287523,0.1337441504,0.0758911371231
0.732673287392,0.525252521038,0.207639381289,0.128806829453,0.078832551837
0.74257427454,0.525252521038,0.205266132951,0.123818479478,0.0814476534724
0.752475261688,0.525252521038,0.202501446009,0.118779577315,0.0837218686938
0.762376248837,0.525252521038,0.199331894517,0.113691024482,0.0856408700347
0.772277235985,0.525252521038,0.195745140314,0.108553513885,0.0871916264296
0.782178223133,0.525252521038,0.191729828715,0.103369139135,0.0883606895804
0.792079210281,0.525252521038,0.187275916338,0.0981405004859,0.0891354158521
0.80198019743,0.525252521038,0.182374998927,0.0928716138005,0.0895033851266
0.811881184578,0.525252521038,0.177020534873,0.0875679701567,0.0894525647163
0.821782171726,0.525252521038,0.171207949519,0.0822370201349,0.0889709293842
0.831683158875,0.525252521038,0.164934962988,0.0768873170018,0.0880476459861
0.841584146023,0.525252521038,0.158201783895,0.0715298578143,0.0866719260812
0.851485133171,0.525252521038,0.151011481881,0.0661773979664,0.0848340839148
0.861386120319,0.525252521038,0.143369928002,0.060844309628,0.0825256183743
0.871287107468,0.525252521038,0.135286062956,0.0555471405387,0.0797389224172
0.881188154221,0.525252521038,0.126772269607,0.050303786993,0.0764684826136
0.891089081764,0.525252521038,0.117844186723,0.0451344549656,0.0727097317576
0.900990128517,0.525252521038,0.108520627022,0.0400599874556,0.0684606432915
0.910891115665,0.525252521038,0.0988241955638,0.0351035781205,0.063720613718
0.920792102814,0.525252521038,0.0887805148959,0.0302891284227,0.0584913864732
0.930693089962,0.525252521038,0.0784187912941,0.0256417766213,0.0527770146728
0.94059407711,0.525252521038,0.0677710920572,0.0211877636611,0.0465833283961
0.950495064259,0.525252521038,0.0568723231554,0.0169540345669,0.0399182885885
0.960396051407,0.525252521038,0.0457602404058,0.0129687339067,0.0327915064991
0.970297038555,0.525252521038,0.0344745963812,0.00926023349166,0.0252143628895
0.980198025703,0.525252521038,0.0230570994318,0.00585786812007,0.0171992313117
0.990099012852,0.525252521038,0.0115507915616,0.00279110483825,0.00875968672335
0.00990098994225,0.535353541374,0.00381404696964,-0.00118745584041,0.00500150304288
0.0198019798845,0.535353541374,0.00762809347361,-0.00182533543557,0.00945342890918
0.0297029688954,0.535353541374,0.0114421360195,-0.00225977692753,0.013701912947
0.039603959769,0.535353541374,0.0152561673895,-0.00248179491609,0.0177379623055
0.0495049506426,0.535353541374,0.0190701726824,-0.00248187500983,0.0215520486236
0.0594059377909,0.535353541374,0.02288412489,-0.0022506704554,0.025134794414
0.0693069323897,0.535353541374,0.0266979951411,-0.00177863519639,0.0284766294062
0.079207919538,0.535353541374,0.0305117219687,-0.00105573330075,0.0315674543381
0.0891089066863,0.535353541374,0.0343252383173,-7.2218477726e-05,0.034397456795
0.0990099012852,0.535353541374,0.0381384640932,0.00118221342564,0.0369562506676
0.108910888433,0.535353541374,0.0419512763619,0.00271770358086,0.0392335727811
0.118811875582,0.535353541374,0.0457635484636,0.00454501621425,0.041218534112
0.12871286273,0.535353541374,0.0495750978589,0.00667498260736,0.0429001152515
0.138613864779,0.535353541374,0.0533857531846,0.00911851599813,0.0442672371864
0.148514851928,0.535353541374,0.0571952499449,0.0118866246194,0.0453086271882
0.158415839076,0.535353541374,0.061003331095,0.0149908605963,0.046012468636
0.168316826224,0.535353541374,0.064809679985,0.018442183733,0.0463674962521
0.178217813373,0.535353541374,0.0686139315367,0.0222519375384,0.0463619939983
0.188118815422,0.535353541374,0.0724156871438,0.0264307819307,0.0459849052131
0.19801980257,0.535353541374,0.0762144774199,0.0309887416661,0.0452257357538
0.207920789719,0.535353541374,0.0800097584724,0.0359349958599,0.0440747626126
0.217821776867,0.535353541374,0.0838009640574,0.0412770844996,0.0425238795578
0.227722764015,0.535353541374,0.0875874087214,0.0470205396414,0.0405668690801
0.237623751163,0.535353541374,0.0913683772087,0.0531678423285,0.0382005348802
0.247524753213,0.535353541374,0.0951430425048,0.0597176402807,0.0354254022241
0.25742572546,0.535353541374,0.0989105030894,0.0666641592979,0.0322463437915
0.267326742411,0.535353541374,0.102669790387,0.0739955231547,0.0286742672324
0.277227729559,0.535353541374,0.106419786811,0.0816926136613,0.0247271731496
0.287128716707,0.535353541374,0.110159285367,0.0897282809019,0.0204310044646
0.297029703856,0.535353541374,0.113886959851,0.0980659797788,0.015820980072
0.306930691004,0.535353541374,0.117601394653,0.10665910691,0.0109422877431
0.316831678152,0.535353541374,0.121300987899,0.115450002253,0.00585098564625
0.3267326653,0.535353541374,0.124984070659,0.124370835721,0.000613234937191
0.336633652449,0.535353541374,0.12864869833,0.133343249559,0.00469455122948
0.346534639597,0.535353541374,0.132292941213,0.142280220985,0.00998727977276
0.356435626745,0.535353541374,0.135914519429,0.151087760925,0.0151732414961
0.366336613894,0.535353541374,0.139511108398,0.159667700529,0.0201565921307
0.376237630844,0.535353541374,0.143080085516,0.167921304703,0.0248412191868
0.386138617992,0.535353541374,0.146618679166,0.175751209259,0.0291325300932
0.396039605141,0.535353541374,0.150123819709,0.183066725731,0.0329429060221
0.405940592289,0.535353541374,0.153592348099,0.189786195755,0.0361938476562
0.415841579437,0.535353541374,0.157020717859,0.195839583874,0.0388188660145
0.425742566586,0.535353541374,0.160405173898,0.201171249151,0.0407660752535
0.435643553734,0.535353541374,0.163741692901,0.205741018057,0.0419993251562
0.445544540882,0.535353541374,0.167025864124,0.209524452686,0.042498588562
0.45544552803,0.535353541374,0.170253098011,0.212513625622,0.0422605276108
0.465346515179,0.535353541374,0.173418372869,0.214715570211,0.0412971973419
0.475247502327,0.535353541374,0.176516324282,0.216151505709,0.039635181427
0.485148519278,0.535353541374,0.179541289806,0.216854274273,0.0373129844666
0.495049506426,0.535353541374,0.182487145066,0.216866672039,0.0343795269728
0.504950523376,0.535353541374,0.185347408056,0.216239184141,0.0308917760849
0.51485145092,0.535353541374,0.188115105033,0.215026319027,0.026911213994
0.524752497673,0.535353541374,0.190782949328,0.213285118341,0.022502169013
0.534653484821,0.535353541374,0.193343088031,0.211072415113,0.0177293270826
0.54455447197,0.535353541374,0.195787236094,0.208442747593,0.0126555114985
0.554455459118,0.535353541374,0.198106601834,0.205447763205,0.00734116137028
0.564356446266,0.535353541374,0.200291961432,0.202134400606,0.00184243917465
0.574257433414,0.535353541374,0.20233348012,0.198545217514,0.00378826260567
0.584158420563,0.535353541374,0.204220920801,0.194718211889,0.0095027089119
0.594059407711,0.535353541374,0.205943390727,0.190687119961,0.0152562707663
0.603960394859,0.535353541374,0.207489624619,0.186481595039,0.0210080295801
0.613861382008,0.535353541374,0.208847746253,0.182127743959,0.0267200022936
0.623762369156,0.535353541374,0.210005357862,0.177648752928,0.0323566049337
0.633663415909,0.535353541374,0.210949659348,0.173064619303,0.0378850400448
0.643564343452,0.535353541374,0.211667284369,0.168393105268,0.043274179101
0.653465390205,0.535353541374,0.212144479156,0.163649231195,0.0484952479601
0.663366317749,0.535353541374,0.212367087603,0.158845871687,0.0535212159157
0.673267364502,0.535353541374,0.21232059598,0.153993368149,0.0583272278309
0.683168292046,0.535353541374,0.211990222335,0.149100422859,0.0628897994757
0.693069338799,0.535353541374,0.211360946298,0.144173204899,0.0671877413988
0.702970266342,0.535353541374,0.210417658091,0.139216423035,0.0712012350559
0.712871313095,0.535353541374,0.209145158529,0.134233236313,0.0749119222164
0.722772240639,0.535353541374,0.207528427243,0.129225194454,0.078303232789
0.732673287392,0.535353541374,0.205552563071,0.124192975461,0.0813595876098
0.74257427454,0.535353541374,0.203203171492,0.119136847556,0.084066323936
0.752475261688,0.535353541374,0.200466260314,0.114056400955,0.0864098593593
0.762376248837,0.535353541374,0.197328582406,0.108951285481,0.0883772969246
0.772277235985,0.535353541374,0.193777874112,0.103821828961,0.0899560451508
0.782178223133,0.535353541374,0.189802914858,0.0986687988043,0.0911341160536
0.792079210281,0.535353541374,0.185393750668,0.0934937149286,0.0919000357389
0.80198019743,0.535353541374,0.180542096496,0.0883000195026,0.092242076993
0.811881184578,0.535353541374,0.175241455436,0.0830920115113,0.0921494439244
0.821782171726,0.535353541374,0.169487282634,0.0778760462999,0.0916112363338
0.831683158875,0.535353541374,0.163277342916,0.0726599320769,0.0906174108386
0.841584146023,0.535353541374,0.156611815095,0.0674536377192,0.0891581773758
0.851485133171,0.535353541374,0.149493783712,0.0622687935829,0.0872249901295
0.861386120319,0.535353541374,0.14192904532,0.0571190193295,0.08481002599
0.871287107468,0.535353541374,0.133926421404,0.0520198568702,0.0819065645337
0.881188154221,0.535353541374,0.125498190522,0.0469883903861,0.0785098001361
0.891089081764,0.535353541374,0.116659834981,0.0420437753201,0.0746160596609
0.900990128517,0.535353541374,0.107429981232,0.0372062325478,0.0702237486839
0.910891115665,0.535353541374,0.0978309884667,0.0324976816773,0.0653333067894
0.920792102814,0.535353541374,0.0878882557154,0.0279414542019,0.0599468015134
0.930693089962,0.535353541374,0.0776306763291,0.0235616862774,0.0540689900517
0.94059407711,0.535353541374,0.0670899823308,0.0193839892745,0.0477059930563
0.950495064259,0.535353541374,0.0563007481396,0.0154345929623,0.0408661551774
0.960396051407,0.535353541374,0.0453003384173,0.0117404665798,0.0335598737001
0.970297038555,0.535353541374,0.0341281220317,0.0083295609802,0.0257985610515
0.980198025703,0.535353541374,0.0228253696114,0.0052302274853,0.0175951421261
0.990099012852,0.535353541374,0.0114347049966,0.00247153639793,0.00896316859871
0.00990098994225,0.545454502106,0.00377571536228,-0.0013286601752,0.00510437553748
0.0198019798845,0.545454502106,0.0075514302589,-0.00210111495107,0.00965254567564
0.0297029688954,0.545454502106,0.0113271418959,-0.00266966503114,0.013996806927
0.039603959769,0.545454502106,0.0151028400287,-0.00302449148148,0.0181273315102
0.0495049506426,0.545454502106,0.0188785158098,-0.00315582565963,0.0220343414694
0.0594059377909,0.545454502106,0.0226541385055,-0.00305320788175,0.0257073454559
0.0693069323897,0.545454502106,0.0264296773821,-0.00270699243993,0.0291366688907
0.079207919538,0.545454502106,0.0302050746977,-0.00210638158023,0.0323114544153
0.0891089066863,0.545454502106,0.0339802652597,-0.00124077219516,0.0352210365236
0.0990099012852,0.545454502106,0.0377551652491,-9.92305576801e-05,0.0378543958068
0.108910888433,0.545454502106,0.0415296629071,0.00132944621146,0.0402002185583
0.118811875582,0.545454502106,0.045303620398,0.00305676087737,0.0422468595207
0.12871286273,0.545454502106,0.0490768626332,0.00509445928037,0.0439824014902
0.138613864779,0.545454502106,0.0528492182493,0.00745455548167,0.0453946627676
0.148514851928,0.545454502106,0.0566204302013,0.0101491957903,0.046471234411
0.158415839076,0.545454502106,0.0603902377188,0.0131909996271,0.0471992380917
0.168316826224,0.545454502106,0.0641583353281,0.0165924988687,0.0475658364594
0.178217813373,0.545454502106,0.0679243579507,0.0203659385443,0.0475584194064
0.188118815422,0.545454502106,0.0716878995299,0.0245235487819,0.0471643507481
0.19801980257,0.545454502106,0.075448513031,0.0290769189596,0.0463715940714
0.207920789719,0.545454502106,0.0792056545615,0.0340365953743,0.0451690591872
0.217821776867,0.545454502106,0.0829587504268,0.0394117683172,0.0435469821095
0.227722764015,0.545454502106,0.0867071449757,0.0452092923224,0.0414978526533
0.237623751163,0.545454502106,0.0904501155019,0.0514331609011,0.0390169546008
0.247524753213,0.545454502106,0.094186834991,0.0580835714936,0.0361032634974
0.25742572546,0.545454502106,0.097916431725,0.0651557892561,0.0327606424689
0.267326742411,0.545454502106,0.101637944579,0.0726387426257,0.0289992019534
0.277227729559,0.545454502106,0.105350248516,0.0805140808225,0.0248361676931
0.287128716707,0.545454502106,0.109052166343,0.0887545645237,0.020297601819
0.297029703856,0.545454502106,0.112742379308,0.0973232984543,0.0154190808535
0.306930691004,0.545454502106,0.116419486701,0.106172457337,0.0102470293641
0.316831678152,0.545454502106,0.12008190155,0.115242682397,0.00483921915293
0.3267326653,0.545454502106,0.123727962375,0.124463178217,0.000735215842724
0.336633652449,0.545454502106,0.127355784178,0.133752197027,0.00639641284943
0.346534639597,0.545454502106,0.130963385105,0.143018335104,0.0120549499989
0.356435626745,0.545454502106,0.134548559785,0.15216255188,0.017613992095
0.366336613894,0.545454502106,0.138108998537,0.161081194878,0.0229721963406
0.376237630844,0.545454502106,0.14164210856,0.169668853283,0.0280267447233
0.386138617992,0.545454502106,0.145145133138,0.177822500467,0.0326773673296
0.396039605141,0.545454502106,0.148615062237,0.185444563627,0.0368295013905
0.405940592289,0.545454502106,0.15204872191,0.192447125912,0.0403984040022
0.415841579437,0.545454502106,0.155442625284,0.198753923178,0.0433112978935
0.425742566586,0.545454502106,0.158793091774,0.20430341363,0.0455103218555
0.435643553734,0.545454502106,0.162096068263,0.209049701691,0.0469536334276
0.445544540882,0.545454502106,0.165347233415,0.212963759899,0.0476165264845
0.45544552803,0.545454502106,0.168542027473,0.21603295207,0.0474909245968
0.465346515179,0.545454502106,0.171675488353,0.218260765076,0.0465852767229
0.475247502327,0.545454502106,0.17474232614,0.219665437937,0.0449231117964
0.485148519278,0.545454502106,0.177736878395,0.220278263092,0.042541384697
0.495049506426,0.545454502106,0.180653125048,0.220142155886,0.039489030838
0.504950523376,0.545454502106,0.183484643698,0.219308376312,0.0358237326145
0.51485145092,0.545454502106,0.186224520206,0.217834472656,0.0316099524498
0.524752497673,0.545454502106,0.188865572214,0.215782016516,0.0269164443016
0.534653484821,0.545454502106,0.19139996171,0.213213592768,0.0218136310577
0.54455447197,0.545454502106,0.193819537759,0.210191071033,0.0163715332747
0.554455459118,0.545454502106,0.196115598083,0.206773728132,0.0106581300497
0.564356446266,0.545454502106,0.198279008269,0.203016668558,0.00473766028881
0.574257433414,0.545454502106,0.200300008059,0.198970913887,0.00132909417152
0.584158420563,0.545454502106,0.202168464661,0.194682091475,0.00748637318611
0.594059407711,0.545454502106,0.203873634338,0.190191179514,0.0136824548244
0.603960394859,0.545454502106,0.20540432632,0.185534536839,0.0198697894812
0.613861382008,0.545454502106,0.20674879849,0.180743873119,0.0260049253702
0.623762369156,0.545454502106,0.207894787192,0.175846636295,0.032048150897
0.633663415909,0.545454502106,0.208829581738,0.17086699605,0.0379625856876
0.643564343452,0.545454502106,0.209540009499,0.165825873613,0.0437141358852
0.653465390205,0.545454502106,0.21001239121,0.160739868879,0.0492725223303
0.663366317749,0.545454502106,0.210232779384,0.155623733997,0.0546090453863
0.673267364502,0.545454502106,0.210186749697,0.15048879385,0.0596979558468
0.683168292046,0.545454502106,0.20985968411,0.14534419775,0.0645154863596
0.693069338799,0.545454502106,0.209236755967,0.140196055174,0.0690407007933
0.702970266342,0.545454502106,0.208302929997,0.135049313307,0.0732536166906
0.712871313095,0.545454502106,0.207043230534,0.129906088114,0.0771371424198
0.722772240639,0.545454502106,0.205442741513,0.124767638743,0.0806751027703
0.732673287392,0.545454502106,0.203486740589,0.119634218514,0.0838525220752
0.74257427454,0.545454502106,0.20116096735,0.114504538476,0.0866564288735
0.752475261688,0.545454502106,0.198451563716,0.109377525747,0.0890740379691
0.762376248837,0.545454502106,0.195345401764,0.104252055287,0.0910933464766
0.772277235985,0.545454502106,0.191830381751,0.0991270393133,0.0927033424377
0.782178223133,0.545454502106,0.18789537251,0.0940023958683,0.0938929766417
0.792079210281,0.545454502106,0.183530524373,0.088878788054,0.0946517363191
0.80198019743,0.545454502106,0.178727626801,0.0837582051754,0.0949694216251
0.811881184578,0.545454502106,0.173480242491,0.0786441415548,0.0948361009359
0.821782171726,0.545454502106,0.167783901095,0.0735417753458,0.0942421257496
0.831683158875,0.545454502106,0.16163636744,0.0684580132365,0.0931783542037
0.841584146023,0.545454502106,0.155037850142,0.0634018182755,0.0916360318661
0.851485133171,0.545454502106,0.147991359234,0.0583836734295,0.0896076858044
0.861386120319,0.545454502106,0.140502631664,0.0534162521362,0.087086379528
0.871287107468,0.545454502106,0.132580444217,0.0485141500831,0.0840662941337
0.881188154221,0.545454502106,0.124236911535,0.0436935946345,0.0805433169007
0.891089081764,0.545454502106,0.115487381816,0.0389726795256,0.0765147060156
0.900990128517,0.545454502106,0.106350295246,0.0343707688153,0.0719795227051
0.910891115665,0.545454502106,0.0968477725983,0.0299090072513,0.066938765347
0.920792102814,0.545454502106,0.0870049670339,0.0256097093225,0.0613952577114
0.930693089962,0.545454502106,0.0768504738808,0.02149643749,0.0553540363908
0.94059407711,0.545454502106,0.0664157196879,0.0175935216248,0.0488221980631
0.950495064259,0.545454502106,0.0557349175215,0.0139267034829,0.0418082140386
0.960396051407,0.545454502106,0.0448450669646,0.0105221942067,0.0343228727579
0.970297038555,0.545454502106,0.0337851271033,0.00740716978908,0.0263779573143
0.980198025703,0.545454502106,0.0225959718227,0.00460914336145,0.0179868284613
0.990099012852,0.545454502106,0.0113197835162,0.00215655192733,0.0091632315889
0.00990098994225,0.555555582047,0.00373776862398,-0.00146772712469,0.00520549574867
0.0198019798845,0.555555582047,0.00747553678229,-0.0023739002645,0.00984943658113
0.0297029688954,0.555555582047,0.0112133007497,-0.00307531747967,0.0142886182293
0.039603959769,0.555555582047,0.0149510549381,-0.00356210209429,0.0185131579638
0.0495049506426,0.555555582047,0.0186887830496,-0.00382354669273,0.0225123297423
0.0594059377909,0.555555582047,0.0224264599383,-0.00384913478047,0.0262755937874
0.0693069323897,0.555555582047,0.0261640548706,-0.00362796708941,0.02979202196
0.079207919538,0.555555582047,0.0299015082419,-0.00314885098487,0.0330503582954
0.0891089066863,0.555555582047,0.0336387567222,-0.0024005593732,0.0360393151641
0.0990099012852,0.555555582047,0.0373757220805,-0.00137133803219,0.038747061044
0.108910888433,0.555555582047,0.0411122813821,-4.8840418458e-05,0.0411611199379
0.118811875582,0.555555582047,0.0448483079672,0.00157907046378,0.0432692393661
0.12871286273,0.555555582047,0.0485836304724,0.00352509133518,0.0450585409999
0.138613864779,0.555555582047,0.0523180738091,0.00580242462456,0.0465156510472
0.148514851928,0.555555582047,0.0560513809323,0.00842445529997,0.047626927495
0.158415839076,0.555555582047,0.0597833059728,0.0114048607647,0.0483784452081
0.168316826224,0.555555582047,0.0635135322809,0.0147572886199,0.0487562417984
0.178217813373,0.555555582047,0.0672417059541,0.0184957757592,0.0487459301949
0.188118815422,0.555555582047,0.0709674283862,0.0226338133216,0.0483336150646
0.19801980257,0.555555582047,0.0746902376413,0.0271845795214,0.0475056581199
0.207920789719,0.555555582047,0.0784096196294,0.0321600139141,0.0462496057153
0.217821776867,0.555555582047,0.0821250006557,0.0375709012151,0.0445540994406
0.227722764015,0.555555582047,0.0858357176185,0.0434258580208,0.0424098595977
0.237623751163,0.555555582047,0.0895410701632,0.0497303530574,0.0398107171059
0.247524753213,0.555555582047,0.0932402461767,0.0564860105515,0.0367542356253
0.25742572546,0.555555582047,0.0969323590398,0.063689135015,0.0332432240248
0.267326742411,0.555555582047,0.100616462529,0.0713299512863,0.0292865112424
0.277227729559,0.555555582047,0.104291453958,0.0793905258179,0.0249009281397
0.287128716707,0.555555582047,0.107956171036,0.0878437831998,0.020112387836
0.297029703856,0.555555582047,0.11160928756,0.096652328968,0.0149569585919
0.306930691004,0.555555582047,0.115249440074,0.10576724261,0.00948219746351
0.316831678152,0.555555582047,0.118875049055,0.115127153695,0.00374789535999
0.3267326653,0.555555582047,0.122484475374,0.124658547342,0.0021740719676
0.336633652449,0.555555582047,0.126075834036,0.13427606225,0.00820022821426
0.346534639597,0.555555582047,0.129647165537,0.143883764744,0.0142365992069
0.356435626745,0.555555582047,0.13319632411,0.15337780118,0.0201814770699
0.366336613894,0.555555582047,0.136720985174,0.16264846921,0.0259274840355
0.376237630844,0.555555582047,0.140218570828,0.171584367752,0.0313657969236
0.386138617992,0.555555582047,0.143686398864,0.180076062679,0.0363896638155
0.396039605141,0.555555582047,0.147121459246,0.188019603491,0.0408981442451
0.405940592289,0.555555582047,0.150520607829,0.195320367813,0.044799759984
0.415841579437,0.555555582047,0.153880417347,0.20189628005,0.0480158627033
0.425742566586,0.555555582047,0.157197192311,0.207679688931,0.0504824966192
0.435643553734,0.555555582047,0.160466969013,0.212619483471,0.0521525144577
0.445544540882,0.555555582047,0.163685470819,0.216680914164,0.0529954433441
0.45544552803,0.555555582047,0.166848152876,0.219847053289,0.0529989004135
0.465346515179,0.555555582047,0.169950127602,0.222117096186,0.0521669685841
0.475247502327,0.555555582047,0.172986119986,0.223506063223,0.0505199432373
0.485148519278,0.555555582047,0.175950601697,0.224043339491,0.0480927377939
0.495049506426,0.555555582047,0.178837537766,0.223770290613,0.0449327528477
0.504950523376,0.555555582047,0.181640595198,0.222739219666,0.0410986244678
0.51485145092,0.555555582047,0.184352934361,0.221009910107,0.0366569757462
0.524752497673,0.555555582047,0.186967432499,0.218647778034,0.0316803455353
0.534653484821,0.555555582047,0.18947635591,0.215721338987,0.026244983077
0.54455447197,0.555555582047,0.191871613264,0.212299317122,0.0204277038574
0.554455459118,0.555555582047,0.19414460659,0.208449035883,0.0143044292927
0.564356446266,0.555555582047,0.196286246181,0.204234391451,0.00794814527035
0.574257433414,0.555555582047,0.198286950588,0.199715077877,0.00142812728882
0.584158420563,0.555555582047,0.200136646628,0.194945514202,0.00519113242626
0.594059407711,0.555555582047,0.201824679971,0.189974278212,0.0118504017591
0.603960394859,0.555555582047,0.203339979053,0.18484506011,0.0184949189425
0.613861382008,0.555555582047,0.204670935869,0.179595768452,0.0250751674175
0.623762369156,0.555555582047,0.205805391073,0.174259364605,0.0315460264683
0.633663415909,0.555555582047,0.206730812788,0.168863862753,0.0378669500351
0.643564343452,0.555555582047,0.207434087992,0.163433164358,0.0440009236336
0.653465390205,0.555555582047,0.207901746035,0.157986909151,0.0499148368835
0.663366317749,0.555555582047,0.208119899035,0.152541279793,0.0555786192417
0.673267364502,0.555555582047,0.208074316382,0.147108525038,0.0609657913446
0.683168292046,0.555555582047,0.207750573754,0.141698300838,0.0660522729158
0.693069338799,0.555555582047,0.207133859396,0.136317074299,0.0708167850971
0.702970266342,0.555555582047,0.206209421158,0.130969136953,0.0752402842045
0.712871313095,0.555555582047,0.204962387681,0.125656306744,0.0793060809374
0.722772240639,0.555555582047,0.203378006816,0.120379380882,0.0829986259341
0.732673287392,0.555555582047,0.201441660523,0.115137062967,0.0863045975566
0.74257427454,0.555555582047,0.199139267206,0.109927676618,0.0892115905881
0.752475261688,0.555555582047,0.196457073092,0.104748979211,0.0917080938816
0.762376248837,0.555555582047,0.193382143974,0.0995984598994,0.0937836840749
0.772277235985,0.555555582047,0.189902439713,0.094474196434,0.0954282432795
0.782178223133,0.555555582047,0.186006993055,0.0893746912479,0.0966323018074
0.792079210281,0.555555582047,0.181686013937,0.084299787879,0.097386226058
0.80198019743,0.555555582047,0.176931381226,0.0792500078678,0.0976813733578
0.811881184578,0.555555582047,0.171736747026,0.0742279216647,0.0975088253617
0.821782171726,0.555555582047,0.166097640991,0.0692375153303,0.0968601256609
0.831683158875,0.555555582047,0.16001188755,0.0642845705152,0.0957273170352
0.841584146023,0.555555582047,0.15347969532,0.0593768507242,0.0941028445959
0.851485133171,0.555555582047,0.146503999829,0.054524242878,0.0919797569513
0.861386120319,0.555555582047,0.139090552926,0.0497380197048,0.0893525332212
0.871287107468,0.555555582047,0.131247982383,0.0450319200754,0.0862160623074
0.881188154221,0.555555582047,0.122988305986,0.0404209941626,0.0825673118234
0.891089081764,0.555555582047,0.114326715469,0.0359226427972,0.0784040689468
0.900990128517,0.555555582047,0.105281449854,0.0315552391112,0.0737262070179
0.910891115665,0.555555582047,0.0958744436502,0.0273388251662,0.068535618484
0.920792102814,0.555555582047,0.0861305519938,0.0232950299978,0.062835521996
0.930693089962,0.555555582047,0.0760781168938,0.0194466300309,0.0566314868629
0.94059407711,0.555555582047,0.0657482296228,0.0158170349896,0.0499311946332
0.950495064259,0.555555582047,0.0551747716963,0.0124311167747,0.042743653059
0.960396051407,0.555555582047,0.0443943627179,0.00931454077363,0.0350798219442
0.970297038555,0.555555582047,0.0334455817938,0.00649340823293,0.0269521735609
0.980198025703,0.555555582047,0.0223688781261,0.00399479456246,0.0183740835637
0.990099012852,0.555555582047,0.0112060178071,0.00184628367424,0.00935973413289
0.00990098994225,0.565656542778,0.0037002034951,-0.00160465296358,0.00530485622585
0.0198019798845,0.565656542778,0.0074004069902,-0.00264323595911,0.010043643415
0.0297029688954,0.565656542778,0.0111006060615,-0.00347649492323,0.0145771009848
0.039603959769,0.565656542778,0.0148007944226,-0.0040941182524,0.018894912675
0.0495049506426,0.565656542778,0.0185009595007,-0.00448472239077,0.0229856818914
0.0594059377909,0.565656542778,0.022201070562,-0.00463739223778,0.0268384627998
0.0693069323897,0.565656542778,0.0259011033922,-0.00454043690115,0.0304415412247
0.079207919538,0.565656542778,0.0296009946615,-0.00418220832944,0.0337832048535
0.0891089066863,0.565656542778,0.0333006829023,-0.00355041772127,0.0368511006236
0.0990099012852,0.565656542778,0.0370000898838,-0.00263257231563,0.0396326631308
0.108910888433,0.565656542778,0.0406990982592,-0.00141575653106,0.0421148538589
0.118811875582,0.565656542778,0.0443975739181,0.000113502144814,0.0442840717733
0.12871286273,0.565656542778,0.0480953603983,0.00196873024106,0.0461266301572
0.138613864779,0.565656542778,0.0517922714353,0.00416424497962,0.0476280264556
0.148514851928,0.565656542778,0.0554880574346,0.00671454146504,0.0487735159695
0.158415839076,0.565656542778,0.0591824799776,0.00963464193046,0.0495478361845
0.168316826224,0.565656542778,0.0628752186894,0.0129395611584,0.049935657531
0.178217813373,0.565656542778,0.0665659159422,0.0166445896029,0.0499213263392
0.188118815422,0.565656542778,0.0702541992068,0.0207647569478,0.0494894422591
0.19801980257,0.565656542778,0.0739395916462,0.0253149755299,0.0486246161163
0.207920789719,0.565656542778,0.0776215940714,0.0303087793291,0.0473128147423
0.217821776867,0.565656542778,0.0812996327877,0.0357585735619,0.0455410592258
0.227722764015,0.565656542778,0.0849730595946,0.0416746139526,0.043298445642
0.237623751163,0.565656542778,0.0886411741376,0.0480639189482,0.0405772551894
0.247524753213,0.565656542778,0.0923031717539,0.0549296364188,0.0373735353351
0.25742572546,0.565656542778,0.095958173275,0.0622694939375,0.0336886793375
0.267326742411,0.565656542778,0.0996052473783,0.0700744539499,0.0295307934284
0.277227729559,0.565656542778,0.10324332118,0.0783274099231,0.0249159112573
0.287128716707,0.565656542778,0.106871195138,0.0870014056563,0.0198697894812
0.297029703856,0.565656542778,0.110487602651,0.0960587114096,0.0144288912416
0.306930691004,0.565656542778,0.114091172814,0.105448909104,0.0086422637105
0.316831678152,0.565656542778,0.117680348456,0.115108884871,0.0025714635849
0.3267326653,0.565656542778,0.121253490448,0.124962113798,0.00370862334967
0.336633652449,0.565656542778,0.124808743596,0.134919673204,0.0101109296083
0.346534639597,0.565656542778,0.128344208002,0.144880950451,0.0165367424488
0.356435626745,0.565656542778,0.131857678294,0.154737055302,0.0228793770075
0.366336613894,0.565656542778,0.135346904397,0.164372265339,0.0290253609419
0.376237630844,0.565656542778,0.138809368014,0.173669308424,0.0348599404097
0.386138617992,0.565656542778,0.142242327332,0.182512015104,0.0402696877718
0.396039605141,0.565656542778,0.145642861724,0.190790325403,0.0451474636793
0.405940592289,0.565656542778,0.149007856846,0.198403388262,0.0493955314159
0.415841579437,0.565656542778,0.152333885431,0.205262809992,0.0529289245605
0.425742566586,0.565656542778,0.155617341399,0.211295247078,0.0556779056787
0.435643553734,0.565656542778,0.15885424614,0.216444015503,0.0575897693634
0.445544540882,0.565656542778,0.162040412426,0.22066912055,0.0586287081242
0.45544552803,0.565656542778,0.165171310306,0.223948597908,0.0587772876024
0.465346515179,0.565656542778,0.168242111802,0.226277589798,0.0580354779959
0.475247502327,0.565656542778,0.171247601509,0.227667123079,0.0564195215702
0.485148519278,0.565656542778,0.174182265997,0.228143632412,0.053961366415
0.495049506426,0.565656542778,0.177040204406,0.227747291327,0.0507070869207
0.504950523376,0.565656542778,0.179815083742,0.226529836655,0.0467147529125
0.51485145092,0.565656542778,0.182500168681,0.22455278039,0.0420526117086
0.524752497673,0.565656542778,0.185088396072,0.221885204315,0.0367968082428
0.534653484821,0.565656542778,0.187572106719,0.218600541353,0.0310284346342
0.54455447197,0.565656542778,0.189943283796,0.214774906635,0.024831622839
0.554455459118,0.565656542778,0.192193433642,0.210483342409,0.0182899087667
0.564356446266,0.565656542778,0.194313541055,0.205799072981,0.0114855319262
0.574257433414,0.565656542778,0.196294143796,0.200790762901,0.00449661910534
0.584158420563,0.565656542778,0.198125243187,0.195522338152,0.00260290503502
0.594059407711,0.565656542778,0.199796304107,0.190051078796,0.00974522531033
0.603960394859,0.565656542778,0.201296374202,0.184428453445,0.0168679207563
0.613861382008,0.565656542778,0.202613964677,0.178699046373,0.0239149183035
0.623762369156,0.565656542778,0.203737035394,0.172901630402,0.0308354049921
0.633663415909,0.565656542778,0.204653143883,0.167069137096,0.0375840067863
0.643564343452,0.565656542778,0.205349355936,0.161229103804,0.0441202521324
0.653465390205,0.565656542778,0.205812290311,0.155403584242,0.050408706069
0.663366317749,0.565656542778,0.20602825284,0.149610698223,0.0564175546169
0.673267364502,0.565656542778,0.205983161926,0.143864154816,0.0621190071106
0.683168292046,0.565656542778,0.205662637949,0.138173639774,0.0674889981747
0.693069338799,0.565656542778,0.205052152276,0.132546156645,0.0725059956312
0.702970266342,0.565656542778,0.204136997461,0.126985490322,0.0771515071392
0.712871313095,0.565656542778,0.202902495861,0.121492825449,0.0814096704125
0.722772240639,0.565656542778,0.201334029436,0.116068102419,0.0852659270167
0.732673287392,0.565656542778,0.199417129159,0.110709287226,0.0887078419328
0.74257427454,0.565656542778,0.197137892246,0.105413369834,0.0917245224118
0.752475261688,0.565656542778,0.194482654333,0.100176908076,0.0943057462573
0.762376248837,0.565656542778,0.191438630223,0.0949964746833,0.09644215554
0.772277235985,0.565656542778,0.187993898988,0.0898686647415,0.0981252342463
0.782178223133,0.565656542778,0.184137582779,0.0847907066345,0.0993468761444
0.792079210281,0.565656542778,0.179860040545,0.0797611549497,0.100098885596
0.80198019743,0.565656542778,0.175153210759,0.074779599905,0.100373610854
0.811881184578,0.565656542778,0.170010775328,0.0698470696807,0.100163705647
0.821782171726,0.565656542778,0.16442835331,0.0649665370584,0.0994618162513
0.831683158875,0.565656542778,0.158403754234,0.0601425915956,0.0982611626387
0.841584146023,0.565656542778,0.151937201619,0.0553819537163,0.0965552479029
0.851485133171,0.565656542778,0.145031630993,0.0506932213902,0.0943384096026
0.861386120319,0.565656542778,0.137692689896,0.0460867658257,0.0916059240699
0.871287107468,0.565656542778,0.129928931594,0.0415751747787,0.0883537530899
0.881188154221,0.565656542778,0.121752262115,0.0371725782752,0.0845796838403
0.891089081764,0.565656542778,0.113177724183,0.0328953117132,0.0802824124694
0.900990128517,0.565656542778,0.104223363101,0.0287607870996,0.0754625797272
0.910891115665,0.565656542778,0.094910889864,0.0247884392738,0.0701224505901
0.920792102814,0.565656542778,0.0852649286389,0.0209986492991,0.0642662793398
0.930693089962,0.565656542778,0.0753135159612,0.0174132622778,0.0579002536833
0.94059407711,0.565656542778,0.0650874525309,0.0140552762896,0.0510321781039
0.950495064259,0.565656542778,0.0546202585101,0.0109487045556,0.0436715558171
0.960396051407,0.565656542778,0.0439481958747,0.00811788253486,0.0358303114772
0.970297038555,0.565656542778,0.0331094488502,0.00558876618743,0.0275206826627
0.980198025703,0.565656542778,0.0221440698951,0.00338746421039,0.0187566056848
0.990099012852,0.565656542778,0.0110933966935,0.00154091417789,0.00955248251557
0.00990098994225,0.575757563114,0.0036630157847,-0.00173916481435,0.00540218036622
0.0198019798845,0.575757563114,0.00732603156939,-0.00290888920426,0.010234920308
0.0297029688954,0.575757563114,0.0109890438616,-0.0038729486987,0.0148619925603
0.039603959769,0.575757563114,0.014652043581,-0.00461997743696,0.0192720219493
0.0495049506426,0.575757563114,0.0183150209486,-0.00513880513608,0.0234538260847
0.0594059377909,0.575757563114,0.0219779461622,-0.00541735906154,0.0273953042924
0.0693069323897,0.575757563114,0.0256407931447,-0.00544361677021,0.0310844108462
0.079207919538,0.575757563114,0.0293034985662,-0.00520520843565,0.0345087051392
0.0891089066863,0.575757563114,0.0329660028219,-0.00468887668103,0.0376548804343
0.0990099012852,0.575757563114,0.0366282314062,-0.00388164259493,0.0405098721385
0.108910888433,0.575757563114,0.0402900651097,-0.00276936404407,0.0430594310164
0.118811875582,0.575757563114,0.043951369822,-0.00133803393692,0.0452894046903
0.12871286273,0.575757563114,0.0476119928062,0.000427447259426,0.0471845455468
0.138613864779,0.575757563114,0.0512717477977,0.00254212878644,0.0487296208739
0.148514851928,0.575757563114,0.0549303926528,0.00502200610936,0.0499083846807
0.158415839076,0.575757563114,0.0585876852274,0.007882963866,0.0507047213614
0.168316826224,0.575757563114,0.062243308872,0.0111418552697,0.0511014536023
0.178217813373,0.575757563114,0.0658969134092,0.0148151982576,0.0510817170143
0.188118815422,0.575757563114,0.0695481300354,0.0189198553562,0.0506282746792
0.19801980257,0.575757563114,0.0731964856386,0.0234719626606,0.0497245229781
0.207920789719,0.575757563114,0.07684148103,0.028486918658,0.048354562372
0.217821776867,0.575757563114,0.080482557416,0.033978972584,0.046503584832
0.227722764015,0.575757563114,0.084119066596,0.0399598293006,0.0441592372954
0.237623751163,0.575757563114,0.0877503156662,0.046438485384,0.0413118302822
0.247524753213,0.575757563114,0.0913755074143,0.0534194111824,0.0379560962319
0.25742572546,0.575757563114,0.0949937775731,0.0609018653631,0.03409191221
0.267326742411,0.575757563114,0.0986042022705,0.0688775405288,0.0297266617417
0.277227729559,0.575757563114,0.102205701172,0.077330455184,0.0248752459884
0.287128716707,0.575757563114,0.105797126889,0.0862334370613,0.0195636898279
0.297029703856,0.575757563114,0.10937718302,0.0955483242869,0.0138288587332
0.306930691004,0.575757563114,0.112944528461,0.105223506689,0.00772102177143
0.316831678152,0.575757563114,0.116497635841,0.115193717182,0.00130391865969
0.3267326653,0.575757563114,0.120034873486,0.125379562378,0.00534468889236
0.336633652449,0.575757563114,0.1235544011,0.135688126087,0.0121337249875
0.346534639597,0.575757563114,0.127054318786,0.146014481783,0.0189601629972
0.356435626745,0.575757563114,0.130532503128,0.156244009733,0.0257115066051
0.366336613894,0.575757563114,0.133986651897,0.166255533695,0.0322688817978
0.376237630844,0.575757563114,0.137414306402,0.175925254822,0.0385109484196
0.386138617992,0.575757563114,0.140812769532,0.185130894184,0.0443181246519
0.396039605141,0.575757563114,0.14417912066,0.19375616312,0.0495770424604
0.405940592289,0.575757563114,0.147510305047,0.201693862677,0.0541835576296
0.415841579437,0.575757563114,0.150802910328,0.208849668503,0.0580467581749
0.425742566586,0.575757563114,0.154053345323,0.215144723654,0.0610913783312
0.435643553734,0.575757563114,0.157257735729,0.220516771078,0.0632590353489
0.445544540882,0.575757563114,0.16041187942,0.224920541048,0.0645086616278
0.45544552803,0.575757563114,0.163511306047,0.228329390287,0.06481808424
0.465346515179,0.575757563114,0.166551247239,0.230733454227,0.0641822069883
0.475247502327,0.575757563114,0.169526517391,0.232139915228,0.0626133978367
0.485148519278,0.575757563114,0.172431707382,0.232571661472,0.0601399540901
0.495049506426,0.575757563114,0.175260901451,0.232066303492,0.0568054020405
0.504950523376,0.575757563114,0.178007900715,0.230675458908,0.0526675581932
0.51485145092,0.575757563114,0.180665999651,0.22846069932,0.0477946996689
0.524752497673,0.575757563114,0.183228209615,0.225494295359,0.0422660857439
0.534653484821,0.575757563114,0.185686975718,0.221854388714,0.0361674129963
0.54455447197,0.575757563114,0.188034310937,0.217623382807,0.0295890718699
0.554455459118,0.575757563114,0.190261855721,0.212884813547,0.0226229578257
0.564356446266,0.575757563114,0.192360669374,0.207720935345,0.0153602659702
0.574257433414,0.575757563114,0.194321349263,0.202210515738,0.00788916647434
0.584158420563,0.575757563114,0.19613404572,0.196426600218,0.000292554497719
0.594059407711,0.575757563114,0.197788313031,0.190436452627,0.00735186040401
0.603960394859,0.575757563114,0.199273318052,0.184299707413,0.0149736106396
0.613861382008,0.575757563114,0.200577661395,0.178068727255,0.0225089341402
0.623762369156,0.575757563114,0.201689437032,0.171788811684,0.0299006253481
0.633663415909,0.575757563114,0.202596336603,0.165498018265,0.0370983183384
0.643564343452,0.575757563114,0.203285545111,0.159227848053,0.0440576970577
0.653465390205,0.575757563114,0.203743845224,0.153003513813,0.0507403314114
0.663366317749,0.575757563114,0.203957647085,0.14684510231,0.057112544775
0.673267364502,0.575757563114,0.203912988305,0.14076757431,0.0631454139948
0.683168292046,0.575757563114,0.20359569788,0.134781569242,0.0688141286373
0.693069338799,0.575757563114,0.202991336584,0.128893733025,0.0740976035595
0.702970266342,0.575757563114,0.202085390687,0.123107872903,0.0789775177836
0.712871313095,0.575757563114,0.200863286853,0.117424346507,0.0834389403462
0.722772240639,0.575757563114,0.199310585856,0.111842311919,0.0874682739377
0.732673287392,0.575757563114,0.197412967682,0.10635830462,0.0910546630621
0.74257427454,0.575757563114,0.195156604052,0.100968435407,0.0941881686449
0.752475261688,0.575757563114,0.192528069019,0.095667950809,0.0968601182103
0.762376248837,0.575757563114,0.189514636993,0.0904518961906,0.0990627408028
0.772277235985,0.575757563114,0.186104521155,0.0853156298399,0.100788891315
0.782178223133,0.575757563114,0.182286977768,0.0802551954985,0.102031782269
0.792079210281,0.575757563114,0.178052410483,0.0752675905824,0.102784819901
0.80198019743,0.575757563114,0.173392876983,0.0703510791063,0.103041797876
0.811881184578,0.575757563114,0.168302118778,0.0655054003,0.102796718478
0.821782171726,0.575757563114,0.162775814533,0.0607323870063,0.102043427527
0.831683158875,0.575757563114,0.156811773777,0.05603531003,0.100776463747
0.841584146023,0.575757563114,0.150410205126,0.0514198318124,0.0989903733134
0.851485133171,0.575757563114,0.143574029207,0.0468930602074,0.0966809689999
0.861386120319,0.575757563114,0.136308848858,0.0424646250904,0.0938442200422
0.871287107468,0.575757563114,0.128623113036,0.0381458811462,0.0904772281647
0.881188154221,0.575757563114,0.120528630912,0.0339499823749,0.0865786522627
0.891089081764,0.575757563114,0.112040258944,0.0298921912909,0.0821480676532
0.900990128517,0.575757563114,0.103175893426,0.0259891375899,0.077186755836
0.910891115665,0.575757563114,0.0939570143819,0.0222588963807,0.0716981142759
0.920792102814,0.575757563114,0.0844080001116,0.018721435219,0.0656865686178
0.930693089962,0.575757563114,0.0745566040277,0.0153973214328,0.0591592825949
0.94059407711,0.575757563114,0.0644333064556,0.01230911538,0.0521241910756
0.950495064259,0.575757563114,0.0540713146329,0.00947945564985,0.044591858983
0.960396051407,0.575757563114,0.0435065068305,0.00693276897073,0.0365737378597
0.970297038555,0.575757563114,0.0327766947448,0.00469341874123,0.0280832760036
0.980198025703,0.575757563114,0.0219215173274,0.0027874018997,0.0191341154277
0.990099012852,0.575757563114,0.0109819062054,0.00124052166939,0.00974138453603
0.00990098994225,0.58585858345,0.00362620176747,-0.00187143217772,0.0054976339452
0.0198019798845,0.58585858345,0.00725240353495,-0.00317082833499,0.0104232318699
0.0297029688954,0.58585858345,0.0108786020428,-0.00426400918514,0.0151426112279
0.039603959769,0.58585858345,0.0145047884434,-0.00513947661966,0.0196442641318
0.0495049506426,0.58585858345,0.0181309524924,-0.00578509643674,0.0239160489291
0.0594059377909,0.58585858345,0.0217570643872,-0.00618845969439,0.0279455240816
0.0693069323897,0.58585858345,0.025383098051,-0.00633686874062,0.0317199677229
0.079207919538,0.58585858345,0.029008993879,-0.00621702708304,0.035226020962
0.0891089066863,0.58585858345,0.0326346904039,-0.00581515859812,0.0384498499334
0.0990099012852,0.58585858345,0.0362601131201,-0.00511731300503,0.0413774251938
0.108910888433,0.58585858345,0.0398851409554,-0.0041085369885,0.0439936779439
0.118811875582,0.58585858345,0.0435096547008,-0.00277373194695,0.0462833866477
0.12871286273,0.58585858345,0.0471334829926,-0.00109686888754,0.0482303500175
0.138613864779,0.58585858345,0.0507564581931,0.00093843229115,0.0498180240393
0.148514851928,0.58585858345,0.0543783344328,0.00334908254445,0.0510292500257
0.158415839076,0.58585858345,0.0579988695681,0.006152683869,0.0518461838365
0.168316826224,0.58585858345,0.0616177543998,0.00936727970839,0.0522504746914
0.178217813373,0.58585858345,0.0652346387506,0.0130111817271,0.0522234588861
0.188118815422,0.58585858345,0.0688491538167,0.0171024389565,0.0517467148602
0.19801980257,0.58585858345,0.0724608525634,0.0216589905322,0.0508018620312
0.207920789719,0.58585858345,0.07606921345,0.0266983471811,0.0493708662689
0.217821776867,0.58585858345,0.0796737000346,0.0322362147272,0.0474374853075
0.227722764015,0.58585858345,0.0832736566663,0.0382863432169,0.0449873134494
0.237623751163,0.58585858345,0.0868684127927,0.0448589473963,0.0420094653964
0.247524753213,0.58585858345,0.0904571712017,0.051960632205,0.0384965389967
0.25742572546,0.58585858345,0.0940390825272,0.0595916509628,0.0344474315643
0.267326742411,0.58585858345,0.0976132154465,0.0677454173565,0.02986779809
0.277227729559,0.58585858345,0.101178511977,0.0764056667686,0.0247728452086
0.287128716707,0.58585858345,0.104733847082,0.0855462029576,0.019187644124
0.297029703856,0.58585858345,0.108277924359,0.095127761364,0.0131501629949
0.306930691004,0.58585858345,0.111809425056,0.105097576976,0.00671184808016
0.316831678152,0.58585858345,0.115326821804,0.115388147533,6.13257288933e-05
0.3267326653,0.58585858345,0.118828505278,0.125916987658,0.00708848237991
0.336633652449,0.58585858345,0.122312650084,0.136587381363,0.0142747312784
0.346534639597,0.58585858345,0.125777408481,0.14728936553,0.0215119570494
0.356435626745,0.58585858345,0.129220619798,0.157902985811,0.0286823660135
0.366336613894,0.58585858345,0.132640063763,0.168301254511,0.0356611907482
0.376237630844,0.58585858345,0.136033266783,0.178354144096,0.0423208773136
0.386138617992,0.58585858345,0.139397576451,0.187933146954,0.0485355705023
0.396039605141,0.58585858345,0.142730101943,0.196915626526,0.0541855245829
0.405940592289,0.58585858345,0.146027803421,0.205188572407,0.0591607689857
0.415841579437,0.58585858345,0.149287313223,0.212652146816,0.0633648335934
0.425742566586,0.58585858345,0.152505099773,0.219221740961,0.0667166411877
0.435643553734,0.58585858345,0.15567727387,0.224829912186,0.0691526383162
0.445544540882,0.58585858345,0.158799722791,0.229426681995,0.0706269592047
0.45544552803,0.58585858345,0.16186799109,0.232979625463,0.0711116343737
0.465346515179,0.58585858345,0.164877384901,0.235474556684,0.0705971717834
0.475247502327,0.58585858345,0.167822748423,0.236914247274,0.0690914988518
0.485148519278,0.58585858345,0.170698747039,0.237317562103,0.0666188150644
0.495049506426,0.58585858345,0.173499509692,0.236719399691,0.0632198899984
0.504950523376,0.58585858345,0.176218897104,0.235169202089,0.058950304985
0.51485145092,0.58585858345,0.178850293159,0.232729256153,0.0538789629936
0.524752497673,0.58585858345,0.181386739016,0.229473173618,0.0480864346027
0.534653484821,0.58585858345,0.183820784092,0.22548353672,0.0416627526283
0.54455447197,0.58585858345,0.186144545674,0.220848709345,0.0347041636705
0.554455459118,0.58585858345,0.188349694014,0.215660303831,0.0273106098175
0.564356446266,0.58585858345,0.190427407622,0.210009515285,0.0195821076632
0.574257433414,0.58585858345,0.192368388176,0.203985244036,0.0116168558598
0.584158420563,0.58585858345,0.194162860513,0.197671085596,0.00350822508335
0.594059407711,0.58585858345,0.195800513029,0.191144347191,0.00465616583824
0.603960394859,0.58585858345,0.197270587087,0.184473901987,0.0127966850996
0.613861382008,0.58585858345,0.198561817408,0.177720576525,0.0208412408829
0.623762369156,0.58585858345,0.199662417173,0.170936465263,0.02872595191
0.633663415909,0.58585858345,0.200560227036,0.164165645838,0.0363945811987
0.643564343452,0.58585858345,0.201242506504,0.157444149256,0.0437983572483
0.653465390205,0.58585858345,0.201696187258,0.150800645351,0.0508955419064
0.663366317749,0.58585858345,0.20190782845,0.14425778389,0.0576500445604
0.673267364502,0.58585858345,0.201863631606,0.137831568718,0.0640320628881
0.683168292046,0.58585858345,0.201549530029,0.131533741951,0.0700157880783
0.693069338799,0.58585858345,0.200951248407,0.125370919704,0.0755803287029
0.702970266342,0.58585858345,0.200054392219,0.119346581399,0.0807078108191
0.712871313095,0.58585858345,0.198844581842,0.113460414112,0.0853841677308
0.722772240639,0.58585858345,0.197307482362,0.107710339129,0.0895971432328
0.732673287392,0.58585858345,0.195428922772,0.102092124522,0.0933367982507
0.74257427454,0.58585858345,0.193195253611,0.0966002941132,0.0965949594975
0.752475261688,0.58585858345,0.190593138337,0.0912287980318,0.0993643403053
0.762376248837,0.58585858345,0.187609985471,0.0859711319208,0.10163885355
0.772277235985,0.58585858345,0.184234157205,0.0808212161064,0.103412941098
0.782178223133,0.58585858345,0.180454969406,0.0757734775543,0.104681491852
0.792079210281,0.58585858345,0.176262959838,0.0708237886429,0.105439171195
0.80198019743,0.58585858345,0.171650260687,0.0659686774015,0.105681583285
0.811881184578,0.58585858345,0.166610658169,0.0612069815397,0.105403676629
0.821782171726,0.58585858345,0.161139890552,0.0565387234092,0.104601167142
0.831683158875,0.58585858345,0.155235782266,0.0519659891725,0.103269793093
0.841584146023,0.58585858345,0.148898556828,0.0474932417274,0.101405315101
0.851485133171,0.58585858345,0.142131090164,0.0431265085936,0.0990045815706
0.861386120319,0.58585858345,0.134938925505,0.0388740003109,0.0960649251938
0.871287107468,0.58585858345,0.127330422401,0.0347463265061,0.0925840958953
0.881188154221,0.58585858345,0.119317293167,0.0307552404702,0.0885620564222
0.891089081764,0.58585858345,0.110914245248,0.026914998889,0.0839992463589
0.900990128517,0.58585858345,0.102138966322,0.0232412740588,0.0788976922631
0.910891115665,0.58585858345,0.0930127352476,0.0197514668107,0.0732612684369
0.920792102814,0.58585858345,0.083559691906,0.0164642669261,0.0670954287052
0.930693089962,0.58585858345,0.0738072991371,0.0133996699005,0.0604076310992
0.94059407711,0.58585858345,0.063785739243,0.0105790570378,0.0532066822052
0.950495064259,0.58585858345,0.0535278879106,0.00802451185882,0.0455033779144
0.960396051407,0.58585858345,0.0430692620575,0.00575940310955,0.037309858948
0.970297038555,0.58585858345,0.0324472859502,0.00380772165954,0.0286395642906
0.980198025703,0.58585858345,0.0217012017965,0.00219435989857,0.019506841898
0.990099012852,0.58585858345,0.0108715360984,0.000945072621107,0.00992646347731
0.00990098994225,0.595959603786,0.00358975795098,-0.00200110860169,0.00559086631984
0.0198019798845,0.595959603786,0.00717951590195,-0.00342878326774,0.010608298704
0.0297029688954,0.595959603786,0.0107692703605,-0.00464969594032,0.0154189663008
0.039603959769,0.595959603786,0.0143590122461,-0.00565202441067,0.0200110375881
0.0495049506426,0.595959603786,0.0179487317801,-0.0064230710268,0.0243718028069
0.0594059377909,0.595959603786,0.0215384028852,-0.00694990064949,0.028488304466
0.0693069323897,0.595959603786,0.0251279938966,-0.00721902493387,0.0323470197618
0.079207919538,0.595959603786,0.0287174489349,-0.00721644517034,0.0359338931739
0.0891089066863,0.595959603786,0.0323067046702,-0.00692787859589,0.0392345823348
0.0990099012852,0.595959603786,0.0358956903219,-0.00633805524558,0.0422337464988
0.108910888433,0.595959603786,0.0394842885435,-0.00543151330203,0.0449158027768
0.118811875582,0.595959603786,0.0430723764002,-0.00419194996357,0.0472643263638
0.12871286273,0.595959603786,0.0466597862542,-0.00260225962847,0.049262046814
0.138613864779,0.595959603786,0.0502463467419,-0.000644823536277,0.0508911684155
0.148514851928,0.595959603786,0.0538318231702,0.00169838406146,0.0521334409714
0.158415839076,0.595959603786,0.0574159696698,0.00444651395082,0.052969455719
0.168316826224,0.595959603786,0.0609984844923,0.007618913427,0.053379572928
0.178217813373,0.595959603786,0.0645790174603,0.0112354476005,0.0533435717225
0.188118815422,0.595959603786,0.0681572109461,0.0153160654008,0.0528411455452
0.19801980257,0.595959603786,0.0717326104641,0.0198803544044,0.0518522560596
0.207920789719,0.595959603786,0.0753047093749,0.0249475501478,0.0503571592271
0.217821776867,0.595959603786,0.0788729637861,0.0305351391435,0.0483378246427
0.227722764015,0.595959603786,0.0824367403984,0.0366588048637,0.0457779355347
0.237623751163,0.595959603786,0.0859953612089,0.0433308109641,0.0426645502448
0.247524753213,0.595959603786,0.0895480588078,0.0505590215325,0.0389890372753
0.25742572546,0.595959603786,0.0930939763784,0.0583453327417,0.0347486436367
0.267326742411,0.595959603786,0.0966321900487,0.0666840821505,0.0299481078982
0.277227729559,0.595959603786,0.100161656737,0.0755598917603,0.024601764977
0.287128716707,0.595959603786,0.103681243956,0.084946282208,0.0187349617481
0.297029703856,0.595959603786,0.107189714909,0.0948036834598,0.0123860314488
0.306930691004,0.595959603786,0.11068572104,0.105077773333,0.00560794770718
0.316831678152,0.595959603786,0.114167757332,0.11569879204,0.00153103470802
0.3267326653,0.595959603786,0.117634251714,0.126580893993,0.00894664227962
0.336633652449,0.595959603786,0.121083393693,0.137623161077,0.0165397673845
0.346534639597,0.595959603786,0.124513320625,0.148710936308,0.0241976156831
0.356435626745,0.595959603786,0.127921923995,0.159718483686,0.0317965596914
0.366336613894,0.595959603786,0.131307020783,0.170512884855,0.0392058640718
0.376237630844,0.595959603786,0.134666100144,0.180958002806,0.0462919026613
0.386138617992,0.595959603786,0.137996599078,0.190919190645,0.052922591567
0.396039605141,0.595959603786,0.14129562676,0.200267702341,0.0589720755816
0.405940592289,0.595959603786,0.144560202956,0.20888492465,0.064324721694
0.415841579437,0.595959603786,0.147786945105,0.216665714979,0.0688787698746
0.425742566586,0.595959603786,0.150972381234,0.223520249128,0.0725478678942
0.435643553734,0.595959603786,0.154112696648,0.229375690222,0.0752629935741
0.445544540882,0.595959603786,0.157203748822,0.234177529812,0.0769737809896
0.45544552803,0.595959603786,0.160241186619,0.237888604403,0.0776474177837
0.465346515179,0.595959603786,0.163220331073,0.240489512682,0.0772691816092
0.475247502327,0.595959603786,0.166136115789,0.241978436708,0.075842320919
0.485148519278,0.595959603786,0.168983191252,0.242370039225,0.0733868479729
0.495049506426,0.595959603786,0.171755805612,0.241695642471,0.0699398368597
0.504950523376,0.595959603786,0.174447864294,0.240002036095,0.0655541718006
0.51485145092,0.595959603786,0.177052810788,0.237351000309,0.0602981895208
0.524752497673,0.595959603786,0.179563775659,0.233817309141,0.0542535334826
0.534653484821,0.595959603786,0.181973353028,0.229486405849,0.0475130528212
0.54455447197,0.595959603786,0.184273764491,0.224452286959,0.0401785224676
0.554455459118,0.595959603786,0.186456739902,0.218813955784,0.0323572158813
0.564356446266,0.595959603786,0.188513576984,0.212671875954,0.0241582989693
0.574257433414,0.595959603786,0.190435051918,0.206125259399,0.0156902074814
0.584158420563,0.595959603786,0.19221149385,0.199268311262,0.00705681741238
0.594059407711,0.595959603786,0.193832695484,0.192188948393,0.00164374709129
0.603960394859,0.595959603786,0.19528798759,0.184966087341,0.0103219002485
0.613861382008,0.595959603786,0.196566238999,0.177669972181,0.018896266818
0.623762369156,0.595959603786,0.197655797005,0.170360386372,0.0272954106331
0.633663415909,0.595959603786,0.198544546962,0.163087695837,0.0354568511248
0.643564343452,0.595959603786,0.199219986796,0.15589338541,0.0433266013861
0.653465390205,0.595959603786,0.199669092894,0.14881002903,0.0508590638638
0.663366317749,0.595959603786,0.199878633022,0.141862690449,0.0580159425735
0.673267364502,0.595959603786,0.199834868312,0.135069489479,0.0647653788328
0.683168292046,0.595959603786,0.19952391088,0.128442704678,0.0710812062025
0.693069338799,0.595959603786,0.198931649327,0.121989272535,0.0769423767924
0.702970266342,0.595959603786,0.198043808341,0.115712352097,0.082331456244
0.712871313095,0.595959603786,0.196846172214,0.10961086303,0.0872353091836
0.722772240639,0.595959603786,0.195324510336,0.103681817651,0.0916426926851
0.732673287392,0.595959603786,0.193464845419,0.0979193374515,0.0955455079675
0.74257427454,0.595959603786,0.191253617406,0.0923168584704,0.0989367589355
0.752475261688,0.595959603786,0.188677638769,0.0868665650487,0.10181107372
0.762376248837,0.595959603786,0.185724467039,0.0815605521202,0.104163914919
0.772277235985,0.595959603786,0.182382568717,0.0763911381364,0.105991430581
0.782178223133,0.595959603786,0.178641349077,0.0713511630893,0.107290185988
0.792079210281,0.595959603786,0.174491494894,0.0664346963167,0.108056798577
0.80198019743,0.595959603786,0.169925138354,0.0616372451186,0.108287893236
0.811881184578,0.595959603786,0.164936199784,0.0569557398558,0.107980459929
0.821782171726,0.595959603786,0.159520402551,0.0523890629411,0.10713133961
0.831683158875,0.595959603786,0.15367564559,0.0479378923774,0.105737753212
0.841584146023,0.595959603786,0.147402107716,0.0436053611338,0.103796750307
0.851485133171,0.595959603786,0.140702649951,0.0393961369991,0.101306512952
0.861386120319,0.595959603786,0.133582755923,0.0353173986077,0.0982653573155
0.871287107468,0.595959603786,0.12605074048,0.0313783586025,0.0946723818779
0.881188154221,0.595959603786,0.118118137121,0.0275899581611,0.0905281752348
0.891089081764,0.595959603786,0.109799534082,0.023965343833,0.0858341902494
0.900990128517,0.595959603786,0.101112447679,0.0205190740526,0.0805933773518
0.910891115665,0.595959603786,0.0920779332519,0.0172673650086,0.074810564518
0.920792102814,0.595959603786,0.0827198922634,0.0142283774912,0.0684915184975
0.930693089962,0.595959603786,0.0730655193329,0.0114210490137,0.0616444721818
0.94059407711,0.595959603786,0.0631446838379,0.00886567682028,0.0542790070176
0.950495064259,0.595959603786,0.0529899224639,0.00658404827118,0.0464058741927
0.960396051407,0.595959603786,0.0426364056766,0.00459816493094,0.038038238883
0.970297038555,0.595959603786,0.0321211852133,0.00293192453682,0.0291892606765
0.980198025703,0.595959603786,0.0214831009507,0.00160897895694,0.0198741219938
0.990099012852,0.595959603786,0.0107622751966,0.000654412433505,0.0101078627631
0.00990098994225,0.606060624123,0.00355368014425,-0.00212811399251,0.00568179413676
0.0198019798845,0.606060624123,0.0071073602885,-0.00368237122893,0.0107897315174
0.0297029688954,0.606060624123,0.0106610367075,-0.00502972770482,0.0156907644123
0.039603959769,0.606060624123,0.0142147010192,-0.00615732744336,0.0203720293939
0.0495049506426,0.606060624123,0.0177683439106,-0.00705225020647,0.024820594117
0.0594059377909,0.606060624123,0.0213219374418,-0.00770096387714,0.0290229022503
0.0693069323897,0.606060624123,0.0248754508793,-0.0080893645063,0.0329648144543
0.079207919538,0.606060624123,0.0284288339317,-0.00820272788405,0.0366315618157
0.0891089066863,0.606060624123,0.0319820158184,-0.00802564714104,0.0400076620281
0.0990099012852,0.606060624123,0.0355349332094,-0.00754258781672,0.0430775210261
0.108910888433,0.606060624123,0.0390874631703,-0.00673672650009,0.0458241887391
0.118811875582,0.606060624123,0.042639490217,-0.00559069402516,0.0482301861048
0.12871286273,0.606060624123,0.0461908429861,-0.00408641528338,0.0502772592008
0.138613864779,0.606060624123,0.0497413650155,-0.00220532715321,0.0519466921687
0.148514851928,0.606060624123,0.0532907992601,7.24401324987e-05,0.053218357265
0.158415839076,0.606060624123,0.0568389259279,0.00276709347963,0.0540718324482
0.168316826224,0.606060624123,0.0603854358196,0.00589974597096,0.0544856898487
0.178217813373,0.606060624123,0.063929989934,0.00949154049158,0.0544384494424
0.188118815422,0.606060624123,0.0674722194672,0.0135644674301,0.053907752037
0.19801980257,0.606060624123,0.0710116773844,0.0181397609413,0.0528719164431
0.207920789719,0.606060624123,0.0745478719473,0.0232385843992,0.0513092875481
0.217821776867,0.606060624123,0.0780802741647,0.0288802795112,0.0491999946535
0.227722764015,0.606060624123,0.081608235836,0.0350824818015,0.0465257540345
0.237623751163,0.606060624123,0.0851310938597,0.0418593883514,0.0432717055082
0.247524753213,0.606060624123,0.0886480808258,0.0492202788591,0.0394278019667
0.25742572546,0.606060624123,0.0921583548188,0.0571686923504,0.0349896624684
0.267326742411,0.606060624123,0.0956610143185,0.065700083971,0.0299609303474
0.277227729559,0.606060624123,0.0991550013423,0.0747996121645,0.0243553891778
0.287128716707,0.606060624123,0.102639228106,0.0844408869743,0.0181983411312
0.297029703856,0.606060624123,0.106112442911,0.0945833623409,0.0115290805697
0.306930691004,0.606060624123,0.109573304653,0.105171643198,0.00440166145563
0.316831678152,0.606060624123,0.113020345569,0.116132967174,0.0031126216054
0.3267326653,0.606060624123,0.116452008486,0.127378106117,0.0109260976315
0.336633652449,0.606060624123,0.119866475463,0.138802081347,0.0189356058836
0.346534639597,0.606060624123,0.123261936009,0.150284826756,0.0270228907466
0.356435626745,0.606060624123,0.126636296511,0.161695122719,0.0350588262081
0.366336613894,0.606060624123,0.129987344146,0.172893971205,0.042906627059
0.376237630844,0.606060624123,0.133312687278,0.183738976717,0.0504262894392
0.386138617992,0.606060624123,0.136609718204,0.194089502096,0.0574797838926
0.396039605141,0.606060624123,0.1398755759,0.20381128788,0.0639357119799
0.405940592289,0.606060624123,0.143107324839,0.212779968977,0.0696726441383
0.415841579437,0.606060624123,0.146301656961,0.220885634422,0.0745839774609
0.425742566586,0.606060624123,0.149455085397,0.228033125401,0.0785780400038
0.435643553734,0.606060624123,0.15256382525,0.234145671129,0.0815818458796
0.445544540882,0.606060624123,0.155623823404,0.239163398743,0.0835395753384
0.45544552803,0.606060624123,0.158630728722,0.243044912815,0.0844141840935
0.465346515179,0.606060624123,0.161579921842,0.245765864849,0.0841859430075
0.475247502327,0.606060624123,0.164466410875,0.247319400311,0.0828529894352
0.485148519278,0.606060624123,0.167284876108,0.247715950012,0.080431073904
0.495049506426,0.606060624123,0.170029625297,0.246982485056,0.0769528597593
0.504950523376,0.606060624123,0.17269462347,0.245162904263,0.0724682807922
0.51485145092,0.606060624123,0.175273388624,0.2423171103,0.0670437216759
0.524752497673,0.606060624123,0.177759125829,0.238519757986,0.0607606321573
0.534653484821,0.606060624123,0.18014447391,0.233859151602,0.0537146776915
0.54455447197,0.606060624123,0.182421773672,0.228433609009,0.0460118353367
0.554455459118,0.606060624123,0.184582814574,0.222348898649,0.037766084075
0.564356446266,0.606060624123,0.186618983746,0.215714275837,0.0290952920914
0.574257433414,0.606060624123,0.188521131873,0.208639234304,0.0201181024313
0.584158420563,0.606060624123,0.190279722214,0.201229184866,0.0109494626522
0.594059407711,0.606060624123,0.191884621978,0.193582981825,0.00169835984707
0.603960394859,0.606060624123,0.193325310946,0.185790896416,0.0075344145298
0.613861382008,0.606060624123,0.194590702653,0.177932292223,0.01665841043
0.623762369156,0.606060624123,0.195669293404,0.170076191425,0.0255931019783
0.633663415909,0.606060624123,0.196549147367,0.162280231714,0.0342689156532
0.643564343452,0.606060624123,0.197217777371,0.154591441154,0.0426263362169
0.653465390205,0.606060624123,0.197662383318,0.147046685219,0.0506156980991
0.663366317749,0.606060624123,0.197869792581,0.139674544334,0.0581952482462
0.673267364502,0.606060624123,0.197826474905,0.132494956255,0.0653315186501
0.683168292046,0.606060624123,0.197518676519,0.125521212816,0.0719974637032
0.693069338799,0.606060624123,0.196932345629,0.11876090616,0.0781714394689
0.702970266342,0.606060624123,0.196053445339,0.112216390669,0.0838370546699
0.712871313095,0.606060624123,0.194867819548,0.105886280537,0.088981539011
0.722772240639,0.606060624123,0.193361461163,0.0997660979629,0.0935953631997
0.732673287392,0.606060624123,0.191520482302,0.0938486978412,0.0976717844605
0.74257427454,0.606060624123,0.18933147192,0.0881260335445,0.101205438375
0.752475261688,0.606060624123,0.186781391501,0.0825887843966,0.104192607105
0.762376248837,0.606060624123,0.183857902884,0.0772271007299,0.106630802155
0.772277235985,0.606060624123,0.180549576879,0.0720316618681,0.10851791501
0.782178223133,0.606060624123,0.17684596777,0.0669937580824,0.109852209687
0.792079210281,0.606060624123,0.172737807035,0.0621056482196,0.110632158816
0.80198019743,0.606060624123,0.168217346072,0.057361356914,0.110855989158
0.811881184578,0.606060624123,0.16327854991,0.0527561381459,0.110522411764
0.821782171726,0.606060624123,0.157917201519,0.0482873991132,0.109629802406
0.831683158875,0.606060624123,0.152131170034,0.0439545884728,0.108176581562
0.841584146023,0.606060624123,0.145920678973,0.0397592075169,0.106161475182
0.851485133171,0.606060624123,0.139288559556,0.0357046835124,0.103583872318
0.861386120319,0.606060624123,0.132240220904,0.0317971743643,0.100443050265
0.871287107468,0.606060624123,0.12478389591,0.0280443616211,0.0967395305634
0.881188154221,0.606060624123,0.116931028664,0.0244562886655,0.0924747437239
0.891089081764,0.606060624123,0.10869602114,0.0210449062288,0.0876511186361
0.900990128517,0.606060624123,0.10009624809,0.0178235247731,0.0822727233171
0.910891115665,0.606060624123,0.0911525413394,0.014807973057,0.0763445645571
0.920792102814,0.606060624123,0.0818885415792,0.0120146665722,0.0698738768697
0.930693089962,0.606060624123,0.0723311975598,0.00946217961609,0.0628690198064
0.94059407711,0.606060624123,0.062510073185,0.00716987997293,0.055340193212
0.950495064259,0.606060624123,0.0524573661387,0.0051584970206,0.0472988709807
0.960396051407,0.606060624123,0.0422079004347,0.00344972871244,0.0387581735849
0.970297038555,0.606060624123,0.0317983590066,0.00206593051553,0.0297324284911
0.980198025703,0.606060624123,0.0212671905756,0.00103081203997,0.0202363785356
0.990099012852,0.606060624123,0.0106541113928,0.000368697568774,0.010285413824
0.00990098994225,0.616161584854,0.00351796485484,-0.00225268676877,0.00577065162361
0.0198019798845,0.616161584854,0.00703593017533,-0.00393174402416,0.0109676737338
0.0297029688954,0.616161584854,0.0105538908392,-0.00540363881737,0.0159575305879
0.039603959769,0.616161584854,0.0140718407929,-0.00665480084717,0.0207266416401
0.0495049506426,0.616161584854,0.0175897702575,-0.00767205748707,0.0252618268132
0.0594059377909,0.616161584854,0.021107647568,-0.00844095740467,0.0295486040413
0.0693069323897,0.616161584854,0.0246254485101,-0.00894708000124,0.0335725285113
0.079207919538,0.616161584854,0.0281431172043,-0.00917471759021,0.0373178347945
0.0891089066863,0.616161584854,0.0316605940461,-0.0091076027602,0.040768198669
0.0990099012852,0.616161584854,0.0351778008044,-0.00872943177819,0.0439072325826
0.108910888433,0.616161584854,0.038694627583,-0.00802248157561,0.046717107296
0.118811875582,0.616161584854,0.0422109551728,-0.00696823000908,0.0491791851819
0.12871286273,0.616161584854,0.0457266196609,-0.00554761849344,0.0512742400169
0.138613864779,0.616161584854,0.0492414534092,-0.00374054722488,0.0529820024967
0.148514851928,0.616161584854,0.0527552179992,-0.00152619183064,0.0542814098299
0.158415839076,0.616161584854,0.0562676861882,0.00111760944128,0.0551500767469
0.168316826224,0.616161584854,0.0597785525024,0.00421288050711,0.0555656701326
0.178217813373,0.616161584854,0.0632874816656,0.00778309814632,0.0555043816566
0.188118815422,0.616161584854,0.0667941123247,0.0118515267968,0.0549425855279
0.19801980257,0.616161584854,0.0702980011702,0.0164416134357,0.0538563877344
0.207920789719,0.616161584854,0.0737986564636,0.0215762108564,0.0522224456072
0.217821776867,0.616161584854,0.0772955566645,0.0272767394781,0.0500188171864
0.227722764015,0.616161584854,0.0807880610228,0.0335628762841,0.0472251847386
0.237623751163,0.616161584854,0.0842755138874,0.0404503159225,0.0438251979649
0.247524753213,0.616161584854,0.0877571478486,0.0479506328702,0.0398065149784
0.25742572546,0.616161584854,0.0912321433425,0.056068494916,0.0351636484265
0.267326742411,0.616161584854,0.0946995988488,0.0648003444076,0.0298992544413
0.277227729559,0.616161584854,0.0981584861875,0.0741321146488,0.0240263715386
0.287128716707,0.616161584854,0.101607695222,0.0840372368693,0.0175704583526
0.297029703856,0.616161584854,0.105045989156,0.0944745987654,0.0105713903904
0.306930691004,0.616161584854,0.108472079039,0.10538649559,0.00308558344841
0.316831678152,0.616161584854,0.111884482205,0.116697855294,0.00481337308884
0.3267326653,0.616161584854,0.115281648934,0.128315895796,0.0130342468619
0.336633652449,0.616161584854,0.118661805987,0.140130639076,0.0214688330889
0.346534639597,0.616161584854,0.122023135424,0.152017086744,0.0299939513206
0.356435626745,0.616161584854,0.125363573432,0.163837969303,0.0384743958712
0.366336613894,0.616161584854,0.128680959344,0.175448209047,0.0467672497034
0.376237630844,0.616161584854,0.13197286427,0.186699360609,0.0547264963388
0.386138617992,0.616161584854,0.135236769915,0.197445064783,0.0622082948685
0.396039605141,0.616161584854,0.138469815254,0.207545131445,0.0690753161907
0.405940592289,0.616161584854,0.141669079661,0.21687078476,0.0752017050982
0.415841579437,0.616161584854,0.144831299782,0.225306659937,0.0804753601551
0.425742566586,0.616161584854,0.147953033447,0.232753753662,0.0848007202148
0.435643553734,0.616161584854,0.151030525565,0.239130795002,0.0881002694368
0.445544540882,0.616161584854,0.154059767723,0.244373738766,0.0903139710426
0.45544552803,0.616161584854,0.157036468387,0.248436480761,0.0914000123739
0.465346515179,0.616161584854,0.159956037998,0.251290291548,0.0913342535496
0.475247502327,0.616161584854,0.16281349957,0.252923339605,0.0901098400354
0.485148519278,0.616161584854,0.165603637695,0.253340929747,0.0877372920513
0.495049506426,0.616161584854,0.168320804834,0.252566069365,0.0842452645302
0.504950523376,0.616161584854,0.170959025621,0.250638633966,0.079679608345
0.51485145092,0.616161584854,0.173511862755,0.247615873814,0.0741040110588
0.524752497673,0.616161584854,0.175972610712,0.243571937084,0.0675993263721
0.534653484821,0.616161584854,0.178334012628,0.238595634699,0.0602616220713
0.54455447197,0.616161584854,0.180588394403,0.232789516449,0.0522011220455
0.554455459118,0.616161584854,0.182727724314,0.226265251637,0.0435375273228
0.564356446266,0.616161584854,0.18474341929,0.219140440226,0.034397020936
0.574257433414,0.616161584854,0.186626464128,0.211534380913,0.0249079167843
0.584158420563,0.616161584854,0.188367381692,0.20356374979,0.0151963680983
0.594059407711,0.616161584854,0.1899561584,0.195339262486,0.00538310408592
0.603960394859,0.616161584854,0.191382363439,0.18696218729,0.00442017614841
0.613861382008,0.616161584854,0.192635029554,0.178523153067,0.0141118764877
0.623762369156,0.616161584854,0.193702787161,0.170100212097,0.0236025750637
0.633663415909,0.616161584854,0.194573789835,0.161759257317,0.0328145325184
0.643564343452,0.616161584854,0.195235714316,0.153553903103,0.0416818112135
0.653465390205,0.616161584854,0.195675835013,0.145526349545,0.0501494854689
0.663366317749,0.616161584854,0.195881187916,0.137708246708,0.0581729412079
0.673267364502,0.616161584854,0.195838287473,0.130122303963,0.06571598351
0.683168292046,0.616161584854,0.195533573627,0.122782923281,0.0727506503463
0.693069338799,0.616161584854,0.194953158498,0.115698240697,0.0792549178004
0.702970266342,0.616161584854,0.194083079696,0.108870558441,0.085212521255
0.712871313095,0.616161584854,0.192909359932,0.10229729861,0.0906120613217
0.722772240639,0.616161584854,0.191418156028,0.0959732308984,0.0954449251294
0.732673287392,0.616161584854,0.189595654607,0.0898897275329,0.099705927074
0.74257427454,0.616161584854,0.18742865324,0.0840366408229,0.103392012417
0.752475261688,0.616161584854,0.184904202819,0.0784032717347,0.106500931084
0.762376248837,0.616161584854,0.182010099292,0.0729779154062,0.109032183886
0.772277235985,0.616161584854,0.178735032678,0.0677494108677,0.11098562181
0.782178223133,0.616161584854,0.175068646669,0.062707260251,0.112361386418
0.792079210281,0.616161584854,0.171001762152,0.0578420087695,0.113159753382
0.80198019743,0.616161584854,0.166526734829,0.0531457811594,0.11338095367
0.811881184578,0.616161584854,0.161637574434,0.0486123561859,0.113025218248
0.821782171726,0.616161584854,0.156330093741,0.0442377068102,0.112092390656
0.831683158875,0.616161584854,0.150602221489,0.0400194339454,0.110582783818
0.841584146023,0.616161584854,0.144454166293,0.0359579361975,0.108496233821
0.851485133171,0.616161584854,0.137888684869,0.0320551842451,0.105833500624
0.861386120319,0.616161584854,0.130911186337,0.0283158272505,0.102595359087
0.871287107468,0.616161584854,0.123529806733,0.0247465893626,0.0987832173705
0.881188154221,0.616161584854,0.115755848587,0.0213560424745,0.0943998098373
0.891089081764,0.616161584854,0.107603609562,0.018155220896,0.0894483923912
0.900990128517,0.616161584854,0.0990902706981,0.015156371519,0.0839338973165
0.910891115665,0.616161584854,0.0902364403009,0.0123740695417,0.077862367034
0.920792102814,0.616161584854,0.0810655504465,0.00982409343123,0.07124145329
0.930693089962,0.616161584854,0.0716042593122,0.00752399489284,0.0640802681446
0.94059407711,0.616161584854,0.0618818290532,0.00549219362438,0.0563896372914
0.950495064259,0.616161584854,0.0519301593304,0.00374842062593,0.0481817387044
0.960396051407,0.616161584854,0.0417837053537,0.00231381319463,0.0394698902965
0.970297038555,0.616161584854,0.0314787812531,0.00121017545462,0.0302686057985
0.980198025703,0.616161584854,0.0210534520447,0.000460365787148,0.0205930862576
0.990099012852,0.616161584854,0.0105470363051,8.76896083355e-05,0.0104593466967
0.00990098994225,0.626262664795,0.00348260882311,-0.00237455405295,0.00585716310889
0.0198019798845,0.626262664795,0.00696521764621,-0.00417670793831,0.0111419260502
0.0297029688954,0.626262664795,0.0104478225112,-0.00577113777399,0.0162189602852
0.039603959769,0.626262664795,0.0139304157346,-0.00714434590191,0.0210747607052
0.0495049506426,0.626262664795,0.017412988469,-0.00828211195767,0.0256951004267
0.0594059377909,0.626262664795,0.0208955109119,-0.00916962325573,0.0300651341677
0.0693069323897,0.626262664795,0.0243779588491,-0.00979122892022,0.0341691896319
0.079207919538,0.626262664795,0.0278602726758,-0.0101312734187,0.0379915460944
0.0891089066863,0.626262664795,0.0313423983753,-0.0101724322885,0.0415148288012
0.0990099012852,0.626262664795,0.0348242558539,-0.00989731959999,0.0447215735912
0.108910888433,0.626262664795,0.0383057408035,-0.00928711891174,0.0475928597152
0.118811875582,0.626262664795,0.0417867265642,-0.00832281447947,0.0501095429063
0.12871286273,0.626262664795,0.0452670566738,-0.00698363222182,0.0522506907582
0.138613864779,0.626262664795,0.0487465634942,-0.00524852238595,0.0539950877428
0.148514851928,0.626262664795,0.0522250197828,-0.00309485476464,0.0553198754787
0.158415839076,0.626262664795,0.0557021833956,-0.000499477609992,0.056201659143
0.168316826224,0.626262664795,0.0591777637601,0.00256174430251,0.0566160194576
0.178217813373,0.626262664795,0.0626514256001,0.00611353479326,0.0565378889441
0.188118815422,0.626262664795,0.0661228150129,0.0101811103523,0.0559417046607
0.19801980257,0.626262664795,0.0695914924145,0.014790141955,0.0548013523221
0.207920789719,0.626262664795,0.0730569660664,0.0199651345611,0.0530918315053
0.217821776867,0.626262664795,0.0765187218785,0.025729727,0.0507889948785
0.227722764015,0.626262664795,0.0799761265516,0.0321052968502,0.0478708297014
0.237623751163,0.626262664795,0.0834285318851,0.0391098484397,0.0443186834455
0.247524753213,0.626262664795,0.0868751779199,0.0467564165592,0.0401187613606
0.25742572546,0.626262664795,0.0903152450919,0.0550512745976,0.0352639704943
0.267326742411,0.626262664795,0.0937478542328,0.0639920011163,0.0297558531165
0.277227729559,0.626262664795,0.0971719697118,0.0735648795962,0.0236070901155
0.287128716707,0.626262664795,0.100586511195,0.0837433412671,0.0168431699276
0.297029703856,0.626262664795,0.103990256786,0.0944850221276,0.00950523465872
0.306930691004,0.626262664795,0.107381910086,0.105730466545,0.00165144354105
0.316831678152,0.626262664795,0.110760010779,0.117401517928,0.00664150714874
0.3267326653,0.626262664795,0.114123038948,0.129401475191,0.0152784362435
0.336633652449,0.626262664795,0.117469221354,0.141615748405,0.0241465270519
0.346534639597,0.626262664795,0.120796777308,0.15391343832,0.0331166610122
0.356435626745,0.626262664795,0.12410363555,0.166151732206,0.0420480966568
0.366336613894,0.626262664795,0.127387687564,0.178179174662,0.0507914870977
0.376237630844,0.626262664795,0.130646511912,0.189841479063,0.0591949671507
0.386138617992,0.626262664795,0.1338776052,0.200986236334,0.067108631134
0.396039605141,0.626262664795,0.137078166008,0.211468249559,0.0743900835514
0.405940592289,0.626262664795,0.140245273709,0.221154034138,0.0809087604284
0.415841579437,0.626262664795,0.143375709653,0.229923903942,0.0865481942892
0.425742566586,0.626262664795,0.146466091275,0.237675249577,0.0912091583014
0.435643553734,0.626262664795,0.149512648582,0.244322538376,0.0948098897934
0.445544540882,0.626262664795,0.152511447668,0.249798029661,0.0972865819931
0.45544552803,0.626262664795,0.155458211899,0.254051476717,0.0985932648182
0.465346515179,0.626262664795,0.158348441124,0.257049351931,0.0987009108067
0.475247502327,0.626262664795,0.161177188158,0.258775413036,0.0975982248783
0.485148519278,0.626262664795,0.163939282298,0.259230285883,0.0952910035849
0.495049506426,0.626262664795,0.16662915051,0.258431524038,0.0918023735285
0.504950523376,0.626262664795,0.16924084723,0.256414800882,0.0871739536524
0.51485145092,0.626262664795,0.171768039465,0.253234475851,0.0814664363861
0.524752497673,0.626262664795,0.174204051495,0.248962253332,0.0747582018375
0.534653484821,0.626262664795,0.176541700959,0.243687659502,0.0671459585428
0.54455447197,0.626262664795,0.178773447871,0.23751527071,0.0587418228388
0.554455459118,0.626262664795,0.180891275406,0.23056191206,0.0496706366539
0.564356446266,0.626262664795,0.182886719704,0.222952514887,0.0400657951832
0.574257433414,0.626262664795,0.184750840068,0.214816182852,0.0300653427839
0.584158420563,0.626262664795,0.186474248767,0.20628079772,0.0198065489531
0.594059407711,0.626262664795,0.18804705143,0.197468668222,0.00942161679268
0.603960394859,0.626262664795,0.189458906651,0.188493490219,0.000965416431427
0.613861382008,0.626262664795,0.190699025989,0.179457128048,0.0112418979406
0.623762369156,0.626262664795,0.191756039858,0.170448094606,0.0213079452515
0.633663415909,0.626262664795,0.192618280649,0.161541283131,0.0310769975185
0.643564343452,0.626262664795,0.193273544312,0.152797669172,0.0404758751392
0.653465390205,0.626262664795,0.193709254265,0.144264966249,0.0494442880154
0.663366317749,0.626262664795,0.193912521005,0.135979503393,0.0579330176115
0.673267364502,0.626262664795,0.193870082498,0.127966403961,0.0659036785364
0.683168292046,0.626262664795,0.193568408489,0.120241977274,0.0733264312148
0.693069338799,0.626262664795,0.192993819714,0.112814746797,0.0801790729165
0.702970266342,0.626262664795,0.192132487893,0.105686999857,0.0864454880357
0.712871313095,0.626262664795,0.19097058475,0.0988556519151,0.0921149328351
0.722772240639,0.626262664795,0.189494356513,0.0923138186336,0.0971805378795
0.732673287392,0.626262664795,0.18769018352,0.0860517770052,0.101638406515
0.74257427454,0.626262664795,0.18554495275,0.080057375133,0.105487577617
0.752475261688,0.626262664795,0.183045879006,0.0743182003498,0.108727678657
0.762376248837,0.626262664795,0.180180862546,0.0688203126192,0.111360549927
0.772277235985,0.626262664795,0.176938712597,0.06355112046,0.113387592137
0.782178223133,0.626262664795,0.173309162259,0.0584977120161,0.114811450243
0.792079210281,0.626262664795,0.169283166528,0.0536492690444,0.115633897483
0.80198019743,0.626262664795,0.164853110909,0.0489957481623,0.115857362747
0.811881184578,0.626262664795,0.160013079643,0.0445293225348,0.115483760834
0.821782171726,0.626262664795,0.154758945107,0.0402441136539,0.114514827728
0.831683158875,0.626262664795,0.149088650942,0.0361364260316,0.11295222491
0.841584146023,0.626262664795,0.143002361059,0.0322049334645,0.110797427595
0.851485133171,0.626262664795,0.136502876878,0.028450306505,0.108052566648
0.861386120319,0.626262664795,0.129595503211,0.0248759761453,0.104719527066
0.871287107468,0.626262664795,0.122288301587,0.0214870497584,0.100801251829
0.881188154221,0.626262664795,0.114592477679,0.018291182816,0.0963012948632
0.891089081764,0.626262664795,0.106522172689,0.0152980089188,0.0912241637707
0.900990128517,0.626262664795,0.0980943888426,0.0125189777464,0.0855754092336
0.910891115665,0.626262664795,0.0893295481801,0.00996722094715,0.0793623253703
0.920792102814,0.626262664795,0.0802508294582,0.00765778683126,0.0725930407643
0.930693089962,0.626262664795,0.0708846151829,0.00560719333589,0.0652774199843
0.94059407711,0.626262664795,0.061259906739,0.00383300706744,0.0574268996716
0.950495064259,0.626262664795,0.0514082498848,0.00235429778695,0.0490539520979
0.960396051407,0.626262664795,0.0413637720048,0.00119114294648,0.0401726290584
0.970297038555,0.626262664795,0.0311624128371,0.000364743173122,0.030797669664
0.980198025703,0.626262664795,0.0208418611437,-0.000102927908301,0.020944789052
0.990099012852,0.626262664795,0.0104410368949,-0.000188857316971,0.0106298942119
0.00990098994225,0.636363625526,0.00344760832377,-0.00249373912811,0.00594134721905
0.0198019798845,0.636363625526,0.0068952171132,-0.00441699102521,0.0113122081384
0.0297029688954,0.636363625526,0.0103428214788,-0.00613226182759,0.0164750833064
0.039603959769,0.636363625526,0.0137904155999,-0.00762538332492,0.0214157998562
0.0495049506426,0.636363625526,0.0172379873693,-0.00888173095882,0.0261197183281
0.0594059377909,0.636363625526,0.0206855107099,-0.00988570414484,0.0305712148547
0.0693069323897,0.636363625526,0.024132957682,-0.0106212552637,0.0347542129457
0.079207919538,0.636363625526,0.0275802761316,-0.0110714994371,0.0386517755687
0.0891089066863,0.636363625526,0.0310274045914,-0.0112189445645,0.0422463491559
0.0990099012852,0.636363625526,0.0344742685556,-0.0110447593033,0.045519027859
0.108910888433,0.636363625526,0.037920769304,-0.0105294380337,0.0484502092004
0.118811875582,0.636363625526,0.0413667671382,-0.00965252052993,0.0510192885995
0.12871286273,0.636363625526,0.0448121242225,-0.00839239172637,0.0532045140862
0.138613864779,0.636363625526,0.0482566617429,-0.00672640744597,0.0549830682576
0.148514851928,0.636363625526,0.0517001561821,-0.00463077425957,0.0563309304416
0.158415839076,0.636363625526,0.0551423765719,-0.00208071805537,0.0572230964899
0.168316826224,0.636363625526,0.0585830286145,0.000949457287788,0.0576335713267
0.178217813373,0.636363625526,0.0620217807591,0.00448650680482,0.0575352758169
0.188118815422,0.636363625526,0.0654582828283,0.00855754315853,0.0569007396698
0.19801980257,0.636363625526,0.0688920915127,0.0131897907704,0.0557022988796
0.207920789719,0.636363625526,0.0723227411509,0.0184101089835,0.0539126321673
0.217821776867,0.636363625526,0.0757497027516,0.024244196713,0.0515055060387
0.227722764015,0.636363625526,0.0791723579168,0.0307154841721,0.0484568737447
0.237623751163,0.636363625526,0.0825900733471,0.0378439873457,0.0447460860014
0.247524753213,0.636363625526,0.086002074182,0.0456441938877,0.0403578802943
0.25742572546,0.636363625526,0.0894075781107,0.0541242733598,0.0352833047509
0.267326742411,0.636363625526,0.0928056836128,0.0632825121284,0.0295231714845
0.277227729559,0.636363625526,0.09619538486,0.0731057450175,0.0230896398425
0.287128716707,0.636363625526,0.0995756164193,0.0835670903325,0.0160085260868
0.297029703856,0.636363625526,0.102945148945,0.0946228578687,0.00832229107618
0.306930691004,0.636363625526,0.106302723289,0.106211453676,9.12696123123e-05
0.316831678152,0.636363625526,0.109646871686,0.118251748383,0.00860487669706
0.3267326653,0.636363625526,0.112976104021,0.130642682314,0.0176665782928
0.336633652449,0.636363625526,0.116288654506,0.143264293671,0.0269756391644
0.346534639597,0.636363625526,0.119582757354,0.155980408192,0.0363976508379
0.356435626745,0.636363625526,0.122856393456,0.168641865253,0.045785471797
0.366336613894,0.636363625526,0.126107439399,0.181090980768,0.0549835413694
0.376237630844,0.636363625526,0.129333510995,0.193167448044,0.0638339370489
0.386138617992,0.636363625526,0.132532119751,0.204713493586,0.0721813738346
0.396039605141,0.636363625526,0.135700523853,0.215579390526,0.0798788666725
0.405940592289,0.636363625526,0.138835802674,0.225626647472,0.0867908447981
0.415841579437,0.636363625526,0.141934782267,0.234732478857,0.0927976965904
0.425742566586,0.636363625526,0.144994094968,0.24279037118,0.0977962762117
0.435643553734,0.636363625526,0.148010030389,0.24971178174,0.101701751351
0.445544540882,0.636363625526,0.150978699327,0.255425304174,0.104446604848
0.45544552803,0.636363625526,0.15389585495,0.259876906872,0.105981051922
0.465346515179,0.636363625526,0.156757026911,0.263029128313,0.106272101402
0.475247502327,0.636363625526,0.159557342529,0.264860808849,0.10530346632
0.485148519278,0.636363625526,0.162291690707,0.265367627144,0.103075936437
0.495049506426,0.636363625526,0.164954513311,0.264562219381,0.0996077060699
0.504950523376,0.636363625526,0.167539969087,0.262475818396,0.094935849309
0.51485145092,0.636363625526,0.170041754842,0.259158074856,0.089116320014
0.524752497673,0.636363625526,0.172453299165,0.254678279161,0.0822249799967
0.534653484821,0.636363625526,0.174767464399,0.249124705791,0.0743572413921
0.54455447197,0.636363625526,0.176976770163,0.242603242397,0.0656264722347
0.554455459118,0.636363625526,0.179073303938,0.235234767199,0.0561614632607
0.564356446266,0.636363625526,0.181048691273,0.227150559425,0.0461018681526
0.574257433414,0.636363625526,0.182894080877,0.218488484621,0.0355944037437
0.584158420563,0.636363625526,0.184600174427,0.209387272596,0.0247870981693
0.594059407711,0.636363625526,0.186157166958,0.199981540442,0.0138243734837
0.603960394859,0.636363625526,0.187554851174,0.190397262573,0.00284241139889
0.613861382008,0.636363625526,0.18878249824,0.180748581886,0.00803391635418
0.623762369156,0.636363625526,0.189828887582,0.17113545537,0.0186934322119
0.633663415909,0.636363625526,0.190682455897,0.161642551422,0.0290399044752
0.643564343452,0.636363625526,0.191331148148,0.152339100838,0.0389920473099
0.653465390205,0.636363625526,0.191762492061,0.143279254436,0.0484832376242
0.663366317749,0.636363625526,0.19196370244,0.134504288435,0.0574594140053
0.673267364502,0.636363625526,0.191921666265,0.126042574644,0.0658790916204
0.683168292046,0.636363625526,0.191623046994,0.117912791669,0.0737102553248
0.693069338799,0.636363625526,0.191054224968,0.11012404412,0.0809301808476
0.702970266342,0.636363625526,0.190201550722,0.102678835392,0.0875227153301
0.712871313095,0.636363625526,0.189051315188,0.0955731794238,0.0934781357646
0.722772240639,0.636363625526,0.187589928508,0.0887990444899,0.0987908840179
0.732673287392,0.636363625526,0.185803890228,0.0823451206088,0.103458769619
0.74257427454,0.636363625526,0.183680221438,0.0761976763606,0.107482545078
0.752475261688,0.636363625526,0.181206271052,0.0703420192003,0.110864251852
0.762376248837,0.636363625526,0.178370043635,0.0647624731064,0.113607570529
0.772277235985,0.636363625526,0.175160467625,0.0594439581037,0.115716509521
0.782178223133,0.636363625526,0.171567395329,0.0543720796704,0.117195315659
0.792079210281,0.636363625526,0.167581871152,0.0495333895087,0.118048481643
0.80198019743,0.636363625526,0.163196325302,0.0449164733291,0.118279851973
0.811881184578,0.636363625526,0.158404946327,0.0405114889145,0.117893457413
0.821782171726,0.636363625526,0.153203621507,0.0363109186292,0.116892702878
0.831683158875,0.636363625526,0.14759029448,0.0323092825711,0.115281015635
0.841584146023,0.636363625526,0.141565188766,0.0285036712885,0.113061517477
0.851485133171,0.636363625526,0.135131016374,0.0248933024704,0.110237717628
0.861386120319,0.636363625526,0.128293052316,0.0214802287519,0.106812819839
0.871287107468,0.636363625526,0.121059305966,0.0182683393359,0.10279096663
0.881188154221,0.636363625526,0.113440819085,0.0152637343854,0.0981770828366
0.891089081764,0.636363625526,0.105451621115,0.0124751608819,0.0929764583707
0.900990128517,0.636363625526,0.0971085354686,0.00991256907582,0.0871959626675
0.910891115665,0.636363625526,0.0884317755699,0.00758849084377,0.0808432847261
0.920792102814,0.636363625526,0.0794443041086,0.00551682524383,0.0739274770021
0.930693089962,0.636363625526,0.0701722279191,0.00371265783906,0.0664595663548
0.94059407711,0.636363625526,0.0606442429125,0.00219320319593,0.0584510415792
0.950495064259,0.636363625526,0.0508915968239,0.00097649730742,0.0499150976539
0.960396051407,0.636363625526,0.0409480631351,8.18446278572e-05,0.0408662185073
0.970297038555,0.636363625526,0.0308492276818,-0.000470415689051,0.0313196443021
0.980198025703,0.636363625526,0.0206324011087,-0.000658868812025,0.0212912708521
0.990099012852,0.636363625526,0.0103361029178,-0.000461123883724,0.0107972268015
0.00990098994225,0.646464645863,0.00341295916587,-0.00261021777987,0.00602317694575
0.0198019798845,0.646464645863,0.00682591786608,-0.00465266779065,0.0114785861224
0.0297029688954,0.646464645863,0.0102388737723,-0.00648661609739,0.0167254898697
0.039603959769,0.646464645863,0.0136518189684,-0.00809767004102,0.0217494890094
0.0495049506426,0.646464645863,0.0170647408813,-0.00947042182088,0.0265351627022
0.0594059377909,0.646464645863,0.0204776152968,-0.010588940233,0.0310665555298
0.0693069323897,0.646464645863,0.0238904170692,-0.0114361867309,0.0353266038001
0.079207919538,0.646464645863,0.0273030884564,-0.0119948387146,0.039297927171
0.0891089066863,0.646464645863,0.0307155717164,-0.0122459549457,0.0429615266621
0.0990099012852,0.646464645863,0.0341277979314,-0.0121703315526,0.0462981313467
0.108910888433,0.646464645863,0.0375396534801,-0.0117475045845,0.0492871589959
0.118811875582,0.646464645863,0.0409510210156,-0.0109555153176,0.0519065372646
0.12871286273,0.646464645863,0.0443617478013,-0.00977171491832,0.0541334636509
0.138613864779,0.646464645863,0.0477716736495,-0.00817208737135,0.0559437610209
0.148514851928,0.646464645863,0.0511805601418,-0.00613151397556,0.0573120750487
0.158415839076,0.646464645863,0.0545881763101,-0.00362339615822,0.0582115724683
0.168316826224,0.646464645863,0.0579942502081,-0.000620478764176,0.058614730835
0.178217813373,0.646464645863,0.0613984465599,0.00290587730706,0.0584925711155
0.188118815422,0.646464645863,0.0648004114628,0.00698470138013,0.05781570822
0.19801980257,0.646464645863,0.0681997090578,0.0116450227797,0.0565546862781
0.207920789719,0.646464645863,0.0715958848596,0.0169161483645,0.054679736495
0.217821776867,0.646464645863,0.0749883949757,0.0228257477283,0.0521626472473
0.227722764015,0.646464645863,0.0783766582608,0.0293992981315,0.0489773601294
0.237623751163,0.646464645863,0.0817600190639,0.0366588048637,0.0451012142003
0.247524753213,0.646464645863,0.0851377397776,0.0446208268404,0.0405169129372
0.25742572546,0.646464645863,0.0885090082884,0.0532945170999,0.0352144911885
0.267326742411,0.646464645863,0.0918729603291,0.0626793652773,0.0291935950518
0.277227729559,0.646464645863,0.0952285975218,0.0727625861764,0.0224660113454
0.287128716707,0.646464645863,0.0985748544335,0.0835165306926,0.015058323741
0.297029703856,0.646464645863,0.101910531521,0.094896428287,0.00701410323381
0.306930691004,0.646464645863,0.105234347284,0.106838084757,0.00160373747349
0.316831678152,0.646464645863,0.108544901013,0.119256787002,0.0107118859887
0.3267326653,0.646464645863,0.11184065789,0.132046967745,0.020206309855
0.336633652449,0.646464645863,0.115119926631,0.145083397627,0.0299634709954
0.346534639597,0.646464645863,0.118380926549,0.158223986626,0.0398430600762
0.356435626745,0.646464645863,0.121621653438,0.171312987804,0.0496913343668
0.366336613894,0.646464645863,0.124840028584,0.184186935425,0.0593469068408
0.376237630844,0.646464645863,0.128033682704,0.196679532528,0.068645849824
0.386138617992,0.646464645863,0.131200149655,0.208627641201,0.0774274915457
0.396039605141,0.646464645863,0.134336695075,0.219877004623,0.0855403095484
0.405940592289,0.646464645863,0.137440472841,0.230285525322,0.0928450524807
0.415841579437,0.646464645863,0.140508309007,0.239726990461,0.0992186814547
0.425742566586,0.646464645863,0.143536865711,0.24809217453,0.104555308819
0.435643553734,0.646464645863,0.14652249217,0.255289644003,0.108767151833
0.445544540882,0.646464645863,0.149461328983,0.261245012283,0.1117836833
0.45544552803,0.646464645863,0.152349174023,0.265900850296,0.113551676273
0.465346515179,0.646464645863,0.155181571841,0.269215732813,0.114034160972
0.475247502327,0.646464645863,0.157953754067,0.271164268255,0.113210514188
0.485148519278,0.646464645863,0.160660609603,0.271737188101,0.111076578498
0.495049506426,0.646464645863,0.163296684623,0.270942121744,0.107645437121
0.504950523376,0.646464645863,0.165856152773,0.268804937601,0.102948784828
0.51485145092,0.646464645863,0.168332800269,0.265370905399,0.0970381051302
0.524752497673,0.646464645863,0.170720100403,0.260705530643,0.0899854302406
0.534653484821,0.646464645863,0.173010990024,0.254894763231,0.0818837732077
0.54455447197,0.646464645863,0.175198107958,0.248044669628,0.0728465616703
0.554455459118,0.646464645863,0.177273586392,0.240278244019,0.0630046576262
0.564356446266,0.646464645863,0.179229110479,0.231732398272,0.0525032877922
0.574257433414,0.646464645863,0.181055963039,0.222552895546,0.0414969325066
0.584158420563,0.646464645863,0.182744905353,0.212888777256,0.0301438719034
0.594059407711,0.646464645863,0.184286251664,0.202886551619,0.0186002999544
0.603960394859,0.646464645863,0.185669884086,0.19268527627,0.00701539218426
0.613861382008,0.646464645863,0.186885163188,0.18241161108,0.00447355210781
0.623762369156,0.646464645863,0.187921062112,0.172177821398,0.0157432407141
0.633663415909,0.646464645863,0.188766047359,0.162079274654,0.0266867727041
0.643564343452,0.646464645863,0.189408227801,0.152194827795,0.0372134000063
0.653465390205,0.646464645863,0.189835220575,0.142585635185,0.0472495853901
0.663366317749,0.646464645863,0.190034434199,0.133298814297,0.0567356199026
0.673267364502,0.646464645863,0.189992815256,0.124366827309,0.065625987947
0.683168292046,0.646464645863,0.189697191119,0.115810580552,0.0738866105676
0.693069338799,0.646464645863,0.189134091139,0.107640504837,0.0814935863018
0.702970266342,0.646464645863,0.188289985061,0.0998591631651,0.0884308218956
0.712871313095,0.646464645863,0.187151327729,0.0924621745944,0.0946891531348
0.722772240639,0.646464645863,0.185704603791,0.0854403078556,0.100264295936
0.732673287392,0.646464645863,0.18393650651,0.0787804871798,0.10515601933
0.74257427454,0.646464645863,0.181834191084,0.0724673271179,0.109366863966
0.752475261688,0.646464645863,0.179385095835,0.0664837509394,0.112901344895
0.762376248837,0.646464645863,0.176577359438,0.0608121752739,0.115765184164
0.772277235985,0.646464645863,0.173400059342,0.0554353818297,0.117964677513
0.782178223133,0.646464645863,0.169843107462,0.0503365024924,0.11950660497
0.792079210281,0.646464645863,0.165897637606,0.0455004610121,0.120397180319
0.80198019743,0.646464645863,0.161556169391,0.0409134179354,0.120642751455
0.811881184578,0.646464645863,0.156812936068,0.0365639925003,0.120248943567
0.821782171726,0.646464645863,0.151663884521,0.0324424393475,0.119221448898
0.831683158875,0.646464645863,0.146106988192,0.0285417623818,0.117565229535
0.841584146023,0.646464645863,0.140142410994,0.0248575210571,0.115284889936
0.851485133171,0.646464645863,0.133772909641,0.0213872604072,0.112385645509
0.861386120319,0.646464645863,0.12700368464,0.0181314013898,0.108872279525
0.871287107468,0.646464645863,0.119842626154,0.0150926075876,0.104750022292
0.881188154221,0.646464645863,0.112300716341,0.0122758485377,0.100024864078
0.891089081764,0.646464645863,0.104391805828,0.00968828983605,0.0947035178542
0.900990128517,0.646464645863,0.096132569015,0.00733903236687,0.0887935385108
0.910891115665,0.646464645863,0.0875430181623,0.0052393283695,0.0823036879301
0.920792102814,0.646464645863,0.078645862639,0.00340182706714,0.0752440392971
0.930693089962,0.646464645863,0.0694669783115,0.00184120237827,0.0676257759333
0.94059407711,0.646464645863,0.0600347518921,0.000573227182031,0.0594615265727
0.950495064259,0.646464645863,0.0503801219165,-0.000384650193155,0.050764773041
0.960396051407,0.646464645863,0.0405365228653,-0.00101396348327,0.0415504872799
0.970297038555,0.646464645863,0.0305391848087,-0.00129512697458,0.0318343117833
0.980198025703,0.646464645863,0.0204250384122,-0.00120738334954,0.0216324217618
0.990099012852,0.646464645863,0.0102322231978,-0.000729277729988,0.0109615009278
0.00990098994225,0.656565666199,0.00337865832262,-0.00272379722446,0.00610245577991
0.0198019798845,0.656565666199,0.00675731664523,-0.00488332938403,0.0116406455636
0.0297029688954,0.656565666199,0.0101359719411,-0.00683395750821,0.0169699303806
0.039603959769,0.656565666199,0.0135146155953,-0.00856078788638,0.0220754034817
0.0495049506426,0.656565666199,0.0168932378292,-0.0100479461253,0.0269411839545
0.0594059377909,0.656565666199,0.0202718134969,-0.0112786022946,0.0315504148602
0.0693069323897,0.656565666199,0.0236503127962,-0.0122352940962,0.0358856059611
0.079207919538,0.656565666199,0.0270286891609,-0.0128997210413,0.0399284102023
0.0891089066863,0.656565666199,0.0304068736732,-0.0132524278015,0.043659299612
0.0990099012852,0.656565666199,0.0337848067284,-0.0132728563622,0.0470576621592
0.108910888433,0.656565666199,0.0371623747051,-0.0129396142438,0.0501019880176
0.118811875582,0.656565666199,0.0405394583941,-0.0122298654169,0.0527693256736
0.12871286273,0.656565666199,0.0439159050584,-0.0111194411293,0.0550353452563
0.138613864779,0.656565666199,0.0472915582359,-0.0095830578357,0.0568746179342
0.148514851928,0.656565666199,0.0506661832333,-0.00759403500706,0.058260217309
0.158415839076,0.656565666199,0.0540395602584,-0.00512424763292,0.0591638088226
0.168316826224,0.656565666199,0.0574114024639,-0.00214452110231,0.0595559254289
0.178217813373,0.656565666199,0.060781378299,0.00137537904084,0.0594059973955
0.188118815422,0.656565666199,0.0641491562128,0.00546659342945,0.0586825609207
0.19801980257,0.656565666199,0.0675142928958,0.0101605691016,0.0573537237942
0.207920789719,0.656565666199,0.0708763301373,0.0154884085059,0.0553879216313
0.217821776867,0.656565666199,0.0742347538471,0.0214799754322,0.052754778415
0.227722764015,0.656565666199,0.0775889605284,0.0281629525125,0.0494260080159
0.237623751163,0.656565666199,0.0809383168817,0.0355613082647,0.0453770086169
0.247524753213,0.656565666199,0.0842820852995,0.0436933636665,0.040588721633
0.25742572546,0.656565666199,0.0876194760203,0.0525697395205,0.0350497364998
0.267326742411,0.656565666199,0.0909496247768,0.0621905773878,0.028759047389
0.277227729559,0.656565666199,0.0942715406418,0.0725435614586,0.0217279791832
0.287128716707,0.656565666199,0.0975841581821,0.0836002752185,0.0139838829637
0.297029703856,0.656565666199,0.100886315107,0.0953142791986,0.0055720359087
0.306930691004,0.656565666199,0.104176729918,0.107618555427,0.00344182550907
0.316831678152,0.656565666199,0.107454001904,0.120424650609,0.012970648706
0.3267326653,0.656565666199,0.1107166484,0.13362210989,0.0229054614902
0.336633652449,0.656565666199,0.113962955773,0.147080183029,0.0331172272563
0.346534639597,0.656565666199,0.117191188037,0.160650193691,0.0434590056539
0.356435626745,0.656565666199,0.120399348438,0.174170315266,0.0537709668279
0.366336613894,0.656565666199,0.123585358262,0.187470674515,0.0638853162527
0.376237630844,0.656565666199,0.126746922731,0.200379371643,0.0736324489117
0.386138617992,0.656565666199,0.129881560802,0.212728559971,0.0828469991684
0.396039605141,0.656565666199,0.132986590266,0.224359482527,0.0913728922606
0.405940592289,0.656565666199,0.136059179902,0.235127151012,0.0990679711103
0.415841579437,0.656565666199,0.139096170664,0.24490249157,0.105806320906
0.425742566586,0.656565666199,0.142094299197,0.253573834896,0.111479535699
0.435643553734,0.656565666199,0.145049914718,0.261047482491,0.115997567773
0.445544540882,0.656565666199,0.147959202528,0.267246693373,0.119287490845
0.45544552803,0.656565666199,0.150818035007,0.272110849619,0.121292814612
0.465346515179,0.656565666199,0.153621986508,0.275595575571,0.121973589063
0.475247502327,0.656565666199,0.156366288662,0.277670741081,0.121304452419
0.485148519278,0.656565666199,0.159045949578,0.27832275629,0.119276806712
0.495049506426,0.656565666199,0.161655530334,0.277554094791,0.115898564458
0.504950523376,0.656565666199,0.164189279079,0.275385379791,0.111196100712
0.51485145092,0.656565666199,0.166641026735,0.271856456995,0.10521543026
0.524752497673,0.656565666199,0.169004321098,0.267028421164,0.0980241000652
0.534653484821,0.656565666199,0.171272218227,0.26098421216,0.0897119939327
0.54455447197,0.656565666199,0.173437342048,0.253828138113,0.0803907960653
0.554455459118,0.656565666199,0.175491943955,0.245684504509,0.0701925605536
0.564356446266,0.656565666199,0.177427828312,0.236693918705,0.0592660903931
0.574257433414,0.656565666199,0.179236322641,0.22700920701,0.0477728843689
0.584158420563,0.656565666199,0.180908277631,0.216788887978,0.0358806103468
0.594059407711,0.656565666199,0.182434141636,0.206190943718,0.0237568020821
0.603960394859,0.656565666199,0.183803871274,0.195367485285,0.0115636140108
0.613861382008,0.656565666199,0.185006946325,0.184458732605,0.000548213720322
0.623762369156,0.656565666199,0.186032414436,0.173589646816,0.0124427676201
0.633663415909,0.656565666199,0.186868920922,0.162867635489,0.0240012854338
0.643564343452,0.656565666199,0.187504634261,0.152381509542,0.0351231247187
0.653465390205,0.656565666199,0.187927350402,0.142201274633,0.0457260757685
0.663366317749,0.656565666199,0.188124552369,0.132380187511,0.0557443648577
0.673267364502,0.656565666199,0.188083350658,0.122955270112,0.0651280805469
0.683168292046,0.656565666199,0.187790691853,0.11395085603,0.0738398358226
0.693069338799,0.656565666199,0.187233254313,0.105378746986,0.0818545073271
0.702970266342,0.656565666199,0.186397641897,0.0972419604659,0.0891556814313
0.712871313095,0.656565666199,0.185270413756,0.0895357206464,0.09573469311
0.722772240639,0.656565666199,0.183838233352,0.0822496712208,0.101588562131
0.732673287392,0.656565666199,0.182087913156,0.075368963182,0.106718949974
0.74257427454,0.656565666199,0.180006742477,0.0688763782382,0.111130364239
0.752475261688,0.656565666199,0.177582249045,0.0627527311444,0.114829517901
0.762376248837,0.656565666199,0.174802735448,0.0569781139493,0.117824621499
0.772277235985,0.656565666199,0.171657368541,0.0515329986811,0.12012436986
0.782178223133,0.656565666199,0.168136149645,0.0463983267546,0.12173782289
0.792079210281,0.656565666199,0.164230331779,0.0415568351746,0.122673496604
0.80198019743,0.656565666199,0.159932509065,0.0369924753904,0.122940033674
0.811881184578,0.656565666199,0.155236944556,0.0326917767525,0.122545167804
0.821782171726,0.656565666199,0.150139644742,0.0286433547735,0.121496289968
0.831683158875,0.656565666199,0.144638568163,0.0248382650316,0.119800299406
0.841584146023,0.656565666199,0.138733953238,0.021270159632,0.117463797331
0.851485133171,0.656565666199,0.132428482175,0.0179351978004,0.114493280649
0.861386120319,0.656565666199,0.125727280974,0.0148323252797,0.110894955695
0.871287107468,0.656565666199,0.118638187647,0.0119624696672,0.106675714254
0.881188154221,0.656565666199,0.111172072589,0.00932955369353,0.101842522621
0.891089081764,0.656565666199,0.103342652321,0.00693922676146,0.096403427422
0.900990128517,0.656565666199,0.0951664224267,0.00479968264699,0.0903667360544
0.910891115665,0.656565666199,0.0866631940007,0.00292062200606,0.0837425738573
0.920792102814,0.656565666199,0.0778554603457,0.00131410546601,0.0765413567424
0.930693089962,0.656565666199,0.0687688216567,-6.56023621559e-06,0.0687753856182
0.94059407711,0.656565666199,0.0594313964248,-0.001026134938,0.0604575313628
0.950495064259,0.656565666199,0.0498737953603,-0.00172862783074,0.0516024231911
0.960396051407,0.656565666199,0.0401291251183,-0.00209591537714,0.0422250404954
0.970297038555,0.656565666199,0.0302322600037,-0.00210934504867,0.032341606915
0.980198025703,0.656565666199,0.0202197637409,-0.0017489399761,0.021968703717
0.990099012852,0.656565666199,0.0101293884218,-0.000993602909148,0.0111229913309
0.00990098994225,0.66666662693,0.00334470230155,-0.00283484719694,0.00617954973131
0.0198019798845,0.66666662693,0.00668940460309,-0.00510912202299,0.0117985270917
0.0297029688954,0.66666662693,0.0100341038778,-0.007174259983,0.0172083638608
0.039603959769,0.66666662693,0.0133787915111,-0.0090145226568,0.0223933141679
0.0495049506426,0.66666662693,0.0167234595865,-0.0106135262176,0.0273369848728
0.0594059377909,0.66666662693,0.0200680792332,-0.0119540151209,0.0320220962167
0.0693069323897,0.66666662693,0.0234126262367,-0.0130177587271,0.0364303849638
0.079207919538,0.66666662693,0.0267570465803,-0.0137854581699,0.0405425056815
0.0891089066863,0.66666662693,0.0301012825221,-0.0142369773239,0.044338259846
0.0990099012852,0.66666662693,0.0334452651441,-0.0143509656191,0.0477962307632
0.108910888433,0.66666662693,0.0367888882756,-0.0141044026241,0.050893291831
0.118811875582,0.66666662693,0.0401320308447,-0.0134739018977,0.0536059327424
0.12871286273,0.66666662693,0.0434745438397,-0.0124335149303,0.0559080578387
0.138613864779,0.66666662693,0.0468162707984,-0.0109569942579,0.0577732659876
0.148514851928,0.66666662693,0.0501569844782,-0.00901576131582,0.0591727457941
0.158415839076,0.66666662693,0.0534964576364,-0.00658021308482,0.0600766688585
0.168316826224,0.66666662693,0.056834410876,-0.00361947063357,0.0604538805783
0.178217813373,0.66666662693,0.060170520097,-0.00010098144412,0.0602715015411
0.188118815422,0.66666662693,0.0635044500232,0.00400796160102,0.0594964884222
0.19801980257,0.66666662693,0.0668357685208,0.00874119624496,0.0580945722759
0.207920789719,0.66666662693,0.0701640099287,0.0141319315881,0.056032076478
0.217821776867,0.66666662693,0.073488689959,0.0202124267817,0.0532762631774
0.227722764015,0.66666662693,0.0768091827631,0.0270124003291,0.049796782434
0.237623751163,0.66666662693,0.0801248773932,0.0345578603446,0.0455670170486
0.247524753213,0.66666662693,0.0834350436926,0.0428687892854,0.0405662544072
0.25742572546,0.66666662693,0.0867388918996,0.0519570633769,0.0347818285227
0.267326742411,0.66666662693,0.090035572648,0.0618240684271,0.028211504221
0.277227729559,0.66666662693,0.0933241024613,0.0724570304155,0.0208670720458
0.287128716707,0.66666662693,0.096603423357,0.0838267579675,0.0127766653895
0.297029703856,0.66666662693,0.0998723953962,0.095884911716,0.00398748368025
0.306930691004,0.66666662693,0.103129737079,0.108561426401,0.00543168932199
0.316831678152,0.66666662693,0.106374070048,0.121763579547,0.0153895094991
0.3267326653,0.66666662693,0.10960393399,0.135375797749,0.0257718637586
0.336633652449,0.66666662693,0.11281760782,0.149261206388,0.0364435985684
0.346534639597,0.66666662693,0.116013400257,0.16326469183,0.047251291573
0.356435626745,0.66666662693,0.119189314544,0.177218049765,0.0580287352204
0.366336613894,0.66666662693,0.122343309224,0.190945237875,0.0686019286513
0.376237630844,0.66666662693,0.125473096967,0.204268693924,0.0787955969572
0.386138617992,0.66666662693,0.128576233983,0.217016160488,0.0884399265051
0.396039605141,0.66666662693,0.131650060415,0.229025185108,0.0973751246929
0.405940592289,0.66666662693,0.134691759944,0.240147978067,0.105456218123
0.415841579437,0.66666662693,0.137698248029,0.250253379345,0.112555131316
0.425742566586,0.66666662693,0.140666231513,0.259228080511,0.118561848998
0.435643553734,0.66666662693,0.14359216392,0.26697653532,0.1233843714
0.445544540882,0.66666662693,0.146472215652,0.273419857025,0.126947641373
0.45544552803,0.66666662693,0.14930228889,0.278495341539,0.129193052649
0.465346515179,0.66666662693,0.152078062296,0.282155036926,0.13007697463
0.475247502327,0.66666662693,0.154794797301,0.284365534782,0.129570737481
0.485148519278,0.66666662693,0.157447516918,0.28510850668,0.127660989761
0.495049506426,0.66666662693,0.16003087163,0.284381598234,0.124350726604
0.504950523376,0.66666662693,0.162539154291,0.282199680805,0.119660526514
0.51485145092,0.66666662693,0.164966255426,0.278597444296,0.113631188869
0.524752497673,0.66666662693,0.16730581224,0.273630589247,0.106324777007
0.534653484821,0.66666662693,0.169550910592,0.267377942801,0.0978270322084
0.54455447197,0.66666662693,0.171694278717,0.25994092226,0.0882466435432
0.554455459118,0.66666662693,0.173728242517,0.251443564892,0.0777153223753
0.564356446266,0.66666662693,0.175644665956,0.24202889204,0.0663842260838
0.574257433414,0.66666662693,0.177434965968,0.231855124235,0.054420158267
0.584158420563,0.66666662693,0.17909014225,0.22108912468,0.0419989824295
0.594059407711,0.66666662693,0.180600658059,0.209900200367,0.0292995423079
0.603960394859,0.66666662693,0.181956604123,0.198453009129,0.0164964050055
0.613861382008,0.66666662693,0.183147609234,0.186901777983,0.00375416874886
0.623762369156,0.66666662693,0.184162765741,0.175385028124,0.00877773761749
0.633663415909,0.66666662693,0.184990867972,0.164023011923,0.0209678560495
0.643564343452,0.66666662693,0.185620203614,0.152915865183,0.0327043384314
0.653465390205,0.66666662693,0.186038643122,0.142143011093,0.0438956320286
0.663366317749,0.66666662693,0.186233863235,0.131765067577,0.0544687956572
0.673267364502,0.66666662693,0.186193108559,0.121824838221,0.0643682703376
0.683168292046,0.66666662693,0.185903385282,0.112349770963,0.0735536143184
0.693069338799,0.66666662693,0.185351535678,0.103354215622,0.081997320056
0.702970266342,0.66666662693,0.184524327517,0.0948416218162,0.0896827057004
0.712871313095,0.66666662693,0.183408424258,0.0868072286248,0.0966011956334
0.722772240639,0.66666662693,0.181990638375,0.0792395398021,0.102751098573
0.732673287392,0.66666662693,0.180257916451,0.0721220672131,0.108135849237
0.74257427454,0.66666662693,0.178197652102,0.0654355958104,0.112762056291
0.752475261688,0.66666662693,0.175797522068,0.0591587647796,0.116638757288
0.762376248837,0.66666662693,0.173045963049,0.0532692745328,0.119776688516
0.772277235985,0.66666662693,0.169932186604,0.0477450788021,0.122187107801
0.782178223133,0.66666662693,0.166446372867,0.0425649285316,0.123881444335
0.792079210281,0.66666662693,0.162579789758,0.0377092137933,0.124870575964
0.80198019743,0.66666662693,0.15832516551,0.0331597216427,0.125165447593
0.811881184578,0.66666662693,0.153676792979,0.0289005935192,0.12477619946
0.821782171726,0.66666662693,0.148630708456,0.0249186009169,0.123712107539
0.831683158875,0.66666662693,0.143184944987,0.0212030485272,0.12198189646
0.841584146023,0.66666662693,0.137339666486,0.0177455209196,0.119594141841
0.851485133171,0.66666662693,0.131097555161,0.0145407989621,0.116556756198
0.861386120319,0.66666662693,0.124463707209,0.0115858204663,0.112877890468
0.871287107468,0.66666662693,0.117445856333,0.00888062268496,0.108565233648
0.881188154221,0.66666662693,0.110054783523,0.00642707385123,0.103627711535
0.891089081764,0.66666662693,0.102304041386,0.00422999449074,0.0980740487576
0.900990128517,0.66666662693,0.0942099913955,0.00229608640075,0.09191390872
0.910891115665,0.66666662693,0.0857922211289,0.000634035095572,0.0851581841707
0.920792102814,0.66666662693,0.077073007822,-0.000745390541852,0.0778184011579
0.930693089962,0.66666662693,0.0680776908994,-0.00182964932173,0.0699073374271
0.94059407711,0.66666662693,0.0588341020048,-0.00260471832007,0.0614388212562
0.950495064259,0.66666662693,0.0493725575507,-0.00305514875799,0.0524277053773
0.960396051407,0.66666662693,0.0397258214653,-0.00316398497671,0.0428898073733
0.970297038555,0.66666662693,0.0299284234643,-0.00291312579066,0.0328415483236
0.980198025703,0.66666662693,0.0200165528804,-0.00228339340538,0.0222999453545
0.990099012852,0.66666662693,0.0100275855511,-0.00125433225185,0.011281917803
0.00990098994225,0.676767706871,0.00331108691171,-0.00294308830053,0.00625417521223
0.0198019798845,0.676767706871,0.00662217382342,-0.00532994791865,0.0119521217421
0.0297029688954,0.676767706871,0.0099332574755,-0.00750709418207,0.0174403525889
0.039603959769,0.676767706871,0.013244330883,-0.0094584338367,0.0227027647197
0.0495049506426,0.676767706871,0.0165553819388,-0.0111670065671,0.0277223885059
0.0594059377909,0.676767706871,0.0198663882911,-0.0126147652045,0.0324811525643
0.0693069323897,0.676767706871,0.0231773201376,-0.013782935217,0.0369602553546
0.079207919538,0.676767706871,0.0264881290495,-0.0146512622014,0.0411393903196
0.0891089066863,0.676767706871,0.0297987535596,-0.0151987643912,0.0449975170195
0.0990099012852,0.676767706871,0.0331091284752,-0.015403047204,0.0485121756792
0.108910888433,0.676767706871,0.0364191457629,-0.0152402669191,0.0516594126821
0.118811875582,0.676767706871,0.0397286899388,-0.0146854864433,0.0544141754508
0.12871286273,0.676767706871,0.0430376119912,-0.0137118222192,0.056749433279
0.138613864779,0.676767706871,0.0463457517326,-0.0122913653031,0.0586371161044
0.148514851928,0.676767706871,0.0496528856456,-0.0103939399123,0.0600468255579
0.158415839076,0.676767706871,0.0529587976635,-0.00798834953457,0.0609471462667
0.168316826224,0.676767706871,0.056263204664,-0.00504159368575,0.0613048002124
0.178217813373,0.676767706871,0.0595657862723,-0.00151943229139,0.061085216701
0.188118815422,0.676767706871,0.0628662109375,0.00261290930212,0.0602532997727
0.19801980257,0.676767706871,0.066164046526,0.00739162787795,0.058772418648
0.207920789719,0.676767706871,0.0694588422775,0.0128522645682,0.0566065758467
0.217821776867,0.676767706871,0.0727500990033,0.0190290696919,0.0537210293114
0.227722764015,0.676767706871,0.0760372206569,0.0259540081024,0.0500832125545
0.237623751163,0.676767706871,0.0793195962906,0.0336551293731,0.0456644669175
0.247524753213,0.676767706871,0.0825964957476,0.042154405266,0.0404420904815
0.25742572546,0.676767706871,0.0858671367168,0.0514648258686,0.0344023108482
0.267326742411,0.676767706871,0.0891306847334,0.0615880787373,0.0275426059961
0.277227729559,0.676767706871,0.0923861637712,0.0725114941597,0.0198746696115
0.287128716707,0.676767706871,0.0956325307488,0.0842047780752,0.0114277526736
0.297029703856,0.676767706871,0.0988686457276,0.0966171771288,0.00225146859884
0.306930691004,0.676767706871,0.102093249559,0.109675236046,0.00758198648691
0.316831678152,0.676767706871,0.105304978788,0.123281784356,0.0179768055677
0.3267326653,0.676767706871,0.108502373099,0.137315452099,0.0288130789995
0.336633652449,0.676767706871,0.111683748662,0.151633173227,0.0399494245648
0.346534639597,0.676767706871,0.114847414196,0.166073292494,0.0512258782983
0.356435626745,0.676767706871,0.117991425097,0.180460780859,0.062469355762
0.366336613894,0.676767706871,0.121113717556,0.194613337517,0.0734996199608
0.376237630844,0.676767706871,0.124212056398,0.20834878087,0.084136724472
0.386138617992,0.676767706871,0.127284005284,0.22149002552,0.094206020236
0.396039605141,0.676767706871,0.130326941609,0.233871936798,0.103544995189
0.405940592289,0.676767706871,0.133338063955,0.245344310999,0.112006247044
0.415841579437,0.676767706871,0.136314332485,0.255774617195,0.11946028471
0.425742566586,0.676767706871,0.139252498746,0.265048116446,0.1257956177
0.435643553734,0.676767706871,0.142149016261,0.273068249226,0.130919232965
0.445544540882,0.676767706871,0.145000115037,0.279754787683,0.134754672647
0.45544552803,0.676767706871,0.147801756859,0.285042643547,0.137240886688
0.465346515179,0.676767706871,0.15054962039,0.288881599903,0.138331979513
0.475247502327,0.676767706871,0.153239056468,0.291234433651,0.137995377183
0.485148519278,0.676767706871,0.155865117908,0.292079150677,0.136214032769
0.495049506426,0.676767706871,0.158422499895,0.291408061981,0.132985562086
0.504950523376,0.676767706871,0.160905569792,0.289231002331,0.128325432539
0.51485145092,0.676767706871,0.163308307528,0.285576790571,0.122268483043
0.524752497673,0.676767706871,0.165624335408,0.28049531579,0.114870980382
0.534653484821,0.676767706871,0.167846858501,0.274060279131,0.10621342063
0.54455447197,0.676767706871,0.169968694448,0.266369402409,0.0964007079601
0.554455459118,0.676767706871,0.171982213855,0.257544279099,0.0855620652437
0.564356446266,0.676767706871,0.173879384995,0.247729331255,0.0738499462605
0.574257433414,0.676767706871,0.175651684403,0.237086236477,0.0614345520735
0.584158420563,0.676767706871,0.177290216088,0.225789368153,0.0484991520643
0.594059407711,0.676767706871,0.178785562515,0.214017987251,0.035232424736
0.603960394859,0.676767706871,0.180127888918,0.201949298382,0.0218214094639
0.613861382008,0.676767706871,0.181306913495,0.189751476049,0.00844456255436
0.623762369156,0.676767706871,0.182311862707,0.177577286959,0.00473457574844
0.633663415909,0.676767706871,0.18313165009,0.165560752153,0.0175708979368
0.643564343452,0.676767706871,0.183754637837,0.153814196587,0.0299404412508
0.653465390205,0.676767706871,0.18416890502,0.142427951097,0.0417409539223
0.663366317749,0.676767706871,0.184362158179,0.131470948458,0.0528912097216
0.673267364502,0.676767706871,0.184321805835,0.120992325246,0.0633294805884
0.683168292046,0.676767706871,0.184034988284,0.111023806036,0.0730111822486
0.693069338799,0.676767706871,0.183488681912,0.101582609117,0.0819060727954
0.702970266342,0.676767706871,0.182669788599,0.092673227191,0.089996561408
0.712871313095,0.676767706871,0.181565120816,0.08429081738,0.0972743034363
0.722772240639,0.676767706871,0.180161565542,0.0764229819179,0.103738583624
0.732673287392,0.676767706871,0.178446263075,0.0690517127514,0.109394550323
0.74257427454,0.676767706871,0.176406696439,0.0621559619904,0.114250734448
0.752475261688,0.676767706871,0.174030691385,0.0557117909193,0.118318900466
0.762376248837,0.676767706871,0.171306788921,0.0496946200728,0.121612168849
0.772277235985,0.676767706871,0.168224319816,0.0440798550844,0.124144464731
0.782178223133,0.676767706871,0.164773538709,0.0388439670205,0.125929564238
0.792079210281,0.676767706871,0.160945817828,0.0339643098414,0.126981511712
0.80198019743,0.676767706871,0.156733945012,0.0294209644198,0.127312988043
0.811881184578,0.676767706871,0.152132287621,0.0251956433058,0.126936644316
0.821782171726,0.676767706871,0.147136926651,0.0212730765343,0.125863850117
0.831683158875,0.676767706871,0.141745895147,0.0176404640079,0.124105431139
0.841584146023,0.676767706871,0.135959371924,0.0142875909805,0.121671780944
0.851485133171,0.676767706871,0.129779979587,0.0112072788179,0.118572697043
0.861386120319,0.676767706871,0.12321280688,0.00839518755674,0.114817619324
0.871287107468,0.676767706871,0.116265498102,0.00584942474961,0.110416069627
0.881188154221,0.676767706871,0.108948692679,0.00357076339424,0.105377927423
0.891089081764,0.676767706871,0.101275861263,0.00156243517995,0.0997134298086
0.900990128517,0.676767706871,0.0932631418109,-0.000170052051544,0.0934331938624
0.910891115665,0.676767706871,0.0849299803376,-0.00161929056048,0.0865492671728
0.920792102814,0.676767706871,0.0762983933091,-0.00277537666261,0.0790737718344
0.930693089962,0.676767706871,0.067393489182,-0.00362719781697,0.0710206851363
0.94059407711,0.676767706871,0.0582427978516,-0.00416148547083,0.0624042823911
0.950495064259,0.676767706871,0.0488763451576,-0.00436379481107,0.0532401390374
0.960396051407,0.676767706871,0.0393265672028,-0.00421774853021,0.0435443148017
0.970297038555,0.676767706871,0.0296276323497,-0.00370639562607,0.0333340279758
0.980198025703,0.676767706871,0.0198153797537,-0.00281087867916,0.0226262584329
0.990099012852,0.676767706871,0.0099268052727,-0.00151192303747,0.0114387283102
0.00990098994225,0.686868667603,0.00327781052329,-0.00304868537933,0.00632649566978
0.0198019798845,0.686868667603,0.00655562104657,-0.00554581265897,0.0121014341712
0.0297029688954,0.686868667603,0.0098334280774,-0.00783247966319,0.0176659077406
0.039603959769,0.686868667603,0.0131112253293,-0.00989242270589,0.0230036489666
0.0495049506426,0.686868667603,0.0163890011609,-0.0117078460753,0.0280968472362
0.0594059377909,0.686868667603,0.0196667313576,-0.0132601242512,0.0329268574715
0.0693069323897,0.686868667603,0.0229443870485,-0.0145298074931,0.0374741926789
0.079207919538,0.686868667603,0.0262219235301,-0.0154958525673,0.041717775166
0.0891089066863,0.686868667603,0.0294992756099,-0.0161363482475,0.04563562572
0.0990099012852,0.686868667603,0.0327763818204,-0.0164278578013,0.0492042377591
0.108910888433,0.686868667603,0.0360531359911,-0.0163454636931,0.0523985996842
0.118811875582,0.686868667603,0.0393294170499,-0.0158629920334,0.0551924109459
0.12871286273,0.686868667603,0.0426050834358,-0.0149522926658,0.057557374239
0.138613864779,0.686868667603,0.0458799749613,-0.0135835427791,0.0594635158777
0.148514851928,0.686868667603,0.0491538755596,-0.0117255672812,0.0608794428408
0.158415839076,0.686868667603,0.0524265579879,-0.0093451384455,0.0617716982961
0.168316826224,0.686868667603,0.055697761476,-0.00640735123307,0.0621051117778
0.178217813373,0.686868667603,0.0589671507478,-0.00287611782551,0.0618432685733
0.188118815422,0.686868667603,0.0622344017029,0.0012859608978,0.0609484389424
0.19801980257,0.686868667603,0.0654990971088,0.00611688382924,0.0593822151423
0.207920789719,0.686868667603,0.0687607750297,0.0116545148194,0.0571062602103
0.217821776867,0.686868667603,0.0720189586282,0.0179355330765,0.0540834255517
0.227722764015,0.686868667603,0.0752730444074,0.0249942839146,0.0502787604928
0.237623751163,0.686868667603,0.0785224363208,0.0328605622053,0.0456618741155
0.247524753213,0.686868667603,0.0817663967609,0.04155780375,0.0402085930109
0.25742572546,0.686868667603,0.0850041732192,0.0511003956199,0.0339037775993
0.267326742411,0.686868667603,0.08823492378,0.0614905431867,0.0267443805933
0.277227729559,0.686868667603,0.0914576798677,0.0727153122425,0.0187423676252
0.287128716707,0.686868667603,0.094671420753,0.0847426578403,0.00992876291275
0.297029703856,0.686868667603,0.0978750064969,0.0975194722414,0.000355534255505
0.306930691004,0.686868667603,0.101067215204,0.110968388617,0.0099011734128
0.316831678152,0.686868667603,0.104246668518,0.124987117946,0.0207404494286
0.3267326653,0.686868667603,0.107411921024,0.139448314905,0.0320363938808
0.336633652449,0.686868667603,0.110561333597,0.154202401638,0.0436410680413
0.346534639597,0.686868667603,0.113693207502,0.169080793858,0.0553875863552
0.356435626745,0.686868667603,0.116805613041,0.183901667595,0.067096054554
0.366336613894,0.686868667603,0.119896523654,0.198477178812,0.0785806551576
0.376237630844,0.686868667603,0.12296371907,0.212619841099,0.0896561220288
0.386138617992,0.686868667603,0.1260048002,0.226149111986,0.100144311786
0.396039605141,0.686868667603,0.129017159343,0.238896936178,0.109879776835
0.405940592289,0.686868667603,0.13199801743,0.250711858273,0.118713840842
0.415841579437,0.686868667603,0.13494437933,0.261460274458,0.126515895128
0.425742566586,0.686868667603,0.137852996588,0.271026909351,0.133173912764
0.435643553734,0.686868667603,0.140720397234,0.279314398766,0.138594001532
0.445544540882,0.686868667603,0.143542855978,0.286241531372,0.142698675394
0.45544552803,0.686868667603,0.146316349506,0.291741847992,0.145425498486
0.465346515179,0.686868667603,0.149036601186,0.295762449503,0.146725848317
0.475247502327,0.686868667603,0.151699006557,0.29826387763,0.146564871073
0.485148519278,0.686868667603,0.154298678041,0.299219638109,0.144920960069
0.495049506426,0.686868667603,0.156830355525,0.298617810011,0.141787454486
0.504950523376,0.686868667603,0.159288465977,0.29646268487,0.137174218893
0.51485145092,0.686868667603,0.161667048931,0.292777270079,0.131110221148
0.524752497673,0.686868667603,0.163959816098,0.287605285645,0.123645469546
0.534653484821,0.686868667603,0.166160002351,0.281014531851,0.1148545295
0.54455447197,0.686868667603,0.168260499835,0.273097783327,0.104837283492
0.554455459118,0.686868667603,0.170253798366,0.263973653316,0.0937198549509
0.564356446266,0.686868667603,0.172131881118,0.253785103559,0.0816532224417
0.574257433414,0.686868667603,0.173886373639,0.24269631505,0.068809941411
0.584158420563,0.686868667603,0.175508454442,0.230887204409,0.0553787499666
0.594059407711,0.686868667603,0.176988750696,0.21854609251,0.041557341814
0.603960394859,0.686868667603,0.178317606449,0.205861985683,0.0275443792343
0.613861382008,0.686868667603,0.179484769702,0.193016827106,0.0135320574045
0.623762369156,0.686868667603,0.180479630828,0.180178314447,0.000301316380501
0.633663415909,0.686868667603,0.181291177869,0.167494863272,0.0137963145971
0.643564343452,0.686868667603,0.181907907128,0.155092537403,0.0268153697252
0.653465390205,0.686868667603,0.182318001986,0.143072962761,0.0392450392246
0.663366317749,0.686868667603,0.182509317994,0.131514936686,0.0509943813086
0.673267364502,0.686868667603,0.18246935308,0.120474912226,0.0619944408536
0.683168292046,0.686868667603,0.182185441256,0.109989978373,0.0721954628825
0.693069338799,0.686868667603,0.181644633412,0.100080013275,0.0815646201372
0.702970266342,0.686868667603,0.180833950639,0.0907520130277,0.0900819376111
0.712871313095,0.686868667603,0.179740384221,0.0820008292794,0.0977395549417
0.722772240639,0.686868667603,0.178350955248,0.0738135427237,0.104537412524
0.732673287392,0.686868667603,0.176652878523,0.0661708042026,0.11048207432
0.74257427454,0.686868667603,0.174633800983,0.0590493008494,0.115584500134
0.752475261688,0.686868667603,0.172281682491,0.05242279917,0.119858883321
0.762376248837,0.686868667603,0.169585153461,0.0462641753256,0.12332098186
0.772277235985,0.686868667603,0.166533663869,0.0405466295779,0.125987038016
0.782178223133,0.686868667603,0.163117557764,0.0352433212101,0.127874240279
0.792079210281,0.686868667603,0.159328296781,0.0303297936916,0.128998503089
0.80198019743,0.686868667603,0.155158773065,0.0257832705975,0.129375502467
0.811881184578,0.686868667603,0.150603368878,0.0215831883252,0.129020184278
0.821782171726,0.686868667603,0.145658195019,0.0177121125162,0.127946078777
0.831683158875,0.686868667603,0.140321344137,0.0141551159322,0.12616622448
0.841584146023,0.686868667603,0.134592965245,0.0109002050012,0.123692758381
0.851485133171,0.686868667603,0.128475695848,0.00793837755919,0.120537318289
0.861386120319,0.686868667603,0.121974512935,0.00526335835457,0.11671115458
0.871287107468,0.686868667603,0.115097016096,0.00287181325257,0.112225204706
0.881188154221,0.686868667603,0.107853755355,0.000762956216931,0.107090801001
0.891089081764,0.686868667603,0.100258029997,-0.00106143020093,0.101319462061
0.900990128517,0.686868667603,0.0923258513212,-0.00259712990373,0.0949229821563
0.910891115665,0.686868667603,0.0840764343739,-0.00383787322789,0.0879143103957
0.920792102814,0.686868667603,0.0755315944552,-0.00477502867579,0.0803066194057
0.930693089962,0.686868667603,0.0667161792517,-0.0053985202685,0.0721146985888
0.94059407711,0.686868667603,0.0576574616134,-0.00569606106728,0.063353523612
0.950495064259,0.686868667603,0.0483851358294,-0.00565400999039,0.0540391467512
0.960396051407,0.686868667603,0.0389313325286,-0.00525719020516,0.0441885218024
0.970297038555,0.686868667603,0.0293298754841,-0.00448914151639,0.0338190160692
0.980198025703,0.686868667603,0.0196162350476,-0.00333171337843,0.022947948426
0.990099012852,0.686868667603,0.00982704106718,-0.00176630355418,0.0115933446214
0.00990098994225,0.696969687939,0.00324486801401,-0.00315166730434,0.00639653531834
0.0198019798845,0.696969687939,0.00648973602802,-0.00575638003647,0.0122461160645
0.0297029688954,0.696969687939,0.00973459985107,-0.00815021712333,0.0178848169744
0.039603959769,0.696969687939,0.0129794543609,-0.0103160459548,0.0232954993844
0.0495049506426,0.696969687939,0.0162242874503,-0.0122355557978,0.0284598432481
0.0594059377909,0.696969687939,0.0194690749049,-0.0138897402212,0.0333588160574
0.0693069323897,0.696969687939,0.0227137934417,-0.015257883817,0.037971675396
0.079207919538,0.696969687939,0.0259583871812,-0.0163186304271,0.0422770157456
0.0891089066863,0.696969687939,0.0292028021067,-0.0170488599688,0.0462516620755
0.0990099012852,0.696969687939,0.0324469730258,-0.0174241550267,0.0498711280525
0.108910888433,0.696969687939,0.0356907919049,-0.0174185633659,0.0531093552709
0.118811875582,0.696969687939,0.0389341488481,-0.0170045234263,0.0559386722744
0.12871286273,0.696969687939,0.0421768948436,-0.0161524731666,0.0583293661475
0.138613864779,0.696969687939,0.0454188734293,-0.0148313483223,0.060250222683
0.148514851928,0.696969687939,0.0486598685384,-0.0130081102252,0.0616679787636
0.158415839076,0.696969687939,0.051899664104,-0.0106475530192,0.0625472143292
0.168316826224,0.696969687939,0.0551379844546,-0.00771329272538,0.062851279974
0.178217813373,0.696969687939,0.0583745203912,-0.00416665710509,0.062541179359
0.188118815422,0.696969687939,0.0616089329123,3.15438956022e-05,0.0615773871541
0.19801980257,0.696969687939,0.0648408159614,0.00492182374001,0.0599189922214
0.207920789719,0.696969687939,0.0680697187781,0.0105443987995,0.0575253218412
0.217821776867,0.696969687939,0.0712951570749,0.0169381350279,0.054357022047
0.227722764015,0.696969687939,0.0745165348053,0.0241395793855,0.0503769554198
0.237623751163,0.696969687939,0.0777332633734,0.0321806445718,0.0455526188016
0.247524753213,0.696969687939,0.0809446275234,0.0410862863064,0.039858341217
0.25742572546,0.696969687939,0.0841498598456,0.0508719906211,0.0332778692245
0.267326742411,0.696969687939,0.0873481333256,0.0615402832627,0.0258078500628
0.277227729559,0.696969687939,0.0905385091901,0.0730771943927,0.0174613147974
0.287128716707,0.696969687939,0.093719959259,0.0854493826628,0.00827057659626
0.297029703856,0.696969687939,0.0968913510442,0.0986005663872,0.001709215343
0.306930691004,0.696969687939,0.10005146265,0.112449042499,0.0123975798488
0.316831678152,0.696969687939,0.103198960423,0.126887142658,0.0236881822348
0.3267326653,0.696969687939,0.106332413852,0.141781300306,0.0354488864541
0.336633652449,0.696969687939,0.109450161457,0.156974613667,0.0475244522095
0.346534639597,0.696969687939,0.11255055666,0.172291845083,0.0597412884235
0.356435626745,0.696969687939,0.11563167721,0.187544286251,0.0719126090407
0.366336613894,0.696969687939,0.118691533804,0.202538490295,0.0838469564915
0.376237630844,0.696969687939,0.121727906168,0.217082202435,0.095354296267
0.386138617992,0.696969687939,0.124738425016,0.23099192977,0.106253504753
0.396039605141,0.696969687939,0.127720490098,0.244097590446,0.116377100348
0.405940592289,0.696969687939,0.130671411753,0.256246507168,0.125575095415
0.415841579437,0.696969687939,0.133588150144,0.267304897308,0.133716747165
0.425742566586,0.696969687939,0.136467546225,0.277157604694,0.14069005847
0.435643553734,0.696969687939,0.139306142926,0.285706907511,0.146400764585
0.445544540882,0.696969687939,0.142100214958,0.29287096858,0.150770753622
0.45544552803,0.696969687939,0.144845828414,0.298582613468,0.153736785054
0.465346515179,0.696969687939,0.147538751364,0.30278673768,0.155247986317
0.475247502327,0.696969687939,0.15017439425,0.305441319942,0.155266925693
0.485148519278,0.696969687939,0.152747943997,0.306516438723,0.153768494725
0.495049506426,0.696969687939,0.155254170299,0.305995851755,0.150741681457
0.504950523376,0.696969687939,0.157687589526,0.303878724575,0.146191135049
0.51485145092,0.696969687939,0.160042256117,0.300182014704,0.140139758587
0.524752497673,0.696969687939,0.162311986089,0.294943571091,0.132631585002
0.534653484821,0.696969687939,0.164490059018,0.288224220276,0.123734161258
0.54455447197,0.696969687939,0.166569456458,0.280111044645,0.113541588187
0.554455459118,0.696969687939,0.168542698026,0.270717799664,0.102175101638
0.564356446266,0.696969687939,0.170401930809,0.260184973478,0.0897830426693
0.574257433414,0.696969687939,0.172138780355,0.248677194118,0.076538413763
0.584158420563,0.696969687939,0.173744544387,0.236378282309,0.0626337379217
0.594059407711,0.696969687939,0.175209984183,0.223484039307,0.0482740551233
0.603960394859,0.696969687939,0.176525473595,0.210194647312,0.0336691737175
0.613861382008,0.696969687939,0.177680909634,0.196705430746,0.0190245211124
0.623762369156,0.696969687939,0.178665786982,0.18319901824,0.00453323125839
0.633663415909,0.696969687939,0.179469153285,0.169839113951,0.0096300393343
0.643564343452,0.696969687939,0.180079698563,0.156766146421,0.0233135521412
0.653465390205,0.696969687939,0.180485665798,0.144094765186,0.0363909006119
0.663366317749,0.696969687939,0.180675059557,0.131914615631,0.0487604439259
0.673267364502,0.696969687939,0.180635496974,0.120290271938,0.0603452250361
0.683168292046,0.696969687939,0.18035441637,0.109265260398,0.071089155972
0.693069338799,0.696969687939,0.179819062352,0.0988635122776,0.0809555500746
0.702970266342,0.696969687939,0.179016545415,0.089093901217,0.0899226441979
0.712871313095,0.696969687939,0.177933946252,0.0799522399902,0.0979817062616
0.722772240639,0.696969687939,0.176558479667,0.0714253559709,0.105133123696
0.732673287392,0.696969687939,0.174877479672,0.0634921044111,0.111385375261
0.74257427454,0.696969687939,0.172878697515,0.0561271235347,0.11675157398
0.752475261688,0.696969687939,0.170550227165,0.0493024736643,0.121247753501
0.762376248837,0.696969687939,0.167880788445,0.0429879650474,0.124892823398
0.772277235985,0.696969687939,0.164859950542,0.0371540151536,0.127705931664
0.782178223133,0.696969687939,0.161478176713,0.0317714512348,0.129706725478
0.792079210281,0.696969687939,0.157727017999,0.0268128030002,0.130914211273
0.80198019743,0.696969687939,0.153599396348,0.0222531184554,0.131346285343
0.811881184578,0.696969687939,0.149089753628,0.0180690549314,0.131020694971
0.821782171726,0.696969687939,0.144194304943,0.0142411142588,0.129953190684
0.831683158875,0.696969687939,0.138911068439,0.0107520781457,0.128158986568
0.841584146023,0.696969687939,0.133240282536,0.00758802704513,0.125652253628
0.851485133171,0.696969687939,0.127184480429,0.00473789311945,0.122446589172
0.861386120319,0.696969687939,0.120748646557,0.0021938290447,0.11855481565
0.871287107468,0.696969687939,0.113940268755,-4.92911785841e-05,0.113989561796
0.881188154221,0.696969687939,0.106769800186,-0.00199390947819,0.108763709664
0.891089081764,0.696969687939,0.099250420928,-0.00363938789815,0.102889806032
0.900990128517,0.696969687939,0.0913979560137,-0.00498334225267,0.0963812991977
0.910891115665,0.696969687939,0.0832314491272,-0.00602018553764,0.0892516374588
0.920792102814,0.696969687939,0.0747724846005,-0.00674299709499,0.0815154835582
0.930693089962,0.696969687939,0.0660456717014,-0.00714254751801,0.0731882154942
0.94059407711,0.696969687939,0.0570779889822,-0.0072076190263,0.0642856061459
0.950495064259,0.696969687939,0.0478988587856,-0.00692552514374,0.0548243820667
0.960396051407,0.696969687939,0.0385400652885,-0.00628195609897,0.0448220223188
0.970297038555,0.696969687939,0.029035102576,-0.00526115298271,0.0342962555587
0.980198025703,0.696969687939,0.0194190889597,-0.00384609028697,0.0232651792467
0.990099012852,0.696969687939,0.00972827710211,-0.00201831851155,0.0117465956137
0.00990098994225,0.707070708275,0.0032122565899,-0.00325190462172,0.00646416097879
0.0198019798845,0.707070708275,0.00642451317981,-0.00596172548831,0.0123862382025
0.0297029688954,0.707070708275,0.00963676627725,-0.00846007838845,0.018096845597
0.039603959769,0.707070708275,0.0128490086645,-0.0107290064916,0.0235780142248
0.0495049506426,0.707070708275,0.0160612314939,-0.0127498721704,0.0288111045957
0.0594059377909,0.707070708275,0.0192734077573,-0.0145028149709,0.0337762236595
0.0693069323897,0.707070708275,0.0224855169654,-0.015966495499,0.038452014327
0.079207919538,0.707070708275,0.0256975013763,-0.0171184744686,0.0428159758449
0.0891089066863,0.707070708275,0.0289093106985,-0.0179350432009,0.046844355762
0.0990099012852,0.707070708275,0.0321208722889,-0.0183905400336,0.0505114123225
0.108910888433,0.707070708275,0.035332094878,-0.0184579137713,0.0537900105119
0.118811875582,0.707070708275,0.0385428518057,-0.0181082021445,0.0566510558128
0.12871286273,0.707070708275,0.0417530052364,-0.0173104833812,0.0590634867549
0.138613864779,0.707070708275,0.0449624061584,-0.0160322114825,0.060994617641
0.148514851928,0.707070708275,0.0481708310544,-0.0142384823412,0.062409311533
0.158415839076,0.707070708275,0.0513780601323,-0.0118925618008,0.0632706210017
0.168316826224,0.707070708275,0.0545838400722,-0.00895558670163,0.0635394304991
0.178217813373,0.707070708275,0.0577878430486,-0.0053872410208,0.0631750822067
0.188118815422,0.707070708275,0.0609897524118,-0.00114574097097,0.0621354952455
0.19801980257,0.707070708275,0.0641891509295,0.00381153263152,0.0603776201606
0.207920789719,0.707070708275,0.0673856064677,0.0095273386687,0.0578582659364
0.217821776867,0.707070708275,0.0705786272883,0.0160427950323,0.0545358322561
0.227722764015,0.707070708275,0.073767632246,0.0233966223896,0.0503710098565
0.237623751163,0.707070708275,0.0769520327449,0.0316227301955,0.0453293025494
0.247524753213,0.707070708275,0.0801311209798,0.0407476313412,0.0393834896386
0.25742572546,0.707070708275,0.0833041369915,0.0507874935865,0.032516643405
0.267326742411,0.707070708275,0.0864702761173,0.0617451518774,0.0247251242399
0.277227729559,0.707070708275,0.0896285846829,0.0736055374146,0.0160230472684
0.287128716707,0.707070708275,0.09277805686,0.086333334446,0.00644472241402
0.297029703856,0.707070708275,0.0959175676107,0.0998686701059,0.00395110249519
0.306930691004,0.707070708275,0.0990459322929,0.114125095308,0.0150791630149
0.316831678152,0.707070708275,0.102161794901,0.128989219666,0.0268274247646
0.3267326653,0.707070708275,0.105263754725,0.14432066679,0.0390569120646
0.336633652449,0.707070708275,0.108350180089,0.159955203533,0.0516050234437
0.346534639597,0.707070708275,0.111419416964,0.175710231066,0.0642908141017
0.356435626745,0.707070708275,0.114469565451,0.191391050816,0.0769214853644
0.366336613894,0.707070708275,0.117498666048,0.206798195839,0.0892995297909
0.376237630844,0.707070708275,0.120504528284,0.22173550725,0.101230978966
0.386138617992,0.707070708275,0.123484782875,0.236016601324,0.112531818449
0.396039605141,0.707070708275,0.126436889172,0.249470323324,0.123033434153
0.405940592289,0.707070708275,0.129358127713,0.261943608522,0.132585480809
0.415841579437,0.707070708275,0.132245570421,0.273302733898,0.141057163477
0.425742566586,0.707070708275,0.135096028447,0.28343307972,0.148337051272
0.435643553734,0.707070708275,0.137906089425,0.292237609625,0.1543315202
0.445544540882,0.707070708275,0.140672087669,0.299634218216,0.158962130547
0.45544552803,0.707070708275,0.143390104175,0.305554717779,0.162164613605
0.465346515179,0.707070708275,0.146055966616,0.309942990541,0.163887023926
0.475247502327,0.707070708275,0.148665130138,0.312754571438,0.164089441299
0.485148519278,0.707070708275,0.151212796569,0.313956171274,0.162743374705
0.495049506426,0.707070708275,0.153693854809,0.313527882099,0.15983402729
0.504950523376,0.707070708275,0.15610280633,0.31146389246,0.15536108613
0.51485145092,0.707070708275,0.158433809876,0.307775378227,0.149341568351
0.524752497673,0.707070708275,0.160680726171,0.302493602037,0.141812875867
0.534653484821,0.707070708275,0.162836909294,0.295672535896,0.132835626602
0.54455447197,0.707070708275,0.164895400405,0.287392675877,0.122497275472
0.554455459118,0.707070708275,0.166848823428,0.277761697769,0.110912874341
0.564356446266,0.707070708275,0.168689370155,0.266916066408,0.0982266962528
0.574257433414,0.707070708275,0.170408755541,0.255018979311,0.0846102237701
0.584158420563,0.707070708275,0.171998396516,0.242256104946,0.0702577084303
0.594059407711,0.707070708275,0.173449084163,0.228829741478,0.0553806573153
0.603960394859,0.707070708275,0.174751371145,0.214949369431,0.0401979982853
0.613861382008,0.707070708275,0.17589519918,0.20082321763,0.0249280184507
0.623762369156,0.707070708275,0.176870152354,0.186648905277,0.00977875292301
0.633663415909,0.707070708275,0.177665457129,0.172605782747,0.00505967438221
0.643564343452,0.707070708275,0.178269863129,0.158849775791,0.0194200873375
0.653465390205,0.707070708275,0.178671747446,0.145509511232,0.0331622362137
0.663366317749,0.707070708275,0.178859248757,0.132686674595,0.0461725741625
0.673267364502,0.707070708275,0.178820088506,0.120455689728,0.0583643987775
0.683168292046,0.707070708275,0.178541839123,0.108867064118,0.0696747750044
0.693069338799,0.707070708275,0.178011849523,0.0979496017098,0.0800622478127
0.702970266342,0.707070708275,0.177217394114,0.0877152606845,0.0895021334291
0.712871313095,0.707070708275,0.176145672798,0.0781608000398,0.0979848727584
0.722772240639,0.707070708275,0.174784049392,0.0692727118731,0.105511337519
0.732673287392,0.707070708275,0.173119932413,0.0610289871693,0.112090945244
0.74257427454,0.707070708275,0.17114123702,0.0534025281668,0.117738708854
0.752475261688,0.707070708275,0.168836161494,0.0463623851538,0.12247377634
0.762376248837,0.707070708275,0.166193559766,0.039876434952,0.126317128539
0.772277235985,0.707070708275,0.163203090429,0.0339118205011,0.129291266203
0.782178223133,0.707070708275,0.159855306149,0.0284369625151,0.131418347359
0.792079210281,0.707070708275,0.156141832471,0.023421511054,0.132720321417
0.80198019743,0.707070708275,0.152055695653,0.0188375599682,0.13321813941
0.811881184578,0.707070708275,0.147591382265,0.014659781009,0.132931604981
0.821782171726,0.707070708275,0.142745122313,0.0108657777309,0.131879344583
0.831683158875,0.707070708275,0.137514993548,0.00743636116385,0.130078628659
0.841584146023,0.707070708275,0.131901189685,0.0043553635478,0.127545833588
0.851485133171,0.707070708275,0.125906258821,0.0016098562628,0.124296404421
0.861386120319,0.707070708275,0.119535088539,-0.000810011290014,0.12034510076
0.871287107468,0.707070708275,0.11279515177,-0.00291100610048,0.115706160665
0.881188154221,0.707070708275,0.105696745217,-0.00469710491598,0.110393851995
0.891089081764,0.707070708275,0.0982529371977,-0.00616936478764,0.104422301054
0.900990128517,0.707070708275,0.090479388833,-0.00732657685876,0.0978059619665
0.910891115665,0.707070708275,0.0823949575424,-0.0081647913903,0.0905597507954
0.920792102814,0.707070708275,0.074021011591,-0.00867817178369,0.0826991796494
0.930693089962,0.707070708275,0.0653818920255,-0.00885838270187,0.0742402747273
0.94059407711,0.707070708275,0.0565043464303,-0.00869556702673,0.0651999115944
0.950495064259,0.707070708275,0.0474174655974,-0.00817777309567,0.0555952377617
0.960396051407,0.707070708275,0.0381527319551,-0.00729169044644,0.0454444214702
0.970297038555,0.707070708275,0.028743294999,-0.00602252129465,0.034765817225
0.980198025703,0.707070708275,0.0192239228636,-0.00435378775001,0.0235777106136
0.990099012852,0.707070708275,0.00963050685823,-0.00226786825806,0.0118983751163
0.00990098994225,0.717171728611,0.00317997299135,-0.00334965903312,0.00652963202447
0.0198019798845,0.717171728611,0.00635994551703,-0.00616203155369,0.0125219766051
0.0297029688954,0.717171728611,0.00953991524875,-0.00876189954579,0.0183018147945
0.039603959769,0.717171728611,0.0127198742703,-0.0111312475055,0.0238511227071
0.0495049506426,0.717171728611,0.0158998146653,-0.0132503341883,0.0291501488537
0.0594059377909,0.717171728611,0.0190797075629,-0.0150988427922,0.0341785512865
0.0693069323897,0.717171728611,0.0222595315427,-0.0166548732668,0.0389144048095
0.079207919538,0.717171728611,0.0254392381757,-0.0178947784007,0.0433340147138
0.0891089066863,0.717171728611,0.0286187678576,-0.0187939107418,0.0474126785994
0.0990099012852,0.717171728611,0.0317980535328,-0.0193256922066,0.0511237457395
0.108910888433,0.717171728611,0.0349770002067,-0.0194618124515,0.0544388145208
0.118811875582,0.717171728611,0.0381554923952,-0.0191720295697,0.0573275238276
0.12871286273,0.717171728611,0.0413333848119,-0.0184239819646,0.0597573667765
0.138613864779,0.717171728611,0.0445105284452,-0.0171835254878,0.0616940557957
0.148514851928,0.717171728611,0.0476867072284,-0.0154139362276,0.063100643456
0.158415839076,0.717171728611,0.0508617088199,-0.0130765596405,0.063938267529
0.168316826224,0.717171728611,0.0540352649987,-0.0101306475699,0.0641659125686
0.178217813373,0.717171728611,0.0572070665658,-0.00653348024935,0.0637405440211
0.188118815422,0.717171728611,0.0603767968714,-0.00224130693823,0.0626181066036
0.19801980257,0.717171728611,0.0635440424085,0.0027912389487,0.0607528015971
0.207920789719,0.717171728611,0.0667083710432,0.00860903784633,0.0580993331969
0.217821776867,0.717171728611,0.0698693022132,0.0152557436377,0.0546135604382
0.227722764015,0.717171728611,0.0730262547731,0.0227721780539,0.0502540767193
0.237623751163,0.717171728611,0.0761786550283,0.0311941280961,0.0449845269322
0.247524753213,0.717171728611,0.0793257877231,0.0405494235456,0.0387763641775
0.25742572546,0.717171728611,0.0824669227004,0.0508550480008,0.0316118746996
0.267326742411,0.717171728611,0.0856012329459,0.0621135681868,0.0234876647592
0.277227729559,0.717171728611,0.0887278020382,0.0743088275194,0.0144189745188
0.287128716707,0.717171728611,0.0918456241488,0.0874028876424,0.00444273650646
0.297029703856,0.717171728611,0.0949535816908,0.101331837475,0.00637825578451
0.306930691004,0.717171728611,0.0980505049229,0.116004414856,0.0179539099336
0.316831678152,0.717171728611,0.101135060191,0.131300479174,0.0301654189825
0.3267326653,0.717171728611,0.104205839336,0.147072285414,0.0428664460778
0.336633652449,0.717171728611,0.107261233032,0.163148701191,0.0558874681592
0.346534639597,0.717171728611,0.110299631953,0.179339408875,0.0690397769213
0.356435626745,0.717171728611,0.113319136202,0.195443570614,0.0821244344115
0.366336613894,0.717171728611,0.116317793727,0.211256474257,0.0949386805296
0.376237630844,0.717171728611,0.119293436408,0.226578146219,0.107284709811
0.386138617992,0.717171728611,0.122243747115,0.241220444441,0.118976697326
0.396039605141,0.717171728611,0.12516617775,0.255011230707,0.129845052958
0.405940592289,0.717171728611,0.128058075905,0.267797857523,0.139739781618
0.415841579437,0.717171728611,0.13091647625,0.279447585344,0.148531109095
0.425742566586,0.717171728611,0.133738294244,0.289846926928,0.156108632684
0.435643553734,0.717171728611,0.136520117521,0.298898994923,0.162378877401
0.445544540882,0.717171728611,0.139258310199,0.306522578001,0.167264267802
0.45544552803,0.717171728611,0.141949027777,0.312649101019,0.170700073242
0.465346515179,0.717171728611,0.144588083029,0.317221194506,0.172633111477
0.475247502327,0.717171728611,0.147171005607,0.320192426443,0.173021420836
0.485148519278,0.717171728611,0.149693086743,0.32152697444,0.171833887696
0.495049506426,0.717171728611,0.152149200439,0.321200966835,0.169051766396
0.504950523376,0.717171728611,0.154533937573,0.319204092026,0.164670154452
0.51485145092,0.717171728611,0.156841516495,0.315542042255,0.158700525761
0.524752497673,0.717171728611,0.159065842628,0.310239344835,0.151173502207
0.534653484821,0.717171728611,0.161200359464,0.303343206644,0.14214284718
0.54455447197,0.717171728611,0.163238182664,0.294926226139,0.131688043475
0.554455459118,0.717171728611,0.165171965957,0.285089731216,0.11991776526
0.564356446266,0.717171728611,0.166994005442,0.273964345455,0.106970340014
0.574257433414,0.717171728611,0.168696135283,0.261709988117,0.0930138528347
0.584158420563,0.717171728611,0.170269787312,0.248512893915,0.0782431066036
0.594059407711,0.717171728611,0.171705916524,0.23457878828,0.0628728717566
0.603960394859,0.717171728611,0.172995075583,0.220125824213,0.0471307486296
0.613861382008,0.717171728611,0.174127414823,0.205374121666,0.0312467068434
0.623762369156,0.717171728611,0.175092577934,0.190535545349,0.0154429674149
0.633663415909,0.717171728611,0.175879910588,0.175805836916,7.40736722946e-05
0.643564343452,0.717171728611,0.176478222013,0.161356985569,0.0151212364435
0.653465390205,0.717171728611,0.176876068115,0.147332876921,0.0295431911945
0.663366317749,0.717171728611,0.177061676979,0.133848309517,0.0432133674622
0.673267364502,0.717171728611,0.177022919059,0.120988763869,0.05603415519
0.683168292046,0.717171728611,0.176747471094,0.108812987804,0.0679344832897
0.693069338799,0.717171728611,0.17622281611,0.0973559916019,0.0788668245077
0.702970266342,0.717171728611,0.175436332822,0.0866327807307,0.0888035520911
0.712871313095,0.717171728611,0.174375399947,0.0766420140862,0.0977333858609
0.722772240639,0.717171728611,0.173027426004,0.0673707649112,0.105656661093
0.732673287392,0.717171728611,0.17138004303,0.05879573524,0.11258430779
0.74257427454,0.717171728611,0.169421240687,0.0508880540729,0.118533186615
0.752475261688,0.717171728611,0.167139336467,0.0436146073043,0.123524725437
0.762376248837,0.717171728611,0.164523288608,0.0369405038655,0.127582788467
0.772277235985,0.717171728611,0.161562874913,0.0308302678168,0.130732610822
0.782178223133,0.717171728611,0.158248737454,0.025249093771,0.132999643683
0.792079210281,0.717171728611,0.154572591186,0.0201640017331,0.134408593178
0.80198019743,0.717171728611,0.150527507067,0.0155442506075,0.134983256459
0.811881184578,0.717171728611,0.146108075976,0.0113618765026,0.134746193886
0.821782171726,0.717171728611,0.141310527921,0.00759219005704,0.133718341589
0.831683158875,0.717171728611,0.136132955551,0.00421327725053,0.131919682026
0.841584146023,0.717171728611,0.130575567484,0.00120698660612,0.129368573427
0.851485133171,0.717171728611,0.124640882015,-0.00144164543599,0.126082524657
0.861386120319,0.717171728611,0.118333749473,-0.00374442990869,0.122078180313
0.871287107468,0.717171728611,0.111661545932,-0.00571002531797,0.117371574044
0.881188154221,0.717171728611,0.104634478688,-0.00734384264797,0.111978322268
0.891089081764,0.717171728611,0.0972654744983,-0.00864888355136,0.105914354324
0.900990128517,0.717171728611,0.0895700603724,-0.00962516199797,0.0991952195764
0.910891115665,0.717171728611,0.0815668776631,-0.0102701298892,0.0918370038271
0.920792102814,0.717171728611,0.0732770934701,-0.0105790533125,0.0838561505079
0.930693089962,0.717171728611,0.0647248029709,-0.010544905439,0.0752697065473
0.94059407711,0.717171728611,0.0559364706278,-0.0101590193808,0.0660954862833
0.950495064259,0.717171728611,0.0469409115613,-0.00941030774266,0.0563512183726
0.960396051407,0.717171728611,0.0377692915499,-0.00828647427261,0.0460557639599
0.970297038555,0.717171728611,0.0284544210881,-0.0067732706666,0.0352276936173
0.980198025703,0.717171728611,0.0190307199955,-0.00485514756292,0.0238858684897
0.990099012852,0.717171728611,0.00953371822834,-0.0025153150782,0.0120490333065
0.00990098994225,0.727272748947,0.00314801349305,-0.00344481412321,0.00659282784909
0.0198019798845,0.727272748947,0.00629602605477,-0.0063569387421,0.0126529652625
0.0297029688954,0.727272748947,0.00944403652102,-0.00905562378466,0.018499661237
0.039603959769,0.727272748947,0.0125920372084,-0.0115222567692,0.0241142939776
0.0495049506426,0.727272748947,0.0157400164753,-0.0137366373092,0.0294766537845
0.0594059377909,0.727272748947,0.0188879519701,-0.0156775079668,0.0345654599369
0.0693069323897,0.727272748947,0.022035818547,-0.0173221398145,0.0393579602242
0.079207919538,0.727272748947,0.0251835677773,-0.018646273762,0.0438298434019
0.0891089066863,0.727272748947,0.0283311400563,-0.019624248147,0.0479553863406
0.0990099012852,0.727272748947,0.0314784795046,-0.020228151232,0.0517066307366
0.108910888433,0.727272748947,0.0346254743636,-0.0204288102686,0.0550542846322
0.118811875582,0.727272748947,0.0377720221877,-0.0201942659914,0.0579662881792
0.12871286273,0.727272748947,0.0409179739654,-0.0194909237325,0.0604088976979
0.138613864779,0.727272748947,0.0440631881356,-0.0182826444507,0.0623458325863
0.148514851928,0.727272748947,0.0472074411809,-0.0165315195918,0.0637389570475
0.158415839076,0.727272748947,0.0503505319357,-0.0141963288188,0.0645468607545
0.168316826224,0.727272748947,0.0534921996295,-0.0112347612157,0.0647269636393
0.178217813373,0.727272748947,0.0566321238875,-0.00760158989578,0.064233712852
0.188118815422,0.727272748947,0.0597699955106,-0.00325041543692,0.0630204081535
0.19801980257,0.727272748947,0.062905408442,0.00186595693231,0.0610394515097
0.207920789719,0.727272748947,0.0660379379988,0.00779527239501,0.0582426637411
0.217821776867,0.727272748947,0.0691670924425,0.0145831052214,0.0545839890838
0.227722764015,0.727272748947,0.0722923278809,0.0222728773952,0.0500194504857
0.237623751163,0.727272748947,0.0754130408168,0.0309016667306,0.0445113740861
0.247524753213,0.727272748947,0.0785285457969,0.040499214083,0.0380293317139
0.25742572546,0.727272748947,0.0816381126642,0.0510825812817,0.0305555313826
0.267326742411,0.727272748947,0.084740921855,0.0626539215446,0.0220870003104
0.277227729559,0.727272748947,0.0878360643983,0.0751954764128,0.0126405879855
0.287128716707,0.727272748947,0.0909225568175,0.0886663421988,0.00225621461868
0.297029703856,0.727272748947,0.0939992815256,0.102998256683,0.00899897515774
0.306930691004,0.727272748947,0.097065076232,0.118094004691,0.0210289284587
0.316831678152,0.727272748947,0.100118629634,0.133826762438,0.0337081328034
0.3267326653,0.727272748947,0.103158541024,0.150041550398,0.0468830093741
0.336633652449,0.727272748947,0.106183238328,0.166558861732,0.060375623405
0.346534639597,0.727272748947,0.109191097319,0.183181911707,0.0739908143878
0.356435626745,0.727272748947,0.112180247903,0.19970291853,0.0875226706266
0.366336613894,0.727272748947,0.115148767829,0.215912669897,0.100763902068
0.376237630844,0.727272748947,0.11809451133,0.231608450413,0.113513939083
0.386138617992,0.727272748947,0.121015161276,0.246600210667,0.125585049391
0.396039605141,0.727272748947,0.123908236623,0.260715931654,0.136807695031
0.405940592289,0.727272748947,0.126771062613,0.27380412817,0.147033065557
0.415841579437,0.727272748947,0.129600733519,0.285733252764,0.156132519245
0.425742566586,0.727272748947,0.132394194603,0.296391487122,0.163997292519
0.435643553734,0.727272748947,0.135148063302,0.3056833148,0.170535251498
0.445544540882,0.727272748947,0.137858733535,0.313527911901,0.175669178367
0.45544552803,0.727272748947,0.140522390604,0.319856792688,0.179334402084
0.465346515179,0.727272748947,0.14313493669,0.324611634016,0.181476697326
0.475247502327,0.727272748947,0.145691916347,0.327744662762,0.182052746415
0.485148519278,0.727272748947,0.148188635707,0.329217523336,0.18102888763
0.495049506426,0.727272748947,0.15062007308,0.329002946615,0.178382873535
0.504950523376,0.727272748947,0.152980849147,0.327086299658,0.174105450511
0.51485145092,0.727272748947,0.15526522696,0.32346779108,0.16820256412
0.524752497673,0.727272748947,0.157467201352,0.318165779114,0.160698577762
0.534653484821,0.727272748947,0.159580275416,0.311220109463,0.151639834046
0.54455447197,0.727272748947,0.161597579718,0.30269575119,0.141098171473
0.554455459118,0.727272748947,0.163511946797,0.292686164379,0.129174217582
0.564356446266,0.727272748947,0.165315687656,0.281315028667,0.115999341011
0.574257433414,0.727272748947,0.167000696063,0.268737733364,0.101737037301
0.584158420563,0.727272748947,0.168558523059,0.255138427019,0.0865799039602
0.594059407711,0.727272748947,0.169980227947,0.240725189447,0.0707449615002
0.603960394859,0.727272748947,0.171256452799,0.225722104311,0.0544656515121
0.613861382008,0.727272748947,0.172377407551,0.210360080004,0.0379826724529
0.623762369156,0.727272748947,0.173332870007,0.194865256548,0.0215323865414
0.633663415909,0.727272748947,0.174112260342,0.179449051619,0.00533679127693
0.643564343452,0.727272748947,0.174704566598,0.164300471544,0.0104040950537
0.653465390205,0.727272748947,0.175098434091,0.149579584599,0.0255188494921
0.663366317749,0.727272748947,0.175282180309,0.135415762663,0.0398664176464
0.673267364502,0.727272748947,0.175243794918,0.121906749904,0.0533370450139
0.683168292046,0.727272748947,0.174971118569,0.109120883048,0.0658502355218
0.693069338799,0.727272748947,0.174451723695,0.0970997512341,0.0773519724607
0.702970266342,0.727272748947,0.173673152924,0.0858634412289,0.0878097116947
0.712871313095,0.727272748947,0.172622874379,0.075412645936,0.0972102284431
0.722772240639,0.727272748947,0.171288475394,0.06573497504,0.105553500354
0.732673287392,0.727272748947,0.169657632709,0.0568067133427,0.112850919366
0.74257427454,0.727272748947,0.167718529701,0.0485973358154,0.119121193886
0.752475261688,0.727272748947,0.165459543467,0.0410715639591,0.124387979507
0.762376248837,0.727272748947,0.162869781256,0.03419174999,0.128678023815
0.772277235985,0.727272748947,0.15993912518,0.0279195047915,0.132019624114
0.782178223133,0.727272748947,0.156658291817,0.022217169404,0.134441122413
0.792079210281,0.727272748947,0.153019100428,0.0170488841832,0.13597021997
0.80198019743,0.727272748947,0.149014666677,0.0123808439821,0.136633828282
0.811881184578,0.727272748947,0.144639641047,0.00818249955773,0.136457145214
0.821782171726,0.727272748947,0.139890313148,0.0044264420867,0.135463863611
0.831683158875,0.727272748947,0.134764790535,0.00108835287392,0.133676439524
0.841584146023,0.727272748947,0.12926325202,-0.00185211189091,0.131115362048
0.851485133171,0.727272748947,0.123388208449,-0.0044121844694,0.127800390124
0.861386120319,0.727272748947,0.117144480348,-0.00660563074052,0.123750112951
0.871287107468,0.727272748947,0.110539317131,-0.00844300724566,0.118982322514
0.881188154221,0.727272748947,0.103582881391,-0.00993152428418,0.113514408469
0.891089081764,0.727272748947,0.0962879359722,-0.0110755944625,0.107363529503
0.900990128517,0.727272748947,0.0886698588729,-0.011876899749,0.100546762347
0.910891115665,0.727272748947,0.0807471126318,-0.0123342685401,0.0930813848972
0.920792102814,0.727272748947,0.072540640831,-0.0124441999942,0.0849848389626
0.930693089962,0.727272748947,0.0640743002295,-0.0122011955827,0.0762754976749
0.94059407711,0.727272748947,0.0553742945194,-0.011597128585,0.0669714212418
0.950495064259,0.727272748947,0.0464691482484,-0.0106224240735,0.0570915713906
0.960396051407,0.727272748947,0.0373896993697,-0.00926539115608,0.0466550886631
0.970297038555,0.727272748947,0.0281684473157,-0.00751292612404,0.0356813743711
0.980198025703,0.727272748947,0.018839456141,-0.00535017065704,0.024189626798
0.990099012852,0.727272748947,0.00943790283054,-0.00276089366525,0.0121987964958
0.00990098994225,0.737373709679,0.00311637530103,-0.00353761762381,0.00665399292484
0.0198019798845,0.737373709679,0.00623275106773,-0.00654652621597,0.012779276818
0.0297029688954,0.737373709679,0.00934912357479,-0.00934111326933,0.0186902359128
0.039603959769,0.737373709679,0.0124654853716,-0.0119018927217,0.024367377162
0.0495049506426,0.737373709679,0.0155818276107,-0.0142081286758,0.0297899562865
0.0594059377909,0.737373709679,0.0186981279403,-0.0162378866225,0.0349360145628
0.0693069323897,0.737373709679,0.0218143574893,-0.017967838794,0.0397821962833
0.079207919538,0.737373709679,0.0249304715544,-0.0193723104894,0.0443027839065
0.0891089066863,0.737373709679,0.0280464105308,-0.0204249843955,0.0484713949263
0.0990099012852,0.737373709679,0.0311621148139,-0.0210968423635,0.0522589571774
0.108910888433,0.737373709679,0.0342774875462,-0.021357158199,0.0556346476078
0.118811875582,0.737373709679,0.0373924076557,-0.0211728978902,0.0585653036833
0.12871286273,0.737373709679,0.0405067466199,-0.0205089040101,0.06101565063
0.138613864779,0.737373709679,0.0436203479767,-0.0193273797631,0.0629477277398
0.148514851928,0.737373709679,0.0467330031097,-0.0175882261246,0.0643212273717
0.158415839076,0.737373709679,0.049844507128,-0.0152487494051,0.0650932565331
0.168316826224,0.737373709679,0.052954595536,-0.0122640999034,0.0652186945081
0.178217813373,0.737373709679,0.0560629665852,-0.00858696736395,0.0646499320865
0.188118815422,0.737373709679,0.0591692999005,-0.00416844896972,0.0633377507329
0.19801980257,0.737373709679,0.0622732080519,0.00104095600545,0.0612322539091
0.207920789719,0.737373709679,0.0653742551804,0.00709149241447,0.0582827627659
0.217821776867,0.737373709679,0.0684719607234,0.0140311866999,0.0544407740235
0.227722764015,0.737373709679,0.071565784514,0.0219054073095,0.0496603772044
0.237623751163,0.737373709679,0.0746551305056,0.0307532921433,0.0439018383622
0.247524753213,0.737373709679,0.077739328146,0.0406048186123,0.0371345095336
0.25742572546,0.737373709679,0.0808176398277,0.0514781922102,0.0293394476175
0.267326742411,0.737373709679,0.0838892683387,0.0633743181825,0.0205149501562
0.277227729559,0.737373709679,0.086953304708,0.0762736648321,0.0106796398759
0.287128716707,0.737373709679,0.0900087729096,0.0901315659285,0.000122793018818
0.297029703856,0.737373709679,0.0930545777082,0.104875028133,0.0118204504251
0.306930691004,0.737373709679,0.0960895642638,0.12040065974,0.0243110954762
0.316831678152,0.737373709679,0.0991124212742,0.136574238539,0.0374618172646
0.3267326653,0.737373709679,0.102121785283,0.153232634068,0.0511108487844
0.336633652449,0.737373709679,0.105116084218,0.17018905282,0.0650729686022
0.346534639597,0.737373709679,0.108093716204,0.187239021063,0.0791453048587
0.356435626745,0.737373709679,0.111052833498,0.204169005156,0.093116171658
0.366336613894,0.737373709679,0.113991521299,0.220765531063,0.106774009764
0.376237630844,0.737373709679,0.116907648742,0.236823320389,0.119915671647
0.386138617992,0.737373709679,0.119798950851,0.252151817083,0.132352858782
0.396039605141,0.737373709679,0.122662939131,0.266579687595,0.143916755915
0.405940592289,0.737373709679,0.125496998429,0.279956638813,0.154459640384
0.415841579437,0.737373709679,0.12829823792,0.292153567076,0.163855329156
0.425742566586,0.737373709679,0.131063625216,0.303060382605,0.171996757388
0.435643553734,0.737373709679,0.133789807558,0.312583267689,0.178793460131
0.445544540882,0.737373709679,0.136473238468,0.320642381907,0.184169143438
0.45544552803,0.737373709679,0.139110133052,0.327169507742,0.18805937469
0.465346515179,0.737373709679,0.141696423292,0.332105785608,0.190409362316
0.475247502327,0.737373709679,0.144227683544,0.335402071476,0.191174387932
0.485148519278,0.737373709679,0.14669932425,0.337017804384,0.190318480134
0.495049506426,0.737373709679,0.149106323719,0.336922734976,0.187816411257
0.504950523376,0.737373709679,0.151443377137,0.335098206997,0.18365482986
0.51485145092,0.737373709679,0.153704792261,0.331539452076,0.177834659815
0.524752497673,0.737373709679,0.155884638429,0.326258540154,0.170373901725
0.534653484821,0.737373709679,0.157976478338,0.319288313389,0.161311835051
0.54455447197,0.737373709679,0.159973531961,0.310685485601,0.15071195364
0.554455459118,0.737373709679,0.16186863184,0.30053499341,0.13866636157
0.564356446266,0.737373709679,0.163654237986,0.288953006268,0.125298768282
0.574257433414,0.737373709679,0.165322318673,0.276088356972,0.110766038299
0.584158420563,0.737373709679,0.16686449945,0.262121230364,0.0952567309141
0.594059407711,0.737373709679,0.168271899223,0.247260093689,0.0789881944656
0.603960394859,0.737373709679,0.169535294175,0.231733560562,0.062198266387
0.613861382008,0.737373709679,0.17064499855,0.215781122446,0.0451361238956
0.623762369156,0.737373709679,0.171590849757,0.199641913176,0.0280510634184
0.633663415909,0.737373709679,0.172362416983,0.183543294668,0.0111808776855
0.643564343452,0.737373709679,0.172948777676,0.167691558599,0.00525721907616
0.653465390205,0.737373709679,0.173338681459,0.152263730764,0.021074950695
0.663366317749,0.737373709679,0.173520565033,0.13740503788,0.036115527153
0.673267364502,0.737373709679,0.173482581973,0.123226739466,0.0502558425069
0.683168292046,0.737373709679,0.173212632537,0.109808154404,0.0634044781327
0.693069338799,0.737373709679,0.17269846797,0.0971989184618,0.0754995495081
0.702970266342,0.737373709679,0.171927735209,0.0854245871305,0.0865031480789
0.712871313095,0.737373709679,0.170888006687,0.0744891539216,0.0963988527656
0.722772240639,0.737373709679,0.169567003846,0.0643811523914,0.105185851455
0.732673287392,0.737373709679,0.167952567339,0.0550768226385,0.1128757447
0.74257427454,0.737373709679,0.166032940149,0.0465444028378,0.119488537312
0.752475261688,0.737373709679,0.163796663284,0.0387461222708,0.125050544739
0.762376248837,0.737373709679,0.161232933402,0.0316419899464,0.129590943456
0.772277235985,0.737373709679,0.158331722021,0.0251905880868,0.133141130209
0.782178223133,0.737373709679,0.155083864927,0.0193513669074,0.135732501745
0.792079210281,0.737373709679,0.151481255889,0.0140851214528,0.137396126986
0.80198019743,0.737373709679,0.147517070174,0.00935557484627,0.138161495328
0.811881184578,0.737373709679,0.14318600297,0.00512887910008,0.138057127595
0.821782171726,0.737373709679,0.138484403491,0.00137519650161,0.137109205127
0.831683158875,0.737373709679,0.133410394192,-0.00193230994046,0.13534270227
0.841584146023,0.737373709679,0.127964153886,-0.00481675378978,0.132780909538
0.851485133171,0.737373709679,0.122148141265,-0.00729723088443,0.129445374012
0.861386120319,0.737373709679,0.115967161953,-0.00938967429101,0.125356838107
0.871287107468,0.737373709679,0.109428390861,-0.011106422171,0.120534814894
0.881188154221,0.737373709679,0.102541863918,-0.0124568296596,0.114998690784
0.891089081764,0.737373709679,0.0953202396631,-0.0134467687458,0.108767010272
0.900990128517,0.737373709679,0.08777872473,-0.0140794431791,0.10185816884
0.910891115665,0.737373709679,0.0799355953932,-0.0143554275855,0.09429102391
0.920792102814,0.737373709679,0.0718116015196,-0.0142724458128,0.0860840454698
0.930693089962,0.737373709679,0.0634303539991,-0.0138257704675,0.0772561281919
0.94059407711,0.737373709679,0.054817777127,-0.0130091095343,0.0678268894553
0.950495064259,0.737373709679,0.0460021272302,-0.011813512072,0.0578156411648
0.960396051407,0.737373709679,0.0370139330626,-0.0102283861488,0.047242321074
0.970297038555,0.737373709679,0.0278853531927,-0.00824154354632,0.036126896739
0.980198025703,0.737373709679,0.0186501182616,-0.00583886541426,0.0244889836758
0.990099012852,0.737373709679,0.00934305042028,-0.00300472881645,0.0123477792367
0.00990098994225,0.747474789619,0.00308505492285,-0.00362797826529,0.00671303318813
0.0198019798845,0.747474789619,0.0061701098457,-0.00673082284629,0.012900932692
0.0297029688954,0.747474789619,0.00925516150892,-0.00961832329631,0.0188734848052
0.039603959769,0.747474789619,0.0123402038589,-0.0122700147331,0.0246102176607
0.0495049506426,0.747474789619,0.0154252257198,-0.0146648455411,0.0300900712609
0.0594059377909,0.747474789619,0.0185102056712,-0.0167799498886,0.0352901555598
0.0693069323897,0.747474789619,0.0215951148421,-0.0185910183936,0.0401861332357
0.079207919538,0.747474789619,0.0246799122542,-0.0200720615685,0.0447519719601
0.0891089066863,0.747474789619,0.027764538303,-0.0211950354278,0.0489595755935
0.0990099012852,0.747474789619,0.0308489277959,-0.0219302792102,0.0527792051435
0.108910888433,0.747474789619,0.0339329838753,-0.0222453922033,0.0561783760786
0.118811875582,0.747474789619,0.0370166040957,-0.0221062041819,0.0591228082776
0.12871286273,0.747474789619,0.0400996394455,-0.0214758794755,0.0615755170584
0.138613864779,0.747474789619,0.0431819520891,-0.0203148424625,0.0634967982769
0.148514851928,0.747474789619,0.0462633259594,-0.0185813307762,0.0648446530104
0.158415839076,0.747474789619,0.0493435561657,-0.0162303764373,0.0655739307404
0.168316826224,0.747474789619,0.0524223856628,-0.0132149383426,0.0656373202801
0.178217813373,0.747474789619,0.0554995164275,-0.0094855343923,0.0649850517511
0.188118815422,0.747474789619,0.0585746280849,-0.0049907527864,0.0635653808713
0.19801980257,0.747474789619,0.0616473481059,0.000321442261338,0.0613259077072
0.207920789719,0.747474789619,0.0647172182798,0.00650360248983,0.0582136139274
0.217821776867,0.747474789619,0.0677838027477,0.0136064160615,0.0541773885489
0.227722764015,0.747474789619,0.0708465278149,0.0216766297817,0.0491698980331
0.237623751163,0.747474789619,0.0739048272371,0.0307554528117,0.0431493744254
0.247524753213,0.747474789619,0.0769580230117,0.0408737584949,0.0360842645168
0.25742572546,0.747474789619,0.0800053998828,0.052049510181,0.0279558897018
0.267326742411,0.747474789619,0.0830461606383,0.0642827451229,0.0187634155154
0.277227729559,0.747474789619,0.086079403758,0.0775510296226,0.00852837413549
0.287128716707,0.747474789619,0.0891041606665,0.0918061360717,0.00270197540522
0.297029703856,0.747474789619,0.0921193510294,0.106969214976,0.0148498639464
0.306930691004,0.747474789619,0.095123834908,0.122930400074,0.0278065651655
0.316831678152,0.747474789619,0.0981163159013,0.139547616243,0.0414313003421
0.3267326653,0.747474789619,0.101095438004,0.156649678946,0.055554240942
0.336633652449,0.747474789619,0.104059636593,0.174041420221,0.0699817836285
0.346534639597,0.747474789619,0.107007339597,0.191511660814,0.0845043212175
0.356435626745,0.747474789619,0.109936721623,0.208841145039,0.0989044234157
0.366336613894,0.747474789619,0.112845875323,0.225812971592,0.112967096269
0.376237630844,0.747474789619,0.115732699633,0.242219716311,0.126487016678
0.386138617992,0.747474789619,0.118594937027,0.257871031761,0.139276087284
0.396039605141,0.747474789619,0.121430143714,0.272596985102,0.151166841388
0.405940592289,0.747474789619,0.124235719442,0.286249548197,0.162013828754
0.415841579437,0.747474789619,0.127008810639,0.298702090979,0.171693280339
0.425742566586,0.747474789619,0.129746392369,0.309846818447,0.180100426078
0.435643553734,0.747474789619,0.132445186377,0.31959182024,0.187146633863
0.445544540882,0.747474789619,0.135101646185,0.327858686447,0.192757040262
0.45544552803,0.747474789619,0.137712031603,0.334579616785,0.196867585182
0.465346515179,0.747474789619,0.140272334218,0.339695453644,0.199423119426
0.475247502327,0.747474789619,0.142778173089,0.343155890703,0.200377717614
0.485148519278,0.747474789619,0.145224958658,0.344918519258,0.1996935606
0.495049506426,0.747474789619,0.147607773542,0.344950437546,0.197342664003
0.504950523376,0.747474789619,0.149921327829,0.343229115009,0.19330778718
0.51485145092,0.747474789619,0.152160033584,0.339745134115,0.187585100532
0.524752497673,0.747474789619,0.154317960143,0.334504812956,0.180186852813
0.534653484821,0.747474789619,0.156388774514,0.327533483505,0.171144708991
0.54455447197,0.747474789619,0.158365741372,0.318880081177,0.160514339805
0.554455459118,0.747474789619,0.160241812468,0.308620750904,0.148378938437
0.564356446266,0.747474789619,0.162009477615,0.29686281085,0.134853333235
0.574257433414,0.747474789619,0.163660779595,0.283747285604,0.120086506009
0.584158420563,0.747474789619,0.165187463164,0.269449114799,0.104261651635
0.594059407711,0.747474789619,0.166580736637,0.254174232483,0.0875934958458
0.603960394859,0.747474789619,0.167831420898,0.238154053688,0.0703226327896
0.613861382008,0.747474789619,0.168929964304,0.221635043621,0.0527050793171
0.623762369156,0.747474789619,0.169866323471,0.204867869616,0.0350015461445
0.633663415909,0.747474789619,0.170630127192,0.188095092773,0.0174649655819
0.643564343452,0.747474789619,0.171210601926,0.171540051699,0.000329449772835
0.653465390205,0.747474789619,0.171596571803,0.155397921801,0.0161986500025
0.663366317749,0.747474789619,0.171776637435,0.139831095934,0.031945541501
0.673267364502,0.747474789619,0.171739041805,0.124965213239,0.0467738285661
0.683168292046,0.747474789619,0.17147180438,0.110892213881,0.0605795904994
0.693069338799,0.747474789619,0.170962810516,0.0976711511612,0.0732916593552
0.702970266342,0.747474789619,0.170199796557,0.0853336676955,0.0848661288619
0.712871313095,0.747474789619,0.169170543551,0.0738884136081,0.0952821299434
0.722772240639,0.747474789619,0.167862817645,0.0633256062865,0.104537211359
0.732673287392,0.747474789619,0.166264608502,0.0536214709282,0.112643137574
0.74257427454,0.747474789619,0.164364263415,0.0447433516383,0.119620911777
0.752475261688,0.747474789619,0.162150457501,0.0366516411304,0.125498816371
0.762376248837,0.747474789619,0.159612491727,0.029303457588,0.130309030414
0.772277235985,0.747474789619,0.156740441918,0.0226546414196,0.134085804224
0.782178223133,0.747474789619,0.153525233269,0.0166617184877,0.136863514781
0.792079210281,0.747474789619,0.149958819151,0.0112821627408,0.138676658273
0.80198019743,0.747474789619,0.14603446424,0.00647677108645,0.139557689428
0.811881184578,0.747474789619,0.141746938229,0.00220867060125,0.139538273215
0.821782171726,0.747474789619,0.137092605233,-0.00155483931303,0.138647437096
0.831683158875,0.747474789619,0.132069572806,-0.00484300218523,0.136912569404
0.841584146023,0.747474789619,0.126678064466,-0.00768146105111,0.134359523654
0.851485133171,0.747474789619,0.120920524001,-0.0100918412209,0.131012365222
0.861386120319,0.747474789619,0.11480166018,-0.0120920035988,0.126893669367
0.871287107468,0.747474789619,0.108328603208,-0.0136966835707,0.122025288641
0.881188154221,0.747474789619,0.10151129216,-0.0149166435003,0.11642793566
0.891089081764,0.747474789619,0.09436224401,-0.0157597437501,0.11012198776
0.900990128517,0.747474789619,0.0868965238333,-0.0162308402359,0.103127360344
0.910891115665,0.747474789619,0.0791322141886,-0.0163317322731,0.0954639464617
0.920792102814,0.747474789619,0.0710898712277,-0.0160617176443,0.0871515870094
0.930693089962,0.747474789619,0.0627928525209,-0.0154176838696,0.0782105326653
0.94059407711,0.747474789619,0.0542668439448,-0.0143938399851,0.0686606839299
0.950495064259,0.747474789619,0.0455397926271,-0.0129828127101,0.0585226044059
0.960396051407,0.747474789619,0.0366419330239,-0.0111750308424,0.0478169620037
0.970297038555,0.747474789619,0.0276050977409,-0.00895874481648,0.0365638434887
0.980198025703,0.747474789619,0.0184626784176,-0.00632109586149,0.0247837752104
0.990099012852,0.747474789619,0.00924915075302,-0.00324715208262,0.0124963028356
0.00990098994225,0.757575750351,0.00305405026302,-0.00371591839939,0.00676996866241
0.0198019798845,0.757575750351,0.00610810006037,-0.00690992549062,0.0130180250853
0.0297029688954,0.757575750351,0.0091621465981,-0.00988684408367,0.0190489906818
0.039603959769,0.757575750351,0.0122161842883,-0.0126261059195,0.0248422902077
0.0495049506426,0.757575750351,0.0152702014893,-0.015105875209,0.0303760766983
0.0594059377909,0.757575750351,0.0183241758496,-0.0173026584089,0.0356268361211
0.0693069323897,0.757575750351,0.0213780850172,-0.0191911868751,0.0405692718923
0.079207919538,0.757575750351,0.0244318787009,-0.020744368434,0.0451762452722
0.0891089066863,0.757575750351,0.0274855010211,-0.0219332352281,0.0494187362492
0.0990099012852,0.757575750351,0.0305388942361,-0.02272692509,0.0532658174634
0.108910888433,0.757575750351,0.0335919559002,-0.0230918079615,0.0566837638617
0.118811875582,0.757575750351,0.0366445854306,-0.0229921601713,0.0596367456019
0.12871286273,0.757575750351,0.0396966375411,-0.0223896428943,0.0620862804353
0.138613864779,0.757575750351,0.0427479706705,-0.0212427619845,0.0639907345176
0.148514851928,0.757575750351,0.0457983724773,-0.0195077192038,0.0653060898185
0.158415839076,0.757575750351,0.0488476492465,-0.0171377584338,0.0659854114056
0.168316826224,0.757575750351,0.0518955364823,-0.0140834469348,0.0659789815545
0.178217813373,0.757575750351,0.0549417436123,-0.0102928560227,0.0652346014977
0.188118815422,0.757575750351,0.0579859502614,-0.00571234710515,0.0636982992291
0.19801980257,0.757575750351,0.0610277839005,-0.000287178903818,0.0613149628043
0.207920789719,0.757575750351,0.064066812396,0.00603762827814,0.0580291822553
0.217821776867,0.757575750351,0.0671025663614,0.0133149549365,0.0537876114249
0.227722764015,0.757575750351,0.0701345130801,0.0215935558081,0.0485409572721
0.237623751163,0.757575750351,0.0731620788574,0.0309158675373,0.0422462113202
0.247524753213,0.757575750351,0.0761845931411,0.0413135625422,0.0348710305989
0.25742572546,0.757575750351,0.0792013406754,0.0528046265244,0.0263967141509
0.267326742411,0.757575750351,0.0822115391493,0.0653867796063,0.0168247595429
0.277227729559,0.757575750351,0.0852143019438,0.0790353119373,0.00617899000645
0.287128716707,0.757575750351,0.0882086604834,0.0936970487237,0.00548838824034
0.297029703856,0.757575750351,0.091193549335,0.109287418425,0.0180938690901
0.306930691004,0.757575750351,0.0941678360105,0.125688791275,0.0315209552646
0.316831678152,0.757575750351,0.0971302390099,0.142751246691,0.0456210076809
0.3267326653,0.757575750351,0.100079424679,0.160295069218,0.0602156445384
0.336633652449,0.757575750351,0.103013835847,0.178117215633,0.075103379786
0.346534639597,0.757575750351,0.105931907892,0.195999443531,0.0900675356388
0.356435626745,0.757575750351,0.108831837773,0.213717609644,0.104885771871
0.366336613894,0.757575750351,0.111711762846,0.231051623821,0.119339860976
0.376237630844,0.757575750351,0.114569574594,0.247793108225,0.13322353363
0.386138617992,0.757575750351,0.117403045297,0.263752579689,0.146349534392
0.396039605141,0.757575750351,0.120209760964,0.27876201272,0.158552259207
0.405940592289,0.757575750351,0.122987143695,0.292676448822,0.169689297676
0.415841579437,0.757575750351,0.12573236227,0.305371910334,0.179639548063
0.425742566586,0.757575750351,0.128442436457,0.316743642092,0.188301205635
0.435643553734,0.757575750351,0.131114095449,0.326701939106,0.195587843657
0.445544540882,0.757575750351,0.133743867278,0.335169643164,0.201425775886
0.45544552803,0.757575750351,0.136328026652,0.342079639435,0.205751612782
0.465346515179,0.757575750351,0.138862580061,0.347373008728,0.208510428667
0.475247502327,0.757575750351,0.14134323597,0.350998133421,0.209654897451
0.485148519278,0.757575750351,0.143765434623,0.352911293507,0.209145858884
0.495049506426,0.757575750351,0.146124303341,0.35307687521,0.206952571869
0.504950523376,0.757575750351,0.148414611816,0.351469010115,0.203054398298
0.51485145092,0.757575750351,0.150630801916,0.348074018955,0.197443217039
0.524752497673,0.757575750351,0.152767062187,0.342892110348,0.190125048161
0.534653484821,0.757575750351,0.154817044735,0.335942268372,0.181125223637
0.54455447197,0.757575750351,0.156774163246,0.327265292406,0.17049112916
0.554455459118,0.757575750351,0.158631369472,0.316927939653,0.158296570182
0.564356446266,0.757575750351,0.160381272435,0.305028617382,0.144647344947
0.574257433414,0.757575750351,0.162015989423,0.291699379683,0.12968339026
0.584158420563,0.757575750351,0.163527324796,0.277107834816,0.11358051002
0.594059407711,0.757575750351,0.164906591177,0.261456221342,0.0965496301651
0.603960394859,0.757575750351,0.166144713759,0.244975477457,0.0788307636976
0.613861382008,0.757575750351,0.167232200503,0.227917551994,0.060685351491
0.623762369156,0.757575750351,0.168159157038,0.210542947054,0.0423837900162
0.633663415909,0.757575750351,0.168915301561,0.193108290434,0.0241929888725
0.643564343452,0.757575750351,0.16948993504,0.175854235888,0.00636430084705
0.653465390205,0.757575750351,0.169872030616,0.158994078636,0.0108779519796
0.663366317749,0.757575750351,0.170050278306,0.142707973719,0.0273423045874
0.673267364502,0.757575750351,0.170013055205,0.12713816762,0.0428748875856
0.683168292046,0.757575750351,0.16974849999,0.112390138209,0.0573583617806
0.693069338799,0.757575750351,0.169244617224,0.0985338464379,0.0707107707858
0.702970266342,0.757575750351,0.168489277363,0.0856086984277,0.0828805789351
0.712871313095,0.757575750351,0.167470350862,0.0736279785633,0.0938423722982
0.722772240639,0.757575750351,0.166175782681,0.0625849291682,0.103590853512
0.732673287392,0.757575750351,0.164593622088,0.052456587553,0.112137034535
0.74257427454,0.757575750351,0.16271238029,0.0432092249393,0.119503155351
0.752475261688,0.757575750351,0.160520836711,0.0348017811775,0.125719055533
0.762376248837,0.757575750351,0.158008381724,0.0271889157593,0.13081946969
0.772277235985,0.757575750351,0.155165195465,0.0203235782683,0.134841620922
0.782178223133,0.757575750351,0.151982292533,0.0141589492559,0.137823343277
0.792079210281,0.757575750351,0.148451715708,0.00864978134632,0.139801934361
0.80198019743,0.757575750351,0.144566819072,0.00375320203602,0.140813618898
0.811881184578,0.757575750351,0.140322387218,-0.000570222735405,0.140892609954
0.821782171726,0.757575750351,0.135714799166,-0.00435616448522,0.140070959926
0.831683158875,0.757575750351,0.130742281675,-0.00763700902462,0.1383792907
0.841584146023,0.757575750351,0.125404939055,-0.0104405293241,0.135845467448
0.851485133171,0.757575750351,0.119705267251,-0.012790969573,0.132496237755
0.861386120319,0.757575750351,0.113647893071,-0.0147085869685,0.128356486559
0.871287107468,0.757575750351,0.107239894569,-0.016209686175,0.123449578881
0.881188154221,0.757575750351,0.100491091609,-0.017307491973,0.117798581719
0.891089081764,0.757575750351,0.0934138968587,-0.0180114973336,0.11142539233
0.900990128517,0.757575750351,0.0860232040286,-0.0183281991631,0.104351401329
0.910891115665,0.757575750351,0.0783369392157,-0.018260942772,0.096597880125
0.920792102814,0.757575750351,0.0703754201531,-0.0178104974329,0.0881859213114
0.930693089962,0.757575750351,0.0621617883444,-0.0169751234353,0.0791369080544
0.94059407711,0.757575750351,0.0537214614451,-0.0157502703369,0.069471731782
0.950495064259,0.757575750351,0.0450821183622,-0.0141295874491,0.05921170488
0.960396051407,0.757575750351,0.0362736769021,-0.0121045038104,0.0483781807125
0.970297038555,0.757575750351,0.0273276641965,-0.0096643678844,0.0369920320809
0.980198025703,0.757575750351,0.0182771291584,-0.00679693650454,0.0250740647316
0.990099012852,0.757575750351,0.00915619544685,-0.00348818674684,0.0126443821937
0.00990098994225,0.767676770687,0.0030233564321,-0.00380158890039,0.00682494509965
0.0198019798845,0.767676770687,0.00604671239853,-0.00708349794149,0.01313021034
0.0297029688954,0.767676770687,0.00907006580383,-0.0101467575878,0.0192168243229
0.039603959769,0.767676770687,0.0120934089646,-0.0129703246057,0.0250637345016
0.0495049506426,0.767676770687,0.0151167325675,-0.0155314225703,0.0306481551379
0.0594059377909,0.767676770687,0.018140014261,-0.0178058240563,0.0359458401799
0.0693069323897,0.767676770687,0.0211632307619,-0.0197675004601,0.0409307330847
0.079207919538,0.767676770687,0.0241863317788,-0.0213883873075,0.0455747172236
0.0891089066863,0.767676770687,0.0272092670202,-0.0226385556161,0.0498478226364
0.0990099012852,0.767676770687,0.0302319731563,-0.0234856065363,0.0537175796926
0.108910888433,0.767676770687,0.0332543514669,-0.0238948948681,0.057149246335
0.118811875582,0.767676770687,0.0362762995064,-0.0238289199769,0.0601052194834
0.12871286273,0.767676770687,0.0392976775765,-0.0232477020472,0.0625453814864
0.138613864779,0.767676770687,0.0423183441162,-0.0221082344651,0.0644265785813
0.148514851928,0.767676770687,0.0453380942345,-0.0203644186258,0.0657025128603
0.158415839076,0.767676770687,0.0483567230403,-0.0179675016552,0.0663242265582
0.168316826224,0.767676770687,0.0513739809394,-0.014865744859,0.0662397295237
0.178217813373,0.767676770687,0.0543895661831,-0.0110047692433,0.0653943344951
0.188118815422,0.767676770687,0.0574031844735,-0.00632854178548,0.0637317299843
0.19801980257,0.767676770687,0.0604144409299,-0.000779646448791,0.06119408831
0.207920789719,0.767676770687,0.0634229257703,0.00569919124246,0.0577237345278
0.217821776867,0.767676770687,0.0664281770587,0.0131630264223,0.0532651506364
0.227722764015,0.767676770687,0.0694296509027,0.0216626748443,0.0477669760585
0.237623751163,0.767676770687,0.0724267810583,0.0312415100634,0.0411852709949
0.247524753213,0.767676770687,0.0754189193249,0.0419318787754,0.0334870405495
0.25742572546,0.767676770687,0.0784053504467,0.0537506118417,0.024654738605
0.267326742411,0.767676770687,0.0813852995634,0.0666940286756,0.0146912708879
0.277227729559,0.767676770687,0.0843578800559,0.080733679235,0.00362420082092
0.287128716707,0.767676770687,0.0873221382499,0.0958110019565,0.00848886370659
0.297029703856,0.767676770687,0.0902770385146,0.111835218966,0.0215581804514
0.306930691004,0.767676770687,0.0932214334607,0.128680616617,0.0354591831565
0.316831678152,0.767676770687,0.0961540564895,0.146188616753,0.0500345602632
0.3267326653,0.767676770687,0.0990736037493,0.164170950651,0.0650973469019
0.336633652449,0.767676770687,0.10197853297,0.18241673708,0.0804382041097
0.346534639597,0.767676770687,0.104867272079,0.200701117516,0.0958338454366
0.356435626745,0.767676770687,0.107738055289,0.218795627356,0.111057572067
0.366336613894,0.767676770687,0.110589027405,0.236477583647,0.125888556242
0.376237630844,0.767676770687,0.113418124616,0.253538668156,0.140120536089
0.386138617992,0.767676770687,0.11622312665,0.26979085803,0.15356773138
0.396039605141,0.767676770687,0.119001626968,0.285068809986,0.166067183018
0.405940592289,0.767676770687,0.121751099825,0.299230903387,0.177479803562
0.415841579437,0.767676770687,0.124468721449,0.312156766653,0.187688052654
0.425742566586,0.767676770687,0.127151548862,0.323744624853,0.196593075991
0.435643553734,0.767676770687,0.129796370864,0.333907157183,0.204110786319
0.445544540882,0.767676770687,0.132399722934,0.342568784952,0.210169062018
0.45544552803,0.767676770687,0.134957894683,0.349663376808,0.214705482125
0.465346515179,0.767676770687,0.137466982007,0.355131775141,0.217664793134
0.475247502327,0.767676770687,0.139922708273,0.358922064304,0.218999356031
0.485148519278,0.767676770687,0.142320558429,0.360988765955,0.218668207526
0.495049506426,0.767676770687,0.144655719399,0.361294180155,0.216638460755
0.504950523376,0.767676770687,0.146923020482,0.35980924964,0.212886229157
0.51485145092,0.767676770687,0.149116933346,0.356516003609,0.207399070263
0.524752497673,0.767676770687,0.151231721044,0.351409763098,0.200178042054
0.534653484821,0.767676770687,0.153261110187,0.344502568245,0.191241458058
0.54455447197,0.767676770687,0.155198544264,0.335827320814,0.18062877655
0.554455459118,0.767676770687,0.157037094235,0.325442284346,0.16840519011
0.564356446266,0.767676770687,0.158769398928,0.3134354949,0.154666095972
0.574257433414,0.767676770687,0.160387694836,0.299929350615,0.139541655779
0.584158420563,0.767676770687,0.161883831024,0.285083204508,0.123199373484
0.594059407711,0.767676770687,0.163249239326,0.269093036652,0.105843797326
0.603960394859,0.767676770687,0.16447493434,0.2521879673,0.0877130329609
0.613861382008,0.767676770687,0.165551483631,0.23462241888,0.0690709352493
0.623762369156,0.767676770687,0.166469112039,0.216665118933,0.0501960068941
0.633663415909,0.767676770687,0.16721765697,0.198585361242,0.0313677042723
0.643564343452,0.767676770687,0.1677865237,0.180640459061,0.0128539353609
0.653465390205,0.767676770687,0.168164774776,0.163061827421,0.00510294735432
0.663366317749,0.767676770687,0.168341249228,0.146048754454,0.0222924947739
0.673267364502,0.767676770687,0.168304368854,0.129760921001,0.0385434478521
0.683168292046,0.767676770687,0.168042495847,0.114318720996,0.0537237748504
0.693069338799,0.767676770687,0.167543679476,0.0998046323657,0.0677390471101
0.702970266342,0.767676770687,0.166795939207,0.0862670689821,0.080528870225
0.712871313095,0.767676770687,0.165787249804,0.0737253203988,0.0920619294047
0.722772240639,0.767676770687,0.164505675435,0.0621762275696,0.102329447865
0.732673287392,0.767676770687,0.162939429283,0.051598213613,0.11134121567
0.74257427454,0.767676770687,0.161077097058,0.0419573709369,0.119119726121
0.752475261688,0.767676770687,0.158907562494,0.0332109704614,0.125696599483
0.762376248837,0.767676770687,0.156420364976,0.0253117159009,0.131108641624
0.772277235985,0.767676770687,0.153605759144,0.0182094760239,0.135396286845
0.782178223133,0.767676770687,0.150454849005,0.0118544269353,0.138600423932
0.792079210281,0.767676770687,0.146959751844,0.00619806349277,0.140761688352
0.80198019743,0.767676770687,0.143113896251,0.00119442678988,0.141919463873
0.811881184578,0.767676770687,0.138912111521,-0.00319925509393,0.142111361027
0.821782171726,0.767676770687,0.134350836277,-0.00702166743577,0.14137250185
0.831683158875,0.767676770687,0.12942828238,-0.0103076379746,0.139735922217
0.841584146023,0.767676770687,0.124144606292,-0.0130880884826,0.13723269105
0.851485133171,0.767676770687,0.11850219965,-0.0153894005343,0.13389159739
0.861386120319,0.767676770687,0.112505711615,-0.0172342769802,0.12973998487
0.871287107468,0.767676770687,0.106162115932,-0.0186414122581,0.12480352819
0.881188154221,0.767676770687,0.0994811356068,-0.0196259282529,0.119107067585
0.891089081764,0.767676770687,0.0924750640988,-0.0201989598572,0.112674027681
0.900990128517,0.767676770687,0.0851586535573,-0.0203689672053,0.105527624488
0.910891115665,0.767676770687,0.0775496289134,-0.0201408732682,0.097690500319
0.920792102814,0.767676770687,0.0696681290865,-0.0195170771331,0.0891852080822
0.930693089962,0.767676770687,0.0615370459855,-0.0184968505055,0.0800338983536
0.94059407711,0.767676770687,0.0531815476716,-0.0170773155987,0.0702588632703
0.950495064259,0.767676770687,0.0446290336549,-0.0152528407052,0.0598818734288
0.960396051407,0.767676770687,0.0359091199934,-0.0130163421854,0.0489254631102
0.970297038555,0.767676770687,0.0270530153066,-0.0103578530252,0.0374108701944
0.980198025703,0.767676770687,0.0180934388191,-0.00726601760834,0.0253594554961
0.990099012852,0.767676770687,0.00906417425722,-0.00372759718448,0.0127917714417
0.00990098994225,0.777777791023,0.00299297063611,-0.00388502050191,0.00687799137086
0.0198019798845,0.777777791023,0.00598594173789,-0.00725155603141,0.0132374977693
0.0297029688954,0.777777791023,0.00897890888155,-0.0103978058323,0.0193767137825
0.039603959769,0.777777791023,0.011971866712,-0.0133019462228,0.0252738129348
0.0495049506426,0.777777791023,0.0149648068473,-0.0159406550229,0.0309054628015
0.0594059377909,0.777777791023,0.0179577041417,-0.0182886887342,0.0362463928759
0.0693069323897,0.777777791023,0.0209505353123,-0.0203192532063,0.0412697866559
0.079207919538,0.777777791023,0.0239432547241,-0.0220034196973,0.0459466725588
0.0891089066863,0.777777791023,0.0269358064979,-0.0233097672462,0.0502455756068
0.0990099012852,0.777777791023,0.0299281328917,-0.0242049656808,0.0541330985725
0.108910888433,0.777777791023,0.0329201370478,-0.0246528163552,0.057572953403
0.118811875582,0.777777791023,0.0359117127955,-0.0246144477278,0.0605261623859
0.12871286273,0.777777791023,0.0389027260244,-0.0240480415523,0.0629507675767
0.138613864779,0.777777791023,0.0418930351734,-0.0229085683823,0.0648016035557
0.148514851928,0.777777791023,0.0448824353516,-0.0211484022439,0.0660308375955
0.158415839076,0.777777791023,0.0478707253933,-0.018716134131,0.0665868595243
0.168316826224,0.777777791023,0.050857655704,-0.0155579093844,0.0664155632257
0.178217813373,0.777777791023,0.0538429431617,-0.011616744101,0.0654596835375
0.188118815422,0.777777791023,0.0568262673914,-0.00683427322656,0.0636605396867
0.19801980257,0.777777791023,0.05980726704,-0.00115054566413,0.0609578117728
0.207920789719,0.777777791023,0.0627855062485,0.00549430027604,0.0572912059724
0.217821776867,0.777777791023,0.0657605603337,0.0131571665406,0.0526033937931
0.227722764015,0.777777791023,0.0687318667769,0.021890796721,0.046841070056
0.237623751163,0.777777791023,0.0716988742352,0.0317395143211,0.0399593599141
0.247524753213,0.777777791023,0.0746609419584,0.0427358001471,0.0319251418114
0.25742572546,0.777777791023,0.0776173621416,0.0548952296376,0.022722132504
0.267326742411,0.777777791023,0.0805673599243,0.0682118833065,0.0123554766178
0.277227729559,0.777777791023,0.0835100635886,0.0826528668404,0.000857196748257
0.287128716707,0.777777791023,0.0864445343614,0.0981541872025,0.0117096528411
0.297029703856,0.777777791023,0.0893697291613,0.114617787302,0.0252480581403
0.306930691004,0.777777791023,0.0922845304012,0.131909668446,0.0396251380444
0.316831678152,0.777777791023,0.0951876863837,0.149862021208,0.0546743348241
0.3267326653,0.777777791023,0.0980778932571,0.168278127909,0.0702002346516
0.336633652449,0.777777791023,0.100953623652,0.186939179897,0.0859855562449
0.346534639597,0.777777791023,0.103813327849,0.205614477396,0.101801149547
0.356435626745,0.777777791023,0.106655277312,0.22407156229,0.117416284978
0.366336613894,0.777777791023,0.109477587044,0.242086291313,0.13260871172
0.376237630844,0.777777791023,0.11227825284,0.259450882673,0.147172629833
0.386138617992,0.777777791023,0.115055054426,0.275979608297,0.160924553871
0.396039605141,0.777777791023,0.117805637419,0.291510760784,0.173705130816
0.405940592289,0.777777791023,0.120527468622,0.30590647459,0.185378998518
0.415841579437,0.777777791023,0.123217783868,0.319050252438,0.195832461119
0.425742566586,0.777777791023,0.125873655081,0.330843091011,0.20496943593
0.435643553734,0.777777791023,0.128491893411,0.341200858355,0.212708964944
0.445544540882,0.777777791023,0.13106906414,0.350049704313,0.218980640173
0.45544552803,0.777777791023,0.133601546288,0.35732409358,0.223722547293
0.465346515179,0.777777791023,0.136085405946,0.362965583801,0.226880177855
0.475247502327,0.777777791023,0.138516440988,0.366921156645,0.228404715657
0.485148519278,0.777777791023,0.140890210867,0.369144260883,0.228254050016
0.495049506426,0.777777791023,0.143201902509,0.369595199823,0.226393297315
0.504950523376,0.777777791023,0.145446404815,0.368241995573,0.222795590758
0.51485145092,0.777777791023,0.147618278861,0.365062594414,0.217444315553
0.524752497673,0.777777791023,0.149711802602,0.360047757626,0.210335955024
0.534653484821,0.777777791023,0.151720792055,0.35320314765,0.201482355595
0.54455447197,0.777777791023,0.153638765216,0.344553947449,0.190915182233
0.554455459118,0.777777791023,0.155458822846,0.334149569273,0.178690746427
0.564356446266,0.777777791023,0.157173737884,0.322068154812,0.164894416928
0.574257433414,0.777777791023,0.158775761724,0.308421909809,0.149646148086
0.584158420563,0.777777791023,0.16025686264,0.293360084295,0.133103221655
0.594059407711,0.777777791023,0.161608546972,0.277071297169,0.115462750196
0.603960394859,0.777777791023,0.162821918726,0.259780287743,0.0969583690166
0.613861382008,0.777777791023,0.163887664676,0.241741627455,0.077853962779
0.623762369156,0.777777791023,0.164796069264,0.223230183125,0.0584341138601
0.633663415909,0.777777791023,0.165537074208,0.20452645421,0.038989380002
0.643564343452,0.777777791023,0.166100218892,0.185903012753,0.0198027938604
0.653465390205,0.777777791023,0.166474685073,0.167609810829,0.00113512575626
0.663366317749,0.777777791023,0.166649371386,0.149865239859,0.0167841315269
0.673267364502,0.777777791023,0.166612878442,0.132847547531,0.0337653309107
0.683168292046,0.777777791023,0.166353628039,0.116694055498,0.0496595725417
0.693069338799,0.777777791023,0.16585983336,0.101500660181,0.0643591731787
0.702970266342,0.777777791023,0.165119588375,0.0873264148831,0.077793173492
0.712871313095,0.777777791023,0.164121046662,0.0741979926825,0.0899230539799
0.722772240639,0.777777791023,0.162852361798,0.0621165782213,0.100735783577
0.732673287392,0.777777791023,0.161301851273,0.0510629415512,0.110238909721
0.74257427454,0.777777791023,0.159458234906,0.0410032458603,0.118454992771
0.752475261688,0.777777791023,0.157310515642,0.0318939425051,0.125416576862
0.762376248837,0.777777791023,0.154848307371,0.0236853249371,0.131162986159
0.772277235985,0.777777791023,0.152061969042,0.0163248591125,0.135737106204
0.782178223133,0.777777791023,0.14894272387,0.00975964218378,0.139183074236
0.792079210281,0.777777791023,0.145482763648,0.00393756106496,0.141545206308
0.80198019743,0.777777791023,0.141675561666,-0.00119030848145,0.142865866423
0.811881184578,0.777777791023,0.137516021729,-0.0056698769331,0.143185898662
0.821782171726,0.777777791023,0.133000597358,-0.0095431599766,0.142543762922
0.831683158875,0.777777791023,0.128127500415,-0.0128478873521,0.140975385904
0.841584146023,0.777777791023,0.122896917164,-0.0156175987795,0.138514518738
0.851485133171,0.777777791023,0.117311224341,-0.017881449312,0.135192677379
0.861386120319,0.777777791023,0.111374996603,-0.0196643918753,0.131039381027
0.871287107468,0.777777791023,0.105095155537,-0.0209875926375,0.126082748175
0.881188154221,0.777777791023,0.0984813347459,-0.0218678191304,0.120349153876
0.891089081764,0.777777791023,0.0915456712246,-0.0223186984658,0.11386436969
0.900990128517,0.777777791023,0.084302790463,-0.0223503485322,0.106653138995
0.910891115665,0.777777791023,0.0767702460289,-0.0219691563398,0.098739400506
0.920792102814,0.777777791023,0.0689679458737,-0.0211791284382,0.0901470780373
0.930693089962,0.777777791023,0.060918584466,-0.0199810676277,0.0808996558189
0.94059407711,0.777777791023,0.052647061646,-0.0183733068407,0.0710203647614
0.950495064259,0.777777791023,0.0441805012524,-0.016351506114,0.0605320073664
0.960396051407,0.777777791023,0.0355482250452,-0.0139095149934,0.0494577400386
0.970297038555,0.777777791023,0.0267811249942,-0.0110385762528,0.0378197021782
0.980198025703,0.777777791023,0.0179115962237,-0.00772804114968,0.0256396383047
0.990099012852,0.777777791023,0.00897307693958,-0.0039656450972,0.0129387220368
0.00990098994225,0.787878751755,0.00296289124526,-0.00396612007171,0.00692901108414
0.0198019798845,0.787878751755,0.00592578249052,-0.00741416029632,0.0133399423212
0.0297029688954,0.787878751755,0.00888867024332,-0.0106399515644,0.0195286218077
0.039603959769,0.787878751755,0.0118515491486,-0.0136209689081,0.0254725180566
0.0495049506426,0.787878751755,0.014814408496,-0.0163332875818,0.0311476960778
0.0594059377909,0.787878751755,0.0177772268653,-0.0187508892268,0.0365281179547
0.0693069323897,0.787878751755,0.020739980042,-0.0208457801491,0.0415857583284
0.079207919538,0.787878751755,0.0237026233226,-0.0225882939994,0.0462909191847
0.0891089066863,0.787878751755,0.0266651008278,-0.0239457935095,0.0506108924747
0.0990099012852,0.787878751755,0.0296273548156,-0.0248835720122,0.0545109286904
0.108910888433,0.787878751755,0.0325892865658,-0.0253640823066,0.0579533688724
0.118811875582,0.787878751755,0.0355507992208,-0.0253468584269,0.0608976557851
0.12871286273,0.787878751755,0.0385117530823,-0.0247881561518,0.063299909234
0.138613864779,0.787878751755,0.0414720065892,-0.0236414708197,0.0651134774089
0.148514851928,0.787878751755,0.0444313623011,-0.0218566264957,0.0662879869342
0.158415839076,0.787878751755,0.0473896227777,-0.0193802248687,0.0667698457837
0.168316826224,0.787878751755,0.0503465346992,-0.0161560270935,0.0665025636554
0.178217813373,0.787878751755,0.0533018149436,-0.0121246883646,0.0654265061021
0.188118815422,0.787878751755,0.0562551617622,-0.00722484011203,0.0634800046682
0.19801980257,0.787878751755,0.0592061989009,-0.00139436777681,0.0606005676091
0.207920789719,0.787878751755,0.0621545128524,0.0054287891835,0.0567257255316
0.217821776867,0.787878751755,0.0650996565819,0.0133038014174,0.0517958551645
0.227722764015,0.787878751755,0.0680411085486,0.0222847387195,0.0457563698292
0.237623751163,0.787878751755,0.0709782987833,0.0324168838561,0.0385614149272
0.247524753213,0.787878751755,0.0739105939865,0.0437323264778,0.0301782675087
0.25742572546,0.787878751755,0.0768373012543,0.0562454164028,0.0205918848515
0.267326742411,0.787878751755,0.0797576531768,0.0699468329549,0.0098108202219
0.277227729559,0.787878751755,0.0826707780361,0.0847990885377,0.00212831050158
0.287128716707,0.787878751755,0.0855757668614,0.100732065737,0.0151562988758
0.297029703856,0.787878751755,0.0884715542197,0.117639474571,0.029167920351
0.306930691004,0.787878751755,0.0913570672274,0.135378777981,0.0440217107534
0.316831678152,0.787878751755,0.0942310541868,0.153772801161,0.059541746974
0.3267326653,0.787878751755,0.0970922037959,0.172616392374,0.0755241885781
0.336633652449,0.787878751755,0.0999390333891,0.191682845354,0.091743811965
0.346534639597,0.787878751755,0.102770008147,0.210736393929,0.107966385782
0.356435626745,0.787878751755,0.105583377182,0.229541033506,0.123957656324
0.366336613894,0.787878751755,0.108377337456,0.247872084379,0.139494746923
0.376237630844,0.787878751755,0.111149840057,0.265523672104,0.154373824596
0.386138617992,0.787878751755,0.113898746669,0.282312482595,0.168413728476
0.396039605141,0.787878751755,0.116621680558,0.298081338406,0.181459665298
0.405940592289,0.787878751755,0.119316160679,0.312696427107,0.193380266428
0.415841579437,0.787878751755,0.121979445219,0.326045334339,0.20406588912
0.425742566586,0.787878751755,0.124608621001,0.338032871485,0.213424250484
0.435643553734,0.787878751755,0.12720054388,0.348577290773,0.221376746893
0.445544540882,0.787878751755,0.129751816392,0.357606559992,0.2278547436
0.45544552803,0.787878751755,0.132258847356,0.365056544542,0.232797697186
0.465346515179,0.787878751755,0.134717732668,0.370868623257,0.236150890589
0.475247502327,0.787878751755,0.137124344707,0.374989777803,0.237865433097
0.485148519278,0.787878751755,0.139474257827,0.377371937037,0.23789767921
0.495049506426,0.787878751755,0.141762703657,0.377973616123,0.236210912466
0.504950523376,0.787878751755,0.143984645605,0.37676012516,0.232775479555
0.51485145092,0.787878751755,0.146134704351,0.373706072569,0.227571368217
0.524752497673,0.787878751755,0.148207187653,0.368797332048,0.220590144396
0.534653484821,0.787878751755,0.150195986032,0.362033754587,0.211837768555
0.54455447197,0.787878751755,0.152094691992,0.353433430195,0.201338738203
0.554455459118,0.787878751755,0.153896450996,0.343037009239,0.189140558243
0.564356446266,0.787878751755,0.15559412539,0.330912679434,0.175318554044
0.574257433414,0.787878751755,0.157180055976,0.317161738873,0.159981682897
0.584158420563,0.787878751755,0.158646285534,0.301923245192,0.143276959658
0.594059407711,0.787878751755,0.159984365106,0.285376250744,0.125391885638
0.603960394859,0.787878751755,0.161185547709,0.26773917675,0.106553629041
0.613861382008,0.787878751755,0.162240564823,0.249265104532,0.0870245397091
0.623762369156,0.787878751755,0.163139864802,0.230232000351,0.0670921355486
0.633663415909,0.787878751755,0.163873419166,0.210929423571,0.047056004405
0.643564343452,0.787878751755,0.164430901408,0.191644281149,0.0272133797407
0.653465390205,0.787878751755,0.164801597595,0.172644108534,0.00784251093864
0.663366317749,0.787878751755,0.164974540472,0.154167175293,0.0108073651791
0.673267364502,0.787878751755,0.164938405156,0.136411130428,0.0285272747278
0.683168292046,0.787878751755,0.164681777358,0.119531296194,0.0451504811645
0.693069338799,0.787878751755,0.164192929864,0.103638701141,0.060554228723
0.702970266342,0.787878751755,0.16346013546,0.0888043269515,0.0746558085084
0.712871313095,0.787878751755,0.162471622229,0.0750636979938,0.0874079242349
0.722772240639,0.787878751755,0.161215677857,0.0624234899879,0.0987921878695
0.732673287392,0.787878751755,0.159680753946,0.0508676171303,0.108813136816
0.74257427454,0.787878751755,0.157855659723,0.0403631217778,0.117492541671
0.752475261688,0.787878751755,0.155729532242,0.0308658592403,0.124863669276
0.762376248837,0.787878751755,0.1532920748,0.0223242379725,0.130967840552
0.772277235985,0.787878751755,0.150533750653,0.0146830417216,0.135850712657
0.782178223133,0.787878751755,0.147445857525,0.00788663141429,0.139559224248
0.792079210281,0.787878751755,0.144020661712,0.00187947787344,0.14214117825
0.80198019743,0.787878751755,0.140251711011,-0.00339065305889,0.143642365932
0.811881184578,0.787878751755,0.13613396883,-0.0079728923738,0.144106864929
0.821782171726,0.787878751755,0.131663933396,-0.0119125470519,0.143576472998
0.831683158875,0.787878751755,0.12683981657,-0.0152502860874,0.14209009707
0.841584146023,0.787878751755,0.121661804616,-0.0180223993957,0.139684200287
0.851485133171,0.787878751755,0.116132244468,-0.0202610902488,0.136393338442
0.861386120319,0.787878751755,0.110255673528,-0.0219935718924,0.132249251008
0.871287107468,0.787878751755,0.104038946331,-0.0232431478798,0.127282097936
0.881188154221,0.787878751755,0.0974915847182,-0.0240293890238,0.121520973742
0.891089081764,0.787878751755,0.090625628829,-0.0243673305959,0.114992961287
0.900990128517,0.787878751755,0.0834555402398,-0.0242691133171,0.107724651694
0.910891115665,0.787878751755,0.0759987011552,-0.0237430315465,0.0997417345643
0.920792102814,0.787878751755,0.0682748183608,-0.0227945409715,0.091069355607
0.930693089962,0.787878751755,0.0603063479066,-0.0214259531349,0.0817323029041
0.94059407711,0.787878751755,0.0521179549396,-0.0196369607002,0.0717549175024
0.950495064259,0.787878751755,0.0437364801764,-0.0174245238304,0.0611610040069
0.960396051407,0.787878751755,0.035190962255,-0.0147834587842,0.0499744191766
0.970297038555,0.787878751755,0.0265119746327,-0.0117060169578,0.0382179915905
0.980198025703,0.787878751755,0.0177315827459,-0.00818268489093,0.0259142667055
0.990099012852,0.787878751755,0.00888289697468,-0.00420176517218,0.0130846621469
0.00990098994225,0.797979831696,0.00293311360292,-0.00404507759959,0.00697819143534
0.0198019798845,0.797979831696,0.00586622720584,-0.00757119152695,0.0134374182671
0.0297029688954,0.797979831696,0.00879933778197,-0.0108728855848,0.0196722224355
0.039603959769,0.797979831696,0.0117324395105,-0.0139271775261,0.0256596170366
0.0495049506426,0.797979831696,0.0146655216813,-0.0167089737952,0.0313744954765
0.0594059377909,0.797979831696,0.0175985638052,-0.0191916003823,0.0367901623249
0.0693069323897,0.797979831696,0.0205315407366,-0.0213463790715,0.0418779179454
0.079207919538,0.797979831696,0.0234644059092,-0.0231421738863,0.0466065779328
0.0891089066863,0.797979831696,0.0263971108943,-0.0245453584939,0.0509424693882
0.0990099012852,0.797979831696,0.0293295942247,-0.0255199037492,0.0548494979739
0.108910888433,0.797979831696,0.0322617590427,-0.0260268114507,0.0582885704935
0.118811875582,0.797979831696,0.0351935066283,-0.0260238572955,0.0612173639238
0.12871286273,0.797979831696,0.0381247028708,-0.0254658218473,0.0635905265808
0.138613864779,0.797979831696,0.0410552062094,-0.0243038758636,0.0653590857983
0.148514851928,0.797979831696,0.0439848192036,-0.0224859006703,0.0664707198739
0.158415839076,0.797979831696,0.046913344413,-0.0199562609196,0.0668696016073
0.168316826224,0.797979831696,0.0498405396938,-0.0166560783982,0.0664966180921
0.178217813373,0.797979831696,0.0527661219239,-0.012523679994,0.0652898028493
0.188118815422,0.797979831696,0.0556897856295,-0.00749524217099,0.0631850287318
0.19801980257,0.797979831696,0.0586111657321,-0.0015059383586,0.0601171031594
0.207920789719,0.797979831696,0.0615298487246,0.00550836324692,0.0560214854777
0.217821776867,0.797979831696,0.0644453912973,0.0136087983847,0.0508365929127
0.227722764015,0.797979831696,0.0673572793603,0.0228510014713,0.044506277889
0.237623751163,0.797979831696,0.0702649578452,0.033280365169,0.0369845926762
0.247524753213,0.797979831696,0.0731677785516,0.0449286513031,0.0282391272485
0.25742572546,0.797979831696,0.0760650709271,0.0578077435493,0.0182573273778
0.267326742411,0.797979831696,0.0789560675621,0.07190528512,0.00705078244209
0.277227729559,0.797979831696,0.0818399265409,0.087178260088,0.00533833354712
0.287128716707,0.797979831696,0.0847157090902,0.103549294174,0.0188335850835
0.297029703856,0.797979831696,0.0875824019313,0.120903857052,0.033321455121
0.306930691004,0.797979831696,0.0904389098287,0.139090150595,0.048651240766
0.316831678152,0.797979831696,0.0932840034366,0.157921791077,0.0646377876401
0.3267326653,0.797979831696,0.0961164087057,0.177184551954,0.0810681432486
0.336633652449,0.797979831696,0.0989346280694,0.196645200253,0.0977105721831
0.346534639597,0.797979831696,0.101737141609,0.216062396765,0.114325255156
0.356435626745,0.797979831696,0.104522243142,0.235198765993,0.130676522851
0.366336613894,0.797979831696,0.107288122177,0.253829300404,0.146541178226
0.376237630844,0.797979831696,0.110032759607,0.271750301123,0.161717534065
0.386138617992,0.797979831696,0.112754046917,0.2887827456,0.176028698683
0.396039605141,0.797979831696,0.115449607372,0.304773747921,0.189324140549
0.405940592289,0.797979831696,0.118117012084,0.319594025612,0.201477020979
0.415841579437,0.797979831696,0.120753519237,0.333136051893,0.212382525206
0.425742566586,0.797979831696,0.123356290162,0.345307976007,0.221951693296
0.435643553734,0.797979831696,0.12592215836,0.356030702591,0.23010854423
0.445544540882,0.797979831696,0.128447785974,0.365234225988,0.236786440015
0.45544552803,0.797979831696,0.130929604173,0.372855484486,0.241925880313
0.465346515179,0.797979831696,0.133363813162,0.378836214542,0.245472401381
0.475247502327,0.797979831696,0.135746225715,0.383122861385,0.247376635671
0.485148519278,0.797979831696,0.138072520494,0.385666519403,0.247593998909
0.495049506426,0.797979831696,0.140337958932,0.38642385602,0.246085897088
0.504950523376,0.797979831696,0.14253757894,0.385357707739,0.242820128798
0.51485145092,0.797979831696,0.144666031003,0.382439434528,0.237773403525
0.524752497673,0.797979831696,0.146717682481,0.377650469542,0.230932787061
0.534653484821,0.797979831696,0.148686498404,0.370985478163,0.222298979759
0.54455447197,0.797979831696,0.150566101074,0.362455397844,0.21188929677
0.554455459118,0.797979831696,0.152349770069,0.352092564106,0.199742794037
0.564356446266,0.797979831696,0.154030382633,0.339955359697,0.185924977064
0.574257433414,0.797979831696,0.155600368977,0.32613453269,0.170534163713
0.584158420563,0.797979831696,0.157051846385,0.310757398605,0.15370555222
0.594059407711,0.797979831696,0.15837650001,0.293992877007,0.135616376996
0.603960394859,0.797979831696,0.159565597773,0.276051431894,0.116485834122
0.613861382008,0.797979831696,0.160610020161,0.25718164444,0.096571624279
0.623762369156,0.797979831696,0.161500275135,0.237662315369,0.0761620402336
0.633663415909,0.797979831696,0.162226468325,0.217790186405,0.0555637180805
0.643564343452,0.797979831696,0.162778347731,0.197864502668,0.0350861549377
0.653465390205,0.797979831696,0.163145318627,0.178169608116,0.0150242894888
0.663366317749,0.797979831696,0.163316518068,0.158963441849,0.00435307621956
0.673267364502,0.797979831696,0.163280755281,0.140463620424,0.0228171348572
0.683168292046,0.797979831696,0.163026675582,0.122844927013,0.040181748569
0.693069338799,0.797979831696,0.162542760372,0.106234639883,0.0563081204891
0.702970266342,0.797979831696,0.161817327142,0.0907178595662,0.0710994675756
0.712871313095,0.797979831696,0.160838752985,0.0763398557901,0.0844988971949
0.722772240639,0.797979831696,0.159595429897,0.0631144419312,0.0964809879661
0.732673287392,0.797979831696,0.158075928688,0.0510293394327,0.107046589255
0.74257427454,0.797979831696,0.156269192696,0.040053345263,0.116215847433
0.752475261688,0.797979831696,0.154164418578,0.0301422029734,0.124022215605
0.762376248837,0.797979831696,0.151751443744,0.0212427191436,0.130508720875
0.772277235985,0.797979831696,0.14902086556,0.0132975205779,0.135723352432
0.782178223133,0.797979831696,0.145963981748,0.00624771974981,0.139716267586
0.792079210281,0.797979831696,0.142573222518,3.52244824171e-05,0.142537996173
0.80198019743,0.797979831696,0.138842150569,-0.00539632700384,0.144238471985
0.811881184578,0.797979831696,0.134765803814,-0.0100988410413,0.144864648581
0.821782171726,0.797979831696,0.13034068048,-0.0141211589798,0.144461840391
0.831683158875,0.797979831696,0.125565052032,-0.0175070948899,0.143072143197
0.841584146023,0.797979831696,0.120439074934,-0.0202958770096,0.140734955668
0.851485133171,0.797979831696,0.114965088665,-0.0225222930312,0.137487381697
0.861386120319,0.797979831696,0.109147578478,-0.0242163464427,0.133363932371
0.871287107468,0.797979831696,0.1029933393,-0.0254037715495,0.128397107124
0.881188154221,0.797979831696,0.0965117812157,-0.0261061564088,0.122617937624
0.891089081764,0.797979831696,0.0897148251534,-0.0263409595937,0.11605578661
0.900990128517,0.797979831696,0.0826167985797,-0.0261221583933,0.108738958836
0.910891115665,0.797979831696,0.0752348974347,-0.0254598204046,0.100694715977
0.920792102814,0.797979831696,0.067588634789,-0.0243610721081,0.0919497087598
0.930693089962,0.797979831696,0.0597002580762,-0.0228295400739,0.0825297981501
0.94059407711,0.797979831696,0.0515941604972,-0.0208666566759,0.0724608153105
0.950495064259,0.797979831696,0.0432969257236,-0.0184705071151,0.0617674328387
0.960396051407,0.797979831696,0.0348372869194,-0.015636920929,0.0504742078483
0.970297038555,0.797979831696,0.0262455232441,-0.0123594552279,0.038604978472
0.980198025703,0.797979831696,0.0175533778965,-0.00862943846732,0.0261828154325
0.990099012852,0.797979831696,0.00879362225533,-0.00443610921502,0.0132297314703
0.00990098994225,0.808080792427,0.00290363538079,-0.00412178970873,0.00702542532235
0.0198019798845,0.808080792427,0.00580727076158,-0.00772256311029,0.0135298334062
0.0297029688954,0.808080792427,0.00871090311557,-0.0110966218635,0.0198075249791
0.039603959769,0.808080792427,0.011614526622,-0.0142199937254,0.0258345194161
0.0495049506426,0.808080792427,0.0145181305707,-0.0170671548694,0.0315852835774
0.0594059377909,0.808080792427,0.0174216944724,-0.0196104124188,0.0370321050286
0.0693069323897,0.808080792427,0.0203251950443,-0.02182007581,0.0421452708542
0.079207919538,0.808080792427,0.0232285857201,-0.023664008826,0.0468925945461
0.0891089066863,0.808080792427,0.026131818071,-0.0251073036343,0.0512391217053
0.0990099012852,0.808080792427,0.0290348269045,-0.0261125899851,0.0551474168897
0.108910888433,0.808080792427,0.0319375246763,-0.0266393925995,0.0585769191384
0.118811875582,0.808080792427,0.0348398052156,-0.0266436599195,0.0614834651351
0.12871286273,0.808080792427,0.0377415418625,-0.0260785110295,0.0638200491667
0.138613864779,0.808080792427,0.0406425967813,-0.0248931851238,0.0655357837677
0.148514851928,0.808080792427,0.0435427613556,-0.0230332054198,0.0665759667754
0.158415839076,0.808080792427,0.046441860497,-0.0204405281693,0.0668823868036
0.168316826224,0.808080792427,0.0493396371603,-0.0170541256666,0.0663937628269
0.178217813373,0.808080792427,0.0522358156741,-0.0128095131367,0.0650453269482
0.188118815422,0.808080792427,0.0551300942898,-0.00764048099518,0.062770575285
0.19801980257,0.808080792427,0.0580221153796,-0.00147979427129,0.0595019087195
0.207920789719,0.808080792427,0.0609114654362,0.00573896616697,0.0551724992692
0.217821776867,0.808080792427,0.0637977048755,0.0140787232667,0.0497189834714
0.227722764015,0.808080792427,0.0666803270578,0.0235960744321,0.0430842526257
0.237623751163,0.808080792427,0.0695587843657,0.0343366116285,0.0352221727371
0.247524753213,0.808080792427,0.072432436049,0.0463310144842,0.0261014215648
0.25742572546,0.808080792427,0.075300604105,0.0595888793468,0.0157117247581
0.267326742411,0.808080792427,0.0781625509262,0.0740932077169,0.00406934320927
0.277227729559,0.808080792427,0.0810174196959,0.0897951796651,0.00877775996923
0.287128716707,0.808080792427,0.0838643014431,0.106609746814,0.0227454453707
0.297029703856,0.808080792427,0.0867021903396,0.124413512647,0.0377113223076
0.306930691004,0.808080792427,0.0895299836993,0.143044888973,0.0535149052739
0.316831678152,0.808080792427,0.0923464894295,0.162308186293,0.0699616968632
0.3267326653,0.808080792427,0.0951504260302,0.181980460882,0.086830034852
0.336633652449,0.808080792427,0.0979403108358,0.201822131872,0.103881821036
0.346534639597,0.808080792427,0.100714676082,0.22158780694,0.120873130858
0.356435626745,0.808080792427,0.103471778333,0.241038531065,0.137566745281
0.366336613894,0.808080792427,0.106209866703,0.259950727224,0.153740853071
0.376237630844,0.808080792427,0.108926922083,0.278123736382,0.169196814299
0.386138617992,0.808080792427,0.11162084341,0.295383095741,0.183762252331
0.396039605141,0.808080792427,0.114289328456,0.311580777168,0.197291448712
0.405940592289,0.808080792427,0.116929918528,0.32659304142,0.209663122892
0.415841579437,0.808080792427,0.119539923966,0.340316146612,0.220776230097
0.425742566586,0.808080792427,0.122116535902,0.352662414312,0.23054587841
0.435643553734,0.808080792427,0.124656610191,0.363555550575,0.238898932934
0.445544540882,0.808080792427,0.127156868577,0.372927427292,0.245770558715
0.45544552803,0.808080792427,0.129613742232,0.380716025829,0.251102268696
0.465346515179,0.808080792427,0.132023483515,0.386863350868,0.254839867353
0.475247502327,0.808080792427,0.134381964803,0.391315788031,0.256933808327
0.485148519278,0.808080792427,0.136684864759,0.394023239613,0.257338374853
0.495049506426,0.808080792427,0.138927549124,0.394940882921,0.256013333797
0.504950523376,0.808080792427,0.14110507071,0.394029200077,0.252924144268
0.51485145092,0.808080792427,0.143212109804,0.391256600618,0.248044490814
0.524752497673,0.808080792427,0.145243152976,0.386600345373,0.241357192397
0.534653484821,0.808080792427,0.147192180157,0.380049973726,0.23285779357
0.54455447197,0.808080792427,0.149052888155,0.371610015631,0.222557127476
0.554455459118,0.808080792427,0.150818645954,0.361304849386,0.210486203432
0.564356446266,0.808080792427,0.1524823457,0.349183529615,0.196701183915
0.574257433414,0.808080792427,0.154036551714,0.335325688124,0.18128913641
0.584158420563,0.808080792427,0.155473455787,0.319847226143,0.164373770356
0.594059407711,0.808080792427,0.156784802675,0.302905827761,0.146121025085
0.603960394859,0.808080792427,0.157961949706,0.284701853991,0.126739904284
0.613861382008,0.808080792427,0.158995881677,0.265477836132,0.106481954455
0.623762369156,0.808080792427,0.159877166152,0.245510995388,0.085633829236
0.633663415909,0.808080792427,0.160596057773,0.225102543831,0.0645064860582
0.643564343452,0.808080792427,0.161142393947,0.204561650753,0.0434192568064
0.653465390205,0.808080792427,0.161505684257,0.184188723564,0.0226830393076
0.663366317749,0.808080792427,0.161675155163,0.164260268211,0.00258511304855
0.673267364502,0.808080792427,0.161639750004,0.145015120506,0.0166246294975
0.683168292046,0.808080792427,0.161388248205,0.1266477108,0.034740537405
0.693069338799,0.808080792427,0.160909175873,0.10930403322,0.051605142653
0.702970266342,0.808080792427,0.160191044211,0.0930837616324,0.0671072825789
0.712871313095,0.808080792427,0.159222304821,0.0780441090465,0.0811781957746
0.722772240639,0.808080792427,0.157991468906,0.0642071291804,0.093784339726
0.732673287392,0.808080792427,0.156487256289,0.0515654757619,0.104921780527
0.74257427454,0.808080792427,0.15469866991,0.0400906503201,0.11460801959
0.752475261688,0.808080792427,0.152615055442,0.0297387391329,0.122876316309
0.762376248837,0.808080792427,0.150226324797,0.0204557925463,0.12977053225
0.772277235985,0.808080792427,0.14752317965,0.0121822319925,0.135340943933
0.782178223133,0.808080792427,0.144497036934,0.00485625490546,0.139640778303
0.792079210281,0.808080792427,0.141140341759,-0.00158342719078,0.14272376895
0.80198019743,0.808080792427,0.137446761131,-0.00719622522593,0.144642978907
0.811881184578,0.808080792427,0.13341139257,-0.0120378136635,0.145449206233
0.821782171726,0.808080792427,0.129030734301,-0.0161600168794,0.145190745592
0.831683158875,0.808080792427,0.124303095043,-0.0196101292968,0.143913224339
0.841584146023,0.808080792427,0.119228646159,-0.0224303212017,0.141658961773
0.851485133171,0.808080792427,0.113809682429,-0.0246582794935,0.13846796751
0.861386120319,0.808080792427,0.108050636947,-0.026326764375,0.134377405047
0.871287107468,0.808080792427,0.101958237588,-0.027463901788,0.129422143102
0.881188154221,0.808080792427,0.0955418199301,-0.0280936546624,0.123635470867
0.891089081764,0.808080792427,0.0888131782413,-0.0282356608659,0.117048837245
0.900990128517,0.808080792427,0.0817864909768,-0.0279058944434,0.109692387283
0.910891115665,0.808080792427,0.0744787678123,-0.0271163638681,0.101595133543
0.920792102814,0.808080792427,0.066909365356,-0.02587573044,0.0927850976586
0.930693089962,0.808080792427,0.0591002590954,-0.0241896882653,0.083289951086
0.94059407711,0.808080792427,0.0510756336153,-0.0220604464412,0.0731360763311
0.950495064259,0.808080792427,0.0428617820144,-0.0194878652692,0.0623496472836
0.960396051407,0.808080792427,0.0344871692359,-0.0164688713849,0.0509560406208
0.970297038555,0.808080792427,0.0259817522019,-0.0129980091006,0.0389797613025
0.980198025703,0.808080792427,0.0173769649118,-0.00906771421432,0.0264446791261
0.990099012852,0.808080792427,0.00870524439961,-0.00466802250594,0.0133732669055
0.00990098994225,0.818181812763,0.00287445331924,-0.00419643707573,0.0070708906278
0.0198019798845,0.818181812763,0.00574890617281,-0.00786837842315,0.013617284596
0.0297029688954,0.818181812763,0.00862335693091,-0.0113108539954,0.0199342109263
0.039603959769,0.818181812763,0.0114977983758,-0.0144993141294,0.0259971134365
0.0495049506426,0.818181812763,0.0143722211942,-0.0174074880779,0.0317797102034
0.0594059377909,0.818181812763,0.0172466021031,-0.020006723702,0.0372533276677
0.0693069323897,0.818181812763,0.0201209224761,-0.0222662016749,0.042387124151
0.079207919538,0.818181812763,0.0229951348156,-0.0241528283805,0.047147963196
0.0891089066863,0.818181812763,0.0258691869676,-0.0256303809583,0.0514995679259
0.0990099012852,0.818181812763,0.0287430211902,-0.0266600940377,0.0554031133652
0.108910888433,0.818181812763,0.0316165462136,-0.0271999612451,0.0588165074587
0.118811875582,0.818181812763,0.0344896577299,-0.0272042322904,0.0616938918829
0.12871286273,0.818181812763,0.0373622328043,-0.0266241151839,0.0639863461256
0.138613864779,0.818181812763,0.0402341298759,-0.0254066176713,0.0656407475471
0.148514851928,0.818181812763,0.0431051515043,-0.0234952513129,0.0666004046798
0.158415839076,0.818181812763,0.0459751076996,-0.020829629153,0.0668047368526
0.168316826224,0.818181812763,0.0488437637687,-0.0173459760845,0.0661897361279
0.178217813373,0.818181812763,0.051710832864,-0.0129776541144,0.0646884888411
0.188118815422,0.818181812763,0.0545760281384,-0.00765551161021,0.0622315406799
0.19801980257,0.818181812763,0.0574389770627,-0.00131040345877,0.0587493814528
0.207920789719,0.818181812763,0.0602992884815,0.00612646527588,0.0541728213429
0.217821776867,0.818181812763,0.063156530261,0.0147197004408,0.0484368279576
0.227722764015,0.818181812763,0.0660101771355,0.0245261900127,0.0414839871228
0.237623751163,0.818181812763,0.0688597038388,0.035592045635,0.0332676582038
0.247524753213,0.818181812763,0.0717044770718,0.0479458495975,0.0237586274743
0.25742572546,0.818181812763,0.0745438188314,0.0615944042802,0.0129494145513
0.267326742411,0.818181812763,0.077376998961,0.0765157565475,0.000861242413521
0.277227729559,0.818181812763,0.0802031755447,0.0926542654634,0.0124510899186
0.287128716707,0.818181812763,0.0830214470625,0.10991666466,0.0268952175975
0.297029703856,0.818181812763,0.0858308151364,0.128170073032,0.0423392578959
0.306930691004,0.818181812763,0.0886301919818,0.147242933512,0.0586127415299
0.316831678152,0.818181812763,0.0914183929563,0.166930139065,0.0755117461085
0.3267326653,0.818181812763,0.09419413656,0.187000691891,0.0928065553308
0.336633652449,0.818181812763,0.0969559922814,0.207208991051,0.110252998769
0.346534639597,0.818181812763,0.099702462554,0.227306634188,0.127604171634
0.356435626745,0.818181812763,0.102431870997,0.247053831816,0.144621968269
0.366336613894,0.818181812763,0.10514242202,0.266229450703,0.161087036133
0.376237630844,0.818181812763,0.107832185924,0.284636676311,0.176804482937
0.386138617992,0.818181812763,0.110499031842,0.302106201649,0.191607177258
0.396039605141,0.818181812763,0.113140702248,0.318495839834,0.205355137587
0.405940592289,0.818181812763,0.115754745901,0.33368653059,0.217931777239
0.415841579437,0.818181812763,0.118338525295,0.347579747438,0.229241222143
0.425742566586,0.818181812763,0.120889231563,0.360091030598,0.239201799035
0.435643553734,0.818181812763,0.123403787613,0.371146976948,0.247743189335
0.445544540882,0.818181812763,0.125878915191,0.380681753159,0.254802823067
0.45544552803,0.818181812763,0.128311112523,0.388633936644,0.260322809219
0.465346515179,0.818181812763,0.130696624517,0.394946366549,0.264249742031
0.475247502327,0.818181812763,0.133031383157,0.399564743042,0.266533374786
0.485148519278,0.818181812763,0.13531114161,0.402438312769,0.267127156258
0.495049506426,0.818181812763,0.137531295419,0.403520524502,0.265989243984
0.504950523376,0.818181812763,0.139686927199,0.402770161629,0.263083219528
0.51485145092,0.818181812763,0.141772791743,0.400152117014,0.258379340172
0.524752497673,0.818181812763,0.143783420324,0.395640462637,0.251857042313
0.534653484821,0.818181812763,0.145712867379,0.389219731092,0.243506863713
0.54455447197,0.818181812763,0.147554889321,0.380888611078,0.233333721757
0.554455459118,0.818181812763,0.149302884936,0.370663762093,0.221360877156
0.564356446266,0.818181812763,0.15094986558,0.358585208654,0.207635343075
0.574257433414,0.818181812763,0.152488455176,0.34472194314,0.192233487964
0.584158420563,0.818181812763,0.153910920024,0.329178392887,0.175267472863
0.594059407711,0.818181812763,0.155209064484,0.312099665403,0.15689060092
0.603960394859,0.818181812763,0.156374379992,0.29367557168,0.137301191688
0.613861382008,0.818181812763,0.157397940755,0.274140030146,0.116742089391
0.623762369156,0.818181812763,0.158270359039,0.253766655922,0.0954962968826
0.633663415909,0.818181812763,0.158982038498,0.232858002186,0.0738759636879
0.643564343452,0.818181812763,0.159522876143,0.211731672287,0.0522087961435
0.653465390205,0.818181812763,0.159882500768,0.190701514482,0.0308190137148
0.663366317749,0.818181812763,0.160050272942,0.170062571764,0.0100122988224
0.673267364502,0.818181812763,0.160015240312,0.150074243546,0.00994099676609
0.683168292046,0.818181812763,0.159766256809,0.130951970816,0.0288142859936
0.693069338799,0.818181812763,0.159291997552,0.1128609851,0.0464310124516
0.702970266342,0.818181812763,0.158581092954,0.0959180593491,0.0626630336046
0.712871313095,0.818181812763,0.157622084022,0.0801934227347,0.0774286612868
0.722772240639,0.818181812763,0.156403616071,0.0657188370824,0.0906847789884
0.732673287392,0.818181812763,0.154914528131,0.0524933263659,0.102421201766
0.74257427454,0.818181812763,0.153143912554,0.0404920317233,0.112651884556
0.752475261688,0.818181812763,0.151081234217,0.0296720080078,0.121409222484
0.762376248837,0.818181812763,0.148716524243,0.0199789851904,0.128737539053
0.772277235985,0.818181812763,0.146040529013,0.0113515555859,0.134688973427
0.782178223133,0.818181812763,0.143044814467,0.00372541695833,0.139319390059
0.792079210281,0.818181812763,0.139721855521,-0.00296393129975,0.14268578589
0.80198019743,0.818181812763,0.136065393686,-0.00877900235355,0.144844397902
0.811881184578,0.818181812763,0.132070571184,-0.0137791689485,0.145849734545
0.821782171726,0.818181812763,0.127733945847,-0.0180196911097,0.145753636956
0.831683158875,0.818181812763,0.123053818941,-0.021550796926,0.144604623318
0.841584146023,0.818181812763,0.118030369282,-0.0244182068855,0.142448574305
0.851485133171,0.818181812763,0.112665869296,-0.0266621857882,0.139328062534
0.861386120319,0.818181812763,0.106964707375,-0.0283185914159,0.13528329134
0.871287107468,0.818181812763,0.100933536887,-0.0294180363417,0.130351573229
0.881188154221,0.818181812763,0.0945816040039,-0.029986936599,0.124568536878
0.891089081764,0.818181812763,0.0879205837846,-0.0300471298397,0.117967709899
0.900990128517,0.818181812763,0.080964513123,-0.0296166520566,0.110581167042
0.910891115665,0.818181812763,0.0737302452326,-0.0287095028907,0.102439746261
0.920792102814,0.818181812763,0.0662369057536,-0.0273361392319,0.0935730487108
0.930693089962,0.818181812763,0.0585062913597,-0.0255038272589,0.084010116756
0.94059407711,0.818181812763,0.0505623072386,-0.0232164226472,0.0737787336111
0.950495064259,0.818181812763,0.042431011796,-0.0204750243574,0.0629060342908
0.960396051407,0.818181812763,0.0341405645013,-0.0172778405249,0.0514184050262
0.970297038555,0.818181812763,0.0257206298411,-0.0136206038296,0.0393412336707
0.980198025703,0.818181812763,0.01720232144,-0.00949656404555,0.0266988854855
0.990099012852,0.818181812763,0.00861775595695,-0.00489694904536,0.0135147050023
0.00990098994225,0.828282833099,0.00284556462429,-0.00426876172423,0.00711432658136
0.0198019798845,0.828282833099,0.00569112878293,-0.00800823140889,0.0136993601918
0.0297029688954,0.828282833099,0.00853669084609,-0.0115152755752,0.0200519673526
0.039603959769,0.828282833099,0.011382243596,-0.0147647345439,0.0261469781399
0.0495049506426,0.828282833099,0.0142277777195,-0.0177294313908,0.0319572091103
0.0594059377909,0.828282833099,0.0170732717961,-0.0203796513379,0.0374529212713
0.0693069323897,0.828282833099,0.0199187044054,-0.0226838812232,0.042602583766
0.079207919538,0.828282833099,0.0227640289813,-0.0246074870229,0.0473715141416
0.0891089066863,0.828282833099,0.025609197095,-0.0261134319007,0.0517226308584
0.0990099012852,0.828282833099,0.0284541491419,-0.0271609649062,0.0556151121855
0.108910888433,0.828282833099,0.0312987938523,-0.0277067609131,0.0590055547655
0.118811875582,0.828282833099,0.0341430306435,-0.0277033448219,0.0618463754654
0.12871286273,0.828282833099,0.0369867347181,-0.0270997639745,0.06408649683
0.138613864779,0.828282833099,0.0398297719657,-0.0258411448449,0.065670914948
0.148514851928,0.828282833099,0.0426719374955,-0.0238686967641,0.0665406361222
0.158415839076,0.828282833099,0.0455130524933,-0.0211195833981,0.0666326358914
0.168316826224,0.828282833099,0.0483528785408,-0.0175276491791,0.0658805295825
0.178217813373,0.828282833099,0.0511911325157,-0.013023451902,0.0642145872116
0.188118815422,0.828282833099,0.054027531296,-0.00753566063941,0.0615631937981
0.19801980257,0.828282833099,0.0568617060781,-0.00099250394851,0.0578542090952
0.207920789719,0.828282833099,0.0596932731569,0.00667659007013,0.0530166849494
0.217821776867,0.828282833099,0.0625218003988,0.0155374109745,0.0469843894243
0.227722764015,0.828282833099,0.065346762538,0.025647751987,0.039699010551
0.237623751163,0.828282833099,0.0681676492095,0.0370528139174,0.0311148352921
0.247524753213,0.828282833099,0.0709838345647,0.0497794598341,0.0212043747306
0.25742572546,0.828282833099,0.0737946406007,0.0638300776482,0.00996456295252
0.267326742411,0.828282833099,0.0765993520617,0.0791776701808,0.00257831811905
0.277227729559,0.828282833099,0.0793971270323,0.0957591459155,0.0163620188832
0.287128716707,0.828282833099,0.0821870714426,0.113472290337,0.0312852188945
0.297029703856,0.828282833099,0.0849681943655,0.132174253464,0.0472060590982
0.306930691004,0.828282833099,0.0877394452691,0.151683360338,0.0639439150691
0.316831678152,0.828282833099,0.0904996246099,0.171785116196,0.0812854915857
0.3267326653,0.828282833099,0.0932474806905,0.192241162062,0.0989936813712
0.336633652449,0.828282833099,0.0959815755486,0.212800234556,0.116818659008
0.346534639597,0.828282833099,0.0987004414201,0.233211964369,0.134511530399
0.356435626745,0.828282833099,0.101402416825,0.253237217665,0.151834800839
0.366336613894,0.828282833099,0.104085735977,0.272657722235,0.168571978807
0.376237630844,0.828282833099,0.106748454273,0.291281580925,0.184533119202
0.386138617992,0.828282833099,0.109388507903,0.308945178986,0.199556678534
0.396039605141,0.828282833099,0.112003616989,0.325511902571,0.213508278131
0.405940592289,0.828282833099,0.114591389894,0.340868532658,0.226277142763
0.415841579437,0.828282833099,0.117149211466,0.35492092371,0.237771719694
0.425742566586,0.828282833099,0.119674272835,0.367588430643,0.247914165258
0.435643553734,0.828282833099,0.122163563967,0.378800630569,0.256637066603
0.445544540882,0.828282833099,0.124613806605,0.388493090868,0.263879299164
0.45544552803,0.828282833099,0.127021551132,0.396605730057,0.269584178925
0.465346515179,0.828282833099,0.129383087158,0.403081536293,0.273698449135
0.475247502327,0.828282833099,0.131694406271,0.407866179943,0.276171773672
0.485148519278,0.828282833099,0.133951246738,0.410908043385,0.276956796646
0.495049506426,0.828282833099,0.136149078608,0.412159234285,0.276010155678
0.504950523376,0.828282833099,0.1382830441,0.41157618165,0.27329313755
0.51485145092,0.828282833099,0.140347957611,0.409121543169,0.268773585558
0.524752497673,0.828282833099,0.142338380218,0.404765605927,0.262427210808
0.534653484821,0.828282833099,0.144248425961,0.398488640785,0.254240214825
0.54455447197,0.828282833099,0.146071925759,0.390283465385,0.244211539626
0.554455459118,0.828282833099,0.147802352905,0.380160003901,0.232357650995
0.564356446266,0.828282833099,0.14943279326,0.368149399757,0.218716606498
0.574257433414,0.828282833099,0.150955930352,0.354310512543,0.203354582191
0.584158420563,0.828282833099,0.152364090085,0.338736236095,0.18637214601
0.594059407711,0.828282833099,0.153649196029,0.321559041739,0.16790984571
0.603960394859,0.828282833099,0.154802799225,0.302956700325,0.1481539011
0.613861382008,0.828282833099,0.155816063285,0.283153355122,0.127337291837
0.623762369156,0.828282833099,0.156679719687,0.262416064739,0.105736345053
0.633663415909,0.828282833099,0.157384231687,0.241046518087,0.0836622864008
0.643564343452,0.828282833099,0.157919645309,0.219368159771,0.0614485144615
0.653465390205,0.828282833099,0.158275663853,0.197706282139,0.0394306182861
0.663366317749,0.828282833099,0.158441752195,0.176372855902,0.0179311037064
0.673267364502,0.828282833099,0.158407062292,0.155647665262,0.00275939702988
0.683168292046,0.828282833099,0.158160582185,0.13576772809,0.0223928540945
0.693069338799,0.828282833099,0.157691091299,0.11691891402,0.040772177279
0.702970266342,0.828282833099,0.156987324357,0.0992361083627,0.0577512159944
0.712871313095,0.828282833099,0.156037956476,0.0828043967485,0.0732335597277
0.722772240639,0.828282833099,0.154831752181,0.0676669403911,0.08716481179
0.732673287392,0.828282833099,0.153357610106,0.0538303181529,0.0995272919536
0.74257427454,0.828282833099,0.151604786515,0.0412744805217,0.110330305994
0.752475261688,0.828282833099,0.149562850595,0.0299584828317,0.119604364038
0.762376248837,0.828282833099,0.147221893072,0.0198280289769,0.127393871546
0.772277235985,0.828282833099,0.144572809339,0.0108204167336,0.133752390742
0.782178223133,0.828282833099,0.141607195139,0.00286902859807,0.138738170266
0.792079210281,0.828282833099,0.138317629695,-0.00409347657114,0.142411112785
0.80198019743,0.828282833099,0.134697929025,-0.0101330447942,0.144830971956
0.811881184578,0.828282833099,0.130743250251,-0.0153124360368,0.146055683494
0.821782171726,0.828282833099,0.126450195909,-0.0196902602911,0.1461404562
0.831683158875,0.828282833099,0.121817111969,-0.0233203098178,0.145137429237
0.841584146023,0.828282833099,0.116844139993,-0.0262513235211,0.143095463514
0.851485133171,0.828282833099,0.111533559859,-0.0285268612206,0.140060424805
0.861386120319,0.828282833099,0.105889692903,-0.0301853679121,0.13607506454
0.871287107468,0.828282833099,0.0999191403389,-0.0312603786588,0.131179511547
0.881188154221,0.828282833099,0.0936310440302,-0.031780730933,0.125411778688
0.891089081764,0.828282833099,0.0870369747281,-0.0317707359791,0.118807710707
0.900990128517,0.828282833099,0.0801508128643,-0.0312502607703,0.111401073635
0.910891115665,0.828282833099,0.0729892477393,-0.0302356556058,0.103224903345
0.920792102814,0.828282833099,0.065571218729,-0.02873916924,0.094310387969
0.930693089962,0.828282833099,0.057918291539,-0.0267695263028,0.0846878141165
0.94059407711,0.828282833099,0.0500541515648,-0.0243322812021,0.0743864327669
0.950495064259,0.828282833099,0.0420045740902,-0.0214301440865,0.0634347200394
0.960396051407,0.828282833099,0.0337974466383,-0.0180623419583,0.0518597885966
0.970297038555,0.828282833099,0.0254621338099,-0.0142258936539,0.0396880283952
0.980198025703,0.828282833099,0.0170294344425,-0.00991525035352,0.0269446857274
0.990099012852,0.828282833099,0.00853114575148,-0.00512228440493,0.0136534301564
0.00990098994225,0.838383853436,0.002816966502,-0.00433881673962,0.00715578347445
0.0198019798845,0.838383853436,0.00563393253833,-0.00814212299883,0.0137760555372
0.0297029688954,0.838383853436,0.00845089647919,-0.0117097925395,0.02016068995
0.039603959769,0.838383853436,0.0112678511068,-0.0150158274919,0.0262836776674
0.0495049506426,0.838383853436,0.014084787108,-0.0180323533714,0.0321171395481
0.0594059377909,0.838383853436,0.016901684925,-0.0207288004458,0.0376304835081
0.0693069323897,0.838383853436,0.0197185203433,-0.0230722799897,0.042790800333
0.079207919538,0.838383853436,0.0225352495909,-0.0250271819532,0.0475624315441
0.0891089066863,0.838383853436,0.0253518223763,-0.0265548042953,0.0519066266716
0.0990099012852,0.838383853436,0.0281681846827,-0.0276134908199,0.0557816773653
0.108910888433,0.838383853436,0.0309842377901,-0.028157800436,0.0591420382261
0.118811875582,0.838383853436,0.0337998941541,-0.0281386338174,0.0619385279715
0.12871286273,0.838383853436,0.0366150178015,-0.0275031477213,0.0641181617975
0.138613864779,0.838383853436,0.039429474622,-0.0261941589415,0.0656236335635
0.148514851928,0.838383853436,0.0422430820763,-0.0241503678262,0.0663934499025
0.158415839076,0.838383853436,0.045055642724,-0.0213069971651,0.0663626417518
0.168316826224,0.838383853436,0.0478669255972,-0.0175948962569,0.0654618218541
0.178217813373,0.838383853436,0.0506766587496,-0.0129424473271,0.063619107008
0.188118815422,0.838383853436,0.0534845478833,-0.0072757024318,0.0607602521777
0.19801980257,0.838383853436,0.056290242821,-0.000520677305758,0.0568109191954
0.207920789719,0.838383853436,0.0590933486819,0.00739484280348,0.0516985058784
0.217821776867,0.838383853436,0.0618934445083,0.0165381021798,0.0453553423285
0.227722764015,0.838383853436,0.0646900236607,0.0269666351378,0.0377233885229
0.237623751163,0.838383853436,0.067482560873,0.0387247353792,0.0287578254938
0.247524753213,0.838383853436,0.0702704414725,0.0518366619945,0.0184337794781
0.25742572546,0.838383853436,0.0730530023575,0.0663005039096,0.0067524984479
0.267326742411,0.838383853436,0.0758295208216,0.0820828229189,0.00625330209732
0.277227729559,0.838383853436,0.0785991773009,0.0991124734282,0.0205132961273
0.287128716707,0.838383853436,0.0813610851765,0.117277808487,0.0359167233109
0.297029703856,0.838383853436,0.0841142609715,0.136425644159,0.0523113831878
0.306930691004,0.838383853436,0.0868576541543,0.156364053488,0.0695063993335
0.316831678152,0.838383853436,0.0895900949836,0.176869422197,0.0872793272138
0.3267326653,0.838383853436,0.0923103317618,0.197696179152,0.10538584739
0.336633652449,0.838383853436,0.0950169488788,0.218589305878,0.123572356999
0.346534639597,0.838383853436,0.0977084934711,0.239296555519,0.141588062048
0.356435626745,0.838383853436,0.10038330406,0.259580790997,0.159197479486
0.366336613894,0.838383853436,0.10303965956,0.2792275846,0.176187932491
0.376237630844,0.838383853436,0.105675622821,0.298050731421,0.1923751086
0.386138617992,0.838383853436,0.108289137483,0.315892279148,0.207603141665
0.396039605141,0.838383853436,0.110877968371,0.33262231946,0.22174435854
0.405940592289,0.838383853436,0.1134397313,0.348132938147,0.234693199396
0.415841579437,0.838383853436,0.115971855819,0.362334400415,0.246362537146
0.425742566586,0.838383853436,0.11847153306,0.375150203705,0.256678670645
0.435643553734,0.838383853436,0.120935805142,0.386512041092,0.265576243401
0.445544540882,0.838383853436,0.123361423612,0.396357536316,0.272996127605
0.45544552803,0.838383853436,0.125744968653,0.404627740383,0.27888277173
0.465346515179,0.838383853436,0.12808278203,0.41126576066,0.28318297863
0.475247502327,0.838383853436,0.130370870233,0.416217118502,0.285846233368
0.485148519278,0.838383853436,0.132605031133,0.419429421425,0.286824405193
0.495049506426,0.838383853436,0.13478076458,0.420853316784,0.286072552204
0.504950523376,0.838383853436,0.136893287301,0.420443713665,0.283550441265
0.51485145092,0.838383853436,0.138937443495,0.418160527945,0.27922308445
0.524752497673,0.838383853436,0.140907868743,0.413970738649,0.273062884808
0.534653484821,0.838383853436,0.142798706889,0.407850384712,0.265051662922
0.54455447197,0.838383853436,0.144603893161,0.399787336588,0.255183458328
0.554455459118,0.838383853436,0.146316930652,0.389784932137,0.243468001485
0.564356446266,0.838383853436,0.147930979729,0.377865880728,0.229934900999
0.574257433414,0.838383853436,0.149438813329,0.364079624414,0.214640811086
0.584158420563,0.838383853436,0.150832816958,0.348507106304,0.197674289346
0.594059407711,0.838383853436,0.152105003595,0.331268906593,0.179163902998
0.603960394859,0.838383853436,0.153247028589,0.312529653311,0.159282624722
0.613861382008,0.838383853436,0.154250100255,0.292501926422,0.138251826167
0.623762369156,0.838383853436,0.15510506928,0.271444857121,0.116339787841
0.633663415909,0.838383853436,0.155802518129,0.249656438828,0.0938539206982
0.643564343452,0.838383853436,0.156332552433,0.22746270895,0.071130156517
0.653465390205,0.838383853436,0.156684979796,0.205198556185,0.0485135763884
0.663366317749,0.838383853436,0.156849399209,0.18319144845,0.0263420492411
0.673267364502,0.838383853436,0.156815052032,0.161740124226,0.00492507219315
0.683168292046,0.838383853436,0.156571060419,0.141103714705,0.0154673457146
0.693069338799,0.838383853436,0.156106293201,0.121489562094,0.0346167311072
0.702970266342,0.838383853436,0.155409574509,0.103052034974,0.0523575395346
0.712871313095,0.838383853436,0.154469758272,0.0858930200338,0.0685767382383
0.722772240639,0.838383853436,0.153275668621,0.0700684711337,0.0832071974874
0.732673287392,0.838383853436,0.151816353202,0.0555939599872,0.0962223932147
0.74257427454,0.838383853436,0.150081142783,0.0424554124475,0.107625730336
0.752475261688,0.838383853436,0.148059725761,0.0306149050593,0.117444820702
0.762376248837,0.838383853436,0.145742312074,0.0200189463794,0.125723361969
0.772277235985,0.838383853436,0.143119826913,0.0106040462852,0.132515788078
0.782178223133,0.838383853436,0.140184015036,0.00230150483549,0.137882515788
0.792079210281,0.838383853436,0.136927515268,-0.00495878979564,0.141886308789
0.80198019743,0.838383853436,0.133344203234,-0.0112460143864,0.144590213895
0.811881184578,0.838383853436,0.129429265857,-0.0166262481362,0.146055519581
0.821782171726,0.838383853436,0.125179365277,-0.0211615208536,0.146340891719
0.831683158875,0.838383853436,0.120592840016,-0.0249092839658,0.145502120256
0.841584146023,0.838383853436,0.115669853985,-0.0279213786125,0.143591225147
0.851485133171,0.838383853436,0.110412634909,-0.0302446242422,0.140657261014
0.861386120319,0.838383853436,0.104825496674,-0.0319202616811,0.136745750904
0.871287107468,0.838383853436,0.0989149361849,-0.0329848751426,0.131899803877
0.881188154221,0.838383853436,0.0926900431514,-0.0334697924554,0.126159831882
0.891089081764,0.838383853436,0.0861622393131,-0.0334015861154,0.119563825428
0.900990128517,0.838383853436,0.0793452858925,-0.0328027382493,0.112148024142
0.910891115665,0.838383853436,0.0722557008266,-0.0316912606359,0.103946961462
0.920792102814,0.838383853436,0.0649122223258,-0.0300814174116,0.0949936360121
0.930693089962,0.838383853436,0.0573362112045,-0.0279840007424,0.085320211947
0.94059407711,0.838383853436,0.0495511032641,-0.0254058558494,0.0749569609761
0.950495064259,0.838383853436,0.0415824241936,-0.0223511923105,0.0639336183667
0.960396051407,0.838383853436,0.0334577783942,-0.0188207291067,0.0522785075009
0.970297038555,0.838383853436,0.0252062380314,-0.0148127255961,0.0400189645588
0.980198025703,0.838383853436,0.0168582871556,-0.0103225279599,0.0271808151156
0.990099012852,0.838383853436,0.00844540726393,-0.00534324068576,0.0137886479497
0.00990098994225,0.848484873772,0.00278865522705,-0.00440655089915,0.00719520635903
0.0198019798845,0.848484873772,0.0055773104541,-0.00826984085143,0.0138471517712
0.0297029688954,0.848484873772,0.00836596265435,-0.0118940975517,0.0202600602061
0.039603959769,0.848484873772,0.0111546069384,-0.0152524895966,0.026407096535
0.0495049506426,0.848484873772,0.0139432316646,-0.0183159522712,0.0322591848671
0.0594059377909,0.848484873772,0.0167318191379,-0.021053224802,0.0377850458026
0.0693069323897,0.848484873772,0.0195203442127,-0.0234303884208,0.0429507344961
0.079207919538,0.848484873772,0.0223087649792,-0.0254104286432,0.0477191954851
0.0891089066863,0.848484873772,0.0250970330089,-0.0269535258412,0.0520505607128
0.0990099012852,0.848484873772,0.0278850849718,-0.0280161648989,0.0559012517333
0.108910888433,0.848484873772,0.0306728407741,-0.0285513289273,0.0592241697013
0.118811875582,0.848484873772,0.0334601961076,-0.0285082198679,0.0619684159756
0.12871286273,0.848484873772,0.0362470261753,-0.0278315618634,0.0640785843134
0.138613864779,0.848484873772,0.0390332005918,-0.0264622420073,0.0654954463243
0.148514851928,0.848484873772,0.0418185293674,-0.0243369527161,0.0661554783583
0.158415839076,0.848484873772,0.0446028225124,-0.0213878136128,0.0659906342626
0.168316826224,0.848484873772,0.0473858527839,-0.0175436846912,0.0649295374751
0.178217813373,0.848484873772,0.0501673482358,-0.0127299334854,0.0628972798586
0.188118815422,0.848484873772,0.0529470182955,-0.00687077920884,0.0598177984357
0.19801980257,0.848484873772,0.0557245127857,0.000110398977995,0.0556141138077
0.207920789719,0.848484873772,0.0584994480014,0.00828717648983,0.0502122715116
0.217821776867,0.848484873772,0.0612714029849,0.0177272818983,0.0435441210866
0.227722764015,0.848484873772,0.0640398710966,0.0284885056317,0.0355513654649
0.237623751163,0.848484873772,0.0668043494225,0.04061345011,0.0261908993125
0.247524753213,0.848484873772,0.0695642083883,0.0541228502989,0.0154413580894
0.25742572546,0.848484873772,0.0723187997937,0.0690101459622,0.00330865383148
0.267326742411,0.848484873772,0.0750674158335,0.0852345004678,0.0101670846343
0.277227729559,0.848484873772,0.0778092369437,0.102716289461,0.0249070525169
0.287128716707,0.848484873772,0.080543383956,0.121333681047,0.040790297091
0.297029703856,0.848484873772,0.0832688882947,0.140922665596,0.0576537773013
0.306930691004,0.848484873772,0.0859847217798,0.16128179431,0.0752970725298
0.316831678152,0.848484873772,0.0886896923184,0.182178080082,0.0934883877635
0.3267326653,0.848484873772,0.0913825929165,0.203359872103,0.111977279186
0.336633652449,0.848484873772,0.0940620079637,0.224568873644,0.130506873131
0.346534639597,0.848484873772,0.0967264994979,0.245552569628,0.148826062679
0.356435626745,0.848484873772,0.099374435842,0.266076594591,0.166702151299
0.366336613894,0.848484873772,0.102004088461,0.285931169987,0.183927088976
0.376237630844,0.848484873772,0.104613557458,0.304936289787,0.200322732329
0.386138617992,0.848484873772,0.107200816274,0.322940856218,0.215740039945
0.396039605141,0.848484873772,0.109763614833,0.339820772409,0.230057150126
0.405940592289,0.848484873772,0.112299650908,0.355473965406,0.243174314499
0.415841579437,0.848484873772,0.114806301892,0.369815379381,0.25500908494
0.425742566586,0.848484873772,0.117280870676,0.382771760225,0.265490889549
0.435643553734,0.848484873772,0.119720369577,0.39427754283,0.274557173252
0.445544540882,0.848484873772,0.122121624649,0.404271960258,0.282150328159
0.45544552803,0.848484873772,0.124481208622,0.412696957588,0.288215756416
0.465346515179,0.848484873772,0.126795530319,0.419496148825,0.292700618505
0.475247502327,0.848484873772,0.129060596228,0.424614667892,0.295554071665
0.485148519278,0.848484873772,0.13127233088,0.427999615669,0.29672729969
0.495049506426,0.848484873772,0.133426204324,0.429600328207,0.296174108982
0.504950523376,0.848484873772,0.13551749289,0.429369539022,0.293852031231
0.51485145092,0.848484873772,0.137541100383,0.427265316248,0.289724230766
0.524752497673,0.848484873772,0.139491707087,0.423251360655,0.283759653568
0.534653484821,0.848484873772,0.141363561153,0.417299896479,0.275936335325
0.54455447197,0.848484873772,0.14315058291,0.409393996,0.26624339819
0.554455459118,0.848484873772,0.14484642446,0.399530619383,0.254684209824
0.564356446266,0.848484873772,0.146444246173,0.387725353241,0.241281107068
0.574257433414,0.848484873772,0.147936910391,0.37401792407,0.22608101368
0.584158420563,0.848484873772,0.149316906929,0.358478367329,0.2091614604
0.594059407711,0.848484873772,0.150576323271,0.341214686632,0.190638363361
0.603960394859,0.848484873772,0.151706859469,0.322378665209,0.170671805739
0.613861382008,0.848484873772,0.152699843049,0.302170157433,0.149470314384
0.623762369156,0.848484873772,0.153546243906,0.280837923288,0.127291679382
0.633663415909,0.848484873772,0.154236674309,0.258674174547,0.104437500238
0.643564343452,0.848484873772,0.154761359096,0.236005157232,0.0812437981367
0.653465390205,0.848484873772,0.155110254884,0.213172227144,0.0580619722605
0.663366317749,0.848484873772,0.155273020267,0.190516114235,0.0352430939674
0.673267364502,0.848484873772,0.155239030719,0.168354123831,0.013115093112
0.683168292046,0.848484873772,0.154997482896,0.14696675539,0.00803072750568
0.693069338799,0.848484873772,0.154537394643,0.126583307981,0.0279540866613
0.702970266342,0.848484873772,0.153847679496,0.107379294932,0.0464683845639
0.712871313095,0.848484873772,0.152917310596,0.0894745960832,0.0634427145123
0.722772240639,0.848484873772,0.151735216379,0.0729396864772,0.078795529902
0.732673287392,0.848484873772,0.150290563703,0.0578012466431,0.0924893170595
0.74257427454,0.848484873772,0.148572802544,0.0440519191325,0.104520887136
0.752475261688,0.848484873772,0.146571695805,0.0316582173109,0.114913478494
0.762376248837,0.848484873772,0.144277557731,0.0205681398511,0.12370941788
0.772277235985,0.848484873772,0.141681447625,0.0107178781182,0.130963563919
0.782178223133,0.848484873772,0.138775140047,0.0020372197032,0.136737912893
0.792079210281,0.848484873772,0.135551378131,-0.00554636493325,0.141097739339
0.80198019743,0.848484873772,0.132004067302,-0.0121051240712,0.14410918951
0.811881184578,0.848484873772,0.12812846899,-0.017708895728,0.145837366581
0.821782171726,0.848484873772,0.12392129004,-0.0224228911102,0.146344184875
0.831683158875,0.848484873772,0.119380861521,-0.0263079106808,0.145688772202
0.841584146023,0.848484873772,0.114507347345,-0.029419446364,0.143926799297
0.851485133171,0.848484873772,0.109302960336,-0.0318073481321,0.141110301018
0.861386120319,0.848484873772,0.103771969676,-0.0335161760449,0.137288153172
0.871287107468,0.848484873772,0.0979208275676,-0.0345851331949,0.132505953312
0.881188154221,0.848484873772,0.0917584896088,-0.0350482240319,0.12680670619
0.891089081764,0.848484873772,0.0852962955832,-0.0349347293377,0.120231024921
0.900990128517,0.848484873772,0.0785478502512,-0.0342693179846,0.112817168236
0.910891115665,0.848484873772,0.071529507637,-0.0330721512437,0.104601658881
0.920792102814,0.848484873772,0.0642598420382,-0.0313595868647,0.0956194251776
0.930693089962,0.848484873772,0.0567599684,-0.0291440412402,0.0859040096402
0.94059407711,0.848484873772,0.0490531027317,-0.0264343190938,0.0754874199629
0.950495064259,0.848484873772,0.0411645099521,-0.0232359282672,0.064400434494
0.960396051407,0.848484873772,0.033121522516,-0.0195511057973,0.0526726283133
0.970297038555,0.848484873772,0.0249529089779,-0.0153795210645,0.040332429111
0.980198025703,0.848484873772,0.0166888590902,-0.0107172727585,0.0274061318487
0.990099012852,0.848484873772,0.00836052838713,-0.00555878691375,0.0139193153009
0.00990098994225,0.858585834503,0.00276062893681,-0.00447201449424,0.00723264366388
0.0198019798845,0.858585834503,0.00552125740796,-0.00839138031006,0.013912637718
0.0297029688954,0.858585834503,0.00828188285232,-0.0120678031817,0.0203496851027
0.039603959769,0.858585834503,0.0110425008461,-0.0154737308621,0.0265162326396
0.0495049506426,0.858585834503,0.0138031002134,-0.0185792706907,0.0323823690414
0.0594059377909,0.858585834503,0.0165636613965,-0.0213523413986,0.0379160046577
0.0693069323897,0.858585834503,0.0193241611123,-0.0237573347986,0.0430814959109
0.079207919538,0.858585834503,0.0220845583826,-0.0257563702762,0.0478409305215
0.0891089066863,0.858585834503,0.0248448010534,-0.0273079909384,0.0521527901292
0.0990099012852,0.858585834503,0.0276048351079,-0.0283672157675,0.0559720508754
0.108910888433,0.858585834503,0.0303645730019,-0.0288852900267,0.0592498630285
0.118811875582,0.858585834503,0.0331239141524,-0.0288094505668,0.0619333647192
0.12871286273,0.858585834503,0.0358827374876,-0.0280825123191,0.0639652460814
0.138613864779,0.858585834503,0.0386409126222,-0.0266429185867,0.0652838349342
0.148514851928,0.858585834503,0.0413982458413,-0.0244250483811,0.0658232942224
0.158415839076,0.858585834503,0.0441545546055,-0.0213585458696,0.0655131042004
0.168316826224,0.858585834503,0.0469096191227,-0.0173696763813,0.0642792955041
0.178217813373,0.858585834503,0.049663156271,-0.0123816141859,0.0620447695255
0.188118815422,0.858585834503,0.0524148866534,-0.00631564483047,0.0587305314839
0.19801980257,0.858585834503,0.0551644749939,0.000905910506845,0.0542585626245
0.207920789719,0.858585834503,0.0579115189612,0.00935852341354,0.0485529974103
0.217821776867,0.858585834503,0.0606556124985,0.0191104114056,0.041545201093
0.227722764015,0.858585834503,0.0633962601423,0.0302188061178,0.0331774540246
0.237623751163,0.858585834503,0.0661329478025,0.0427237637341,0.0234091840684
0.247524753213,0.858585834503,0.0688650757074,0.0566424131393,0.0122226625681
0.25742572546,0.858585834503,0.0715919807553,0.0719624534249,0.000370472669601
0.267326742411,0.858585834503,0.0743129774928,0.0886351540685,0.0143221765757
0.277227729559,0.858585834503,0.0770272389054,0.106571383774,0.0295441448689
0.287128716707,0.858585834503,0.0797339081764,0.125638872385,0.0459049642086
0.297029703856,0.858585834503,0.0824320316315,0.145663142204,0.0632311105728
0.306930691004,0.858585834503,0.0851205587387,0.166432201862,0.0813116431236
0.316831678152,0.858585834503,0.0877983421087,0.187705218792,0.0999068766832
0.3267326653,0.858585834503,0.090464182198,0.209225147963,0.118760965765
0.336633652449,0.858585834503,0.0931166708469,0.230731010437,0.13761433959
0.346534639597,0.858585834503,0.0957543849945,0.25197160244,0.156217217445
0.356435626745,0.858585834503,0.0983757004142,0.272715985775,0.17434027791
0.366336613894,0.858585834503,0.100978925824,0.292760133743,0.191781207919
0.376237630844,0.858585834503,0.103562168777,0.311930626631,0.208368450403
0.386138617992,0.858585834503,0.106123425066,0.330083459616,0.223960042
0.396039605141,0.858585834503,0.10866047442,0.347100734711,0.238440260291
0.405940592289,0.858585834503,0.111171014607,0.362886160612,0.251715153456
0.415841579437,0.858585834503,0.113652482629,0.377358824015,0.263706326485
0.425742566586,0.858585834503,0.116102181375,0.390448927879,0.274346739054
0.435643553734,0.858585834503,0.118517160416,0.40209338069,0.283576220274
0.445544540882,0.858585834503,0.120894275606,0.412233024836,0.291338741779
0.45544552803,0.858585834503,0.123230159283,0.420810729265,0.297580569983
0.465346515179,0.858585834503,0.125521212816,0.427770286798,0.302249073982
0.475247502327,0.858585834503,0.127763524652,0.433056771755,0.305293262005
0.485148519278,0.858585834503,0.12995301187,0.436616241932,0.30666321516
0.495049506426,0.858585834503,0.132085248828,0.438397169113,0.306311905384
0.504950523376,0.858585834503,0.134155511856,0.438350766897,0.304195255041
0.51485145092,0.858585834503,0.136158779263,0.436432480812,0.30027371645
0.524752497673,0.858585834503,0.13808979094,0.432603478432,0.294513702393
0.534653484821,0.858585834503,0.139942839742,0.426832288504,0.286889433861
0.54455447197,0.858585834503,0.141711905599,0.419097363949,0.277385473251
0.554455459118,0.858585834503,0.14339068532,0.409390151501,0.265999466181
0.564356446266,0.858585834503,0.144972458482,0.397719025612,0.252746582031
0.574257433414,0.858585834503,0.14645011723,0.384115040302,0.237664923072
0.584158420563,0.858585834503,0.147816255689,0.368637561798,0.220821306109
0.594059407711,0.858585834503,0.149063006043,0.351382553577,0.202319547534
0.603960394859,0.858585834503,0.150182157755,0.332488268614,0.182306110859
0.613861382008,0.858585834503,0.151165187359,0.312141537666,0.160976350307
0.623762369156,0.858585834503,0.152003079653,0.290579050779,0.138575971127
0.633663415909,0.858585834503,0.152686566114,0.268085181713,0.115398615599
0.643564343452,0.858585834503,0.153205990791,0.244983196259,0.0917772054672
0.653465390205,0.858585834503,0.153551369905,0.221618682146,0.0680673122406
0.663366317749,0.858585834503,0.153712511063,0.198342889547,0.0446303784847
0.673267364502,0.858585834503,0.153678849339,0.175490021706,0.0218111723661
0.683168292046,0.858585834503,0.153439730406,0.153361290693,7.84397125244e-05
0.693069338799,0.858585834503,0.152984261513,0.132208615541,0.0207756459713
0.702970266342,0.858585834503,0.152301490307,0.112229458988,0.0400720313191
0.712871313095,0.858585834503,0.151380449533,0.0935632735491,0.0578171759844
0.722772240639,0.858585834503,0.150210261345,0.0762967318296,0.0739135295153
0.732673287392,0.858585834503,0.148780122399,0.0604689866304,0.0883111357689
0.74257427454,0.858585834503,0.147079616785,0.0460813194513,0.100998297334
0.752475261688,0.858585834503,0.145098626614,0.0331054627895,0.111993163824
0.762376248837,0.858585834503,0.142827540636,0.0214921720326,0.121335372329
0.772277235985,0.858585834503,0.140257522464,0.0111779868603,0.129079535604
0.782178223133,0.858585834503,0.137380421162,0.00209156051278,0.135288864374
0.792079210281,0.858585834503,0.13418905437,-0.00584191922098,0.14003098011
0.80198019743,0.858585834503,0.13067740202,-0.0126975160092,0.143374919891
0.811881184578,0.858585834503,0.126840755343,-0.0185483023524,0.145389050245
0.821782171726,0.858585834503,0.122675858438,-0.023462953046,0.146138817072
0.831683158875,0.858585834503,0.118181064725,-0.0275060161948,0.145687073469
0.841584146023,0.858585834503,0.113356523216,-0.0307361520827,0.144092679024
0.851485133171,0.858585834503,0.108204454184,-0.0332067124546,0.141411170363
0.861386120319,0.858585834503,0.102729044855,-0.0349653325975,0.137694373727
0.871287107468,0.858585834503,0.0969367027283,-0.0360540412366,0.13299074769
0.881188154221,0.858585834503,0.0908362939954,-0.0365098416805,0.127346128225
0.891089081764,0.858585834503,0.0844390466809,-0.0363645553589,0.12080360204
0.900990128517,0.858585834503,0.0777584239841,-0.0356450378895,0.113403461874
0.910891115665,0.858585834503,0.070810623467,-0.0343740284443,0.105184651911
0.920792102814,0.858585834503,0.0636140182614,-0.0325697027147,0.0961837172508
0.930693089962,0.858585834503,0.0561895184219,-0.0302465856075,0.0864361077547
0.94059407711,0.858585834503,0.0485601089895,-0.027414817363,0.0759749263525
0.950495064259,0.858585834503,0.0407508015633,-0.024081941694,0.0648327469826
0.960396051407,0.858585834503,0.0327886417508,-0.0202515758574,0.0530402176082
0.970297038555,0.858585834503,0.0247021280229,-0.0159243177623,0.0406264439225
0.980198025703,0.858585834503,0.0165211316198,-0.0110979210585,0.0276190526783
0.990099012852,0.858585834503,0.00827650353312,-0.00576771516353,0.0140442186967
0.00990098994225,0.868686854839,0.00273288390599,-0.00453490763903,0.00726779177785
0.0198019798845,0.868686854839,0.00546576827765,-0.00850625988096,0.0139720281586
0.0297029688954,0.868686854839,0.0081986496225,-0.0122305583209,0.0204292088747
0.039603959769,0.868686854839,0.0109315216541,-0.0156794451177,0.0266109667718
0.0495049506426,0.868686854839,0.013664376922,-0.0188222005963,0.032486576587
0.0594059377909,0.868686854839,0.0163971930742,-0.0216250922531,0.03802228719
0.0693069323897,0.868686854839,0.0191299505532,-0.0240520630032,0.043182015419
0.079207919538,0.868686854839,0.021862603724,-0.026063580066,0.04792618379
0.0891089066863,0.868686854839,0.0245951078832,-0.0276167094707,0.052211817354
0.0990099012852,0.868686854839,0.0273274034262,-0.0286649428308,0.055992346257
0.108910888433,0.868686854839,0.0300594046712,-0.0291576404124,0.059217043221
0.118811875582,0.868686854839,0.0327910147607,-0.0290401242673,0.0618311390281
0.12871286273,0.868686854839,0.0355221107602,-0.02825313434,0.063775241375
0.138613864779,0.868686854839,0.0382525622845,-0.0267328619957,0.0649854242802
0.148514851928,0.868686854839,0.0409821867943,-0.0244110673666,0.0653932541609
0.158415839076,0.868686854839,0.0437107980251,-0.0212152060121,0.0649260058999
0.168316826224,0.868686854839,0.0464381687343,-0.017068689689,0.0635068565607
0.178217813373,0.868686854839,0.0491640307009,-0.0118924519047,0.061056483537
0.188118815422,0.868686854839,0.0518881119788,-0.00560583174229,0.0574939437211
0.19801980257,0.868686854839,0.0546100586653,0.00187108665705,0.0527389720082
0.207920789719,0.868686854839,0.0573295019567,0.0106146782637,0.046714823693
0.217821776867,0.868686854839,0.0600460134447,0.0206930935383,0.0393529199064
0.227722764015,0.868686854839,0.062759116292,0.032162565738,0.030596550554
0.237623751163,0.868686854839,0.0654683038592,0.0450606122613,0.0204076915979
0.247524753213,0.868686854839,0.068172968924,0.0593996718526,0.00877329707146
0.25742572546,0.868686854839,0.0708724781871,0.0751604288816,0.00428795069456
0.267326742411,0.868686854839,0.0735661163926,0.0922863259912,0.0187202095985
0.277227729559,0.868686854839,0.0762531086802,0.110677935183,0.0344248265028
0.287128716707,0.868686854839,0.0789325684309,0.130192160606,0.0512595921755
0.297029703856,0.868686854839,0.0816035717726,0.150643527508,0.0690399557352
0.306930691004,0.868686854839,0.0842650830746,0.171810299158,0.0875452160835
0.316831678152,0.868686854839,0.0869159623981,0.193444430828,0.10652846843
0.3267326653,0.868686854839,0.089555002749,0.215284079313,0.125729084015
0.336633652449,0.868686854839,0.0921808332205,0.237067312002,0.144886478782
0.346534639597,0.868686854839,0.0947920382023,0.258544832468,0.163752794266
0.356435626745,0.868686854839,0.097387008369,0.279490292072,0.182103276253
0.366336613894,0.868686854839,0.0999640747905,0.299706220627,0.199742138386
0.376237630844,0.868686854839,0.102521359921,0.319026440382,0.216505080462
0.386138617992,0.868686854839,0.105056867003,0.337313622236,0.232256755233
0.396039605141,0.868686854839,0.10756842047,0.354456752539,0.24688833952
0.405940592289,0.868686854839,0.11005371809,0.370364546776,0.260310828686
0.415841579437,0.868686854839,0.112510256469,0.384960621595,0.272450357676
0.425742566586,0.868686854839,0.114935331047,0.3981782794,0.283242940903
0.435643553734,0.868686854839,0.117326050997,0.40995696187,0.292630910873
0.445544540882,0.868686854839,0.119679272175,0.420238405466,0.300559133291
0.45544552803,0.868686854839,0.121991679072,0.428966760635,0.306975066662
0.465346515179,0.868686854839,0.124259695411,0.436086058617,0.311826348305
0.475247502327,0.868686854839,0.126479491591,0.441540926695,0.315061450005
0.485148519278,0.868686854839,0.128646969795,0.445277303457,0.316630333662
0.495049506426,0.868686854839,0.130757749081,0.447241872549,0.316484123468
0.504950523376,0.868686854839,0.132807224989,0.447384864092,0.314577639103
0.51485145092,0.868686854839,0.134790360928,0.445659220219,0.310868859291
0.524752497673,0.868686854839,0.136701971292,0.442023634911,0.305321663618
0.534653484821,0.868686854839,0.138536378741,0.436443299055,0.297906935215
0.54455447197,0.868686854839,0.140287682414,0.428892314434,0.288604617119
0.554455459118,0.868686854839,0.141949594021,0.419356912374,0.277407318354
0.564356446266,0.868686854839,0.143515467644,0.407839089632,0.264323621988
0.574257433414,0.868686854839,0.144978269935,0.394361317158,0.249383047223
0.584158420563,0.868686854839,0.146330669522,0.378973335028,0.232642665505
0.594059407711,0.868686854839,0.147564888,0.361759155989,0.214194267988
0.603960394859,0.868686854839,0.148672819138,0.342843741179,0.194170922041
0.613861382008,0.868686854839,0.14964595437,0.322399944067,0.172753989697
0.623762369156,0.868686854839,0.150475427508,0.300652176142,0.150176748633
0.633663415909,0.868686854839,0.151152029634,0.277874022722,0.126721993089
0.643564343452,0.868686854839,0.151666238904,0.254383414984,0.10271717608
0.653465390205,0.868686854839,0.152008160949,0.230527490377,0.0785193294287
0.663366317749,0.868686854839,0.152167677879,0.206665247679,0.0544975697994
0.673267364502,0.868686854839,0.152134358883,0.183145910501,0.0310115516186
0.683168292046,0.868686854839,0.151897639036,0.160290122032,0.00839248299599
0.693069338799,0.868686854839,0.151446729898,0.138372451067,0.0130742788315
0.702970266342,0.868686854839,0.150770828128,0.117613039911,0.0331577882171
0.712871313095,0.868686854839,0.149859055877,0.0981720909476,0.0516869649291
0.722772240639,0.868686854839,0.148700609803,0.0801546424627,0.0685459673405
0.732673287392,0.868686854839,0.147284850478,0.0636135786772,0.083671271801
0.74257427454,0.868686854839,0.145601451397,0.0485604405403,0.0970410108566
0.752475261688,0.868686854839,0.143640354276,0.0349737592041,0.108666598797
0.762376248837,0.868686854839,0.141392111778,0.0228077098727,0.118584401906
0.772277235985,0.868686854839,0.138847917318,0.0120003931224,0.126847520471
0.782178223133,0.868686854839,0.135999724269,0.00247973203659,0.133519992232
0.792079210281,0.868686854839,0.132840439677,-0.00583099108189,0.138671427965
0.80198019743,0.868686854839,0.129364073277,-0.0130095593631,0.142373636365
0.811881184578,0.868686854839,0.125565990806,-0.01913189888,0.144697889686
0.821782171726,0.868686854839,0.121442936361,-0.0242704413831,0.145713374019
0.831683158875,0.868686854839,0.116993322968,-0.0284930318594,0.145486354828
0.841584146023,0.868686854839,0.112217277288,-0.0318620875478,0.144079357386
0.851485133171,0.868686854839,0.10711697489,-0.0344339460135,0.141550928354
0.861386120319,0.868686854839,0.101696603,-0.0362598001957,0.137956410646
0.871287107468,0.868686854839,0.0959624797106,-0.0373846404254,0.133347123861
0.881188154221,0.868686854839,0.0899233743548,-0.0378483049572,0.127771675587
0.891089081764,0.868686854839,0.0835904255509,-0.037685174495,0.121275603771
0.900990128517,0.868686854839,0.0769769474864,-0.0369249731302,0.113901920617
0.910891115665,0.868686854839,0.0700989738107,-0.0355924069881,0.105691380799
0.920792102814,0.868686854839,0.062974691391,-0.0337080135942,0.0966827049851
0.930693089962,0.868686854839,0.0556248053908,-0.0312878601253,0.0869126617908
0.94059407711,0.868686854839,0.0480720736086,-0.0283445026726,0.0764165744185
0.950495064259,0.868686854839,0.0403412505984,-0.0248866379261,0.0652278885245
0.960396051407,0.868686854839,0.0324591100216,-0.0209196209908,0.0533787310123
0.970297038555,0.868686854839,0.0244538672268,-0.0164454653859,0.0408993326128
0.980198025703,0.868686854839,0.0163550935686,-0.0114629790187,0.0278180725873
0.990099012852,0.868686854839,0.0081933233887,-0.00596877653152,0.0141620999202
0.00990098994225,0.878787875175,0.00270541803911,-0.00459504500031,0.00730046303943
0.0198019798845,0.878787875175,0.00541083607823,-0.00861432030797,0.0140251563862
0.0297029688954,0.878787875175,0.00811625085771,-0.0123820919544,0.0204983428121
0.039603959769,0.878787875175,0.0108216581866,-0.0158690810204,0.0266907401383
0.0495049506426,0.878787875175,0.0135270468891,-0.0190434325486,0.0325704813004
0.0594059377909,0.878787875175,0.0162323992699,-0.0218707360327,0.03810313344
0.0693069323897,0.878787875175,0.0189376901835,-0.0243134796619,0.0432511717081
0.079207919538,0.878787875175,0.0216428805143,-0.0263306908309,0.0479735732079
0.0891089066863,0.878787875175,0.0243479218334,-0.0278780348599,0.0522259548306
0.0990099012852,0.878787875175,0.0270527563989,-0.0289073809981,0.0559601373971
0.108910888433,0.878787875175,0.0297573022544,-0.0293663013726,0.0591236054897
0.118811875582,0.878787875175,0.0324614606798,-0.0291978940368,0.0616593547165
0.12871286273,0.878787875175,0.035165105015,-0.0283406861126,0.0635057911277
0.138613864779,0.878787875175,0.037868116051,-0.0267289150506,0.0645970329642
0.148514851928,0.878787875175,0.040570307523,-0.024291574955,0.0648618787527
0.158415839076,0.878787875175,0.0432714931667,-0.0209538917989,0.0642253831029
0.168316826224,0.878787875175,0.0459714569151,-0.01663659513,0.0626080483198
0.178217813373,0.878787875175,0.0486699230969,-0.0112581457943,0.0599280670285
0.188118815422,0.878787875175,0.0513666272163,-0.00473623163998,0.0561028569937
0.19801980257,0.878787875175,0.0540612190962,0.0030109193176,0.0510502979159
0.207920789719,0.878787875175,0.0567533299327,0.0120604075491,0.0446929223835
0.217821776867,0.878787875175,0.0594425424933,0.0224801898003,0.0369623526931
0.227722764015,0.878787875175,0.0621283762157,0.0343245603144,0.0278038159013
0.237623751163,0.878787875175,0.0648103356361,0.0476279333234,0.0171824023128
0.247524753213,0.878787875175,0.0674878135324,0.0623972341418,0.00509057939053
0.25742572546,0.878787875175,0.0701601877809,0.0786061063409,0.00844591856003
0.267326742411,0.878787875175,0.0728267654777,0.0961886420846,0.0233618766069
0.277227729559,0.878787875175,0.07548674196,0.115034885705,0.0395481437445
0.287128716707,0.878787875175,0.0781392902136,0.134990364313,0.0568510740995
0.297029703856,0.878787875175,0.0807834416628,0.155858963728,0.0750755220652
0.306930691004,0.878787875175,0.0834181979299,0.177409827709,0.0939916297793
0.316831678152,0.878787875175,0.0860424339771,0.199388116598,0.113345682621
0.3267326653,0.878787875175,0.0886549577117,0.221528381109,0.132873415947
0.336633652449,0.878787875175,0.0912543982267,0.243568718433,0.152314320207
0.346534639597,0.878787875175,0.0938393622637,0.265263170004,0.17142380774
0.356435626745,0.878787875175,0.0964082553983,0.286390930414,0.189982682467
0.366336613894,0.878787875175,0.098959416151,0.306761473417,0.207802057266
0.376237630844,0.878787875175,0.101490996778,0.326215952635,0.224724948406
0.386138617992,0.878787875175,0.104001022875,0.344624817371,0.240623801947
0.396039605141,0.878787875175,0.106487333775,0.361882776022,0.255395442247
0.405940592289,0.878787875175,0.108947664499,0.377904236317,0.268956571817
0.415841579437,0.878787875175,0.111379511654,0.392616569996,0.281237065792
0.425742566586,0.878787875175,0.113780215383,0.405956417322,0.292176187038
0.435643553734,0.878787875175,0.116146892309,0.417864829302,0.301717936993
0.445544540882,0.878787875175,0.118476465344,0.428285568953,0.309809088707
0.45544552803,0.878787875175,0.120765633881,0.437162965536,0.316397339106
0.465346515179,0.878787875175,0.123010858893,0.444441467524,0.321430623531
0.475247502327,0.878787875175,0.125208348036,0.4500657022,0.324857354164
0.485148519278,0.878787875175,0.127354040742,0.453980565071,0.32662653923
0.495049506426,0.878787875175,0.129443615675,0.456132352352,0.326688736677
0.504950523376,0.878787875175,0.131472483277,0.456469148397,0.324996650219
0.51485145092,0.878787875175,0.133435696363,0.454942554235,0.321506857872
0.524752497673,0.878787875175,0.135328099132,0.451508283615,0.316180169582
0.534653484821,0.878787875175,0.137144058943,0.446128606796,0.308984547853
0.54455447197,0.878787875175,0.138877764344,0.438773781061,0.299896001816
0.554455459118,0.878787875175,0.140522956848,0.42942482233,0.288901865482
0.564356446266,0.878787875175,0.142073094845,0.4180778265,0.276004731655
0.574257433414,0.878787875175,0.143521219492,0.404747605324,0.261226385832
0.584158420563,0.878787875175,0.144860029221,0.389474749565,0.244614720345
0.594059407711,0.878787875175,0.146081835032,0.37233158946,0.226249754429
0.603960394859,0.878787875175,0.1471786201,0.353430390358,0.206251770258
0.613861382008,0.878787875175,0.148141980171,0.332929849625,0.184787869453
0.623762369156,0.878787875175,0.148963108659,0.311040312052,0.162077203393
0.633663415909,0.878787875175,0.149632930756,0.288023978472,0.138391047716
0.643564343452,0.878787875175,0.150141969323,0.264190882444,0.114048913121
0.653465390205,0.878787875175,0.1504804492,0.239886313677,0.0894058644772
0.663366317749,0.878787875175,0.150638356805,0.21547460556,0.0648362487555
0.673267364502,0.878787875175,0.150605365634,0.191317498684,0.04071213305
0.683168292046,0.878787875175,0.150371029973,0.16775354743,0.017382517457
0.693069338799,0.878787875175,0.149924665689,0.14507946372,0.00484520196915
0.702970266342,0.878787875175,0.149255558848,0.123538441956,0.0257171168923
0.712871313095,0.878787875175,0.148352950811,0.103313155472,0.0450397953391
0.722772240639,0.878787875175,0.147206142545,0.0845275372267,0.0626786053181
0.732673287392,0.878787875175,0.145804613829,0.0672506168485,0.0785539969802
0.74257427454,0.878787875175,0.144138112664,0.0515059754252,0.092632137239
0.752475261688,0.878787875175,0.14219674468,0.0372799783945,0.104916766286
0.762376248837,0.878787875175,0.139971092343,0.0245318673551,0.115439221263
0.772277235985,0.878787875175,0.137452468276,0.0132016278803,0.124250844121
0.782178223133,0.878787875175,0.134632915258,0.00321747548878,0.131415441632
0.792079210281,0.878787875175,0.13150537014,-0.00549878645688,0.13700415194
0.80198019743,0.878787875175,0.128063932061,-0.0130270486698,0.141090974212
0.811881184578,0.878787875175,0.124304026365,-0.01944665052,0.143750682473
0.821782171726,0.878787875175,0.12022241205,-0.024833176285,0.14505559206
0.831683158875,0.878787875175,0.115817517042,-0.0292578935623,0.145075410604
0.841584146023,0.878787875175,0.111089468002,-0.0327868163586,0.143876284361
0.851485133171,0.878787875175,0.106040433049,-0.0354798287153,0.141520261765
0.861386120319,0.878787875175,0.100674532354,-0.0373911634088,0.138065695763
0.871287107468,0.878787875175,0.0949980318546,-0.038569316268,0.133567348123
0.881188154221,0.878787875175,0.089019626379,-0.0390567332506,0.12807635963
0.891089081764,0.878787875175,0.0827503278852,-0.0388907641172,0.121641092002
0.900990128517,0.878787875175,0.0762033089995,-0.0381035581231,0.114306867123
0.910891115665,0.878787875175,0.0693944618106,-0.0367223396897,0.1061168015
0.920792102814,0.878787875175,0.0623417794704,-0.0347697585821,0.0971115380526
0.930693089962,0.878787875175,0.0550657697022,-0.032264135778,0.0873299092054
0.94059407711,0.878787875175,0.0475889369845,-0.0292196646333,0.0768086016178
0.950495064259,0.878787875175,0.0399358123541,-0.0256469212472,0.0655827373266
0.960396051407,0.878787875175,0.0321328900754,-0.0215527173132,0.053685605526
0.970297038555,0.878787875175,0.0242081005126,-0.0169404502958,0.0411485508084
0.980198025703,0.878787875175,0.0161907207221,-0.0118105001748,0.0280012208968
0.990099012852,0.878787875175,0.00811097957194,-0.0061603160575,0.0142712956294
0.00990098994225,0.888888895512,0.00267822830938,-0.0046524386853,0.00733066722751
0.0198019798845,0.888888895512,0.00535645661876,-0.00871529988945,0.0140717569739
0.0297029688954,0.888888895512,0.00803468190134,-0.0125217922032,0.0205564741045
0.039603959769,0.888888895512,0.0107128983364,-0.0160419605672,0.0267548598349
0.0495049506426,0.888888895512,0.0133910989389,-0.019242728129,0.0326338261366
0.0594059377909,0.888888895512,0.0160692613572,-0.02208853513,0.0381577983499
0.0693069323897,0.888888895512,0.0187473651022,-0.024540476501,0.0432878434658
0.079207919538,0.888888895512,0.0214253682643,-0.0265564788133,0.0479818470776
0.0891089066863,0.888888895512,0.0241032224149,-0.0280906967819,0.0521939173341
0.0990099012852,0.888888895512,0.0267808753997,-0.0290928892791,0.0558737665415
0.108910888433,0.888888895512,0.0294582378119,-0.0295089446008,0.0589671805501
0.118811875582,0.888888895512,0.0321352183819,-0.0292799547315,0.0614151731133
0.12871286273,0.888888895512,0.034811694175,-0.0283425077796,0.0631542056799
0.138613864779,0.888888895512,0.0374875366688,-0.0266278833151,0.0641154199839
0.148514851928,0.888888895512,0.0401625707746,-0.0240630507469,0.0642256215215
0.158415839076,0.888888895512,0.0428366139531,-0.0205705333501,0.0634071454406
0.168316826224,0.888888895512,0.0455094389617,-0.0160689502954,0.0615783892572
0.178217813373,0.888888895512,0.0481807887554,-0.0104743130505,0.0586551018059
0.188118815422,0.888888895512,0.0508503839374,-0.00370215903968,0.0545525439084
0.19801980257,0.888888895512,0.0535179004073,0.00433032773435,0.0491875708103
0.207920789719,0.888888895512,0.0561829470098,0.0137006640434,0.0424822829664
0.217821776867,0.888888895512,0.0588451400399,0.0244762822986,0.0343688577414
0.227722764015,0.888888895512,0.0615039803088,0.0367090180516,0.0247949622571
0.237623751163,0.888888895512,0.0641589835286,0.0504293441772,0.0137296393514
0.247524753213,0.888888895512,0.0668095573783,0.0656381174922,0.00117143988609
0.25742572546,0.888888895512,0.0694550722837,0.0823008567095,0.0128457844257
0.267326742411,0.888888895512,0.0720948427916,0.100341916084,0.0282470732927
0.277227729559,0.888888895512,0.0747280940413,0.119640104473,0.0449120104313
0.287128716707,0.888888895512,0.0773539766669,0.140029788017,0.0626758113503
0.297029703856,0.888888895512,0.0799715593457,0.161304175854,0.081332616508
0.306930691004,0.888888895512,0.0825798362494,0.183223843575,0.100644007325
0.316831678152,0.888888895512,0.0851776972413,0.205527901649,0.120350204408
0.3267326653,0.888888895512,0.0877639651299,0.22794893384,0.14018496871
0.336633652449,0.888888895512,0.0903372764587,0.250226140022,0.159888863564
0.346534639597,0.888888895512,0.0928962603211,0.272117674351,0.17922142148
0.356435626745,0.888888895512,0.095439337194,0.293409228325,0.19796988368
0.366336613894,0.888888895512,0.0979648604989,0.313917905092,0.215953052044
0.376237630844,0.888888895512,0.100470997393,0.333492666483,0.23302167654
0.386138617992,0.888888895512,0.102955803275,0.352011024952,0.249055221677
0.396039605141,0.888888895512,0.105417124927,0.369373977184,0.263956844807
0.405940592289,0.888888895512,0.107852734625,0.385501027107,0.277648299932
0.415841579437,0.888888895512,0.110260128975,0.400323241949,0.290063112974
0.425742566586,0.888888895512,0.112636715174,0.4137801826,0.301143467426
0.435643553734,0.888888895512,0.114979609847,0.42581486702,0.310835242271
0.445544540882,0.888888895512,0.117285773158,0.436372160912,0.319086372852
0.45544552803,0.888888895512,0.119551934302,0.445397138596,0.325845211744
0.465346515179,0.888888895512,0.121774584055,0.452834635973,0.331060051918
0.475247502327,0.888888895512,0.123949974775,0.458628833294,0.334678858519
0.485148519278,0.888888895512,0.126074120402,0.462724298239,0.336650192738
0.495049506426,0.888888895512,0.128142699599,0.465066343546,0.336923658848
0.504950523376,0.888888895512,0.130151182413,0.465601563454,0.335450381041
0.51485145092,0.888888895512,0.132094666362,0.464279741049,0.332185089588
0.524752497673,0.888888895512,0.133968010545,0.461054354906,0.32708632946
0.534653484821,0.888888895512,0.135765746236,0.455884426832,0.320118665695
0.54455447197,0.888888895512,0.13748203218,0.448736816645,0.311254799366
0.554455459118,0.888888895512,0.139110699296,0.43958812952,0.300477445126
0.564356446266,0.888888895512,0.140645250678,0.428428262472,0.287783026695
0.574257433414,0.888888895512,0.14207880199,0.415265738964,0.273186922073
0.584158420563,0.888888895512,0.143404170871,0.400131672621,0.256727516651
0.594059407711,0.888888895512,0.144613698125,0.383087933064,0.238474234939
0.603960394859,0.888888895512,0.145699456334,0.364234268665,0.218534812331
0.613861382008,0.888888895512,0.146653130651,0.343715250492,0.197062119842
0.623762369156,0.888888895512,0.147466018796,0.321726828814,0.174260810018
0.633663415909,0.888888895512,0.148129105568,0.298518031836,0.150388926268
0.643564343452,0.888888895512,0.148633033037,0.274389445782,0.125756412745
0.653465390205,0.888888895512,0.148968100548,0.249680936337,0.100712835789
0.663366317749,0.888888895512,0.14912442863,0.224760383368,0.0756359547377
0.673267364502,0.888888895512,0.149091765285,0.199998021126,0.0509062558413
0.683168292046,0.888888895512,0.148859784007,0.175749659538,0.0268898755312
0.693069338799,0.888888895512,0.148417904973,0.152332276106,0.00391437113285
0.702970266342,0.888888895512,0.147755518556,0.130012750626,0.01774276793
0.712871313095,0.888888895512,0.146861985326,0.108996346593,0.0378656387329
0.722772240639,0.888888895512,0.145726710558,0.0894283726811,0.0562983378768
0.732673287392,0.888888895512,0.144339248538,0.0713952109218,0.0729440376163
0.74257427454,0.888888895512,0.14268951118,0.0549340993166,0.0877554118633
0.752475261688,0.888888895512,0.140767648816,0.0400409884751,0.100726664066
0.762376248837,0.888888895512,0.138564363122,0.026681125164,0.111883237958
0.772277235985,0.888888895512,0.136071056128,0.014798020944,0.121273033321
0.782178223133,0.888888895512,0.133279830217,0.00432053953409,0.128959298134
0.792079210281,0.888888895512,0.130183711648,-0.0048300512135,0.135013759136
0.80198019743,0.888888895512,0.126776888967,-0.0127361696213,0.139513060451
0.811881184578,0.888888895512,0.123054750264,-0.0194792952389,0.142534047365
0.821782171726,0.888888895512,0.119014173746,-0.0251389071345,0.144153088331
0.831683158875,0.888888895512,0.114653535187,-0.0297892261297,0.144442766905
0.841584146023,0.888888895512,0.109973013401,-0.0335000306368,0.143473044038
0.851485133171,0.888888895512,0.104974716902,-0.0363347269595,0.141309440136
0.861386120319,0.888888895512,0.0996627360582,-0.0383507981896,0.138013541698
0.871287107468,0.888888895512,0.0940432846546,-0.0396000593901,0.133643344045
0.881188154221,0.888888895512,0.0881249755621,-0.0401279479265,0.128252923489
0.891089081764,0.888888895512,0.0819186717272,-0.039974629879,0.121893301606
0.900990128517,0.888888895512,0.0754374563694,-0.0391750968993,0.114612549543
0.910891115665,0.888888895512,0.0686970427632,-0.0377587527037,0.106455795467
0.920792102814,0.888888895512,0.0617152377963,-0.0357506945729,0.0974659323692
0.930693089962,0.888888895512,0.054512348026,-0.033171467483,0.0876838117838
0.94059407711,0.888888895512,0.0471106618643,-0.0300370529294,0.0771477147937
0.950495064259,0.888888895512,0.0395344495773,-0.026359770447,0.0658942162991
0.960396051407,0.888888895512,0.0318099521101,-0.0221482831985,0.0539582371712
0.970297038555,0.888888895512,0.0239648073912,-0.017407272011,0.0413720794022
0.980198025703,0.888888895512,0.0160280019045,-0.0121384765953,0.0281664784998
0.990099012852,0.888888895512,0.00802946276963,-0.00634059868753,0.0143700614572
0.00990098994225,0.898989915848,0.00265131145716,-0.00470667332411,0.00735798478127
0.0198019798845,0.898989915848,0.00530262291431,-0.00880888104439,0.0141115039587
0.0297029688954,0.898989915848,0.00795393250883,-0.012649461627,0.0206033941358
0.039603959769,0.898989915848,0.0106052318588,-0.0161973163486,0.026802547276
0.0495049506426,0.898989915848,0.0132565153763,-0.0194190330803,0.0326755493879
0.0594059377909,0.898989915848,0.0159077625722,-0.0222771149129,0.038184877485
0.0693069323897,0.898989915848,0.0185589510947,-0.0247318930924,0.0432908460498
0.079207919538,0.898989915848,0.0212100408971,-0.0267395153642,0.0479495562613
0.0891089066863,0.898989915848,0.0238609798253,-0.0282525643706,0.0521135441959
0.0990099012852,0.898989915848,0.026511721313,-0.0292193032801,0.0557310245931
0.108910888433,0.898989915848,0.029162177816,-0.0295833870769,0.0587455630302
0.118811875582,0.898989915848,0.0318122543395,-0.0292840562761,0.0610963106155
0.12871286273,0.898989915848,0.0344618298113,-0.0282554253936,0.0627172589302
0.138613864779,0.898989915848,0.0371107831597,-0.0264264531434,0.0635372400284
0.148514851928,0.898989915848,0.0397589318454,-0.0237219668925,0.0634808987379
0.158415839076,0.898989915848,0.0424060970545,-0.0200615487993,0.0624676458538
0.168316826224,0.898989915848,0.0450520627201,-0.0153615828604,0.0604136437178
0.178217813373,0.898989915848,0.0476965606213,-0.00953610893339,0.057232670486
0.188118815422,0.898989915848,0.0503393299878,-0.00249876920134,0.0528380982578
0.19801980257,0.898989915848,0.0529800355434,0.00583421625197,0.0471458211541
0.207920789719,0.898989915848,0.055618301034,0.0155403316021,0.0400779694319
0.217821776867,0.898989915848,0.0582537353039,0.0266857855022,0.0315679498017
0.227722764015,0.898989915848,0.0608858540654,0.0393198467791,0.0215660072863
0.237623751163,0.898989915848,0.0635141804814,0.053467951715,0.0100462287664
0.247524753213,0.898989915848,0.0661381110549,0.0691239610314,0.00298584997654
0.25742572546,0.898989915848,0.0687570422888,0.0862451866269,0.0174881443381
0.267326742411,0.898989915848,0.0713702812791,0.104744799435,0.0333745181561
0.277227729559,0.898989915848,0.0739770680666,0.124490596354,0.0505135282874
0.287128716707,0.898989915848,0.0765765607357,0.14530557394,0.0687290132046
0.297029703856,0.898989915848,0.0791678279638,0.166972517967,0.0878046900034
0.306930691004,0.898989915848,0.0817498937249,0.189244151115,0.10749425739
0.316831678152,0.898989915848,0.0843216478825,0.211854964495,0.127533316612
0.3267326653,0.898989915848,0.0868819206953,0.234536260366,0.147654339671
0.336633652449,0.898989915848,0.0894293710589,0.257029742002,0.167600363493
0.346534639597,0.898989915848,0.0919626355171,0.279098898172,0.187136262655
0.356435626745,0.898989915848,0.0944801643491,0.300536572933,0.206056416035
0.366336613894,0.898989915848,0.0969803035259,0.321167886257,0.224187582731
0.376237630844,0.898989915848,0.0994612574577,0.340849369764,0.241388112307
0.386138617992,0.898989915848,0.101921081543,0.3594661057,0.257545024157
0.396039605141,0.898989915848,0.104357674718,0.376925170422,0.272567510605
0.405940592289,0.898989915848,0.106768794358,0.393150508404,0.286381721497
0.415841579437,0.898989915848,0.109152004123,0.408077150583,0.298925161362
0.425742566586,0.898989915848,0.11150469631,0.421646922827,0.310142219067
0.435643553734,0.898989915848,0.113824039698,0.433804512024,0.319980472326
0.445544540882,0.898989915848,0.116107024252,0.44449621439,0.328389197588
0.45544552803,0.898989915848,0.118350416422,0.453667640686,0.335317224264
0.465346515179,0.898989915848,0.120550736785,0.461263805628,0.340713083744
0.475247502327,0.898989915848,0.122704267502,0.467228859663,0.344524592161
0.485148519278,0.898989915848,0.124807044864,0.471506714821,0.346699655056
0.495049506426,0.898989915848,0.126854836941,0.47404178977,0.347186952829
0.504950523376,0.898989915848,0.128843128681,0.474779695272,0.345936566591
0.51485145092,0.898989915848,0.130767077208,0.473667860031,0.342900782824
0.524752497673,0.898989915848,0.132621631026,0.470658272505,0.33803665638
0.534653484821,0.898989915848,0.134401276708,0.465706884861,0.331305623055
0.54455447197,0.898989915848,0.136100322008,0.458777070045,0.322676748037
0.554455459118,0.898989915848,0.137712597847,0.449841141701,0.312128543854
0.564356446266,0.898989915848,0.139231741428,0.438884049654,0.299652308226
0.574257433414,0.898989915848,0.140650898218,0.425907343626,0.285256445408
0.584158420563,0.898989915848,0.14196293056,0.410934299231,0.268971383572
0.594059407711,0.898989915848,0.143160313368,0.394016653299,0.250856339931
0.603960394859,0.898989915848,0.144235163927,0.375241756439,0.231006592512
0.613861382008,0.898989915848,0.145179241896,0.354740828276,0.20956158638
0.623762369156,0.898989915848,0.145983964205,0.33269494772,0.186710983515
0.633663415909,0.898989915848,0.146640375257,0.309339046478,0.162698671222
0.643564343452,0.898989915848,0.147139236331,0.284961730242,0.137822493911
0.653465390205,0.898989915848,0.14747095108,0.259896397591,0.11242544651
0.663366317749,0.898989915848,0.147625699639,0.23450961709,0.0868839174509
0.673267364502,0.898989915848,0.147593379021,0.209179013968,0.0615856349468
0.683168292046,0.898989915848,0.147363722324,0.184273898602,0.0369101762772
0.693069338799,0.898989915848,0.146926283836,0.160131245852,0.0132049620152
0.702970266342,0.898989915848,0.146270558238,0.137040227652,0.00923033058643
0.712871313095,0.898989915848,0.145385995507,0.115230403841,0.0301555916667
0.722772240639,0.898989915848,0.144262135029,0.0948688015342,0.0493933334947
0.732673287392,0.898989915848,0.142888620496,0.076061271131,0.0668273493648
0.74257427454,0.898989915848,0.14125546813,0.0588601231575,0.0823953449726
0.752475261688,0.898989915848,0.139352917671,0.0432729907334,0.0960799306631
0.762376248837,0.898989915848,0.137171775103,0.0292724557221,0.107899323106
0.772277235985,0.898989915848,0.13470351696,0.0168062895536,0.117897227407
0.782178223133,0.898989915848,0.131940349936,0.00580537691712,0.126134976745
0.792079210281,0.898989915848,0.128875344992,-0.0038094446063,0.132684797049
0.80198019743,0.898989915848,0.125502750278,-0.0121219148859,0.137624666095
0.811881184578,0.898989915848,0.12181802839,-0.0192162450403,0.141034275293
0.821782171726,0.898989915848,0.117818057537,-0.0251745544374,0.1429926157
0.831683158875,0.898989915848,0.113501250744,-0.0300752744079,0.143576532602
0.841584146023,0.898989915848,0.108867764473,-0.0339908786118,0.142858639359
0.851485133171,0.898989915848,0.103919699788,-0.0369886085391,0.140908300877
0.861386120319,0.898989915848,0.0986611172557,-0.0391295515001,0.13779066503
0.871287107468,0.898989915848,0.093098141253,-0.0404687039554,0.133566841483
0.881188154221,0.898989915848,0.0872393101454,-0.0410544499755,0.12829375267
0.891089081764,0.898989915848,0.0810953751206,-0.04093015939,0.122025534511
0.900990128517,0.898989915848,0.074679300189,-0.0401332750916,0.114812575281
0.910891115665,0.898989915848,0.0680066198111,-0.0386960841715,0.106702700257
0.920792102814,0.898989915848,0.0610949881375,-0.036645963788,0.0977409482002
0.930693089962,0.898989915848,0.0539644919336,-0.0340052768588,0.0879697650671
0.94059407711,0.898989915848,0.0466371923685,-0.0307925753295,0.0774297714233
0.950495064259,0.898989915848,0.0391371250153,-0.0270218197256,0.0661589428782
0.960396051407,0.898989915848,0.0314902551472,-0.0227031186223,0.0541933737695
0.970297038555,0.898989915848,0.0237239580601,-0.0178430434316,0.0415670014918
0.980198025703,0.898989915848,0.0158669184893,-0.0124446609989,0.0283115804195
0.990099012852,0.898989915848,0.00794876553118,-0.00650779344141,0.0144565589726
0.00990098994225,0.909090876579,0.00262466538697,-0.00475745275617,0.00738211814314
0.0198019798845,0.909090876579,0.00524933077395,-0.00889438763261,0.0141437184066
0.0297029688954,0.909090876579,0.00787399336696,-0.0127643346786,0.0206383280456
0.039603959769,0.909090876579,0.0104986475781,-0.016334971413,0.0268336199224
0.0495049506426,0.909090876579,0.0131232859567,-0.0195714049041,0.0326946899295
0.0594059377909,0.909090876579,0.0157478861511,-0.0224356595427,0.0381835475564
0.0693069323897,0.909090876579,0.0183724295348,-0.0248863585293,0.0432587862015
0.079207919538,0.909090876579,0.0209968741983,-0.0268782824278,0.0478751584888
0.0891089066863,0.909090876579,0.0236211735755,-0.0283622033894,0.0519833788276
0.0990099012852,0.909090876579,0.0262452736497,-0.0292846336961,0.0555299073458
0.108910888433,0.909090876579,0.0288690906018,-0.0295874308795,0.0584565214813
0.118811875582,0.909090876579,0.0314925312996,-0.0292073711753,0.0606999024749
0.12871286273,0.909090876579,0.0341154821217,-0.0280763804913,0.062191862613
0.138613864779,0.909090876579,0.0367378145456,-0.0261215306818,0.0628593415022
0.148514851928,0.909090876579,0.0393593460321,-0.0232644975185,0.0626238435507
0.158415839076,0.909090876579,0.0419799052179,-0.0194227229804,0.0614026263356
0.168316826224,0.909090876579,0.0445992797613,-0.0145102702081,0.0591095499694
0.178217813373,0.909090876579,0.0472172014415,-0.00843920744956,0.0556564107537
0.188118815422,0.909090876579,0.0498334132135,-0.00112171005458,0.0509551241994
0.19801980257,0.909090876579,0.0524475760758,0.00752686150372,0.0449207127094
0.207920789719,0.909090876579,0.0550593286753,0.0175835490227,0.0374757796526
0.217821776867,0.909090876579,0.0576682724059,0.029112841934,0.0285554304719
0.227722764015,0.909090876579,0.0602739416063,0.0421602614224,0.0181136801839
0.237623751163,0.909090876579,0.0628758445382,0.0567458495498,0.00612999498844
0.247524753213,0.909090876579,0.0654734075069,0.0728560611606,0.00738265365362
0.25742572546,0.909090876579,0.0680660158396,0.0904382765293,0.0223722606897
0.267326742411,0.909090876579,0.0706529989839,0.109395213425,0.0387422144413
0.277227729559,0.909090876579,0.0732335820794,0.1295825243,0.0563489422202
0.287128716707,0.909090876579,0.0758069455624,0.150811910629,0.0750049650669
0.297029703856,0.909090876579,0.0783721804619,0.172856688499,0.0944845080376
0.306930691004,0.909090876579,0.0809282958508,0.195462226868,0.114533931017
0.316831678152,0.909090876579,0.0834741964936,0.218359827995,0.134885638952
0.3267326653,0.909090876579,0.0860087424517,0.241280704737,0.155271962285
0.336633652449,0.909090876579,0.0885305851698,0.263970136642,0.175439551473
0.346534639597,0.909090876579,0.0910383984447,0.286197930574,0.195159524679
0.356435626745,0.909090876579,0.0935306102037,0.307764649391,0.214234039187
0.366336613894,0.909090876579,0.0960056260228,0.328503638506,0.232498019934
0.376237630844,0.909090876579,0.0984616428614,0.348279833794,0.249818190932
0.386138617992,0.909090876579,0.100896753371,0.366984903812,0.266088157892
0.396039605141,0.909090876579,0.103308856487,0.384531885386,0.281223028898
0.405940592289,0.909090876579,0.105695746839,0.400849103928,0.295153349638
0.415841579437,0.909090876579,0.108055002987,0.415874987841,0.307819992304
0.425742566586,0.909090876579,0.110384054482,0.429553598166,0.319169551134
0.435643553734,0.909090876579,0.112680085003,0.441831499338,0.329151421785
0.445544540882,0.909090876579,0.11494012922,0.452655792236,0.337715655565
0.45544552803,0.909090876579,0.117160968482,0.461972773075,0.344811797142
0.465346515179,0.909090876579,0.119339182973,0.469727396965,0.350388228893
0.475247502327,0.909090876579,0.121471054852,0.475863903761,0.354392856359
0.485148519278,0.909090876579,0.123552709818,0.480325877666,0.356773167849
0.495049506426,0.909090876579,0.125579923391,0.483056694269,0.357476770878
0.504950523376,0.909090876579,0.127548232675,0.484000921249,0.356452703476
0.51485145092,0.909090876579,0.129452839494,0.483104407787,0.353651583195
0.524752497673,0.909090876579,0.131288737059,0.480316966772,0.349028229713
0.534653484821,0.909090876579,0.133050531149,0.475592046976,0.342541515827
0.54455447197,0.909090876579,0.134732469916,0.468889713287,0.33415722847
0.554455459118,0.909090876579,0.136328563094,0.460178405046,0.323849856853
0.564356446266,0.909090876579,0.137832432985,0.449438452721,0.311606019735
0.574257433414,0.909090876579,0.139237329364,0.436664909124,0.297427594662
0.584158420563,0.909090876579,0.140536174178,0.421873450279,0.2813372612
0.594059407711,0.909090876579,0.141721516848,0.40510648489,0.263384968042
0.603960394859,0.909090876579,0.142785564065,0.386440038681,0.243654474616
0.613861382008,0.909090876579,0.143720164895,0.36599189043,0.222271725535
0.623762369156,0.909090876579,0.144516780972,0.343928217888,0.199411436915
0.633663415909,0.909090876579,0.145166620612,0.32046931982,0.175302699208
0.643564343452,0.909090876579,0.145660459995,0.295890331268,0.150229871273
0.653465390205,0.909090876579,0.145988836884,0.270515650511,0.124526813626
0.663366317749,0.909090876579,0.146142035723,0.244707971811,0.0985659360886
0.673267364502,0.909090876579,0.146110028028,0.218849301338,0.0727392733097
0.683168292046,0.909090876579,0.145882681012,0.1933195889,0.0474369078875
0.693069338799,0.909090876579,0.145449638367,0.16847383976,0.0230242013931
0.702970266342,0.909090876579,0.144800513983,0.144623667002,0.000176846981049
0.712871313095,0.909090876579,0.143924832344,0.122021786869,0.0219030454755
0.722772240639,0.909090876579,0.142812266946,0.100858949125,0.041953317821
0.732673287392,0.909090876579,0.141452565789,0.081261485815,0.0601910799742
0.74257427454,0.909090876579,0.139835819602,0.0632989406586,0.0765368789434
0.752475261688,0.909090876579,0.137952387333,0.0469918996096,0.0909604877234
0.762376248837,0.909090876579,0.135793164372,0.0323220267892,0.103471137583
0.772277235985,0.909090876579,0.133349716663,0.0192429088056,0.114106804132
0.782178223133,0.909090876579,0.130614325404,0.00768802314997,0.122926302254
0.792079210281,0.909090876579,0.127580136061,-0.002421092242,0.130001232028
0.80198019743,0.909090876579,0.124241426587,-0.0111694196239,0.13541084528
0.811881184578,0.909090876579,0.120593741536,-0.0186429843307,0.139236718416
0.821782171726,0.909090876579,0.116633966565,-0.0249272212386,0.141561180353
0.831683158875,0.909090876579,0.112360544503,-0.030103366822,0.142463907599
0.841584146023,0.909090876579,0.10777361691,-0.034247815609,0.142021432519
0.851485133171,0.909090876579,0.102875284851,-0.0374310910702,0.140306383371
0.861386120319,0.909090876579,0.0976695492864,-0.039717938751,0.137387484312
0.871287107468,0.909090876579,0.0921624898911,-0.0411664582789,0.133328944445
0.881188154221,0.909090876579,0.0863625332713,-0.0418283231556,0.128190860152
0.891089081764,0.909090876579,0.0802803486586,-0.0417501218617,0.122030466795
0.900990128517,0.909090876579,0.073928758502,-0.0409717783332,0.114900536835
0.910891115665,0.909090876579,0.0673231408,-0.0395285710692,0.106851711869
0.920792102814,0.909090876579,0.0604809708893,-0.0374500378966,0.0979310125113
0.930693089962,0.909090876579,0.0534221380949,-0.034761197865,0.0881833359599
0.94059407711,0.909090876579,0.0461684800684,-0.0314822942019,0.077650770545
0.950495064259,0.909090876579,0.0387437865138,-0.0276292338967,0.0663730204105
0.960396051407,0.909090876579,0.0311737731099,-0.0232142619789,0.0543880350888
0.970297038555,0.909090876579,0.0234855264425,-0.0182451792061,0.0417307056487
0.980198025703,0.909090876579,0.0157074518502,-0.0127265574411,0.0284340083599
0.990099012852,0.909090876579,0.0078688794747,-0.0066596660763,0.014528545551
0.00990098994225,0.919191896915,0.00259828707203,-0.00480457674712,0.00740286381915
0.0198019798845,0.919191896915,0.0051965736784,-0.00897168647498,0.014168260619
0.0297029688954,0.919191896915,0.00779485795647,-0.0128657687455,0.0206606276333
0.039603959769,0.919191896915,0.0103931343183,-0.0164535548538,0.0268466882408
0.0495049506426,0.919191896915,0.0129913939163,-0.019699094817,0.032690487802
0.0594059377909,0.919191896915,0.0155896171927,-0.0225630048662,0.0381526201963
0.0693069323897,0.919191896915,0.0181877836585,-0.0250026211143,0.0431904047728
0.079207919538,0.919191896915,0.0207858514041,-0.0269712135196,0.0477570667863
0.0891089066863,0.919191896915,0.0233837775886,-0.0284176506102,0.0518014281988
0.0990099012852,0.919191896915,0.0259815044701,-0.0292868353426,0.0552683398128
0.108910888433,0.919191896915,0.0285789519548,-0.0295183807611,0.058097332716
0.118811875582,0.919191896915,0.0311760287732,-0.0290472470224,0.0602232739329
0.12871286273,0.919191896915,0.0337726175785,-0.0278028585017,0.0615754760802
0.138613864779,0.919191896915,0.0363685898483,-0.0257095508277,0.062078140676
0.148514851928,0.919191896915,0.0389637760818,-0.0226868763566,0.0616506524384
0.158415839076,0.919191896915,0.0415580011904,-0.0186501555145,0.0602081567049
0.168316826224,0.919191896915,0.044151045382,-0.0135107683018,0.0576618127525
0.178217813373,0.919191896915,0.0467426590621,-0.00717925745994,0.0539219155908
0.188118815422,0.919191896915,0.0493325740099,0.000433750450611,0.0488988235593
0.19801980257,0.919191896915,0.051920466125,0.0094128549099,0.0425076112151
0.207920789719,0.919191896915,0.054505970329,0.0198344737291,0.0346714965999
0.217821776867,0.919191896915,0.0570886991918,0.0317608378828,0.0253278613091
0.227722764015,0.919191896915,0.0596681758761,0.0452330857515,0.0144350901246
0.237623751163,0.919191896915,0.0622439347208,0.0602649226785,0.00197901204228
0.247524753213,0.919191896915,0.0648153871298,0.0768346637487,0.012019276619
0.25742572546,0.919191896915,0.0673819407821,0.0948793292046,0.0274973884225
0.267326742411,0.919191896915,0.0699429214001,0.114289842546,0.0443469211459
0.277227729559,0.919191896915,0.0724975764751,0.134910613298,0.0624130368233
0.287128716707,0.919191896915,0.0750450715423,0.156541973352,0.0814969018102
0.297029703856,0.919191896915,0.0775845274329,0.178948312998,0.101363785565
0.306930691004,0.919191896915,0.0801149532199,0.201868891716,0.121753938496
0.316831678152,0.919191896915,0.082635268569,0.225032508373,0.142397239804
0.3267326653,0.919191896915,0.0851443335414,0.248172014952,0.16302767396
0.336633652449,0.919191896915,0.0876408442855,0.27103766799,0.183396816254
0.346534639597,0.919191896915,0.0901234447956,0.293405681849,0.203282237053
0.356435626745,0.919191896915,0.0925906151533,0.315085351467,0.222494736314
0.366336613894,0.919191896915,0.0950407534838,0.335918426514,0.24087767303
0.376237630844,0.919191896915,0.0974720865488,0.355777740479,0.258305668831
0.386138617992,0.919191896915,0.0998827219009,0.374562174082,0.274679452181
0.396039605141,0.919191896915,0.102270580828,0.392189770937,0.289919197559
0.405940592289,0.919191896915,0.104633487761,0.408593118191,0.30395963788
0.415841579437,0.919191896915,0.106969028711,0.423713922501,0.316744893789
0.425742566586,0.919191896915,0.109274670482,0.437498182058,0.328223526478
0.435643553734,0.919191896915,0.111547634006,0.449893921614,0.338346302509
0.445544540882,0.919191896915,0.113784961402,0.460849076509,0.347064107656
0.45544552803,0.919191896915,0.115983478725,0.470310628414,0.354327142239
0.465346515179,0.919191896915,0.118139795959,0.478223651648,0.360083848238
0.475247502327,0.919191896915,0.120250254869,0.484532445669,0.3642821908
0.485148519278,0.919191896915,0.122310988605,0.489179939032,0.366868942976
0.495049506426,0.919191896915,0.124317824841,0.492108911276,0.367791086435
0.504950523376,0.919191896915,0.126266345382,0.493262976408,0.366996645927
0.51485145092,0.919191896915,0.12815181911,0.492586523294,0.364434719086
0.524752497673,0.919191896915,0.129969269037,0.490027159452,0.360057890415
0.534653484821,0.919191896915,0.131713345647,0.485536128283,0.353822767735
0.54455447197,0.919191896915,0.133378386497,0.479070395231,0.345692008734
0.554455459118,0.919191896915,0.134958446026,0.470594912767,0.335636466742
0.564356446266,0.919191896915,0.136447191238,0.46008515358,0.323637962341
0.574257433414,0.919191896915,0.137837976217,0.447530627251,0.309692651033
0.584158420563,0.919191896915,0.139123752713,0.432940274477,0.293816506863
0.594059407711,0.919191896915,0.140297189355,0.416347265244,0.27605009079
0.603960394859,0.919191896915,0.14135055244,0.397816777229,0.256466209888
0.613861382008,0.919191896915,0.142275750637,0.377453863621,0.235178112984
0.623762369156,0.919191896915,0.143064379692,0.35541036725,0.212345987558
0.633663415909,0.919191896915,0.143707662821,0.331891179085,0.188183516264
0.643564343452,0.919191896915,0.144196540117,0.307157129049,0.162960588932
0.653465390205,0.919191896915,0.14452162385,0.281521052122,0.136999428272
0.663366317749,0.919191896915,0.144673272967,0.255339831114,0.110666558146
0.673267364502,0.919191896915,0.144641593099,0.228995829821,0.084354236722
0.683168292046,0.919191896915,0.144416540861,0.202877879143,0.0584613382816
0.693069338799,0.919191896915,0.143987849355,0.177356153727,0.0333683043718
0.702970266342,0.919191896915,0.143345236778,0.152762979269,0.00941774249077
0.712871313095,0.919191896915,0.142478361726,0.12937515974,0.0131032019854
0.722772240639,0.919191896915,0.1413769871,0.107407137752,0.0339698493481
0.732673287392,0.919191896915,0.140030935407,0.0870073959231,0.0530235394835
0.74257427454,0.919191896915,0.138430431485,0.0682642459869,0.0701661854982
0.752475261688,0.919191896915,0.136565938592,0.0512130185962,0.0853529199958
0.762376248837,0.919191896915,0.134428426623,0.0358462966979,0.0985821336508
0.772277235985,0.919191896915,0.132009521127,0.0221242979169,0.10988522321
0.782178223133,0.919191896915,0.12930162251,0.00998484902084,0.119316771626
0.792079210281,0.919191896915,0.126297920942,-0.000649411231279,0.126947328448
0.80198019743,0.919191896915,0.122992776334,-0.00986345112324,0.132856220007
0.811881184578,0.919191896915,0.11938174814,-0.0177455451339,0.137127295136
0.821782171726,0.919191896915,0.11546176672,-0.0243832655251,0.13984502852
0.831683158875,0.919191896915,0.111231289804,-0.0298612602055,0.141092553735
0.841584146023,0.919191896915,0.106690473855,-0.0342593118548,0.140949785709
0.851485133171,0.919191896915,0.101841367781,-0.0376515500247,0.139492914081
0.861386120319,0.919191896915,0.0966879501939,-0.040105946362,0.136793896556
0.871287107468,0.919191896915,0.0912362411618,-0.0416842028499,0.132920444012
0.881188154221,0.919191896915,0.0854945778847,-0.0424413084984,0.127935886383
0.891089081764,0.919191896915,0.0794735178351,-0.0424268916249,0.12190040946
0.900990128517,0.919191896915,0.0731857568026,-0.0416838862002,0.114869639277
0.910891115665,0.919191896915,0.0666465386748,-0.0402501523495,0.106896691024
0.920792102814,0.919191896915,0.0598731264472,-0.0381576009095,0.098030731082
0.930693089962,0.919191896915,0.0528852380812,-0.0354340001941,0.0883192420006
0.94059407711,0.919191896915,0.0457044802606,-0.0321016311646,0.0778061151505
0.950495064259,0.919191896915,0.0383544079959,-0.0281784161925,0.0665328204632
0.960396051407,0.919191896915,0.0308604724705,-0.0236779861152,0.0545384585857
0.970297038555,0.919191896915,0.0232494920492,-0.0186103601009,0.0418598502874
0.980198025703,0.919191896915,0.0155495898798,-0.0129815256223,0.0285311155021
0.990099012852,0.919191896915,0.00778979575261,-0.00679389201105,0.0145836882293
0.00990098994225,0.929292917252,0.00257217395119,-0.00484753958881,0.00741971377283
0.0198019798845,0.929292917252,0.00514434790239,-0.00904019363225,0.0141845420003
0.0297029688954,0.929292917252,0.00771651882678,-0.0129533223808,0.0206698402762
0.039603959769,0.929292917252,0.0102886818349,-0.0165526289493,0.0268413107842
0.0495049506426,0.929292917252,0.0128608290106,-0.0198010765016,0.0326619073749
0.0594059377909,0.929292917252,0.0154329389334,-0.0226579979062,0.0380909368396
0.0693069323897,0.929292917252,0.0180049929768,-0.025079222396,0.0430842153728
0.079207919538,0.929292917252,0.0205769501626,-0.0270165391266,0.0475934892893
0.0891089066863,0.929292917252,0.0231487657875,-0.0284170731902,0.0515658408403
0.0990099012852,0.929292917252,0.0257203858346,-0.0292236320674,0.0549440160394
0.108910888433,0.929292917252,0.0282917283475,-0.0293740034103,0.0576657317579
0.118811875582,0.929292917252,0.0308627039194,-0.0288008674979,0.0596635714173
0.12871286273,0.929292917252,0.0334331952035,-0.027431204915,0.0608644001186
0.138613864779,0.929292917252,0.0360030792654,-0.0251871570945,0.0611902363598
0.148514851928,0.929292917252,0.0385721847415,-0.0219858661294,0.0605580508709
0.158415839076,0.929292917252,0.0411403365433,-0.0177396647632,0.0588800013065
0.168316826224,0.929292917252,0.0437073223293,-0.012359008193,0.0560663305223
0.178217813373,0.929292917252,0.0462728925049,-0.0057519050315,0.0520247966051
0.188118815422,0.929292917252,0.0488367751241,0.00217148661613,0.0466652885079
0.19801980257,0.929292917252,0.0513986572623,0.0114962141961,0.0399024412036
0.207920789719,0.929292917252,0.0539581738412,0.0222969278693,0.0316612459719
0.217821776867,0.929292917252,0.0565149448812,0.0346328355372,0.021882109344
0.227722764015,0.929292917252,0.0590685047209,0.0485403388739,0.0105281658471
0.237623751163,0.929292917252,0.0616183690727,0.0640260055661,0.00240763649344
0.247524753213,0.929292917252,0.0641639828682,0.0810589566827,0.0168949738145
0.25742572546,0.929292917252,0.0667047426105,0.099565461278,0.0328607186675
0.267326742411,0.929292917252,0.0692399814725,0.119424663484,0.0501846820116
0.277227729559,0.929292917252,0.0717689543962,0.140469074249,0.068700119853
0.287128716707,0.929292917252,0.074290856719,0.162488371134,0.0881975144148
0.297029703856,0.929292917252,0.0768047869205,0.185238569975,0.108433783054
0.306930691004,0.929292917252,0.0793097838759,0.208454191685,0.129144400358
0.316831678152,0.929292917252,0.0818047747016,0.231863021851,0.150058239698
0.3267326653,0.929292917252,0.0842886194587,0.255200505257,0.170911878347
0.336633652449,0.929292917252,0.0867600366473,0.278222441673,0.191462397575
0.346534639597,0.929292917252,0.0892176926136,0.300713300705,0.211495608091
0.356435626745,0.929292917252,0.0916600599885,0.322490721941,0.230830669403
0.366336613894,0.929292917252,0.0940855816007,0.343405395746,0.249319821596
0.376237630844,0.929292917252,0.0964924767613,0.36333784461,0.266845375299
0.386138617992,0.929292917252,0.098878890276,0.382193058729,0.283314168453
0.396039605141,0.929292917252,0.101242743433,0.399894744158,0.298651993275
0.405940592289,0.929292917252,0.103581897914,0.416379451752,0.312797546387
0.415841579437,0.929292917252,0.105893976986,0.431591123343,0.325697153807
0.425742566586,0.929292917252,0.108176440001,0.445478141308,0.337301701307
0.435643553734,0.929292917252,0.110426567495,0.457989454269,0.347562879324
0.445544540882,0.929292917252,0.112641401589,0.469074159861,0.356432765722
0.45544552803,0.929292917252,0.11481782794,0.478679358959,0.363861531019
0.465346515179,0.929292917252,0.116952478886,0.486750692129,0.369798213243
0.475247502327,0.929292917252,0.119041718543,0.493232220411,0.374190509319
0.485148519278,0.929292917252,0.121081739664,0.498066753149,0.376985013485
0.495049506426,0.929292917252,0.123068414629,0.501196205616,0.378127783537
0.504950523376,0.929292917252,0.124997355044,0.502563178539,0.377565830946
0.51485145092,0.929292917252,0.126863867044,0.502110958099,0.375247091055
0.524752497673,0.929292917252,0.128663063049,0.499785155058,0.371122092009
0.534653484821,0.929292917252,0.130389600992,0.495534926653,0.365145325661
0.54455447197,0.929292917252,0.13203792274,0.48931440711,0.357276499271
0.554455459118,0.929292917252,0.133602082729,0.48108497262,0.347482889891
0.564356446266,0.929292917252,0.135075882077,0.470817834139,0.33574193716
0.574257433414,0.929292917252,0.136452674866,0.458497434855,0.322044759989
0.584158420563,0.929292917252,0.137725546956,0.444125801325,0.306400239468
0.594059407711,0.929292917252,0.138887181878,0.427728354931,0.288841187954
0.603960394859,0.929292917252,0.139929950237,0.40935972333,0.269429773092
0.613861382008,0.929292917252,0.140845865011,0.389113068581,0.248267203569
0.623762369156,0.929292917252,0.141626551747,0.367125719786,0.225499168038
0.633663415909,0.929292917252,0.142263382673,0.34358716011,0.201323777437
0.643564343452,0.929292917252,0.142747342587,0.318743467331,0.175996124744
0.653465390205,0.929292917252,0.143069162965,0.292894154787,0.149824991822
0.663366317749,0.929292917252,0.143219292164,0.266387671232,0.123168379068
0.673267364502,0.929292917252,0.14318792522,0.23960390687,0.0964159816504
0.683168292046,0.929292917252,0.142965137959,0.212937235832,0.0699720978737
0.693069338799,0.929292917252,0.142540752888,0.186770826578,0.0442300736904
0.702970266342,0.929292917252,0.141904592514,0.161456137896,0.0195515453815
0.712871313095,0.929292917252,0.141046434641,0.137292832136,0.00375360250473
0.722772240639,0.929292917252,0.139956116676,0.114519990981,0.0254361256957
0.732673287392,0.929292917252,0.138623610139,0.0933089852333,0.0453146249056
0.74257427454,0.929292917252,0.13703918457,0.0737686082721,0.0632705762982
0.752475261688,0.929292917252,0.135193422437,0.055950768292,0.0792426541448
0.762376248837,0.929292917252,0.133077397943,0.0398604497313,0.0932169482112
0.772277235985,0.929292917252,0.130682811141,0.0254667066038,0.105216100812
0.782178223133,0.929292917252,0.128002122045,0.0127121154219,0.115290008485
0.792079210281,0.929292917252,0.125028610229,0.00152172893286,0.123506881297
0.80198019743,0.929292917252,0.121756672859,-0.00818859785795,0.129945278168
0.811881184578,0.929292917252,0.118181943893,-0.016508968547,0.134690910578
0.821782171726,0.929292917252,0.114301368594,-0.0235288664699,0.137830227613
0.831683158875,0.929292917252,0.110113412142,-0.0293358415365,0.139449253678
0.841584146023,0.929292917252,0.105618216097,-0.0340132713318,0.139631479979
0.851485133171,0.929292917252,0.100817851722,-0.037638515234,0.138456374407
0.861386120319,0.929292917252,0.0957162231207,-0.040283292532,0.135999515653
0.871287107468,0.929292917252,0.0903192982078,-0.042012527585,0.132331818342
0.881188154221,0.929292917252,0.0846353396773,-0.0428848490119,0.127520188689
0.891089081764,0.929292917252,0.078674800694,-0.0429527461529,0.121627546847
0.900990128517,0.929292917252,0.072450235486,-0.0422623343766,0.114712566137
0.910891115665,0.929292917252,0.0659767240286,-0.0408541187644,0.106830842793
0.920792102814,0.929292917252,0.0592713914812,-0.0387630909681,0.0980344861746
0.930693089962,0.929292917252,0.0523537285626,-0.03601866588,0.0883723944426
0.94059407711,0.929292917252,0.0452451407909,-0.0326458625495,0.0778910070658
0.950495064259,0.929292917252,0.0379689373076,-0.0286647640169,0.0666337013245
0.960396051407,0.929292917252,0.0305503197014,-0.0240907538682,0.0546410754323
0.970297038555,0.929292917252,0.0230158325285,-0.018935456872,0.0419512912631
0.980198025703,0.929292917252,0.0153933139518,-0.0132064791396,0.0285997930914
0.990099012852,0.929292917252,0.00771150644869,-0.00690792128444,0.0146194277331
0.00990098994225,0.939393937588,0.00254632299766,-0.0048859147355,0.00743223773316
0.0198019798845,0.939393937588,0.00509264599532,-0.00909907650203,0.0141917224973
0.0297029688954,0.939393937588,0.00763896666467,-0.0130258817226,0.0206648483872
0.039603959769,0.939393937588,0.0101852780208,-0.0166309699416,0.0268162488937
0.0495049506426,0.939393937588,0.0127315735444,-0.0198762267828,0.0326078012586
0.0594059377909,0.939393937588,0.0152778346092,-0.0227192025632,0.0379970371723
0.0693069323897,0.939393937588,0.0178240388632,-0.0251146778464,0.0429387167096
0.079207919538,0.939393937588,0.0203701481223,-0.0270125195384,0.0473826676607
0.0891089066863,0.939393937588,0.0229161158204,-0.0283582545817,0.0512743704021
0.0990099012852,0.939393937588,0.0254618916661,-0.0290927384049,0.0545546300709
0.108910888433,0.939393937588,0.0280073918402,-0.0291517004371,0.0571590922773
0.118811875582,0.939393937588,0.0305525269359,-0.0284653566778,0.0590178817511
0.12871286273,0.939393937588,0.0330971851945,-0.0269584562629,0.0600556433201
0.138613864779,0.939393937588,0.0356412418187,-0.0245508663356,0.0601921081543
0.148514851928,0.939393937588,0.0381845235825,-0.0211571007967,0.0593416243792
0.158415839076,0.939393937588,0.0407268702984,-0.0166878178716,0.05741468817
0.168316826224,0.939393937588,0.0432680547237,-0.0110507626086,0.0543188154697
0.178217813373,0.939393937588,0.0458078347147,-0.00415296386927,0.0499607995152
0.188118815422,0.939393937588,0.0483459532261,0.00409602932632,0.0442499220371
0.19801980257,0.939393937588,0.0508820898831,0.0137806721032,0.0371014177799
0.207920789719,0.939393937588,0.0534158833325,0.0249739736319,0.0284419097006
0.217821776867,0.939393937588,0.05594695732,0.0377313457429,0.018215611577
0.227722764015,0.939393937588,0.0584748536348,0.0520834475756,0.00639140605927
0.237623751163,0.939393937588,0.0609990917146,0.0680291354656,0.007030043751
0.247524753213,0.939393937588,0.063519127667,0.0855275541544,0.0220084264874
0.25742572546,0.939393937588,0.0660343468189,0.104493588209,0.0384592413902
0.267326742411,0.939393937588,0.0685441046953,0.124794520438,0.0562504157424
0.277227729559,0.939393937588,0.0710476711392,0.146250844002,0.0752031728625
0.287128716707,0.939393937588,0.0735442265868,0.168642401695,0.0950981751084
0.297029703856,0.939393937588,0.076032884419,0.191717833281,0.115684948862
0.306930691004,0.939393937588,0.0785127058625,0.215207874775,0.136695176363
0.316831678152,0.939393937588,0.0809826180339,0.238840818405,0.157858192921
0.3267326653,0.939393937588,0.083441503346,0.262355715036,0.178914219141
0.336633652449,0.939393937588,0.0858880802989,0.285515248775,0.199627161026
0.346534639597,0.939393937588,0.0883210301399,0.308112204075,0.219791173935
0.356435626745,0.939393937588,0.0907388627529,0.329973489046,0.239234626293
0.366336613894,0.939393937588,0.0931400060654,0.350957989693,0.257817983627
0.376237630844,0.939393937588,0.0955227091908,0.370954096317,0.275431394577
0.386138617992,0.939393937588,0.0978851318359,0.389872968197,0.291987836361
0.396039605141,0.939393937588,0.100225232542,0.407643198967,0.307417958975
0.405940592289,0.939393937588,0.102540880442,0.424204587936,0.321663707495
0.415841579437,0.939393937588,0.104829721153,0.43950393796,0.334674209356
0.425742566586,0.939393937588,0.107089243829,0.453490942717,0.346401691437
0.435643553734,0.939393937588,0.109316751361,0.466116040945,0.356799304485
0.445544540882,0.939393937588,0.111509338021,0.477329015732,0.365819692612
0.45544552803,0.939393937588,0.113663882017,0.487077146769,0.373413264751
0.465346515179,0.939393937588,0.115777075291,0.495306521654,0.379529446363
0.475247502327,0.939393937588,0.117845326662,0.501961410046,0.384116083384
0.485148519278,0.939393937588,0.119864843786,0.506983935833,0.387119084597
0.495049506426,0.939393937588,0.121831551194,0.510315716267,0.388484179974
0.504950523376,0.939393937588,0.123741105199,0.511898636818,0.38815754652
0.51485145092,0.939393937588,0.125588864088,0.511674523354,0.386085659266
0.524752497673,0.939393937588,0.127369970083,0.509587168694,0.38221719861
0.534653484821,0.939393937588,0.129079163074,0.505584299564,0.37650513649
0.54455447197,0.939393937588,0.13071089983,0.499616652727,0.368905752897
0.554455459118,0.939393937588,0.132259368896,0.491642862558,0.359383493662
0.564356446266,0.939393937588,0.133718341589,0.481629908085,0.347911566496
0.574257433414,0.939393937588,0.135081291199,0.469557642937,0.334476351738
0.584158420563,0.939393937588,0.136341378093,0.45542165637,0.319080293179
0.594059407711,0.939393937588,0.137491330504,0.439239740372,0.301748394966
0.603960394859,0.939393937588,0.138523623347,0.421057373285,0.282533764839
0.613861382008,0.939393937588,0.139430329204,0.400955498219,0.261525154114
0.623762369156,0.939393937588,0.140203177929,0.379058331251,0.238855153322
0.633663415909,0.939393937588,0.140833601356,0.355540037155,0.2147064358
0.643564343452,0.939393937588,0.14131270349,0.330630809069,0.189318105578
0.653465390205,0.939393937588,0.141631275415,0.304615855217,0.162984579802
0.663366317749,0.939393937588,0.141779899597,0.277832895517,0.13605299592
0.673267364502,0.939393937588,0.141748860478,0.250656783581,0.108907923102
0.683168292046,0.939393937588,0.14152829349,0.223484396935,0.0819561034441
0.693069338799,0.939393937588,0.141108185053,0.196708619595,0.0556004345417
0.702970266342,0.939393937588,0.140478417277,0.170698285103,0.0302198678255
0.712871313095,0.939393937588,0.139628902078,0.145774930716,0.00614602863789
0.722772240639,0.939393937588,0.138549536467,0.122201599181,0.0163479372859
0.732673287392,0.939393937588,0.137230411172,0.100174158812,0.0370562523603
0.74257427454,0.939393937588,0.135661929846,0.0798230841756,0.0558388456702
0.752475261688,0.939393937588,0.133834719658,0.0612184032798,0.0726163163781
0.762376248837,0.939393937588,0.131739929318,0.0443796180189,0.0873603075743
0.772277235985,0.939393937588,0.129369422793,0.0292856320739,0.10008379072
0.782178223133,0.939393937588,0.126715674996,0.0158855877817,0.110830083489
0.792079210281,0.939393937588,0.123772040009,0.00410847365856,0.119663566351
0.80198019743,0.939393937588,0.120532996953,-0.00612940266728,0.126662403345
0.811881184578,0.939393937588,0.116994187236,-0.0149182965979,0.131912484765
0.821782171726,0.939393937588,0.113152608275,-0.0223496053368,0.1355022192
0.831683158875,0.939393937588,0.109006740153,-0.028513872996,0.137520611286
0.841584146023,0.939393937588,0.10455673933,-0.0334971696138,0.138053908944
0.851485133171,0.939393937588,0.0998046025634,-0.0373807027936,0.137185305357
0.861386120319,0.939393937588,0.0947542563081,-0.0402393117547,0.134993568063
0.871287107468,0.939393937588,0.0894115716219,-0.0421416983008,0.131553262472
0.881188154221,0.939393937588,0.0837847366929,-0.043149985373,0.126934722066
0.891089081764,0.939393937588,0.0778841003776,-0.0433195345104,0.121203631163
0.900990128517,0.939393937588,0.0717220902443,-0.042699791491,0.114421881735
0.910891115665,0.939393937588,0.0653136447072,-0.0413340143859,0.106647655368
0.920792102814,0.939393937588,0.0586757063866,-0.039259955287,0.0979356616735
0.930693089962,0.939393937588,0.0518275648355,-0.0365096777678,0.0883372426033
0.94059407711,0.939393937588,0.0447904206812,-0.0331103280187,0.0779007524252
0.950495064259,0.939393937588,0.0375873446465,-0.0290840342641,0.0666713789105
0.960396051407,0.939393937588,0.030243281275,-0.0244484730065,0.0546917542815
0.970297038555,0.939393937588,0.022784518078,-0.0192169379443,0.0420014560223
0.980198025703,0.939393937588,0.0152386082336,-0.0133986817673,0.0286372900009
0.990099012852,0.939393937588,0.00763400411233,-0.00699891615659,0.0146329198033
0.00990098994225,0.949494957924,0.00252073211595,-0.00491919741035,0.0074399295263
0.0198019798845,0.949494957924,0.00504146423191,-0.00914797186852,0.0141894361004
0.0297029688954,0.949494957924,0.00756219355389,-0.0130830686539,0.0206452626735
0.039603959769,0.949494957924,0.0100829154253,-0.0166879612952,0.0267708767205
0.0495049506426,0.949494957924,0.0126036209986,-0.0199232846498,0.0325269065797
0.0594059377909,0.949494957924,0.0151242911816,-0.0227454025298,0.0378696918488
0.0693069323897,0.949494957924,0.0176449064165,-0.0251072943211,0.042752198875
0.079207919538,0.949494957924,0.020165424794,-0.0269572287798,0.0471226535738
0.0891089066863,0.949494957924,0.0226858071983,-0.0282393079251,0.0509251132607
0.0990099012852,0.949494957924,0.0252059958875,-0.0288919415325,0.0540979355574
0.108910888433,0.949494957924,0.0277259144932,-0.0288486611098,0.056574575603
0.118811875582,0.949494957924,0.0302454717457,-0.0280377343297,0.0582832060754
0.12871286273,0.949494957924,0.0327645540237,-0.0263815429062,0.0591460987926
0.138613864779,0.949494957924,0.0352830439806,-0.0237972810864,0.059080325067
0.148514851928,0.949494957924,0.0378007665277,-0.0201974436641,0.0579982101917
0.158415839076,0.949494957924,0.0403175577521,-0.0154902935028,0.0558078512549
0.168316826224,0.949494957924,0.0428332053125,-0.00958205200732,0.0524152591825
0.178217813373,0.949494957924,0.0453474633396,-0.00237867236137,0.0477261357009
0.188118815422,0.949494957924,0.0478600747883,0.00621085613966,0.0416492186487
0.19801980257,0.949494957924,0.0503707155585,0.0162697583437,0.0341009572148
0.207920789719,0.949494957924,0.0528790466487,0.0278685577214,0.0250104889274
0.217821776867,0.949494957924,0.0553846843541,0.0410584211349,0.0143262632191
0.227722764015,0.949494957924,0.0578871741891,0.0558634996414,0.00202367454767
0.237623751163,0.949494957924,0.0603860467672,0.0722736865282,0.011887639761
0.247524753213,0.949494957924,0.0628807470202,0.090238109231,0.0273573622108
0.25742572546,0.949494957924,0.0653706863523,0.109659619629,0.0442889332771
0.267326742411,0.949494957924,0.0678552314639,0.130393475294,0.0625382438302
0.277227729559,0.949494957924,0.0703336298466,0.152248471975,0.0819148421288
0.287128716707,0.949494957924,0.0728050917387,0.174995213747,0.102190122008
0.297029703856,0.949494957924,0.0752687379718,0.198376089334,0.123107351363
0.306930691004,0.949494957924,0.0777236446738,0.222119659185,0.144396007061
0.316831678152,0.949494957924,0.0801687315106,0.245955407619,0.165786683559
0.3267326653,0.949494957924,0.0826029106975,0.269627869129,0.187024950981
0.336633652449,0.949494957924,0.0850248932838,0.292906761169,0.207881867886
0.346534639597,0.949494957924,0.0874333977699,0.31559446454,0.228161066771
0.356435626745,0.949494957924,0.089826926589,0.337526291609,0.24769936502
0.366336613894,0.949494957924,0.0922039374709,0.358570188284,0.266366243362
0.376237630844,0.949494957924,0.0945626944304,0.378621697426,0.284058988094
0.386138617992,0.949494957924,0.0969013720751,0.397597819567,0.30069643259
0.396039605141,0.949494957924,0.0992179587483,0.415431380272,0.316213428974
0.405940592289,0.949494957924,0.101510338485,0.432065665722,0.330555319786
0.415841579437,0.949494957924,0.103776164353,0.447449594736,0.343673437834
0.425742566586,0.949494957924,0.10601298511,0.461534291506,0.355521321297
0.435643553734,0.949494957924,0.108218111098,0.474271446466,0.366053342819
0.445544540882,0.949494957924,0.11038865149,0.48561128974,0.375222623348
0.45544552803,0.949494957924,0.112521544099,0.495501667261,0.382980108261
0.465346515179,0.949494957924,0.114613503218,0.503889024258,0.38927552104
0.475247502327,0.949494957924,0.116660967469,0.510717153549,0.394056200981
0.485148519278,0.949494957924,0.118660189211,0.515928864479,0.397268682718
0.495049506426,0.949494957924,0.120607130229,0.519464671612,0.398857533932
0.504950523376,0.949494957924,0.122497491539,0.521265804768,0.398768305779
0.51485145092,0.949494957924,0.124326691031,0.521273136139,0.396946430206
0.524752497673,0.949494957924,0.126089885831,0.519429266453,0.393339395523
0.534653484821,0.949494957924,0.127781897783,0.515679061413,0.38789716363
0.54455447197,0.949494957924,0.129397243261,0.509971916676,0.380574673414
0.554455459118,0.949494957924,0.130930140615,0.50226265192,0.371332526207
0.564356446266,0.949494957924,0.132374450564,0.492514938116,0.360140502453
0.574257433414,0.949494957924,0.133723706007,0.480703622103,0.346979916096
0.584158420563,0.949494957924,0.134971126914,0.466818898916,0.331847786903
0.594059407711,0.949494957924,0.136109530926,0.450871497393,0.314761966467
0.603960394859,0.949494957924,0.13713145256,0.432897806168,0.295766353607
0.613861382008,0.949494957924,0.138029038906,0.41296812892,0.274939090014
0.623762369156,0.949494957924,0.138794109225,0.391193151474,0.252399027348
0.633663415909,0.949494957924,0.13941821456,0.367732316256,0.228314101696
0.643564343452,0.949494957924,0.139892488718,0.342800050974,0.202907562256
0.653465390205,0.949494957924,0.140207871795,0.316666394472,0.176458522677
0.663366317749,0.949494957924,0.14035500586,0.28965601325,0.14930100739
0.673267364502,0.949494957924,0.140324264765,0.262136608362,0.121812343597
0.683168292046,0.949494957924,0.14010591805,0.23450383544,0.0943979173899
0.693069338799,0.949494957924,0.139690026641,0.207157880068,0.0674678534269
0.702970266342,0.949494957924,0.139066591859,0.180482238531,0.0414156466722
0.712871313095,0.949494957924,0.138225600123,0.154818743467,0.0165931433439
0.722772240639,0.949494957924,0.137157097459,0.130454242229,0.00670285522938
0.732673287392,0.949494957924,0.135851219296,0.107609324157,0.0282418951392
0.74257427454,0.949494957924,0.134298503399,0.0864373221993,0.0478611811996
0.752475261688,0.949494957924,0.132489651442,0.0670283362269,0.0654613152146
0.762376248837,0.949494957924,0.130415946245,0.0494176670909,0.0809982791543
0.772277235985,0.949494957924,0.128069251776,0.0335962548852,0.0944729968905
0.782178223133,0.949494957924,0.125442162156,0.0195213332772,0.105920828879
0.792079210281,0.949494957924,0.122528120875,0.00712634250522,0.115401774645
0.80198019743,0.949494957924,0.119321621954,-0.00367023143917,0.122991852462
0.811881184578,0.949494957924,0.11581838876,-0.0129585694522,0.128776952624
0.821782171726,0.949494957924,0.112015411258,-0.0208314228803,0.132846832275
0.831683158875,0.949494957924,0.107911214232,-0.0273816734552,0.135292887688
0.841584146023,0.949494957924,0.103505924344,-0.0326984189451,0.136204347014
0.851485133171,0.949494957924,0.0988015606999,-0.0368660241365,0.135667592287
0.861386120319,0.949494957924,0.0938019677997,-0.0399631634355,0.133765131235
0.871287107468,0.949494957924,0.0885129719973,-0.0420616790652,0.130574643612
0.881188154221,0.949494957924,0.0829426944256,-0.0432272292674,0.126169919968
0.891089081764,0.949494957924,0.0771013572812,-0.0435185357928,0.120619893074
0.900990128517,0.949494957924,0.0710012763739,-0.0429883077741,0.113989584148
0.910891115665,0.949494957924,0.064657241106,-0.0416826158762,0.106339856982
0.920792102814,0.949494957924,0.0580860041082,-0.0396419689059,0.0977279692888
0.930693089962,0.949494957924,0.0513066910207,-0.0369009971619,0.0882076919079
0.94059407711,0.949494957924,0.0443402715027,-0.0334896147251,0.0778298825026
0.950495064259,0.949494957924,0.037209585309,-0.0294316001236,0.0666411817074
0.960396051407,0.949494957924,0.0299393329769,-0.0247470289469,0.0546863600612
0.970297038555,0.949494957924,0.0225555300713,-0.019450886175,0.0420064181089
0.980198025703,0.949494957924,0.0150854587555,-0.0135542489588,0.0286397077143
0.990099012852,0.949494957924,0.00755728175864,-0.00706394203007,0.0146212242544
0.00990098994225,0.95959597826,0.00249539827928,-0.00494683813304,0.00744223641232
0.0198019798845,0.95959597826,0.0049907960929,-0.00918607600033,0.0141768716276
0.0297029688954,0.95959597826,0.00748619157821,-0.0131238112226,0.0206100028008
0.039603959769,0.95959597826,0.00998157914728,-0.0167223904282,0.0267039686441
0.0495049506426,0.95959597826,0.0124769518152,-0.0199410263449,0.0324179790914
0.0594059377909,0.95959597826,0.0149722890928,-0.0227350220084,0.0377073101699
0.0693069323897,0.95959597826,0.0174675695598,-0.0250554569066,0.0425230264664
0.079207919538,0.95959597826,0.0199627596885,-0.0268491152674,0.0468118749559
0.0891089066863,0.95959597826,0.0224578082561,-0.0280579645187,0.0505157709122
0.0990099012852,0.95959597826,0.0249526686966,-0.0286184679717,0.0535711348057
0.108910888433,0.95959597826,0.0274472627789,-0.0284622423351,0.0559095069766
0.118811875582,0.95959597826,0.0299414973706,-0.0275151096284,0.0574566051364
0.12871286273,0.95959597826,0.0324352607131,-0.0256968978792,0.0581321567297
0.138613864779,0.95959597826,0.0349284410477,-0.0229227356613,0.0578511767089
0.148514851928,0.95959597826,0.037420861423,-0.0191027540714,0.0565236136317
0.158415839076,0.95959597826,0.0399123579264,-0.0141433635727,0.0540557205677
0.168316826224,0.95959597826,0.0424027219415,-0.00794902723283,0.0503517501056
0.178217813373,0.95959597826,0.0448917113245,-0.000424996949732,0.0453167073429
0.188118815422,0.95959597826,0.0473790690303,0.00851953402162,0.0388595350087
0.19801980257,0.95959597826,0.0498644821346,0.0189664810896,0.030898001045
0.207920789719,0.95959597826,0.0523476041853,0.0309831164777,0.0213644877076
0.217821776867,0.95959597826,0.0548280589283,0.0446153096855,0.0102127492428
0.227722764015,0.95959597826,0.0573053918779,0.0598801895976,0.00257479771972
0.237623751163,0.95959597826,0.0597791522741,0.0767582133412,0.0169790610671
0.247524753213,0.95959597826,0.0622487850487,0.095187485218,0.0329387001693
0.25742572546,0.95959597826,0.0647137016058,0.115058384836,0.0503446832299
0.267326742411,0.95959597826,0.0671732649207,0.136214375496,0.0690411105752
0.277227729559,0.95959597826,0.069626763463,0.158453136683,0.0888263732195
0.287128716707,0.95959597826,0.0720733851194,0.181536883116,0.109463497996
0.297029703856,0.95959597826,0.0745122805238,0.205202758312,0.130690485239
0.306930691004,0.95959597826,0.0769425034523,0.229178518057,0.152236014605
0.316831678152,0.95959597826,0.0793630182743,0.253196209669,0.173833191395
0.3267326653,0.95959597826,0.0817727297544,0.277006745338,0.195234015584
0.336633652449,0.95959597826,0.0841703787446,0.300388276577,0.216217905283
0.346534639597,0.95959597826,0.0865546688437,0.323151886463,0.236597210169
0.356435626745,0.95959597826,0.0889241471887,0.345142394304,0.256218254566
0.366336613894,0.95959597826,0.0912772640586,0.366236299276,0.274959027767
0.376237630844,0.95959597826,0.0936123207211,0.386335581541,0.29272326827
0.386138617992,0.95959597826,0.0959274917841,0.405363082886,0.309435606003
0.396039605141,0.95959597826,0.098220795393,0.423255771399,0.325034976006
0.405940592289,0.95959597826,0.100490130484,0.439959585667,0.339469462633
0.415841579437,0.95959597826,0.102733194828,0.455425292253,0.352692097425
0.425742566586,0.95959597826,0.104947537184,0.469605773687,0.364658236504
0.435643553734,0.95959597826,0.107130490243,0.482453286648,0.375322788954
0.445544540882,0.95959597826,0.109279222786,0.493918687105,0.384639471769
0.45544552803,0.95959597826,0.111390680075,0.503950595856,0.392559915781
0.465346515179,0.95959597826,0.113461606205,0.512495458126,0.399033844471
0.475247502327,0.95959597826,0.115488499403,0.519497156143,0.40400865674
0.485148519278,0.95959597826,0.117467626929,0.524898290634,0.407430648804
0.495049506426,0.95959597826,0.119395002723,0.528639614582,0.409244596958
0.504950523376,0.95959597826,0.121266365051,0.53066110611,0.409394741058
0.51485145092,0.95959597826,0.123077176511,0.530903100967,0.407825917006
0.524752497673,0.95959597826,0.12482265383,0.529306411743,0.404483765364
0.534653484821,0.95959597826,0.126497656107,0.525814592838,0.399316936731
0.54455447197,0.95959597826,0.12809677422,0.520374298096,0.392277538776
0.554455459118,0.95959597826,0.129614263773,0.512937903404,0.383323639631
0.564356446266,0.95959597826,0.131044059992,0.503465533257,0.372421473265
0.574257433414,0.95959597826,0.132379755378,0.491927355528,0.359547615051
0.584158420563,0.95959597826,0.133614644408,0.478308737278,0.344694077969
0.594059407711,0.95959597826,0.134741604328,0.462613433599,0.327871829271
0.603960394859,0.95959597826,0.135753244162,0.444869726896,0.309116482735
0.613861382008,0.95959597826,0.136641815305,0.425137341022,0.288495540619
0.623762369156,0.95959597826,0.137399211526,0.403514772654,0.266115546227
0.633663415909,0.95959597826,0.13801702857,0.3801471591,0.242130130529
0.643564343452,0.95959597826,0.138486549258,0.355232864618,0.21674631536
0.653465390205,0.95959597826,0.138798758388,0.329025745392,0.190226987004
0.663366317749,0.95959597826,0.138944402337,0.301836937666,0.162892535329
0.673267364502,0.95959597826,0.138913974166,0.27402356267,0.135109588504
0.683168292046,0.95959597826,0.138697832823,0.245978116989,0.107280284166
0.693069338799,0.95959597826,0.138286113739,0.218104630709,0.0798185169697
0.702970266342,0.95959597826,0.137668952346,0.190798103809,0.0531291514635
0.712871313095,0.95959597826,0.136836409569,0.16441911459,0.0275827050209
0.722772240639,0.95959597826,0.13577863574,0.139277547598,0.0034989118576
0.732673287392,0.95959597826,0.134485900402,0.115618251264,0.018867649138
0.74257427454,0.95959597826,0.132948771119,0.0936190485954,0.0393297225237
0.752475261688,0.95959597826,0.131158098578,0.0733911693096,0.0577669292688
0.762376248837,0.95959597826,0.129105225205,0.054987706244,0.0741175189614
0.772277235985,0.95959597826,0.126782134175,0.0384132601321,0.0883688777685
0.782178223133,0.95959597826,0.124181441963,0.0236343927681,0.100547045469
0.792079210281,0.95959597826,0.121296688914,0.0105909816921,0.110705703497
0.80198019743,0.95959597826,0.118122413754,-0.000795690342784,0.11891810596
0.811881184578,0.95959597826,0.114654384553,-0.0106146149337,0.125268995762
0.821782171726,0.95959597826,0.11088963598,-0.018959581852,0.129849225283
0.831683158875,0.95959597826,0.106826677918,-0.0259252917022,0.132751971483
0.841584146023,0.95959597826,0.102465666831,-0.0316036865115,0.134069353342
0.851485133171,0.95959597826,0.0978085845709,-0.0360823571682,0.133890941739
0.861386120319,0.95959597826,0.0928592309356,-0.0394431874156,0.132302418351
0.871287107468,0.95959597826,0.0876234024763,-0.0417617745697,0.129385173321
0.881188154221,0.95959597826,0.0821090936661,-0.0431070625782,0.125216156244
0.891089081764,0.95959597826,0.0763264745474,-0.0435410887003,0.119867563248
0.900990128517,0.95959597826,0.0702876970172,-0.0431199073792,0.113407604396
0.910891115665,0.95959597826,0.0640074163675,-0.0418924614787,0.105899877846
0.920792102814,0.95959597826,0.0575022287667,-0.0399024561048,0.0974046885967
0.930693089962,0.95959597826,0.0507910475135,-0.0371869392693,0.0879779905081
0.94059407711,0.95959597826,0.0438946411014,-0.0337780937552,0.0776727348566
0.950495064259,0.95959597826,0.0368356183171,-0.0297024063766,0.0665380209684
0.960396051407,0.95959597826,0.0296384356916,-0.0249818023294,0.0546202361584
0.970297038555,0.95959597826,0.022328844294,-0.0196334850043,0.0419623292983
0.980198025703,0.95959597826,0.0149338459596,-0.0136697581038,0.0286036040634
0.990099012852,0.95959597826,0.00748132960871,-0.00709955953062,0.0145808886737
0.00990098994225,0.969696998596,0.00247031915933,-0.00496815238148,0.00743847154081
0.0198019798845,0.969696998596,0.00494063831866,-0.0092125562951,0.0141531946138
0.0297029688954,0.969696998596,0.00741095468402,-0.0131470663473,0.0205580219626
0.039603959769,0.969696998596,0.0098812635988,-0.0167330875993,0.0266143511981
0.0495049506426,0.969696998596,0.0123515566811,-0.0199282858521,0.0322798416018
0.0594059377909,0.969696998596,0.0148218153045,-0.022686496377,0.0375083126128
0.0693069323897,0.969696998596,0.0172920189798,-0.0249573402107,0.0422493591905
0.079207919538,0.969696998596,0.0197621304542,-0.0266859047115,0.0464480370283
0.0891089066863,0.969696998596,0.0222321040928,-0.0278118513525,0.0500439554453
0.0990099012852,0.969696998596,0.024701891467,-0.0282701291144,0.0529720187187
0.108910888433,0.969696998596,0.0271714143455,-0.0279897935688,0.0551612079144
0.118811875582,0.969696998596,0.0296405833215,-0.0268942378461,0.0565348193049
0.12871286273,0.969696998596,0.0321092866361,-0.0249013286084,0.0570106133819
0.138613864779,0.969696998596,0.0345774069428,-0.0219237804413,0.0565011873841
0.148514851928,0.969696998596,0.0370447784662,-0.0178695730865,0.0549143515527
0.158415839076,0.969696998596,0.0395112335682,-0.0126431779936,0.0521544106305
0.168316826224,0.969696998596,0.0419765710831,-0.00614797510207,0.0481245443225
0.178217813373,0.969696998596,0.0444405451417,0.00171163119376,0.0427289158106
0.188118815422,0.969696998596,0.0469029024243,0.0110255014151,0.0358773991466
0.19801980257,0.969696998596,0.0493633374572,0.0218735709786,0.0274897664785
0.207920789719,0.969696998596,0.0518215037882,0.0343193598092,0.0175021439791
0.217821776867,0.969696998596,0.0542770288885,0.0484028831124,0.00587414577603
0.227722764015,0.969696998596,0.056729465723,0.064132861793,0.00740339607
0.237623751163,0.969696998596,0.0591783672571,0.0814803168178,0.0223019495606
0.247524753213,0.969696998596,0.0616231746972,0.100371047854,0.0387478731573
0.25742572546,0.969696998596,0.0640633255243,0.120683915913,0.0566205903888
0.267326742411,0.969696998596,0.0664981752634,0.142249554396,0.0757513791323
0.277227729559,0.969696998596,0.0689270049334,0.164855778217,0.095928773284
0.287128716707,0.969696998596,0.0713490396738,0.188257187605,0.116908147931
0.297029703856,0.969696998596,0.073763422668,0.21218714118,0.138423711061
0.306930691004,0.969696998596,0.0761692225933,0.236373722553,0.16020449996
0.316831678152,0.969696998596,0.0785654112697,0.260553151369,0.181987732649
0.3267326653,0.969696998596,0.0809509083629,0.284483104944,0.203532189131
0.336633652449,0.969696998596,0.0833244547248,0.307950854301,0.224626392126
0.346534639597,0.969696998596,0.0856847912073,0.330776959658,0.24509216845
0.356435626745,0.969696998596,0.0880304500461,0.35281547904,0.264785021544
0.366336613894,0.969696998596,0.0903599113226,0.373950600624,0.2835906744
0.376237630844,0.969696998596,0.0926715061069,0.394091337919,0.301419824362
0.386138617992,0.969696998596,0.0949634164572,0.413165092468,0.31820166111
0.396039605141,0.969696998596,0.0972336679697,0.431112974882,0.333879292011
0.405940592289,0.969696998596,0.0994801968336,0.447883218527,0.348403036594
0.415841579437,0.969696998596,0.101700715721,0.463428407907,0.361727684736
0.425742566586,0.969696998596,0.103892803192,0.477702617645,0.373809814453
0.435643553734,0.969696998596,0.106053821743,0.490659028292,0.384605199099
0.445544540882,0.969696998596,0.108180955052,0.502248883247,0.394067943096
0.45544552803,0.969696998596,0.110271193087,0.512421250343,0.402150064707
0.465346515179,0.969696998596,0.112321309745,0.521122992039,0.408801674843
0.475247502327,0.969696998596,0.114327825606,0.528298199177,0.413970381021
0.485148519278,0.969696998596,0.116287067533,0.533889353275,0.417602300644
0.495049506426,0.969696998596,0.118195064366,0.537836909294,0.419641852379
0.504950523376,0.969696998596,0.120047621429,0.540080428123,0.420032799244
0.51485145092,0.969696998596,0.121840238571,0.540559530258,0.418719291687
0.524752497673,0.969696998596,0.123568169773,0.539213955402,0.415645778179
0.534653484821,0.969696998596,0.125226348639,0.535984992981,0.410758644342
0.54455447197,0.969696998596,0.126809388399,0.530817866325,0.404008477926
0.554455459118,0.969696998596,0.128311619163,0.523661971092,0.395350337029
0.564356446266,0.969696998596,0.129727050662,0.514474153519,0.384747087955
0.574257433414,0.969696998596,0.131049335003,0.503220677376,0.372171342373
0.584158420563,0.969696998596,0.132271796465,0.489881783724,0.357609987259
0.594059407711,0.969696998596,0.133387431502,0.474455237389,0.341067790985
0.603960394859,0.969696998596,0.134388908744,0.456961214542,0.322572290897
0.613861382008,0.969696998596,0.135268554091,0.437450051308,0.302181482315
0.623762369156,0.969696998596,0.136018335819,0.416008532047,0.279990196228
0.633663415909,0.969696998596,0.13662995398,0.392767578363,0.256137609482
0.643564343452,0.969696998596,0.137094736099,0.367910176516,0.230815440416
0.653465390205,0.969696998596,0.137403815985,0.341673851013,0.204270035028
0.663366317749,0.969696998596,0.13754799962,0.314354628325,0.176806628704
0.673267364502,0.969696998596,0.137517884374,0.286297500134,0.14877961576
0.683168292046,0.969696998596,0.137303903699,0.257888436317,0.120584532619
0.693069338799,0.969696998596,0.136896327138,0.229532599449,0.0926362723112
0.702970266342,0.969696998596,0.136285364628,0.201633751392,0.0653483867645
0.712871313095,0.969696998596,0.135461181402,0.1745685637,0.0391073822975
0.722772240639,0.969696998596,0.134414047003,0.14866861701,0.0142545700073
0.732673287392,0.969696998596,0.133134290576,0.124202899635,0.00893139094114
0.74257427454,0.969696998596,0.131612628698,0.101374000311,0.0302386283875
0.752475261688,0.969696998596,0.129839941859,0.0803160369396,0.0495239049196
0.762376248837,0.969696998596,0.127807706594,0.0611013993621,0.0667063072324
0.772277235985,0.969696998596,0.125507950783,0.0437498651445,0.081758081913
0.782178223133,0.969696998596,0.122933410108,0.0282395929098,0.0946938171983
0.792079210281,0.969696998596,0.120077639818,0.0145176034421,0.105560034513
0.80198019743,0.969696998596,0.116935268044,0.00250981003046,0.114425458014
0.811881184578,0.969696998596,0.113502092659,-0.00787122640759,0.121373318136
0.821782171726,0.969696998596,0.109775178134,-0.0167195051908,0.126494675875
0.831683158875,0.969696998596,0.105753056705,-0.0241309031844,0.129883959889
0.841584146023,0.969696998596,0.101435877383,-0.030200028792,0.131635904312
0.851485133171,0.969696998596,0.0968255996704,-0.0350173562765,0.131842955947
0.861386120319,0.969696998596,0.0919259861112,-0.0386680029333,0.130593985319
0.871287107468,0.969696998596,0.0867427736521,-0.0412311851978,0.12797395885
0.881188154221,0.969696998596,0.0812838971615,-0.0427794270217,0.124063327909
0.891089081764,0.969696998596,0.0755593851209,-0.0433780178428,0.118937402964
0.900990128517,0.969696998596,0.0695813000202,-0.043086104095,0.112667404115
0.910891115665,0.969696998596,0.0633641332388,-0.0419561676681,0.105320304632
0.920792102814,0.969696998596,0.0569243244827,-0.0400342792273,0.0969586074352
0.930693089962,0.969696998596,0.0502805933356,-0.0373608209193,0.0876414179802
0.94059407711,0.969696998596,0.0434534959495,-0.0339700952172,0.0774235874414
0.950495064259,0.969696998596,0.036465421319,-0.0298911873251,0.0663566067815
0.960396051407,0.969696998596,0.0293405670673,-0.0251482557505,0.0544888228178
0.970297038555,0.969696998596,0.0221044365317,-0.019759979099,0.0418644174933
0.980198025703,0.969696998596,0.0147837586701,-0.0137414513156,0.028525210917
0.990099012852,0.969696998596,0.00740614114329,-0.00710256397724,0.0145087055862
0.00990098994225,0.979797959328,0.00244549196213,-0.00498242210597,0.0074279140681
0.0198019798845,0.979797959328,0.00489098392427,-0.00922649726272,0.014117481187
0.0297029688954,0.979797959328,0.0073364735581,-0.0131519557908,0.0204884298146
0.039603959769,0.979797959328,0.00978195481002,-0.0167188085616,0.0265007633716
0.0495049506426,0.979797959328,0.0122274206951,-0.0198835432529,0.0321109630167
0.0594059377909,0.979797959328,0.0146728530526,-0.0225983466953,0.0372712016106
0.0693069323897,0.979797959328,0.0171182323247,-0.024811245501,0.0419294759631
0.079207919538,0.979797959328,0.0195635166019,-0.0264654718339,0.0460289865732
0.0891089066863,0.979797959328,0.0220086686313,-0.0274988580495,0.0495075285435
0.0990099012852,0.979797959328,0.0244536343962,-0.0278440713882,0.0522977039218
0.108910888433,0.979797959328,0.0268983375281,-0.0274281725287,0.0543265119195
0.118811875582,0.979797959328,0.0293426886201,-0.0261721014977,0.0555147901177
0.12871286273,0.979797959328,0.0317865796387,-0.0239916704595,0.0557782500982
0.138613864779,0.979797959328,0.0342298969626,-0.0207969546318,0.0550268515944
0.148514851928,0.979797959328,0.0366724692285,-0.0164941605181,0.0531666278839
0.158415839076,0.979797959328,0.0391141399741,-0.0109860226512,0.0501001626253
0.168316826224,0.979797959328,0.0415547005832,-0.00417498126626,0.0457296818495
0.178217813373,0.979797959328,0.0439939089119,0.0040346365422,0.0399592742324
0.188118815422,0.979797959328,0.0464315228164,0.0137316975743,0.0326998233795
0.19801980257,0.979797959328,0.0488672293723,0.0249932780862,0.0238739512861
0.207920789719,0.979797959328,0.0513006858528,0.0378785543144,0.0134221315384
0.217821776867,0.979797959328,0.0537315346301,0.0524208322167,0.00131070241332
0.227722764015,0.979797959328,0.0561593286693,0.0686200857162,0.0124607570469
0.237623751163,0.979797959328,0.0585836134851,0.0864364653826,0.0278528518975
0.247524753213,0.979797959328,0.0610038526356,0.105784110725,0.0447802580893
0.25742572546,0.979797959328,0.0634194761515,0.126529037952,0.063109561801
0.267326742411,0.979797959328,0.0658298581839,0.148490279913,0.0826604217291
0.277227729559,0.979797959328,0.0682342797518,0.171446442604,0.103212162852
0.287128716707,0.979797959328,0.0706319734454,0.195145279169,0.124513305724
0.297029703856,0.979797959328,0.073022082448,0.219318151474,0.146296069026
0.306930691004,0.979797959328,0.0754037052393,0.243694245815,0.168290540576
0.316831678152,0.979797959328,0.0777758136392,0.268015533686,0.190239727497
0.3267326653,0.979797959328,0.080137334764,0.292047381401,0.211910039186
0.336633652449,0.979797959328,0.0824870318174,0.315586179495,0.233099147677
0.346534639597,0.979797959328,0.0848236382008,0.33846244216,0.253638803959
0.356435626745,0.979797959328,0.0871457234025,0.36053904891,0.273393332958
0.366336613894,0.979797959328,0.0894517824054,0.381707876921,0.292256087065
0.376237630844,0.979797959328,0.0917401388288,0.401884138584,0.310144007206
0.386138617992,0.979797959328,0.0940090119839,0.421000003815,0.326990991831
0.396039605141,0.979797959328,0.0962564498186,0.438999414444,0.342742979527
0.405940592289,0.979797959328,0.0984804034233,0.455833405256,0.357353001833
0.415841579437,0.979797959328,0.100678600371,0.471455901861,0.370777308941
0.425742566586,0.979797959328,0.102848663926,0.485822051764,0.382973372936
0.435643553734,0.979797959328,0.104987956583,0.498885661364,0.393897712231
0.445544540882,0.979797959328,0.107093721628,0.510598540306,0.403504818678
0.45544552803,0.979797959328,0.109162949026,0.52091050148,0.411747545004
0.465346515179,0.979797959328,0.111192464828,0.529768288136,0.418575823307
0.475247502327,0.979797959328,0.113178811967,0.537116646767,0.423937827349
0.485148519278,0.979797959328,0.115118354559,0.542897760868,0.427779406309
0.495049506426,0.979797959328,0.117007188499,0.5470520854,0.43004488945
0.504950523376,0.979797959328,0.118841126561,0.549519240856,0.430678129196
0.51485145092,0.979797959328,0.120615713298,0.55023765564,0.429621934891
0.524752497673,0.979797959328,0.122326292098,0.549145817757,0.42681953311
0.534653484821,0.979797959328,0.123967804015,0.546184360981,0.422216564417
0.54455447197,0.979797959328,0.125534936786,0.541295826435,0.415760874748
0.554455459118,0.979797959328,0.127022072673,0.534427344799,0.407405257225
0.564356446266,0.979797959328,0.128423273563,0.525532782078,0.397109508514
0.574257433414,0.979797959328,0.129732266068,0.514574766159,0.384842514992
0.584158420563,0.979797959328,0.130942434072,0.501528501511,0.370586067438
0.594059407711,0.979797959328,0.132046863437,0.486386030912,0.354339182377
0.603960394859,0.979797959328,0.133038282394,0.469160348177,0.336122065783
0.613861382008,0.979797959328,0.133909076452,0.449892729521,0.315983653069
0.623762369156,0.979797959328,0.134651318192,0.428658872843,0.294007539749
0.633663415909,0.979797959328,0.135256782174,0.405576467514,0.270319700241
0.643564343452,0.979797959328,0.135716915131,0.380813032389,0.245096117258
0.653465390205,0.979797959328,0.136022880673,0.354590147734,0.21856726706
0.663366317749,0.979797959328,0.136165618896,0.327187240124,0.191021621227
0.673267364502,0.979797959328,0.136135801673,0.298936277628,0.162800475955
0.683168292046,0.979797959328,0.135923966765,0.270213991404,0.134290024638
0.693069338799,0.979797959328,0.135520488024,0.241423547268,0.105903059244
0.702970266342,0.979797959328,0.134915679693,0.212974399328,0.078058719635
0.712871313095,0.979797959328,0.134099781513,0.18525660038,0.0511568188667
0.722772240639,0.979797959328,0.133063167334,0.158621549606,0.0255583822727
0.732673287392,0.979797959328,0.131796270609,0.133362293243,0.00156602263451
0.74257427454,0.979797959328,0.130289897323,0.109705619514,0.0205842778087
0.752475261688,0.979797959328,0.128535047174,0.0878101363778,0.0407249107957
0.762376248837,0.979797959328,0.126523211598,0.067768856883,0.0587543547153
0.772277235985,0.979797959328,0.124246574938,0.0496186241508,0.0746279507875
0.782178223133,0.979797959328,0.121697895229,0.0333507806063,0.0883471146226
0.792079210281,0.979797959328,0.118870839477,0.0189210064709,0.099949836731
0.80198019743,0.979797959328,0.115760050714,0.00626109726727,0.109498955309
0.811881184578,0.979797959328,0.112361378968,-0.00471358466893,0.117074966431
0.821782171726,0.979797959328,0.108671918511,-0.0140964854509,0.1227684021
0.831683158875,0.979797959328,0.104690223932,-0.0219843052328,0.12667453289
0.841584146023,0.979797959328,0.100416429341,-0.0284738261253,0.128890261054
0.851485133171,0.979797959328,0.0958524793386,-0.0336581543088,0.129510641098
0.861386120319,0.979797959328,0.0910021141171,-0.0376258045435,0.128627926111
0.871287107468,0.979797959328,0.085870988667,-0.0404591485858,0.126330137253
0.881188154221,0.979797959328,0.0804669708014,-0.0422340855002,0.122701056302
0.891089081764,0.979797959328,0.0747999995947,-0.043019682169,0.117819681764
0.900990128517,0.979797959328,0.068881995976,-0.0428783595562,0.111760355532
0.910891115665,0.979797959328,0.0627273097634,-0.0418654829264,0.10459279269
0.920792102814,0.979797959328,0.056352224201,-0.0400303155184,0.0963825434446
0.930693089962,0.979797959328,0.0497752614319,-0.037415932864,0.0871911942959
0.94059407711,0.979797959328,0.0430167801678,-0.034059561789,0.0770763456821
0.950495064259,0.979797959328,0.03609893471,-0.0299924351275,0.0660913735628
0.960396051407,0.979797959328,0.029045689851,-0.0252411589026,0.0542868487537
0.970297038555,0.979797959328,0.02188228257,-0.01982649602,0.04170877859
0.980198025703,0.979797959328,0.0146351801232,-0.0137651683763,0.0284003484994
0.990099012852,0.979797959328,0.00733170798048,-0.00706916302443,0.0144008714706
0.00990098994225,0.989898979664,0.00242091435939,-0.00498884823173,0.00740976259112
0.0198019798845,0.989898979664,0.00484182871878,-0.00922705233097,0.0140688810498
0.0297029688954,0.989898979664,0.00726274074987,-0.0131371840835,0.0203999243677
0.039603959769,0.989898979664,0.00968364439905,-0.0166782550514,0.0263618994504
0.0495049506426,0.989898979664,0.0121045336127,-0.0198050513864,0.0319095849991
0.0594059377909,0.989898979664,0.0145253874362,-0.0224686674774,0.0369940549135
0.0693069323897,0.989898979664,0.0169461891055,-0.0246150605381,0.0415612496436
0.079207919538,0.989898979664,0.0193669013679,-0.0261856205761,0.045552521944
0.0891089066863,0.989898979664,0.0217874795198,-0.0271163117141,0.0489037930965
0.0990099012852,0.989898979664,0.0242078714073,-0.0273377411067,0.051545612514
0.108910888433,0.989898979664,0.026628004387,-0.0267743840814,0.0534023866057
0.118811875582,0.989898979664,0.0290477890521,-0.0253455601633,0.054393351078
0.12871286273,0.989898979664,0.0314671210945,-0.0229641515762,0.0544312745333
0.138613864779,0.989898979664,0.0338858813047,-0.0195385608822,0.0534244403243
0.148514851928,0.989898979664,0.0363039076328,-0.0149727538228,0.0512766614556
0.158415839076,0.989898979664,0.038721036166,-0.00916835851967,0.0478893965483
0.168316826224,0.989898979664,0.0411370657384,-0.00202681496739,0.0431638807058
0.178217813373,0.989898979664,0.043551761657,0.00654697790742,0.0370047837496
0.188118815422,0.989898979664,0.0459648743272,0.0166404023767,0.0293244719505
0.19801980257,0.989898979664,0.0483761020005,0.0283273421228,0.0200487598777
0.207920789719,0.989898979664,0.0507851094007,0.0416614711285,0.00912363827229
0.217821776867,0.989898979664,0.053191523999,0.0566686689854,0.00347714498639
0.227722764015,0.989898979664,0.0555949136615,0.0733396783471,0.0177447646856
0.237623751163,0.989898979664,0.057994838804,0.091622941196,0.033628102392
0.247524753213,0.989898979664,0.0603907518089,0.111420579255,0.0510298274457
0.25742572546,0.989898979664,0.0627820938826,0.132586091757,0.0698039978743
0.267326742411,0.989898979664,0.0651682466269,0.154927790165,0.0897595435381
0.277227729559,0.989898979664,0.0675485134125,0.178214788437,0.110666275024
0.287128716707,0.989898979664,0.0699221044779,0.202190518379,0.132268413901
0.297029703856,0.989898979664,0.0722882002592,0.226584553719,0.154296353459
0.306930691004,0.989898979664,0.074645884335,0.251129597425,0.176483720541
0.316831678152,0.989898979664,0.076994150877,0.275573581457,0.19857943058
0.3267326653,0.989898979664,0.0793319419026,0.299690574408,0.220358639956
0.336633652449,0.989898979664,0.0816580206156,0.32328659296,0.241628572345
0.346534639597,0.989898979664,0.0839711502194,0.346201777458,0.262230634689
0.356435626745,0.989898979664,0.0862699002028,0.368307769299,0.282037854195
0.366336613894,0.989898979664,0.0885527729988,0.389503538609,0.30095076561
0.376237630844,0.989898979664,0.0908181369305,0.409710139036,0.318892002106
0.386138617992,0.989898979664,0.093064211309,0.42886403203,0.335799813271
0.396039605141,0.989898979664,0.0952890589833,0.44691208005,0.351623028517
0.405940592289,0.989898979664,0.0974906608462,0.463807106018,0.366316437721
0.415841579437,0.989898979664,0.0996667668223,0.479504823685,0.379838049412
0.425742566586,0.989898979664,0.101815015078,0.493961006403,0.392145991325
0.435643553734,0.989898979664,0.103932805359,0.507130146027,0.403197348118
0.445544540882,0.989898979664,0.106017403305,0.518964827061,0.412947416306
0.45544552803,0.989898979664,0.108065843582,0.529414892197,0.421349048615
0.465346515179,0.989898979664,0.110074959695,0.538427889347,0.428352922201
0.475247502327,0.989898979664,0.112041346729,0.545948445797,0.433907091618
0.485148519278,0.989898979664,0.113961406052,0.551919460297,0.437958061695
0.495049506426,0.989898979664,0.115831241012,0.556281149387,0.440449893475
0.504950523376,0.989898979664,0.117646753788,0.558972299099,0.441325545311
0.51485145092,0.989898979664,0.119403511286,0.559931516647,0.440528005362
0.524752497673,0.989898979664,0.121096894145,0.559096217155,0.437999308109
0.534653484821,0.989898979664,0.122721903026,0.5564057827,0.433683872223
0.54455447197,0.989898979664,0.12427328527,0.551800847054,0.427527546883
0.554455459118,0.989898979664,0.125745475292,0.54522639513,0.419480919838
0.564356446266,0.989898979664,0.127132594585,0.536633074284,0.409500479698
0.574257433414,0.989898979664,0.128428429365,0.525980293751,0.397551864386
0.584158420563,0.989898979664,0.129626452923,0.513238787651,0.383612334728
0.594059407711,0.989898979664,0.130719780922,0.498394936323,0.367675155401
0.603960394859,0.989898979664,0.131701231003,0.481455236673,0.349754005671
0.613861382008,0.989898979664,0.132563278079,0.46245226264,0.329888999462
0.623762369156,0.989898979664,0.133298054338,0.441451072693,0.308153033257
0.633663415909,0.989898979664,0.133897423744,0.418557107449,0.284659683704
0.643564343452,0.989898979664,0.134352937341,0.393923103809,0.25957018137
0.653465390205,0.989898979664,0.134655833244,0.367754220963,0.233098387718
0.663366317749,0.989898979664,0.134797126055,0.340313434601,0.205516308546
0.673267364502,0.989898979664,0.134767606854,0.311917752028,0.177150145173
0.683168292046,0.989898979664,0.134557902813,0.282933264971,0.148375362158
0.693069338799,0.989898979664,0.134158492088,0.253757596016,0.119599103928
0.702970266342,0.989898979664,0.133559733629,0.224803179502,0.0912434458733
0.712871313095,0.989898979664,0.132752045989,0.196470558643,0.0637185126543
0.722772240639,0.989898979664,0.131725847721,0.169128537178,0.0374026894569
0.732673287392,0.989898979664,0.13047170639,0.143092900515,0.0126211941242
0.74257427454,0.989898979664,0.128980457783,0.11861538142,0.0103650763631
0.752475261688,0.989898979664,0.127243235707,0.0958787500858,0.0313644856215
0.762376248837,0.989898979664,0.125251635909,0.0749986469746,0.0502529889345
0.772277235985,0.989898979664,0.122997865081,0.0560305938125,0.0669672712684
0.782178223133,0.989898979664,0.120474822819,0.0389805920422,0.0814942270517
0.792079210281,0.989898979664,0.11767616868,0.0238151587546,0.0938610136509
0.80198019743,0.989898979664,0.114596635103,0.0104729570448,0.104123681784
0.811881184578,0.989898979664,0.111232124269,-0.00112672895193,0.112358853221
0.821782171726,0.989898979664,0.107579745352,-0.0110757127404,0.118655458093
0.831683158875,0.989898979664,0.103638067842,-0.0194713547826,0.123109422624
0.841584146023,0.989898979664,0.0994072258472,-0.0264114327729,0.125818654895
0.851485133171,0.989898979664,0.0948891490698,-0.0319918952882,0.126881048083
0.861386120319,0.989898979664,0.0900875255466,-0.0363041982055,0.126391723752
0.871287107468,0.989898979664,0.0850079730153,-0.0394340753555,0.124442048371
0.881188154221,0.989898979664,0.0796582698822,-0.0414606779814,0.121118947864
0.891089081764,0.989898979664,0.074048243463,-0.0424566306174,0.116504877806
0.900990128517,0.989898979664,0.0681897178292,-0.0424875542521,0.110677272081
0.910891115665,0.989898979664,0.0620968937874,-0.0416121557355,0.103709049523
0.920792102814,0.989898979664,0.0557858757675,-0.0398829765618,0.0956688523293
0.930693089962,0.989898979664,0.0492750145495,-0.0373457036912,0.0866207182407
0.94059407711,0.989898979664,0.0425844565034,-0.0340401679277,0.0766246244311
0.950495064259,0.989898979664,0.0357361324131,-0.0300005879253,0.0657367184758
0.960396051407,0.989898979664,0.0287537761033,-0.0252555087209,0.0540092848241
0.970297038555,0.989898979664,0.0216623600572,-0.0198279842734,0.0414903461933
0.980198025703,0.989898979664,0.014488093555,-0.0137366577983,0.0282247513533
0.990099012852,0.989898979664,0.00725802313536,-0.00699540879577,0.0142534319311
0.00990098994225,1,0.00239658402279,-0.00498660840094,0.00738319242373
0.0198019798845,1,0.00479316804558,-0.00921303406358,0.0140062021092
0.0297029688954,1,0.0071897492744,-0.0131016327068,0.0202913824469
0.039603959769,1,0.00958632305264,-0.0166101455688,0.0261964686215
0.0495049506426,1,0.0119828814641,-0.019691709429,0.0316745899618
0.0594059377909,1,0.0143794072792,-0.0222956966609,0.0366751030087
0.0693069323897,1,0.0167758781463,-0.0243666730821,0.041142553091
0.079207919538,1,0.0191722605377,-0.025844104588,0.0450163632631
0.0891089066863,1,0.0215685106814,-0.0266618579626,0.048230368644
0.0990099012852,1,0.0239645782858,-0.0267483219504,0.0507128983736
0.108910888433,1,0.0263603888452,-0.0260257460177,0.0523861348629
0.118811875582,1,0.0287558566779,-0.0244114305824,0.0531672872603
0.12871286273,1,0.0311508718878,-0.02181574516,0.0529666170478
0.138613864779,1,0.0335453227162,-0.0181451588869,0.0516904816031
0.148514851928,1,0.0359390489757,-0.013302039355,0.0492410883307
0.158415839076,1,0.0383318848908,-0.00718677882105,0.0455186627805
0.168316826224,1,0.0407236367464,0.000299716368318,0.0404239222407
0.178217813373,1,0.0431140623987,0.00925156101584,0.0338625013828
0.188118815422,1,0.045502923429,0.0197539664805,0.0257489569485
0.19801980257,1,0.0478899218142,0.0318769738078,0.0160129480064
0.207920789719,1,0.0502747148275,0.0456680655479,0.00460664927959
0.217821776867,1,0.0526569448411,0.061144888401,0.00848794355989
0.227722764015,1,0.0550361797214,0.0782881826162,0.0232520028949
0.237623751163,1,0.0574119836092,0.097034715116,0.0396227315068
0.247524753213,1,0.0597838200629,0.117273725569,0.0574899055064
0.25742572546,1,0.0621511302888,0.138846933842,0.0766957998276
0.267326742411,1,0.0645133033395,0.161551713943,0.097038410604
0.277227729559,1,0.0668696388602,0.185150235891,0.118280597031
0.287128716707,1,0.0692193806171,0.209381341934,0.140161961317
0.297029703856,1,0.0715616941452,0.233975440264,0.162413746119
0.306930691004,1,0.0738956853747,0.258669137955,0.184773445129
0.316831678152,1,0.0762203559279,0.283217608929,0.20699724555
0.3267326653,1,0.0785346403718,0.307403951883,0.228869318962
0.336633652449,1,0.0808373466134,0.331044316292,0.250206977129
0.346534639597,1,0.0831272304058,0.353988051414,0.270860821009
0.356435626745,1,0.0854028761387,0.37611541152,0.290712535381
0.366336613894,1,0.0876628160477,0.397332400084,0.309669584036
0.376237630844,1,0.0899054035544,0.417564868927,0.327659457922
0.386138617992,1,0.0921289026737,0.436753153801,0.344624251127
0.396039605141,1,0.0943313911557,0.45484700799,0.360515624285
0.405940592289,1,0.0965108647943,0.471801072359,0.375290215015
0.415841579437,1,0.0986651033163,0.48757186532,0.388906776905
0.425742566586,1,0.100791759789,0.502116262913,0.401324510574
0.435643553734,1,0.102888271213,0.515389144421,0.412500858307
0.445544540882,1,0.104951918125,0.527343869209,0.422391951084
0.45544552803,1,0.106979764998,0.5379306674,0.430950909853
0.465346515179,1,0.108968697488,0.547097504139,0.4381287992
0.475247502327,1,0.110915318131,0.554789483547,0.443874180317
0.485148519278,1,0.112816073,0.56094956398,0.44813349843
0.495049506426,1,0.114667125046,0.565518021584,0.450850903988
0.504950523376,1,0.116464391351,0.56843405962,0.45196968317
0.51485145092,1,0.118203490973,0.569635272026,0.451431781054
0.524752497673,1,0.119879856706,0.569058775902,0.449178934097
0.534653484821,1,0.121488533914,0.566642224789,0.445153683424
0.54455447197,1,0.123024322093,0.562325060368,0.439300745726
0.554455459118,1,0.124481722713,0.556050240993,0.43156850338
0.564356446266,1,0.125854894519,0.547765612602,0.421910703182
0.574257433414,1,0.127137705684,0.53742736578,0.410289645195
0.584158420563,1,0.128323689103,0.525001823902,0.3966781497
0.594059407711,1,0.129406020045,0.510470271111,0.381064236164
0.603960394859,1,0.130377605557,0.493832856417,0.363455235958
0.613861382008,1,0.131230995059,0.475114107132,0.343883097172
0.623762369156,1,0.131958395243,0.454369485378,0.322411090136
0.633663415909,1,0.13255174458,0.431692242622,0.299140512943
0.643564343452,1,0.133002668619,0.40722104907,0.274218380451
0.653465390205,1,0.133302509785,0.381145000458,0.247842490673
0.663366317749,1,0.133442401886,0.353710532188,0.220268130302
0.673267364502,1,0.133413180709,0.325218856335,0.191805675626
0.683168292046,1,0.133205592632,0.296022802591,0.162817209959
0.693069338799,1,0.132810175419,0.266512900591,0.133702725172
0.702970266342,1,0.13221745193,0.237100690603,0.104883238673
0.712871313095,1,0.131417870522,0.208194643259,0.0767767727375
0.722772240639,1,0.130401983857,0.180178523064,0.0497765392065
0.732673287392,1,0.129160448909,0.153388738632,0.0242282897234
0.74257427454,1,0.127684190869,0.128101617098,0.000417426228523
0.752475261688,1,0.125964432955,0.104524731636,0.0214397013187
0.762376248837,1,0.123992845416,0.0827974230051,0.041195422411
0.772277235985,1,0.121761724353,0.0629953145981,0.0587664097548
0.782178223133,1,0.119264036417,0.0451410040259,0.0741230323911
0.792079210281,1,0.11649351567,0.0292133428156,0.0872801691294
0.80198019743,1,0.113444939256,0.0151593852788,0.0982855558395
0.811881184578,1,0.110114231706,0.00290367379785,0.107210561633
0.821782171726,1,0.106498554349,-0.00764312501997,0.1141416803
0.831683158875,1,0.102596491575,-0.0165778063238,0.119174301624
0.841584146023,1,0.0984081700444,-0.0239993799478,0.12240754813
0.851485133171,1,0.0939355045557,-0.0300057008862,0.123941205442
0.861386120319,1,0.089182138443,-0.0346911177039,0.123873256147
0.871287107468,1,0.08415363729,-0.03814445436,0.12229809165
0.881188154221,1,0.0788576975465,-0.0404483191669,0.119306012988
0.891089081764,1,0.0733040496707,-0.0416785366833,0.114982590079
0.900990128517,1,0.0675044059753,-0.0419043898582,0.109408795834
0.910891115665,1,0.0614728108048,-0.0411878116429,0.102660626173
0.920792102814,1,0.0552252195776,-0.0395843237638,0.0948095470667
0.930693089962,1,0.048779796809,-0.037142727524,0.085922524333
0.94059407711,1,0.0421564765275,-0.033905506134,0.0760619789362
0.950495064259,1,0.0353769809008,-0.0299095623195,0.0652865469456
0.960396051407,1,0.0284647960216,-0.0251857228577,0.0536505207419
0.970297038555,1,0.0214446522295,-0.0197595190257,0.0412041693926
0.980198025703,1,0.0143424868584,-0.0136515069753,0.0279939938337
0.990099012852,1,0.00718507962301,-0.00687725190073,0.0140623319894
